School,Divisions,Sports,academic_rating,unitid,institution,usnews_rank,usnews_category,legs_used,inputs_used
Abilene Christian,NCAA D1,womens,5.6,222178,Abilene Christian University,329,National Universities,intake+outcome+resources,"sat,grad6,spend,faculty_ft,endowment,class_size"
Air Force,NCAA D1,mens+womens,8.8,128328,United States Air Force Academy,5,National Liberal Arts Colleges,intake+outcome+resources,"sat,grad6,spend,faculty_ft,endowment,class_size"
Akron,NCAA D1,mens+womens,3.3,200800,University of Akron Main Campus,373,National Universities,intake+outcome+resources,"sat,grad6,spend,faculty_ft,endowment,class_size"
Alabama,NCAA D1,womens,6.7,100751,The University of Alabama,169,National Universities,intake+outcome+resources,"sat,grad6,spend,faculty_ft,endowment,class_size"
Alabama A&M,NCAA D1,womens,1.7,100654,Alabama A & M University,96,Regional Universities South,intake+outcome+resources,"sat,grad6,spend,faculty_ft,class_size"
Alabama State,NCAA D1,womens,2.5,100724,Alabama State University,395-434,National Universities,intake+outcome+resources,"sat,grad6,spend,faculty_ft,endowment,class_size"
Albany,NCAA D1,mens+womens,6.0,196060,University at Albany,127,National Universities,intake+outcome+resources,"sat,grad6,spend,faculty_ft,endowment,class_size"
Alcorn State,NCAA D1,womens,2.8,175342,Alcorn State University,45,Regional Universities South,intake+outcome+resources,"sat,grad6,spend,faculty_ft,endowment,class_size"
American,NCAA D1,mens+womens,8.2,131159,American University,88,National Universities,intake+outcome+resources,"sat,grad6,spend,faculty_ft,endowment,class_size"
Appalachian State,NCAA D1,womens,5.9,197869,Appalachian State University,3,Regional Universities South,intake+outcome+resources,"sat,grad6,spend,faculty_ft,endowment,class_size"
Arizona,NCAA D1,womens,6.6,104179,University of Arizona,127,National Universities,intake+outcome+resources,"sat,grad6,spend,faculty_ft,endowment,class_size"
Arizona State,NCAA D1,womens,6.5,104151,Arizona State University Campus Immersion,117,National Universities,intake+outcome+resources,"sat,grad6,spend,faculty_ft,endowment,class_size"
Arkansas,NCAA D1,womens,5.8,106397,University of Arkansas,183,National Universities,intake+outcome+resources,"sat,grad6,spend,faculty_ft,endowment,class_size"
Arkansas State,NCAA D1,womens,3.6,106458,Arkansas State University,352,National Universities,intake+outcome+resources,"sat,grad6,spend,faculty_ft,endowment,class_size"
Arkansas-Pine Bluff,NCAA D1,womens,2.8,106412,University of Arkansas at Pine Bluff,19,Regional Colleges South,intake+outcome+resources,"sat,grad6,spend,faculty_ft,endowment,class_size"
Army,NCAA D1,womens,9.0,197036,United States Military Academy,10,National Liberal Arts Colleges,intake+outcome+resources,"sat,grad6,spend,faculty_ft,class_size"
Army West Point,NCAA D1,mens,9.0,197036,United States Military Academy,10,National Liberal Arts Colleges,intake+outcome+resources,"sat,grad6,spend,faculty_ft,class_size"
Auburn,NCAA D1,womens,7.3,100858,Auburn University,102,National Universities,intake+outcome+resources,"sat,grad6,spend,faculty_ft,endowment,class_size"
Austin Peay,NCAA D1,womens,3.3,219602,Austin Peay State University,37,Regional Universities South,intake+outcome+resources,"sat,grad6,spend,faculty_ft,endowment,class_size"
Ball State,NCAA D1,womens,5.2,150136,Ball State University,213,National Universities,intake+outcome+resources,"sat,grad6,spend,faculty_ft,endowment,class_size"
Baylor,NCAA D1,womens,7.8,223232,Baylor University,88,National Universities,intake+outcome+resources,"sat,grad6,spend,faculty_ft,endowment,class_size"
Bellarmine,NCAA D1,mens+womens,5.7,156286,Bellarmine University,301,National Universities,intake+outcome+resources,"sat,grad6,spend,faculty_ft,endowment,class_size"
Belmont,NCAA D1,mens+womens,7.1,219709,Belmont University,213,National Universities,intake+outcome+resources,"sat,grad6,spend,faculty_ft,endowment,class_size"
Binghamton,NCAA D1,mens+womens,7.8,196079,Binghamton University,73,National Universities,intake+outcome+resources,"sat,grad6,spend,faculty_ft,endowment,class_size"
Boise State,NCAA D1,womens,3.9,142115,Boise State University,301,National Universities,outcome+resources,"grad6,spend,faculty_ft,endowment,class_size"
Boston College,NCAA D1,mens+womens,9.0,164924,Boston College,36,National Universities,intake+outcome+resources,"sat,grad6,spend,faculty_ft,endowment,class_size"
Boston University,NCAA D1,mens+womens,9.0,164988,Boston University,42,National Universities,intake+outcome+resources,"sat,grad6,spend,faculty_ft,endowment,class_size"
Bowling Green,NCAA D1,mens+womens,4.7,201441,Bowling Green State University-Main Campus,293,National Universities,intake+outcome+resources,"sat,grad6,spend,faculty_ft,endowment,class_size"
Bradley,NCAA D1,mens,7.5,143358,Bradley University,183,National Universities,outcome+resources,"grad6,spend,faculty_ft,endowment,class_size"
Brown,NCAA D1,mens+womens,9.7,217156,Brown University,13,National Universities,intake+outcome+resources,"sat,grad6,spend,faculty_ft,endowment,class_size"
Bryant,NCAA D1,mens+womens,6.9,217165,Bryant University,5,Regional Universities North,intake+outcome+resources,"sat,grad6,spend,faculty_ft,endowment,class_size"
Bucknell,NCAA D1,mens+womens,9.1,211291,Bucknell University,30,National Liberal Arts Colleges,intake+outcome+resources,"sat,grad6,spend,faculty_ft,endowment,class_size"
Buffalo,NCAA D1,womens,7.7,196088,University at Buffalo,75,National Universities,intake+outcome+resources,"sat,grad6,spend,faculty_ft,endowment,class_size"
Butler,NCAA D1,mens+womens,7.9,150163,Butler University,1,Regional Universities Midwest,intake+outcome+resources,"sat,grad6,spend,faculty_ft,endowment,class_size"
BYU,NCAA D1,womens,8.0,230038,Brigham Young University,110,National Universities,intake+outcome+resources,"sat,grad6,spend,faculty_ft,endowment,class_size"
Cal Poly,NCAA D1,mens+womens,7.2,110422,California Polytechnic State University-San Luis Obispo,1,Regional Universities West,intake+outcome+resources,"sat,grad6,spend,faculty_ft,endowment,class_size"
Cal State Bakersfield,NCAA D1,mens+womens,2.4,110486,California State University-Bakersfield,31,Regional Universities West,intake+outcome+resources,"sat,grad6,spend,faculty_ft,endowment,class_size"
Cal State Fullerton,NCAA D1,mens+womens,3.1,110565,California State University-Fullerton,139,National Universities,intake+outcome+resources,"sat,grad6,spend,faculty_ft,endowment,class_size"
Cal State Northridge,NCAA D1,womens,3.2,110608,California State University-Northridge,20,Regional Universities West,outcome+resources,"grad6,spend,faculty_ft,endowment,class_size"
California,NCAA D1,mens+womens,8.1,110635,University of California-Berkeley,15,National Universities,outcome+resources,"grad6,spend,faculty_ft,endowment,class_size"
California Baptist,NCAA D1,mens+womens,4.2,110361,California Baptist University,33,Regional Universities West,outcome+resources,"grad6,spend,faculty_ft,endowment,class_size"
Campbell,NCAA D1,mens+womens,5.6,198136,Campbell University,343,National Universities,intake+outcome+resources,"sat,grad6,spend,faculty_ft,endowment,class_size"
Canisius,NCAA D1,mens+womens,6.2,189705,Canisius University,32,Regional Universities North,outcome+resources,"grad6,spend,faculty_ft,endowment,class_size"
Central Arkansas,NCAA D1,mens+womens,4.0,106704,University of Central Arkansas,363,National Universities,intake+outcome+resources,"sat,grad6,spend,faculty_ft,endowment,class_size"
Central Connecticut,NCAA D1,mens+womens,3.4,128771,Central Connecticut State University,76,Regional Universities North,intake+outcome+resources,"sat,grad6,spend,faculty_ft,endowment,class_size"
Central Michigan,NCAA D1,womens,4.0,169248,Central Michigan University,283,National Universities,intake+outcome+resources,"sat,grad6,spend,faculty_ft,endowment,class_size"
Charleston,NCAA D1,mens+womens,5.8,217819,College of Charleston,9,Regional Universities South,intake+outcome+resources,"sat,grad6,spend,faculty_ft,endowment,class_size"
Charleston Southern,NCAA D1,womens,3.0,217688,Charleston Southern University,70,Regional Universities South,intake+outcome+resources,"sat,grad6,spend,faculty_ft,endowment,class_size"
Charlotte,NCAA D1,mens+womens,6.0,199139,University of North Carolina at Charlotte,143,National Universities,intake+outcome+resources,"sat,grad6,spend,faculty_ft,endowment,class_size"
Chattanooga,NCAA D1,womens,4.1,221740,The University of Tennessee-Chattanooga,329,National Universities,intake+outcome+resources,"sat,grad6,spend,faculty_ft,endowment,class_size"
Chicago State,NCAA D1,mens+womens,4.9,144005,Chicago State University,145-160,Regional Universities Midwest,outcome+resources,"grad6,spend,faculty_ft,endowment,class_size"
Cincinnati,NCAA D1,womens,6.9,201885,University of Cincinnati-Main Campus,158,National Universities,intake+outcome+resources,"sat,grad6,spend,faculty_ft,endowment,class_size"
Clemson,NCAA D1,mens+womens,8.1,217882,Clemson University,75,National Universities,intake+outcome+resources,"sat,grad6,spend,faculty_ft,endowment,class_size"
Cleveland State,NCAA D1,mens+womens,4.5,202134,Cleveland State University,343,National Universities,outcome+resources,"grad6,spend,faculty_ft,endowment,class_size"
Coastal Carolina,NCAA D1,mens+womens,4.1,218724,Coastal Carolina University,33,Regional Universities South,intake+outcome+resources,"sat,grad6,spend,faculty_ft,endowment,class_size"
Colgate,NCAA D1,mens+womens,9.4,190099,Colgate University,22,National Liberal Arts Colleges,intake+outcome+resources,"sat,grad6,spend,faculty_ft,endowment,class_size"
Colorado,NCAA D1,womens,7.7,126614,University of Colorado Boulder,97,National Universities,intake+outcome+resources,"sat,grad6,spend,faculty_ft,class_size"
Colorado College,NCAA D3+NCAA D1,mens+womens,8.9,126678,Colorado College,30,National Liberal Arts Colleges,intake+outcome+resources,"sat,grad6,spend,faculty_ft,endowment,class_size"
Colorado State,NCAA D1,womens,6.2,126818,Colorado State University-Fort Collins,151,National Universities,outcome+resources,"grad6,spend,faculty_ft,endowment,class_size"
Columbia,NCAA D1,mens+womens,9.3,190150,Columbia University in the City of New York,15,National Universities,intake+outcome+resources,"sat,grad6,spend,faculty_ft,endowment,class_size"
Cornell,NCAA D1,mens+womens,9.6,190415,Cornell University,12,National Universities,intake+outcome+resources,"sat,grad6,spend,faculty_ft,endowment,class_size"
Creighton,NCAA D1,mens+womens,8.2,181002,Creighton University,117,National Universities,intake+outcome+resources,"sat,grad6,spend,faculty_ft,endowment,class_size"
CSUN,NCAA D1,mens,3.2,110608,California State University-Northridge,20,Regional Universities West,outcome+resources,"grad6,spend,faculty_ft,endowment,class_size"
Dartmouth,NCAA D1,mens+womens,9.6,182670,Dartmouth College,13,National Universities,intake+outcome+resources,"sat,grad6,spend,faculty_ft,endowment,class_size"
Davidson,NCAA D1,mens+womens,9.3,198385,Davidson College,13,National Liberal Arts Colleges,intake+outcome+resources,"sat,grad6,spend,faculty_ft,endowment,class_size"
Dayton,NCAA D1,mens+womens,7.7,202480,University of Dayton,143,National Universities,intake+outcome+resources,"sat,grad6,spend,faculty_ft,endowment,class_size"
Delaware,NCAA D1,mens+womens,8.2,130943,University of Delaware,88,National Universities,intake+outcome+resources,"sat,grad6,spend,faculty_ft,endowment,class_size"
Delaware State,NCAA D1,womens,1.9,130934,Delaware State University,121,Regional Universities North,intake+outcome+resources,"sat,grad6,spend,faculty_ft,endowment,class_size"
Denver,NCAA D1,mens+womens,8.1,127060,University of Denver,117,National Universities,intake+outcome+resources,"sat,grad6,spend,faculty_ft,endowment,class_size"
DePaul,NCAA D1,mens+womens,6.5,144740,DePaul University,169,National Universities,intake+outcome+resources,"sat,grad6,spend,faculty_ft,endowment,class_size"
Detroit Mercy,NCAA D1,mens+womens,6.0,169716,University of Detroit Mercy,183,National Universities,intake+outcome+resources,"sat,grad6,spend,faculty_ft,endowment,class_size"
Drake,NCAA D1,mens+womens,7.6,153269,Drake University,183,National Universities,intake+outcome+resources,"sat,grad6,spend,faculty_ft,endowment,class_size"
Drexel,NCAA D1,mens+womens,8.1,212054,Drexel University,80,National Universities,intake+outcome+resources,"sat,grad6,spend,faculty_ft,endowment,class_size"
Duke,NCAA D1,mens+womens,9.8,198419,Duke University,7,National Universities,intake+outcome+resources,"sat,grad6,spend,faculty_ft,endowment,class_size"
Duquesne,NCAA D1,mens+womens,7.4,212106,Duquesne University,169,National Universities,intake+outcome+resources,"sat,grad6,spend,faculty_ft,endowment,class_size"
East Carolina,NCAA D1,womens,5.5,198464,East Carolina University,192,National Universities,intake+outcome+resources,"sat,grad6,spend,faculty_ft,endowment,class_size"
East Tennessee State,NCAA D1,womens,4.6,220075,East Tennessee State University,301,National Universities,intake+outcome+resources,"sat,grad6,spend,faculty_ft,endowment,class_size"
East Texas A&M,NCAA D1,womens,2.4,224554,East Texas A&M University,384,National Universities,intake+outcome+resources,"sat,grad6,spend,faculty_ft,endowment,class_size"
Eastern Illinois,NCAA D1,mens+womens,3.0,144892,Eastern Illinois University,54,Regional Universities Midwest,intake+outcome+resources,"sat,grad6,spend,faculty_ft,endowment,class_size"
Eastern Kentucky,NCAA D1,womens,3.7,156620,Eastern Kentucky University,329,National Universities,intake+outcome+resources,"sat,grad6,spend,faculty_ft,endowment,class_size"
Eastern Michigan,NCAA D1,womens,3.2,169798,Eastern Michigan University,373,National Universities,intake+outcome+resources,"sat,grad6,spend,faculty_ft,endowment,class_size"
Eastern Washington,NCAA D1,womens,3.2,235097,Eastern Washington University,52,Regional Universities West,outcome+resources,"grad6,spend,faculty_ft,endowment,class_size"
Elon,NCAA D1,mens+womens,7.4,198516,Elon University,117,National Universities,intake+outcome+resources,"sat,grad6,spend,faculty_ft,endowment,class_size"
ETSU,NCAA D1,mens,4.6,220075,East Tennessee State University,301,National Universities,intake+outcome+resources,"sat,grad6,spend,faculty_ft,endowment,class_size"
Evansville,NCAA D1,mens+womens,7.1,150534,University of Evansville,18,Regional Universities Midwest,outcome+resources,"grad6,spend,faculty_ft,endowment,class_size"
Fairfield,NCAA D1,mens+womens,8.3,129242,Fairfield University,139,National Universities,intake+outcome+resources,"sat,grad6,spend,faculty_ft,endowment,class_size"
Fairleigh Dickinson,NCAA D1,mens+womens,3.6,184603,Fairleigh Dickinson University-Metropolitan Campus,55,Regional Universities North,outcome+resources,"grad6,spend,faculty_ft,endowment,class_size"
FGCU,NCAA D1,mens,3.7,433660,Florida Gulf Coast University,318,National Universities,intake+outcome+resources,"sat,grad6,spend,faculty_ft,endowment,class_size"
FIU,NCAA D1,mens+womens,5.4,133951,Florida International University,97,National Universities,intake+outcome+resources,"sat,grad6,spend,faculty_ft,endowment,class_size"
Florida,NCAA D1,womens,8.7,134130,University of Florida,30,National Universities,intake+outcome+resources,"sat,grad6,spend,faculty_ft,endowment,class_size"
Florida Atlantic,NCAA D1,mens+womens,4.5,133669,Florida Atlantic University,183,National Universities,intake+outcome+resources,"sat,grad6,spend,faculty_ft,endowment,class_size"
Florida Gulf Coast,NCAA D1,womens,3.7,433660,Florida Gulf Coast University,318,National Universities,intake+outcome+resources,"sat,grad6,spend,faculty_ft,endowment,class_size"
Florida State,NCAA D1,womens,7.9,134097,Florida State University,51,National Universities,intake+outcome+resources,"sat,grad6,spend,faculty_ft,endowment,class_size"
Fordham,NCAA D1,mens+womens,8.6,191241,Fordham University,97,National Universities,intake+outcome+resources,"sat,grad6,spend,faculty_ft,endowment,class_size"
Fresno State,NCAA D1,womens,3.7,110556,California State University-Fresno,183,National Universities,outcome+resources,"grad6,spend,faculty_ft,endowment,class_size"
Furman,NCAA D1,mens+womens,8.7,218070,Furman University,45,National Liberal Arts Colleges,intake+outcome+resources,"sat,grad6,spend,faculty_ft,endowment,class_size"
Gardner-Webb,NCAA D1,mens+womens,4.6,198561,Gardner-Webb University,384,National Universities,intake+outcome+resources,"sat,grad6,spend,faculty_ft,endowment,class_size"
George Mason,NCAA D1,mens+womens,6.4,232186,George Mason University,117,National Universities,intake+outcome+resources,"sat,grad6,spend,faculty_ft,endowment,class_size"
George Washington,NCAA D1,mens+womens,8.4,131469,George Washington University,59,National Universities,intake+outcome+resources,"sat,grad6,spend,faculty_ft,endowment,class_size"
Georgetown,NCAA D1,mens+womens,8.9,131496,Georgetown University,24,National Universities,intake+outcome+resources,"sat,grad6,spend,faculty_ft,endowment,class_size"
Georgia,NCAA D1,womens,8.1,139959,University of Georgia,46,National Universities,intake+outcome+resources,"sat,grad6,spend,faculty_ft,endowment,class_size"
Georgia Southern,NCAA D1,mens+womens,2.9,139931,Georgia Southern University,343,National Universities,intake+outcome+resources,"sat,grad6,spend,faculty_ft,endowment,class_size"
Georgia State,NCAA D1,mens+womens,3.0,139940,Georgia State University,198,National Universities,intake+outcome+resources,"sat,grad6,spend,faculty_ft,endowment,class_size"
Gonzaga,NCAA D1,mens+womens,8.0,235316,Gonzaga University,102,National Universities,intake+outcome+resources,"sat,grad6,spend,faculty_ft,endowment,class_size"
Grambling State,NCAA D1,womens,1.8,159009,Grambling State University,103,Regional Universities South,intake+outcome+resources,"sat,grad6,spend,faculty_ft,endowment,class_size"
Grand Canyon,NCAA D1,mens+womens,1.9,104717,Grand Canyon University,395-434,National Universities,intake+outcome+resources,"sat,grad6,spend,faculty_ft,class_size"
Green Bay,NCAA D1,mens+womens,3.3,240277,University of Wisconsin-Green Bay,74,Regional Universities Midwest,intake+outcome+resources,"sat,grad6,spend,faculty_ft,endowment,class_size"
Hampton,NCAA D1,womens,4.4,232265,Hampton University,273,National Universities,intake+outcome+resources,"sat,grad6,spend,faculty_ft,endowment,class_size"
Hartford,NCAA D1,mens,5.7,129525,University of Hartford,301,National Universities,intake+outcome+resources,"sat,grad6,spend,faculty_ft,endowment,class_size"
Harvard,NCAA D1,mens+womens,9.7,166027,Harvard University,3,National Universities,intake+outcome+resources,"sat,grad6,spend,faculty_ft,endowment,class_size"
Hawaii,NCAA D1,womens,5.2,141574,University of Hawaii at Manoa,169,National Universities,intake+outcome+resources,"sat,grad6,spend,faculty_ft,endowment,class_size"
High Point,NCAA D1,mens+womens,7.3,198695,High Point University,1,Regional Colleges South,intake+outcome+resources,"sat,grad6,spend,faculty_ft,endowment,class_size"
Hofstra,NCAA D1,mens+womens,7.3,191649,Hofstra University,183,National Universities,intake+outcome+resources,"sat,grad6,spend,faculty_ft,endowment,class_size"
Holy Cross,NCAA D1,mens+womens,8.9,166124,College of the Holy Cross,27,National Liberal Arts Colleges,intake+outcome+resources,"sat,grad6,spend,faculty_ft,endowment,class_size"
Houston,NCAA D1,womens,6.0,225511,University of Houston,132,National Universities,intake+outcome+resources,"sat,grad6,spend,faculty_ft,endowment,class_size"
Houston Christian,NCAA D1,mens+womens,2.8,225399,Houston Christian University,61,Regional Universities West,intake+outcome+resources,"sat,grad6,spend,faculty_ft,endowment,class_size"
Howard,NCAA D1,mens+womens,6.6,131520,Howard University,88,National Universities,intake+outcome+resources,"sat,grad6,spend,faculty_ft,endowment,class_size"
Idaho,NCAA D1,womens,5.0,142285,University of Idaho,183,National Universities,intake+outcome+resources,"sat,grad6,spend,faculty_ft,endowment,class_size"
Idaho State,NCAA D1,womens,4.4,142276,Idaho State University,395-434,National Universities,outcome+resources,"grad6,spend,faculty_ft,endowment,class_size"
Illinois,NCAA D1,womens,8.1,145637,University of Illinois Urbana-Champaign,36,National Universities,intake+outcome+resources,"sat,grad6,spend,faculty_ft,endowment,class_size"
Illinois State,NCAA D1,womens,4.3,145813,Illinois State University,222,National Universities,intake+outcome+resources,"sat,grad6,spend,faculty_ft,endowment,class_size"
Incarnate Word,NCAA D1,womens,3.2,225627,University of the Incarnate Word,293,National Universities,intake+outcome+resources,"sat,grad6,spend,faculty_ft,endowment,class_size"
Indiana,NCAA D1,mens+womens,7.7,151351,Indiana University-Bloomington,73,National Universities,intake+outcome+resources,"sat,grad6,spend,faculty_ft,endowment,class_size"
Indiana State,NCAA D1,womens,2.7,151324,Indiana State University,363,National Universities,intake+outcome+resources,"sat,grad6,spend,faculty_ft,endowment,class_size"
Iona,NCAA D1,mens+womens,5.5,191931,Iona University,61,Regional Universities North,intake+outcome+resources,"sat,grad6,spend,faculty_ft,endowment,class_size"
Iowa,NCAA D1,womens,6.9,153658,University of Iowa,102,National Universities,intake+outcome+resources,"sat,grad6,spend,faculty_ft,endowment,class_size"
Iowa State,NCAA D1,womens,6.6,153603,Iowa State University,117,National Universities,intake+outcome+resources,"sat,grad6,spend,faculty_ft,endowment,class_size"
IU Indy,NCAA D1,mens+womens,5.3,151111,Indiana University-Indianapolis,192,National Universities,intake+outcome+resources,"sat,grad6,spend,faculty_ft,endowment,class_size"
Jackson State,NCAA D1,womens,2.9,175856,Jackson State University,363,National Universities,intake+outcome+resources,"sat,grad6,spend,faculty_ft,endowment,class_size"
Jacksonville,NCAA D1,mens+womens,4.9,134945,Jacksonville University,37,Regional Universities South,intake+outcome+resources,"sat,grad6,spend,faculty_ft,endowment,class_size"
Jacksonville State,NCAA D1,womens,2.8,101480,Jacksonville State University,52,Regional Universities South,intake+outcome+resources,"sat,grad6,spend,faculty_ft,endowment,class_size"
James Madison,NCAA D1,mens+womens,6.6,232423,James Madison University,151,National Universities,intake+outcome+resources,"sat,grad6,spend,faculty_ft,endowment,class_size"
Kansas,NCAA D1,womens,6.6,155317,University of Kansas,143,National Universities,intake+outcome+resources,"sat,grad6,spend,faculty_ft,endowment,class_size"
Kansas City,NCAA D1,mens+womens,5.6,178402,University of Missouri-Kansas City,232,National Universities,intake+outcome+resources,"sat,grad6,spend,faculty_ft,endowment,class_size"
Kansas State,NCAA D1,womens,6.0,155399,Kansas State University,158,National Universities,intake+outcome+resources,"sat,grad6,spend,faculty_ft,endowment,class_size"
Kennesaw State,NCAA D1,womens,3.1,486840,Kennesaw State University,373,National Universities,intake+outcome+resources,"sat,grad6,spend,faculty_ft,endowment,class_size"
Kent State,NCAA D1,womens,4.1,203517,Kent State University at Kent,232,National Universities,intake+outcome+resources,"sat,grad6,spend,faculty_ft,endowment,class_size"
Kentucky,NCAA D1,mens+womens,6.6,157085,University of Kentucky,143,National Universities,intake+outcome+resources,"sat,grad6,spend,faculty_ft,endowment,class_size"
La Salle,NCAA D1,mens+womens,4.5,213367,La Salle University,257,National Universities,intake+outcome+resources,"sat,grad6,spend,faculty_ft,endowment,class_size"
Lafayette,NCAA D1,mens+womens,9.1,213385,Lafayette College,30,National Liberal Arts Colleges,intake+outcome+resources,"sat,grad6,spend,faculty_ft,endowment,class_size"
Lamar,NCAA D1,womens,2.4,226091,Lamar University,395-434,National Universities,intake+outcome+resources,"sat,grad6,spend,faculty_ft,endowment,class_size"
Le Moyne,NCAA D1,mens+womens,7.0,192323,Le Moyne College,13,Regional Universities North,intake+outcome+resources,"sat,grad6,spend,faculty_ft,endowment,class_size"
Lehigh,NCAA D1,mens+womens,9.1,213543,Lehigh University,46,National Universities,intake+outcome+resources,"sat,grad6,spend,faculty_ft,endowment,class_size"
Liberty,NCAA D1,mens+womens,4.8,232557,Liberty University,395-434,National Universities,intake+outcome+resources,"sat,grad6,spend,faculty_ft,endowment,class_size"
Lindenwood,NCAA D1,mens+womens,4.8,177968,Lindenwood University,124,Regional Universities Midwest,intake+outcome+resources,"sat,grad6,spend,faculty_ft,endowment,class_size"
Lipscomb,NCAA D1,mens+womens,6.6,219976,Lipscomb University,222,National Universities,intake+outcome+resources,"sat,grad6,spend,faculty_ft,endowment,class_size"
Little Rock,NCAA D1,womens,3.4,106245,University of Arkansas at Little Rock,384,National Universities,intake+outcome+resources,"sat,grad6,spend,faculty_ft,endowment,class_size"
LIU,NCAA D1,mens+womens,5.7,192448,Long Island University,373,National Universities,intake+outcome+resources,"sat,grad6,spend,faculty_ft,endowment,class_size"
Long Beach State,NCAA D1,womens,4.3,110583,California State University-Long Beach,127,National Universities,outcome+resources,"grad6,spend,faculty_ft,endowment,class_size"
Longwood,NCAA D1,mens+womens,5.1,232566,Longwood University,16,Regional Universities South,intake+outcome+resources,"sat,grad6,spend,faculty_ft,endowment,class_size"
Louisiana,NCAA D1,womens,4.8,160658,University of Louisiana at Lafayette,373,National Universities,intake+outcome+resources,"sat,grad6,spend,faculty_ft,endowment,class_size"
Louisiana Tech,NCAA D1,womens,4.8,159647,Louisiana Tech University,318,National Universities,intake+outcome+resources,"sat,grad6,spend,faculty_ft,endowment,class_size"
Louisiana-Monroe,NCAA D1,womens,3.7,159993,University of Louisiana at Monroe,358,National Universities,intake+outcome+resources,"sat,grad6,spend,faculty_ft,endowment,class_size"
Louisville,NCAA D1,mens+womens,5.5,157289,University of Louisville,158,National Universities,intake+outcome+resources,"sat,grad6,spend,faculty_ft,endowment,class_size"
Loyola (MD),NCAA D1,womens,7.9,163046,Loyola University Maryland,7,Regional Universities North,intake+outcome+resources,"sat,grad6,spend,faculty_ft,endowment,class_size"
Loyola Chicago,NCAA D1,mens+womens,7.2,146719,Loyola University Chicago,132,National Universities,intake+outcome+resources,"sat,grad6,spend,faculty_ft,endowment,class_size"
Loyola Maryland,NCAA D1,mens,7.9,163046,Loyola University Maryland,7,Regional Universities North,intake+outcome+resources,"sat,grad6,spend,faculty_ft,endowment,class_size"
Loyola Marymount,NCAA D1,mens+womens,8.1,117946,Loyola Marymount University,102,National Universities,intake+outcome+resources,"sat,grad6,spend,faculty_ft,endowment,class_size"
LSU,NCAA D1,womens,6.6,159391,Louisiana State University and Agricultural & Mechanical College,169,National Universities,intake+outcome+resources,"sat,grad6,spend,faculty_ft,endowment,class_size"
Maine,NCAA D1,womens,5.1,161253,University of Maine,257,National Universities,outcome+resources,"grad6,spend,faculty_ft,endowment,class_size"
Manhattan,NCAA D1,mens+womens,6.5,192703,Manhattan University,28,Regional Universities North,intake+outcome+resources,"sat,grad6,spend,faculty_ft,endowment,class_size"
Marist,NCAA D1,mens+womens,7.3,192819,Marist University,9,Regional Universities North,intake+outcome+resources,"sat,grad6,spend,faculty_ft,endowment,class_size"
Marquette,NCAA D1,mens+womens,7.7,239105,Marquette University,88,National Universities,intake+outcome+resources,"sat,grad6,spend,faculty_ft,endowment,class_size"
Marshall,NCAA D1,mens+womens,3.5,237525,Marshall University,318,National Universities,intake+outcome+resources,"sat,grad6,spend,faculty_ft,endowment,class_size"
Maryland,NCAA D1,mens+womens,8.5,163286,University of Maryland-College Park,42,National Universities,intake+outcome+resources,"sat,grad6,spend,faculty_ft,endowment,class_size"
McNeese,NCAA D1,womens,2.9,159717,McNeese State University,81,Regional Universities South,intake+outcome+resources,"sat,grad6,spend,faculty_ft,endowment,class_size"
Memphis,NCAA D1,mens+womens,3.5,220862,University of Memphis,273,National Universities,intake+outcome+resources,"sat,grad6,spend,faculty_ft,endowment,class_size"
Mercer,NCAA D1,mens+womens,7.5,140447,Mercer University,169,National Universities,intake+outcome+resources,"sat,grad6,spend,faculty_ft,endowment,class_size"
Mercyhurst,NCAA D1,mens+womens,4.8,213987,Mercyhurst University,66,Regional Universities North,intake+outcome+resources,"sat,grad6,spend,faculty_ft,endowment,class_size"
Merrimack,NCAA D1,mens+womens,5.0,166850,Merrimack College,38,Regional Universities North,intake+outcome+resources,"sat,grad6,spend,faculty_ft,endowment,class_size"
Miami (FL),NCAA D1,womens,8.7,135726,University of Miami,64,National Universities,intake+outcome+resources,"sat,grad6,spend,faculty_ft,endowment,class_size"
Miami (OH),NCAA D1,womens,7.6,204024,Miami University-Oxford,143,National Universities,intake+outcome+resources,"sat,grad6,spend,faculty_ft,endowment,class_size"
Michigan,NCAA D1,mens+womens,9.0,170976,University of Michigan-Ann Arbor,20,National Universities,intake+outcome+resources,"sat,grad6,spend,faculty_ft,endowment,class_size"
Michigan State,NCAA D1,mens+womens,7.8,171100,Michigan State University,64,National Universities,intake+outcome+resources,"sat,grad6,spend,faculty_ft,endowment,class_size"
Middle Tennessee,NCAA D1,womens,4.4,220978,Middle Tennessee State University,257,National Universities,intake+outcome+resources,"sat,grad6,spend,faculty_ft,endowment,class_size"
Milwaukee,NCAA D1,mens+womens,3.5,240453,University of Wisconsin-Milwaukee,301,National Universities,intake+outcome+resources,"sat,grad6,spend,faculty_ft,endowment,class_size"
Minnesota,NCAA D1,womens,8.3,174066,University of Minnesota-Twin Cities,59,National Universities,intake+outcome+resources,"sat,grad6,spend,faculty_ft,endowment,class_size"
Mississippi State,NCAA D1,womens,5.9,176080,Mississippi State University,208,National Universities,intake+outcome+resources,"sat,grad6,spend,faculty_ft,endowment,class_size"
Missouri,NCAA D1,womens,7.0,178396,University of Missouri-Columbia,102,National Universities,intake+outcome+resources,"sat,grad6,spend,faculty_ft,endowment,class_size"
Missouri State,NCAA D1,mens+womens,4.1,179566,Missouri State University-Springfield,358,National Universities,intake+outcome+resources,"sat,grad6,spend,faculty_ft,class_size"
Monmouth,NCAA D1,mens+womens,7.1,185572,Monmouth University,13,Regional Universities North,intake+outcome+resources,"sat,grad6,spend,faculty_ft,endowment,class_size"
Montana,NCAA D1,womens,4.6,180489,The University of Montana,363,National Universities,intake+outcome+resources,"sat,grad6,spend,faculty_ft,endowment,class_size"
Morehead State,NCAA D1,womens,4.2,157386,Morehead State University,27,Regional Universities South,intake+outcome+resources,"sat,grad6,spend,faculty_ft,endowment,class_size"
Mount St. Mary's,NCAA D1,mens+womens,5.8,163462,Mount St. Mary's University,72,Regional Universities North,intake+outcome+resources,"sat,grad6,spend,faculty_ft,endowment"
Murray State,NCAA D1,womens,4.8,157401,Murray State University,14,Regional Universities South,intake+outcome+resources,"sat,grad6,spend,faculty_ft,endowment,class_size"
Navy,NCAA D1,mens+womens,8.8,164155,United States Naval Academy,3,National Liberal Arts Colleges,intake+outcome+resources,"sat,grad6,spend,faculty_ft,endowment,class_size"
NC State,NCAA D1,mens+womens,8.4,199193,North Carolina State University at Raleigh,64,National Universities,intake+outcome+resources,"sat,grad6,spend,faculty_ft,endowment,class_size"
Nebraska,NCAA D1,womens,6.2,181464,University of Nebraska-Lincoln,158,National Universities,intake+outcome+resources,"sat,grad6,spend,faculty_ft,endowment,class_size"
Nevada,NCAA D1,womens,5.4,182290,University of Nevada-Reno,192,National Universities,intake+outcome+resources,"sat,grad6,spend,faculty_ft,endowment,class_size"
New Hampshire,NCAA D1,mens+womens,6.6,183044,University of New Hampshire-Main Campus,117,National Universities,intake+outcome+resources,"sat,grad6,spend,faculty_ft,endowment,class_size"
New Haven,NCAA D1,mens+womens,4.6,129941,University of New Haven,76,Regional Universities North,intake+outcome+resources,"sat,grad6,spend,faculty_ft,endowment,class_size"
New Mexico,NCAA D1,womens,4.0,187985,University of New Mexico-Main Campus,242,National Universities,intake+outcome+resources,"sat,grad6,spend,faculty_ft,endowment,class_size"
New Mexico State,NCAA D1,womens,3.4,188030,New Mexico State University-Main Campus,222,National Universities,intake+outcome+resources,"sat,grad6,spend,faculty_ft,endowment,class_size"
Niagara,NCAA D1,mens+womens,6.1,193973,Niagara University,28,Regional Universities North,intake+outcome+resources,"sat,grad6,spend,faculty_ft,endowment,class_size"
Nicholls,NCAA D1,womens,3.5,159966,Nicholls State University,64,Regional Universities South,intake+outcome+resources,"sat,grad6,spend,faculty_ft,endowment,class_size"
NJIT,NCAA D1,mens+womens,7.2,185828,New Jersey Institute of Technology,80,National Universities,intake+outcome+resources,"sat,grad6,spend,faculty_ft,endowment,class_size"
North Alabama,NCAA D1,womens,3.2,101879,University of North Alabama,30,Regional Universities South,intake+outcome+resources,"sat,grad6,spend,faculty_ft,endowment,class_size"
North Carolina,NCAA D1,mens+womens,8.9,199120,University of North Carolina at Chapel Hill,26,National Universities,intake+outcome+resources,"sat,grad6,spend,faculty_ft,endowment,class_size"
North Dakota,NCAA D1,womens,6.2,200280,University of North Dakota,242,National Universities,intake+outcome+resources,"sat,grad6,spend,faculty_ft,endowment,class_size"
North Dakota State,NCAA D1,womens,5.5,200332,North Dakota State University-Main Campus,232,National Universities,intake+outcome+resources,"sat,grad6,spend,faculty_ft,endowment,class_size"
North Florida,NCAA D1,mens+womens,5.2,136172,University of North Florida,222,National Universities,intake+outcome+resources,"sat,grad6,spend,faculty_ft,endowment,class_size"
North Texas,NCAA D1,womens,3.8,227216,University of North Texas,208,National Universities,intake+outcome+resources,"sat,grad6,spend,faculty_ft,endowment,class_size"
Northeastern,NCAA D1,mens+womens,8.7,167358,Northeastern University,46,National Universities,intake+outcome+resources,"sat,grad6,spend,faculty_ft,endowment,class_size"
Northern Arizona,NCAA D1,womens,4.4,105330,Northern Arizona University,242,National Universities,intake+outcome+resources,"sat,grad6,spend,faculty_ft,endowment,class_size"
Northern Colorado,NCAA D1,womens,3.4,127741,University of Northern Colorado,343,National Universities,intake+outcome+resources,"sat,grad6,spend,faculty_ft,endowment,class_size"
Northern Illinois,NCAA D1,mens+womens,4.4,147703,Northern Illinois University,301,National Universities,outcome+resources,"grad6,spend,faculty_ft,endowment,class_size"
Northern Iowa,NCAA D1,womens,5.0,154095,University of Northern Iowa,10,Regional Universities Midwest,intake+outcome+resources,"sat,grad6,spend,faculty_ft,endowment,class_size"
Northern Kentucky,NCAA D1,mens+womens,3.3,157447,Northern Kentucky University,384,National Universities,intake+outcome+resources,"sat,grad6,spend,faculty_ft,endowment,class_size"
Northwestern,NCAA D1,mens+womens,9.6,147767,Northwestern University,7,National Universities,intake+outcome+resources,"sat,grad6,spend,faculty_ft,endowment,class_size"
Northwestern State,NCAA D1,womens,2.7,160038,Northwestern State University of Louisiana,59,Regional Universities South,intake+outcome+resources,"sat,grad6,spend,faculty_ft,endowment,class_size"
Notre Dame,NCAA D1,mens+womens,9.6,152080,University of Notre Dame,20,National Universities,intake+outcome+resources,"sat,grad6,spend,faculty_ft,endowment,class_size"
Oakland,NCAA D1,mens+womens,4.2,171571,Oakland University,318,National Universities,intake+outcome+resources,"sat,grad6,spend,faculty_ft,endowment,class_size"
Ohio,NCAA D1,womens,5.8,204857,Ohio University-Main Campus,198,National Universities,intake+outcome+resources,"sat,grad6,spend,faculty_ft,endowment,class_size"
Ohio State,NCAA D1,mens+womens,8.5,204796,Ohio State University-Main Campus,41,National Universities,intake+outcome+resources,"sat,grad6,spend,faculty_ft,endowment,class_size"
Oklahoma,NCAA D1,womens,7.1,207500,University of Oklahoma-Norman Campus,110,National Universities,intake+outcome+resources,"sat,grad6,spend,faculty_ft,endowment,class_size"
Oklahoma State,NCAA D1,womens,5.4,207388,Oklahoma State University-Main Campus,198,National Universities,intake+outcome+resources,"sat,grad6,spend,faculty_ft,endowment,class_size"
Old Dominion,NCAA D1,mens+womens,5.2,232982,Old Dominion University,293,National Universities,intake+outcome+resources,"sat,grad6,spend,faculty_ft,endowment,class_size"
Ole Miss,NCAA D1,womens,6.4,176017,University of Mississippi,169,National Universities,intake+outcome+resources,"sat,grad6,spend,faculty_ft,endowment,class_size"
Omaha,NCAA D1,mens+womens,3.6,181394,University of Nebraska at Omaha,301,National Universities,intake+outcome+resources,"sat,grad6,spend,faculty_ft,endowment,class_size"
Oral Roberts,NCAA D1,mens+womens,4.3,207582,Oral Roberts University,72,Regional Universities West,intake+outcome+resources,"sat,grad6,spend,faculty_ft,endowment,class_size"
Oregon,NCAA D1,womens,7.1,209551,University of Oregon,110,National Universities,intake+outcome+resources,"sat,grad6,spend,faculty_ft,endowment,class_size"
Oregon State,NCAA D1,mens+womens,6.9,209542,Oregon State University,143,National Universities,intake+outcome+resources,"sat,grad6,spend,faculty_ft,endowment,class_size"
Pacific,NCAA D1,mens+womens,7.7,120883,University of the Pacific,139,National Universities,intake+outcome+resources,"sat,grad6,spend,faculty_ft,endowment,class_size"
Penn,NCAA D1,mens+womens,9.6,215062,University of Pennsylvania,7,National Universities,intake+outcome+resources,"sat,grad6,spend,faculty_ft,endowment,class_size"
Penn State,NCAA D1,mens+womens,8.2,214777,Pennsylvania State University-Main Campus,59,National Universities,intake+outcome+resources,"sat,grad6,spend,faculty_ft,endowment,class_size"
Pepperdine,NCAA D1,womens,7.7,121150,Pepperdine University,84,National Universities,intake+outcome+resources,"sat,grad6,spend,faculty_ft,endowment,class_size"
Pittsburgh,NCAA D1,mens+womens,8.6,215293,University of Pittsburgh-Pittsburgh Campus,69,National Universities,intake+outcome+resources,"sat,grad6,spend,faculty_ft,endowment,class_size"
Portland,NCAA D1,mens+womens,7.8,209825,University of Portland,2,Regional Universities West,intake+outcome+resources,"sat,grad6,spend,faculty_ft,endowment,class_size"
Portland State,NCAA D1,womens,3.9,209807,Portland State University,222,National Universities,intake+outcome+resources,"sat,grad6,spend,faculty_ft,endowment,class_size"
Prairie View A&M,NCAA D1,womens,2.5,227526,Prairie View A & M University,343,National Universities,intake+outcome+resources,"sat,grad6,spend,faculty_ft,endowment,class_size"
Presbyterian,NCAA D1,mens+womens,5.0,218539,Presbyterian College,163,National Liberal Arts Colleges,intake+outcome+resources,"sat,grad6,spend,faculty_ft,endowment,class_size"
Princeton,NCAA D1,mens+womens,9.7,186131,Princeton University,1,National Universities,intake+outcome+resources,"sat,grad6,spend,faculty_ft,endowment,class_size"
Providence,NCAA D1,mens+womens,8.3,217402,Providence College,2,Regional Universities North,intake+outcome+resources,"sat,grad6,spend,faculty_ft,endowment,class_size"
Purdue,NCAA D1,womens,8.4,243780,Purdue University-Main Campus,46,National Universities,intake+outcome+resources,"sat,grad6,spend,faculty_ft,endowment,class_size"
Purdue Fort Wayne,NCAA D1,mens+womens,3.6,151102,Purdue University Fort Wayne,112,Regional Universities Midwest,intake+outcome+resources,"sat,grad6,spend,faculty_ft,endowment,class_size"
Queens,NCAA D1,womens,5.9,199412,Queens University of Charlotte,16,Regional Universities South,intake+outcome+resources,"sat,grad6,spend,faculty_ft,endowment,class_size"
Queens (NC),NCAA D1,mens,5.9,199412,Queens University of Charlotte,16,Regional Universities South,intake+outcome+resources,"sat,grad6,spend,faculty_ft,endowment,class_size"
Quinnipiac,NCAA D1,mens+womens,6.9,130226,Quinnipiac University,179,National Universities,intake+outcome+resources,"sat,grad6,spend,faculty_ft,endowment,class_size"
Radford,NCAA D1,mens+womens,3.6,233277,Radford University,329,National Universities,intake+outcome+resources,"sat,grad6,spend,faculty_ft,endowment,class_size"
Rhode Island,NCAA D1,mens+womens,5.5,217484,University of Rhode Island,151,National Universities,intake+outcome+resources,"sat,grad6,spend,faculty_ft,endowment,class_size"
Rice,NCAA D1,womens,9.7,227757,Rice University,17,National Universities,intake+outcome+resources,"sat,grad6,spend,faculty_ft,endowment,class_size"
Richmond,NCAA D1,womens,9.1,233374,University of Richmond,22,National Liberal Arts Colleges,intake+outcome+resources,"sat,grad6,spend,faculty_ft,endowment,class_size"
Rider,NCAA D1,mens+womens,5.9,186283,Rider University,45,Regional Universities North,intake+outcome+resources,"sat,grad6,spend,faculty_ft,endowment,class_size"
Robert Morris,NCAA D1,mens+womens,5.6,215655,Robert Morris University,208,National Universities,outcome+resources,"grad6,spend,faculty_ft,endowment,class_size"
Rutgers,NCAA D1,mens+womens,8.0,186380,Rutgers University-New Brunswick,42,National Universities,intake+outcome+resources,"sat,grad6,spend,faculty_ft,endowment,class_size"
Sacramento State,NCAA D1,mens+womens,3.2,110617,California State University-Sacramento,22,Regional Universities West,outcome+resources,"grad6,spend,faculty_ft,endowment,class_size"
Sacred Heart,NCAA D1,mens+womens,6.3,130253,Sacred Heart University,242,National Universities,intake+outcome+resources,"sat,grad6,spend,faculty_ft,endowment,class_size"
Saint Francis (PA),NCAA D1,mens,6.1,215743,Saint Francis University,55,Regional Universities North,intake+outcome+resources,"sat,grad6,spend,faculty_ft,endowment"
Saint Joseph's,NCAA D1,mens+womens,7.6,215770,Saint Joseph's University - Philadelphia,6,Regional Universities North,intake+outcome+resources,"sat,grad6,spend,faculty_ft,endowment,class_size"
Saint Louis,NCAA D1,mens+womens,8.1,179159,Saint Louis University,102,National Universities,intake+outcome+resources,"sat,grad6,spend,faculty_ft,endowment,class_size"
Saint Mary's,NCAA D1,mens+womens,6.9,123554,Saint Mary's College of California,7,Regional Universities West,outcome+resources,"grad6,spend,faculty_ft,endowment,class_size"
Saint Peter's,NCAA D1,mens+womens,3.0,186432,Saint Peter's University,38,Regional Universities North,intake+outcome+resources,"sat,grad6,spend,faculty_ft,endowment,class_size"
Sam Houston,NCAA D1,womens,3.0,227881,Sam Houston State University,257,National Universities,intake+outcome+resources,"sat,grad6,spend,faculty_ft,endowment,class_size"
Samford,NCAA D1,womens,7.2,102049,Samford University,179,National Universities,intake+outcome+resources,"sat,grad6,spend,faculty_ft,endowment,class_size"
San Diego,NCAA D1,mens+womens,7.7,122436,University of San Diego,110,National Universities,outcome+resources,"grad6,spend,faculty_ft,endowment,class_size"
San Diego State,NCAA D1,mens+womens,5.1,122409,San Diego State University,117,National Universities,outcome+resources,"grad6,spend,faculty_ft,endowment,class_size"
San Francisco,NCAA D1,mens+womens,7.4,122612,University of San Francisco,110,National Universities,intake+outcome+resources,"sat,grad6,spend,faculty_ft,endowment,class_size"
San Jose State,NCAA D1,mens+womens,5.1,122755,San Jose State University,4,Regional Universities West,intake+outcome+resources,"sat,grad6,spend,faculty_ft,endowment,class_size"
Santa Clara,NCAA D1,mens+womens,8.8,122931,Santa Clara University,59,National Universities,intake+outcome+resources,"sat,grad6,spend,faculty_ft,endowment,class_size"
Seattle,NCAA D1,mens+womens,7.8,236595,Seattle University,151,National Universities,intake+outcome+resources,"sat,grad6,spend,faculty_ft,endowment,class_size"
Seton Hall,NCAA D1,mens+womens,7.4,186584,Seton Hall University,158,National Universities,intake+outcome+resources,"sat,grad6,spend,faculty_ft,endowment,class_size"
Siena,NCAA D1,mens+womens,6.7,195474,Siena University,16,Regional Universities North,intake+outcome+resources,"sat,grad6,spend,faculty_ft,endowment,class_size"
SIU Edwardsville,NCAA D1,womens,4.4,149231,Southern Illinois University Edwardsville,363,National Universities,intake+outcome+resources,"sat,grad6,spend,faculty_ft,endowment,class_size"
SIUE,NCAA D1,mens,4.4,149231,Southern Illinois University Edwardsville,363,National Universities,intake+outcome+resources,"sat,grad6,spend,faculty_ft,endowment,class_size"
SMU,NCAA D1,mens+womens,8.6,228246,Southern Methodist University,88,National Universities,intake+outcome+resources,"sat,grad6,spend,faculty_ft,endowment,class_size"
South Alabama,NCAA D1,womens,4.5,102094,University of South Alabama,363,National Universities,intake+outcome+resources,"sat,grad6,spend,faculty_ft,endowment,class_size"
South Carolina,NCAA D1,mens+womens,7.3,218663,University of South Carolina-Columbia,127,National Universities,intake+outcome+resources,"sat,grad6,spend,faculty_ft,endowment,class_size"
South Carolina State,NCAA D1,womens,2.2,218733,South Carolina State University,88,Regional Universities South,intake+outcome+resources,"sat,grad6,spend,faculty_ft,endowment,class_size"
South Dakota,NCAA D1,womens,4.9,219471,University of South Dakota,283,National Universities,intake+outcome+resources,"sat,grad6,spend,faculty_ft,endowment,class_size"
South Dakota State,NCAA D1,womens,4.7,219356,South Dakota State University,257,National Universities,intake+outcome+resources,"sat,grad6,spend,faculty_ft,endowment,class_size"
South Florida,NCAA D1,mens+womens,6.5,137351,University of South Florida,88,National Universities,intake+outcome+resources,"sat,grad6,spend,faculty_ft,endowment,class_size"
Southeast Missouri State,NCAA D1,womens,2.7,179557,Southeast Missouri State University,68,Regional Universities Midwest,intake+outcome+resources,"sat,grad6,spend,faculty_ft,endowment,class_size"
Southeastern Louisiana,NCAA D1,womens,2.8,160612,Southeastern Louisiana University,74,Regional Universities South,intake+outcome+resources,"sat,grad6,spend,faculty_ft,endowment,class_size"
Southern,NCAA D1,womens,1.9,160621,Southern University and A & M College,395-434,National Universities,intake+outcome+resources,"sat,grad6,spend,faculty_ft,endowment,class_size"
Southern Illinois,NCAA D1,womens,4.8,149222,Southern Illinois University-Carbondale,301,National Universities,intake+outcome+resources,"sat,grad6,spend,faculty_ft,endowment,class_size"
Southern Indiana,NCAA D1,mens+womens,4.4,151306,University of Southern Indiana,78,Regional Universities Midwest,intake+outcome+resources,"sat,grad6,spend,faculty_ft,endowment,class_size"
Southern Miss,NCAA D1,womens,4.6,176372,University of Southern Mississippi,318,National Universities,intake+outcome+resources,"sat,grad6,spend,faculty_ft,endowment,class_size"
Southern Utah,NCAA D1,womens,3.9,230603,Southern Utah University,64,Regional Universities West,outcome+resources,"grad6,spend,faculty_ft,endowment,class_size"
St. Bonaventure,NCAA D1,mens+womens,5.7,195164,St Bonaventure University,25,Regional Universities North,intake+outcome+resources,"sat,grad6,spend,faculty_ft,endowment,class_size"
St. John's,NCAA D1,mens+womens,6.4,195809,St. John's University-New York,151,National Universities,intake+outcome+resources,"sat,grad6,spend,faculty_ft,endowment"
St. Thomas,NCAA D1,mens+womens,7.5,174914,University of St Thomas,158,National Universities,intake+outcome+resources,"sat,grad6,spend,faculty_ft,endowment"
Stanford,NCAA D1,mens+womens,9.8,243744,Stanford University,4,National Universities,intake+outcome+resources,"sat,grad6,spend,faculty_ft,endowment,class_size"
Stephen F. Austin,NCAA D1,womens,3.4,228431,Stephen F Austin State University,38,Regional Universities West,intake+outcome+resources,"sat,grad6,spend,faculty_ft,endowment"
Stetson,NCAA D1,mens+womens,6.1,137546,Stetson University,7,Regional Universities South,intake+outcome+resources,"sat,grad6,spend,faculty_ft,endowment,class_size"
Stonehill,NCAA D1,mens+womens,7.3,167996,Stonehill College,82,National Liberal Arts Colleges,outcome+resources,"grad6,spend,faculty_ft,endowment,class_size"
Stony Brook,NCAA D1,mens+womens,7.7,196097,Stony Brook University,59,National Universities,intake+outcome+resources,"sat,grad6,spend,faculty_ft,endowment,class_size"
Syracuse,NCAA D1,mens+womens,8.3,196413,Syracuse University,75,National Universities,intake+outcome+resources,"sat,grad6,spend,faculty_ft,endowment,class_size"
Tarleton State,NCAA D1,womens,2.5,228529,Tarleton State University,373,National Universities,intake+outcome+resources,"sat,grad6,spend,faculty_ft,endowment,class_size"
TCU,NCAA D1,womens,8.4,228875,Texas Christian University,97,National Universities,intake+outcome+resources,"sat,grad6,spend,faculty_ft,endowment,class_size"
Temple,NCAA D1,mens+womens,7.4,216339,Temple University,102,National Universities,intake+outcome+resources,"sat,grad6,spend,faculty_ft,endowment,class_size"
Tennessee,NCAA D1,womens,7.3,221759,The University of Tennessee-Knoxville,102,National Universities,intake+outcome+resources,"sat,grad6,spend,faculty_ft,endowment,class_size"
Tennessee Tech,NCAA D1,womens,4.8,221847,Tennessee Technological University,257,National Universities,intake+outcome+resources,"sat,grad6,spend,faculty_ft,endowment,class_size"
Texas,NCAA D1,womens,8.5,228778,The University of Texas at Austin,30,National Universities,intake+outcome+resources,"sat,grad6,spend,faculty_ft,endowment,class_size"
Texas A&M,NCAA D1,womens,8.0,228723,Texas A&M University-College Station,51,National Universities,intake+outcome+resources,"sat,grad6,spend,faculty_ft,endowment,class_size"
Texas A&M-Corpus Christi,NCAA D1,womens,2.9,224147,Texas A & M University-Corpus Christi,395-434,National Universities,intake+outcome+resources,"sat,grad6,spend,faculty_ft,endowment,class_size"
Texas Southern,NCAA D1,womens,1.8,229063,Texas Southern University,395-434,National Universities,intake+outcome+resources,"sat,grad6,spend,faculty_ft,endowment,class_size"
Texas State,NCAA D1,womens,3.6,228459,Texas State University,257,National Universities,intake+outcome+resources,"sat,grad6,spend,faculty_ft,endowment,class_size"
Texas Tech,NCAA D1,womens,5.6,229115,Texas Tech University,198,National Universities,intake+outcome+resources,"sat,grad6,spend,faculty_ft,endowment,class_size"
The Citadel,NCAA D1,womens,6.6,217864,Citadel Military College of South Carolina,1,Regional Universities South,intake+outcome+resources,"sat,grad6,spend,faculty_ft,endowment,class_size"
Toledo,NCAA D1,womens,6.0,206084,University of Toledo,293,National Universities,intake+outcome+resources,"sat,grad6,spend,faculty_ft,endowment,class_size"
Towson,NCAA D1,womens,4.4,164076,Towson University,11,Regional Universities North,intake+outcome+resources,"sat,grad6,spend,faculty_ft,endowment,class_size"
Troy,NCAA D1,womens,3.0,102368,Troy University,45,Regional Universities South,intake+outcome+resources,"sat,grad6,spend,faculty_ft,endowment,class_size"
Tulsa,NCAA D1,mens+womens,8.3,207971,University of Tulsa,158,National Universities,intake+outcome+resources,"sat,grad6,spend,faculty_ft,endowment,class_size"
UAB,NCAA D1,mens+womens,6.8,100663,University of Alabama at Birmingham,132,National Universities,intake+outcome+resources,"sat,grad6,spend,faculty_ft,endowment,class_size"
UC Davis,NCAA D1,mens+womens,7.8,110644,University of California-Davis,32,National Universities,outcome+resources,"grad6,spend,faculty_ft,endowment,class_size"
UC Irvine,NCAA D1,mens+womens,7.9,110653,University of California-Irvine,32,National Universities,outcome+resources,"grad6,spend,faculty_ft,endowment,class_size"
UC Riverside,NCAA D1,mens+womens,6.9,110671,University of California-Riverside,75,National Universities,outcome+resources,"grad6,spend,faculty_ft,endowment,class_size"
UC San Diego,NCAA D1,mens+womens,8.0,110680,University of California-San Diego,29,National Universities,outcome+resources,"grad6,spend,faculty_ft,endowment,class_size"
UC Santa Barbara,NCAA D1,mens+womens,7.4,110705,University of California-Santa Barbara,40,National Universities,outcome+resources,"grad6,spend,faculty_ft,endowment,class_size"
UCF,NCAA D1,mens+womens,6.4,132903,University of Central Florida,117,National Universities,intake+outcome+resources,"sat,grad6,spend,faculty_ft,endowment,class_size"
UCLA,NCAA D1,mens+womens,8.3,110662,University of California-Los Angeles,17,National Universities,outcome+resources,"grad6,spend,faculty_ft,endowment,class_size"
UConn,NCAA D1,mens+womens,7.9,129020,University of Connecticut,69,National Universities,intake+outcome+resources,"sat,grad6,spend,faculty_ft,endowment,class_size"
UIC,NCAA D1,mens+womens,6.5,145600,University of Illinois Chicago,84,National Universities,intake+outcome+resources,"sat,grad6,spend,faculty_ft,endowment,class_size"
UIW,NCAA D1,mens,3.2,225627,University of the Incarnate Word,293,National Universities,intake+outcome+resources,"sat,grad6,spend,faculty_ft,endowment,class_size"
UMass,NCAA D1,mens+womens,8.2,166629,University of Massachusetts-Amherst,64,National Universities,intake+outcome+resources,"sat,grad6,spend,faculty_ft,endowment,class_size"
UMass Lowell,NCAA D1,mens+womens,6.5,166513,University of Massachusetts-Lowell,151,National Universities,intake+outcome+resources,"sat,grad6,spend,faculty_ft,endowment,class_size"
UMBC,NCAA D1,mens+womens,7.0,163268,University of Maryland-Baltimore County,127,National Universities,intake+outcome+resources,"sat,grad6,spend,faculty_ft,endowment,class_size"
UNC Asheville,NCAA D1,mens+womens,6.1,199111,University of North Carolina Asheville,135,National Liberal Arts Colleges,intake+outcome+resources,"sat,grad6,spend,faculty_ft,endowment,class_size"
UNC Greensboro,NCAA D1,mens+womens,5.1,199148,University of North Carolina at Greensboro,198,National Universities,intake+outcome+resources,"sat,grad6,spend,faculty_ft,endowment,class_size"
UNC Wilmington,NCAA D1,womens,6.5,199218,University of North Carolina Wilmington,198,National Universities,intake+outcome+resources,"sat,grad6,spend,faculty_ft,endowment,class_size"
UNCW,NCAA D1,mens,6.5,199218,University of North Carolina Wilmington,198,National Universities,intake+outcome+resources,"sat,grad6,spend,faculty_ft,endowment,class_size"
UNLV,NCAA D1,mens+womens,4.3,182281,University of Nevada-Las Vegas,232,National Universities,intake+outcome+resources,"sat,grad6,spend,faculty_ft,endowment,class_size"
USC,NCAA D1,womens,9.1,123961,University of Southern California,28,National Universities,intake+outcome+resources,"sat,grad6,spend,faculty_ft,endowment,class_size"
USC Upstate,NCAA D1,mens+womens,3.1,218742,University of South Carolina-Upstate,7,Regional Colleges South,intake+outcome+resources,"sat,grad6,spend,faculty_ft,endowment,class_size"
UT Martin,NCAA D1,womens,4.1,221768,The University of Tennessee-Martin,20,Regional Universities South,intake+outcome+resources,"sat,grad6,spend,faculty_ft,endowment,class_size"
UT Rio Grande Valley,NCAA D1,womens,2.7,227368,The University of Texas Rio Grande Valley,213,National Universities,intake+outcome+resources,"sat,grad6,spend,faculty_ft,endowment,class_size"
Utah,NCAA D1,womens,6.9,230764,University of Utah,151,National Universities,intake+outcome+resources,"sat,grad6,spend,faculty_ft,endowment,class_size"
Utah State,NCAA D1,womens,5.7,230728,Utah State University,242,National Universities,intake+outcome+resources,"sat,grad6,spend,faculty_ft,endowment,class_size"
Utah Tech,NCAA D1,mens+womens,1.5,230171,Utah Tech University,34,Regional Colleges West,outcome+resources,"grad6,spend,faculty_ft,endowment,class_size"
Utah Valley,NCAA D1,mens+womens,1.9,230737,Utah Valley University,93,Regional Universities West,outcome+resources,"grad6,spend,faculty_ft,endowment,class_size"
UTEP,NCAA D1,womens,2.4,228796,The University of Texas at El Paso,257,National Universities,intake+outcome+resources,"sat,grad6,spend,faculty_ft,endowment,class_size"
UTRGV,NCAA D1,mens,2.7,227368,The University of Texas Rio Grande Valley,213,National Universities,intake+outcome+resources,"sat,grad6,spend,faculty_ft,endowment,class_size"
UTSA,NCAA D1,womens,3.3,229027,The University of Texas at San Antonio,213,National Universities,intake+outcome+resources,"sat,grad6,spend,faculty_ft,endowment,class_size"
Valparaiso,NCAA D1,womens,6.2,152600,Valparaiso University,198,National Universities,intake+outcome+resources,"sat,grad6,spend,faculty_ft,endowment,class_size"
Vanderbilt,NCAA D1,womens,9.6,221999,Vanderbilt University,17,National Universities,intake+outcome+resources,"sat,grad6,spend,faculty_ft,endowment,class_size"
VCU,NCAA D1,mens+womens,5.5,234030,Virginia Commonwealth University,139,National Universities,intake+outcome+resources,"sat,grad6,spend,faculty_ft,endowment,class_size"
Vermont,NCAA D1,mens+womens,7.9,231174,University of Vermont,132,National Universities,intake+outcome+resources,"sat,grad6,spend,faculty_ft,endowment,class_size"
Villanova,NCAA D1,mens+womens,8.9,216597,Villanova University,57,National Universities,intake+outcome+resources,"sat,grad6,spend,faculty_ft,endowment,class_size"
Virginia,NCAA D1,mens+womens,9.2,234076,University of Virginia-Main Campus,26,National Universities,intake+outcome+resources,"sat,grad6,spend,faculty_ft,endowment,class_size"
Virginia Tech,NCAA D1,mens+womens,8.3,233921,Virginia Polytechnic Institute and State University,51,National Universities,intake+outcome+resources,"sat,grad6,spend,faculty_ft,endowment,class_size"
VMI,NCAA D1,mens+womens,8.1,234085,Virginia Military Institute,65,National Liberal Arts Colleges,intake+outcome+resources,"sat,grad6,spend,faculty_ft,endowment,class_size"
Wagner,NCAA D1,womens,7.0,197197,Wagner College,70,Regional Universities North,intake+outcome+resources,"sat,grad6,spend,faculty_ft,endowment,class_size"
Wake Forest,NCAA D1,mens+womens,9.1,199847,Wake Forest University,51,National Universities,intake+outcome+resources,"sat,grad6,spend,faculty_ft,endowment,class_size"
Washington,NCAA D1,mens+womens,8.1,236948,University of Washington-Seattle Campus,42,National Universities,outcome+resources,"grad6,spend,faculty_ft,endowment,class_size"
Washington State,NCAA D1,womens,5.9,236939,Washington State University,192,National Universities,outcome+resources,"grad6,spend,faculty_ft,endowment,class_size"
Weber State,NCAA D1,womens,3.2,230782,Weber State University,50,Regional Universities West,outcome+resources,"grad6,spend,faculty_ft,endowment,class_size"
West Florida,NCAA D2+NCAA D1,mens+womens,4.4,138354,University of West Florida,14,Regional Universities South,intake+outcome+resources,"sat,grad6,spend,faculty_ft,endowment,class_size"
West Georgia,NCAA D1,womens,2.3,141334,University of West Georgia,373,National Universities,intake+outcome+resources,"sat,grad6,spend,faculty_ft,endowment,class_size"
West Virginia,NCAA D1,mens+womens,5.2,238032,West Virginia University,222,National Universities,intake+outcome+resources,"sat,grad6,spend,faculty_ft,endowment,class_size"
Western Carolina,NCAA D1,womens,4.8,200004,Western Carolina University,257,National Universities,intake+outcome+resources,"sat,grad6,spend,faculty_ft,endowment,class_size"
Western Illinois,NCAA D1,mens+womens,3.3,149772,Western Illinois University,74,Regional Universities Midwest,intake+outcome+resources,"sat,grad6,spend,faculty_ft,endowment,class_size"
Western Kentucky,NCAA D1,womens,2.7,157951,Western Kentucky University,363,National Universities,intake+outcome+resources,"sat,grad6,spend,faculty_ft,endowment,class_size"
Western Michigan,NCAA D1,mens+womens,4.5,172699,Western Michigan University,293,National Universities,intake+outcome+resources,"sat,grad6,spend,faculty_ft,endowment,class_size"
William & Mary,NCAA D1,mens+womens,8.8,231624,William & Mary,51,National Universities,intake+outcome+resources,"sat,grad6,spend,faculty_ft,endowment,class_size"
Winthrop,NCAA D1,mens+womens,4.5,218964,Winthrop University,20,Regional Universities South,intake+outcome+resources,"sat,grad6,spend,faculty_ft,endowment,class_size"
Wisconsin,NCAA D1,mens+womens,8.7,240444,University of Wisconsin-Madison,36,National Universities,intake+outcome+resources,"sat,grad6,spend,faculty_ft,endowment,class_size"
Wofford,NCAA D1,mens+womens,8.0,218973,Wofford College,67,National Liberal Arts Colleges,intake+outcome+resources,"sat,grad6,spend,faculty_ft,endowment,class_size"
Wright State,NCAA D1,mens+womens,3.2,206604,Wright State University-Main Campus,395-434,National Universities,intake+outcome+resources,"sat,grad6,spend,faculty_ft,endowment,class_size"
Wyoming,NCAA D1,womens,6.7,240727,University of Wyoming,222,National Universities,outcome+resources,"grad6,spend,faculty_ft,endowment,class_size"
Xavier,NCAA D1,mens+womens,6.4,206622,Xavier University,208,National Universities,intake+outcome+resources,"sat,grad6,spend,faculty_ft,endowment,class_size"
Yale,NCAA D1,mens+womens,9.5,130794,Yale University,4,National Universities,intake+outcome+resources,"sat,grad6,spend,faculty_ft,endowment,class_size"
Youngstown State,NCAA D1,womens,4.0,206695,Youngstown State University,99,Regional Universities Midwest,intake+outcome+resources,"sat,grad6,spend,faculty_ft,endowment,class_size"
Adams State,NCAA D2,mens+womens,2.5,126182,Adams State University,102,Regional Universities West,outcome+resources,"grad6,spend,faculty_ft,endowment,class_size"
Adelphi,NCAA D2,mens+womens,6.3,188429,Adelphi University,198,National Universities,intake+outcome+resources,"sat,grad6,spend,faculty_ft,endowment,class_size"
Alabama Huntsville,NCAA D2,mens+womens,6.2,100706,University of Alabama in Huntsville,242,National Universities,intake+outcome+resources,"sat,grad6,spend,faculty_ft,endowment,class_size"
Allen,NCAA D2,womens,1.6,217624,Allen University,183-201,National Liberal Arts Colleges,outcome+resources,"grad6,spend,faculty_ft,endowment,class_size"
American International,NCAA D2,mens+womens,2.5,164447,American International College,395-434,National Universities,outcome+resources,"grad6,spend,faculty_ft,endowment,class_size"
Anderson (SC),NCAA D2,mens+womens,5.7,217633,Anderson University,31,Regional Universities South,intake+outcome+resources,"sat,grad6,spend,faculty_ft,endowment,class_size"
Angelo State,NCAA D2,womens,2.9,222831,Angelo State University,56,Regional Universities West,intake+outcome+resources,"sat,grad6,spend,faculty_ft,endowment,class_size"
Ashland,NCAA D2,mens+womens,4.4,201104,Ashland University,42,Regional Universities Midwest,intake+outcome+resources,"sat,grad6,spend,faculty_ft,endowment,class_size"
Assumption,NCAA D2,mens+womens,6.8,164562,Assumption University,50,Regional Universities North,outcome+resources,"grad6,spend,faculty_ft,endowment,class_size"
Auburn Montgomery,NCAA D2,mens+womens,3.0,100830,Auburn University at Montgomery,64,Regional Universities South,intake+outcome+resources,"sat,grad6,spend,faculty_ft,endowment,class_size"
Augustana (SD),NCAA D2,womens,6.7,219000,Augustana University,7,Regional Universities Midwest,intake+outcome+resources,"sat,grad6,spend,faculty_ft,endowment,class_size"
Barry,NCAA D2,mens+womens,2.7,132471,Barry University,395-434,National Universities,intake+outcome+resources,"sat,grad6,spend,faculty_ft,endowment,class_size"
Barton,NCAA D2,mens+womens,3.9,197911,Barton College,21,Regional Colleges South,outcome+resources,"grad6,spend,faculty_ft,endowment,class_size"
Belmont Abbey,NCAA D2,mens+womens,3.2,197984,Belmont Abbey College,12,Regional Colleges South,intake+outcome+resources,"sat,grad6,spend,faculty_ft,endowment,class_size"
Bemidji State,NCAA D2,womens,3.3,173124,Bemidji State University,71,Regional Universities Midwest,intake+outcome+resources,"sat,grad6,spend,faculty_ft,endowment,class_size"
Bentley,NCAA D2,mens+womens,8.2,164739,Bentley University,1,Regional Universities North,intake+outcome+resources,"sat,grad6,spend,faculty_ft,endowment,class_size"
Biola,NCAA D2,mens+womens,7.1,110097,Biola University,242,National Universities,intake+outcome+resources,"sat,grad6,spend,faculty_ft,endowment,class_size"
Black Hills State,NCAA D2,womens,2.6,219046,Black Hills State University,143,Regional Universities Midwest,intake+outcome+resources,"sat,grad6,spend,faculty_ft,endowment,class_size"
Bluefield State,NCAA D2,womens,2.0,237215,Bluefield State University,50,Regional Colleges South,intake+outcome+resources,"sat,grad6,spend,faculty_ft,endowment,class_size"
Bridgeport,NCAA D2,mens+womens,2.1,128744,University of Bridgeport,395-434,National Universities,outcome+resources,"grad6,spend,faculty_ft,endowment,class_size"
Cal Poly Humboldt,NCAA D2,mens+womens,4.1,115755,California State Polytechnic University-Humboldt,23,Regional Universities West,intake+outcome+resources,"sat,grad6,spend,faculty_ft,endowment,class_size"
Cal Poly Pomona,NCAA D2,mens+womens,4.3,110529,California State Polytechnic University-Pomona,3,Regional Universities West,outcome+resources,"grad6,spend,faculty_ft,endowment,class_size"
Cal State Dominguez Hills,NCAA D2,mens+womens,2.4,110547,California State University-Dominguez Hills,36,Regional Universities West,outcome+resources,"grad6,spend,faculty_ft,endowment,class_size"
Cal State East Bay,NCAA D2,mens+womens,2.6,110574,California State University-East Bay,257,National Universities,outcome+resources,"grad6,spend,faculty_ft,endowment,class_size"
Cal State LA,NCAA D2,mens,2.9,110592,California State University-Los Angeles,13,Regional Universities West,outcome+resources,"grad6,spend,faculty_ft,endowment,class_size"
Cal State Los Angeles,NCAA D2,womens,2.9,110592,California State University-Los Angeles,13,Regional Universities West,outcome+resources,"grad6,spend,faculty_ft,endowment,class_size"
Cal State Monterey Bay,NCAA D2,mens+womens,4.2,409698,California State University-Monterey Bay,11,Regional Universities West,outcome+resources,"grad6,spend,faculty_ft,endowment,class_size"
Cal State San Bernardino,NCAA D2,mens+womens,2.4,110510,California State University-San Bernardino,179,National Universities,intake+outcome+resources,"sat,grad6,spend,faculty_ft,endowment,class_size"
Cal State San Marcos,NCAA D2,mens+womens,3.0,366711,California State University-San Marcos,23,Regional Universities West,outcome+resources,"grad6,spend,faculty_ft,endowment,class_size"
Cal State Stanislaus,NCAA D2,mens+womens,3.6,110495,California State University-Stanislaus,9,Regional Universities West,outcome+resources,"grad6,spend,faculty_ft,endowment,class_size"
Caldwell,NCAA D2,mens+womens,5.9,183910,Caldwell University,84,Regional Universities North,intake+outcome+resources,"sat,grad6,spend,faculty_ft,endowment,class_size"
Carson-Newman,NCAA D2,mens+womens,3.8,219806,Carson-Newman University,358,National Universities,intake+outcome+resources,"sat,grad6,spend,faculty_ft,endowment,class_size"
Catawba,NCAA D2,mens+womens,4.4,198215,Catawba College,4,Regional Colleges South,intake+outcome+resources,"sat,grad6,spend,faculty_ft,endowment,class_size"
Cedarville,NCAA D2,mens+womens,6.0,201654,Cedarville University,17,Regional Universities Midwest,intake+outcome+resources,"sat,grad6,spend,faculty_ft,endowment,class_size"
Central Missouri,NCAA D2,womens,3.6,176965,University of Central Missouri,59,Regional Universities Midwest,intake+outcome+resources,"sat,grad6,spend,faculty_ft,endowment,class_size"
Central Oklahoma,NCAA D2,womens,3.3,206941,University of Central Oklahoma,62,Regional Universities West,intake+outcome+resources,"sat,grad6,spend,faculty_ft,endowment,class_size"
Central Washington,NCAA D2,womens,4.0,234827,Central Washington University,46,Regional Universities West,outcome+resources,"grad6,spend,faculty_ft,endowment,class_size"
Chaminade,NCAA D2,mens+womens,4.2,141486,Chaminade University of Honolulu,38,Regional Universities West,intake+outcome+resources,"sat,grad6,spend,faculty_ft,endowment,class_size"
Charleston (WV),NCAA D2,mens+womens,2.7,237312,University of Charleston,395-434,National Universities,outcome+resources,"grad6,spend,faculty_ft,endowment,class_size"
Chestnut Hill,NCAA D2,mens+womens,3.6,211583,Chestnut Hill College,128,Regional Universities North,outcome+resources,"grad6,spend,faculty_ft,endowment,class_size"
Chico State,NCAA D2,mens+womens,4.0,110538,California State University-Chico,16,Regional Universities West,intake+outcome+resources,"sat,grad6,spend,faculty_ft,endowment,class_size"
Chowan,NCAA D2,mens+womens,3.4,198303,Chowan University,67,Regional Colleges South,outcome+resources,"grad6,spend,faculty_ft,endowment,class_size"
Christian Brothers,NCAA D2,mens+womens,4.6,219833,Christian Brothers University,37,Regional Universities South,intake+outcome+resources,"sat,grad6,spend,faculty_ft,endowment,class_size"
Clayton State,NCAA D2,mens+womens,1.9,139311,Clayton  State University,80,Regional Universities South,intake+outcome+resources,"sat,grad6,spend,faculty_ft,endowment,class_size"
Coker,NCAA D2,mens+womens,2.6,217907,Coker University,99,Regional Universities South,outcome+resources,"grad6,spend,faculty_ft,endowment,class_size"
Colorado Christian,NCAA D2,mens+womens,3.4,126669,Colorado Christian University,65,Regional Universities West,outcome+resources,"grad6,spend,faculty_ft,endowment,class_size"
Colorado Mesa,NCAA D2,mens+womens,2.6,127556,Colorado Mesa University,14,Regional Colleges West,intake+outcome+resources,"sat,grad6,spend,faculty_ft,endowment,class_size"
Colorado School of Mines,NCAA D2,mens+womens,8.1,126775,Colorado School of Mines,80,National Universities,intake+outcome+resources,"sat,grad6,spend,faculty_ft,endowment,class_size"
Colorado State-Pueblo,NCAA D2,mens+womens,2.8,128106,Colorado State University Pueblo,81,Regional Universities West,intake+outcome+resources,"sat,grad6,spend,faculty_ft,endowment,class_size"
Columbus State,NCAA D2,womens,2.0,139366,Columbus State University,64,Regional Universities South,intake+outcome+resources,"sat,grad6,spend,faculty_ft,endowment,class_size"
Commonwealth University-Bloomsburg,NCAA D2,mens+womens,3.8,498562,Commonwealth University of Pennsylvania,121,Regional Universities North,intake+outcome+resources,"sat,grad6,spend,faculty_ft,endowment,class_size"
Commonwealth University-Lock Haven,NCAA D2,mens+womens,3.8,498562,Commonwealth University of Pennsylvania,121,Regional Universities North,intake+outcome+resources,"sat,grad6,spend,faculty_ft,endowment,class_size"
Commonwealth University-Mansfield,NCAA D2,womens,3.8,498562,Commonwealth University of Pennsylvania,121,Regional Universities North,intake+outcome+resources,"sat,grad6,spend,faculty_ft,endowment,class_size"
Concord,NCAA D2,mens+womens,2.3,237330,Concord University,90,Regional Universities South,intake+outcome+resources,"sat,grad6,spend,faculty_ft,endowment,class_size"
Concordia Irvine,NCAA D2,mens+womens,5.3,112075,Concordia University-Irvine,318,National Universities,outcome+resources,"grad6,spend,faculty_ft,endowment,class_size"
Concordia-St. Paul,NCAA D2,womens,2.0,173328,Concordia University-Saint Paul,105,Regional Universities Midwest,outcome+resources,"grad6,spend,faculty_ft,endowment"
Converse,NCAA D2,mens+womens,5.3,217961,Converse University,33,Regional Universities South,intake+outcome+resources,"sat,grad6,spend,faculty_ft,endowment,class_size"
D'Youville,NCAA D2,mens+womens,5.4,190716,D'Youville  University,242,National Universities,intake+outcome+resources,"sat,grad6,spend,faculty_ft,endowment,class_size"
Daemen,NCAA D2,mens+womens,4.2,190725,Daemen University,358,National Universities,outcome+resources,"grad6,spend,faculty_ft,endowment,class_size"
Dallas Baptist,NCAA D2,mens+womens,4.7,224226,Dallas Baptist University,384,National Universities,intake+outcome+resources,"sat,grad6,spend,faculty_ft,endowment,class_size"
Davenport,NCAA D2,mens+womens,3.0,169479,Davenport University,124,Regional Universities Midwest,outcome+resources,"grad6,spend,faculty_ft,endowment,class_size"
Davis & Elkins,NCAA D2,mens+womens,3.8,237358,Davis & Elkins College,27,Regional Colleges South,outcome+resources,"grad6,spend,faculty_ft,endowment,class_size"
Delta State,NCAA D2,mens+womens,3.2,175616,Delta State University,50,Regional Universities South,intake+outcome+resources,"sat,grad6,spend,faculty_ft,endowment,class_size"
District of Columbia,NCAA D2,mens,3.5,131399,University of the District of Columbia,145,Regional Universities North,outcome+resources,"grad6,spend,faculty_ft,endowment,class_size"
Dominican (CA),NCAA D2,mens+womens,7.2,113698,Dominican University of California,31,Regional Universities West,intake+outcome+resources,"sat,grad6,spend,faculty_ft,endowment,class_size"
Dominican (NY),NCAA D2,womens,3.6,190761,Dominican University New York,301,National Universities,intake+outcome+resources,"sat,grad6,spend,faculty_ft,endowment,class_size"
Dominican College (NY),NCAA D2,mens,3.6,190761,Dominican University New York,301,National Universities,intake+outcome+resources,"sat,grad6,spend,faculty_ft,endowment,class_size"
Drury,NCAA D2,mens+womens,6.3,177214,Drury University,25,Regional Universities Midwest,intake+outcome+resources,"sat,grad6,spend,faculty_ft,endowment,class_size"
East Central,NCAA D2,womens,2.6,207041,East Central University,100,Regional Universities West,intake+outcome+resources,"sat,grad6,spend,faculty_ft,endowment,class_size"
East Stroudsburg,NCAA D2,mens+womens,2.7,212115,East Stroudsburg University of Pennsylvania,136,Regional Universities North,intake+outcome+resources,"sat,grad6,spend,faculty_ft,endowment,class_size"
Eastern New Mexico,NCAA D2,mens+womens,2.1,187648,Eastern New Mexico University-Main Campus,93,Regional Universities West,intake+outcome+resources,"sat,grad6,spend,faculty_ft,endowment,class_size"
Eckerd,NCAA D2,mens+womens,7.1,133492,Eckerd College,135,National Liberal Arts Colleges,intake+outcome+resources,"sat,grad6,spend,faculty_ft,endowment,class_size"
Edward Waters,NCAA D2,womens,2.5,133526,Edward Waters University,67,Regional Colleges South,outcome+resources,"grad6,spend,faculty_ft,endowment,class_size"
Embry-Riddle,NCAA D2,mens,6.7,133553,Embry-Riddle Aeronautical University-Daytona Beach,4,Regional Universities South,intake+outcome+resources,"sat,grad6,spend,faculty_ft,endowment,class_size"
Embry–Riddle Aeronautical,NCAA D2,womens,6.7,133553,Embry-Riddle Aeronautical University-Daytona Beach,4,Regional Universities South,intake+outcome+resources,"sat,grad6,spend,faculty_ft,endowment,class_size"
Emmanuel (GA),NCAA D2,mens+womens,1.8,139630,Emmanuel University,63,Regional Colleges South,outcome+resources,"grad6,spend,faculty_ft,endowment,class_size"
Emory & Henry,NCAA D2,mens+womens,5.5,232025,Emory & Henry University,27,Regional Universities South,intake+outcome+resources,"sat,grad6,spend,faculty_ft,endowment,class_size"
Emporia State,NCAA D2,womens,4.5,155025,Emporia State University,78,Regional Universities Midwest,intake+outcome+resources,"sat,grad6,spend,faculty_ft,endowment,class_size"
Erskine,NCAA D2,mens+womens,3.1,217998,Erskine College,50,Regional Colleges South,intake+outcome+resources,"sat,grad6,spend,faculty_ft,endowment,class_size"
Fairmont State,NCAA D2,womens,2.7,237367,Fairmont State University,85,Regional Universities South,intake+outcome+resources,"sat,grad6,spend,faculty_ft,endowment,class_size"
Felician,NCAA D2,mens+womens,2.2,184612,Felician University,121,Regional Universities North,intake+outcome+resources,"sat,grad6,spend,faculty_ft,endowment,class_size"
Ferris State,NCAA D2,womens,2.8,169910,Ferris State University,329,National Universities,intake+outcome+resources,"sat,grad6,spend,faculty_ft,endowment,class_size"
Ferrum,NCAA D3+NCAA D2,mens+womens,3.9,232089,Ferrum College,60,Regional Colleges South,outcome+resources,"grad6,spend,faculty_ft,endowment,class_size"
Findlay,NCAA D2,mens+womens,5.1,202763,The University of Findlay,373,National Universities,outcome+resources,"grad6,spend,faculty_ft,endowment,class_size"
Flagler,NCAA D2,mens+womens,3.7,133711,Flagler College,3,Regional Colleges South,intake+outcome+resources,"sat,grad6,spend,faculty_ft,endowment,class_size"
Florida Southern,NCAA D2,mens+womens,7.1,134079,Florida Southern College,11,Regional Universities South,intake+outcome+resources,"sat,grad6,spend,faculty_ft,endowment,class_size"
Florida Tech,NCAA D2,mens+womens,6.3,133881,Florida Institute of Technology,232,National Universities,intake+outcome+resources,"sat,grad6,spend,faculty_ft,endowment,class_size"
Fort Hays State,NCAA D2,mens+womens,2.9,155061,Fort Hays State University,78,Regional Universities Midwest,intake+outcome+resources,"sat,grad6,spend,faculty_ft,endowment,class_size"
Fort Lewis,NCAA D2,mens+womens,3.5,127185,Fort Lewis College,17,Regional Colleges West,intake+outcome+resources,"sat,grad6,spend,faculty_ft,endowment,class_size"
Francis Marion,NCAA D2,mens+womens,3.1,218061,Francis Marion University,54,Regional Universities South,intake+outcome+resources,"sat,grad6,spend,faculty_ft,endowment,class_size"
Franklin Pierce,NCAA D2,mens+womens,5.1,182795,Franklin Pierce University,150-164,Regional Universities North,intake+outcome+resources,"sat,grad6,spend,faculty_ft,endowment,class_size"
Fresno Pacific,NCAA D2,mens+womens,4.3,114813,Fresno Pacific University,46,Regional Universities West,outcome+resources,"grad6,spend,faculty_ft,endowment,class_size"
Frostburg State,NCAA D2,mens+womens,3.6,162584,Frostburg State University,98,Regional Universities North,intake+outcome+resources,"sat,grad6,spend,faculty_ft,endowment,class_size"
Gannon,NCAA D2,mens+womens,5.3,212601,Gannon University,257,National Universities,intake+outcome+resources,"sat,grad6,spend,faculty_ft,endowment,class_size"
Georgia College,NCAA D2,womens,4.7,139861,Georgia College & State University,12,Regional Universities South,intake+outcome+resources,"sat,grad6,spend,faculty_ft,endowment,class_size"
Georgia Southwestern,NCAA D2,mens+womens,2.2,139764,Georgia Southwestern State University,96,Regional Universities South,intake+outcome+resources,"sat,grad6,spend,faculty_ft,endowment,class_size"
Georgian Court,NCAA D2,mens+womens,4.1,184773,Georgian Court University,110,Regional Universities North,outcome+resources,"grad6,spend,faculty_ft,endowment,class_size"
Glenville State,NCAA D2,womens,2.2,237385,Glenville State University,59,Regional Colleges South,outcome+resources,"grad6,spend,faculty_ft,endowment,class_size"
Goldey-Beacom,NCAA D2,mens+womens,3.7,130989,Goldey-Beacom College,128,Regional Universities North,outcome+resources,"grad6,spend,faculty_ft,endowment,class_size"
Grand Valley State,NCAA D2,womens,4.2,170082,Grand Valley State University,242,National Universities,intake+outcome+resources,"sat,grad6,spend,faculty_ft,endowment,class_size"
Harding,NCAA D2,mens+womens,5.9,107044,Harding University,301,National Universities,intake+outcome+resources,"sat,grad6,spend,faculty_ft,endowment,class_size"
Hawaii Hilo,NCAA D2,mens+womens,3.7,141565,University of Hawaii at Hilo,329,National Universities,intake+outcome+resources,"sat,grad6,spend,faculty_ft,endowment,class_size"
Hawaii Pacific,NCAA D2,mens+womens,2.8,141644,Hawaii Pacific University,86,Regional Universities West,intake+outcome+resources,"sat,grad6,spend,faculty_ft,endowment,class_size"
Holy Family,NCAA D2,mens+womens,3.3,212984,Holy Family University,98,Regional Universities North,intake+outcome+resources,"sat,grad6,spend,faculty_ft,endowment,class_size"
Illinois Springfield,NCAA D2,mens,3.7,148654,University of Illinois Springfield,29,Regional Universities Midwest,intake+outcome+resources,"sat,grad6,spend,faculty_ft,endowment,class_size"
Indianapolis,NCAA D2,mens+womens,5.6,151263,University of Indianapolis,301,National Universities,outcome+resources,"grad6,spend,faculty_ft,endowment,class_size"
IUP,NCAA D2,womens,3.8,213020,Indiana University of Pennsylvania,329,National Universities,intake+outcome+resources,"sat,grad6,spend,faculty_ft,endowment,class_size"
Jamestown,NCAA D2,mens+womens,4.8,200156,University of Jamestown,124,Regional Universities Midwest,outcome+resources,"grad6,spend,faculty_ft,endowment,class_size"
Jefferson,NCAA D2,womens,7.1,216366,Thomas Jefferson University,132,National Universities,intake+outcome+resources,"sat,grad6,spend,faculty_ft,endowment,class_size"
Jessup,NCAA D2,mens+womens,4.3,122728,William Jessup University,77,Regional Universities West,intake+outcome+resources,"sat,grad6,spend,faculty_ft,endowment,class_size"
Kentucky Wesleyan,NCAA D2,mens+womens,2.5,157076,Kentucky Wesleyan College,21,Regional Colleges South,intake+outcome+resources,"sat,grad6,spend,faculty_ft,endowment,class_size"
King (TN),NCAA D2,mens+womens,3.5,220516,King University,76,Regional Universities South,outcome+resources,"grad6,spend,faculty_ft,endowment,class_size"
Kutztown,NCAA D2,womens,5.0,213349,Kutztown University of Pennsylvania,112,Regional Universities North,intake+outcome+resources,"sat,grad6,spend,faculty_ft,endowment,class_size"
Lake Erie,NCAA D2,mens+womens,2.7,203580,Lake Erie College,145-160,Regional Universities Midwest,outcome+resources,"grad6,spend,faculty_ft,endowment,class_size"
Lander,NCAA D2,mens+womens,2.4,218229,Lander University,12,Regional Colleges South,intake+outcome+resources,"sat,grad6,spend,faculty_ft,endowment,class_size"
Lee (TN),NCAA D2,mens+womens,4.9,220613,Lee University,31,Regional Universities South,intake+outcome+resources,"sat,grad6,spend,faculty_ft,endowment,class_size"
Lees-McRae,NCAA D2,mens+womens,3.1,198808,Lees-McRae College,12,Regional Colleges South,outcome+resources,"grad6,spend,faculty_ft,endowment,class_size"
Lenoir-Rhyne,NCAA D2,mens+womens,4.9,198835,Lenoir-Rhyne University,45,Regional Universities South,outcome+resources,"grad6,spend,faculty_ft,endowment,class_size"
Lewis,NCAA D2,mens+womens,4.5,146612,Lewis University,29,Regional Universities Midwest,intake+outcome+resources,"sat,grad6,spend,faculty_ft,endowment,class_size"
Lincoln (MO),NCAA D2,mens+womens,2.7,177940,Lincoln University,51,Regional Colleges Midwest,outcome+resources,"grad6,spend,faculty_ft,endowment,class_size"
Lincoln (PA),NCAA D2,womens,3.0,213598,Lincoln University,116,Regional Universities North,intake+outcome+resources,"sat,grad6,spend,faculty_ft,endowment,class_size"
Lincoln Memorial,NCAA D2,mens+womens,4.1,220631,Lincoln Memorial University,343,National Universities,intake+outcome+resources,"sat,grad6,spend,faculty_ft,endowment,class_size"
Lubbock Christian,NCAA D2,mens+womens,3.5,226383,Lubbock Christian University,77,Regional Universities West,intake+outcome+resources,"sat,grad6,spend,faculty_ft,endowment,class_size"
Lynn,NCAA D2,mens+womens,3.6,132657,Lynn University,57,Regional Universities South,intake+outcome+resources,"sat,grad6,spend,faculty_ft,endowment,class_size"
Malone,NCAA D2,mens+womens,2.8,203775,Malone University,101,Regional Universities Midwest,intake+outcome+resources,"sat,grad6,spend,faculty_ft,endowment,class_size"
Mars Hill,NCAA D2,mens+womens,4.9,198899,Mars Hill University,27,Regional Colleges South,outcome+resources,"grad6,spend,faculty_ft,endowment,class_size"
Mary,NCAA D2,womens,5.3,200217,University of Mary,343,National Universities,intake+outcome+resources,"sat,grad6,spend,faculty_ft,endowment,class_size"
Maryville (MO),NCAA D2,mens+womens,3.7,178059,Maryville University of Saint Louis,283,National Universities,outcome+resources,"grad6,spend,faculty_ft,endowment"
McKendree,NCAA D2,mens+womens,3.2,147013,McKendree University,101,Regional Universities Midwest,intake+outcome+resources,"sat,grad6,spend,faculty_ft,endowment,class_size"
Menlo,NCAA D2,mens+womens,4.6,118693,Menlo College,,,outcome+resources,"grad6,spend,faculty_ft,endowment"
Mercy,NCAA D2,mens+womens,2.8,193016,Mercy University,116,Regional Universities North,outcome+resources,"grad6,spend,faculty_ft,endowment,class_size"
Metro State Denver,NCAA D2,mens+womens,2.5,127565,Metropolitan State University of Denver,86,Regional Universities West,intake+outcome+resources,"sat,grad6,spend,faculty_ft,endowment,class_size"
Michigan Tech,NCAA D2,womens,6.8,171128,Michigan Technological University,158,National Universities,intake+outcome+resources,"sat,grad6,spend,faculty_ft,endowment,class_size"
Middle Georgia State,NCAA D2,mens+womens,2.4,482158,Middle Georgia State University,112,Regional Universities South,intake+outcome+resources,"sat,grad6,spend,faculty_ft,endowment,class_size"
Midwestern State,NCAA D2,mens+womens,3.0,226833,Midwestern State University,77,Regional Universities West,intake+outcome+resources,"sat,grad6,spend,faculty_ft,endowment,class_size"
Millersville,NCAA D2,mens+womens,4.0,214041,Millersville University of Pennsylvania,98,Regional Universities North,intake+outcome+resources,"sat,grad6,spend,faculty_ft,endowment,class_size"
Minnesota Crookston,NCAA D2,womens,3.8,174075,University of Minnesota-Crookston,14,Regional Colleges Midwest,outcome+resources,"grad6,spend,faculty_ft,endowment,class_size"
Minnesota Duluth,NCAA D2,womens,6.1,174233,University of Minnesota-Duluth,18,Regional Universities Midwest,intake+outcome+resources,"sat,grad6,spend,faculty_ft,endowment,class_size"
Minnesota State Mankato,NCAA D2,womens,4.1,173920,Minnesota State University-Mankato,54,Regional Universities Midwest,intake+outcome+resources,"sat,grad6,spend,faculty_ft,endowment,class_size"
Minnesota State Moorhead,NCAA D2,womens,3.7,174358,Minnesota State University Moorhead,49,Regional Universities Midwest,intake+outcome+resources,"sat,grad6,spend,faculty_ft,endowment,class_size"
Minot State,NCAA D2,womens,3.3,200253,Minot State University,112,Regional Universities Midwest,intake+outcome+resources,"sat,grad6,spend,faculty_ft,endowment,class_size"
Mississippi Christian,NCAA D2,womens,3.9,176053,Mississippi Christian University,358,National Universities,intake+outcome+resources,"sat,grad6,spend,faculty_ft,endowment,class_size"
Mississippi College,NCAA D2,mens+womens,3.9,176053,Mississippi Christian University,358,National Universities,intake+outcome+resources,"sat,grad6,spend,faculty_ft,endowment,class_size"
Missouri S&T,NCAA D2,mens+womens,7.1,178411,Missouri University of Science and Technology,192,National Universities,intake+outcome+resources,"sat,grad6,spend,faculty_ft,endowment,class_size"
Missouri Southern,NCAA D2,womens,2.7,178341,Missouri Southern State University,138,Regional Universities Midwest,intake+outcome+resources,"sat,grad6,spend,faculty_ft,endowment,class_size"
Missouri Western,NCAA D2,womens,2.4,178387,Missouri Western State University,133,Regional Universities Midwest,outcome+resources,"grad6,spend,faculty_ft,endowment,class_size"
Molloy,NCAA D2,mens+womens,5.7,193292,Molloy University,66,Regional Universities North,intake+outcome+resources,"sat,grad6,spend,faculty_ft,endowment,class_size"
Monroe (NY),NCAA D2,mens,3.4,193308,Monroe University,76,Regional Universities North,outcome+resources,"grad6,spend,faculty_ft,class_size"
Montana State Billings,NCAA D2,womens,2.6,180179,Montana State University Billings,95,Regional Universities West,outcome+resources,"grad6,spend,faculty_ft,endowment,class_size"
Montevallo,NCAA D2,mens+womens,5.0,101709,University of Montevallo,22,Regional Universities South,intake+outcome+resources,"sat,grad6,spend,faculty_ft,endowment,class_size"
Mount Olive,NCAA D2,mens+womens,3.1,199069,University of Mount Olive,76,Regional Universities South,intake+outcome+resources,"sat,grad6,spend,faculty_ft,endowment,class_size"
Nebraska at Kearney,NCAA D2,womens,4.5,181215,University of Nebraska at Kearney,24,Regional Universities Midwest,intake+outcome+resources,"sat,grad6,spend,faculty_ft,endowment,class_size"
New Mexico Highlands,NCAA D2,womens,3.7,187897,New Mexico Highlands University,97,Regional Universities West,outcome+resources,"grad6,spend,faculty_ft,endowment,class_size"
Newberry,NCAA D2,mens+womens,2.9,218414,Newberry College,16,Regional Colleges South,intake+outcome+resources,"sat,grad6,spend,faculty_ft,endowment,class_size"
Newman,NCAA D2,mens+womens,4.3,155335,Newman University,118,Regional Universities Midwest,outcome+resources,"grad6,spend,faculty_ft,endowment,class_size"
North Georgia,NCAA D2,mens+womens,2.7,482680,University of North Georgia,49,Regional Universities South,intake+outcome+resources,"sat,grad6,spend,faculty_ft,endowment,class_size"
North Greenville,NCAA D2,womens,4.4,218441,North Greenville University,42,Regional Universities South,intake+outcome+resources,"sat,grad6,spend,faculty_ft,endowment,class_size"
Northeastern State,NCAA D2,mens+womens,2.8,207263,Northeastern State University,69,Regional Universities West,intake+outcome+resources,"sat,grad6,spend,faculty_ft,endowment,class_size"
Northern Michigan,NCAA D2,mens+womens,3.3,171456,Northern Michigan University,49,Regional Universities Midwest,outcome+resources,"grad6,spend,faculty_ft,endowment,class_size"
Northern State,NCAA D2,womens,3.7,219259,Northern State University,61,Regional Universities Midwest,intake+outcome+resources,"sat,grad6,spend,faculty_ft,endowment,class_size"
Northwest Missouri State,NCAA D2,womens,3.7,178624,Northwest Missouri State University,84,Regional Universities Midwest,intake+outcome+resources,"sat,grad6,spend,faculty_ft,endowment,class_size"
Northwest Nazarene,NCAA D2,mens+womens,5.4,142461,Northwest Nazarene University,56,Regional Universities West,intake+outcome+resources,"sat,grad6,spend,faculty_ft,endowment,class_size"
Northwestern Oklahoma State,NCAA D2,womens,2.2,207306,Northwestern Oklahoma State University,81,Regional Universities West,intake+outcome+resources,"sat,grad6,spend,faculty_ft,endowment,class_size"
Northwood,NCAA D2,mens+womens,3.4,171492,Northwood University,,,intake+outcome+resources,"sat,grad6,spend,faculty_ft,endowment"
Nova Southeastern,NCAA D2,mens+womens,5.4,136215,Nova Southeastern University,257,National Universities,intake+outcome+resources,"sat,grad6,spend,faculty_ft,endowment,class_size"
Ohio Dominican,NCAA D2,mens+womens,3.7,204617,Ohio Dominican University,112,Regional Universities Midwest,outcome+resources,"grad6,spend,faculty_ft,endowment,class_size"
Oklahoma Baptist,NCAA D2,womens,3.2,207403,Oklahoma Baptist University,43,Regional Universities West,intake+outcome+resources,"sat,grad6,spend,faculty_ft,endowment,class_size"
Oklahoma Christian,NCAA D2,mens+womens,3.5,207324,Oklahoma Christian University,65,Regional Universities West,intake+outcome+resources,"sat,grad6,spend,faculty_ft,endowment,class_size"
Ouachita Baptist,NCAA D2,mens+womens,6.1,107512,Ouachita Baptist University,151,National Liberal Arts Colleges,intake+outcome+resources,"sat,grad6,spend,faculty_ft,endowment,class_size"
Pace,NCAA D2,mens+womens,6.5,194310,Pace University,273,National Universities,intake+outcome+resources,"sat,grad6,spend,faculty_ft,endowment,class_size"
Palm Beach Atlantic,NCAA D2,mens+womens,4.4,136330,Palm Beach Atlantic University,384,National Universities,intake+outcome+resources,"sat,grad6,spend,faculty_ft,endowment,class_size"
PennWest California,NCAA D2,mens+womens,3.6,498571,Pennsylvania Western University,136,Regional Universities North,intake+outcome+resources,"sat,grad6,spend,faculty_ft,endowment,class_size"
PennWest Clarion,NCAA D2,womens,3.6,498571,Pennsylvania Western University,136,Regional Universities North,intake+outcome+resources,"sat,grad6,spend,faculty_ft,endowment,class_size"
PennWest Edinboro,NCAA D2,womens,3.6,498571,Pennsylvania Western University,136,Regional Universities North,intake+outcome+resources,"sat,grad6,spend,faculty_ft,endowment,class_size"
PennWest Johnstown,NCAA D2,mens,4.5,215284,University of Pittsburgh-Johnstown,14,Regional Colleges North,intake+outcome+resources,"sat,grad6,spend,faculty_ft,endowment,class_size"
Pitt-Johnstown,NCAA D2,womens,4.5,215284,University of Pittsburgh-Johnstown,14,Regional Colleges North,intake+outcome+resources,"sat,grad6,spend,faculty_ft,endowment,class_size"
Point Loma Nazarene,NCAA D2,mens+womens,7.4,121309,Point Loma Nazarene University,16,Regional Universities West,intake+outcome+resources,"sat,grad6,spend,faculty_ft,endowment,class_size"
Point Park,NCAA D2,mens+womens,4.7,215442,Point Park University,318,National Universities,outcome+resources,"grad6,spend,faculty_ft,endowment,class_size"
Post,NCAA D2,mens+womens,1.1,130183,Post University,150-164,Regional Universities North,outcome+resources,"grad6,spend,faculty_ft,class_size"
Purdue Northwest,NCAA D2,mens+womens,2.9,490805,Purdue University Northwest,101,Regional Universities Midwest,intake+outcome+resources,"sat,grad6,spend,faculty_ft,endowment,class_size"
Queens (CUNY),NCAA D2,mens+womens,4.0,190664,CUNY Queens College,38,Regional Universities North,intake+outcome+resources,"sat,grad6,spend,faculty_ft,endowment,class_size"
Quincy,NCAA D2,mens+womens,3.1,148131,Quincy University,35,Regional Colleges Midwest,intake+outcome+resources,"sat,grad6,spend,faculty_ft,endowment,class_size"
Regis (CO),NCAA D2,mens+womens,5.7,127918,Regis University,273,National Universities,intake+outcome+resources,"sat,grad6,spend,faculty_ft,endowment,class_size"
Roberts Wesleyan,NCAA D2,mens+womens,5.7,194958,Roberts Wesleyan University,84,Regional Universities North,intake+outcome+resources,"sat,grad6,spend,faculty_ft,endowment,class_size"
Rockhurst,NCAA D2,mens+womens,4.8,179043,Rockhurst University,6,Regional Universities Midwest,intake+outcome+resources,"sat,grad6,spend,faculty_ft,endowment,class_size"
Rogers State,NCAA D2,mens+womens,1.4,207661,Rogers State University,27,Regional Colleges West,intake+outcome+resources,"sat,grad6,spend,faculty_ft,endowment,class_size"
Rollins,NCAA D2,mens+womens,7.6,136950,Rollins College,2,Regional Universities South,intake+outcome+resources,"sat,grad6,spend,faculty_ft,endowment,class_size"
Roosevelt,NCAA D2,mens+womens,2.5,148487,Roosevelt University,395-434,National Universities,intake+outcome+resources,"sat,grad6,spend,faculty_ft,endowment,class_size"
Saginaw Valley State,NCAA D2,mens+womens,2.7,172051,Saginaw Valley State University,99,Regional Universities Midwest,intake+outcome+resources,"sat,grad6,spend,faculty_ft,endowment,class_size"
Saint Anselm,NCAA D2,mens+womens,6.9,183239,Saint Anselm College,96,National Liberal Arts Colleges,intake+outcome+resources,"sat,grad6,spend,faculty_ft,endowment,class_size"
Saint Leo,NCAA D2,mens+womens,1.8,137032,Saint Leo University,395-434,National Universities,outcome+resources,"grad6,spend,faculty_ft,endowment,class_size"
Saint Martin's,NCAA D2,mens+womens,3.7,236452,Saint Martin's University,56,Regional Universities West,intake+outcome+resources,"sat,grad6,spend,faculty_ft,endowment,class_size"
Saint Michael's,NCAA D2,mens+womens,7.2,231059,Saint Michael's College,115,National Liberal Arts Colleges,intake+outcome+resources,"sat,grad6,spend,faculty_ft,endowment,class_size"
Salem,NCAA D2,mens+womens,1.3,237783,Salem University,121-133,Regional Universities South,outcome+resources,"grad6,spend,faculty_ft,class_size"
San Francisco State,NCAA D2,mens+womens,3.5,122597,San Francisco State University,208,National Universities,outcome+resources,"grad6,spend,faculty_ft,endowment,class_size"
Seattle Pacific,NCAA D2,mens+womens,6.2,236577,Seattle Pacific University,242,National Universities,intake+outcome+resources,"sat,grad6,spend,faculty_ft,endowment,class_size"
Seton Hill,NCAA D2,mens+womens,5.2,215947,Seton Hill University,66,Regional Universities North,intake+outcome+resources,"sat,grad6,spend,faculty_ft,endowment,class_size"
Shaw,NCAA D2,mens+womens,2.3,199643,Shaw University,84,Regional Colleges South,outcome+resources,"grad6,spend,faculty_ft,endowment,class_size"
Shawnee State,NCAA D2,mens,2.8,205443,Shawnee State University,112,Regional Universities Midwest,outcome+resources,"grad6,spend,faculty_ft,endowment,class_size"
Shepherd,NCAA D2,mens+womens,2.7,237792,Shepherd University,82,Regional Universities South,intake+outcome+resources,"sat,grad6,spend,faculty_ft,endowment,class_size"
Shippensburg,NCAA D2,mens+womens,4.4,216010,Shippensburg University of Pennsylvania,84,Regional Universities North,intake+outcome+resources,"sat,grad6,spend,faculty_ft,endowment,class_size"
Shorter,NCAA D2,mens+womens,2.9,140988,Shorter University,121-133,Regional Universities South,intake+outcome+resources,"sat,grad6,spend,faculty_ft,endowment,class_size"
Sioux Falls,NCAA D2,womens,4.9,219383,University of Sioux Falls,71,Regional Universities Midwest,outcome+resources,"grad6,spend,faculty_ft,endowment,class_size"
Slippery Rock,NCAA D2,mens+womens,4.3,216038,Slippery Rock University of Pennsylvania,55,Regional Universities North,intake+outcome+resources,"sat,grad6,spend,faculty_ft,endowment,class_size"
South Carolina Aiken,NCAA D2,mens+womens,3.5,218645,University of South Carolina Aiken,69,Regional Universities South,intake+outcome+resources,"sat,grad6,spend,faculty_ft,endowment,class_size"
South Carolina Beaufort,NCAA D2,womens,2.2,218654,University of South Carolina Beaufort,38,Regional Colleges South,intake+outcome+resources,"sat,grad6,spend,faculty_ft,endowment,class_size"
South Dakota Mines,NCAA D2,mens,6.1,219347,South Dakota School of Mines and Technology,20,Regional Universities Midwest,intake+outcome+resources,"sat,grad6,spend,faculty_ft,endowment,class_size"
Southern Connecticut State,NCAA D2,mens+womens,2.8,130493,Southern Connecticut State University,64,Regional Universities North,intake+outcome+resources,"sat,grad6,spend,faculty_ft,endowment,class_size"
Southern Nazarene,NCAA D2,mens+womens,3.6,206862,Southern Nazarene University,67,Regional Universities West,outcome+resources,"grad6,spend,faculty_ft,endowment,class_size"
Southern New Hampshire,NCAA D2,mens+womens,2.7,183026,Southern New Hampshire University,150-164,Regional Universities North,outcome+resources,"grad6,spend,faculty_ft,endowment,class_size"
Southern Wesleyan,NCAA D2,mens+womens,4.3,217776,Southern Wesleyan University,64,Regional Universities South,intake+outcome+resources,"sat,grad6,spend,faculty_ft,endowment,class_size"
Southwest Baptist,NCAA D2,mens+womens,3.8,179326,Southwest Baptist University,107,Regional Universities Midwest,intake+outcome+resources,"sat,grad6,spend,faculty_ft,endowment,class_size"
Southwest Minnesota State,NCAA D2,mens+womens,2.3,175078,Southwest Minnesota State University,107,Regional Universities Midwest,intake+outcome+resources,"sat,grad6,spend,faculty_ft,endowment,class_size"
Southwestern Oklahoma State,NCAA D2,womens,2.7,207865,Southwestern Oklahoma State University,77,Regional Universities West,intake+outcome+resources,"sat,grad6,spend,faculty_ft,endowment,class_size"
Spring Hill,NCAA D2,mens+womens,3.9,102234,Spring Hill College,12,Regional Colleges South,intake+outcome+resources,"sat,grad6,spend,faculty_ft,endowment,class_size"
St. Cloud State,NCAA D2,mens+womens,3.0,174783,Saint Cloud State University,95,Regional Universities Midwest,intake+outcome+resources,"sat,grad6,spend,faculty_ft,endowment"
St. Edward's,NCAA D2,womens,5.0,227845,Saint Edward's University,5,Regional Universities West,intake+outcome+resources,"sat,grad6,spend,faculty_ft,endowment"
St. Mary's (TX),NCAA D2,mens+womens,4.7,228149,St. Mary's University,13,Regional Universities West,intake+outcome+resources,"sat,grad6,spend,faculty_ft,endowment"
St. Thomas Aquinas,NCAA D2,mens+womens,3.0,195243,St. Thomas Aquinas College,121,Regional Universities North,intake+outcome+resources,"sat,grad6,spend,faculty_ft,endowment"
Staten Island,NCAA D2,mens+womens,2.4,190558,College of Staten Island CUNY,98,Regional Universities North,intake+outcome+resources,"sat,grad6,spend,faculty_ft,endowment,class_size"
Sul Ross State,NCAA D2,mens+womens,2.4,228501,Sul Ross State University,100,Regional Universities West,intake+outcome+resources,"sat,grad6,spend,faculty_ft,endowment,class_size"
Tampa,NCAA D2,mens+womens,5.6,137847,The University of Tampa,13,Regional Universities South,intake+outcome+resources,"sat,grad6,spend,faculty_ft,endowment,class_size"
Texas A&M International,NCAA D2,mens+womens,2.1,226152,Texas A & M International University,38,Regional Universities West,intake+outcome+resources,"sat,grad6,spend,faculty_ft,endowment,class_size"
Texas Woman's,NCAA D2,womens,3.7,229179,Texas Woman's University,329,National Universities,outcome+resources,"grad6,spend,faculty_ft,endowment,class_size"
Thomas Jefferson,NCAA D2,mens,7.1,216366,Thomas Jefferson University,132,National Universities,intake+outcome+resources,"sat,grad6,spend,faculty_ft,endowment,class_size"
Thomas More,NCAA D2,mens+womens,3.8,157809,Thomas More University,85,Regional Universities South,intake+outcome+resources,"sat,grad6,spend,faculty_ft,endowment,class_size"
Tiffin,NCAA D2,mens+womens,2.2,206048,Tiffin University,138,Regional Universities Midwest,intake+outcome+resources,"sat,grad6,spend,faculty_ft,endowment,class_size"
Trevecca Nazarene,NCAA D2,mens+womens,3.8,221892,Trevecca Nazarene University,363,National Universities,intake+outcome+resources,"sat,grad6,spend,faculty_ft,endowment,class_size"
Truman State,NCAA D2,mens+womens,7.4,178615,Truman State University,7,Regional Universities Midwest,intake+outcome+resources,"sat,grad6,spend,faculty_ft,endowment,class_size"
Tusculum,NCAA D2,mens+womens,1.8,221953,Tusculum University,90,Regional Universities South,intake+outcome+resources,"sat,grad6,spend,faculty_ft,endowment,class_size"
Tuskegee,NCAA D2,womens,5.1,102377,Tuskegee University,10,Regional Universities South,intake+outcome+resources,"sat,grad6,spend,faculty_ft,endowment,class_size"
UC Merced,NCAA D2,mens+womens,5.9,445188,University of California-Merced,57,National Universities,outcome+resources,"grad6,spend,faculty_ft,endowment,class_size"
UCCS,NCAA D2,mens+womens,4.1,126580,University of Colorado Colorado Springs,395-434,National Universities,intake+outcome+resources,"sat,grad6,spend,faculty_ft,class_size"
UIS,NCAA D2,womens,3.7,148654,University of Illinois Springfield,29,Regional Universities Midwest,intake+outcome+resources,"sat,grad6,spend,faculty_ft,endowment,class_size"
UMSL,NCAA D2,mens+womens,5.1,178420,University of Missouri-St Louis,242,National Universities,intake+outcome+resources,"sat,grad6,spend,faculty_ft,endowment"
UNC Pembroke,NCAA D2,womens,2.6,199281,University of North Carolina at Pembroke,33,Regional Universities South,intake+outcome+resources,"sat,grad6,spend,faculty_ft,endowment,class_size"
Union (TN),NCAA D2,mens+womens,7.1,221971,Union University,242,National Universities,intake+outcome+resources,"sat,grad6,spend,faculty_ft,endowment,class_size"
Upper Iowa,NCAA D2,mens+womens,2.7,154493,Upper Iowa University,145-160,Regional Universities Midwest,intake+outcome+resources,"sat,grad6,spend,faculty_ft,endowment,class_size"
Ursuline,NCAA D2,womens,4.5,206349,Ursuline College,61,Regional Universities Midwest,intake+outcome+resources,"sat,grad6,spend,faculty_ft,endowment,class_size"
UT Dallas,NCAA D2,mens+womens,7.0,228787,The University of Texas at Dallas,110,National Universities,intake+outcome+resources,"sat,grad6,spend,faculty_ft,endowment,class_size"
UT Permian Basin,NCAA D2,womens,2.9,229018,The University of Texas Permian Basin,69,Regional Universities West,intake+outcome+resources,"sat,grad6,spend,faculty_ft,endowment,class_size"
UT Tyler,NCAA D2,mens+womens,4.8,228802,The University of Texas at Tyler,329,National Universities,intake+outcome+resources,"sat,grad6,spend,faculty_ft,endowment,class_size"
Valdosta State,NCAA D2,womens,2.2,141264,Valdosta State University,395-434,National Universities,intake+outcome+resources,"sat,grad6,spend,faculty_ft,endowment,class_size"
Vanguard,NCAA D2,mens+womens,4.5,123651,Vanguard University of Southern California,43,Regional Universities West,intake+outcome+resources,"sat,grad6,spend,faculty_ft,endowment,class_size"
Virginia State,NCAA D2,mens+womens,3.0,234155,Virginia State University,42,Regional Universities South,intake+outcome+resources,"sat,grad6,spend,faculty_ft,endowment,class_size"
Walsh,NCAA D2,mens+womens,5.4,206437,Walsh University,363,National Universities,intake+outcome+resources,"sat,grad6,spend,faculty_ft,endowment,class_size"
Washburn,NCAA D2,womens,4.4,156082,Washburn University,74,Regional Universities Midwest,outcome+resources,"grad6,spend,faculty_ft,endowment,class_size"
Wayne State (MI),NCAA D2,womens,5.2,172644,Wayne State University,179,National Universities,intake+outcome+resources,"sat,grad6,spend,faculty_ft,endowment,class_size"
Wayne State (NE),NCAA D2,womens,2.8,181783,Wayne State College,95,Regional Universities Midwest,outcome+resources,"grad6,spend,faculty_ft,endowment,class_size"
West Alabama,NCAA D2,mens+womens,1.7,101587,University of West Alabama,85,Regional Universities South,intake+outcome+resources,"sat,grad6,spend,faculty_ft,endowment,class_size"
West Chester,NCAA D2,mens+womens,5.3,216764,West Chester University of Pennsylvania,242,National Universities,intake+outcome+resources,"sat,grad6,spend,faculty_ft,endowment,class_size"
West Liberty,NCAA D2,mens+womens,3.4,237932,West Liberty University,54,Regional Universities South,intake+outcome+resources,"sat,grad6,spend,faculty_ft,endowment,class_size"
West Texas A&M,NCAA D2,mens+womens,3.3,229814,West Texas A & M University,50,Regional Universities West,intake+outcome+resources,"sat,grad6,spend,faculty_ft,endowment,class_size"
West Virginia State,NCAA D2,womens,2.0,237899,West Virginia State University,107,Regional Universities South,intake+outcome+resources,"sat,grad6,spend,faculty_ft,endowment,class_size"
West Virginia Wesleyan,NCAA D2,mens+womens,3.6,237969,West Virginia Wesleyan College,27,Regional Colleges South,intake+outcome+resources,"sat,grad6,spend,faculty_ft,endowment,class_size"
Western Colorado,NCAA D2,womens,5.2,128391,Western Colorado University,75,Regional Universities West,intake+outcome+resources,"sat,grad6,spend,faculty_ft,endowment,class_size"
Western Oregon,NCAA D2,mens+womens,3.5,210429,Western Oregon University,56,Regional Universities West,outcome+resources,"grad6,spend,faculty_ft,endowment,class_size"
Western Washington,NCAA D2,mens+womens,6.4,237011,Western Washington University,23,Regional Universities West,intake+outcome+resources,"sat,grad6,spend,faculty_ft,endowment,class_size"
Westminster (UT),NCAA D2,mens+womens,7.1,230807,Westminster University,16,Regional Universities West,intake+outcome+resources,"sat,grad6,spend,faculty_ft,endowment,class_size"
Westmont,NCAA D2,mens+womens,7.7,125727,Westmont College,115,National Liberal Arts Colleges,intake+outcome+resources,"sat,grad6,spend,faculty_ft,endowment,class_size"
Wheeling,NCAA D2,mens+womens,2.2,238078,Wheeling University,110,Regional Universities South,intake+outcome+resources,"sat,grad6,spend,faculty_ft,endowment,class_size"
William Jewell,NCAA D2,mens+womens,5.6,179955,William Jewell College,11,Regional Colleges Midwest,intake+outcome+resources,"sat,grad6,spend,faculty_ft,endowment,class_size"
Wilmington (DE),NCAA D2,mens+womens,1.9,131113,Wilmington University,395-434,National Universities,outcome+resources,"grad6,spend,faculty_ft,endowment,class_size"
Wingate,NCAA D2,mens+womens,3.6,199962,Wingate University,373,National Universities,intake+outcome+resources,"sat,grad6,spend,faculty_ft,endowment,class_size"
Winona State,NCAA D2,womens,4.1,175272,Winona State University,22,Regional Universities Midwest,intake+outcome+resources,"sat,grad6,spend,faculty_ft,endowment,class_size"
Wisconsin-Parkside,NCAA D2,mens+womens,2.9,240374,University of Wisconsin-Parkside,118,Regional Universities Midwest,intake+outcome+resources,"sat,grad6,spend,faculty_ft,endowment,class_size"
Young Harris,NCAA D2,mens+womens,3.4,141361,Young Harris College,183-201,National Liberal Arts Colleges,outcome+resources,"grad6,spend,faculty_ft,endowment,class_size"
Adrian,NCAA D3,mens,2.6,168528,Adrian College,30,Regional Colleges Midwest,intake+outcome+resources,"sat,grad6,spend,faculty_ft,endowment,class_size"
Adrian College,NCAA D3,womens,2.6,168528,Adrian College,30,Regional Colleges Midwest,intake+outcome+resources,"sat,grad6,spend,faculty_ft,endowment,class_size"
Agnes Scott College,NCAA D3,womens,7.6,138600,Agnes Scott College,67,National Liberal Arts Colleges,intake+outcome+resources,"sat,grad6,spend,faculty_ft,endowment,class_size"
Albertus Magnus,NCAA D3,mens+womens,3.2,128498,Albertus Magnus College,98,Regional Universities North,outcome+resources,"grad6,spend,faculty_ft,endowment,class_size"
Albion,NCAA D3,mens,7.0,168546,Albion College,131,National Liberal Arts Colleges,outcome+resources,"grad6,spend,faculty_ft,endowment,class_size"
Albion College,NCAA D3,womens,7.0,168546,Albion College,131,National Liberal Arts Colleges,outcome+resources,"grad6,spend,faculty_ft,endowment,class_size"
Albright,NCAA D3,mens,5.1,210571,Albright College,170,National Liberal Arts Colleges,outcome+resources,"grad6,spend,faculty_ft,endowment,class_size"
Albright College,NCAA D3,womens,5.1,210571,Albright College,170,National Liberal Arts Colleges,outcome+resources,"grad6,spend,faculty_ft,endowment,class_size"
Alfred State,NCAA D3,mens,4.1,196006,SUNY College of Technology at Alfred,16,Regional Colleges North,intake+outcome+resources,"sat,grad6,spend,faculty_ft,endowment,class_size"
Alfred University,NCAA D3,mens+womens,7.0,188641,Alfred University,61,Regional Universities North,intake+outcome+resources,"sat,grad6,spend,faculty_ft,endowment,class_size"
Allegheny,NCAA D3,mens,7.9,210669,Allegheny College,76,National Liberal Arts Colleges,intake+outcome+resources,"sat,grad6,spend,faculty_ft,endowment,class_size"
Allegheny College,NCAA D3,womens,7.9,210669,Allegheny College,76,National Liberal Arts Colleges,intake+outcome+resources,"sat,grad6,spend,faculty_ft,endowment,class_size"
Alma,NCAA D3,mens,4.9,168591,Alma College,6,Regional Colleges Midwest,intake+outcome+resources,"sat,grad6,spend,faculty_ft,endowment,class_size"
Alma College,NCAA D3,womens,4.9,168591,Alma College,6,Regional Colleges Midwest,intake+outcome+resources,"sat,grad6,spend,faculty_ft,endowment,class_size"
Alvernia,NCAA D3,mens,4.8,210775,Alvernia University,352,National Universities,intake+outcome+resources,"sat,grad6,spend,faculty_ft,endowment,class_size"
Alvernia University,NCAA D3,womens,4.8,210775,Alvernia University,352,National Universities,intake+outcome+resources,"sat,grad6,spend,faculty_ft,endowment,class_size"
Alverno College,NCAA D3,womens,3.5,238193,Alverno College,84,Regional Universities Midwest,outcome+resources,"grad6,spend,faculty_ft,endowment,class_size"
Amherst,NCAA D3,mens,9.7,164465,Amherst College,2,National Liberal Arts Colleges,intake+outcome+resources,"sat,grad6,spend,faculty_ft,endowment,class_size"
Amherst College,NCAA D3,womens,9.7,164465,Amherst College,2,National Liberal Arts Colleges,intake+outcome+resources,"sat,grad6,spend,faculty_ft,endowment,class_size"
Anderson (IN),NCAA D3,mens,4.1,150066,Anderson University,78,Regional Universities Midwest,intake+outcome+resources,"sat,grad6,spend,faculty_ft,endowment,class_size"
Anderson University (IN),NCAA D3,womens,4.1,150066,Anderson University,78,Regional Universities Midwest,intake+outcome+resources,"sat,grad6,spend,faculty_ft,endowment,class_size"
Anna Maria,NCAA D3,mens,2.4,164492,Anna Maria College,150-164,Regional Universities North,outcome+resources,"grad6,spend,faculty_ft,endowment,class_size"
Anna Maria College,NCAA D3,womens,2.4,164492,Anna Maria College,150-164,Regional Universities North,outcome+resources,"grad6,spend,faculty_ft,endowment,class_size"
Arcadia,NCAA D3,mens,5.6,211088,Arcadia University,76,Regional Universities North,intake+outcome+resources,"sat,grad6,spend,faculty_ft,endowment,class_size"
Arcadia University,NCAA D3,womens,5.6,211088,Arcadia University,76,Regional Universities North,intake+outcome+resources,"sat,grad6,spend,faculty_ft,endowment,class_size"
Asbury,NCAA D3,mens,5.0,156213,Asbury University,23,Regional Universities South,intake+outcome+resources,"sat,grad6,spend,faculty_ft,endowment,class_size"
Asbury University,NCAA D3,womens,5.0,156213,Asbury University,23,Regional Universities South,intake+outcome+resources,"sat,grad6,spend,faculty_ft,endowment,class_size"
Augsburg,NCAA D3,mens,4.2,173045,Augsburg University,32,Regional Universities Midwest,outcome+resources,"grad6,spend,faculty_ft,endowment,class_size"
Augsburg University,NCAA D3,womens,4.2,173045,Augsburg University,32,Regional Universities Midwest,outcome+resources,"grad6,spend,faculty_ft,endowment,class_size"
Augustana (IL),NCAA D3,mens,6.2,143084,Augustana College,96,National Liberal Arts Colleges,intake+outcome+resources,"sat,grad6,spend,faculty_ft,endowment,class_size"
Augustana College,NCAA D3,womens,6.2,143084,Augustana College,96,National Liberal Arts Colleges,intake+outcome+resources,"sat,grad6,spend,faculty_ft,endowment,class_size"
Aurora,NCAA D3,mens,3.0,143118,Aurora University,283,National Universities,intake+outcome+resources,"sat,grad6,spend,faculty_ft,endowment,class_size"
Aurora University,NCAA D3,womens,3.0,143118,Aurora University,283,National Universities,intake+outcome+resources,"sat,grad6,spend,faculty_ft,endowment,class_size"
Austin College,NCAA D3,mens+womens,7.0,222983,Austin College,84,National Liberal Arts Colleges,intake+outcome+resources,"sat,grad6,spend,faculty_ft,endowment,class_size"
Averett,NCAA D3,mens,4.2,231420,Averett University,76,Regional Universities South,intake+outcome+resources,"sat,grad6,spend,faculty_ft,endowment,class_size"
Averett University,NCAA D3,womens,4.2,231420,Averett University,76,Regional Universities South,intake+outcome+resources,"sat,grad6,spend,faculty_ft,endowment,class_size"
Azusa Pacific University,NCAA D3,womens,6.0,109785,Azusa Pacific University,283,National Universities,intake+outcome+resources,"sat,grad6,spend,faculty_ft,endowment,class_size"
Babson,NCAA D3,mens,9.1,164580,Babson College,,,intake+outcome+resources,"sat,grad6,spend,faculty_ft,endowment"
Babson College,NCAA D3,womens,9.1,164580,Babson College,,,intake+outcome+resources,"sat,grad6,spend,faculty_ft,endowment"
Baldwin Wallace,NCAA D3,mens,6.2,201195,Baldwin Wallace University,12,Regional Universities Midwest,intake+outcome+resources,"sat,grad6,spend,faculty_ft,endowment,class_size"
Baldwin Wallace University,NCAA D3,womens,6.2,201195,Baldwin Wallace University,12,Regional Universities Midwest,intake+outcome+resources,"sat,grad6,spend,faculty_ft,endowment,class_size"
Bard,NCAA D3,mens,8.1,189088,Bard College,70,National Liberal Arts Colleges,intake+outcome+resources,"sat,grad6,spend,faculty_ft,endowment,class_size"
Bard College,NCAA D3,womens,8.1,189088,Bard College,70,National Liberal Arts Colleges,intake+outcome+resources,"sat,grad6,spend,faculty_ft,endowment,class_size"
Bates,NCAA D3,mens,9.3,160977,Bates College,24,National Liberal Arts Colleges,intake+outcome+resources,"sat,grad6,spend,faculty_ft,endowment,class_size"
Bates College,NCAA D3,womens,9.3,160977,Bates College,24,National Liberal Arts Colleges,intake+outcome+resources,"sat,grad6,spend,faculty_ft,endowment,class_size"
Batten University,NCAA D3,womens,4.0,234173,Virginia Wesleyan University,178,National Liberal Arts Colleges,outcome+resources,"grad6,spend,faculty_ft,endowment,class_size"
Belhaven,NCAA D3,mens,3.1,175421,Belhaven University,395-434,National Universities,intake+outcome+resources,"sat,grad6,spend,faculty_ft,endowment,class_size"
Belhaven University,NCAA D3,womens,3.1,175421,Belhaven University,395-434,National Universities,intake+outcome+resources,"sat,grad6,spend,faculty_ft,endowment,class_size"
Beloit,NCAA D3,mens,7.3,238333,Beloit College,92,National Liberal Arts Colleges,intake+outcome+resources,"sat,grad6,spend,faculty_ft,endowment,class_size"
Beloit College,NCAA D3,womens,7.3,238333,Beloit College,92,National Liberal Arts Colleges,intake+outcome+resources,"sat,grad6,spend,faculty_ft,endowment,class_size"
Benedictine (IL),NCAA D3,mens,2.9,145619,Benedictine University,61,Regional Universities Midwest,intake+outcome+resources,"sat,grad6,spend,faculty_ft,endowment,class_size"
Benedictine University,NCAA D3,womens,2.9,145619,Benedictine University,61,Regional Universities Midwest,intake+outcome+resources,"sat,grad6,spend,faculty_ft,endowment,class_size"
Berea,NCAA D3,mens,7.2,156295,Berea College,45,National Liberal Arts Colleges,intake+outcome+resources,"sat,grad6,spend,faculty_ft,endowment,class_size"
Berea College,NCAA D3,womens,7.2,156295,Berea College,45,National Liberal Arts Colleges,intake+outcome+resources,"sat,grad6,spend,faculty_ft,endowment,class_size"
Berry,NCAA D3,mens,7.1,139144,Berry College,4,Regional Universities South,intake+outcome+resources,"sat,grad6,spend,faculty_ft,endowment,class_size"
Berry College,NCAA D3,womens,7.1,139144,Berry College,4,Regional Universities South,intake+outcome+resources,"sat,grad6,spend,faculty_ft,endowment,class_size"
Bethany (WV),NCAA D3,mens,4.2,237181,Bethany College,183-201,National Liberal Arts Colleges,outcome+resources,"grad6,spend,faculty_ft,endowment,class_size"
Bethany College (WV),NCAA D3,womens,4.2,237181,Bethany College,183-201,National Liberal Arts Colleges,outcome+resources,"grad6,spend,faculty_ft,endowment,class_size"
Bethany Lutheran,NCAA D3,mens,4.7,173142,Bethany Lutheran College,154,National Liberal Arts Colleges,intake+outcome+resources,"sat,grad6,spend,faculty_ft,endowment,class_size"
Bethany Lutheran College,NCAA D3,womens,4.7,173142,Bethany Lutheran College,154,National Liberal Arts Colleges,intake+outcome+resources,"sat,grad6,spend,faculty_ft,endowment,class_size"
Bethel (MN),NCAA D3,mens,6.2,173160,Bethel University,232,National Universities,intake+outcome+resources,"sat,grad6,spend,faculty_ft,endowment,class_size"
Bethel University (MN),NCAA D3,womens,6.2,173160,Bethel University,232,National Universities,intake+outcome+resources,"sat,grad6,spend,faculty_ft,endowment,class_size"
Blackburn,NCAA D3,mens,4.1,143288,Blackburn College,23,Regional Colleges Midwest,intake+outcome+resources,"sat,grad6,spend,faculty_ft,endowment,class_size"
Blackburn College,NCAA D3,womens,4.1,143288,Blackburn College,23,Regional Colleges Midwest,intake+outcome+resources,"sat,grad6,spend,faculty_ft,endowment,class_size"
Bluffton,NCAA D3,mens,3.3,201371,Bluffton University,38,Regional Colleges Midwest,intake+outcome+resources,"sat,grad6,spend,faculty_ft,endowment,class_size"
Bluffton University,NCAA D3,womens,3.3,201371,Bluffton University,38,Regional Colleges Midwest,intake+outcome+resources,"sat,grad6,spend,faculty_ft,endowment,class_size"
Bob Jones,NCAA D3,mens,4.9,217749,Bob Jones University,23,Regional Universities South,intake+outcome+resources,"sat,grad6,spend,faculty_ft,endowment,class_size"
Bowdoin,NCAA D3,mens,9.6,161004,Bowdoin College,5,National Liberal Arts Colleges,intake+outcome+resources,"sat,grad6,spend,faculty_ft,endowment,class_size"
Bowdoin College,NCAA D3,womens,9.6,161004,Bowdoin College,5,National Liberal Arts Colleges,intake+outcome+resources,"sat,grad6,spend,faculty_ft,endowment,class_size"
Brandeis,NCAA D3,mens,9.0,165015,Brandeis University,69,National Universities,intake+outcome+resources,"sat,grad6,spend,faculty_ft,endowment,class_size"
Brandeis University,NCAA D3,womens,9.0,165015,Brandeis University,69,National Universities,intake+outcome+resources,"sat,grad6,spend,faculty_ft,endowment,class_size"
Brevard,NCAA D3,mens,3.5,198066,Brevard College,30,Regional Colleges South,intake+outcome+resources,"sat,grad6,spend,faculty_ft,endowment,class_size"
Brevard College,NCAA D3,womens,3.5,198066,Brevard College,30,Regional Colleges South,intake+outcome+resources,"sat,grad6,spend,faculty_ft,endowment,class_size"
Bridgewater (VA),NCAA D3,mens,4.8,231581,Bridgewater College,167,National Liberal Arts Colleges,intake+outcome+resources,"sat,grad6,spend,faculty_ft,endowment,class_size"
Bridgewater College,NCAA D3,womens,4.8,231581,Bridgewater College,167,National Liberal Arts Colleges,intake+outcome+resources,"sat,grad6,spend,faculty_ft,endowment,class_size"
Bridgewater State,NCAA D3,mens,5.0,165024,Bridgewater State University,98,Regional Universities North,intake+outcome+resources,"sat,grad6,spend,faculty_ft,endowment,class_size"
Bridgewater State University,NCAA D3,womens,5.0,165024,Bridgewater State University,98,Regional Universities North,intake+outcome+resources,"sat,grad6,spend,faculty_ft,endowment,class_size"
Bryn Athyn,NCAA D3,mens,7.3,210492,Bryn Athyn College of the New Church,180,National Liberal Arts Colleges,outcome+resources,"grad6,spend,faculty_ft,endowment,class_size"
Bryn Athyn College of the New Church,NCAA D3,womens,7.3,210492,Bryn Athyn College of the New Church,180,National Liberal Arts Colleges,outcome+resources,"grad6,spend,faculty_ft,endowment,class_size"
Bryn Mawr College,NCAA D3,womens,8.9,211273,Bryn Mawr College,30,National Liberal Arts Colleges,intake+outcome+resources,"sat,grad6,spend,faculty_ft,endowment,class_size"
Buena Vista,NCAA D3,mens,4.4,153001,Buena Vista University,49,Regional Universities Midwest,intake+outcome+resources,"sat,grad6,spend,faculty_ft,endowment,class_size"
Buena Vista University,NCAA D3,womens,4.4,153001,Buena Vista University,49,Regional Universities Midwest,intake+outcome+resources,"sat,grad6,spend,faculty_ft,endowment,class_size"
Cairn,NCAA D3,mens,3.8,215114,Cairn University-Langhorne,140,Regional Universities North,intake+outcome+resources,"sat,grad6,spend,faculty_ft,endowment,class_size"
Cairn University,NCAA D3,womens,3.8,215114,Cairn University-Langhorne,140,Regional Universities North,intake+outcome+resources,"sat,grad6,spend,faculty_ft,endowment,class_size"
Cal Lutheran,NCAA D3,mens+womens,7.2,110413,California Lutheran University,16,Regional Universities West,intake+outcome+resources,"sat,grad6,spend,faculty_ft,endowment,class_size"
California Institute of Technology,NCAA D3,womens,9.6,110404,California Institute of Technology,11,National Universities,outcome+resources,"grad6,spend,faculty_ft,endowment,class_size"
California Lutheran University,NCAA D3,womens,7.2,110413,California Lutheran University,16,Regional Universities West,intake+outcome+resources,"sat,grad6,spend,faculty_ft,endowment,class_size"
Caltech,NCAA D3,mens,9.6,110404,California Institute of Technology,11,National Universities,outcome+resources,"grad6,spend,faculty_ft,endowment,class_size"
Calvin,NCAA D3,mens,7.3,169080,Calvin University,4,Regional Universities Midwest,intake+outcome+resources,"sat,grad6,spend,faculty_ft,endowment,class_size"
Calvin University,NCAA D3,womens,7.3,169080,Calvin University,4,Regional Universities Midwest,intake+outcome+resources,"sat,grad6,spend,faculty_ft,endowment,class_size"
Capital,NCAA D3,mens,4.4,201548,Capital University,42,Regional Universities Midwest,intake+outcome+resources,"sat,grad6,spend,faculty_ft,endowment,class_size"
Capital University,NCAA D3,womens,4.4,201548,Capital University,42,Regional Universities Midwest,intake+outcome+resources,"sat,grad6,spend,faculty_ft,endowment,class_size"
Carleton,NCAA D3,mens,9.4,173258,Carleton College,10,National Liberal Arts Colleges,intake+outcome+resources,"sat,grad6,spend,faculty_ft,endowment,class_size"
Carleton College,NCAA D3,womens,9.4,173258,Carleton College,10,National Liberal Arts Colleges,intake+outcome+resources,"sat,grad6,spend,faculty_ft,endowment,class_size"
Carlow,NCAA D3,mens,4.6,211431,Carlow University,84,Regional Universities North,intake+outcome+resources,"sat,grad6,spend,faculty_ft,endowment,class_size"
Carlow University,NCAA D3,womens,4.6,211431,Carlow University,84,Regional Universities North,intake+outcome+resources,"sat,grad6,spend,faculty_ft,endowment,class_size"
Carnegie Mellon,NCAA D3,mens,9.7,211440,Carnegie Mellon University,20,National Universities,intake+outcome+resources,"sat,grad6,spend,faculty_ft,endowment,class_size"
Carnegie Mellon University,NCAA D3,womens,9.7,211440,Carnegie Mellon University,20,National Universities,intake+outcome+resources,"sat,grad6,spend,faculty_ft,endowment,class_size"
Carroll (WI),NCAA D3,mens,5.5,238458,Carroll University,32,Regional Universities Midwest,intake+outcome+resources,"sat,grad6,spend,faculty_ft,endowment,class_size"
Carroll University,NCAA D3,womens,5.5,238458,Carroll University,32,Regional Universities Midwest,intake+outcome+resources,"sat,grad6,spend,faculty_ft,endowment,class_size"
Carthage,NCAA D3,mens,5.0,238476,Carthage College,46,Regional Universities Midwest,intake+outcome+resources,"sat,grad6,spend,faculty_ft,endowment,class_size"
Carthage College,NCAA D3,womens,5.0,238476,Carthage College,46,Regional Universities Midwest,intake+outcome+resources,"sat,grad6,spend,faculty_ft,endowment,class_size"
Case Western Reserve,NCAA D3,mens,9.2,201645,Case Western Reserve University,51,National Universities,intake+outcome+resources,"sat,grad6,spend,faculty_ft,endowment,class_size"
Case Western Reserve University,NCAA D3,womens,9.2,201645,Case Western Reserve University,51,National Universities,intake+outcome+resources,"sat,grad6,spend,faculty_ft,endowment,class_size"
Catholic,NCAA D3,mens,7.3,131283,The Catholic University of America,169,National Universities,intake+outcome+resources,"sat,grad6,spend,faculty_ft,endowment,class_size"
Catholic University of America,NCAA D3,womens,7.3,131283,The Catholic University of America,169,National Universities,intake+outcome+resources,"sat,grad6,spend,faculty_ft,endowment,class_size"
Cedar Crest College,NCAA D3,womens,4.1,211468,Cedar Crest College,98,Regional Universities North,intake+outcome+resources,"sat,grad6,spend,faculty_ft,endowment,class_size"
Centenary (LA),NCAA D3,mens,5.0,158477,Centenary College of Louisiana,143,National Liberal Arts Colleges,intake+outcome+resources,"sat,grad6,spend,faculty_ft,endowment,class_size"
Centenary (NJ),NCAA D3,mens,5.4,183974,Centenary University,98,Regional Universities North,outcome+resources,"grad6,spend,faculty_ft,endowment,class_size"
Centenary College of Louisiana,NCAA D3,womens,5.0,158477,Centenary College of Louisiana,143,National Liberal Arts Colleges,intake+outcome+resources,"sat,grad6,spend,faculty_ft,endowment,class_size"
Centenary University,NCAA D3,womens,5.4,183974,Centenary University,98,Regional Universities North,outcome+resources,"grad6,spend,faculty_ft,endowment,class_size"
Central (IA),NCAA D3,mens,5.9,153108,Central College,131,National Liberal Arts Colleges,intake+outcome+resources,"sat,grad6,spend,faculty_ft,endowment,class_size"
Central College,NCAA D3,womens,5.9,153108,Central College,131,National Liberal Arts Colleges,intake+outcome+resources,"sat,grad6,spend,faculty_ft,endowment,class_size"
Centre,NCAA D3,mens,8.6,156408,Centre College,55,National Liberal Arts Colleges,intake+outcome+resources,"sat,grad6,spend,faculty_ft,endowment,class_size"
Centre College,NCAA D3,womens,8.6,156408,Centre College,55,National Liberal Arts Colleges,intake+outcome+resources,"sat,grad6,spend,faculty_ft,endowment,class_size"
Chapman,NCAA D3,mens,8.6,111948,Chapman University,110,National Universities,intake+outcome+resources,"sat,grad6,spend,faculty_ft,endowment,class_size"
Chapman University,NCAA D3,womens,8.6,111948,Chapman University,110,National Universities,intake+outcome+resources,"sat,grad6,spend,faculty_ft,endowment,class_size"
Chatham,NCAA D3,mens,6.5,211556,Chatham University,213,National Universities,intake+outcome+resources,"sat,grad6,spend,faculty_ft,endowment,class_size"
Chatham University,NCAA D3,womens,6.5,211556,Chatham University,213,National Universities,intake+outcome+resources,"sat,grad6,spend,faculty_ft,endowment,class_size"
Christopher Newport,NCAA D3,mens,5.9,231712,Christopher Newport University,6,Regional Universities South,intake+outcome+resources,"sat,grad6,spend,faculty_ft,endowment,class_size"
Christopher Newport University,NCAA D3,womens,5.9,231712,Christopher Newport University,6,Regional Universities South,intake+outcome+resources,"sat,grad6,spend,faculty_ft,endowment,class_size"
Claremont McKenna College,NCAA D3,womens,9.6,112260,Claremont McKenna College,7,National Liberal Arts Colleges,intake+outcome+resources,"sat,grad6,spend,faculty_ft,endowment,class_size"
Claremont-Mudd-Scripps,NCAA D3,mens+womens,9.6,112260,Claremont McKenna College,7,National Liberal Arts Colleges,intake+outcome+resources,"sat,grad6,spend,faculty_ft,endowment,class_size"
Clark (MA),NCAA D3,mens,8.7,165334,Clark University,132,National Universities,intake+outcome+resources,"sat,grad6,spend,faculty_ft,endowment,class_size"
Clark University,NCAA D3,womens,8.7,165334,Clark University,132,National Universities,intake+outcome+resources,"sat,grad6,spend,faculty_ft,endowment,class_size"
Clarkson,NCAA D3,mens,7.8,190044,Clarkson University,143,National Universities,intake+outcome+resources,"sat,grad6,spend,faculty_ft,endowment,class_size"
Clarkson University,NCAA D3,womens,7.8,190044,Clarkson University,143,National Universities,intake+outcome+resources,"sat,grad6,spend,faculty_ft,endowment,class_size"
Coe,NCAA D3,mens,6.6,153144,Coe College,126,National Liberal Arts Colleges,intake+outcome+resources,"sat,grad6,spend,faculty_ft,endowment,class_size"
Coe College,NCAA D3,womens,6.6,153144,Coe College,126,National Liberal Arts Colleges,intake+outcome+resources,"sat,grad6,spend,faculty_ft,endowment,class_size"
Colby,NCAA D3,mens,9.3,161086,Colby College,24,National Liberal Arts Colleges,intake+outcome+resources,"sat,grad6,spend,faculty_ft,endowment,class_size"
Colby College,NCAA D3,womens,9.3,161086,Colby College,24,National Liberal Arts Colleges,intake+outcome+resources,"sat,grad6,spend,faculty_ft,endowment,class_size"
Colby-Sawyer,NCAA D3,mens+womens,5.7,182634,Colby-Sawyer College,12,Regional Colleges North,outcome+resources,"grad6,spend,faculty_ft,endowment,class_size"
College of Mount Saint Vincent,NCAA D3,womens,3.5,193399,University of Mount Saint Vincent,11,Regional Colleges North,intake+outcome+resources,"sat,grad6,spend,faculty_ft,endowment,class_size"
College of Saint Benedict,NCAA D3,womens,6.7,174747,College of Saint Benedict,73,National Liberal Arts Colleges,intake+outcome+resources,"sat,grad6,spend,faculty_ft,endowment"
College of Wooster,NCAA D3,mens,8.3,206589,The College of Wooster,76,National Liberal Arts Colleges,intake+outcome+resources,"sat,grad6,spend,faculty_ft,endowment,class_size"
Concordia (MN),NCAA D3,mens,5.9,173300,Concordia College at Moorhead,135,National Liberal Arts Colleges,intake+outcome+resources,"sat,grad6,spend,faculty_ft,endowment,class_size"
Concordia Chicago,NCAA D3,mens,2.7,144351,Concordia University-Chicago,129,Regional Universities Midwest,outcome+resources,"grad6,spend,faculty_ft,endowment,class_size"
Concordia College-Moorhead,NCAA D3,womens,5.9,173300,Concordia College at Moorhead,135,National Liberal Arts Colleges,intake+outcome+resources,"sat,grad6,spend,faculty_ft,endowment,class_size"
Concordia Texas,NCAA D3,mens,3.5,224004,Concordia University Texas,103,Regional Universities West,outcome+resources,"grad6,spend,faculty_ft,endowment,class_size"
Concordia University-Chicago,NCAA D3,womens,2.7,144351,Concordia University-Chicago,129,Regional Universities Midwest,outcome+resources,"grad6,spend,faculty_ft,endowment,class_size"
Concordia University-Texas,NCAA D3,womens,3.5,224004,Concordia University Texas,103,Regional Universities West,outcome+resources,"grad6,spend,faculty_ft,endowment,class_size"
Concordia University-Wisconsin,NCAA D3,womens,6.2,238616,Concordia University-Wisconsin,329,National Universities,intake+outcome+resources,"sat,grad6,spend,faculty_ft,endowment,class_size"
Concordia Wisconsin,NCAA D3,mens,6.2,238616,Concordia University-Wisconsin,329,National Universities,intake+outcome+resources,"sat,grad6,spend,faculty_ft,endowment,class_size"
Connecticut College,NCAA D3,mens+womens,8.4,128902,Connecticut College,50,National Liberal Arts Colleges,intake+outcome+resources,"sat,grad6,spend,faculty_ft,endowment,class_size"
Cornell College,NCAA D3,mens+womens,6.7,153162,Cornell College,121,National Liberal Arts Colleges,intake+outcome+resources,"sat,grad6,spend,faculty_ft,endowment,class_size"
Covenant,NCAA D3,mens,7.3,139393,Covenant College,126,National Liberal Arts Colleges,intake+outcome+resources,"sat,grad6,spend,faculty_ft,endowment,class_size"
Covenant College,NCAA D3,womens,7.3,139393,Covenant College,126,National Liberal Arts Colleges,intake+outcome+resources,"sat,grad6,spend,faculty_ft,endowment,class_size"
Crown (MN),NCAA D3,mens,1.8,174862,Crown College,135,Regional Universities Midwest,outcome+resources,"grad6,spend,faculty_ft,endowment,class_size"
Crown College,NCAA D3,womens,1.8,174862,Crown College,135,Regional Universities Midwest,outcome+resources,"grad6,spend,faculty_ft,endowment,class_size"
CUNY Brooklyn College,NCAA D3,womens,4.3,190549,CUNY Brooklyn College,38,Regional Universities North,intake+outcome+resources,"sat,grad6,spend,faculty_ft,endowment,class_size"
CUNY City College,NCAA D3,womens,6.0,190567,CUNY City College,132,National Universities,intake+outcome+resources,"sat,grad6,spend,faculty_ft,endowment,class_size"
CUNY John Jay College of Criminal Justice,NCAA D3,womens,3.6,190600,CUNY John Jay College of Criminal Justice,17,Regional Universities North,intake+outcome+resources,"sat,grad6,spend,faculty_ft,endowment,class_size"
CUNY Lehman College,NCAA D3,womens,2.9,190637,CUNY Lehman College,33,Regional Universities North,intake+outcome+resources,"sat,grad6,spend,faculty_ft,endowment,class_size"
CUNY Medgar Evers College,NCAA D3,womens,2.5,190646,CUNY Medgar Evers College,176,National Liberal Arts Colleges,intake+outcome+resources,"sat,grad6,spend,faculty_ft,endowment,class_size"
CUNY York College,NCAA D3,womens,2.4,190691,CUNY York College,144,Regional Universities North,intake+outcome+resources,"sat,grad6,spend,faculty_ft,endowment,class_size"
Curry,NCAA D3,mens,4.6,165529,Curry College,140,Regional Universities North,intake+outcome+resources,"sat,grad6,spend,faculty_ft,endowment,class_size"
Curry College,NCAA D3,womens,4.6,165529,Curry College,140,Regional Universities North,intake+outcome+resources,"sat,grad6,spend,faculty_ft,endowment,class_size"
Dean,NCAA D3,womens,3.6,165574,Dean College,31,Regional Colleges North,outcome+resources,"grad6,spend,faculty_ft,endowment,class_size"
Dean College,NCAA D3,mens,3.6,165574,Dean College,31,Regional Colleges North,outcome+resources,"grad6,spend,faculty_ft,endowment,class_size"
Delaware Valley,NCAA D3,mens,4.8,211981,Delaware Valley University,136,Regional Universities North,intake+outcome+resources,"sat,grad6,spend,faculty_ft,endowment,class_size"
Delaware Valley University,NCAA D3,womens,4.8,211981,Delaware Valley University,136,Regional Universities North,intake+outcome+resources,"sat,grad6,spend,faculty_ft,endowment,class_size"
Denison,NCAA D3,mens,8.9,202523,Denison University,34,National Liberal Arts Colleges,intake+outcome+resources,"sat,grad6,spend,faculty_ft,endowment,class_size"
Denison University,NCAA D3,womens,8.9,202523,Denison University,34,National Liberal Arts Colleges,intake+outcome+resources,"sat,grad6,spend,faculty_ft,endowment,class_size"
DePauw,NCAA D3,mens,8.4,150400,DePauw University,58,National Liberal Arts Colleges,intake+outcome+resources,"sat,grad6,spend,faculty_ft,endowment,class_size"
DePauw University,NCAA D3,womens,8.4,150400,DePauw University,58,National Liberal Arts Colleges,intake+outcome+resources,"sat,grad6,spend,faculty_ft,endowment,class_size"
DeSales,NCAA D3,mens,5.9,210739,DeSales University,283,National Universities,intake+outcome+resources,"sat,grad6,spend,faculty_ft,endowment,class_size"
DeSales University,NCAA D3,womens,5.9,210739,DeSales University,283,National Universities,intake+outcome+resources,"sat,grad6,spend,faculty_ft,endowment,class_size"
Dickinson,NCAA D3,mens,8.6,212009,Dickinson College,45,National Liberal Arts Colleges,intake+outcome+resources,"sat,grad6,spend,faculty_ft,endowment,class_size"
Dickinson College,NCAA D3,womens,8.6,212009,Dickinson College,45,National Liberal Arts Colleges,intake+outcome+resources,"sat,grad6,spend,faculty_ft,endowment,class_size"
Dominican (IL),NCAA D3,mens,3.2,148496,Dominican University,25,Regional Universities Midwest,intake+outcome+resources,"sat,grad6,spend,faculty_ft,endowment,class_size"
Dominican University,NCAA D3,womens,3.2,148496,Dominican University,25,Regional Universities Midwest,intake+outcome+resources,"sat,grad6,spend,faculty_ft,endowment,class_size"
Drew,NCAA D3,mens,7.1,184348,Drew University,84,National Liberal Arts Colleges,intake+outcome+resources,"sat,grad6,spend,faculty_ft,endowment,class_size"
Drew University,NCAA D3,womens,7.1,184348,Drew University,84,National Liberal Arts Colleges,intake+outcome+resources,"sat,grad6,spend,faculty_ft,endowment,class_size"
Earlham,NCAA D3,mens,7.6,150455,Earlham College,76,National Liberal Arts Colleges,intake+outcome+resources,"sat,grad6,spend,faculty_ft,endowment,class_size"
Earlham College,NCAA D3,womens,7.6,150455,Earlham College,76,National Liberal Arts Colleges,intake+outcome+resources,"sat,grad6,spend,faculty_ft,endowment,class_size"
East Texas Baptist,NCAA D3,mens,3.3,224527,East Texas Baptist University,81,Regional Universities West,intake+outcome+resources,"sat,grad6,spend,faculty_ft,endowment,class_size"
East Texas Baptist University,NCAA D3,womens,3.3,224527,East Texas Baptist University,81,Regional Universities West,intake+outcome+resources,"sat,grad6,spend,faculty_ft,endowment,class_size"
Eastern (PA),NCAA D3,mens,2.6,212133,Eastern University,146,Regional Universities North,outcome+resources,"grad6,spend,faculty_ft,endowment,class_size"
Eastern Connecticut,NCAA D3,mens+womens,4.8,129215,Eastern Connecticut State University,66,Regional Universities North,intake+outcome+resources,"sat,grad6,spend,faculty_ft,endowment,class_size"
Eastern Mennonite,NCAA D3,mens,7.0,232043,Eastern Mennonite University,62,Regional Universities South,outcome+resources,"grad6,spend,faculty_ft,endowment,class_size"
Eastern Mennonite University,NCAA D3,womens,7.0,232043,Eastern Mennonite University,62,Regional Universities South,outcome+resources,"grad6,spend,faculty_ft,endowment,class_size"
Eastern University,NCAA D3,womens,2.6,212133,Eastern University,146,Regional Universities North,outcome+resources,"grad6,spend,faculty_ft,endowment,class_size"
Edgewood,NCAA D3,mens,4.4,238661,Edgewood University,301,National Universities,outcome+resources,"grad6,spend,faculty_ft,endowment,class_size"
Edgewood College,NCAA D3,womens,4.4,238661,Edgewood University,301,National Universities,outcome+resources,"grad6,spend,faculty_ft,endowment,class_size"
Elizabethtown,NCAA D3,mens,6.3,212197,Elizabethtown College,45,Regional Universities North,intake+outcome+resources,"sat,grad6,spend,faculty_ft,endowment,class_size"
Elizabethtown College,NCAA D3,womens,6.3,212197,Elizabethtown College,45,Regional Universities North,intake+outcome+resources,"sat,grad6,spend,faculty_ft,endowment,class_size"
Elmhurst,NCAA D3,mens,5.1,144962,Elmhurst University,7,Regional Universities Midwest,intake+outcome+resources,"sat,grad6,spend,faculty_ft,endowment,class_size"
Elmhurst University,NCAA D3,womens,5.1,144962,Elmhurst University,7,Regional Universities Midwest,intake+outcome+resources,"sat,grad6,spend,faculty_ft,endowment,class_size"
Elmira,NCAA D3,mens,6.7,190983,Elmira College,6,Regional Colleges North,intake+outcome+resources,"sat,grad6,spend,faculty_ft,endowment,class_size"
Elmira College,NCAA D3,womens,6.7,190983,Elmira College,6,Regional Colleges North,intake+outcome+resources,"sat,grad6,spend,faculty_ft,endowment,class_size"
Elms,NCAA D3,mens+womens,5.2,167394,College of Our Lady of the Elms,55,Regional Universities North,outcome+resources,"grad6,spend,faculty_ft,endowment,class_size"
Emerson,NCAA D3,mens,7.4,165662,Emerson College,19,Regional Universities North,intake+outcome+resources,"sat,grad6,spend,faculty_ft,endowment,class_size"
Emerson College,NCAA D3,womens,7.4,165662,Emerson College,19,Regional Universities North,intake+outcome+resources,"sat,grad6,spend,faculty_ft,endowment,class_size"
Emmanuel (MA),NCAA D3,mens,6.4,165671,Emmanuel College,135,National Liberal Arts Colleges,intake+outcome+resources,"sat,grad6,spend,faculty_ft,endowment,class_size"
Emory,NCAA D3,mens,9.4,139658,Emory University,24,National Universities,intake+outcome+resources,"sat,grad6,spend,faculty_ft,endowment,class_size"
Emory University,NCAA D3,womens,9.4,139658,Emory University,24,National Universities,intake+outcome+resources,"sat,grad6,spend,faculty_ft,endowment,class_size"
Endicott,NCAA D3,mens,6.9,165699,Endicott College,38,Regional Universities North,intake+outcome+resources,"sat,grad6,spend,faculty_ft,endowment,class_size"
Endicott College,NCAA D3,womens,6.9,165699,Endicott College,38,Regional Universities North,intake+outcome+resources,"sat,grad6,spend,faculty_ft,endowment,class_size"
Eureka,NCAA D3,mens,2.4,144971,Eureka College,43,Regional Colleges Midwest,intake+outcome+resources,"sat,grad6,spend,faculty_ft,endowment,class_size"
Eureka College,NCAA D3,womens,2.4,144971,Eureka College,43,Regional Colleges Midwest,intake+outcome+resources,"sat,grad6,spend,faculty_ft,endowment,class_size"
Fairleigh Dickinson University-Florham,NCAA D3,womens,5.6,184694,Fairleigh Dickinson University-Florham Campus,35,Regional Universities North,outcome+resources,"grad6,spend,faculty_ft,endowment,class_size"
Farmingdale State College,NCAA D3,womens,3.9,196042,Farmingdale State College,7,Regional Colleges North,intake+outcome+resources,"sat,grad6,spend,faculty_ft,endowment,class_size"
FDU-Florham,NCAA D3,mens+womens,5.6,184694,Fairleigh Dickinson University-Florham Campus,35,Regional Universities North,outcome+resources,"grad6,spend,faculty_ft,endowment,class_size"
Fitchburg State,NCAA D3,mens,4.5,165820,Fitchburg State University,72,Regional Universities North,intake+outcome+resources,"sat,grad6,spend,faculty_ft,endowment,class_size"
Fitchburg State University,NCAA D3,womens,4.5,165820,Fitchburg State University,72,Regional Universities North,intake+outcome+resources,"sat,grad6,spend,faculty_ft,endowment,class_size"
Framingham State,NCAA D3,mens,4.4,165866,Framingham State University,110,Regional Universities North,intake+outcome+resources,"sat,grad6,spend,faculty_ft,endowment,class_size"
Framingham State University,NCAA D3,womens,4.4,165866,Framingham State University,110,Regional Universities North,intake+outcome+resources,"sat,grad6,spend,faculty_ft,endowment,class_size"
Franciscan (OH),NCAA D3,mens,6.2,205957,Franciscan University of Steubenville,25,Regional Universities Midwest,intake+outcome+resources,"sat,grad6,spend,faculty_ft,endowment,class_size"
Franciscan University of Steubenville,NCAA D3,womens,6.2,205957,Franciscan University of Steubenville,25,Regional Universities Midwest,intake+outcome+resources,"sat,grad6,spend,faculty_ft,endowment,class_size"
Franklin,NCAA D3,mens,5.2,150604,Franklin College,146,National Liberal Arts Colleges,intake+outcome+resources,"sat,grad6,spend,faculty_ft,endowment,class_size"
Franklin & Marshall,NCAA D3,mens,8.8,212577,Franklin and Marshall College,35,National Liberal Arts Colleges,intake+outcome+resources,"sat,grad6,spend,faculty_ft,endowment,class_size"
Franklin & Marshall College,NCAA D3,womens,8.8,212577,Franklin and Marshall College,35,National Liberal Arts Colleges,intake+outcome+resources,"sat,grad6,spend,faculty_ft,endowment,class_size"
Franklin College,NCAA D3,womens,5.2,150604,Franklin College,146,National Liberal Arts Colleges,intake+outcome+resources,"sat,grad6,spend,faculty_ft,endowment,class_size"
Fredonia State,NCAA D3,mens,5.7,196158,SUNY at Fredonia,76,Regional Universities North,intake+outcome+resources,"sat,grad6,spend,faculty_ft,endowment,class_size"
Gallaudet,NCAA D3,mens,4.4,131450,Gallaudet University,198,National Universities,intake+outcome+resources,"sat,grad6,spend,faculty_ft,endowment,class_size"
Geneva,NCAA D3,mens,5.1,212656,Geneva College,112,Regional Universities North,intake+outcome+resources,"sat,grad6,spend,faculty_ft,endowment,class_size"
Geneva College,NCAA D3,womens,5.1,212656,Geneva College,112,Regional Universities North,intake+outcome+resources,"sat,grad6,spend,faculty_ft,endowment,class_size"
George Fox,NCAA D3,mens,5.7,208822,George Fox University,283,National Universities,intake+outcome+resources,"sat,grad6,spend,faculty_ft,endowment,class_size"
George Fox University,NCAA D3,womens,5.7,208822,George Fox University,283,National Universities,intake+outcome+resources,"sat,grad6,spend,faculty_ft,endowment,class_size"
Gettysburg,NCAA D3,mens,8.5,212674,Gettysburg College,58,National Liberal Arts Colleges,intake+outcome+resources,"sat,grad6,spend,faculty_ft,endowment,class_size"
Gettysburg College,NCAA D3,womens,8.5,212674,Gettysburg College,58,National Liberal Arts Colleges,intake+outcome+resources,"sat,grad6,spend,faculty_ft,endowment,class_size"
Gordon,NCAA D3,mens,6.7,165936,Gordon College,156,National Liberal Arts Colleges,intake+outcome+resources,"sat,grad6,spend,faculty_ft,endowment,class_size"
Gordon College,NCAA D3,womens,6.7,165936,Gordon College,156,National Liberal Arts Colleges,intake+outcome+resources,"sat,grad6,spend,faculty_ft,endowment,class_size"
Goucher,NCAA D3,mens,6.6,162654,Goucher College,126,National Liberal Arts Colleges,intake+outcome+resources,"sat,grad6,spend,faculty_ft,endowment,class_size"
Goucher College,NCAA D3,womens,6.6,162654,Goucher College,126,National Liberal Arts Colleges,intake+outcome+resources,"sat,grad6,spend,faculty_ft,endowment,class_size"
Grace Christian,NCAA D3,mens,3.9,170000,Grace Christian University,53,Regional Colleges Midwest,outcome+resources,"grad6,spend,faculty_ft,class_size"
Greensboro,NCAA D3,mens,4.4,198598,Greensboro College,99,Regional Universities South,outcome+resources,"grad6,spend,faculty_ft,endowment,class_size"
Greensboro College,NCAA D3,womens,4.4,198598,Greensboro College,99,Regional Universities South,outcome+resources,"grad6,spend,faculty_ft,endowment,class_size"
Greenville,NCAA D3,mens,3.0,145372,Greenville University,105,Regional Universities Midwest,intake+outcome+resources,"sat,grad6,spend,faculty_ft,endowment,class_size"
Greenville University,NCAA D3,womens,3.0,145372,Greenville University,105,Regional Universities Midwest,intake+outcome+resources,"sat,grad6,spend,faculty_ft,endowment,class_size"
Grinnell,NCAA D3,mens,9.3,153384,Grinnell College,13,National Liberal Arts Colleges,intake+outcome+resources,"sat,grad6,spend,faculty_ft,endowment,class_size"
Grinnell College,NCAA D3,womens,9.3,153384,Grinnell College,13,National Liberal Arts Colleges,intake+outcome+resources,"sat,grad6,spend,faculty_ft,endowment,class_size"
Grove City,NCAA D3,mens,7.9,212805,Grove City College,5,Regional Colleges North,intake+outcome+resources,"sat,grad6,spend,endowment,class_size"
Grove City College,NCAA D3,womens,7.9,212805,Grove City College,5,Regional Colleges North,intake+outcome+resources,"sat,grad6,spend,endowment,class_size"
Guilford,NCAA D3,mens,3.5,198613,Guilford College,172,National Liberal Arts Colleges,intake+outcome+resources,"sat,grad6,spend,faculty_ft,endowment,class_size"
Guilford College,NCAA D3,womens,3.5,198613,Guilford College,172,National Liberal Arts Colleges,intake+outcome+resources,"sat,grad6,spend,faculty_ft,endowment,class_size"
Gustavus Adolphus,NCAA D3,mens,8.1,173647,Gustavus Adolphus College,70,National Liberal Arts Colleges,intake+outcome+resources,"sat,grad6,spend,faculty_ft,endowment,class_size"
Gustavus Adolphus College,NCAA D3,womens,8.1,173647,Gustavus Adolphus College,70,National Liberal Arts Colleges,intake+outcome+resources,"sat,grad6,spend,faculty_ft,endowment,class_size"
Gwynedd Mercy,NCAA D3,mens,3.8,212832,Gwynedd Mercy University,273,National Universities,intake+outcome+resources,"sat,grad6,spend,faculty_ft,endowment,class_size"
Gwynedd Mercy University,NCAA D3,womens,3.8,212832,Gwynedd Mercy University,273,National Universities,intake+outcome+resources,"sat,grad6,spend,faculty_ft,endowment,class_size"
Hamilton,NCAA D3,mens,9.3,191515,Hamilton College,13,National Liberal Arts Colleges,intake+outcome+resources,"sat,grad6,spend,faculty_ft,endowment,class_size"
Hamilton College,NCAA D3,womens,9.3,191515,Hamilton College,13,National Liberal Arts Colleges,intake+outcome+resources,"sat,grad6,spend,faculty_ft,endowment,class_size"
Hamline,NCAA D3,mens,5.0,173665,Hamline University,22,Regional Universities Midwest,intake+outcome+resources,"sat,grad6,spend,faculty_ft,endowment,class_size"
Hamline University,NCAA D3,womens,5.0,173665,Hamline University,22,Regional Universities Midwest,intake+outcome+resources,"sat,grad6,spend,faculty_ft,endowment,class_size"
Hampden-Sydney,NCAA D3,mens,6.9,232256,Hampden-Sydney College,107,National Liberal Arts Colleges,intake+outcome+resources,"sat,grad6,spend,faculty_ft,endowment,class_size"
Hanover,NCAA D3,mens,7.1,150756,Hanover College,115,National Liberal Arts Colleges,intake+outcome+resources,"sat,grad6,spend,faculty_ft,endowment,class_size"
Hanover College,NCAA D3,womens,7.1,150756,Hanover College,115,National Liberal Arts Colleges,intake+outcome+resources,"sat,grad6,spend,faculty_ft,endowment,class_size"
Hardin-Simmons,NCAA D3,mens,4.1,225247,Hardin-Simmons University,395-434,National Universities,intake+outcome+resources,"sat,grad6,spend,faculty_ft,endowment,class_size"
Hardin-Simmons University,NCAA D3,womens,4.1,225247,Hardin-Simmons University,395-434,National Universities,intake+outcome+resources,"sat,grad6,spend,faculty_ft,endowment,class_size"
Hartwick,NCAA D3,mens,6.1,191533,Hartwick College,151,National Liberal Arts Colleges,intake+outcome+resources,"sat,grad6,spend,faculty_ft,endowment,class_size"
Hartwick College,NCAA D3,womens,6.1,191533,Hartwick College,151,National Liberal Arts Colleges,intake+outcome+resources,"sat,grad6,spend,faculty_ft,endowment,class_size"
Harvey Mudd College,NCAA D3,womens,9.6,115409,Harvey Mudd College,10,National Liberal Arts Colleges,intake+outcome+resources,"sat,grad6,spend,faculty_ft,endowment,class_size"
Haverford,NCAA D3,mens,9.4,212911,Haverford College,24,National Liberal Arts Colleges,intake+outcome+resources,"sat,grad6,spend,faculty_ft,endowment,class_size"
Haverford College,NCAA D3,womens,9.4,212911,Haverford College,24,National Liberal Arts Colleges,intake+outcome+resources,"sat,grad6,spend,faculty_ft,endowment,class_size"
Heidelberg,NCAA D3,mens,3.0,203085,Heidelberg University,71,Regional Universities Midwest,intake+outcome+resources,"sat,grad6,spend,faculty_ft,endowment,class_size"
Heidelberg University,NCAA D3,womens,3.0,203085,Heidelberg University,71,Regional Universities Midwest,intake+outcome+resources,"sat,grad6,spend,faculty_ft,endowment,class_size"
Hendrix,NCAA D3,mens,7.9,107080,Hendrix College,96,National Liberal Arts Colleges,intake+outcome+resources,"sat,grad6,spend,faculty_ft,endowment,class_size"
Hendrix College,NCAA D3,womens,7.9,107080,Hendrix College,96,National Liberal Arts Colleges,intake+outcome+resources,"sat,grad6,spend,faculty_ft,endowment,class_size"
Hilbert,NCAA D3,mens,3.1,191621,Hilbert College,31,Regional Colleges North,outcome+resources,"grad6,spend,faculty_ft,endowment,class_size"
Hilbert College,NCAA D3,womens,3.1,191621,Hilbert College,31,Regional Colleges North,outcome+resources,"grad6,spend,faculty_ft,endowment,class_size"
Hiram,NCAA D3,mens,5.9,203128,Hiram College,10,Regional Colleges Midwest,outcome+resources,"grad6,spend,faculty_ft,endowment,class_size"
Hiram College,NCAA D3,womens,5.9,203128,Hiram College,10,Regional Colleges Midwest,outcome+resources,"grad6,spend,faculty_ft,endowment,class_size"
Hobart & William Smith,NCAA D3,mens,8.4,191630,Hobart William Smith Colleges,73,National Liberal Arts Colleges,intake+outcome+resources,"sat,grad6,spend,faculty_ft,endowment,class_size"
Hobart and William Smith Colleges,NCAA D3,womens,8.4,191630,Hobart William Smith Colleges,73,National Liberal Arts Colleges,intake+outcome+resources,"sat,grad6,spend,faculty_ft,endowment,class_size"
Hollins University,NCAA D3,womens,7.0,232308,Hollins University,135,National Liberal Arts Colleges,intake+outcome+resources,"sat,grad6,spend,faculty_ft,endowment,class_size"
Hood,NCAA D3,mens,5.2,162760,Hood College,55,Regional Universities North,outcome+resources,"grad6,spend,faculty_ft,endowment,class_size"
Hood College,NCAA D3,womens,5.2,162760,Hood College,55,Regional Universities North,outcome+resources,"grad6,spend,faculty_ft,endowment,class_size"
Hope,NCAA D3,mens,7.3,170301,Hope College,84,National Liberal Arts Colleges,intake+outcome+resources,"sat,grad6,spend,faculty_ft,endowment,class_size"
Hope College,NCAA D3,womens,7.3,170301,Hope College,84,National Liberal Arts Colleges,intake+outcome+resources,"sat,grad6,spend,faculty_ft,endowment,class_size"
Houghton,NCAA D3,mens,6.7,191676,Houghton University,146,National Liberal Arts Colleges,intake+outcome+resources,"sat,grad6,spend,faculty_ft,endowment,class_size"
Houghton University,NCAA D3,womens,6.7,191676,Houghton University,146,National Liberal Arts Colleges,intake+outcome+resources,"sat,grad6,spend,faculty_ft,endowment,class_size"
Howard Payne,NCAA D3,mens,3.6,225548,Howard Payne University,21,Regional Colleges West,intake+outcome+resources,"sat,grad6,spend,faculty_ft,endowment,class_size"
Howard Payne University,NCAA D3,womens,3.6,225548,Howard Payne University,21,Regional Colleges West,intake+outcome+resources,"sat,grad6,spend,faculty_ft,endowment,class_size"
Huntingdon,NCAA D3,mens,4.1,101435,Huntingdon College,8,Regional Colleges South,intake+outcome+resources,"sat,grad6,spend,faculty_ft,endowment,class_size"
Huntingdon College,NCAA D3,womens,4.1,101435,Huntingdon College,8,Regional Colleges South,intake+outcome+resources,"sat,grad6,spend,faculty_ft,endowment,class_size"
Husson,NCAA D3,mens,4.9,487524,Husson University,329,National Universities,intake+outcome+resources,"sat,grad6,spend,faculty_ft,endowment,class_size"
Husson University,NCAA D3,womens,4.9,487524,Husson University,329,National Universities,intake+outcome+resources,"sat,grad6,spend,faculty_ft,endowment,class_size"
Illinois College,NCAA D3,mens+womens,4.7,145691,Illinois College,111,National Liberal Arts Colleges,intake+outcome+resources,"sat,grad6,spend,faculty_ft,endowment,class_size"
Illinois Institute of Technology,NCAA D3,womens,7.2,145725,Illinois Institute of Technology,117,National Universities,intake+outcome+resources,"sat,grad6,spend,faculty_ft,endowment,class_size"
Illinois Tech,NCAA D3,mens,7.2,145725,Illinois Institute of Technology,117,National Universities,intake+outcome+resources,"sat,grad6,spend,faculty_ft,endowment,class_size"
Illinois Wesleyan,NCAA D3,mens,7.5,145646,Illinois Wesleyan University,2,Regional Colleges Midwest,intake+outcome+resources,"sat,grad6,spend,faculty_ft,endowment,class_size"
Illinois Wesleyan University,NCAA D3,womens,7.5,145646,Illinois Wesleyan University,2,Regional Colleges Midwest,intake+outcome+resources,"sat,grad6,spend,faculty_ft,endowment,class_size"
Immaculata,NCAA D3,mens,6.5,213011,Immaculata University,301,National Universities,intake+outcome+resources,"sat,grad6,spend,faculty_ft,endowment,class_size"
Immaculata University,NCAA D3,womens,6.5,213011,Immaculata University,301,National Universities,intake+outcome+resources,"sat,grad6,spend,faculty_ft,endowment,class_size"
Ithaca,NCAA D3,mens,7.9,191968,Ithaca College,13,Regional Universities North,intake+outcome+resources,"sat,grad6,spend,faculty_ft,endowment,class_size"
Ithaca College,NCAA D3,womens,7.9,191968,Ithaca College,13,Regional Universities North,intake+outcome+resources,"sat,grad6,spend,faculty_ft,endowment,class_size"
John Carroll,NCAA D3,mens,8.1,203368,John Carroll University,2,Regional Universities Midwest,intake+outcome+resources,"sat,grad6,spend,faculty_ft,endowment,class_size"
John Carroll University,NCAA D3,womens,8.1,203368,John Carroll University,2,Regional Universities Midwest,intake+outcome+resources,"sat,grad6,spend,faculty_ft,endowment,class_size"
Johns Hopkins,NCAA D3,mens,9.7,162928,Johns Hopkins University,7,National Universities,intake+outcome+resources,"sat,grad6,spend,faculty_ft,endowment,class_size"
Johns Hopkins University,NCAA D3,womens,9.7,162928,Johns Hopkins University,7,National Universities,intake+outcome+resources,"sat,grad6,spend,faculty_ft,endowment,class_size"
Johnson & Wales (Charlotte),NCAA D3,mens,3.6,445708,Johnson & Wales University-Charlotte,33,Regional Colleges South,intake+outcome+resources,"sat,grad6,spend,faculty_ft,endowment,class_size"
Johnson & Wales (Providence),NCAA D3,mens,4.4,217235,Johnson & Wales University-Providence,84,Regional Universities North,intake+outcome+resources,"sat,grad6,spend,faculty_ft,endowment,class_size"
Johnson & Wales University-Charlotte,NCAA D3,womens,3.6,445708,Johnson & Wales University-Charlotte,33,Regional Colleges South,intake+outcome+resources,"sat,grad6,spend,faculty_ft,endowment,class_size"
Johnson & Wales University-Providence,NCAA D3,womens,4.4,217235,Johnson & Wales University-Providence,84,Regional Universities North,intake+outcome+resources,"sat,grad6,spend,faculty_ft,endowment,class_size"
Juniata,NCAA D3,mens,7.2,213251,Juniata College,92,National Liberal Arts Colleges,intake+outcome+resources,"sat,grad6,spend,faculty_ft,endowment,class_size"
Juniata College,NCAA D3,womens,7.2,213251,Juniata College,92,National Liberal Arts Colleges,intake+outcome+resources,"sat,grad6,spend,faculty_ft,endowment,class_size"
Kalamazoo,NCAA D3,mens,8.1,170532,Kalamazoo College,67,National Liberal Arts Colleges,intake+outcome+resources,"sat,grad6,spend,faculty_ft,endowment,class_size"
Kalamazoo College,NCAA D3,womens,8.1,170532,Kalamazoo College,67,National Liberal Arts Colleges,intake+outcome+resources,"sat,grad6,spend,faculty_ft,endowment,class_size"
Kean,NCAA D3,mens,2.7,185262,Kean University,318,National Universities,intake+outcome+resources,"sat,grad6,spend,faculty_ft,endowment,class_size"
Kean University,NCAA D3,womens,2.7,185262,Kean University,318,National Universities,intake+outcome+resources,"sat,grad6,spend,faculty_ft,endowment,class_size"
Keene State,NCAA D3,mens,3.4,183062,Keene State College,9,Regional Colleges North,intake+outcome+resources,"sat,grad6,spend,faculty_ft,endowment,class_size"
Kenyon,NCAA D3,mens,9.1,203535,Kenyon College,45,National Liberal Arts Colleges,intake+outcome+resources,"sat,grad6,spend,faculty_ft,endowment,class_size"
Kenyon College,NCAA D3,womens,9.1,203535,Kenyon College,45,National Liberal Arts Colleges,intake+outcome+resources,"sat,grad6,spend,faculty_ft,endowment,class_size"
Keuka,NCAA D3,mens,5.1,192192,Keuka College,128,Regional Universities North,outcome+resources,"grad6,spend,faculty_ft,endowment,class_size"
Keuka College,NCAA D3,womens,5.1,192192,Keuka College,128,Regional Universities North,outcome+resources,"grad6,spend,faculty_ft,endowment,class_size"
Keystone,NCAA D3,mens,1.8,213303,Keystone College,51-56,Regional Colleges North,intake+outcome+resources,"sat,grad6,spend,faculty_ft,endowment,class_size"
Keystone College,NCAA D3,womens,1.8,213303,Keystone College,51-56,Regional Colleges North,intake+outcome+resources,"sat,grad6,spend,faculty_ft,endowment,class_size"
King's (PA),NCAA D3,mens,5.5,213321,King's College,112,Regional Universities North,intake+outcome+resources,"sat,grad6,spend,faculty_ft,endowment,class_size"
King's College,NCAA D3,womens,5.5,213321,King's College,112,Regional Universities North,intake+outcome+resources,"sat,grad6,spend,faculty_ft,endowment,class_size"
Knox,NCAA D3,mens,7.7,146427,Knox College,76,National Liberal Arts Colleges,intake+outcome+resources,"sat,grad6,spend,faculty_ft,endowment,class_size"
Knox College,NCAA D3,womens,7.7,146427,Knox College,76,National Liberal Arts Colleges,intake+outcome+resources,"sat,grad6,spend,faculty_ft,endowment,class_size"
La Roche,NCAA D3,mens,3.3,213358,La Roche University,116,Regional Universities North,intake+outcome+resources,"sat,grad6,spend,faculty_ft,endowment,class_size"
La Roche University,NCAA D3,womens,3.3,213358,La Roche University,116,Regional Universities North,intake+outcome+resources,"sat,grad6,spend,faculty_ft,endowment,class_size"
LaGrange,NCAA D3,mens,5.3,140234,LaGrange College,9,Regional Colleges South,outcome+resources,"grad6,spend,faculty_ft,endowment,class_size"
LaGrange College,NCAA D3,womens,5.3,140234,LaGrange College,9,Regional Colleges South,outcome+resources,"grad6,spend,faculty_ft,endowment,class_size"
Lake Forest,NCAA D3,mens,7.9,146481,Lake Forest College,75,National Liberal Arts Colleges,intake+outcome+resources,"sat,grad6,spend,faculty_ft,endowment,class_size"
Lake Forest College,NCAA D3,womens,7.9,146481,Lake Forest College,75,National Liberal Arts Colleges,intake+outcome+resources,"sat,grad6,spend,faculty_ft,endowment,class_size"
Lakeland,NCAA D3,mens,2.4,238980,Lakeland University,112,Regional Universities Midwest,outcome+resources,"grad6,spend,faculty_ft,endowment,class_size"
Lakeland University,NCAA D3,womens,2.4,238980,Lakeland University,112,Regional Universities Midwest,outcome+resources,"grad6,spend,faculty_ft,endowment,class_size"
Lancaster Bible,NCAA D3,mens,4.5,213400,Lancaster Bible College,146,Regional Universities North,intake+outcome+resources,"sat,grad6,spend,faculty_ft,endowment,class_size"
Lancaster Bible College,NCAA D3,womens,4.5,213400,Lancaster Bible College,146,Regional Universities North,intake+outcome+resources,"sat,grad6,spend,faculty_ft,endowment,class_size"
Lasell,NCAA D3,mens+womens,4.0,166391,Lasell University,116,Regional Universities North,intake+outcome+resources,"sat,grad6,spend,faculty_ft,endowment,class_size"
Lawrence,NCAA D3,mens,8.6,239017,Lawrence University,65,National Liberal Arts Colleges,intake+outcome+resources,"sat,grad6,spend,faculty_ft,endowment,class_size"
Lawrence University,NCAA D3,womens,8.6,239017,Lawrence University,65,National Liberal Arts Colleges,intake+outcome+resources,"sat,grad6,spend,faculty_ft,endowment,class_size"
Lebanon Valley,NCAA D3,mens,6.3,213507,Lebanon Valley College,76,Regional Universities North,intake+outcome+resources,"sat,grad6,spend,faculty_ft,endowment,class_size"
Lebanon Valley College,NCAA D3,womens,6.3,213507,Lebanon Valley College,76,Regional Universities North,intake+outcome+resources,"sat,grad6,spend,faculty_ft,endowment,class_size"
Lesley,NCAA D3,mens,5.8,166452,Lesley University,301,National Universities,outcome+resources,"grad6,spend,faculty_ft,endowment,class_size"
Lesley University,NCAA D3,womens,5.8,166452,Lesley University,301,National Universities,outcome+resources,"grad6,spend,faculty_ft,endowment,class_size"
LeTourneau,NCAA D3,mens,5.2,226231,LeTourneau University,36,Regional Universities West,intake+outcome+resources,"sat,grad6,spend,faculty_ft,endowment,class_size"
LeTourneau University,NCAA D3,womens,5.2,226231,LeTourneau University,36,Regional Universities West,intake+outcome+resources,"sat,grad6,spend,faculty_ft,endowment,class_size"
Lewis & Clark,NCAA D3,mens,8.1,209056,Lewis & Clark College,96,National Liberal Arts Colleges,outcome+resources,"grad6,spend,faculty_ft,endowment,class_size"
Lewis & Clark College,NCAA D3,womens,8.1,209056,Lewis & Clark College,96,National Liberal Arts Colleges,outcome+resources,"grad6,spend,faculty_ft,endowment,class_size"
Linfield,NCAA D3,mens,7.4,209065,Linfield University,111,National Liberal Arts Colleges,outcome+resources,"grad6,spend,faculty_ft,endowment,class_size"
Linfield University,NCAA D3,womens,7.4,209065,Linfield University,111,National Liberal Arts Colleges,outcome+resources,"grad6,spend,faculty_ft,endowment,class_size"
Loras,NCAA D3,mens,5.8,153825,Loras College,8,Regional Colleges Midwest,outcome+resources,"grad6,spend,faculty_ft,endowment,class_size"
Loras College,NCAA D3,womens,5.8,153825,Loras College,8,Regional Colleges Midwest,outcome+resources,"grad6,spend,faculty_ft,endowment,class_size"
Luther,NCAA D3,mens,7.3,153834,Luther College,111,National Liberal Arts Colleges,intake+outcome+resources,"sat,grad6,spend,faculty_ft,endowment,class_size"
Luther College,NCAA D3,womens,7.3,153834,Luther College,111,National Liberal Arts Colleges,intake+outcome+resources,"sat,grad6,spend,faculty_ft,endowment,class_size"
Lycoming,NCAA D3,mens,6.1,213668,Lycoming College,96,National Liberal Arts Colleges,intake+outcome+resources,"sat,grad6,spend,faculty_ft,endowment,class_size"
Lycoming College,NCAA D3,womens,6.1,213668,Lycoming College,96,National Liberal Arts Colleges,intake+outcome+resources,"sat,grad6,spend,faculty_ft,endowment,class_size"
Lyon College,NCAA D3,mens+womens,5.7,106342,Lyon College,167,National Liberal Arts Colleges,outcome+resources,"grad6,spend,faculty_ft,endowment,class_size"
Macalester,NCAA D3,mens,9.1,173902,Macalester College,28,National Liberal Arts Colleges,intake+outcome+resources,"sat,grad6,spend,faculty_ft,endowment,class_size"
Macalester College,NCAA D3,womens,9.1,173902,Macalester College,28,National Liberal Arts Colleges,intake+outcome+resources,"sat,grad6,spend,faculty_ft,endowment,class_size"
Maine Maritime,NCAA D3,mens,5.6,161299,Maine Maritime Academy,7,Regional Colleges North,intake+outcome+resources,"sat,grad6,spend,faculty_ft,endowment,class_size"
Maine Maritime Academy,NCAA D3,womens,5.6,161299,Maine Maritime Academy,7,Regional Colleges North,intake+outcome+resources,"sat,grad6,spend,faculty_ft,endowment,class_size"
Manchester,NCAA D3,mens,4.5,151777,Manchester University,84,Regional Universities Midwest,outcome+resources,"grad6,spend,faculty_ft,endowment,class_size"
Manchester University,NCAA D3,womens,4.5,151777,Manchester University,84,Regional Universities Midwest,outcome+resources,"grad6,spend,faculty_ft,endowment,class_size"
Manhattanville,NCAA D3,mens,4.5,192749,Manhattanville University,84,Regional Universities North,outcome+resources,"grad6,spend,faculty_ft,endowment,class_size"
Manhattanville University,NCAA D3,womens,4.5,192749,Manhattanville University,84,Regional Universities North,outcome+resources,"grad6,spend,faculty_ft,endowment,class_size"
Maranatha Baptist University,NCAA D3,womens,4.8,239071,Maranatha Baptist University,120,Regional Universities Midwest,intake+outcome+resources,"sat,grad6,spend,faculty_ft,endowment,class_size"
Marian (WI),NCAA D3,mens,3.2,239080,Marian University,110,Regional Universities Midwest,outcome+resources,"grad6,spend,faculty_ft,endowment,class_size"
Marian University (WI),NCAA D3,womens,3.2,239080,Marian University,110,Regional Universities Midwest,outcome+resources,"grad6,spend,faculty_ft,endowment,class_size"
Marietta,NCAA D3,mens,5.4,203845,Marietta College,15,Regional Colleges Midwest,intake+outcome+resources,"sat,grad6,spend,faculty_ft,endowment,class_size"
Marietta College,NCAA D3,womens,5.4,203845,Marietta College,15,Regional Colleges Midwest,intake+outcome+resources,"sat,grad6,spend,faculty_ft,endowment,class_size"
Martin Luther,NCAA D3,mens,5.2,173452,Martin Luther College,,,intake+outcome+resources,"sat,grad6,spend,faculty_ft,endowment"
Martin Luther College,NCAA D3,womens,5.2,173452,Martin Luther College,,,intake+outcome+resources,"sat,grad6,spend,faculty_ft,endowment"
Mary Baldwin,NCAA D3,mens,3.1,232672,Mary Baldwin University,384,National Universities,outcome+resources,"grad6,spend,faculty_ft,endowment,class_size"
Mary Baldwin University,NCAA D3,womens,3.1,232672,Mary Baldwin University,384,National Universities,outcome+resources,"grad6,spend,faculty_ft,endowment,class_size"
Marymount (VA),NCAA D3,mens,3.9,232706,Marymount University,273,National Universities,outcome+resources,"grad6,spend,faculty_ft,endowment,class_size"
Marymount University,NCAA D3,womens,3.9,232706,Marymount University,273,National Universities,outcome+resources,"grad6,spend,faculty_ft,endowment,class_size"
Maryville (TN),NCAA D3,mens,5.0,220710,Maryville College,170,National Liberal Arts Colleges,outcome+resources,"grad6,spend,faculty_ft,endowment,class_size"
Maryville College,NCAA D3,womens,5.0,220710,Maryville College,170,National Liberal Arts Colleges,outcome+resources,"grad6,spend,faculty_ft,endowment,class_size"
Marywood,NCAA D3,mens,5.4,213826,Marywood University,61,Regional Universities North,intake+outcome+resources,"sat,grad6,spend,faculty_ft,endowment,class_size"
Marywood University,NCAA D3,womens,5.4,213826,Marywood University,61,Regional Universities North,intake+outcome+resources,"sat,grad6,spend,faculty_ft,endowment,class_size"
Massachusetts College of Liberal Arts,NCAA D3,mens+womens,6.0,167288,Massachusetts College of Liberal Arts,115,National Liberal Arts Colleges,outcome+resources,"grad6,spend,faculty_ft,endowment,class_size"
Massachusetts Institute of Technology,NCAA D3,womens,9.9,166683,Massachusetts Institute of Technology,2,National Universities,intake+outcome+resources,"sat,grad6,spend,faculty_ft,endowment,class_size"
Massachusetts Maritime,NCAA D3,mens,6.8,166692,Massachusetts Maritime Academy,11,Regional Universities North,outcome+resources,"grad6,spend,faculty_ft,endowment,class_size"
Massachusetts Maritime Academy,NCAA D3,womens,6.8,166692,Massachusetts Maritime Academy,11,Regional Universities North,outcome+resources,"grad6,spend,faculty_ft,endowment,class_size"
McDaniel,NCAA D3,mens,5.0,164270,McDaniel College,72,Regional Universities North,outcome+resources,"grad6,spend,faculty_ft,endowment,class_size"
McDaniel College,NCAA D3,womens,5.0,164270,McDaniel College,72,Regional Universities North,outcome+resources,"grad6,spend,faculty_ft,endowment,class_size"
McMurry,NCAA D3,mens,3.3,226587,McMurry University,15,Regional Colleges West,intake+outcome+resources,"sat,grad6,spend,faculty_ft,endowment,class_size"
McMurry University,NCAA D3,womens,3.3,226587,McMurry University,15,Regional Colleges West,intake+outcome+resources,"sat,grad6,spend,faculty_ft,endowment,class_size"
Meredith College,NCAA D3,womens,7.1,198950,Meredith College,115,National Liberal Arts Colleges,intake+outcome+resources,"sat,grad6,spend,faculty_ft,endowment,class_size"
Messiah,NCAA D3,mens,6.4,213996,Messiah University,45,Regional Universities North,intake+outcome+resources,"sat,grad6,spend,faculty_ft,endowment,class_size"
Messiah University,NCAA D3,womens,6.4,213996,Messiah University,45,Regional Universities North,intake+outcome+resources,"sat,grad6,spend,faculty_ft,endowment,class_size"
Methodist,NCAA D3,mens,4.6,198969,Methodist University,90,Regional Universities South,intake+outcome+resources,"sat,grad6,spend,faculty_ft,endowment,class_size"
Methodist University,NCAA D3,womens,4.6,198969,Methodist University,90,Regional Universities South,intake+outcome+resources,"sat,grad6,spend,faculty_ft,endowment,class_size"
Middlebury,NCAA D3,mens,9.4,230959,Middlebury College,13,National Liberal Arts Colleges,intake+outcome+resources,"sat,grad6,spend,faculty_ft,endowment,class_size"
Middlebury College,NCAA D3,womens,9.4,230959,Middlebury College,13,National Liberal Arts Colleges,intake+outcome+resources,"sat,grad6,spend,faculty_ft,endowment,class_size"
Millikin,NCAA D3,mens,4.1,147244,Millikin University,15,Regional Colleges Midwest,intake+outcome+resources,"sat,grad6,spend,faculty_ft,endowment,class_size"
Millikin University,NCAA D3,womens,4.1,147244,Millikin University,15,Regional Colleges Midwest,intake+outcome+resources,"sat,grad6,spend,faculty_ft,endowment,class_size"
Millsaps,NCAA D3,mens,6.3,175980,Millsaps College,146,National Liberal Arts Colleges,intake+outcome+resources,"sat,grad6,spend,faculty_ft,endowment,class_size"
Millsaps College,NCAA D3,womens,6.3,175980,Millsaps College,146,National Liberal Arts Colleges,intake+outcome+resources,"sat,grad6,spend,faculty_ft,endowment,class_size"
Milwaukee School of Engineering,NCAA D3,womens,6.7,239318,Milwaukee School of Engineering,2,Regional Universities Midwest,intake+outcome+resources,"sat,grad6,spend,faculty_ft,endowment,class_size"
Misericordia University,NCAA D3,womens,5.4,214069,Misericordia University,273,National Universities,intake+outcome+resources,"sat,grad6,spend,faculty_ft,endowment,class_size"
Mississippi University for Women,NCAA D3,womens,3.8,176035,Mississippi University for Women,33,Regional Universities South,intake+outcome+resources,"sat,grad6,spend,faculty_ft,endowment,class_size"
MIT,NCAA D3,mens,9.9,166683,Massachusetts Institute of Technology,2,National Universities,intake+outcome+resources,"sat,grad6,spend,faculty_ft,endowment,class_size"
Mitchell,NCAA D3,womens,3.6,129774,Mitchell College,34,Regional Colleges North,outcome+resources,"grad6,spend,faculty_ft,endowment,class_size"
Monmouth (IL),NCAA D3,mens,5.9,147341,Monmouth College,154,National Liberal Arts Colleges,intake+outcome+resources,"sat,grad6,spend,faculty_ft,endowment,class_size"
Monmouth College,NCAA D3,womens,5.9,147341,Monmouth College,154,National Liberal Arts Colleges,intake+outcome+resources,"sat,grad6,spend,faculty_ft,endowment,class_size"
Montclair State,NCAA D3,mens,3.4,185590,Montclair State University,158,National Universities,intake+outcome+resources,"sat,grad6,spend,faculty_ft,endowment,class_size"
Montclair State University,NCAA D3,womens,3.4,185590,Montclair State University,158,National Universities,intake+outcome+resources,"sat,grad6,spend,faculty_ft,endowment,class_size"
Moravian,NCAA D3,mens,6.9,214157,Moravian University,38,Regional Universities North,intake+outcome+resources,"sat,grad6,spend,faculty_ft,endowment,class_size"
Moravian University,NCAA D3,womens,6.9,214157,Moravian University,38,Regional Universities North,intake+outcome+resources,"sat,grad6,spend,faculty_ft,endowment,class_size"
Mount Aloysius College,NCAA D3,womens,3.6,214166,Mount Aloysius College,28,Regional Colleges North,intake+outcome+resources,"sat,grad6,spend,faculty_ft,endowment,class_size"
Mount Holyoke College,NCAA D3,womens,9.2,166939,Mount Holyoke College,29,National Liberal Arts Colleges,intake+outcome+resources,"sat,grad6,spend,faculty_ft,endowment,class_size"
Mount Saint Mary College,NCAA D3,womens,4.6,193353,Mount Saint Mary College,72,Regional Universities North,intake+outcome+resources,"sat,grad6,spend,faculty_ft,endowment"
Mount St. Joseph,NCAA D3,mens,5.7,204200,Mount St. Joseph University,343,National Universities,intake+outcome+resources,"sat,grad6,spend,faculty_ft,endowment"
Mount St. Joseph University,NCAA D3,womens,5.7,204200,Mount St. Joseph University,343,National Universities,intake+outcome+resources,"sat,grad6,spend,faculty_ft,endowment"
Mount Union,NCAA D3,mens,4.7,204185,University of Mount Union,39,Regional Universities Midwest,intake+outcome+resources,"sat,grad6,spend,faculty_ft,endowment,class_size"
Muhlenberg,NCAA D3,mens,8.2,214175,Muhlenberg College,70,National Liberal Arts Colleges,intake+outcome+resources,"sat,grad6,spend,faculty_ft,endowment,class_size"
Muhlenberg College,NCAA D3,womens,8.2,214175,Muhlenberg College,70,National Liberal Arts Colleges,intake+outcome+resources,"sat,grad6,spend,faculty_ft,endowment,class_size"
Muskingum,NCAA D3,mens,3.9,204264,Muskingum University,46,Regional Universities Midwest,intake+outcome+resources,"sat,grad6,spend,faculty_ft,endowment,class_size"
Muskingum University,NCAA D3,womens,3.9,204264,Muskingum University,46,Regional Universities Midwest,intake+outcome+resources,"sat,grad6,spend,faculty_ft,endowment,class_size"
Nazareth,NCAA D3,mens,6.6,193584,Nazareth University,50,Regional Universities North,intake+outcome+resources,"sat,grad6,spend,faculty_ft,endowment,class_size"
Nazareth University,NCAA D3,womens,6.6,193584,Nazareth University,50,Regional Universities North,intake+outcome+resources,"sat,grad6,spend,faculty_ft,endowment,class_size"
Nebraska Wesleyan University,NCAA D3,womens,5.3,181446,Nebraska Wesleyan University,39,Regional Universities Midwest,intake+outcome+resources,"sat,grad6,spend,faculty_ft,endowment,class_size"
Neumann University,NCAA D3,womens,2.6,214272,Neumann University,128,Regional Universities North,intake+outcome+resources,"sat,grad6,spend,faculty_ft,endowment,class_size"
New England College,NCAA D3,mens,2.2,182980,New England College,150-164,Regional Universities North,outcome+resources,"grad6,spend,faculty_ft,endowment,class_size"
New Jersey City,NCAA D3,mens,3.5,185129,New Jersey City University,146,Regional Universities North,outcome+resources,"grad6,spend,faculty_ft,endowment,class_size"
New Jersey City University,NCAA D3,womens,3.5,185129,New Jersey City University,146,Regional Universities North,outcome+resources,"grad6,spend,faculty_ft,endowment,class_size"
New York University,NCAA D3,mens+womens,9.5,193900,New York University,32,National Universities,intake+outcome+resources,"sat,grad6,spend,faculty_ft,endowment,class_size"
Nichols,NCAA D3,mens,4.2,167260,Nichols College,121,Regional Universities North,intake+outcome+resources,"sat,grad6,spend,faculty_ft,endowment,class_size"
Nichols College,NCAA D3,womens,4.2,167260,Nichols College,121,Regional Universities North,intake+outcome+resources,"sat,grad6,spend,faculty_ft,endowment,class_size"
North Carolina Wesleyan,NCAA D3,mens,2.3,199209,North Carolina Wesleyan University,33,Regional Colleges South,outcome+resources,"grad6,spend,faculty_ft,endowment,class_size"
North Carolina Wesleyan University,NCAA D3,womens,2.3,199209,North Carolina Wesleyan University,33,Regional Colleges South,outcome+resources,"grad6,spend,faculty_ft,endowment,class_size"
North Central (IL),NCAA D3,mens,5.9,147660,North Central College,20,Regional Universities Midwest,intake+outcome+resources,"sat,grad6,spend,faculty_ft,endowment,class_size"
North Central College,NCAA D3,womens,5.9,147660,North Central College,20,Regional Universities Midwest,intake+outcome+resources,"sat,grad6,spend,faculty_ft,endowment,class_size"
North Central University,NCAA D3,womens,4.6,174437,North Central University,19,Regional Colleges Midwest,outcome+resources,"grad6,spend,faculty_ft,endowment,class_size"
North Park,NCAA D3,mens,5.6,147679,North Park University,54,Regional Universities Midwest,outcome+resources,"grad6,spend,faculty_ft,endowment,class_size"
North Park University,NCAA D3,womens,5.6,147679,North Park University,54,Regional Universities Midwest,outcome+resources,"grad6,spend,faculty_ft,endowment,class_size"
Northwestern (MN),NCAA D3,mens,5.5,174491,University of Northwestern-St Paul,36,Regional Universities Midwest,intake+outcome+resources,"sat,grad6,spend,faculty_ft,endowment"
Norwich,NCAA D3,womens,6.0,230995,Norwich University,84,Regional Universities North,intake+outcome+resources,"sat,grad6,spend,faculty_ft,endowment,class_size"
Notre Dame of Maryland University,NCAA D3,womens,4.6,163578,Notre Dame of Maryland University,50,Regional Universities North,intake+outcome+resources,"sat,grad6,spend,faculty_ft,endowment,class_size"
Oberlin,NCAA D3,mens,8.9,204501,Oberlin College,58,National Liberal Arts Colleges,intake+outcome+resources,"sat,grad6,spend,faculty_ft,endowment,class_size"
Oberlin College,NCAA D3,womens,8.9,204501,Oberlin College,58,National Liberal Arts Colleges,intake+outcome+resources,"sat,grad6,spend,faculty_ft,endowment,class_size"
Occidental College,NCAA D3,womens,8.9,120254,Occidental College,35,National Liberal Arts Colleges,intake+outcome+resources,"sat,grad6,spend,faculty_ft,endowment,class_size"
Oglethorpe,NCAA D3,mens,4.9,140696,Oglethorpe University,156,National Liberal Arts Colleges,intake+outcome+resources,"sat,grad6,spend,faculty_ft,endowment,class_size"
Oglethorpe University,NCAA D3,womens,4.9,140696,Oglethorpe University,156,National Liberal Arts Colleges,intake+outcome+resources,"sat,grad6,spend,faculty_ft,endowment,class_size"
Ohio Northern,NCAA D3,mens,7.4,204635,Ohio Northern University,1,Regional Colleges Midwest,intake+outcome+resources,"sat,grad6,spend,faculty_ft,endowment,class_size"
Ohio Northern University,NCAA D3,womens,7.4,204635,Ohio Northern University,1,Regional Colleges Midwest,intake+outcome+resources,"sat,grad6,spend,faculty_ft,endowment,class_size"
Ohio Wesleyan,NCAA D3,mens,6.0,204909,Ohio Wesleyan University,121,National Liberal Arts Colleges,outcome+resources,"grad6,spend,faculty_ft,endowment,class_size"
Ohio Wesleyan University,NCAA D3,womens,6.0,204909,Ohio Wesleyan University,121,National Liberal Arts Colleges,outcome+resources,"grad6,spend,faculty_ft,endowment,class_size"
Olivet,NCAA D3,mens,3.8,171599,The University of Olivet,44,Regional Colleges Midwest,outcome+resources,"grad6,spend,faculty_ft,endowment,class_size"
Olivet College,NCAA D3,womens,3.8,171599,The University of Olivet,44,Regional Colleges Midwest,outcome+resources,"grad6,spend,faculty_ft,endowment,class_size"
Otterbein,NCAA D3,mens,6.2,204936,Otterbein University,12,Regional Universities Midwest,intake+outcome+resources,"sat,grad6,spend,faculty_ft,endowment,class_size"
Otterbein University,NCAA D3,womens,6.2,204936,Otterbein University,12,Regional Universities Midwest,intake+outcome+resources,"sat,grad6,spend,faculty_ft,endowment,class_size"
Pacific Lutheran,NCAA D3,mens,5.9,236230,Pacific Lutheran University,28,Regional Universities West,intake+outcome+resources,"sat,grad6,spend,faculty_ft,endowment,class_size"
Pacific Lutheran University,NCAA D3,womens,5.9,236230,Pacific Lutheran University,28,Regional Universities West,intake+outcome+resources,"sat,grad6,spend,faculty_ft,endowment,class_size"
Pacific University,NCAA D3,womens,5.0,209612,Pacific University,232,National Universities,intake+outcome+resources,"sat,grad6,spend,faculty_ft,endowment,class_size"
Penn State Behrend,NCAA D3,mens,4.6,214591,Pennsylvania State University-Penn State Erie-Behrend College,133,Regional Universities North,intake+outcome+resources,"sat,grad6,spend,faculty_ft,endowment,class_size"
Penn State Harrisburg,NCAA D3,mens,4.0,214713,Pennsylvania State University-Penn State Harrisburg,150-164,Regional Universities North,intake+outcome+resources,"sat,grad6,spend,faculty_ft,endowment,class_size"
Pennsylvania College of Technology,NCAA D3,womens,5.0,366252,Pennsylvania College of Technology,4,Regional Colleges North,outcome+resources,"grad6,spend,faculty_ft,endowment,class_size"
Pennsylvania State University-Penn State Abington,NCAA D3,womens,3.4,214801,Pennsylvania State University-Penn State Abington,24,Regional Colleges North,intake+outcome+resources,"sat,grad6,spend,faculty_ft,endowment,class_size"
Pennsylvania State University-Penn State Altoona,NCAA D3,womens,3.8,214689,Pennsylvania State University-Penn State Altoona,41,Regional Colleges North,intake+outcome+resources,"sat,grad6,spend,faculty_ft,endowment,class_size"
Pennsylvania State University-Penn State Berks,NCAA D3,womens,3.6,214704,Pennsylvania State University-Penn State Berks,51-56,Regional Colleges North,intake+outcome+resources,"sat,grad6,spend,faculty_ft,endowment,class_size"
Pennsylvania State University-Penn State Erie (Behrend College),NCAA D3,womens,4.6,214591,Pennsylvania State University-Penn State Erie-Behrend College,133,Regional Universities North,intake+outcome+resources,"sat,grad6,spend,faculty_ft,endowment,class_size"
Pennsylvania State University-Penn State Harrisburg,NCAA D3,womens,4.0,214713,Pennsylvania State University-Penn State Harrisburg,150-164,Regional Universities North,intake+outcome+resources,"sat,grad6,spend,faculty_ft,endowment,class_size"
Pfeiffer University,NCAA D3,womens,3.6,199306,Pfeiffer University,82,Regional Universities South,outcome+resources,"grad6,spend,faculty_ft,endowment,class_size"
Piedmont University,NCAA D3,womens,3.9,140818,Piedmont University,62,Regional Universities South,intake+outcome+resources,"sat,grad6,spend,faculty_ft,endowment,class_size"
Pitzer College,NCAA D3,womens,8.6,121257,Pitzer College,37,National Liberal Arts Colleges,outcome+resources,"grad6,spend,faculty_ft,endowment,class_size"
Plattsburgh State,NCAA D3,mens,5.1,196246,State University of New York at Plattsburgh,50,Regional Universities North,intake+outcome+resources,"sat,grad6,spend,faculty_ft,endowment,class_size"
Plymouth State,NCAA D3,mens+womens,3.6,183080,Plymouth State University,140,Regional Universities North,outcome+resources,"grad6,spend,faculty_ft,endowment,class_size"
Pomona College,NCAA D3,womens,9.7,121345,Pomona College,7,National Liberal Arts Colleges,intake+outcome+resources,"sat,grad6,spend,faculty_ft,endowment,class_size"
Pomona-Pitzer,NCAA D3,mens+womens,9.7,121345,Pomona College,7,National Liberal Arts Colleges,intake+outcome+resources,"sat,grad6,spend,faculty_ft,endowment,class_size"
Pratt Institute,NCAA D3,womens,7.2,194578,Pratt Institute-Main,,,intake+outcome+resources,"sat,grad6,spend,faculty_ft,endowment"
Principia College,NCAA D3,womens,7.1,148016,Principia College,63,National Liberal Arts Colleges,intake+outcome+resources,"sat,grad6,spend,faculty_ft,endowment,class_size"
Puget Sound,NCAA D3,mens,7.8,236328,University of Puget Sound,96,National Liberal Arts Colleges,intake+outcome+resources,"sat,grad6,spend,faculty_ft,endowment,class_size"
Ramapo College of New Jersey,NCAA D3,womens,6.7,186201,Ramapo College of New Jersey,21,Regional Universities North,intake+outcome+resources,"sat,grad6,spend,faculty_ft,class_size"
Randolph College,NCAA D3,womens,5.4,233301,Randolph College,156,National Liberal Arts Colleges,intake+outcome+resources,"sat,grad6,spend,faculty_ft,endowment,class_size"
Randolph-Macon,NCAA D3,mens,5.6,233295,Randolph-Macon College,96,National Liberal Arts Colleges,intake+outcome+resources,"sat,grad6,spend,faculty_ft,endowment,class_size"
Randolph-Macon College,NCAA D3,womens,5.6,233295,Randolph-Macon College,96,National Liberal Arts Colleges,intake+outcome+resources,"sat,grad6,spend,faculty_ft,endowment,class_size"
Regent University,NCAA D3,womens,4.3,231651,Regent University,373,National Universities,intake+outcome+resources,"sat,grad6,spend,faculty_ft,endowment,class_size"
Rensselaer,NCAA D3,mens,8.8,194824,Rensselaer Polytechnic Institute,64,National Universities,intake+outcome+resources,"sat,grad6,spend,faculty_ft,endowment,class_size"
Rensselaer Polytechnic Institute,NCAA D3,womens,8.8,194824,Rensselaer Polytechnic Institute,64,National Universities,intake+outcome+resources,"sat,grad6,spend,faculty_ft,endowment,class_size"
Rhode Island College,NCAA D3,mens,3.2,217420,Rhode Island College,84,Regional Universities North,intake+outcome+resources,"sat,grad6,spend,faculty_ft,endowment,class_size"
Rhodes,NCAA D3,mens,8.6,221351,Rhodes College,55,National Liberal Arts Colleges,intake+outcome+resources,"sat,grad6,spend,faculty_ft,endowment,class_size"
Rhodes College,NCAA D3,womens,8.6,221351,Rhodes College,55,National Liberal Arts Colleges,intake+outcome+resources,"sat,grad6,spend,faculty_ft,endowment,class_size"
Ripon,NCAA D3,mens,6.3,239628,Ripon College,143,National Liberal Arts Colleges,intake+outcome+resources,"sat,grad6,spend,faculty_ft,endowment,class_size"
Ripon College,NCAA D3,womens,6.3,239628,Ripon College,143,National Liberal Arts Colleges,intake+outcome+resources,"sat,grad6,spend,faculty_ft,endowment,class_size"
Rivier,NCAA D3,womens,2.9,183211,Rivier University,139,Regional Universities North,intake+outcome+resources,"sat,grad6,spend,faculty_ft,endowment,class_size"
Roanoke,NCAA D3,mens,6.6,233426,Roanoke College,126,National Liberal Arts Colleges,intake+outcome+resources,"sat,grad6,spend,faculty_ft,endowment,class_size"
Roanoke College,NCAA D3,womens,6.6,233426,Roanoke College,126,National Liberal Arts Colleges,intake+outcome+resources,"sat,grad6,spend,faculty_ft,endowment,class_size"
Rochester,NCAA D3,mens,9.3,195030,University of Rochester,46,National Universities,intake+outcome+resources,"sat,grad6,spend,faculty_ft,endowment,class_size"
Rochester Institute of Technology,NCAA D3,mens+womens,7.9,195003,Rochester Institute of Technology,88,National Universities,intake+outcome+resources,"sat,grad6,spend,faculty_ft,endowment,class_size"
Rockford University,NCAA D3,womens,2.8,148405,Rockford University,130,Regional Universities Midwest,intake+outcome+resources,"sat,grad6,spend,faculty_ft,endowment,class_size"
Roger Williams,NCAA D3,mens,6.3,217518,Roger Williams University,35,Regional Universities North,intake+outcome+resources,"sat,grad6,spend,faculty_ft,endowment,class_size"
Roger Williams University,NCAA D3,womens,6.3,217518,Roger Williams University,35,Regional Universities North,intake+outcome+resources,"sat,grad6,spend,faculty_ft,endowment,class_size"
Rose-Hulman,NCAA D3,mens,8.8,152318,Rose-Hulman Institute of Technology,,,intake+outcome+resources,"sat,grad6,spend,faculty_ft,endowment"
Rose-Hulman Institute of Technology,NCAA D3,womens,8.8,152318,Rose-Hulman Institute of Technology,,,intake+outcome+resources,"sat,grad6,spend,faculty_ft,endowment"
Rowan,NCAA D3,mens,6.1,184782,Rowan University,169,National Universities,intake+outcome+resources,"sat,grad6,spend,faculty_ft,endowment,class_size"
Rowan University,NCAA D3,womens,6.1,184782,Rowan University,169,National Universities,intake+outcome+resources,"sat,grad6,spend,faculty_ft,endowment,class_size"
Rutgers University-Camden,NCAA D3,womens,5.9,186371,Rutgers University-Camden,97,National Universities,intake+outcome+resources,"sat,grad6,spend,faculty_ft,endowment,class_size"
Rutgers University-Newark,NCAA D3,womens,6.1,186399,Rutgers University-Newark,75,National Universities,outcome+resources,"grad6,spend,faculty_ft,endowment,class_size"
Rutgers-Camden,NCAA D3,mens,5.9,186371,Rutgers University-Camden,97,National Universities,intake+outcome+resources,"sat,grad6,spend,faculty_ft,endowment,class_size"
Rutgers-Newark,NCAA D3,mens,6.1,186399,Rutgers University-Newark,75,National Universities,outcome+resources,"grad6,spend,faculty_ft,endowment,class_size"
Saint Elizabeth University,NCAA D3,womens,4.4,186618,Saint Elizabeth University,121,Regional Universities North,outcome+resources,"grad6,spend,faculty_ft,endowment,class_size"
Saint John Fisher,NCAA D3,mens,7.0,195720,St. John Fisher University,192,National Universities,intake+outcome+resources,"sat,grad6,spend,faculty_ft,endowment"
Saint John Fisher University,NCAA D3,womens,7.0,195720,St. John Fisher University,192,National Universities,intake+outcome+resources,"sat,grad6,spend,faculty_ft,endowment"
Saint Joseph's (ME),NCAA D3,mens,4.0,161518,Saint Joseph's College of Maine,94,Regional Universities North,intake+outcome+resources,"sat,grad6,spend,faculty_ft,endowment"
Saint Lawrence,NCAA D3,mens,8.5,195216,St Lawrence University,58,National Liberal Arts Colleges,intake+outcome+resources,"sat,grad6,spend,faculty_ft,endowment"
Saint Mary's (MN),NCAA D3,mens,4.3,174817,Saint Mary's University of Minnesota,283,National Universities,outcome+resources,"grad6,spend,faculty_ft,endowment,class_size"
Saint Mary's College (IN),NCAA D3,womens,7.2,152390,Saint Mary's College,84,National Liberal Arts Colleges,intake+outcome+resources,"sat,grad6,spend,faculty_ft,endowment,class_size"
Saint Mary's University of Minnesota,NCAA D3,womens,4.3,174817,Saint Mary's University of Minnesota,283,National Universities,outcome+resources,"grad6,spend,faculty_ft,endowment,class_size"
Saint Norbert College,NCAA D3,womens,6.5,239716,Saint Norbert College,111,National Liberal Arts Colleges,intake+outcome+resources,"sat,grad6,spend,faculty_ft,endowment"
Saint Olaf,NCAA D3,mens,8.6,174844,St Olaf College,50,National Liberal Arts Colleges,intake+outcome+resources,"sat,grad6,spend,faculty_ft,endowment"
Saint Vincent,NCAA D3,mens,6.0,215798,Saint Vincent College,121,National Liberal Arts Colleges,intake+outcome+resources,"sat,grad6,spend,faculty_ft,endowment,class_size"
Saint Vincent College,NCAA D3,womens,6.0,215798,Saint Vincent College,121,National Liberal Arts Colleges,intake+outcome+resources,"sat,grad6,spend,faculty_ft,endowment,class_size"
Salem College,NCAA D3,womens,4.5,199607,Salem College,143,National Liberal Arts Colleges,intake+outcome+resources,"sat,grad6,spend,faculty_ft,endowment,class_size"
Salem State University,NCAA D3,womens,3.8,167729,Salem State University,94,Regional Universities North,intake+outcome+resources,"sat,grad6,spend,faculty_ft,endowment,class_size"
Salisbury,NCAA D3,mens,6.3,163851,Salisbury University,45,Regional Universities North,intake+outcome+resources,"sat,grad6,spend,faculty_ft,endowment,class_size"
Salisbury University,NCAA D3,womens,6.3,163851,Salisbury University,45,Regional Universities North,intake+outcome+resources,"sat,grad6,spend,faculty_ft,endowment,class_size"
Salve Regina,NCAA D3,mens,7.0,217536,Salve Regina University,24,Regional Universities North,intake+outcome+resources,"sat,grad6,spend,faculty_ft,endowment,class_size"
Salve Regina University,NCAA D3,womens,7.0,217536,Salve Regina University,24,Regional Universities North,intake+outcome+resources,"sat,grad6,spend,faculty_ft,endowment,class_size"
Sarah Lawrence College,NCAA D3,womens,7.8,195304,Sarah Lawrence College,109,National Liberal Arts Colleges,intake+outcome+resources,"sat,grad6,spend,faculty_ft,endowment,class_size"
SCAD,NCAA D3,mens,5.4,140951,Savannah College of Art and Design,8,Regional Universities South,intake+outcome+resources,"sat,grad6,spend,faculty_ft,endowment,class_size"
Schreiner University,NCAA D3,womens,2.4,228042,Schreiner University,86,Regional Universities West,intake+outcome+resources,"sat,grad6,spend,faculty_ft,endowment,class_size"
Scranton,NCAA D3,mens,7.3,215929,University of Scranton,8,Regional Universities North,intake+outcome+resources,"sat,grad6,spend,faculty_ft,endowment,class_size"
Scripps College,NCAA D3,womens,9.0,123165,Scripps College,37,National Liberal Arts Colleges,intake+outcome+resources,"sat,grad6,spend,faculty_ft,endowment,class_size"
Sewanee: The University of the South,NCAA D3,womens,8.6,221519,The University of the South,45,National Liberal Arts Colleges,intake+outcome+resources,"sat,grad6,spend,faculty_ft,endowment,class_size"
Shenandoah,NCAA D3,mens,4.8,233541,Shenandoah University,301,National Universities,intake+outcome+resources,"sat,grad6,spend,faculty_ft,endowment,class_size"
Shenandoah University,NCAA D3,womens,4.8,233541,Shenandoah University,301,National Universities,intake+outcome+resources,"sat,grad6,spend,faculty_ft,endowment,class_size"
Simmons,NCAA D3,womens,7.5,167783,Simmons University,183,National Universities,intake+outcome+resources,"sat,grad6,spend,faculty_ft,endowment,class_size"
Simpson (IA),NCAA D3,mens,7.1,154350,Simpson College,5,Regional Colleges Midwest,intake+outcome+resources,"sat,grad6,spend,faculty_ft,endowment,class_size"
Simpson College,NCAA D3,womens,7.1,154350,Simpson College,5,Regional Colleges Midwest,intake+outcome+resources,"sat,grad6,spend,faculty_ft,endowment,class_size"
Skidmore,NCAA D3,mens,8.8,195526,Skidmore College,37,National Liberal Arts Colleges,intake+outcome+resources,"sat,grad6,spend,faculty_ft,endowment,class_size"
Skidmore College,NCAA D3,womens,8.8,195526,Skidmore College,37,National Liberal Arts Colleges,intake+outcome+resources,"sat,grad6,spend,faculty_ft,endowment,class_size"
Smith College,NCAA D3,womens,9.4,167835,Smith College,13,National Liberal Arts Colleges,intake+outcome+resources,"sat,grad6,spend,faculty_ft,endowment,class_size"
Southern Maine,NCAA D3,mens,3.2,161554,University of Southern Maine,128,Regional Universities North,intake+outcome+resources,"sat,grad6,spend,faculty_ft,endowment,class_size"
Southern Virginia,NCAA D3,mens,2.0,233611,Southern Virginia University,183-201,National Liberal Arts Colleges,outcome+resources,"grad6,spend,faculty_ft,endowment,class_size"
Southern Virginia University,NCAA D3,womens,2.0,233611,Southern Virginia University,183-201,National Liberal Arts Colleges,outcome+resources,"grad6,spend,faculty_ft,endowment,class_size"
Southwestern (TX),NCAA D3,mens,7.5,228343,Southwestern University,84,National Liberal Arts Colleges,intake+outcome+resources,"sat,grad6,spend,faculty_ft,endowment,class_size"
Southwestern University,NCAA D3,womens,7.5,228343,Southwestern University,84,National Liberal Arts Colleges,intake+outcome+resources,"sat,grad6,spend,faculty_ft,endowment,class_size"
Spalding University,NCAA D3,womens,3.4,157757,Spalding University,54,Regional Universities South,intake+outcome+resources,"sat,grad6,spend,faculty_ft,endowment,class_size"
Springfield,NCAA D3,mens,7.7,167899,Springfield College,257,National Universities,intake+outcome+resources,"sat,grad6,spend,faculty_ft,endowment,class_size"
Springfield College,NCAA D3,womens,7.7,167899,Springfield College,257,National Universities,intake+outcome+resources,"sat,grad6,spend,faculty_ft,endowment,class_size"
St Lawrence University,NCAA D3,womens,8.5,195216,St Lawrence University,58,National Liberal Arts Colleges,intake+outcome+resources,"sat,grad6,spend,faculty_ft,endowment"
St Mary's College of Maryland,NCAA D3,womens,6.8,163912,St. Mary's College of Maryland,96,National Liberal Arts Colleges,intake+outcome+resources,"sat,grad6,spend,faculty_ft,endowment"
St Olaf College,NCAA D3,womens,8.6,174844,St Olaf College,50,National Liberal Arts Colleges,intake+outcome+resources,"sat,grad6,spend,faculty_ft,endowment"
St. Catherine University,NCAA D3,womens,5.1,175005,St Catherine University,222,National Universities,intake+outcome+resources,"sat,grad6,spend,faculty_ft,endowment"
St. Joseph's (NY),NCAA D3,mens,6.1,195544,St. Joseph's University-New York,50,Regional Universities North,intake+outcome+resources,"sat,grad6,spend,faculty_ft,endowment"
St. Joseph's University (Brooklyn),NCAA D3,womens,6.1,195544,St. Joseph's University-New York,50,Regional Universities North,intake+outcome+resources,"sat,grad6,spend,faculty_ft,endowment"
St. Joseph's University (Long Island),NCAA D3,womens,6.1,195544,St. Joseph's University-New York,50,Regional Universities North,intake+outcome+resources,"sat,grad6,spend,faculty_ft,endowment"
St. Mary's College of Maryland,NCAA D3,mens,6.8,163912,St. Mary's College of Maryland,96,National Liberal Arts Colleges,intake+outcome+resources,"sat,grad6,spend,faculty_ft,endowment"
St. Norbert,NCAA D3,mens,6.5,239716,Saint Norbert College,111,National Liberal Arts Colleges,intake+outcome+resources,"sat,grad6,spend,faculty_ft,endowment"
St. Scholastica,NCAA D3,mens,4.9,174899,The College of Saint Scholastica,283,National Universities,intake+outcome+resources,"sat,grad6,spend,faculty_ft,endowment"
Stevens Institute of Technology,NCAA D3,womens,8.8,186867,Stevens Institute of Technology,80,National Universities,intake+outcome+resources,"sat,grad6,spend,faculty_ft,endowment,class_size"
Stevens Tech,NCAA D3,mens,8.8,186867,Stevens Institute of Technology,80,National Universities,intake+outcome+resources,"sat,grad6,spend,faculty_ft,endowment,class_size"
Stevenson,NCAA D3,mens,5.2,164173,Stevenson University,70,Regional Universities North,outcome+resources,"grad6,spend,faculty_ft,endowment,class_size"
Stevenson University,NCAA D3,womens,5.2,164173,Stevenson University,70,Regional Universities North,outcome+resources,"grad6,spend,faculty_ft,endowment,class_size"
Stockton,NCAA D3,mens,4.5,186876,Stockton University,158,National Universities,intake+outcome+resources,"sat,grad6,spend,faculty_ft,endowment,class_size"
Stockton University,NCAA D3,womens,4.5,186876,Stockton University,158,National Universities,intake+outcome+resources,"sat,grad6,spend,faculty_ft,endowment,class_size"
Suffolk,NCAA D3,mens,5.8,168005,Suffolk University,257,National Universities,intake+outcome+resources,"sat,grad6,spend,faculty_ft,endowment,class_size"
Suffolk University,NCAA D3,womens,5.8,168005,Suffolk University,257,National Universities,intake+outcome+resources,"sat,grad6,spend,faculty_ft,endowment,class_size"
SUNY Alfred State,NCAA D3,womens,4.1,196006,SUNY College of Technology at Alfred,16,Regional Colleges North,intake+outcome+resources,"sat,grad6,spend,faculty_ft,endowment,class_size"
SUNY Buffalo State,NCAA D3,womens,3.2,196130,SUNY Buffalo State University,133,Regional Universities North,intake+outcome+resources,"sat,grad6,spend,faculty_ft,endowment,class_size"
SUNY Canton,NCAA D3,womens,2.9,196015,SUNY College of Technology at Canton,12,Regional Colleges North,outcome+resources,"grad6,spend,faculty_ft,endowment,class_size"
SUNY Cobleskill,NCAA D3,womens,3.6,196033,SUNY College of Agriculture and Technology at Cobleskill,20,Regional Colleges North,outcome+resources,"grad6,spend,faculty_ft,endowment,class_size"
SUNY College at Brockport,NCAA D3,womens,4.9,196121,SUNY Brockport,64,Regional Universities North,intake+outcome+resources,"sat,grad6,spend,faculty_ft,endowment,class_size"
SUNY College at Cortland,NCAA D3,womens,5.3,196149,State University of New York at Cortland,33,Regional Universities North,outcome+resources,"grad6,spend,faculty_ft,endowment,class_size"
SUNY College at Geneseo,NCAA D3,womens,6.8,196167,SUNY College at Geneseo,17,Regional Universities North,intake+outcome+resources,"sat,grad6,spend,faculty_ft,endowment,class_size"
SUNY Cortland,NCAA D3,mens,5.3,196149,State University of New York at Cortland,33,Regional Universities North,outcome+resources,"grad6,spend,faculty_ft,endowment,class_size"
SUNY Delhi,NCAA D3,womens,3.0,196024,SUNY College of Technology at Delhi,15,Regional Colleges North,intake+outcome+resources,"sat,grad6,spend,faculty_ft,endowment,class_size"
SUNY Fredonia,NCAA D3,womens,5.7,196158,SUNY at Fredonia,76,Regional Universities North,intake+outcome+resources,"sat,grad6,spend,faculty_ft,endowment,class_size"
SUNY Geneseo,NCAA D3,mens,6.8,196167,SUNY College at Geneseo,17,Regional Universities North,intake+outcome+resources,"sat,grad6,spend,faculty_ft,endowment,class_size"
SUNY Maritime College,NCAA D3,womens,6.2,196291,SUNY Maritime College,21,Regional Universities North,intake+outcome+resources,"sat,grad6,spend,faculty_ft,endowment,class_size"
SUNY Morrisville,NCAA D3,womens,3.8,196051,SUNY Morrisville,24,Regional Colleges North,intake+outcome+resources,"sat,grad6,spend,faculty_ft,endowment,class_size"
SUNY New Paltz,NCAA D3,mens+womens,6.4,196176,State University of New York at New Paltz,20,Regional Universities North,intake+outcome+resources,"sat,grad6,spend,faculty_ft,endowment,class_size"
SUNY Old Westbury,NCAA D3,mens+womens,3.2,196237,SUNY Old Westbury,98,Regional Universities North,outcome+resources,"grad6,spend,faculty_ft,endowment,class_size"
SUNY Oneonta,NCAA D3,mens+womens,6.2,196185,SUNY Oneonta,25,Regional Universities North,intake+outcome+resources,"sat,grad6,spend,faculty_ft,endowment,class_size"
SUNY Oswego,NCAA D3,mens+womens,5.4,196194,State University of New York at Oswego,28,Regional Universities North,intake+outcome+resources,"sat,grad6,spend,faculty_ft,endowment,class_size"
SUNY Plattsburgh,NCAA D3,womens,5.1,196246,State University of New York at Plattsburgh,50,Regional Universities North,intake+outcome+resources,"sat,grad6,spend,faculty_ft,endowment,class_size"
SUNY Polytechnic Institute,NCAA D3,womens,4.8,196112,SUNY Polytechnic Institute,35,Regional Universities North,intake+outcome+resources,"sat,grad6,spend,faculty_ft,endowment,class_size"
SUNY Potsdam,NCAA D3,mens+womens,4.7,196200,SUNY College at Potsdam,94,Regional Universities North,outcome+resources,"grad6,spend,faculty_ft,endowment,class_size"
SUNY Purchase College,NCAA D3,womens,6.8,196219,SUNY at Purchase College,131,National Liberal Arts Colleges,intake+outcome+resources,"sat,grad6,spend,faculty_ft,endowment,class_size"
Susquehanna,NCAA D3,mens,7.1,216278,Susquehanna University,96,National Liberal Arts Colleges,intake+outcome+resources,"sat,grad6,spend,faculty_ft,endowment,class_size"
Susquehanna University,NCAA D3,womens,7.1,216278,Susquehanna University,96,National Liberal Arts Colleges,intake+outcome+resources,"sat,grad6,spend,faculty_ft,endowment,class_size"
Swarthmore,NCAA D3,mens,9.6,216287,Swarthmore College,4,National Liberal Arts Colleges,intake+outcome+resources,"sat,grad6,spend,faculty_ft,endowment,class_size"
Swarthmore College,NCAA D3,womens,9.6,216287,Swarthmore College,4,National Liberal Arts Colleges,intake+outcome+resources,"sat,grad6,spend,faculty_ft,endowment,class_size"
Sweet Briar College,NCAA D3,womens,6.3,233718,Sweet Briar College,164,National Liberal Arts Colleges,intake+outcome+resources,"sat,grad6,spend,faculty_ft,endowment,class_size"
Texas Lutheran University,NCAA D3,womens,4.6,228981,Texas Lutheran University,8,Regional Colleges West,outcome+resources,"grad6,spend,faculty_ft,endowment,class_size"
The College of New Jersey,NCAA D3,womens,6.4,187134,The College of New Jersey,4,Regional Universities North,intake+outcome+resources,"sat,grad6,spend,faculty_ft,endowment,class_size"
The College of St. Scholastica,NCAA D3,womens,4.9,174899,The College of Saint Scholastica,283,National Universities,intake+outcome+resources,"sat,grad6,spend,faculty_ft,endowment"
The College of Wooster,NCAA D3,womens,8.3,206589,The College of Wooster,76,National Liberal Arts Colleges,intake+outcome+resources,"sat,grad6,spend,faculty_ft,endowment,class_size"
The Sage Colleges,NCAA D3,womens,4.8,195128,Russell Sage College,213,National Universities,intake+outcome+resources,"sat,grad6,spend,faculty_ft,endowment,class_size"
Thiel College,NCAA D3,womens,4.1,216357,Thiel College,26,Regional Colleges North,outcome+resources,"grad6,spend,faculty_ft,endowment,class_size"
Thomas College,NCAA D3,womens,3.1,161563,Thomas College,150-164,Regional Universities North,outcome+resources,"grad6,spend,faculty_ft,endowment,class_size"
Transylvania University,NCAA D3,womens,7.3,157818,Transylvania University,109,National Liberal Arts Colleges,intake+outcome+resources,"sat,grad6,spend,faculty_ft,endowment,class_size"
Trine,NCAA D3,mens,3.8,152567,Trine University,13,Regional Colleges Midwest,intake+outcome+resources,"sat,grad6,spend,faculty_ft,endowment,class_size"
Trine University,NCAA D3,womens,3.8,152567,Trine University,13,Regional Colleges Midwest,intake+outcome+resources,"sat,grad6,spend,faculty_ft,endowment,class_size"
Trinity (CT),NCAA D3,mens,9.0,130590,Trinity College,37,National Liberal Arts Colleges,intake+outcome+resources,"sat,grad6,spend,faculty_ft,endowment,class_size"
Trinity (TX),NCAA D3,mens,8.9,229267,Trinity University,37,National Liberal Arts Colleges,intake+outcome+resources,"sat,grad6,spend,faculty_ft,endowment,class_size"
Trinity College,NCAA D3,womens,9.0,130590,Trinity College,37,National Liberal Arts Colleges,intake+outcome+resources,"sat,grad6,spend,faculty_ft,endowment,class_size"
Trinity University,NCAA D3,womens,8.9,229267,Trinity University,37,National Liberal Arts Colleges,intake+outcome+resources,"sat,grad6,spend,faculty_ft,endowment,class_size"
Trinity Washington University,NCAA D3,womens,3.4,131876,Trinity Washington University,140,Regional Universities North,outcome+resources,"grad6,spend,faculty_ft,endowment,class_size"
Tufts,NCAA D3,mens,9.1,168148,Tufts University,36,National Universities,intake+outcome+resources,"sat,grad6,spend,faculty_ft,endowment,class_size"
Tufts University,NCAA D3,womens,9.1,168148,Tufts University,36,National Universities,intake+outcome+resources,"sat,grad6,spend,faculty_ft,endowment,class_size"
UC Santa Cruz,NCAA D3,womens,6.4,110714,University of California-Santa Cruz,88,National Universities,outcome+resources,"grad6,spend,faculty_ft,endowment,class_size"
UMass Boston,NCAA D3,womens,5.1,166638,University of Massachusetts-Boston,213,National Universities,intake+outcome+resources,"sat,grad6,spend,faculty_ft,endowment,class_size"
UMass Dartmouth,NCAA D3,womens,5.1,167987,University of Massachusetts-Dartmouth,242,National Universities,intake+outcome+resources,"sat,grad6,spend,faculty_ft,endowment,class_size"
Union (NY),NCAA D3,mens,8.9,196866,Union College,44,National Liberal Arts Colleges,intake+outcome+resources,"sat,grad6,spend,faculty_ft,endowment,class_size"
Union College (NY),NCAA D3,womens,8.9,196866,Union College,44,National Liberal Arts Colleges,intake+outcome+resources,"sat,grad6,spend,faculty_ft,endowment,class_size"
United States Coast Guard Academy,NCAA D3,womens,8.9,130624,United States Coast Guard Academy,1,Regional Colleges North,intake+outcome+resources,"sat,grad6,spend,faculty_ft,endowment,class_size"
United States Merchant Marine Academy,NCAA D3,womens,7.0,197027,United States Merchant Marine Academy,3,Regional Colleges North,intake+outcome+resources,"sat,grad6,spend,faculty_ft,class_size"
University of California-Santa Cruz,NCAA D3,womens,6.4,110714,University of California-Santa Cruz,88,National Universities,outcome+resources,"grad6,spend,faculty_ft,endowment,class_size"
University of Chicago,NCAA D3,mens+womens,9.7,144050,University of Chicago,6,National Universities,intake+outcome+resources,"sat,grad6,spend,faculty_ft,endowment,class_size"
University of Dallas,NCAA D3,womens,6.8,224323,University of Dallas,9,Regional Universities West,intake+outcome+resources,"sat,grad6,spend,faculty_ft,endowment,class_size"
University of Dubuque,NCAA D3,womens,4.6,153278,University of Dubuque,78,Regional Universities Midwest,intake+outcome+resources,"sat,grad6,spend,faculty_ft,endowment,class_size"
University of Hartford,NCAA D3,womens,5.7,129525,University of Hartford,301,National Universities,intake+outcome+resources,"sat,grad6,spend,faculty_ft,endowment,class_size"
University of La Verne,NCAA D3,womens,4.1,117140,University of La Verne,213,National Universities,intake+outcome+resources,"sat,grad6,spend,faculty_ft,endowment,class_size"
University of Lynchburg,NCAA D3,womens,5.2,232609,University of Lynchburg,329,National Universities,intake+outcome+resources,"sat,grad6,spend,faculty_ft,endowment,class_size"
University of Maine at Farmington,NCAA D3,womens,4.6,161226,University of Maine at Farmington,9,Regional Colleges North,intake+outcome+resources,"sat,grad6,spend,faculty_ft,endowment,class_size"
University of Maine at Presque Isle,NCAA D3,womens,2.3,161341,University of Maine at Presque Isle,48,Regional Colleges North,outcome+resources,"grad6,spend,faculty_ft,endowment,class_size"
University of Mary Hardin-Baylor,NCAA D3,womens,3.6,226471,University of Mary Hardin-Baylor,395-434,National Universities,intake+outcome+resources,"sat,grad6,spend,faculty_ft,endowment,class_size"
University of Mary Washington,NCAA D3,womens,6.4,232681,University of Mary Washington,131,National Liberal Arts Colleges,intake+outcome+resources,"sat,grad6,spend,faculty_ft,endowment,class_size"
University of Minnesota-Morris,NCAA D3,womens,6.0,174251,University of Minnesota-Morris,115,National Liberal Arts Colleges,intake+outcome+resources,"sat,grad6,spend,faculty_ft,endowment,class_size"
University of Mount Union,NCAA D3,womens,4.7,204185,University of Mount Union,39,Regional Universities Midwest,intake+outcome+resources,"sat,grad6,spend,faculty_ft,endowment,class_size"
University of New England,NCAA D3,mens+womens,6.4,161457,University of New England,293,National Universities,outcome+resources,"grad6,spend,faculty_ft,endowment,class_size"
University of Northwestern-St Paul,NCAA D3,womens,5.5,174491,University of Northwestern-St Paul,36,Regional Universities Midwest,intake+outcome+resources,"sat,grad6,spend,faculty_ft,endowment"
University of Pittsburgh-Bradford,NCAA D3,womens,4.1,215266,University of Pittsburgh-Bradford,17,Regional Colleges North,intake+outcome+resources,"sat,grad6,spend,faculty_ft,endowment,class_size"
University of Pittsburgh-Greensburg,NCAA D3,womens,3.6,215275,University of Pittsburgh-Greensburg,183-201,National Liberal Arts Colleges,intake+outcome+resources,"sat,grad6,spend,faculty_ft,endowment,class_size"
University of Puget Sound,NCAA D3,womens,7.8,236328,University of Puget Sound,96,National Liberal Arts Colleges,intake+outcome+resources,"sat,grad6,spend,faculty_ft,endowment,class_size"
University of Redlands,NCAA D3,womens,7.2,121691,University of Redlands,11,Regional Universities West,intake+outcome+resources,"sat,grad6,spend,faculty_ft,endowment,class_size"
University of Rochester,NCAA D3,womens,9.3,195030,University of Rochester,46,National Universities,intake+outcome+resources,"sat,grad6,spend,faculty_ft,endowment,class_size"
University of Scranton,NCAA D3,womens,7.3,215929,University of Scranton,8,Regional Universities North,intake+outcome+resources,"sat,grad6,spend,faculty_ft,endowment,class_size"
University of St Thomas (TX),NCAA D3,womens,5.3,227863,University of St Thomas,198,National Universities,intake+outcome+resources,"sat,grad6,spend,faculty_ft,endowment"
University of the Ozarks,NCAA D3,womens,4.9,107558,University of the Ozarks,6,Regional Colleges South,intake+outcome+resources,"sat,grad6,spend,faculty_ft,endowment,class_size"
University of Valley Forge,NCAA D3,womens,2.5,216542,University of Valley Forge,26,Regional Colleges North,intake+outcome+resources,"sat,grad6,spend,faculty_ft,endowment,class_size"
University of Wisconsin-Eau Claire,NCAA D3,womens,5.4,240268,University of Wisconsin-Eau Claire,25,Regional Universities Midwest,intake+outcome+resources,"sat,grad6,spend,faculty_ft,endowment,class_size"
University of Wisconsin-La Crosse,NCAA D3,womens,5.7,240329,University of Wisconsin-La Crosse,14,Regional Universities Midwest,intake+outcome+resources,"sat,grad6,spend,faculty_ft,endowment,class_size"
University of Wisconsin-Oshkosh,NCAA D3,womens,3.2,240365,University of Wisconsin-Oshkosh,352,National Universities,intake+outcome+resources,"sat,grad6,spend,faculty_ft,endowment,class_size"
University of Wisconsin-Platteville,NCAA D3,womens,4.6,240462,University of Wisconsin-Platteville,49,Regional Universities Midwest,intake+outcome+resources,"sat,grad6,spend,faculty_ft,endowment,class_size"
University of Wisconsin-River Falls,NCAA D3,womens,4.3,240471,University of Wisconsin-River Falls,54,Regional Universities Midwest,intake+outcome+resources,"sat,grad6,spend,faculty_ft,endowment,class_size"
University of Wisconsin-Stevens Point,NCAA D3,womens,3.9,240480,University of Wisconsin-Stevens Point,54,Regional Universities Midwest,intake+outcome+resources,"sat,grad6,spend,faculty_ft,endowment,class_size"
University of Wisconsin-Stout,NCAA D3,womens,4.3,240417,University of Wisconsin-Stout,84,Regional Universities Midwest,intake+outcome+resources,"sat,grad6,spend,faculty_ft,endowment,class_size"
University of Wisconsin-Superior,NCAA D3,womens,3.5,240426,University of Wisconsin-Superior,135,Regional Universities Midwest,intake+outcome+resources,"sat,grad6,spend,faculty_ft,endowment,class_size"
University of Wisconsin-Whitewater,NCAA D3,womens,3.4,240189,University of Wisconsin-Whitewater,31,Regional Universities Midwest,intake+outcome+resources,"sat,grad6,spend,faculty_ft,endowment,class_size"
Ursinus,NCAA D3,mens,7.9,216524,Ursinus College,84,National Liberal Arts Colleges,intake+outcome+resources,"sat,grad6,spend,faculty_ft,endowment,class_size"
Ursinus College,NCAA D3,womens,7.9,216524,Ursinus College,84,National Liberal Arts Colleges,intake+outcome+resources,"sat,grad6,spend,faculty_ft,endowment,class_size"
Utica,NCAA D3,mens,3.9,197045,Utica University,76,Regional Universities North,intake+outcome+resources,"sat,grad6,spend,faculty_ft,endowment,class_size"
Utica University,NCAA D3,womens,3.9,197045,Utica University,76,Regional Universities North,intake+outcome+resources,"sat,grad6,spend,faculty_ft,endowment,class_size"
Vassar College,NCAA D3,womens,9.4,197133,Vassar College,13,National Liberal Arts Colleges,intake+outcome+resources,"sat,grad6,spend,faculty_ft,endowment,class_size"
Vermont State University-Castleton,NCAA D3,womens,5.4,231165,Vermont State University,146,Regional Universities North,outcome+resources,"grad6,spend,faculty_ft,class_size"
Vermont State University-Johnson,NCAA D3,womens,5.4,231165,Vermont State University,146,Regional Universities North,outcome+resources,"grad6,spend,faculty_ft,class_size"
Vermont State University-Lyndon,NCAA D3,womens,5.4,231165,Vermont State University,146,Regional Universities North,outcome+resources,"grad6,spend,faculty_ft,class_size"
Virginia Wesleyan,NCAA D3,mens,4.0,234173,Virginia Wesleyan University,178,National Liberal Arts Colleges,outcome+resources,"grad6,spend,faculty_ft,endowment,class_size"
Warren Wilson College,NCAA D3,womens,6.0,199865,Warren Wilson College,183-201,National Liberal Arts Colleges,intake+outcome+resources,"sat,grad6,spend,faculty_ft,endowment,class_size"
Wartburg,NCAA D3,mens,5.5,154527,Wartburg College,156,National Liberal Arts Colleges,intake+outcome+resources,"sat,grad6,spend,faculty_ft,endowment,class_size"
Wartburg College,NCAA D3,womens,5.5,154527,Wartburg College,156,National Liberal Arts Colleges,intake+outcome+resources,"sat,grad6,spend,faculty_ft,endowment,class_size"
Washington (MO),NCAA D3,mens,9.4,179867,Washington University in St Louis,20,National Universities,intake+outcome+resources,"sat,grad6,spend,faculty_ft,endowment"
Washington & Jefferson,NCAA D3,mens,7.9,216667,Washington & Jefferson College,84,National Liberal Arts Colleges,outcome+resources,"grad6,spend,faculty_ft,endowment,class_size"
Washington & Jefferson College,NCAA D3,womens,7.9,216667,Washington & Jefferson College,84,National Liberal Arts Colleges,outcome+resources,"grad6,spend,faculty_ft,endowment,class_size"
Washington & Lee,NCAA D3,mens,9.5,234207,Washington and Lee University,21,National Liberal Arts Colleges,intake+outcome+resources,"sat,grad6,spend,faculty_ft,endowment,class_size"
Washington and Lee University,NCAA D3,womens,9.5,234207,Washington and Lee University,21,National Liberal Arts Colleges,intake+outcome+resources,"sat,grad6,spend,faculty_ft,endowment,class_size"
Washington College,NCAA D3,womens,7.7,164216,Washington College,92,National Liberal Arts Colleges,intake+outcome+resources,"sat,grad6,spend,faculty_ft,endowment,class_size"
Washington College (MD),NCAA D3,mens,7.7,164216,Washington College,92,National Liberal Arts Colleges,intake+outcome+resources,"sat,grad6,spend,faculty_ft,endowment,class_size"
Washington University in St Louis,NCAA D3,womens,9.4,179867,Washington University in St Louis,20,National Universities,intake+outcome+resources,"sat,grad6,spend,faculty_ft,endowment"
Waynesburg,NCAA D3,mens,4.6,216694,Waynesburg University,121,Regional Universities North,intake+outcome+resources,"sat,grad6,spend,faculty_ft,endowment,class_size"
Waynesburg University,NCAA D3,womens,4.6,216694,Waynesburg University,121,Regional Universities North,intake+outcome+resources,"sat,grad6,spend,faculty_ft,endowment,class_size"
Webster,NCAA D3,mens,5.0,179894,Webster University,32,Regional Universities Midwest,intake+outcome+resources,"sat,grad6,spend,faculty_ft,endowment,class_size"
Webster University,NCAA D3,womens,5.0,179894,Webster University,32,Regional Universities Midwest,intake+outcome+resources,"sat,grad6,spend,faculty_ft,endowment,class_size"
Wellesley College,NCAA D3,womens,9.4,168218,Wellesley College,7,National Liberal Arts Colleges,intake+outcome+resources,"sat,grad6,spend,faculty_ft,endowment,class_size"
Wentworth,NCAA D3,mens,6.2,168227,Wentworth Institute of Technology,28,Regional Universities North,intake+outcome+resources,"sat,grad6,spend,faculty_ft,endowment,class_size"
Wentworth Institute of Technology,NCAA D3,womens,6.2,168227,Wentworth Institute of Technology,28,Regional Universities North,intake+outcome+resources,"sat,grad6,spend,faculty_ft,endowment,class_size"
Wesleyan (CT),NCAA D3,mens,9.5,130697,Wesleyan University,13,National Liberal Arts Colleges,intake+outcome+resources,"sat,grad6,spend,faculty_ft,endowment,class_size"
Wesleyan (GA),NCAA D3,womens,4.4,141325,Wesleyan College,5,Regional Colleges South,intake+outcome+resources,"sat,grad6,spend,faculty_ft,endowment,class_size"
Wesleyan University,NCAA D3,womens,9.5,130697,Wesleyan University,13,National Liberal Arts Colleges,intake+outcome+resources,"sat,grad6,spend,faculty_ft,endowment,class_size"
Western Connecticut,NCAA D3,mens,4.7,130776,Western Connecticut State University,98,Regional Universities North,intake+outcome+resources,"sat,grad6,spend,faculty_ft,endowment,class_size"
Western New England,NCAA D3,mens,5.7,168254,Western New England University,283,National Universities,intake+outcome+resources,"sat,grad6,spend,faculty_ft,endowment,class_size"
Western New England University,NCAA D3,womens,5.7,168254,Western New England University,283,National Universities,intake+outcome+resources,"sat,grad6,spend,faculty_ft,endowment,class_size"
Westfield State,NCAA D3,mens,4.3,168263,Westfield State University,98,Regional Universities North,outcome+resources,"grad6,spend,faculty_ft,endowment,class_size"
Westfield State University,NCAA D3,womens,4.3,168263,Westfield State University,98,Regional Universities North,outcome+resources,"grad6,spend,faculty_ft,endowment,class_size"
Westminster (MO),NCAA D3,mens,4.8,179946,Westminster College,164,National Liberal Arts Colleges,intake+outcome+resources,"sat,grad6,spend,faculty_ft,endowment,class_size"
Westminster (PA),NCAA D3,mens,5.7,216807,Westminster College,121,National Liberal Arts Colleges,outcome+resources,"grad6,spend,faculty_ft,endowment,class_size"
Westminster College (PA),NCAA D3,womens,5.7,216807,Westminster College,121,National Liberal Arts Colleges,outcome+resources,"grad6,spend,faculty_ft,endowment,class_size"
Westminster University (MO),NCAA D3,womens,4.8,179946,Westminster College,164,National Liberal Arts Colleges,intake+outcome+resources,"sat,grad6,spend,faculty_ft,endowment,class_size"
Wheaton (IL),NCAA D3,mens,8.5,149781,Wheaton College,50,National Liberal Arts Colleges,intake+outcome+resources,"sat,grad6,spend,faculty_ft,endowment,class_size"
Wheaton (MA),NCAA D3,mens,7.8,168281,Wheaton College (Massachusetts),76,National Liberal Arts Colleges,intake+outcome+resources,"sat,grad6,spend,faculty_ft,endowment,class_size"
Wheaton College (IL),NCAA D3,womens,8.5,149781,Wheaton College,50,National Liberal Arts Colleges,intake+outcome+resources,"sat,grad6,spend,faculty_ft,endowment,class_size"
Wheaton College (MA),NCAA D3,womens,7.8,168281,Wheaton College (Massachusetts),76,National Liberal Arts Colleges,intake+outcome+resources,"sat,grad6,spend,faculty_ft,endowment,class_size"
Whitman,NCAA D3,mens,8.9,237057,Whitman College,58,National Liberal Arts Colleges,intake+outcome+resources,"sat,grad6,spend,faculty_ft,endowment,class_size"
Whitman College,NCAA D3,womens,8.9,237057,Whitman College,58,National Liberal Arts Colleges,intake+outcome+resources,"sat,grad6,spend,faculty_ft,endowment,class_size"
Whittier College,NCAA D3,womens,7.1,125763,Whittier College,92,National Liberal Arts Colleges,outcome+resources,"grad6,spend,faculty_ft,endowment,class_size"
Whitworth,NCAA D3,mens,7.1,237066,Whitworth University,15,Regional Universities West,intake+outcome+resources,"sat,grad6,spend,faculty_ft,endowment,class_size"
Whitworth University,NCAA D3,womens,7.1,237066,Whitworth University,15,Regional Universities West,intake+outcome+resources,"sat,grad6,spend,faculty_ft,endowment,class_size"
Widener,NCAA D3,mens,5.9,216852,Widener University,301,National Universities,intake+outcome+resources,"sat,grad6,spend,faculty_ft,endowment,class_size"
Widener University,NCAA D3,womens,5.9,216852,Widener University,301,National Universities,intake+outcome+resources,"sat,grad6,spend,faculty_ft,endowment,class_size"
Wilkes,NCAA D3,mens,4.9,216931,Wilkes University,318,National Universities,intake+outcome+resources,"sat,grad6,spend,faculty_ft,endowment,class_size"
Wilkes University,NCAA D3,womens,4.9,216931,Wilkes University,318,National Universities,intake+outcome+resources,"sat,grad6,spend,faculty_ft,endowment,class_size"
Willamette University,NCAA D3,womens,7.9,210401,Willamette University,76,National Liberal Arts Colleges,intake+outcome+resources,"sat,grad6,spend,faculty_ft,endowment,class_size"
William Paterson University,NCAA D3,womens,4.1,187444,William Paterson University of New Jersey,84,Regional Universities North,outcome+resources,"grad6,spend,faculty_ft,endowment,class_size"
William Peace University,NCAA D3,womens,3.9,199272,William Peace University,21,Regional Colleges South,intake+outcome+resources,"sat,grad6,spend,faculty_ft,endowment,class_size"
Williams,NCAA D3,mens,9.6,168342,Williams College,1,National Liberal Arts Colleges,intake+outcome+resources,"sat,grad6,spend,faculty_ft,endowment,class_size"
Williams College,NCAA D3,womens,9.6,168342,Williams College,1,National Liberal Arts Colleges,intake+outcome+resources,"sat,grad6,spend,faculty_ft,endowment,class_size"
Wilmington (OH),NCAA D3,mens,2.6,206507,Wilmington College,32,Regional Colleges Midwest,intake+outcome+resources,"sat,grad6,spend,faculty_ft,endowment,class_size"
Wilmington College,NCAA D3,womens,2.6,206507,Wilmington College,32,Regional Colleges Midwest,intake+outcome+resources,"sat,grad6,spend,faculty_ft,endowment,class_size"
Wilson College,NCAA D3,womens,3.1,217013,Wilson College,150-164,Regional Universities North,intake+outcome+resources,"sat,grad6,spend,faculty_ft,endowment,class_size"
Wisconsin Lutheran College,NCAA D3,womens,6.5,240338,Wisconsin Lutheran College,19,Regional Colleges Midwest,intake+outcome+resources,"sat,grad6,spend,faculty_ft,endowment,class_size"
Wisconsin-Eau Claire,NCAA D3,mens,5.4,240268,University of Wisconsin-Eau Claire,25,Regional Universities Midwest,intake+outcome+resources,"sat,grad6,spend,faculty_ft,endowment,class_size"
Wisconsin-La Crosse,NCAA D3,mens,5.7,240329,University of Wisconsin-La Crosse,14,Regional Universities Midwest,intake+outcome+resources,"sat,grad6,spend,faculty_ft,endowment,class_size"
Wisconsin-Oshkosh,NCAA D3,mens,3.2,240365,University of Wisconsin-Oshkosh,352,National Universities,intake+outcome+resources,"sat,grad6,spend,faculty_ft,endowment,class_size"
Wisconsin-Platteville,NCAA D3,mens,4.6,240462,University of Wisconsin-Platteville,49,Regional Universities Midwest,intake+outcome+resources,"sat,grad6,spend,faculty_ft,endowment,class_size"
Wisconsin-River Falls,NCAA D3,mens,4.3,240471,University of Wisconsin-River Falls,54,Regional Universities Midwest,intake+outcome+resources,"sat,grad6,spend,faculty_ft,endowment,class_size"
Wisconsin-Stevens Point,NCAA D3,mens,3.9,240480,University of Wisconsin-Stevens Point,54,Regional Universities Midwest,intake+outcome+resources,"sat,grad6,spend,faculty_ft,endowment,class_size"
Wisconsin-Stout,NCAA D3,mens,4.3,240417,University of Wisconsin-Stout,84,Regional Universities Midwest,intake+outcome+resources,"sat,grad6,spend,faculty_ft,endowment,class_size"
Wisconsin-Superior,NCAA D3,mens,3.5,240426,University of Wisconsin-Superior,135,Regional Universities Midwest,intake+outcome+resources,"sat,grad6,spend,faculty_ft,endowment,class_size"
Wisconsin-Whitewater,NCAA D3,mens,3.4,240189,University of Wisconsin-Whitewater,31,Regional Universities Midwest,intake+outcome+resources,"sat,grad6,spend,faculty_ft,endowment,class_size"
Wittenberg,NCAA D3,mens,5.4,206525,Wittenberg University,164,National Liberal Arts Colleges,intake+outcome+resources,"sat,grad6,spend,faculty_ft,endowment,class_size"
Wittenberg University,NCAA D3,womens,5.4,206525,Wittenberg University,164,National Liberal Arts Colleges,intake+outcome+resources,"sat,grad6,spend,faculty_ft,endowment,class_size"
Worcester Polytechnic,NCAA D3,mens,8.6,168421,Worcester Polytechnic Institute,84,National Universities,outcome+resources,"grad6,spend,faculty_ft,endowment,class_size"
Worcester Polytechnic Institute,NCAA D3,womens,8.6,168421,Worcester Polytechnic Institute,84,National Universities,outcome+resources,"grad6,spend,faculty_ft,endowment,class_size"
Worcester State,NCAA D3,mens,4.4,168430,Worcester State University,98,Regional Universities North,intake+outcome+resources,"sat,grad6,spend,faculty_ft,endowment,class_size"
Worcester State University,NCAA D3,womens,4.4,168430,Worcester State University,98,Regional Universities North,intake+outcome+resources,"sat,grad6,spend,faculty_ft,endowment,class_size"
Yeshiva,NCAA D3,mens,9.0,197708,Yeshiva University,84,National Universities,intake+outcome+resources,"sat,grad6,spend,faculty_ft,endowment,class_size"
Yeshiva University,NCAA D3,womens,9.0,197708,Yeshiva University,84,National Universities,intake+outcome+resources,"sat,grad6,spend,faculty_ft,endowment,class_size"
York (PA),NCAA D3,mens,5.3,217059,York College of Pennsylvania,84,Regional Universities North,intake+outcome+resources,"sat,grad6,spend,faculty_ft,endowment,class_size"
York College of Pennsylvania,NCAA D3,womens,5.3,217059,York College of Pennsylvania,84,Regional Universities North,intake+outcome+resources,"sat,grad6,spend,faculty_ft,endowment,class_size"
