school,divisions,sport,usnews_slug,usnews_name,usnews_rank,usnews_category,city,state,unitid,scorecard_name,scorecard_city,match_basis
Abilene Christian,NCAA D1,womens,abilene-christian-university-3537,abilene christian university,329,National Universities,Abilene,TX,222178,Abilene Christian University,Abilene,city+name (j=1.00)
Air Force,NCAA D1,mens+womens,united-states-air-force-academy-1369,united states air force academy,5,National Liberal Arts Colleges,USAF Academy,CO,128328,United States Air Force Academy,USAF Academy,city+name (j=1.00)
Akron,NCAA D1,mens+womens,the-university-of-akron-3123,the university of akron,373,National Universities,Akron,OH,200800,University of Akron Main Campus,Akron,city+name (j=1.00)
Alabama,NCAA D1,womens,university-of-alabama-1051,university of alabama,169,National Universities,Tuscaloosa,AL,100751,The University of Alabama,Tuscaloosa,city+name (j=1.00)
Alabama A&M,NCAA D1,womens,alabama-am-university-1002,alabama am university,96,Regional Universities South,Normal,AL,100654,Alabama A & M University,Normal,city+name (j=1.00)
Alabama State,NCAA D1,womens,alabama-state-university-1005,Alabama State University,395-434,National Universities,Montgomery,AL,100724,Alabama State University,Montgomery,city+name (j=1.00)
Albany,NCAA D1,mens+womens,suny-albany-2835,suny albany,127,National Universities,Albany,NY,196060,University at Albany,Albany,city+name (j=1.00)
Alcorn State,NCAA D1,womens,alcorn-state-university-2396,alcorn state university,45,Regional Universities South,Lorman,MS,175342,Alcorn State University,Alcorn State,"exact name, city differs"
American,NCAA D1,mens+womens,american-university-1434,american university,88,National Universities,Washington,DC,131159,American University,Washington,city+name (j=1.00)
Appalachian State,NCAA D1,womens,appalachian-state-2906,appalachian state,3,Regional Universities South,Boone,NC,197869,Appalachian State University,Boone,city+name (j=1.00)
Arizona,NCAA D1,womens,university-of-arizona-1083,university of arizona,127,National Universities,Tucson,AZ,104179,University of Arizona,Tucson,city+name (j=1.00)
Arizona State,NCAA D1,womens,arizona-state-university-1081,arizona state university,117,National Universities,Tempe,AZ,104151,Arizona State University Campus Immersion,Tempe,city+name (j=0.67)
Arkansas,NCAA D1,womens,university-of-arkansas-1108,university of arkansas,183,National Universities,Fayetteville,AR,106397,University of Arkansas,Fayetteville,city+name (j=1.00)
Arkansas State,NCAA D1,womens,arkansas-state-university-1090,arkansas state university,352,National Universities,State University,AR,106458,Arkansas State University,Jonesboro,"exact name, city differs"
Arkansas-Pine Bluff,NCAA D1,womens,university-of-arkansas-pine-bluff-1086,university of arkansas pine bluff,19,Regional Colleges South,Pine Bluff,AR,106412,University of Arkansas at Pine Bluff,Pine Bluff,city+name (j=1.00)
Army,NCAA D1,womens,united-states-military-academy-2893,united states military academy,10,National Liberal Arts Colleges,West Point,NY,197036,United States Military Academy,West  Point,city+name (j=1.00)
Army West Point,NCAA D1,mens,united-states-military-academy-2893,united states military academy,10,National Liberal Arts Colleges,West Point,NY,197036,United States Military Academy,West  Point,city+name (j=1.00)
Auburn,NCAA D1,womens,auburn-university-1009,auburn university,102,National Universities,Auburn,AL,100858,Auburn University,Auburn,city+name (j=1.00)
Austin Peay,NCAA D1,womens,austin-peay-state-university-3478,austin peay state university,37,Regional Universities South,Clarksville,TN,219602,Austin Peay State University,Clarksville,city+name (j=1.00)
Ball State,NCAA D1,womens,ball-state-university-1786,ball state university,213,National Universities,Muncie,IN,150136,Ball State University,Muncie,city+name (j=1.00)
Baylor,NCAA D1,womens,baylor-university-6967,baylor university,88,National Universities,Waco,TX,223232,Baylor University,Waco,city+name (j=1.00)
Bellarmine,NCAA D1,mens+womens,bellarmine-university-1954,bellarmine university,301,National Universities,Louisville,KY,156286,Bellarmine University,Louisville,city+name (j=1.00)
Belmont,NCAA D1,mens+womens,belmont-university-3479,belmont university,213,National Universities,Nashville,TN,219709,Belmont University,Nashville,city+name (j=1.00)
Binghamton,NCAA D1,mens+womens,suny-binghamton-2836,suny binghamton,73,National Universities,Binghamton,NY,196079,Binghamton University,Vestal,"exact name, city differs"
Boise State,NCAA D1,womens,boise-state-university-1616,boise state university,301,National Universities,Boise,ID,142115,Boise State University,Boise,city+name (j=1.00)
Boston College,NCAA D1,mens+womens,boston-college-2128,boston college,36,National Universities,Chestnut Hill,MA,164924,Boston College,Chestnut Hill,city+name (j=1.00)
Boston University,NCAA D1,mens+womens,boston-university-2130,boston university,42,National Universities,Boston,MA,164988,Boston University,Boston,city+name (j=1.00)
Bowling Green,NCAA D1,mens+womens,bowling-green-state-university-3018,bowling green state university,293,National Universities,Bowling Green,OH,201441,Bowling Green State University-Main Campus,Bowling Green,city+name (j=1.00)
Bradley,NCAA D1,mens,bradley-university-1641,bradley university,183,National Universities,Peoria,IL,143358,Bradley University,Peoria,city+name (j=1.00)
Brown,NCAA D1,mens+womens,brown-university-3401,brown university,13,National Universities,Providence,RI,217156,Brown University,Providence,city+name (j=1.00)
Bryant,NCAA D1,mens+womens,bryant-university-3402,bryant university,5,Regional Universities North,Smithfield,RI,217165,Bryant University,Smithfield,city+name (j=1.00)
Bucknell,NCAA D1,mens+womens,bucknell-university-3238,bucknell university,30,National Liberal Arts Colleges,Lewisburg,PA,211291,Bucknell University,Lewisburg,city+name (j=1.00)
Buffalo,NCAA D1,womens,ub-9554,University at Buffalo--SUNY,75,National Universities,Buffalo,NY,196088,University at Buffalo,Buffalo,city+name (j=1.00)
Butler,NCAA D1,mens+womens,butler-university-1788,butler university,1,Regional Universities Midwest,Indianapolis,IN,150163,Butler University,Indianapolis,city+name (j=1.00)
BYU,NCAA D1,womens,byu-3670,byu,110,National Universities,Provo,UT,230038,Brigham Young University,Provo,hand-verified alias
Cal Poly,NCAA D1,mens+womens,california-polytechnic-state-university-san-luis-obispo-1143,california polytechnic state university san luis obispo,1,Regional Universities West,San Luis Obispo,CA,110422,California Polytechnic State University-San Luis Obispo,San Luis Obispo,city+name (j=1.00)
Cal State Bakersfield,NCAA D1,mens+womens,csub-7993,California State University--Bakersfield,31,Regional Universities West,Bakersfield,CA,110486,California State University-Bakersfield,Bakersfield,city+name (j=1.00)
Cal State Fullerton,NCAA D1,mens+womens,california-state-university-fullerton-1137,california state university fullerton,139,National Universities,Fullerton,CA,110565,California State University-Fullerton,Fullerton,city+name (j=1.00)
Cal State Northridge,NCAA D1,womens,california-state-university-northridge-1153,california state university northridge,20,Regional Universities West,Northridge,CA,110608,California State University-Northridge,Northridge,city+name (j=1.00)
California,NCAA D1,mens+womens,university-of-california-berkeley-1312,university of california berkeley,15,National Universities,Berkeley,CA,110635,University of California-Berkeley,Berkeley,city+name (j=1.00)
California Baptist,NCAA D1,mens+womens,california-baptist-university-1125,california baptist university,33,Regional Universities West,Riverside,CA,110361,California Baptist University,Riverside,city+name (j=1.00)
Campbell,NCAA D1,mens+womens,campbell-university-2913,campbell university,343,National Universities,Buies Creek,NC,198136,Campbell University,Buies Creek,city+name (j=1.00)
Canisius,NCAA D1,mens+womens,canisius-university-2681,canisius university,32,Regional Universities North,Buffalo,NY,189705,Canisius University,Buffalo,city+name (j=1.00)
Central Arkansas,NCAA D1,mens+womens,university-of-central-arkansas-1092,university of central arkansas,363,National Universities,Conway,AR,106704,University of Central Arkansas,Conway,city+name (j=1.00)
Central Connecticut,NCAA D1,mens+womens,central-connecticut-state-university-1378,central connecticut state university,76,Regional Universities North,New Britain,CT,128771,Central Connecticut State University,New Britain,city+name (j=1.00)
Central Michigan,NCAA D1,womens,central-michigan-university-2243,central michigan university,283,National Universities,Mount Pleasant,MI,169248,Central Michigan University,Mount Pleasant,city+name (j=1.00)
Charleston,NCAA D1,mens+womens,college-of-charleston-3428,college of charleston,9,Regional Universities South,Charleston,SC,217819,College of Charleston,Charleston,city+name (j=1.00)
Charleston Southern,NCAA D1,womens,charleston-southern-university-3419,charleston southern university,70,Regional Universities South,Charleston,SC,217688,Charleston Southern University,Charleston,city+name (j=1.00)
Charlotte,NCAA D1,mens+womens,university-of-north-carolina-at-charlotte-2975,university of north carolina at charlotte,143,National Universities,Charlotte,NC,199139,University of North Carolina at Charlotte,Charlotte,city+name (j=1.00)
Chattanooga,NCAA D1,womens,university-of-tennessee-at-chattanooga-3529,university of tennessee at chattanooga,329,National Universities,Chattanooga,TN,221740,The University of Tennessee-Chattanooga,Chattanooga,city+name (j=1.00)
Chicago State,NCAA D1,mens+womens,chicago-state-university-1694,Chicago State University,145-160,Regional Universities Midwest,Chicago,IL,144005,Chicago State University,Chicago,city+name (j=1.00)
Cincinnati,NCAA D1,womens,university-of-cincinnati-3125,university of cincinnati,158,National Universities,Cincinnati,OH,201885,University of Cincinnati-Main Campus,Cincinnati,city+name (j=1.00)
Clemson,NCAA D1,mens+womens,clemson-university-3425,clemson university,75,National Universities,Clemson,SC,217882,Clemson University,Clemson,city+name (j=1.00)
Cleveland State,NCAA D1,mens+womens,cleveland-state-university-3032,cleveland state university,343,National Universities,Cleveland,OH,202134,Cleveland State University,Cleveland,city+name (j=1.00)
Coastal Carolina,NCAA D1,mens+womens,coastal-carolina-university-3451,coastal carolina university,33,Regional Universities South,Conway,SC,218724,Coastal Carolina University,Conway,city+name (j=1.00)
Colgate,NCAA D1,mens+womens,colgate-university-2701,colgate university,22,National Liberal Arts Colleges,Hamilton,NY,190099,Colgate University,Hamilton,city+name (j=1.00)
Colorado,NCAA D1,womens,university-of-colorado-boulder-1370,university of colorado boulder,97,National Universities,Boulder,CO,126614,University of Colorado Boulder,Boulder,city+name (j=1.00)
Colorado College,NCAA D3+NCAA D1,mens+womens,colorado-college-1347,colorado college,30,National Liberal Arts Colleges,Colorado Springs,CO,126678,Colorado College,Colorado Springs,city+name (j=1.00)
Colorado State,NCAA D1,womens,colorado-state-university-1350,colorado state university,151,National Universities,Fort Collins,CO,126818,Colorado State University-Fort Collins,Fort Collins,hand-verified alias
Columbia,NCAA D1,mens+womens,columbia-university-2707,columbia university,15,National Universities,New York,NY,190150,Columbia University in the City of New York,New York,hand-verified alias
Cornell,NCAA D1,mens+womens,cornell-university-2711,cornell university,12,National Universities,Ithaca,NY,190415,Cornell University,Ithaca,city+name (j=1.00)
Creighton,NCAA D1,mens+womens,creighton-university-2542,creighton university,117,National Universities,Omaha,NE,181002,Creighton University,Omaha,city+name (j=1.00)
CSUN,NCAA D1,mens,california-state-university-northridge-1153,california state university northridge,20,Regional Universities West,Northridge,CA,110608,California State University-Northridge,Northridge,city+name (j=1.00)
Dartmouth,NCAA D1,mens+womens,dartmouth-college-2573,dartmouth college,13,National Universities,Hanover,NH,182670,Dartmouth College,Hanover,city+name (j=1.00)
Davidson,NCAA D1,mens+womens,davidson-college-2918,davidson college,13,National Liberal Arts Colleges,Davidson,NC,198385,Davidson College,Davidson,city+name (j=1.00)
Dayton,NCAA D1,mens+womens,university-of-dayton-3127,university of dayton,143,National Universities,Dayton,OH,202480,University of Dayton,Dayton,city+name (j=1.00)
Delaware,NCAA D1,mens+womens,university-of-delaware-1431,university of delaware,88,National Universities,Newark,DE,130943,University of Delaware,Newark,city+name (j=1.00)
Delaware State,NCAA D1,womens,delaware-state-university-1428,delaware state university,121,Regional Universities North,Dover,DE,130934,Delaware State University,Dover,city+name (j=1.00)
Denver,NCAA D1,mens+womens,university-of-denver-1371,university of denver,117,National Universities,Denver,CO,127060,University of Denver,Denver,city+name (j=1.00)
DePaul,NCAA D1,mens+womens,depaul-university-1671,depaul university,169,National Universities,Chicago,IL,144740,DePaul University,Chicago,city+name (j=1.00)
Detroit Mercy,NCAA D1,mens+womens,university-of-detroit-mercy-2323,university of detroit mercy,183,National Universities,Detroit,MI,169716,University of Detroit Mercy,Detroit,city+name (j=1.00)
Drake,NCAA D1,mens+womens,drake-university-1860,drake university,183,National Universities,Des Moines,IA,153269,Drake University,Des Moines,city+name (j=1.00)
Drexel,NCAA D1,mens+womens,drexel-university-3256,drexel university,80,National Universities,Philadelphia,PA,212054,Drexel University,Philadelphia,city+name (j=1.00)
Duke,NCAA D1,mens+womens,duke-university-2920,duke university,7,National Universities,Durham,NC,198419,Duke University,Durham,city+name (j=1.00)
Duquesne,NCAA D1,mens+womens,duquesne-university-3258,duquesne university,169,National Universities,Pittsburgh,PA,212106,Duquesne University,Pittsburgh,city+name (j=1.00)
East Carolina,NCAA D1,womens,east-carolina-university-2923,east carolina university,192,National Universities,Greenville,NC,198464,East Carolina University,Greenville,city+name (j=1.00)
East Tennessee State,NCAA D1,womens,east-tennessee-state-university-3487,east tennessee state university,301,National Universities,Johnson City,TN,220075,East Tennessee State University,Johnson City,city+name (j=1.00)
East Texas A&M,NCAA D1,womens,texas-am-university-commerce-3565,texas am university commerce,384,National Universities,Commerce,TX,224554,East Texas A&M University,Commerce,city+name (j=1.00)
Eastern Illinois,NCAA D1,mens+womens,eastern-illinois-university-1674,eastern illinois university,54,Regional Universities Midwest,Charleston,IL,144892,Eastern Illinois University,Charleston,city+name (j=1.00)
Eastern Kentucky,NCAA D1,womens,eastern-kentucky-university-1963,eastern kentucky university,329,National Universities,RIchmond,KY,156620,Eastern Kentucky University,Richmond,city+name (j=1.00)
Eastern Michigan,NCAA D1,womens,eastern-michigan-university-2259,eastern michigan university,373,National Universities,Ypsilanti,MI,169798,Eastern Michigan University,Ypsilanti,city+name (j=1.00)
Eastern Washington,NCAA D1,womens,eastern-washington-university-3775,eastern washington university,52,Regional Universities West,Cheney,WA,235097,Eastern Washington University,Cheney,city+name (j=1.00)
Elon,NCAA D1,mens+womens,elon-university-2927,elon university,117,National Universities,Elon,NC,198516,Elon University,Elon,city+name (j=1.00)
ETSU,NCAA D1,mens,east-tennessee-state-university-3487,east tennessee state university,301,National Universities,Johnson City,TN,220075,East Tennessee State University,Johnson City,city+name (j=1.00)
Evansville,NCAA D1,mens+womens,university-of-evansville-1795,university of evansville,18,Regional Universities Midwest,Evansville,IN,150534,University of Evansville,Evansville,city+name (j=1.00)
Fairfield,NCAA D1,mens+womens,fairfield-university-1385,fairfield university,139,National Universities,Fairfield,CT,129242,Fairfield University,Fairfield,city+name (j=1.00)
Fairleigh Dickinson,NCAA D1,mens+womens,fairleigh-dickinson-university-metropolitan-campus-8770,fairleigh dickinson university metropolitan campus,55,Regional Universities North,Teaneck,NJ,184603,Fairleigh Dickinson University-Metropolitan Campus,Teaneck,city+name (j=1.00)
FGCU,NCAA D1,mens,florida-gulf-coast-university-32553,florida gulf coast university,318,National Universities,Fort Myers,FL,433660,Florida Gulf Coast University,Fort Myers,city+name (j=1.00)
FIU,NCAA D1,mens+womens,fiu-9635,fiu,97,National Universities,Miami,FL,133951,Florida International University,Miami,hand-verified alias
Florida,NCAA D1,womens,university-of-florida-1535,university of florida,30,National Universities,Gainesville,FL,134130,University of Florida,Gainesville,city+name (j=1.00)
Florida Atlantic,NCAA D1,mens+womens,florida-atlantic-university-1481,florida atlantic university,183,National Universities,Boca Raton,FL,133669,Florida Atlantic University,Boca Raton,city+name (j=1.00)
Florida Gulf Coast,NCAA D1,womens,florida-gulf-coast-university-32553,florida gulf coast university,318,National Universities,Fort Myers,FL,433660,Florida Gulf Coast University,Fort Myers,city+name (j=1.00)
Florida State,NCAA D1,womens,florida-state-university-1489,florida state university,51,National Universities,Tallahassee,FL,134097,Florida State University,Tallahassee,city+name (j=1.00)
Fordham,NCAA D1,mens+womens,fordham-university-2722,fordham university,97,National Universities,New York,NY,191241,Fordham University,Bronx,"exact name, city differs"
Fresno State,NCAA D1,womens,california-state-university-fresno-1147,california state university fresno,183,National Universities,Fresno,CA,110556,California State University-Fresno,Fresno,city+name (j=1.00)
Furman,NCAA D1,mens+womens,furman-university-3434,furman university,45,National Liberal Arts Colleges,Greenville,SC,218070,Furman University,Greenville,city+name (j=1.00)
Gardner-Webb,NCAA D1,mens+womens,gardnerwebb-university-2929,Gardner-Webb University,384,National Universities,Boiling Springs,NC,198561,Gardner-Webb University,Boiling Springs,city+name (j=1.00)
George Mason,NCAA D1,mens+womens,george-mason-university-3749,george mason university,117,National Universities,Fairfax,VA,232186,George Mason University,Fairfax,city+name (j=1.00)
George Washington,NCAA D1,mens+womens,george-washington-university-1444,george washington university,59,National Universities,Washington,DC,131469,George Washington University,Washington,city+name (j=1.00)
Georgetown,NCAA D1,mens+womens,georgetown-university-1445,georgetown university,24,National Universities,Washington,DC,131496,Georgetown University,Washington,city+name (j=1.00)
Georgia,NCAA D1,womens,university-of-georgia-1598,university of georgia,46,National Universities,Athens,GA,139959,University of Georgia,Athens,city+name (j=1.00)
Georgia Southern,NCAA D1,mens+womens,georgia-southern-university-1572,georgia southern university,343,National Universities,Statesboro,GA,139931,Georgia Southern University,Statesboro,city+name (j=1.00)
Georgia State,NCAA D1,mens+womens,georgia-state-university-1574,georgia state university,198,National Universities,Atlanta,GA,139940,Georgia State University,Atlanta,city+name (j=1.00)
Gonzaga,NCAA D1,mens+womens,gonzaga-university-3778,gonzaga university,102,National Universities,Spokane,WA,235316,Gonzaga University,Spokane,city+name (j=1.00)
Grambling State,NCAA D1,womens,grambling-state-university-2006,grambling state university,103,Regional Universities South,Grambling,LA,159009,Grambling State University,Grambling,city+name (j=1.00)
Grand Canyon,NCAA D1,mens+womens,grand-canyon-university-1074,Grand Canyon University,395-434,National Universities,Phoenix,AZ,104717,Grand Canyon University,Phoenix,city+name (j=1.00)
Green Bay,NCAA D1,mens+womens,university-of-wisconsin-green-bay-3899,university of wisconsin green bay,74,Regional Universities Midwest,Green Bay,WI,240277,University of Wisconsin-Green Bay,Green Bay,city+name (j=1.00)
Hampton,NCAA D1,womens,hampton-university-3714,hampton university,273,National Universities,Hampton,VA,232265,Hampton University,Hampton,city+name (j=1.00)
Hartford,NCAA D1,mens,university-of-hartford-1422,university of hartford,301,National Universities,West Hartford,CT,129525,University of Hartford,West Hartford,city+name (j=1.00)
Harvard,NCAA D1,mens+womens,harvard-university-2155,harvard university,3,National Universities,Cambridge,MA,166027,Harvard University,Cambridge,city+name (j=1.00)
Hawaii,NCAA D1,womens,university-of-hawaii-manoa-1610,university of hawaii manoa,169,National Universities,Honolulu,HI,141574,University of Hawaii at Manoa,Honolulu,city+name (j=1.00)
High Point,NCAA D1,mens+womens,high-point-university-2933,high point university,1,Regional Colleges South,High Point,NC,198695,High Point University,High Point,city+name (j=1.00)
Hofstra,NCAA D1,mens+womens,hofstra-university-2732,hofstra university,183,National Universities,Hempstead,NY,191649,Hofstra University,Hempstead,city+name (j=1.00)
Holy Cross,NCAA D1,mens+womens,college-of-the-holy-cross-2141,college of the holy cross,27,National Liberal Arts Colleges,Worcester,MA,166124,College of the Holy Cross,Worcester,city+name (j=1.00)
Houston,NCAA D1,womens,university-of-houston-3652,university of houston,132,National Universities,Houston,TX,225511,University of Houston,Houston,city+name (j=1.00)
Houston Christian,NCAA D1,mens+womens,houston-christian-university-3576,houston christian university,61,Regional Universities West,Houston,TX,225399,Houston Christian University,Houston,city+name (j=1.00)
Howard,NCAA D1,mens+womens,howard-university-1448,howard university,88,National Universities,Washington,DC,131520,Howard University,Washington,city+name (j=1.00)
Idaho,NCAA D1,womens,university-of-idaho-1626,university of idaho,183,National Universities,Moscow,ID,142285,University of Idaho,Moscow,city+name (j=1.00)
Idaho State,NCAA D1,womens,idaho-state-university-1620,Idaho State University,395-434,National Universities,Pocatello,ID,142276,Idaho State University,Pocatello,city+name (j=1.00)
Illinois,NCAA D1,womens,university-of-illinois-urbanachampaign-1775,university of illinois urbanachampaign,36,National Universities,Champaign,IL,145637,University of Illinois Urbana-Champaign,Champaign,hand-verified alias
Illinois State,NCAA D1,womens,illinois-state-university-1692,illinois state university,222,National Universities,Normal,IL,145813,Illinois State University,Normal,city+name (j=1.00)
Incarnate Word,NCAA D1,womens,university-of-the-incarnate-word-3578,university of the incarnate word,293,National Universities,San Antonio,TX,225627,University of the Incarnate Word,San Antonio,city+name (j=1.00)
Indiana,NCAA D1,mens+womens,indiana-university-bloomington-1809,indiana university bloomington,73,National Universities,Bloomington,IN,151351,Indiana University-Bloomington,Bloomington,city+name (j=1.00)
Indiana State,NCAA D1,womens,indiana-state-university-9563,indiana state university,363,National Universities,Terre Haute,IN,151324,Indiana State University,Terre Haute,city+name (j=1.00)
Iona,NCAA D1,mens+womens,iona-university-2737,iona university,61,Regional Universities North,New Rochelle,NY,191931,Iona University,New Rochelle,city+name (j=1.00)
Iowa,NCAA D1,womens,university-of-iowa-1892,university of iowa,102,National Universities,Iowa City,IA,153658,University of Iowa,Iowa City,city+name (j=1.00)
Iowa State,NCAA D1,womens,iowa-state-university-1869,iowa state university,117,National Universities,Ames,IA,153603,Iowa State University,Ames,city+name (j=1.00)
IU Indy,NCAA D1,mens+womens,iupui-1813,iupui,192,National Universities,Indianapolis,IN,151111,Indiana University-Indianapolis,Indianapolis,hand-verified alias
Jackson State,NCAA D1,womens,jackson-state-university-2410,jackson state university,363,National Universities,Jackson,MS,175856,Jackson State University,Jackson,city+name (j=1.00)
Jacksonville,NCAA D1,mens+womens,jacksonville-university-1495,jacksonville university,37,Regional Universities South,Jacksonville,FL,134945,Jacksonville University,Jacksonville,city+name (j=1.00)
Jacksonville State,NCAA D1,womens,jacksonville-state-university-1020,jacksonville state university,52,Regional Universities South,Jacksonville,AL,101480,Jacksonville State University,Jacksonville,city+name (j=1.00)
James Madison,NCAA D1,mens+womens,james-madison-university-3721,james madison university,151,National Universities,Harrisonburg,VA,232423,James Madison University,Harrisonburg,city+name (j=1.00)
Kansas,NCAA D1,womens,university-of-kansas-1948,university of kansas,143,National Universities,Lawrence,KS,155317,University of Kansas,Lawrence,city+name (j=1.00)
Kansas City,NCAA D1,mens+womens,university-of-missouri-kansas-city-2518,university of missouri kansas city,232,National Universities,Kansas City,MO,178402,University of Missouri-Kansas City,Kansas City,city+name (j=1.00)
Kansas State,NCAA D1,womens,kansas-state-university-1928,kansas state university,158,National Universities,Manhattan,KS,155399,Kansas State University,Manhattan,city+name (j=1.00)
Kennesaw State,NCAA D1,womens,kennesaw-state-university-1577,kennesaw state university,373,National Universities,Kennesaw,GA,486840,Kennesaw State University,Kennesaw,city+name (j=1.00)
Kent State,NCAA D1,womens,kent-state-university-3051,kent state university,232,National Universities,Kent,OH,203517,Kent State University at Kent,Kent,city+name (j=1.00)
Kentucky,NCAA D1,mens+womens,university-of-kentucky-1989,university of kentucky,143,National Universities,Lexington,KY,157085,University of Kentucky,Lexington,city+name (j=1.00)
La Salle,NCAA D1,mens+womens,la-salle-university-3287,la salle university,257,National Universities,Philadelphia,PA,213367,La Salle University,Philadelphia,city+name (j=1.00)
Lafayette,NCAA D1,mens+womens,lafayette-college-3284,lafayette college,30,National Liberal Arts Colleges,Easton,PA,213385,Lafayette College,Easton,city+name (j=1.00)
Lamar,NCAA D1,womens,lamar-university-3581,Lamar University,395-434,National Universities,Beaumont,TX,226091,Lamar University,Beaumont,city+name (j=1.00)
Le Moyne,NCAA D1,mens+womens,le-moyne-college-2748,Le Moyne College,13,Regional Universities North,SYRACUSE,NY,192323,Le Moyne College,Syracuse,city+name (j=1.00)
Lehigh,NCAA D1,mens+womens,lehigh-university-3289,lehigh university,46,National Universities,Bethlehem,PA,213543,Lehigh University,Bethlehem,city+name (j=1.00)
Liberty,NCAA D1,mens+womens,liberty-university-10392,Liberty University,395-434,National Universities,Lynchburg,VA,232557,Liberty University,Lynchburg,city+name (j=1.00)
Lindenwood,NCAA D1,mens+womens,lindenwood-university-2480,lindenwood university,124,Regional Universities Midwest,Saint Charles,MO,177968,Lindenwood University,Saint Charles,city+name (j=1.00)
Lipscomb,NCAA D1,mens+womens,lipscomb-3486,lipscomb,222,National Universities,Nashville,TN,219976,Lipscomb University,Nashville,city+name (j=1.00)
Little Rock,NCAA D1,womens,university-of-arkansas-little-rock-1101,university of arkansas little rock,384,National Universities,Little Rock,AR,106245,University of Arkansas at Little Rock,Little Rock,city+name (j=1.00)
LIU,NCAA D1,mens+womens,long-island-university-667002,long island university,373,National Universities,Brookville,NY,192448,Long Island University,Brookville,city+name (j=1.00)
Long Beach State,NCAA D1,womens,california-state-university-long-beach-1139,"California State University, Long Beach",127,National Universities,Long Beach,CA,110583,California State University-Long Beach,Long Beach,city+name (j=1.00)
Longwood,NCAA D1,mens+womens,longwood-university-3719,longwood university,16,Regional Universities South,Farmville,VA,232566,Longwood University,Farmville,city+name (j=1.00)
Louisiana,NCAA D1,womens,university-of-louisiana-at-lafayette-2031,University of Louisiana at Lafayette,373,National Universities,Lafayette,LA,160658,University of Louisiana at Lafayette,Lafayette,city+name (j=1.00)
Louisiana Tech,NCAA D1,womens,louisiana-tech-university-2008,Louisiana Tech University,318,National Universities,Ruston,LA,159647,Louisiana Tech University,Ruston,city+name (j=1.00)
Louisiana-Monroe,NCAA D1,womens,university-of-louisiana-monroe-2020,University of Louisiana at Monroe,358,National Universities,Monroe,LA,159993,University of Louisiana at Monroe,Monroe,city+name (j=1.00)
Louisville,NCAA D1,mens+womens,university-of-louisville-1999,University of Louisville,158,National Universities,Louisville,KY,157289,University of Louisville,Louisville,city+name (j=1.00)
Loyola (MD),NCAA D1,womens,loyola-university-maryland-2078,Loyola University Maryland,7,Regional Universities North,Baltimore,MD,163046,Loyola University Maryland,Baltimore,city+name (j=1.00)
Loyola Chicago,NCAA D1,mens+womens,loyola-university-chicago-1710,Loyola University Chicago,132,National Universities,Chicago,IL,146719,Loyola University Chicago,Chicago,city+name (j=1.00)
Loyola Maryland,NCAA D1,mens,loyola-university-maryland-2078,Loyola University Maryland,7,Regional Universities North,Baltimore,MD,163046,Loyola University Maryland,Baltimore,city+name (j=1.00)
Loyola Marymount,NCAA D1,mens+womens,loyola-marymount-university-11649,Loyola Marymount University,102,National Universities,Los Angeles,CA,117946,Loyola Marymount University,Los Angeles,city+name (j=1.00)
LSU,NCAA D1,womens,louisiana-state-university-and-agricultural--mechanical-college-2010,Louisiana State University and A&M College,169,National Universities,Baton Rouge,LA,159391,Louisiana State University and Agricultural & Mechanical College,Baton Rouge,city+name (j=1.00)
Maine,NCAA D1,womens,university-of-maine-2053,University of Maine,257,National Universities,Orono,ME,161253,University of Maine,Orono,city+name (j=1.00)
Manhattan,NCAA D1,mens+womens,manhattan-university-2758,Manhattan University,28,Regional Universities North,Riverdale,NY,192703,Manhattan University,Riverdale,city+name (j=1.00)
Marist,NCAA D1,mens+womens,marist-university-2765,Marist University,9,Regional Universities North,Poughkeepsie,NY,192819,Marist University,Poughkeepsie,city+name (j=1.00)
Marquette,NCAA D1,mens+womens,marquette-university-3863,Marquette University,88,National Universities,Milwaukee,WI,239105,Marquette University,Milwaukee,city+name (j=1.00)
Marshall,NCAA D1,mens+womens,marshall-university-3815,Marshall University,318,National Universities,Huntington,WV,237525,Marshall University,Huntington,city+name (j=1.00)
Maryland,NCAA D1,mens+womens,university-of-maryland-2103,"University of Maryland, College Park",42,National Universities,College Park,MD,163286,University of Maryland-College Park,College Park,city+name (j=1.00)
McNeese,NCAA D1,womens,mcneese-state-university-2017,McNeese State University,81,Regional Universities South,Lake Charles,LA,159717,McNeese State University,Lake Charles,city+name (j=1.00)
Memphis,NCAA D1,mens+womens,university-of-memphis-3509,University of Memphis,273,National Universities,Memphis,TN,220862,University of Memphis,Memphis,city+name (j=1.00)
Mercer,NCAA D1,mens+womens,mercer-university-1580,Mercer University,169,National Universities,Macon,GA,140447,Mercer University,Macon,city+name (j=1.00)
Mercyhurst,NCAA D1,mens+womens,mercyhurst-college-3297,Mercyhurst University,66,Regional Universities North,Erie,PA,213987,Mercyhurst University,Erie,city+name (j=1.00)
Merrimack,NCAA D1,mens+womens,merrimack-college-2120,Merrimack College,38,Regional Universities North,North Andover,MA,166850,Merrimack College,North Andover,city+name (j=1.00)
Miami (FL),NCAA D1,womens,university-of-miami-1536,University of Miami,64,National Universities,Coral Gables,FL,135726,University of Miami,Coral Gables,city+name (j=1.00)
Miami (OH),NCAA D1,womens,miami-university-7104,Miami University--Oxford,143,National Universities,Oxford,OH,204024,Miami University-Oxford,Oxford,city+name (j=1.00)
Michigan,NCAA D1,mens+womens,university-of-michigan-ann-arbor-9092,University of Michigan--Ann Arbor,20,National Universities,Ann Arbor,MI,170976,University of Michigan-Ann Arbor,Ann Arbor,city+name (j=1.00)
Michigan State,NCAA D1,mens+womens,michigan-state-2290,Michigan State University,64,National Universities,East Lansing,MI,171100,Michigan State University,East Lansing,city+name (j=1.00)
Middle Tennessee,NCAA D1,womens,middle-tennessee-state-university-3510,Middle Tennessee State University,257,National Universities,Murfreesboro,TN,220978,Middle Tennessee State University,Murfreesboro,city+name (j=1.00)
Milwaukee,NCAA D1,mens+womens,uw-milwaukee-3896,University of Wisconsin--Milwaukee,301,National Universities,Milwaukee,WI,240453,University of Wisconsin-Milwaukee,Milwaukee,city+name (j=1.00)
Minnesota,NCAA D1,womens,university-of-minnesota-twin-cities-3969,University of Minnesota--Twin Cities,59,National Universities,Minneapolis,MN,174066,University of Minnesota-Twin Cities,Minneapolis,city+name (j=1.00)
Mississippi State,NCAA D1,womens,mississippi-state-university-2423,Mississippi State University,208,National Universities,Mississippi State,MS,176080,Mississippi State University,Mississippi State,city+name (j=1.00)
Missouri,NCAA D1,womens,university-of-missouri-2516,University of Missouri,102,National Universities,Columbia,MO,178396,University of Missouri-Columbia,Columbia,hand-verified alias
Missouri State,NCAA D1,mens+womens,missouri-state-university-2503,Missouri State University,358,National Universities,Springfield,MO,179566,Missouri State University-Springfield,Springfield,city+name (j=0.67)
Monmouth,NCAA D1,mens+womens,monmouth-university-2616,Monmouth University,13,Regional Universities North,West Long Branch,NJ,185572,Monmouth University,West Long Branch,city+name (j=1.00)
Montana,NCAA D1,womens,university-of-montana-2536,University of Montana,363,National Universities,Missoula,MT,180489,The University of Montana,Missoula,city+name (j=1.00)
Morehead State,NCAA D1,womens,morehead-state-university-1976,Morehead State University,27,Regional Universities South,Morehead,KY,157386,Morehead State University,Morehead,city+name (j=1.00)
Mount St. Mary's,NCAA D1,mens+womens,mount-st-marys-university-2086,Mount St. Mary's University,72,Regional Universities North,Emmitsburg,MD,163462,Mount St. Mary's University,Emmitsburg,city+name (j=1.00)
Murray State,NCAA D1,womens,murray-state-university-1977,Murray State University,14,Regional Universities South,Murray,KY,157401,Murray State University,Murray,city+name (j=1.00)
Navy,NCAA D1,mens+womens,united-states-naval-academy-2101,United States Naval Academy,3,National Liberal Arts Colleges,Annapolis,MD,164155,United States Naval Academy,Annapolis,city+name (j=1.00)
NC State,NCAA D1,mens+womens,north-carolina-state-raleigh-2972,North Carolina State University,64,National Universities,Raleigh,NC,199193,North Carolina State University at Raleigh,Raleigh,city+name (j=1.00)
Nebraska,NCAA D1,womens,university-of-nebraska-2565,University of Nebraska--Lincoln,158,National Universities,Lincoln,NE,181464,University of Nebraska-Lincoln,Lincoln,city+name (j=1.00)
Nevada,NCAA D1,womens,university-of-nevada-reno-2568,University of Nevada--Reno,192,National Universities,Reno,NV,182290,University of Nevada-Reno,Reno,city+name (j=1.00)
New Hampshire,NCAA D1,mens+womens,university-of-new-hampshire-2589,University of New Hampshire,117,National Universities,Durham,NH,183044,University of New Hampshire-Main Campus,Durham,city+name (j=1.00)
New Haven,NCAA D1,mens+womens,university-of-new-haven-1397,University of New Haven,76,Regional Universities North,West Haven,CT,129941,University of New Haven,West Haven,city+name (j=1.00)
New Mexico,NCAA D1,womens,university-of-new-mexico-10313,University of New Mexico,242,National Universities,Albuquerque,NM,187985,University of New Mexico-Main Campus,Albuquerque,city+name (j=1.00)
New Mexico State,NCAA D1,womens,new-mexico-state-university-2657,New Mexico State University,222,National Universities,Las Cruces,NM,188030,New Mexico State University-Main Campus,Las Cruces,city+name (j=1.00)
Niagara,NCAA D1,mens+womens,niagara-university-2788,Niagara University,28,Regional Universities North,Niagara University,NY,193973,Niagara University,Niagara University,city+name (j=1.00)
Nicholls,NCAA D1,womens,nicholls-state-university-2005,Nicholls State University,64,Regional Universities South,Thibodaux,LA,159966,Nicholls State University,Thibodaux,city+name (j=1.00)
NJIT,NCAA D1,mens+womens,njit-2621,New Jersey Institute of Technology,80,National Universities,Newark,NJ,185828,New Jersey Institute of Technology,Newark,city+name (j=1.00)
North Alabama,NCAA D1,womens,university-of-north-alabama-1016,University of North Alabama,30,Regional Universities South,Florence,AL,101879,University of North Alabama,Florence,city+name (j=1.00)
North Carolina,NCAA D1,mens+womens,university-of-north-carolina-chapel-hill-2974,University of North Carolina--Chapel Hill,26,National Universities,Chapel Hill,NC,199120,University of North Carolina at Chapel Hill,Chapel Hill,city+name (j=1.00)
North Dakota,NCAA D1,womens,university-of-north-dakota-3005,University of North Dakota,242,National Universities,Grand Forks,ND,200280,University of North Dakota,Grand Forks,city+name (j=1.00)
North Dakota State,NCAA D1,womens,north-dakota-state-9265,North Dakota State University,232,National Universities,Fargo,ND,200332,North Dakota State University-Main Campus,Fargo,city+name (j=1.00)
North Florida,NCAA D1,mens+womens,university-of-north-florida-9841,University of North Florida,222,National Universities,Jacksonville,FL,136172,University of North Florida,Jacksonville,city+name (j=1.00)
North Texas,NCAA D1,womens,unt-3594,University of North Texas,208,National Universities,Denton,TX,227216,University of North Texas,Denton,city+name (j=1.00)
Northeastern,NCAA D1,mens+womens,northeastern-university-2199,Northeastern University,46,National Universities,Boston,MA,167358,Northeastern University,Boston,city+name (j=1.00)
Northern Arizona,NCAA D1,womens,northern-arizona-university-1082,Northern Arizona University,242,National Universities,Flagstaff,AZ,105330,Northern Arizona University,Flagstaff,city+name (j=1.00)
Northern Colorado,NCAA D1,womens,university-of-northern-colorado-1349,University of Northern Colorado,343,National Universities,Greeley,CO,127741,University of Northern Colorado,Greeley,city+name (j=1.00)
Northern Illinois,NCAA D1,mens+womens,northern-illinois-university-1737,Northern Illinois University,301,National Universities,DeKalb,IL,147703,Northern Illinois University,Dekalb,city+name (j=1.00)
Northern Iowa,NCAA D1,womens,university-of-northern-iowa-1890,University of Northern Iowa,10,Regional Universities Midwest,Cedar Falls,IA,154095,University of Northern Iowa,Cedar Falls,city+name (j=1.00)
Northern Kentucky,NCAA D1,mens+womens,northern-kentucky-university-9275,Northern Kentucky University,384,National Universities,Highland Heights,KY,157447,Northern Kentucky University,Highland Heights,city+name (j=1.00)
Northwestern,NCAA D1,mens+womens,northwestern-university-1739,Northwestern University,7,National Universities,Evanston,IL,147767,Northwestern University,Evanston,city+name (j=1.00)
Northwestern State,NCAA D1,womens,northwestern-state-university-of-louisiana-2021,Northwestern State University of Louisiana,59,Regional Universities South,Natchitoches,LA,160038,Northwestern State University of Louisiana,Natchitoches,city+name (j=1.00)
Notre Dame,NCAA D1,mens+womens,university-of-notre-dame-1840,University of Notre Dame,20,National Universities,Notre Dame,IN,152080,University of Notre Dame,Notre Dame,city+name (j=1.00)
Oakland,NCAA D1,mens+womens,oakland-university-2307,Oakland University,318,National Universities,Rochester,MI,171571,Oakland University,Rochester Hills,city+name (j=1.00)
Ohio,NCAA D1,womens,ohio-university-3100,Ohio University,198,National Universities,Athens,OH,204857,Ohio University-Main Campus,Athens,city+name (j=1.00)
Ohio State,NCAA D1,mens+womens,ohio-state-6883,The Ohio State University,41,National Universities,Columbus,OH,204796,Ohio State University-Main Campus,Columbus,city+name (j=1.00)
Oklahoma,NCAA D1,womens,the-university-of-oklahoma-3184,The University of Oklahoma,110,National Universities,Norman,OK,207500,University of Oklahoma-Norman Campus,Norman,hand-verified alias
Oklahoma State,NCAA D1,womens,oklahoma-state-3170,Oklahoma State University,198,National Universities,Stillwater,OK,207388,Oklahoma State University-Main Campus,Stillwater,city+name (j=1.00)
Old Dominion,NCAA D1,mens+womens,old-dominion-3728,Old Dominion University,293,National Universities,Norfolk,VA,232982,Old Dominion University,Norfolk,city+name (j=1.00)
Ole Miss,NCAA D1,womens,university-of-mississippi-2440,University of Mississippi,169,National Universities,University,MS,176017,University of Mississippi,University,city+name (j=1.00)
Omaha,NCAA D1,mens+womens,university-of-nebraska-omaha-2554,University of Nebraska Omaha,301,National Universities,Omaha,NE,181394,University of Nebraska at Omaha,Omaha,city+name (j=1.00)
Oral Roberts,NCAA D1,mens+womens,oral-roberts-university-3985,Oral Roberts University,72,Regional Universities West,Tulsa,OK,207582,Oral Roberts University,Tulsa,city+name (j=1.00)
Oregon,NCAA D1,womens,university-of-oregon-3223,University of Oregon,110,National Universities,Eugene,OR,209551,University of Oregon,Eugene,city+name (j=1.00)
Oregon State,NCAA D1,mens+womens,oregon-state-3210,Oregon State University,143,National Universities,Corvallis,OR,209542,Oregon State University,Corvallis,city+name (j=1.00)
Pacific,NCAA D1,mens+womens,university-of-the-pacific-1329,University of the Pacific,139,National Universities,Stockton,CA,120883,University of the Pacific,Stockton,city+name (j=1.00)
Penn,NCAA D1,mens+womens,university-of-pennsylvania-3378,University of Pennsylvania,7,National Universities,Philadelphia,PA,215062,University of Pennsylvania,Philadelphia,city+name (j=1.00)
Penn State,NCAA D1,mens+womens,penn-state-6965,The Pennsylvania State University--University Park,59,National Universities,University Park,PA,214777,Pennsylvania State University-Main Campus,University Park,city+name (j=0.67)
Pepperdine,NCAA D1,womens,pepperdine-university-1264,Pepperdine University,84,National Universities,Malibu,CA,121150,Pepperdine University,Malibu,city+name (j=1.00)
Pittsburgh,NCAA D1,mens+womens,university-of-pittsburgh-3379,University of Pittsburgh,69,National Universities,Pittsburgh,PA,215293,University of Pittsburgh-Pittsburgh Campus,Pittsburgh,city+name (j=1.00)
Portland,NCAA D1,mens+womens,university-of-portland-3224,University of Portland,2,Regional Universities West,Portland,OR,209825,University of Portland,Portland,city+name (j=1.00)
Portland State,NCAA D1,womens,portland-state-3216,Portland State University,222,National Universities,Portland,OR,209807,Portland State University,Portland,city+name (j=1.00)
Prairie View A&M,NCAA D1,womens,prairie-view-am-university-3630,Prairie View A&M University,343,National Universities,Prairie View,TX,227526,Prairie View A & M University,Prairie View,city+name (j=1.00)
Presbyterian,NCAA D1,mens+womens,presbyterian-college-3445,Presbyterian College,163,National Liberal Arts Colleges,Clinton,SC,218539,Presbyterian College,Clinton,city+name (j=1.00)
Princeton,NCAA D1,mens+womens,princeton-university-2627,Princeton University,1,National Universities,Princeton,NJ,186131,Princeton University,Princeton,city+name (j=1.00)
Providence,NCAA D1,mens+womens,providence-college-3406,Providence College,2,Regional Universities North,Providence,RI,217402,Providence College,Providence,city+name (j=1.00)
Purdue,NCAA D1,womens,purdue-university-west-lafayette-1825,Purdue University--Main Campus,46,National Universities,West Lafayette,IN,243780,Purdue University-Main Campus,West Lafayette,city+name (j=1.00)
Purdue Fort Wayne,NCAA D1,mens+womens,purdue-university-fort-wayne-1812,Purdue University Fort Wayne,112,Regional Universities Midwest,Fort Wayne,IN,151102,Purdue University Fort Wayne,Fort Wayne,city+name (j=1.00)
Queens,NCAA D1,womens,queens-university-charlotte-2957,Queens University of Charlotte,16,Regional Universities South,Charlotte,NC,199412,Queens University of Charlotte,Charlotte,city+name (j=1.00)
Queens (NC),NCAA D1,mens,queens-university-charlotte-2957,Queens University of Charlotte,16,Regional Universities South,Charlotte,NC,199412,Queens University of Charlotte,Charlotte,city+name (j=1.00)
Quinnipiac,NCAA D1,mens+womens,quinnipiac-university-1402,Quinnipiac University,179,National Universities,Hamden,CT,130226,Quinnipiac University,Hamden,city+name (j=1.00)
Radford,NCAA D1,mens+womens,radford-university-3732,Radford University,329,National Universities,Radford,VA,233277,Radford University,Radford,city+name (j=1.00)
Rhode Island,NCAA D1,mens+womens,university-of-rhode-island-3414,University of Rhode Island,151,National Universities,Kingston,RI,217484,University of Rhode Island,Kingston,city+name (j=1.00)
Rice,NCAA D1,womens,rice-3604,Rice University,17,National Universities,Houston,TX,227757,Rice University,Houston,city+name (j=1.00)
Richmond,NCAA D1,womens,university-of-richmond-3744,University of Richmond,22,National Liberal Arts Colleges,Univ. of Richmond,VA,233374,University of Richmond,University of Richmond,"exact name, city differs"
Rider,NCAA D1,mens+womens,rider-university-2628,Rider University,45,Regional Universities North,Lawrenceville,NJ,186283,Rider University,Lawrenceville,city+name (j=1.00)
Robert Morris,NCAA D1,mens+womens,robert-morris-university-pennsylvania-3359,Robert Morris University,208,National Universities,Moon Township,PA,215655,Robert Morris University,Moon Township,city+name (j=1.00)
Rutgers,NCAA D1,mens+womens,rutgers-new-brunswick-6964,Rutgers University--New Brunswick,42,National Universities,Piscataway,NJ,186380,Rutgers University-New Brunswick,New Brunswick,hand-verified alias
Sacramento State,NCAA D1,mens+womens,california-state-university-sacramento-1150,California State University--Sacramento,22,Regional Universities West,Sacramento,CA,110617,California State University-Sacramento,Sacramento,city+name (j=1.00)
Sacred Heart,NCAA D1,mens+womens,sacred-heart-university-1403,Sacred Heart University,242,National Universities,Fairfield,CT,130253,Sacred Heart University,Fairfield,city+name (j=1.00)
Saint Francis (PA),NCAA D1,mens,saint-francis-university-3366,Saint Francis University,55,Regional Universities North,Loretto,PA,215743,Saint Francis University,Loretto,city+name (j=1.00)
Saint Joseph's,NCAA D1,mens+womens,saint-josephs-university-3367,Saint Joseph's University,6,Regional Universities North,Philadelphia,PA,215770,Saint Joseph's University - Philadelphia,Philadelphia,city+name (j=0.75)
Saint Louis,NCAA D1,mens+womens,saint-louis-university-2506,Saint Louis University,102,National Universities,St. Louis,MO,179159,Saint Louis University,Saint Louis,city+name (j=1.00)
Saint Mary's,NCAA D1,mens+womens,st-marys-college-of-california-1302,Saint Mary's College of California,7,Regional Universities West,Moraga,CA,123554,Saint Mary's College of California,Moraga,city+name (j=1.00)
Saint Peter's,NCAA D1,mens+womens,saint-peters-university-2638,Saint Peter's University,38,Regional Universities North,Jersey City,NJ,186432,Saint Peter's University,Jersey City,city+name (j=1.00)
Sam Houston,NCAA D1,womens,sam-houston-state-university-3606,Sam Houston State University,257,National Universities,Huntsville,TX,227881,Sam Houston State University,Huntsville,city+name (j=1.00)
Samford,NCAA D1,womens,samford-university-1036,Samford University,179,National Universities,Birmingham,AL,102049,Samford University,Birmingham,city+name (j=1.00)
San Diego,NCAA D1,mens+womens,university-of-san-diego-10395,University of San Diego,110,National Universities,San Diego,CA,122436,University of San Diego,San Diego,city+name (j=1.00)
San Diego State,NCAA D1,mens+womens,san-diego-state-university-1151,San Diego State University,117,National Universities,San Diego,CA,122409,San Diego State University,San Diego,city+name (j=1.00)
San Francisco,NCAA D1,mens+womens,university-of-san-francisco-1325,University of San Francisco,110,National Universities,San Francisco,CA,122612,University of San Francisco,San Francisco,city+name (j=1.00)
San Jose State,NCAA D1,mens+womens,san-jose-state-university-1155,San Jose State University,4,Regional Universities West,San Jose,CA,122755,San Jose State University,San Jose,city+name (j=1.00)
Santa Clara,NCAA D1,mens+womens,santa-clara-university-1326,Santa Clara University,59,National Universities,Santa Clara,CA,122931,Santa Clara University,Santa Clara,city+name (j=1.00)
Seattle,NCAA D1,mens+womens,seattle-university-3790,Seattle University,151,National Universities,Seattle,WA,236595,Seattle University,Seattle,city+name (j=1.00)
Seton Hall,NCAA D1,mens+womens,seton-hall-university-new-jersey-2632,Seton Hall University,158,National Universities,South Orange,NJ,186584,Seton Hall University,South Orange,city+name (j=1.00)
Siena,NCAA D1,mens+womens,siena-university-2816,Siena University,16,Regional Universities North,Loudonville,NY,195474,Siena University,Loudonville,city+name (j=1.00)
SIU Edwardsville,NCAA D1,womens,southern-illinois-university-edwardsville-1759,Southern Illinois University Edwardsville,363,National Universities,Edwardsville,IL,149231,Southern Illinois University Edwardsville,Edwardsville,city+name (j=1.00)
SIUE,NCAA D1,mens,southern-illinois-university-edwardsville-1759,Southern Illinois University Edwardsville,363,National Universities,Edwardsville,IL,149231,Southern Illinois University Edwardsville,Edwardsville,city+name (j=1.00)
SMU,NCAA D1,mens+womens,smu-3613,Southern Methodist University,88,National Universities,Dallas,TX,228246,Southern Methodist University,Dallas,city+name (j=1.00)
South Alabama,NCAA D1,womens,university-of-south-alabama-1057,University of South Alabama,363,National Universities,Mobile,AL,102094,University of South Alabama,Mobile,city+name (j=1.00)
South Carolina,NCAA D1,mens+womens,university-of-south-carolina-3448,University of South Carolina,127,National Universities,Columbia,SC,218663,University of South Carolina-Columbia,Columbia,city+name (j=0.67)
South Carolina State,NCAA D1,womens,south-carolina-state-university-3446,South Carolina State University,88,Regional Universities South,Orangeburg,SC,218733,South Carolina State University,Orangeburg,city+name (j=1.00)
South Dakota,NCAA D1,womens,university-of-south-dakota-10300,University of South Dakota,283,National Universities,Vermillion,SD,219471,University of South Dakota,Vermillion,city+name (j=1.00)
South Dakota State,NCAA D1,womens,south-dakota-state-university-3471,South Dakota State University,257,National Universities,Brookings,SD,219356,South Dakota State University,Brookings,city+name (j=1.00)
South Florida,NCAA D1,mens+womens,university-of-south-florida-1537,University of South Florida,88,National Universities,Tampa,FL,137351,University of South Florida,Tampa,city+name (j=1.00)
Southeast Missouri State,NCAA D1,womens,southeast-missouri-state-2501,Southeast Missouri State University,68,Regional Universities Midwest,Cape Girardeau,MO,179557,Southeast Missouri State University,Cape Girardeau,city+name (j=1.00)
Southeastern Louisiana,NCAA D1,womens,southeastern-louisiana-university-2024,Southeastern Louisiana University,74,Regional Universities South,Hammond,LA,160612,Southeastern Louisiana University,Hammond,city+name (j=1.00)
Southern,NCAA D1,womens,southern-university-and-am-college-9636,Southern University and A&M College,395-434,National Universities,Baton Rouge,LA,160621,Southern University and A & M College,Baton Rouge,city+name (j=1.00)
Southern Illinois,NCAA D1,womens,southern-illinois-university-carbondale-1758,Southern Illinois University--Carbondale,301,National Universities,Carbondale,IL,149222,Southern Illinois University-Carbondale,Carbondale,city+name (j=1.00)
Southern Indiana,NCAA D1,mens+womens,university-of-southern-indiana-1808,University of Southern Indiana,78,Regional Universities Midwest,Evansville,IN,151306,University of Southern Indiana,Evansville,city+name (j=1.00)
Southern Miss,NCAA D1,womens,university-of-southern-mississippi-2441,University of Southern Mississippi,318,National Universities,Hattiesburg,MS,176372,University of Southern Mississippi,Hattiesburg,city+name (j=1.00)
Southern Utah,NCAA D1,womens,southern-utah-university-3678,Southern Utah University,64,Regional Universities West,Cedar City,UT,230603,Southern Utah University,Cedar City,city+name (j=1.00)
St. Bonaventure,NCAA D1,mens+womens,st-bonaventure-university-2817,St. Bonaventure University,25,Regional Universities North,St. Bonaventure,NY,195164,St Bonaventure University,Saint Bonaventure,city+name (j=1.00)
St. John's,NCAA D1,mens+womens,st-johns-university-2823,St. John's University,151,National Universities,Queens,NY,195809,St. John's University-New York,Queens,city+name (j=0.60)
St. Thomas,NCAA D1,mens+womens,university-of-st-thomas-2345,University of St. Thomas,158,National Universities,St Paul,MN,174914,University of St Thomas,Saint Paul,city+name (j=1.00)
Stanford,NCAA D1,mens+womens,stanford-university-1305,Stanford University,4,National Universities,Stanford,CA,243744,Stanford University,Stanford,city+name (j=1.00)
Stephen F. Austin,NCAA D1,womens,stephen-f-austin-state-university-3624,Stephen F. Austin State University,38,Regional Universities West,Nacogdoches,TX,228431,Stephen F Austin State University,Nacogdoches,city+name (j=1.00)
Stetson,NCAA D1,mens+womens,stetson-university-1531,Stetson University,7,Regional Universities South,DeLand,FL,137546,Stetson University,DeLand,city+name (j=1.00)
Stonehill,NCAA D1,mens+womens,stonehill-college-2217,Stonehill College,82,National Liberal Arts Colleges,Easton,MA,167996,Stonehill College,Easton,city+name (j=1.00)
Stony Brook,NCAA D1,mens+womens,stony-brook-suny-2838,Stony Brook University--SUNY,59,National Universities,Stony Brook,NY,196097,Stony Brook University,Stony Brook,city+name (j=1.00)
Syracuse,NCAA D1,mens+womens,syracuse-university-2882,Syracuse University,75,National Universities,Syracuse,NY,196413,Syracuse University,Syracuse,city+name (j=1.00)
Tarleton State,NCAA D1,womens,tarleton-state-university-3631,Tarleton State University,373,National Universities,Stephenville,TX,228529,Tarleton State University,Stephenville,city+name (j=1.00)
TCU,NCAA D1,womens,texas-christian-university-3636,Texas Christian University,97,National Universities,Fort Worth,TX,228875,Texas Christian University,Fort Worth,city+name (j=1.00)
Temple,NCAA D1,mens+womens,temple-university-3371,Temple University,102,National Universities,Philadelphia,PA,216339,Temple University,Philadelphia,city+name (j=1.00)
Tennessee,NCAA D1,womens,university-of-tennessee-knoxville-3530,University of Tennessee--Knoxville,102,National Universities,Knoxville,TN,221759,The University of Tennessee-Knoxville,Knoxville,city+name (j=1.00)
Tennessee Tech,NCAA D1,womens,tennessee-tech-3523,Tennessee Tech University,257,National Universities,Cookeville,TN,221847,Tennessee Technological University,Cookeville,hand-verified alias
Texas,NCAA D1,womens,the-university-of-texas-austin-3658,The University of Texas--Austin,30,National Universities,Austin,TX,228778,The University of Texas at Austin,Austin,city+name (j=1.00)
Texas A&M,NCAA D1,womens,texas-am-university-college-station-10366,Texas A&M University,51,National Universities,College Station,TX,228723,Texas A&M University-College Station,College Station,city+name (j=0.75)
Texas A&M-Corpus Christi,NCAA D1,womens,texas-am-university-corpus-christi-11161,Texas A&M University--Corpus Christi,395-434,National Universities,Corpus Christi,TX,224147,Texas A & M University-Corpus Christi,Corpus Christi,city+name (j=1.00)
Texas Southern,NCAA D1,womens,texas-southern-university-3642,Texas Southern University,395-434,National Universities,Houston,TX,229063,Texas Southern University,Houston,city+name (j=1.00)
Texas State,NCAA D1,womens,texas-state-university-3615,Texas State University,257,National Universities,San Marcos,TX,228459,Texas State University,San Marcos,city+name (j=1.00)
Texas Tech,NCAA D1,womens,texas-tech-university-3644,Texas Tech University,198,National Universities,Lubbock,TX,229115,Texas Tech University,Lubbock,city+name (j=1.00)
The Citadel,NCAA D1,womens,the-citadel-the-military-college-of-south-carolina-3423,The Citadel,1,Regional Universities South,Charleston,SC,217864,Citadel Military College of South Carolina,Charleston,city+name (j=1.00)
Toledo,NCAA D1,womens,the-university-of-toledo-3131,The University of Toledo,293,National Universities,Toledo,OH,206084,University of Toledo,Toledo,city+name (j=1.00)
Towson,NCAA D1,womens,towson-university-2099,Towson University,11,Regional Universities North,Towson,MD,164076,Towson University,Towson,city+name (j=1.00)
Troy,NCAA D1,womens,troy-university-1047,Troy University,45,Regional Universities South,Troy,AL,102368,Troy University,Troy,city+name (j=1.00)
Tulsa,NCAA D1,mens+womens,university-of-tulsa-3185,University of Tulsa,158,National Universities,Tulsa,OK,207971,University of Tulsa,Tulsa,city+name (j=1.00)
UAB,NCAA D1,mens+womens,university-of-alabama-at-birmingham-1052,University of Alabama at Birmingham,132,National Universities,Birmingham,AL,100663,University of Alabama at Birmingham,Birmingham,city+name (j=1.00)
UC Davis,NCAA D1,mens+womens,university-of-california-davis-1313,"University of California, Davis",32,National Universities,Davis,CA,110644,University of California-Davis,Davis,city+name (j=1.00)
UC Irvine,NCAA D1,mens+womens,university-of-california-irvine-1314,"University of California, Irvine",32,National Universities,Irvine,CA,110653,University of California-Irvine,Irvine,city+name (j=1.00)
UC Riverside,NCAA D1,mens+womens,university-of-california-riverside-1316,"University of California, Riverside",75,National Universities,Riverside,CA,110671,University of California-Riverside,Riverside,city+name (j=1.00)
UC San Diego,NCAA D1,mens+womens,university-of-california-san-diego-1317,University of California San Diego,29,National Universities,La Jolla,CA,110680,University of California-San Diego,La Jolla,city+name (j=1.00)
UC Santa Barbara,NCAA D1,mens+womens,university-of-california-santa-barbara-1320,"University of California, Santa Barbara",40,National Universities,Santa Barbara,CA,110705,University of California-Santa Barbara,Santa Barbara,city+name (j=1.00)
UCF,NCAA D1,mens+womens,ucf-3954,University of Central Florida,117,National Universities,Orlando,FL,132903,University of Central Florida,Orlando,city+name (j=1.00)
UCLA,NCAA D1,mens+womens,ucla-1315,"University of California, Los Angeles",17,National Universities,Los Angeles,CA,110662,University of California-Los Angeles,Los Angeles,city+name (j=1.00)
UConn,NCAA D1,mens+womens,uconn-29013,University of Connecticut,69,National Universities,Storrs,CT,129020,University of Connecticut,Storrs,city+name (j=1.00)
UIC,NCAA D1,mens+womens,university-of-illinois-chicago-1776,University of Illinois Chicago,84,National Universities,Chicago,IL,145600,University of Illinois Chicago,Chicago,city+name (j=1.00)
UIW,NCAA D1,mens,university-of-the-incarnate-word-3578,University of the Incarnate Word,293,National Universities,San Antonio,TX,225627,University of the Incarnate Word,San Antonio,city+name (j=1.00)
UMass,NCAA D1,mens+womens,umass-amherst-2221,University of Massachusetts--Amherst,64,National Universities,Amherst,MA,166629,University of Massachusetts-Amherst,Amherst,city+name (j=1.00)
UMass Lowell,NCAA D1,mens+womens,university-of-massachusetts-lowell-2161,University of Massachusetts--Lowell,151,National Universities,Lowell,MA,166513,University of Massachusetts-Lowell,Lowell,city+name (j=1.00)
UMBC,NCAA D1,mens+womens,umbc-2105,University of Maryland Baltimore County,127,National Universities,Baltimore,MD,163268,University of Maryland-Baltimore County,Baltimore,city+name (j=1.00)
UNC Asheville,NCAA D1,mens+womens,university-of-north-carolina-asheville-2907,University of North Carolina--Asheville,135,National Liberal Arts Colleges,Asheville,NC,199111,University of North Carolina Asheville,Asheville,city+name (j=1.00)
UNC Greensboro,NCAA D1,mens+womens,university-of-north-carolina-greensboro-2976,University of North Carolina--Greensboro,198,National Universities,Greensboro,NC,199148,University of North Carolina at Greensboro,Greensboro,city+name (j=1.00)
UNC Wilmington,NCAA D1,womens,university-of-north-carolina-wilmington-2984,University of North Carolina--Wilmington,198,National Universities,Wilmington,NC,199218,University of North Carolina Wilmington,Wilmington,city+name (j=1.00)
UNCW,NCAA D1,mens,university-of-north-carolina-wilmington-2984,University of North Carolina--Wilmington,198,National Universities,Wilmington,NC,199218,University of North Carolina Wilmington,Wilmington,city+name (j=1.00)
UNLV,NCAA D1,mens+womens,unlv-2569,University of Nevada--Las Vegas,232,National Universities,Las Vegas,NV,182281,University of Nevada-Las Vegas,Las Vegas,city+name (j=1.00)
USC,NCAA D1,womens,university-of-southern-california-1328,University of Southern California,28,National Universities,Los Angeles,CA,123961,University of Southern California,Los Angeles,city+name (j=1.00)
USC Upstate,NCAA D1,mens+womens,university-of-south-carolina-upstate-6951,University of South Carolina--Upstate,7,Regional Colleges South,Spartanburg,SC,218742,University of South Carolina-Upstate,Spartanburg,city+name (j=1.00)
UT Martin,NCAA D1,womens,the-university-of-tennessee-at-martin-3531,University of Tennessee at Martin,20,Regional Universities South,Martin,TN,221768,The University of Tennessee-Martin,Martin,city+name (j=1.00)
UT Rio Grande Valley,NCAA D1,womens,the-university-of-texas-rio-grande-valley-666978,The University of Texas--Rio Grande Valley,213,National Universities,Edinburg,TX,227368,The University of Texas Rio Grande Valley,Edinburg,city+name (j=1.00)
Utah,NCAA D1,womens,university-of-utah-3675,University of Utah,151,National Universities,Salt Lake City,UT,230764,University of Utah,Salt Lake City,city+name (j=1.00)
Utah State,NCAA D1,womens,utah-state-university-3677,Utah State University,242,National Universities,Logan,UT,230728,Utah State University,Logan,city+name (j=1.00)
Utah Tech,NCAA D1,mens+womens,utah-tech-university-3671,Utah Tech University,34,Regional Colleges West,St. George,UT,230171,Utah Tech University,Saint George,city+name (j=1.00)
Utah Valley,NCAA D1,mens+womens,utah-valley-4027,Utah Valley University,93,Regional Universities West,Orem,UT,230737,Utah Valley University,Orem,city+name (j=1.00)
UTEP,NCAA D1,womens,the-university-of-texas-el-paso-3661,The University of Texas--El Paso,257,National Universities,El Paso,TX,228796,The University of Texas at El Paso,El Paso,city+name (j=1.00)
UTRGV,NCAA D1,mens,the-university-of-texas-rio-grande-valley-666978,The University of Texas--Rio Grande Valley,213,National Universities,Edinburg,TX,227368,The University of Texas Rio Grande Valley,Edinburg,city+name (j=1.00)
UTSA,NCAA D1,womens,the-university-of-texas-san-antonio-10115,The University of Texas--San Antonio,213,National Universities,San Antonio,TX,229027,The University of Texas at San Antonio,San Antonio,city+name (j=1.00)
Valparaiso,NCAA D1,womens,valparaiso-university-1842,Valparaiso University,198,National Universities,Valparaiso,IN,152600,Valparaiso University,Valparaiso,city+name (j=1.00)
Vanderbilt,NCAA D1,womens,vanderbilt-3535,Vanderbilt University,17,National Universities,Nashville,TN,221999,Vanderbilt University,Nashville,city+name (j=1.00)
VCU,NCAA D1,mens+womens,virginia-commonwealth-university-3735,Virginia Commonwealth University,139,National Universities,Richmond,VA,234030,Virginia Commonwealth University,Richmond,city+name (j=1.00)
Vermont,NCAA D1,mens+womens,university-of-vermont-3696,University of Vermont,132,National Universities,Burlington,VT,231174,University of Vermont,Burlington,city+name (j=1.00)
Villanova,NCAA D1,mens+womens,villanova-3388,Villanova University,57,National Universities,Villanova,PA,216597,Villanova University,Villanova,city+name (j=1.00)
Virginia,NCAA D1,mens+womens,uva-6968,University of Virginia,26,National Universities,Charlottesville,VA,234076,University of Virginia-Main Campus,Charlottesville,city+name (j=1.00)
Virginia Tech,NCAA D1,mens+womens,virginia-tech-3754,Virginia Tech,51,National Universities,Blacksburg,VA,233921,Virginia Polytechnic Institute and State University,Blacksburg,hand-verified alias
VMI,NCAA D1,mens+womens,virginia-military-institute-3753,Virginia Military Institute,65,National Liberal Arts Colleges,Lexington,VA,234085,Virginia Military Institute,Lexington,city+name (j=1.00)
Wagner,NCAA D1,womens,wagner-college-2899,Wagner College,70,Regional Universities North,Staten Island,NY,197197,Wagner College,Staten Island,city+name (j=1.00)
Wake Forest,NCAA D1,mens+womens,wake-forest-2978,Wake Forest University,51,National Universities,Winston-Salem,NC,199847,Wake Forest University,Winston-Salem,city+name (j=1.00)
Washington,NCAA D1,mens+womens,university-of-washington-3798,University of Washington,42,National Universities,Seattle,WA,236948,University of Washington-Seattle Campus,Seattle,hand-verified alias
Washington State,NCAA D1,womens,washington-state-3800,Washington State University,192,National Universities,Pullman,WA,236939,Washington State University,Pullman,city+name (j=1.00)
Weber State,NCAA D1,womens,weber-state-university-3680,Weber State University,50,Regional Universities West,Ogden,UT,230782,Weber State University,Ogden,city+name (j=1.00)
West Florida,NCAA D2+NCAA D1,mens+womens,university-of-west-florida-3955,University of West Florida,14,Regional Universities South,Pensacola,FL,138354,University of West Florida,Pensacola,city+name (j=1.00)
West Georgia,NCAA D1,womens,university-of-west-georgia-1601,University of West Georgia,373,National Universities,Carrollton,GA,141334,University of West Georgia,Carrollton,city+name (j=1.00)
West Virginia,NCAA D1,mens+womens,wvu-3827,West Virginia University,222,National Universities,Morgantown,WV,238032,West Virginia University,Morgantown,city+name (j=1.00)
Western Carolina,NCAA D1,womens,western-carolina-university-2981,Western Carolina University,257,National Universities,Cullowhee,NC,200004,Western Carolina University,Cullowhee,city+name (j=1.00)
Western Illinois,NCAA D1,mens+womens,western-illinois-university-1780,Western Illinois University,74,Regional Universities Midwest,Macomb,IL,149772,Western Illinois University,Macomb,city+name (j=1.00)
Western Kentucky,NCAA D1,womens,western-kentucky-university-2002,Western Kentucky University,363,National Universities,Bowling Green,KY,157951,Western Kentucky University,Bowling Green,city+name (j=1.00)
Western Michigan,NCAA D1,mens+womens,western-michigan-university-2330,Western Michigan University,293,National Universities,Kalamazoo,MI,172699,Western Michigan University,Kalamazoo,city+name (j=1.00)
William & Mary,NCAA D1,mens+womens,william-and-mary-3705,William & Mary,51,National Universities,Williamsburg,VA,231624,William & Mary,Williamsburg,city+name (j=1.00)
Winthrop,NCAA D1,mens+womens,winthrop-university-3456,Winthrop University,20,Regional Universities South,Rock Hill,SC,218964,Winthrop University,Rock Hill,city+name (j=1.00)
Wisconsin,NCAA D1,mens+womens,university-of-wisconsin-3895,University of Wisconsin--Madison,36,National Universities,Madison,WI,240444,University of Wisconsin-Madison,Madison,city+name (j=1.00)
Wofford,NCAA D1,mens+womens,wofford-college-3457,Wofford College,67,National Liberal Arts Colleges,Spartanburg,SC,218973,Wofford College,Spartanburg,city+name (j=1.00)
Wright State,NCAA D1,mens+womens,wright-state-9168,Wright State University,395-434,National Universities,Dayton,OH,206604,Wright State University-Main Campus,Dayton,city+name (j=1.00)
Wyoming,NCAA D1,womens,university-of-wyoming-3932,University of Wyoming,222,National Universities,Laramie,WY,240727,University of Wyoming,Laramie,city+name (j=1.00)
Xavier,NCAA D1,mens+womens,xavier-university-3144,Xavier University,208,National Universities,Cincinnati,OH,206622,Xavier University,Cincinnati,city+name (j=1.00)
Yale,NCAA D1,mens+womens,yale-university-1426,Yale University,4,National Universities,New Haven,CT,130794,Yale University,New Haven,city+name (j=1.00)
Youngstown State,NCAA D1,womens,youngstown-state-university-3145,Youngstown State University,99,Regional Universities Midwest,Youngstown,OH,206695,Youngstown State University,Youngstown,city+name (j=1.00)
Adams State,NCAA D2,mens+womens,adams-state-university-1345,Adams State University,102,Regional Universities West,Alamosa,CO,126182,Adams State University,Alamosa,city+name (j=1.00)
Adelphi,NCAA D2,mens+womens,adelphi-university-2666,Adelphi University,198,National Universities,Garden City,NY,188429,Adelphi University,Garden City,city+name (j=1.00)
Alabama Huntsville,NCAA D2,mens+womens,university-of-alabama-huntsville-1055,University of Alabama at Huntsville,242,National Universities,Huntsville,AL,100706,University of Alabama in Huntsville,Huntsville,city+name (j=0.67)
Allen,NCAA D2,womens,allen-university-3417,Allen University,183-201,National Liberal Arts Colleges,Columbia,SC,217624,Allen University,Columbia,city+name (j=1.00)
American International,NCAA D2,mens+womens,american-international-college-2114,American International College,395-434,National Universities,Springfield,MA,164447,American International College,Springfield,city+name (j=1.00)
Anderson (SC),NCAA D2,mens+womens,anderson-university-3418,Anderson University,31,Regional Universities South,Anderson,SC,217633,Anderson University,Anderson,city+name (j=1.00)
Angelo State,NCAA D2,womens,angelo-state-university-3541,Angelo State University,56,Regional Universities West,San Angelo,TX,222831,Angelo State University,San Angelo,city+name (j=1.00)
Ashland,NCAA D2,mens+womens,ashland-university-3012,Ashland University,42,Regional Universities Midwest,Ashland,OH,201104,Ashland University,Ashland,city+name (j=1.00)
Assumption,NCAA D2,mens+womens,assumption-university-2118,Assumption University,50,Regional Universities North,Worcester,MA,164562,Assumption University,Worcester,city+name (j=1.00)
Auburn Montgomery,NCAA D2,mens+womens,auburn-university-at-montgomery-8310,Auburn University at Montgomery,64,Regional Universities South,Montgomery,AL,100830,Auburn University at Montgomery,Montgomery,city+name (j=1.00)
Augustana (SD),NCAA D2,womens,augustana-university-3458,Augustana University,7,Regional Universities Midwest,Sioux Falls,SD,219000,Augustana University,Sioux Falls,city+name (j=1.00)
Barry,NCAA D2,mens+womens,barry-university-1466,Barry University,395-434,National Universities,Miami Shores,FL,132471,Barry University,Miami,city+name (j=1.00)
Barton,NCAA D2,mens+womens,barton-college-2908,Barton College,21,Regional Colleges South,Wilson,NC,197911,Barton College,Wilson,city+name (j=1.00)
Belmont Abbey,NCAA D2,mens+womens,belmont-abbey-2910,Belmont Abbey College,12,Regional Colleges South,Belmont,NC,197984,Belmont Abbey College,Belmont,city+name (j=1.00)
Bemidji State,NCAA D2,womens,bemidji-state-university-2336,Bemidji State University,71,Regional Universities Midwest,Bemidji,MN,173124,Bemidji State University,Bemidji,city+name (j=1.00)
Bentley,NCAA D2,mens+womens,bentley-university-2124,Bentley University,1,Regional Universities North,Waltham,MA,164739,Bentley University,Waltham,city+name (j=1.00)
Biola,NCAA D2,mens+womens,biola-university-1122,Biola University,242,National Universities,La Mirada,CA,110097,Biola University,La Mirada,city+name (j=1.00)
Black Hills State,NCAA D2,womens,black-hills-state-3459,Black Hills State University,143,Regional Universities Midwest,Spearfish,SD,219046,Black Hills State University,Spearfish,city+name (j=1.00)
Bluefield State,NCAA D2,womens,bluefield-state-university-3809,Bluefield State University,50,Regional Colleges South,Bluefield,WV,237215,Bluefield State University,Bluefield,city+name (j=1.00)
Bridgeport,NCAA D2,mens+womens,university-of-bridgeport-1416,University of Bridgeport,395-434,National Universities,Bridgeport,CT,128744,University of Bridgeport,Bridgeport,city+name (j=1.00)
Cal Poly Humboldt,NCAA D2,mens+womens,cal-poly-humboldt-1149,Cal Poly Humboldt,23,Regional Universities West,Arcata,CA,115755,California State Polytechnic University-Humboldt,Arcata,hand-verified alias
Cal Poly Pomona,NCAA D2,mens+womens,california-state-polytechnic-university-pomona-1144,California State Polytechnic University--Pomona,3,Regional Universities West,Pomona,CA,110529,California State Polytechnic University-Pomona,Pomona,city+name (j=1.00)
Cal State Dominguez Hills,NCAA D2,mens+womens,california-state-university-dominguez-hills-1141,California State University--Dominguez Hills,36,Regional Universities West,Carson,CA,110547,California State University-Dominguez Hills,Carson,city+name (j=1.00)
Cal State East Bay,NCAA D2,mens+womens,california-state-university-east-bay-1138,California State University--East Bay,257,National Universities,Hayward,CA,110574,California State University-East Bay,Hayward,city+name (j=1.00)
Cal State LA,NCAA D2,mens,california-state-university-los-angeles-1140,California State University--Los Angeles,13,Regional Universities West,Los Angeles,CA,110592,California State University-Los Angeles,Los Angeles,city+name (j=1.00)
Cal State Los Angeles,NCAA D2,womens,california-state-university-los-angeles-1140,California State University--Los Angeles,13,Regional Universities West,Los Angeles,CA,110592,California State University-Los Angeles,Los Angeles,city+name (j=1.00)
Cal State Monterey Bay,NCAA D2,mens+womens,csumb-32603,California State University--Monterey Bay,11,Regional Universities West,Seaside,CA,409698,California State University-Monterey Bay,Seaside,city+name (j=1.00)
Cal State San Bernardino,NCAA D2,mens+womens,california-state-university-san-bernardino-1142,California State University--San Bernardino,179,National Universities,San Bernardino,CA,110510,California State University-San Bernardino,San Bernardino,city+name (j=1.00)
Cal State San Marcos,NCAA D2,mens+womens,california-state-university-san-marcos-30113,California State University--San Marcos,23,Regional Universities West,San Marcos,CA,366711,California State University-San Marcos,San Marcos,city+name (j=1.00)
Cal State Stanislaus,NCAA D2,mens+womens,california-state-university-stanislaus-1157,California State University--Stanislaus,9,Regional Universities West,Turlock,CA,110495,California State University-Stanislaus,Turlock,city+name (j=1.00)
Caldwell,NCAA D2,mens+womens,caldwell-university-2598,Caldwell University,84,Regional Universities North,Caldwell,NJ,183910,Caldwell University,Caldwell,city+name (j=1.00)
Carson-Newman,NCAA D2,mens+womens,carsonnewman-university-3481,Carson-Newman University,358,National Universities,Jefferson City,TN,219806,Carson-Newman University,Jefferson City,city+name (j=1.00)
Catawba,NCAA D2,mens+womens,catawba-college-2914,Catawba College,4,Regional Colleges South,Salisbury,NC,198215,Catawba College,Salisbury,city+name (j=1.00)
Cedarville,NCAA D2,mens+womens,cedarville-university-3025,Cedarville University,17,Regional Universities Midwest,Cedarville,OH,201654,Cedarville University,Cedarville,city+name (j=1.00)
Central Missouri,NCAA D2,womens,university-of-central-missouri-2454,University of Central Missouri,59,Regional Universities Midwest,Warrensburg,MO,176965,University of Central Missouri,Warrensburg,city+name (j=1.00)
Central Oklahoma,NCAA D2,womens,university-of-central-oklahoma-3152,University of Central Oklahoma,62,Regional Universities West,Edmond,OK,206941,University of Central Oklahoma,Edmond,city+name (j=1.00)
Central Washington,NCAA D2,womens,central-washington-university-3771,Central Washington University,46,Regional Universities West,Ellensburg,WA,234827,Central Washington University,Ellensburg,city+name (j=1.00)
Chaminade,NCAA D2,mens+womens,chaminade-university-of-honolulu-1605,Chaminade University of Honolulu,38,Regional Universities West,Honolulu,HI,141486,Chaminade University of Honolulu,Honolulu,city+name (j=1.00)
Charleston (WV),NCAA D2,mens+womens,university-of-charleston-3818,University of Charleston,395-434,National Universities,Charleston,WV,237312,University of Charleston,Charleston,city+name (j=1.00)
Chestnut Hill,NCAA D2,mens+womens,chestnut-hill-college-3245,Chestnut Hill College,128,Regional Universities North,Philadelphia,PA,211583,Chestnut Hill College,Philadelphia,city+name (j=1.00)
Chico State,NCAA D2,mens+womens,california-state-university-chico-1146,California State University--Chico,16,Regional Universities West,Chico,CA,110538,California State University-Chico,Chico,city+name (j=1.00)
Chowan,NCAA D2,mens+womens,chowan-university-2916,Chowan University,67,Regional Colleges South,Murfreesboro,NC,198303,Chowan University,Murfreesboro,city+name (j=1.00)
Christian Brothers,NCAA D2,mens+womens,christian-brothers-university-3482,Christian Brothers University,37,Regional Universities South,Memphis,TN,219833,Christian Brothers University,Memphis,city+name (j=1.00)
Clayton State,NCAA D2,mens+womens,clayton-state-university-8976,Clayton State University,80,Regional Universities South,Morrow,GA,139311,Clayton  State University,Morrow,city+name (j=1.00)
Coker,NCAA D2,mens+womens,coker-college-3427,Coker University,99,Regional Universities South,Hartsville,SC,217907,Coker University,Hartsville,city+name (j=1.00)
Colorado Christian,NCAA D2,mens+womens,colorado-christian-university-9401,Colorado Christian University,65,Regional Universities West,Lakewood,CO,126669,Colorado Christian University,Lakewood,city+name (j=1.00)
Colorado Mesa,NCAA D2,mens+womens,colorado-mesa-university-1358,Colorado Mesa University,14,Regional Colleges West,Grand Junction,CO,127556,Colorado Mesa University,Grand Junction,city+name (j=1.00)
Colorado School of Mines,NCAA D2,mens+womens,colorado-school-of-mines-1348,Colorado School of Mines,80,National Universities,Golden,CO,126775,Colorado School of Mines,Golden,city+name (j=1.00)
Colorado State-Pueblo,NCAA D2,mens+womens,colorado-state-university-pueblo-1365,Colorado State University Pueblo,81,Regional Universities West,Pueblo,CO,128106,Colorado State University Pueblo,Pueblo,city+name (j=1.00)
Columbus State,NCAA D2,womens,columbus-state-university-1561,Columbus State University,64,Regional Universities South,Columbus,GA,139366,Columbus State University,Columbus,city+name (j=1.00)
Commonwealth University-Bloomsburg,NCAA D2,mens+womens,commonwealth-university-of-pennsylvania-436986,Commonwealth University of Pennsylvania,121,Regional Universities North,Bloomsburg,PA,498562,Commonwealth University of Pennsylvania,Bloomsburg,city+name (j=1.00)
Commonwealth University-Lock Haven,NCAA D2,mens+womens,commonwealth-university-of-pennsylvania-436986,Commonwealth University of Pennsylvania,121,Regional Universities North,Bloomsburg,PA,498562,Commonwealth University of Pennsylvania,Bloomsburg,city+name (j=1.00)
Commonwealth University-Mansfield,NCAA D2,womens,commonwealth-university-of-pennsylvania-436986,Commonwealth University of Pennsylvania,121,Regional Universities North,Bloomsburg,PA,498562,Commonwealth University of Pennsylvania,Bloomsburg,city+name (j=1.00)
Concord,NCAA D2,mens+womens,concord-university-athens-3810,Concord University,90,Regional Universities South,Athens,WV,237330,Concord University,Athens,city+name (j=1.00)
Concordia Irvine,NCAA D2,mens+womens,concordia-university-irvine-29059,Concordia University Irvine,318,National Universities,Irvine,CA,112075,Concordia University-Irvine,Irvine,city+name (j=1.00)
Concordia-St. Paul,NCAA D2,womens,concordia-university-st-paul-2347,"Concordia University, St. Paul",105,Regional Universities Midwest,St Paul,MN,173328,Concordia University-Saint Paul,Saint Paul,hand-verified alias
Converse,NCAA D2,mens+womens,converse-university-3431,Converse University,33,Regional Universities South,Spartanburg,SC,217961,Converse University,Spartanburg,city+name (j=1.00)
D'Youville,NCAA D2,mens+womens,dyouville-university-2712,D'Youville University,242,National Universities,Buffalo,NY,190716,D'Youville  University,Buffalo,city+name (j=1.00)
Daemen,NCAA D2,mens+womens,daemen-university-2808,Daemen University,358,National Universities,Amherst,NY,190725,Daemen University,Amherst,city+name (j=1.00)
Dallas Baptist,NCAA D2,mens+womens,dallas-baptist-university-3560,Dallas Baptist University,384,National Universities,Dallas,TX,224226,Dallas Baptist University,Dallas,city+name (j=1.00)
Davenport,NCAA D2,mens+womens,davenport-university-2249,Davenport University,124,Regional Universities Midwest,Grand Rapids,MI,169479,Davenport University,Grand Rapids,city+name (j=1.00)
Davis & Elkins,NCAA D2,mens+womens,davis-and-elkins-college-3811,Davis & Elkins College,27,Regional Colleges South,Elkins,WV,237358,Davis & Elkins College,Elkins,city+name (j=1.00)
Delta State,NCAA D2,mens+womens,delta-state-university-2403,Delta State University,50,Regional Universities South,Cleveland,MS,175616,Delta State University,Cleveland,city+name (j=1.00)
District of Columbia,NCAA D2,mens,udc-29100,University of the District of Columbia,145,Regional Universities North,Washington,DC,131399,University of the District of Columbia,Washington,city+name (j=1.00)
Dominican (CA),NCAA D2,mens+womens,dominican-university-of-california-1196,Dominican University of California,31,Regional Universities West,San Rafael,CA,113698,Dominican University of California,San Rafael,city+name (j=1.00)
Dominican (NY),NCAA D2,womens,dominican-university-new-york-2713,Dominican University New York,301,National Universities,Orangeburg,NY,190761,Dominican University New York,Orangeburg,city+name (j=1.00)
Dominican College (NY),NCAA D2,mens,dominican-university-new-york-2713,Dominican University New York,301,National Universities,Orangeburg,NY,190761,Dominican University New York,Orangeburg,city+name (j=1.00)
Drury,NCAA D2,mens+womens,drury-university-2461,Drury University,25,Regional Universities Midwest,Springfield,MO,177214,Drury University,Springfield,city+name (j=1.00)
East Central,NCAA D2,womens,east-central-university-3154,East Central University,100,Regional Universities West,Ada,OK,207041,East Central University,Ada,city+name (j=1.00)
East Stroudsburg,NCAA D2,mens+womens,east-stroudsburg-university-3320,East Stroudsburg University of Pennsylvania,136,Regional Universities North,East Stroudsburg,PA,212115,East Stroudsburg University of Pennsylvania,East Stroudsburg,city+name (j=1.00)
Eastern New Mexico,NCAA D2,mens+womens,eastern-new-mexico-university-2651,Eastern New Mexico University,93,Regional Universities West,Portales,NM,187648,Eastern New Mexico University-Main Campus,Portales,city+name (j=1.00)
Eckerd,NCAA D2,mens+womens,eckerd-college-1487,Eckerd College,135,National Liberal Arts Colleges,St. Petersburg,FL,133492,Eckerd College,Saint Petersburg,city+name (j=1.00)
Edward Waters,NCAA D2,womens,edward-waters-university-1478,Edward Waters University,67,Regional Colleges South,Jacksonville,FL,133526,Edward Waters University,Jacksonville,city+name (j=1.00)
Embry-Riddle,NCAA D2,mens,embryriddle-aeronautical-universitydaytona-beach-1479,Embry-Riddle Aeronautical University--Daytona Beach,4,Regional Universities South,Daytona Beach,FL,133553,Embry-Riddle Aeronautical University-Daytona Beach,Daytona Beach,city+name (j=1.00)
Embry–Riddle Aeronautical,NCAA D2,womens,embryriddle-aeronautical-universitydaytona-beach-1479,Embry-Riddle Aeronautical University--Daytona Beach,4,Regional Universities South,Daytona Beach,FL,133553,Embry-Riddle Aeronautical University-Daytona Beach,Daytona Beach,city+name (j=1.00)
Emmanuel (GA),NCAA D2,mens+womens,emmanuel-college-georgia-1563,Emmanuel College,63,Regional Colleges South,Franklin Springs,GA,139630,Emmanuel University,Franklin Springs,city+name (j=1.00)
Emory & Henry,NCAA D2,mens+womens,emory--henry-university-3709,Emory & Henry University,27,Regional Universities South,Emory,VA,232025,Emory & Henry University,Emory,city+name (j=1.00)
Emporia State,NCAA D2,womens,emporia-state-university-1927,Emporia State University,78,Regional Universities Midwest,Emporia,KS,155025,Emporia State University,Emporia,city+name (j=1.00)
Erskine,NCAA D2,mens+womens,erskine-college-3432,Erskine College,50,Regional Colleges South,Due West,SC,217998,Erskine College,Due West,city+name (j=1.00)
Fairmont State,NCAA D2,womens,fairmont-state-3812,Fairmont State University,85,Regional Universities South,Fairmont,WV,237367,Fairmont State University,Fairmont,city+name (j=1.00)
Felician,NCAA D2,mens+womens,felician-university-2610,Felician University,121,Regional Universities North,Lodi,NJ,184612,Felician University,Lodi,city+name (j=1.00)
Ferris State,NCAA D2,womens,ferris-state-university-2260,Ferris State University,329,National Universities,Big Rapids,MI,169910,Ferris State University,Big Rapids,city+name (j=1.00)
Ferrum,NCAA D3+NCAA D2,mens+womens,ferrum-college-3711,Ferrum College,60,Regional Colleges South,Ferrum,VA,232089,Ferrum College,Ferrum,city+name (j=1.00)
Findlay,NCAA D2,mens+womens,university-of-findlay-3045,University of Findlay,373,National Universities,Findlay,OH,202763,The University of Findlay,Findlay,city+name (j=1.00)
Flagler,NCAA D2,mens+womens,flagler-7893,Flagler College,3,Regional Colleges South,St. Augustine,FL,133711,Flagler College,Saint Augustine,city+name (j=1.00)
Florida Southern,NCAA D2,mens+womens,florida-southern-college-1488,Florida Southern College,11,Regional Universities South,Lakeland,FL,134079,Florida Southern College,Lakeland,city+name (j=1.00)
Florida Tech,NCAA D2,mens+womens,florida-institute-of-technology-1469,Florida Institute of Technology,232,National Universities,Melbourne,FL,133881,Florida Institute of Technology,Melbourne,city+name (j=1.00)
Fort Hays State,NCAA D2,mens+womens,fort-hays-state-university-1915,Fort Hays State University,78,Regional Universities Midwest,Hays,KS,155061,Fort Hays State University,Hays,city+name (j=1.00)
Fort Lewis,NCAA D2,mens+womens,fort-lewis-college-1353,Fort Lewis College,17,Regional Colleges West,Durango,CO,127185,Fort Lewis College,Durango,city+name (j=1.00)
Francis Marion,NCAA D2,mens+womens,francis-marion-9226,Francis Marion University,54,Regional Universities South,Florence,SC,218061,Francis Marion University,Florence,city+name (j=1.00)
Franklin Pierce,NCAA D2,mens+womens,franklin-pierce-university-2575,Franklin Pierce University,150-164,Regional Universities North,Rindge,NH,182795,Franklin Pierce University,Rindge,city+name (j=1.00)
Fresno Pacific,NCAA D2,mens+womens,fresno-pacific-university-1253,Fresno Pacific University,46,Regional Universities West,Fresno,CA,114813,Fresno Pacific University,Fresno,city+name (j=1.00)
Frostburg State,NCAA D2,mens+womens,frostburg-state-university-2072,Frostburg State University,98,Regional Universities North,Frostburg,MD,162584,Frostburg State University,Frostburg,city+name (j=1.00)
Gannon,NCAA D2,mens+womens,gannon-university-3266,Gannon University,257,National Universities,Erie,PA,212601,Gannon University,Erie,city+name (j=1.00)
Georgia College,NCAA D2,womens,georgia-college--state-university-1602,Georgia College & State University,12,Regional Universities South,Milledgeville,GA,139861,Georgia College & State University,Milledgeville,city+name (j=1.00)
Georgia Southwestern,NCAA D2,mens+womens,georgia-southwestern-state-university-1573,Georgia Southwestern State University,96,Regional Universities South,Americus,GA,139764,Georgia Southwestern State University,Americus,city+name (j=1.00)
Georgian Court,NCAA D2,mens+womens,georgian-court-2608,Georgian Court University,110,Regional Universities North,Lakewood,NJ,184773,Georgian Court University,Lakewood,city+name (j=1.00)
Glenville State,NCAA D2,womens,glenville-state-university-3813,Glenville State University,59,Regional Colleges South,Glenville,WV,237385,Glenville State University,Glenville,city+name (j=1.00)
Goldey-Beacom,NCAA D2,mens+womens,goldeybeacom-college-1429,Goldey-Beacom College,128,Regional Universities North,Wilmington,DE,130989,Goldey-Beacom College,Wilmington,city+name (j=1.00)
Grand Valley State,NCAA D2,womens,grand-valley-state-university-2268,Grand Valley State University,242,National Universities,Allendale,MI,170082,Grand Valley State University,Allendale,city+name (j=1.00)
Harding,NCAA D2,mens+womens,harding-university-10311,Harding University,301,National Universities,Searcy,AR,107044,Harding University,Searcy,city+name (j=1.00)
Hawaii Hilo,NCAA D2,mens+womens,university-of-hawaii-at-hilo-29020,University of Hawaii at Hilo,329,National Universities,Hilo,HI,141565,University of Hawaii at Hilo,Hilo,city+name (j=1.00)
Hawaii Pacific,NCAA D2,mens+womens,hawaii-pacific-university-7279,Hawaii Pacific University,86,Regional Universities West,Honolulu,HI,141644,Hawaii Pacific University,Honolulu,city+name (j=1.00)
Holy Family,NCAA D2,mens+womens,holy-family-university-3275,Holy Family University,98,Regional Universities North,Philadelphia,PA,212984,Holy Family University,Philadelphia,city+name (j=1.00)
Illinois Springfield,NCAA D2,mens,university-of-illinois-springfield-9333,University of Illinois--Springfield,29,Regional Universities Midwest,Springfield,IL,148654,University of Illinois Springfield,Springfield,city+name (j=1.00)
Indianapolis,NCAA D2,mens+womens,university-of-indianapolis-1804,University of Indianapolis,301,National Universities,Indianapolis,IN,151263,University of Indianapolis,Indianapolis,city+name (j=1.00)
IUP,NCAA D2,womens,iup-3277,Indiana University of Pennsylvania,329,National Universities,Indiana,PA,213020,Indiana University of Pennsylvania,Indiana,city+name (j=1.00)
Jamestown,NCAA D2,mens+womens,jamestown-college-2990,University of Jamestown,124,Regional Universities Midwest,Jamestown,ND,200156,University of Jamestown,Jamestown,city+name (j=1.00)
Jefferson,NCAA D2,womens,thomas-jefferson-university-12393,Thomas Jefferson University,132,National Universities,Philadelphia,PA,216366,Thomas Jefferson University,Philadelphia,city+name (j=1.00)
Jessup,NCAA D2,mens+womens,jessup-university-1281,Jessup University,77,Regional Universities West,Rocklin,CA,122728,William Jessup University,Rocklin,hand-verified alias
Kentucky Wesleyan,NCAA D2,mens+womens,kentucky-wesleyan-college-1969,Kentucky Wesleyan College,21,Regional Colleges South,Owensboro,KY,157076,Kentucky Wesleyan College,Owensboro,city+name (j=1.00)
King (TN),NCAA D2,mens+womens,king-university-3496,King University,76,Regional Universities South,Bristol,TN,220516,King University,Bristol,city+name (j=1.00)
Kutztown,NCAA D2,womens,kutztown-university-3322,Kutztown University of Pennsylvania,112,Regional Universities North,Kutztown,PA,213349,Kutztown University of Pennsylvania,Kutztown,city+name (j=1.00)
Lake Erie,NCAA D2,mens+womens,lake-erie-college-3066,Lake Erie College,145-160,Regional Universities Midwest,Painesville,OH,203580,Lake Erie College,Painesville,city+name (j=1.00)
Lander,NCAA D2,mens+womens,lander-university-3435,Lander University,12,Regional Colleges South,Greenwood,SC,218229,Lander University,Greenwood,city+name (j=1.00)
Lee (TN),NCAA D2,mens+womens,lee-university-3500,Lee University,31,Regional Universities South,Cleveland,TN,220613,Lee University,Cleveland,city+name (j=1.00)
Lees-McRae,NCAA D2,mens+womens,lees-mcrae-college-2939,Lees-McRae College,12,Regional Colleges South,Banner Elk,NC,198808,Lees-McRae College,Banner Elk,city+name (j=1.00)
Lenoir-Rhyne,NCAA D2,mens+womens,lenoir-rhyne-university-2941,Lenoir-Rhyne University,45,Regional Universities South,Hickory,NC,198835,Lenoir-Rhyne University,Hickory,city+name (j=1.00)
Lewis,NCAA D2,mens+womens,lewis-university-1707,Lewis University,29,Regional Universities Midwest,Romeoville,IL,146612,Lewis University,Romeoville,city+name (j=1.00)
Lincoln (MO),NCAA D2,mens+womens,lincoln-university-2479,Lincoln University,51,Regional Colleges Midwest,Jefferson City,MO,177940,Lincoln University,Jefferson City,city+name (j=1.00)
Lincoln (PA),NCAA D2,womens,lincoln-university-3290,Lincoln University,116,Regional Universities North,Lincoln University,PA,213598,Lincoln University,Lincoln University,city+name (j=1.00)
Lincoln Memorial,NCAA D2,mens+womens,lincoln-memorial-university-3502,Lincoln Memorial University,343,National Universities,Harrogate,TN,220631,Lincoln Memorial University,Harrogate,city+name (j=1.00)
Lubbock Christian,NCAA D2,mens+womens,lubbock-christian-university-3586,Lubbock Christian University,77,Regional Universities West,Lubbock,TX,226383,Lubbock Christian University,Lubbock,city+name (j=1.00)
Lynn,NCAA D2,mens+womens,lynn-university-1505,Lynn University,57,Regional Universities South,Boca Raton,FL,132657,Lynn University,Boca Raton,city+name (j=1.00)
Malone,NCAA D2,mens+womens,malone-university-3072,Malone University,101,Regional Universities Midwest,Canton,OH,203775,Malone University,Canton,city+name (j=1.00)
Mars Hill,NCAA D2,mens+womens,mars-hill-college-2944,Mars Hill University,27,Regional Colleges South,Mars Hill,NC,198899,Mars Hill University,Mars Hill,city+name (j=1.00)
Mary,NCAA D2,womens,university-of-mary-2992,University of Mary,343,National Universities,Bismarck,ND,200217,University of Mary,Bismarck,city+name (j=1.00)
Maryville (MO),NCAA D2,mens+womens,maryville-saint-louis-2482,Maryville University of St. Louis,283,National Universities,St Louis,MO,178059,Maryville University of Saint Louis,Saint Louis,city+name (j=1.00)
McKendree,NCAA D2,mens+womens,mckendree-university-1722,McKendree University,101,Regional Universities Midwest,Lebanon,IL,147013,McKendree University,Lebanon,city+name (j=1.00)
Menlo,NCAA D2,mens+womens,menlo-college-1236,Menlo College,,,Atherton,CA,118693,Menlo College,Atherton,city+name (j=1.00)
Mercy,NCAA D2,mens+womens,mercy-university-2772,Mercy University,116,Regional Universities North,Dobbs Ferry,NY,193016,Mercy University,Dobbs Ferry,city+name (j=1.00)
Metro State Denver,NCAA D2,mens+womens,metropolitan-state-university-of-denver-1360,Metropolitan State University of Denver,86,Regional Universities West,Denver,CO,127565,Metropolitan State University of Denver,Denver,city+name (j=1.00)
Michigan Tech,NCAA D2,womens,michigan-tech-2292,Michigan Technological University,158,National Universities,Houghton,MI,171128,Michigan Technological University,Houghton,city+name (j=1.00)
Middle Georgia State,NCAA D2,mens+womens,middle-georgia-state-university-7728,Middle Georgia State University,112,Regional Universities South,Macon,GA,482158,Middle Georgia State University,Macon,city+name (j=1.00)
Midwestern State,NCAA D2,mens+womens,midwestern-state-3592,Midwestern State University,77,Regional Universities West,Wichita Falls,TX,226833,Midwestern State University,Wichita Falls,city+name (j=1.00)
Millersville,NCAA D2,mens+womens,millersville-university-of-pennsylvania-3325,Millersville University of Pennsylvania,98,Regional Universities North,Millersville,PA,214041,Millersville University of Pennsylvania,Millersville,city+name (j=1.00)
Minnesota Crookston,NCAA D2,womens,university-of-minnesota-crookston-4069,University of Minnesota Crookston,14,Regional Colleges Midwest,Crookston,MN,174075,University of Minnesota-Crookston,Crookston,city+name (j=1.00)
Minnesota Duluth,NCAA D2,womens,university-of-minnesota-duluth-2388,University of Minnesota Duluth,18,Regional Universities Midwest,Duluth,MN,174233,University of Minnesota-Duluth,Duluth,city+name (j=1.00)
Minnesota State Mankato,NCAA D2,womens,minnesota-state-university-mankato-2360,Minnesota State University--Mankato,54,Regional Universities Midwest,Mankato,MN,173920,Minnesota State University-Mankato,Mankato,city+name (j=1.00)
Minnesota State Moorhead,NCAA D2,womens,minnesota-state-university-moorhead-2367,Minnesota State University Moorhead,49,Regional Universities Midwest,Moorhead,MN,174358,Minnesota State University Moorhead,Moorhead,city+name (j=1.00)
Minot State,NCAA D2,womens,minot-state-2994,Minot State University,112,Regional Universities Midwest,Minot,ND,200253,Minot State University,Minot,city+name (j=1.00)
Mississippi Christian,NCAA D2,womens,mississippi-college-2415,Mississippi Christian University,358,National Universities,Clinton,MS,176053,Mississippi Christian University,Clinton,city+name (j=1.00)
Mississippi College,NCAA D2,mens+womens,mississippi-college-2415,Mississippi Christian University,358,National Universities,Clinton,MS,176053,Mississippi Christian University,Clinton,city+name (j=1.00)
Missouri S&T,NCAA D2,mens+womens,missouri-university-of-science-and-technology-2517,Missouri University of Science and Technology,192,National Universities,Rolla,MO,178411,Missouri University of Science and Technology,Rolla,city+name (j=1.00)
Missouri Southern,NCAA D2,womens,missouri-southern-state-university-2488,Missouri Southern State University,138,Regional Universities Midwest,Joplin,MO,178341,Missouri Southern State University,Joplin,city+name (j=1.00)
Missouri Western,NCAA D2,womens,missouri-western-state-university-2490,Missouri Western State University,133,Regional Universities Midwest,St Joseph,MO,178387,Missouri Western State University,Saint Joseph,city+name (j=1.00)
Molloy,NCAA D2,mens+womens,molloy-university-2775,Molloy University,66,Regional Universities North,Rockville Centre,NY,193292,Molloy University,Rockville Centre,city+name (j=1.00)
Monroe (NY),NCAA D2,mens,monroe-university-4799,Monroe University,76,Regional Universities North,Bronx,NY,193308,Monroe University,Bronx,city+name (j=1.00)
Montana State Billings,NCAA D2,womens,montana-state-billings-2530,Montana State University Billings,95,Regional Universities West,Billings,MT,180179,Montana State University Billings,Billings,city+name (j=1.00)
Montevallo,NCAA D2,mens+womens,university-of-montevallo-1004,University of Montevallo,22,Regional Universities South,Montevallo,AL,101709,University of Montevallo,Montevallo,city+name (j=1.00)
Mount Olive,NCAA D2,mens+womens,university-of-mount-olive-2949,University of Mount Olive,76,Regional Universities South,Mount Olive,NC,199069,University of Mount Olive,Mount Olive,city+name (j=1.00)
Nebraska at Kearney,NCAA D2,womens,university-of-nebraska-at-kearney-2551,University of Nebraska at Kearney,24,Regional Universities Midwest,Kearney,NE,181215,University of Nebraska at Kearney,Kearney,city+name (j=1.00)
New Mexico Highlands,NCAA D2,womens,new-mexico-highlands-university-2653,New Mexico Highlands University,97,Regional Universities West,Las Vegas,NM,187897,New Mexico Highlands University,Las Vegas,city+name (j=1.00)
Newberry,NCAA D2,mens+womens,newberry-college-3440,Newberry College,16,Regional Colleges South,Newberry,SC,218414,Newberry College,Newberry,city+name (j=1.00)
Newman,NCAA D2,mens+womens,newman-university-1939,Newman University,118,Regional Universities Midwest,Wichita,KS,155335,Newman University,Wichita,city+name (j=1.00)
North Georgia,NCAA D2,mens+womens,university-of-north-georgia-1585,University of North Georgia,49,Regional Universities South,Dahlonega,GA,482680,University of North Georgia,Dahlonega,city+name (j=1.00)
North Greenville,NCAA D2,womens,north-greenville-university-3441,North Greenville University,42,Regional Universities South,Tigerville,SC,218441,North Greenville University,Tigerville,city+name (j=1.00)
Northeastern State,NCAA D2,mens+womens,northeastern-state-university-3161,Northeastern State University,69,Regional Universities West,Tahlequah,OK,207263,Northeastern State University,Tahlequah,city+name (j=1.00)
Northern Michigan,NCAA D2,mens+womens,northern-michigan-university-2301,Northern Michigan University,49,Regional Universities Midwest,Marquette,MI,171456,Northern Michigan University,Marquette,city+name (j=1.00)
Northern State,NCAA D2,womens,northern-state-university-3466,Northern State University,61,Regional Universities Midwest,Aberdeen,SD,219259,Northern State University,Aberdeen,city+name (j=1.00)
Northwest Missouri State,NCAA D2,womens,northwest-missouri-2496,Northwest Missouri State University,84,Regional Universities Midwest,Maryville,MO,178624,Northwest Missouri State University,Maryville,city+name (j=1.00)
Northwest Nazarene,NCAA D2,mens+womens,northwest-nazarene-university-1624,Northwest Nazarene University,56,Regional Universities West,Nampa,ID,142461,Northwest Nazarene University,Nampa,city+name (j=1.00)
Northwestern Oklahoma State,NCAA D2,womens,northwestern-oklahoma-state-3163,Northwestern Oklahoma State University,81,Regional Universities West,Alva,OK,207306,Northwestern Oklahoma State University,Alva,city+name (j=1.00)
Northwood,NCAA D2,mens+womens,northwood-university-8759,Northwood University,,,Midland,MI,171492,Northwood University,Midland,city+name (j=1.00)
Nova Southeastern,NCAA D2,mens+womens,nova-southeastern-university-1509,Nova Southeastern University,257,National Universities,Fort Lauderdale,FL,136215,Nova Southeastern University,Fort Lauderdale,city+name (j=1.00)
Ohio Dominican,NCAA D2,mens+womens,ohio-dominican-university-3035,Ohio Dominican University,112,Regional Universities Midwest,Columbus,OH,204617,Ohio Dominican University,Columbus,city+name (j=1.00)
Oklahoma Baptist,NCAA D2,womens,oklahoma-baptist-university-3164,Oklahoma Baptist University,43,Regional Universities West,Shawnee,OK,207403,Oklahoma Baptist University,Shawnee,city+name (j=1.00)
Oklahoma Christian,NCAA D2,mens+womens,oklahoma-christian-3165,Oklahoma Christian University,65,Regional Universities West,Oklahoma City,OK,207324,Oklahoma Christian University,Edmond,hand-verified alias
Ouachita Baptist,NCAA D2,mens+womens,ouachita-baptist-university-1102,Ouachita Baptist University,151,National Liberal Arts Colleges,Arkadelphia,AR,107512,Ouachita Baptist University,Arkadelphia,city+name (j=1.00)
Pace,NCAA D2,mens+womens,pace-university-2791,Pace University,273,National Universities,New York,NY,194310,Pace University,New York,city+name (j=1.00)
Palm Beach Atlantic,NCAA D2,mens+womens,palm-beach-atlantic-university-8849,Palm Beach Atlantic University,384,National Universities,West Palm Beach,FL,136330,Palm Beach Atlantic University,West Palm Beach,city+name (j=1.00)
PennWest California,NCAA D2,mens+womens,pennsylvania-western-university-664059,Pennsylvania Western University,136,Regional Universities North,California,PA,498571,Pennsylvania Western University,California,city+name (j=1.00)
PennWest Clarion,NCAA D2,womens,pennsylvania-western-university-664059,Pennsylvania Western University,136,Regional Universities North,California,PA,498571,Pennsylvania Western University,California,city+name (j=1.00)
PennWest Edinboro,NCAA D2,womens,pennsylvania-western-university-664059,Pennsylvania Western University,136,Regional Universities North,California,PA,498571,Pennsylvania Western University,California,city+name (j=1.00)
PennWest Johnstown,NCAA D2,mens,university-of-pittsburgh-at-johnstown-3382,University of Pittsburgh at Johnstown,14,Regional Colleges North,Johnstown,PA,215284,University of Pittsburgh-Johnstown,Johnstown,city+name (j=1.00)
Pitt-Johnstown,NCAA D2,womens,university-of-pittsburgh-at-johnstown-3382,University of Pittsburgh at Johnstown,14,Regional Colleges North,Johnstown,PA,215284,University of Pittsburgh-Johnstown,Johnstown,city+name (j=1.00)
Point Loma Nazarene,NCAA D2,mens+womens,point-loma-nazarene-university-1262,Point Loma Nazarene University,16,Regional Universities West,San Diego,CA,121309,Point Loma Nazarene University,San Diego,city+name (j=1.00)
Point Park,NCAA D2,mens+womens,point-park-university-3357,Point Park University,318,National Universities,Pittsburgh,PA,215442,Point Park University,Pittsburgh,city+name (j=1.00)
Post,NCAA D2,mens+womens,post-university-1401,Post University,150-164,Regional Universities North,Waterbury,CT,130183,Post University,Waterbury,city+name (j=1.00)
Purdue Northwest,NCAA D2,mens+womens,purdue-university-northwest-666998,Purdue University--Northwest,101,Regional Universities Midwest,Hammond,IN,490805,Purdue University Northwest,Hammond,city+name (j=1.00)
Queens (CUNY),NCAA D2,mens+womens,queens-college-2690,CUNY--Queens College,38,Regional Universities North,Queens,NY,190664,CUNY Queens College,Queens,city+name (j=1.00)
Quincy,NCAA D2,mens+womens,quincy-university-1745,Quincy University,35,Regional Colleges Midwest,Quincy,IL,148131,Quincy University,Quincy,city+name (j=1.00)
Regis (CO),NCAA D2,mens+womens,regis-university-1363,Regis University,273,National Universities,Denver,CO,127918,Regis University,Denver,city+name (j=1.00)
Roberts Wesleyan,NCAA D2,mens+womens,roberts-wesleyan-university-2805,Roberts Wesleyan University,84,Regional Universities North,Rochester,NY,194958,Roberts Wesleyan University,Rochester,city+name (j=1.00)
Rockhurst,NCAA D2,mens+womens,rockhurst-university-2499,Rockhurst University,6,Regional Universities Midwest,Kansas City,MO,179043,Rockhurst University,Kansas City,city+name (j=1.00)
Rogers State,NCAA D2,mens+womens,rogers-state-university-3168,Rogers State University,27,Regional Colleges West,Claremore,OK,207661,Rogers State University,Claremore,city+name (j=1.00)
Rollins,NCAA D2,mens+womens,rollins-college-1515,Rollins College,2,Regional Universities South,Winter Park,FL,136950,Rollins College,Winter Park,city+name (j=1.00)
Roosevelt,NCAA D2,mens+womens,roosevelt-university-1749,Roosevelt University,395-434,National Universities,Chicago,IL,148487,Roosevelt University,Chicago,city+name (j=1.00)
Saginaw Valley State,NCAA D2,mens+womens,saginaw-valley-state-university-2314,Saginaw Valley State University,99,Regional Universities Midwest,University Center,MI,172051,Saginaw Valley State University,University Center,city+name (j=1.00)
Saint Anselm,NCAA D2,mens+womens,st-anselm-college-2587,Saint Anselm College,96,National Liberal Arts Colleges,Manchester,NH,183239,Saint Anselm College,Manchester,city+name (j=1.00)
Saint Leo,NCAA D2,mens+womens,saint-leo-university-1526,Saint Leo University,395-434,National Universities,Saint Leo,FL,137032,Saint Leo University,Saint Leo,city+name (j=1.00)
Saint Martin's,NCAA D2,mens+womens,st-martins-3794,Saint Martin's University,56,Regional Universities West,Lacey,WA,236452,Saint Martin's University,Lacey,city+name (j=1.00)
Saint Michael's,NCAA D2,mens+womens,saint-michaels-college-3694,Saint Michael's College,115,National Liberal Arts Colleges,Colchester,VT,231059,Saint Michael's College,Colchester,city+name (j=1.00)
Salem,NCAA D2,mens+womens,salem-university-3820,Salem University,121-133,Regional Universities South,Salem,WV,237783,Salem University,Salem,city+name (j=1.00)
San Francisco State,NCAA D2,mens+womens,san-francisco-state-university-1154,San Francisco State University,208,National Universities,San Francisco,CA,122597,San Francisco State University,San Francisco,city+name (j=1.00)
Seattle Pacific,NCAA D2,mens+womens,seattle-pacific-university-3788,Seattle Pacific University,242,National Universities,Seattle,WA,236577,Seattle Pacific University,Seattle,city+name (j=1.00)
Seton Hill,NCAA D2,mens+womens,seton-hill-university-pennsylvania-3362,Seton Hill University,66,Regional Universities North,Greensburg,PA,215947,Seton Hill University,Greensburg,city+name (j=1.00)
Shaw,NCAA D2,mens+womens,shaw-university-2962,Shaw University,84,Regional Colleges South,Raleigh,NC,199643,Shaw University,Raleigh,city+name (j=1.00)
Shawnee State,NCAA D2,mens,shawnee-state-university-12748,Shawnee State University,112,Regional Universities Midwest,Portsmouth,OH,205443,Shawnee State University,Portsmouth,city+name (j=1.00)
Shepherd,NCAA D2,mens+womens,shepherd-university-3822,Shepherd University,82,Regional Universities South,Shepherdstown,WV,237792,Shepherd University,Shepherdstown,city+name (j=1.00)
Shippensburg,NCAA D2,mens+womens,shippensburg-university-of-pennsylvania-3326,Shippensburg University of Pennsylvania,84,Regional Universities North,Shippensburg,PA,216010,Shippensburg University of Pennsylvania,Shippensburg,city+name (j=1.00)
Shorter,NCAA D2,mens+womens,shorter-university-1591,Shorter University,121-133,Regional Universities South,Rome,GA,140988,Shorter University,Rome,city+name (j=1.00)
Sioux Falls,NCAA D2,womens,university-of-sioux-falls-3469,University of Sioux Falls,71,Regional Universities Midwest,Sioux Falls,SD,219383,University of Sioux Falls,Sioux Falls,city+name (j=1.00)
Slippery Rock,NCAA D2,mens+womens,slippery-rock-university-of-pennsylvania-3327,Slippery Rock University of Pennsylvania,55,Regional Universities North,Slippery Rock,PA,216038,Slippery Rock University of Pennsylvania,Slippery Rock,city+name (j=1.00)
South Carolina Aiken,NCAA D2,mens+womens,usc-aiken-3449,University of South Carolina--Aiken,69,Regional Universities South,Aiken,SC,218645,University of South Carolina Aiken,Aiken,city+name (j=1.00)
South Carolina Beaufort,NCAA D2,womens,university-of-south-carolina-beaufort-3450,University of South Carolina Beaufort,38,Regional Colleges South,Bluffton,SC,218654,University of South Carolina Beaufort,Bluffton,city+name (j=1.00)
South Dakota Mines,NCAA D2,mens,south-dakota-school-of-mines-3470,South Dakota School of Mines and Technology,20,Regional Universities Midwest,Rapid City,SD,219347,South Dakota School of Mines and Technology,Rapid City,city+name (j=1.00)
Southern Connecticut State,NCAA D2,mens+womens,southern-connecticut-state-university-1406,Southern Connecticut State University,64,Regional Universities North,New Haven,CT,130493,Southern Connecticut State University,New Haven,city+name (j=1.00)
Southern Nazarene,NCAA D2,mens+womens,southern-nazarene-university-3149,Southern Nazarene University,67,Regional Universities West,Bethany,OK,206862,Southern Nazarene University,Bethany,city+name (j=1.00)
Southern New Hampshire,NCAA D2,mens+womens,southern-new-hampshire-university-2580,Southern New Hampshire University,150-164,Regional Universities North,Manchester,NH,183026,Southern New Hampshire University,Manchester,city+name (j=1.00)
Southern Wesleyan,NCAA D2,mens+womens,southern-wesleyan-3422,Southern Wesleyan University,64,Regional Universities South,Central,SC,217776,Southern Wesleyan University,Central,city+name (j=1.00)
Southwest Baptist,NCAA D2,mens+womens,southwest-baptist-2502,Southwest Baptist University,107,Regional Universities Midwest,Bolivar,MO,179326,Southwest Baptist University,Bolivar,city+name (j=1.00)
Southwest Minnesota State,NCAA D2,mens+womens,southwest-minnesota-state-2375,Southwest Minnesota State University,107,Regional Universities Midwest,Marshall,MN,175078,Southwest Minnesota State University,Marshall,city+name (j=1.00)
Southwestern Oklahoma State,NCAA D2,womens,southwestern-oklahoma-state-university-3181,Southwestern Oklahoma State University,77,Regional Universities West,Weatherford,OK,207865,Southwestern Oklahoma State University,Weatherford,city+name (j=1.00)
Spring Hill,NCAA D2,mens+womens,spring-hill-college-1041,Spring Hill College,12,Regional Colleges South,Mobile,AL,102234,Spring Hill College,Mobile,city+name (j=1.00)
St. Cloud State,NCAA D2,mens+womens,st-cloud-state-university-2377,St. Cloud State University,95,Regional Universities Midwest,St. Cloud,MN,174783,Saint Cloud State University,Saint Cloud,hand-verified alias
St. Edward's,NCAA D2,womens,st-edwards-university-3621,St. Edward's University,5,Regional Universities West,Austin,TX,227845,Saint Edward's University,Austin,hand-verified alias
St. Mary's (TX),NCAA D2,mens+womens,st-marys-university-san-antonio-3623,St. Mary's University of San Antonio,13,Regional Universities West,San Antonio,TX,228149,St. Mary's University,San Antonio,city+name (j=0.75)
St. Thomas Aquinas,NCAA D2,mens+womens,st-thomas-aquinas-2832,St. Thomas Aquinas College,121,Regional Universities North,Sparkill,NY,195243,St. Thomas Aquinas College,Sparkill,city+name (j=1.00)
Staten Island,NCAA D2,mens+womens,cuny-college-of-staten-island-29040,CUNY--College of Staten Island,98,Regional Universities North,Staten Island,NY,190558,College of Staten Island CUNY,Staten Island,city+name (j=1.00)
Sul Ross State,NCAA D2,mens+womens,sul-ross-3625,Sul Ross State University,100,Regional Universities West,Alpine,TX,228501,Sul Ross State University,Alpine,city+name (j=1.00)
Tampa,NCAA D2,mens+womens,university-of-tampa-1538,University of Tampa,13,Regional Universities South,Tampa,FL,137847,The University of Tampa,Tampa,city+name (j=1.00)
Texas A&M International,NCAA D2,mens+womens,texas-am-international-9651,Texas A&M International University,38,Regional Universities West,Laredo,TX,226152,Texas A & M International University,Laredo,city+name (j=1.00)
Texas Woman's,NCAA D2,womens,texas-womans-university-3646,Texas Woman's University,329,National Universities,Denton,TX,229179,Texas Woman's University,Denton,city+name (j=1.00)
Thomas Jefferson,NCAA D2,mens,thomas-jefferson-university-12393,Thomas Jefferson University,132,National Universities,Philadelphia,PA,216366,Thomas Jefferson University,Philadelphia,city+name (j=1.00)
Thomas More,NCAA D2,mens+womens,thomas-more-university-2001,Thomas More University,85,Regional Universities South,Crestview Hills,KY,157809,Thomas More University,Crestview Hills,city+name (j=1.00)
Tiffin,NCAA D2,mens+womens,tiffin-university-3121,Tiffin University,138,Regional Universities Midwest,Tiffin,OH,206048,Tiffin University,Tiffin,city+name (j=1.00)
Trevecca Nazarene,NCAA D2,mens+womens,trevecca-nazarene-university-3526,Trevecca Nazarene University,363,National Universities,Nashville,TN,221892,Trevecca Nazarene University,Nashville,city+name (j=1.00)
Truman State,NCAA D2,mens+womens,truman-state-university-2495,Truman State University,7,Regional Universities Midwest,Kirksville,MO,178615,Truman State University,Kirksville,city+name (j=1.00)
Tusculum,NCAA D2,mens+womens,tusculum-university-3527,Tusculum University,90,Regional Universities South,Greeneville,TN,221953,Tusculum University,Greeneville,city+name (j=1.00)
Tuskegee,NCAA D2,womens,tuskegee-university-1050,Tuskegee University,10,Regional Universities South,Tuskegee,AL,102377,Tuskegee University,Tuskegee,city+name (j=1.00)
UC Merced,NCAA D2,mens+womens,university-of-california-merced-4127,"University of California, Merced",57,National Universities,Merced,CA,445188,University of California-Merced,Merced,city+name (j=1.00)
UCCS,NCAA D2,mens+womens,university-of-colorado-colorado-springs-4509,University of Colorado--Colorado Springs,395-434,National Universities,Colorado Springs,CO,126580,University of Colorado Colorado Springs,Colorado Springs,city+name (j=1.00)
UIS,NCAA D2,womens,university-of-illinois-springfield-9333,University of Illinois--Springfield,29,Regional Universities Midwest,Springfield,IL,148654,University of Illinois Springfield,Springfield,city+name (j=1.00)
UMSL,NCAA D2,mens+womens,umsl-2519,University of Missouri--St. Louis,242,National Universities,Saint Louis,MO,178420,University of Missouri-St Louis,Saint Louis,city+name (j=1.00)
UNC Pembroke,NCAA D2,womens,unc-pembroke-2954,University of North Carolina--Pembroke,33,Regional Universities South,Pembroke,NC,199281,University of North Carolina at Pembroke,Pembroke,city+name (j=1.00)
Union (TN),NCAA D2,mens+womens,union-university-3528,Union University,242,National Universities,Jackson,TN,221971,Union University,Jackson,city+name (j=1.00)
Upper Iowa,NCAA D2,mens+womens,upper-iowa-university-1893,Upper Iowa University,145-160,Regional Universities Midwest,Fayette,IA,154493,Upper Iowa University,Fayette,city+name (j=1.00)
Ursuline,NCAA D2,womens,ursuline-3134,Ursuline College,61,Regional Universities Midwest,Pepper Pike,OH,206349,Ursuline College,Pepper Pike,city+name (j=1.00)
UT Dallas,NCAA D2,mens+womens,the-university-of-texas-dallas-9741,The University of Texas at Dallas,110,National Universities,Richardson,TX,228787,The University of Texas at Dallas,Richardson,city+name (j=1.00)
UT Permian Basin,NCAA D2,womens,university-of-texas-permian-basin-9930,University of Texas Permian Basin,69,Regional Universities West,Odessa,TX,229018,The University of Texas Permian Basin,Odessa,city+name (j=1.00)
UT Tyler,NCAA D2,mens+womens,the-university-of-texas-at-tyler-11163,The University of Texas at Tyler,329,National Universities,Tyler,TX,228802,The University of Texas at Tyler,Tyler,city+name (j=1.00)
Valdosta State,NCAA D2,womens,valdosta-state-university-1599,Valdosta State University,395-434,National Universities,Valdosta,GA,141264,Valdosta State University,Valdosta,city+name (j=1.00)
Vanguard,NCAA D2,mens+womens,vanguard-university-of-southern-california-1293,Vanguard University of Southern California,43,Regional Universities West,Costa Mesa,CA,123651,Vanguard University of Southern California,Costa Mesa,city+name (j=1.00)
Virginia State,NCAA D2,mens+womens,virginia-state-university-3764,Virginia State University,42,Regional Universities South,Petersburg,VA,234155,Virginia State University,Petersburg,city+name (j=1.00)
Walsh,NCAA D2,mens+womens,walsh-university-3135,Walsh University,363,National Universities,North Canton,OH,206437,Walsh University,North Canton,city+name (j=1.00)
Washburn,NCAA D2,womens,washburn-university-1949,Washburn University,74,Regional Universities Midwest,Topeka,KS,156082,Washburn University,Topeka,city+name (j=1.00)
Wayne State (MI),NCAA D2,womens,wayne-state-university-2329,Wayne State University,179,National Universities,Detroit,MI,172644,Wayne State University,Detroit,city+name (j=1.00)
Wayne State (NE),NCAA D2,womens,wayne-state-college-2566,Wayne State College,95,Regional Universities Midwest,Wayne,NE,181783,Wayne State College,Wayne,city+name (j=1.00)
West Alabama,NCAA D2,mens+womens,university-of-west-alabama-1024,University of West Alabama,85,Regional Universities South,Livingston,AL,101587,University of West Alabama,Livingston,city+name (j=1.00)
West Chester,NCAA D2,mens+womens,west-chester-3328,West Chester University of Pennsylvania,242,National Universities,West Chester,PA,216764,West Chester University of Pennsylvania,West Chester,city+name (j=1.00)
West Liberty,NCAA D2,mens+womens,west-liberty-university-3823,West Liberty University,54,Regional Universities South,West Liberty,WV,237932,West Liberty University,West Liberty,city+name (j=1.00)
West Texas A&M,NCAA D2,mens+womens,west-texas-am-university-3665,West Texas A&M University,50,Regional Universities West,Canyon,TX,229814,West Texas A & M University,Canyon,city+name (j=1.00)
West Virginia State,NCAA D2,womens,west-virginia-state-university-3826,West Virginia State University,107,Regional Universities South,Institute,WV,237899,West Virginia State University,Institute,city+name (j=1.00)
West Virginia Wesleyan,NCAA D2,mens+womens,west-virginia-wesleyan-3830,West Virginia Wesleyan College,27,Regional Colleges South,Buckhannon,WV,237969,West Virginia Wesleyan College,Buckhannon,city+name (j=1.00)
Western Colorado,NCAA D2,womens,western-colorado-university-1372,Western Colorado University,75,Regional Universities West,Gunnison,CO,128391,Western Colorado University,Gunnison,city+name (j=1.00)
Western Oregon,NCAA D2,mens+womens,western-oregon-university-3209,Western Oregon University,56,Regional Universities West,Monmouth,OR,210429,Western Oregon University,Monmouth,city+name (j=1.00)
Western Washington,NCAA D2,mens+womens,western-washington-3802,Western Washington University,23,Regional Universities West,Bellingham,WA,237011,Western Washington University,Bellingham,city+name (j=1.00)
Westminster (UT),NCAA D2,mens+womens,westminster-university-3681,Westminster University,16,Regional Universities West,Salt Lake City,UT,230807,Westminster University,Salt Lake City,city+name (j=1.00)
Westmont,NCAA D2,mens+womens,westmont-college-1341,Westmont College,115,National Liberal Arts Colleges,Santa Barbara,CA,125727,Westmont College,Santa Barbara,city+name (j=1.00)
Wheeling,NCAA D2,mens+womens,wheeling-university-3831,Wheeling University,110,Regional Universities South,Wheeling,WV,238078,Wheeling University,Wheeling,city+name (j=1.00)
William Jewell,NCAA D2,mens+womens,william-jewell-college-2524,William Jewell College,11,Regional Colleges Midwest,Liberty,MO,179955,William Jewell College,Liberty,city+name (j=1.00)
Wilmington (DE),NCAA D2,mens+womens,wilmington-university-7948,Wilmington University,395-434,National Universities,New Castle,DE,131113,Wilmington University,New Castle,city+name (j=1.00)
Wingate,NCAA D2,mens+womens,wingate-university-2985,Wingate University,373,National Universities,Wingate,NC,199962,Wingate University,Wingate,city+name (j=1.00)
Winona State,NCAA D2,womens,winona-state-2394,Winona State University,22,Regional Universities Midwest,Winona,MN,175272,Winona State University,Winona,city+name (j=1.00)
Wisconsin-Parkside,NCAA D2,mens+womens,university-of-wisconsin-parkside-5015,University of Wisconsin--Parkside,118,Regional Universities Midwest,Kenosha,WI,240374,University of Wisconsin-Parkside,Kenosha,city+name (j=1.00)
Young Harris,NCAA D2,mens+womens,young-harris-college-666965,Young Harris College,183-201,National Liberal Arts Colleges,Young Harris,GA,141361,Young Harris College,Young Harris,city+name (j=1.00)
Adrian,NCAA D3,mens,adrian-college-2234,Adrian College,30,Regional Colleges Midwest,Adrian,MI,168528,Adrian College,Adrian,city+name (j=1.00)
Adrian College,NCAA D3,womens,adrian-college-2234,Adrian College,30,Regional Colleges Midwest,Adrian,MI,168528,Adrian College,Adrian,city+name (j=1.00)
Agnes Scott College,NCAA D3,womens,agnes-scott-college-1542,Agnes Scott College,67,National Liberal Arts Colleges,Decatur,GA,138600,Agnes Scott College,Decatur,city+name (j=1.00)
Albertus Magnus,NCAA D3,mens+womens,albertus-magnus-college-1374,Albertus Magnus College,98,Regional Universities North,New Haven,CT,128498,Albertus Magnus College,New Haven,city+name (j=1.00)
Albion,NCAA D3,mens,albion-college-2235,Albion College,131,National Liberal Arts Colleges,Albion,MI,168546,Albion College,Albion,city+name (j=1.00)
Albion College,NCAA D3,womens,albion-college-2235,Albion College,131,National Liberal Arts Colleges,Albion,MI,168546,Albion College,Albion,city+name (j=1.00)
Albright,NCAA D3,mens,albright-college-3229,Albright College,170,National Liberal Arts Colleges,Reading,PA,210571,Albright College,Reading,city+name (j=1.00)
Albright College,NCAA D3,womens,albright-college-3229,Albright College,170,National Liberal Arts Colleges,Reading,PA,210571,Albright College,Reading,city+name (j=1.00)
Alfred State,NCAA D3,mens,alfred-state-college-suny-2854,Alfred State College--SUNY,16,Regional Colleges North,Alfred,NY,196006,SUNY College of Technology at Alfred,Alfred,hand-verified alias
Alfred University,NCAA D3,mens+womens,alfred-university-2668,Alfred University,61,Regional Universities North,Alfred,NY,188641,Alfred University,Alfred,city+name (j=1.00)
Allegheny,NCAA D3,mens,allegheny-college-3230,Allegheny College,76,National Liberal Arts Colleges,Meadville,PA,210669,Allegheny College,Meadville,city+name (j=1.00)
Allegheny College,NCAA D3,womens,allegheny-college-3230,Allegheny College,76,National Liberal Arts Colleges,Meadville,PA,210669,Allegheny College,Meadville,city+name (j=1.00)
Alma,NCAA D3,mens,alma-college-2236,Alma College,6,Regional Colleges Midwest,Alma,MI,168591,Alma College,Alma,city+name (j=1.00)
Alma College,NCAA D3,womens,alma-college-2236,Alma College,6,Regional Colleges Midwest,Alma,MI,168591,Alma College,Alma,city+name (j=1.00)
Alvernia,NCAA D3,mens,alvernia-university-3233,Alvernia University,352,National Universities,Reading,PA,210775,Alvernia University,Reading,city+name (j=1.00)
Alvernia University,NCAA D3,womens,alvernia-university-3233,Alvernia University,352,National Universities,Reading,PA,210775,Alvernia University,Reading,city+name (j=1.00)
Alverno College,NCAA D3,womens,alverno-college-3832,Alverno College,84,Regional Universities Midwest,Milwaukee,WI,238193,Alverno College,Milwaukee,city+name (j=1.00)
Amherst,NCAA D3,mens,amherst-college-2115,Amherst College,2,National Liberal Arts Colleges,Amherst,MA,164465,Amherst College,Amherst,city+name (j=1.00)
Amherst College,NCAA D3,womens,amherst-college-2115,Amherst College,2,National Liberal Arts Colleges,Amherst,MA,164465,Amherst College,Amherst,city+name (j=1.00)
Anderson (IN),NCAA D3,mens,anderson-university-1785,Anderson University,78,Regional Universities Midwest,Anderson,IN,150066,Anderson University,Anderson,city+name (j=1.00)
Anderson University (IN),NCAA D3,womens,anderson-university-1785,Anderson University,78,Regional Universities Midwest,Anderson,IN,150066,Anderson University,Anderson,city+name (j=1.00)
Anna Maria,NCAA D3,mens,anna-maria-college-2117,Anna Maria College,150-164,Regional Universities North,Paxton,MA,164492,Anna Maria College,Paxton,city+name (j=1.00)
Anna Maria College,NCAA D3,womens,anna-maria-college-2117,Anna Maria College,150-164,Regional Universities North,Paxton,MA,164492,Anna Maria College,Paxton,city+name (j=1.00)
Arcadia,NCAA D3,mens,arcadia-university-3235,Arcadia University,76,Regional Universities North,Glenside,PA,211088,Arcadia University,Glenside,city+name (j=1.00)
Arcadia University,NCAA D3,womens,arcadia-university-3235,Arcadia University,76,Regional Universities North,Glenside,PA,211088,Arcadia University,Glenside,city+name (j=1.00)
Asbury,NCAA D3,mens,asbury-university-1952,Asbury University,23,Regional Universities South,Wilmore,KY,156213,Asbury University,Wilmore,city+name (j=1.00)
Asbury University,NCAA D3,womens,asbury-university-1952,Asbury University,23,Regional Universities South,Wilmore,KY,156213,Asbury University,Wilmore,city+name (j=1.00)
Augsburg,NCAA D3,mens,augsburg-university-2334,Augsburg University,32,Regional Universities Midwest,Minneapolis,MN,173045,Augsburg University,Minneapolis,city+name (j=1.00)
Augsburg University,NCAA D3,womens,augsburg-university-2334,Augsburg University,32,Regional Universities Midwest,Minneapolis,MN,173045,Augsburg University,Minneapolis,city+name (j=1.00)
Augustana (IL),NCAA D3,mens,augustana-college-1633,Augustana College,96,National Liberal Arts Colleges,Rock Island,IL,143084,Augustana College,Rock Island,city+name (j=1.00)
Augustana College,NCAA D3,womens,augustana-college-1633,Augustana College,96,National Liberal Arts Colleges,Rock Island,IL,143084,Augustana College,Rock Island,city+name (j=1.00)
Aurora,NCAA D3,mens,aurora-university-1634,Aurora University,283,National Universities,Aurora,IL,143118,Aurora University,Aurora,city+name (j=1.00)
Aurora University,NCAA D3,womens,aurora-university-1634,Aurora University,283,National Universities,Aurora,IL,143118,Aurora University,Aurora,city+name (j=1.00)
Austin College,NCAA D3,mens+womens,austin-college-3543,Austin College,84,National Liberal Arts Colleges,Sherman,TX,222983,Austin College,Sherman,city+name (j=1.00)
Averett,NCAA D3,mens,averett-university-3702,Averett University,76,Regional Universities South,Danville,VA,231420,Averett University,Danville,city+name (j=1.00)
Averett University,NCAA D3,womens,averett-university-3702,Averett University,76,Regional Universities South,Danville,VA,231420,Averett University,Danville,city+name (j=1.00)
Azusa Pacific University,NCAA D3,womens,azusa-pacific-university-1117,Azusa Pacific University,283,National Universities,Azusa,CA,109785,Azusa Pacific University,Azusa,city+name (j=1.00)
Babson,NCAA D3,mens,babson-college-2121,Babson College,,,Babson Park,MA,164580,Babson College,Wellesley,"exact name, city differs"
Babson College,NCAA D3,womens,babson-college-2121,Babson College,,,Babson Park,MA,164580,Babson College,Wellesley,"exact name, city differs"
Baldwin Wallace,NCAA D3,mens,baldwin-wallace-college-3014,Baldwin Wallace University,12,Regional Universities Midwest,Berea,OH,201195,Baldwin Wallace University,Berea,city+name (j=1.00)
Baldwin Wallace University,NCAA D3,womens,baldwin-wallace-college-3014,Baldwin Wallace University,12,Regional Universities Midwest,Berea,OH,201195,Baldwin Wallace University,Berea,city+name (j=1.00)
Bard,NCAA D3,mens,bard-college-2671,Bard College,70,National Liberal Arts Colleges,Annandale on Hudson,NY,189088,Bard College,Annandale-On-Hudson,city+name (j=1.00)
Bard College,NCAA D3,womens,bard-college-2671,Bard College,70,National Liberal Arts Colleges,Annandale on Hudson,NY,189088,Bard College,Annandale-On-Hudson,city+name (j=1.00)
Bates,NCAA D3,mens,bates-college-2036,Bates College,24,National Liberal Arts Colleges,Lewiston,ME,160977,Bates College,Lewiston,city+name (j=1.00)
Bates College,NCAA D3,womens,bates-college-2036,Bates College,24,National Liberal Arts Colleges,Lewiston,ME,160977,Bates College,Lewiston,city+name (j=1.00)
Batten University,NCAA D3,womens,virginia-wesleyan-3767,Batten University,178,National Liberal Arts Colleges,Virginia Beach,VA,234173,Virginia Wesleyan University,Virginia Beach,city+name (j=1.00)
Belhaven,NCAA D3,mens,belhaven-2397,Belhaven University,395-434,National Universities,Jackson,MS,175421,Belhaven University,Jackson,city+name (j=1.00)
Belhaven University,NCAA D3,womens,belhaven-2397,Belhaven University,395-434,National Universities,Jackson,MS,175421,Belhaven University,Jackson,city+name (j=1.00)
Beloit,NCAA D3,mens,beloit-college-3835,Beloit College,92,National Liberal Arts Colleges,Beloit,WI,238333,Beloit College,Beloit,city+name (j=1.00)
Beloit College,NCAA D3,womens,beloit-college-3835,Beloit College,92,National Liberal Arts Colleges,Beloit,WI,238333,Beloit College,Beloit,city+name (j=1.00)
Benedictine (IL),NCAA D3,mens,benedictine-university-1767,Benedictine University,61,Regional Universities Midwest,Lisle,IL,145619,Benedictine University,Lisle,city+name (j=1.00)
Benedictine University,NCAA D3,womens,benedictine-university-1767,Benedictine University,61,Regional Universities Midwest,Lisle,IL,145619,Benedictine University,Lisle,city+name (j=1.00)
Berea,NCAA D3,mens,berea-college-1955,Berea College,45,National Liberal Arts Colleges,Berea,KY,156295,Berea College,Berea,city+name (j=1.00)
Berea College,NCAA D3,womens,berea-college-1955,Berea College,45,National Liberal Arts Colleges,Berea,KY,156295,Berea College,Berea,city+name (j=1.00)
Berry,NCAA D3,mens,berry-college-1554,Berry College,4,Regional Universities South,Mount Berry,GA,139144,Berry College,Mount Berry,city+name (j=1.00)
Berry College,NCAA D3,womens,berry-college-1554,Berry College,4,Regional Universities South,Mount Berry,GA,139144,Berry College,Mount Berry,city+name (j=1.00)
Bethany (WV),NCAA D3,mens,bethany-college-3808,Bethany College,183-201,National Liberal Arts Colleges,Bethany,WV,237181,Bethany College,Bethany,city+name (j=1.00)
Bethany College (WV),NCAA D3,womens,bethany-college-3808,Bethany College,183-201,National Liberal Arts Colleges,Bethany,WV,237181,Bethany College,Bethany,city+name (j=1.00)
Bethany Lutheran,NCAA D3,mens,bethany-lutheran-college-2337,Bethany Lutheran College,154,National Liberal Arts Colleges,Mankato,MN,173142,Bethany Lutheran College,Mankato,city+name (j=1.00)
Bethany Lutheran College,NCAA D3,womens,bethany-lutheran-college-2337,Bethany Lutheran College,154,National Liberal Arts Colleges,Mankato,MN,173142,Bethany Lutheran College,Mankato,city+name (j=1.00)
Bethel (MN),NCAA D3,mens,bethel-university-9058,Bethel University,232,National Universities,St. Paul,MN,173160,Bethel University,Saint Paul,city+name (j=1.00)
Bethel University (MN),NCAA D3,womens,bethel-university-9058,Bethel University,232,National Universities,St. Paul,MN,173160,Bethel University,Saint Paul,city+name (j=1.00)
Blackburn,NCAA D3,mens,blackburn-college-1639,Blackburn College,23,Regional Colleges Midwest,Carlinville,IL,143288,Blackburn College,Carlinville,city+name (j=1.00)
Blackburn College,NCAA D3,womens,blackburn-college-1639,Blackburn College,23,Regional Colleges Midwest,Carlinville,IL,143288,Blackburn College,Carlinville,city+name (j=1.00)
Bluffton,NCAA D3,mens,bluffton-university-3016,Bluffton University,38,Regional Colleges Midwest,Bluffton,OH,201371,Bluffton University,Bluffton,city+name (j=1.00)
Bluffton University,NCAA D3,womens,bluffton-university-3016,Bluffton University,38,Regional Colleges Midwest,Bluffton,OH,201371,Bluffton University,Bluffton,city+name (j=1.00)
Bob Jones,NCAA D3,mens,bob-jones-university-666997,Bob Jones University,23,Regional Universities South,Greenville,SC,217749,Bob Jones University,Greenville,city+name (j=1.00)
Bowdoin,NCAA D3,mens,bowdoin-college-2038,Bowdoin College,5,National Liberal Arts Colleges,Brunswick,ME,161004,Bowdoin College,Brunswick,city+name (j=1.00)
Bowdoin College,NCAA D3,womens,bowdoin-college-2038,Bowdoin College,5,National Liberal Arts Colleges,Brunswick,ME,161004,Bowdoin College,Brunswick,city+name (j=1.00)
Brandeis,NCAA D3,mens,brandeis-university-2133,Brandeis University,69,National Universities,Waltham,MA,165015,Brandeis University,Waltham,city+name (j=1.00)
Brandeis University,NCAA D3,womens,brandeis-university-2133,Brandeis University,69,National Universities,Waltham,MA,165015,Brandeis University,Waltham,city+name (j=1.00)
Brevard,NCAA D3,mens,brevard-college-2912,Brevard College,30,Regional Colleges South,Brevard,NC,198066,Brevard College,Brevard,city+name (j=1.00)
Brevard College,NCAA D3,womens,brevard-college-2912,Brevard College,30,Regional Colleges South,Brevard,NC,198066,Brevard College,Brevard,city+name (j=1.00)
Bridgewater (VA),NCAA D3,mens,bridgewater-college-3704,Bridgewater College,167,National Liberal Arts Colleges,Bridgewater,VA,231581,Bridgewater College,Bridgewater,city+name (j=1.00)
Bridgewater College,NCAA D3,womens,bridgewater-college-3704,Bridgewater College,167,National Liberal Arts Colleges,Bridgewater,VA,231581,Bridgewater College,Bridgewater,city+name (j=1.00)
Bridgewater State,NCAA D3,mens,bridgewater-state-university-2183,Bridgewater State University,98,Regional Universities North,Bridgewater,MA,165024,Bridgewater State University,Bridgewater,city+name (j=1.00)
Bridgewater State University,NCAA D3,womens,bridgewater-state-university-2183,Bridgewater State University,98,Regional Universities North,Bridgewater,MA,165024,Bridgewater State University,Bridgewater,city+name (j=1.00)
Bryn Athyn,NCAA D3,mens,bryn-athyn-3228,Bryn Athyn College of the New Church,180,National Liberal Arts Colleges,Bryn Athyn,PA,210492,Bryn Athyn College of the New Church,Bryn Athyn,city+name (j=1.00)
Bryn Athyn College of the New Church,NCAA D3,womens,bryn-athyn-3228,Bryn Athyn College of the New Church,180,National Liberal Arts Colleges,Bryn Athyn,PA,210492,Bryn Athyn College of the New Church,Bryn Athyn,city+name (j=1.00)
Bryn Mawr College,NCAA D3,womens,bryn-mawr-college-3237,Bryn Mawr College,30,National Liberal Arts Colleges,Bryn Mawr,PA,211273,Bryn Mawr College,Bryn Mawr,city+name (j=1.00)
Buena Vista,NCAA D3,mens,buena-vista-university-1847,Buena Vista University,49,Regional Universities Midwest,Storm Lake,IA,153001,Buena Vista University,Storm Lake,city+name (j=1.00)
Buena Vista University,NCAA D3,womens,buena-vista-university-1847,Buena Vista University,49,Regional Universities Midwest,Storm Lake,IA,153001,Buena Vista University,Storm Lake,city+name (j=1.00)
Cairn,NCAA D3,mens,philadelphia-biblical-3351,Cairn University,140,Regional Universities North,Langhorne,PA,215114,Cairn University-Langhorne,Langhorne,hand-verified alias
Cairn University,NCAA D3,womens,philadelphia-biblical-3351,Cairn University,140,Regional Universities North,Langhorne,PA,215114,Cairn University-Langhorne,Langhorne,hand-verified alias
Cal Lutheran,NCAA D3,mens+womens,california-lutheran-university-1133,California Lutheran University,16,Regional Universities West,Thousand Oaks,CA,110413,California Lutheran University,Thousand Oaks,city+name (j=1.00)
California Institute of Technology,NCAA D3,womens,california-institute-of-technology-1131,California Institute of Technology,11,National Universities,Pasadena,CA,110404,California Institute of Technology,Pasadena,city+name (j=1.00)
California Lutheran University,NCAA D3,womens,california-lutheran-university-1133,California Lutheran University,16,Regional Universities West,Thousand Oaks,CA,110413,California Lutheran University,Thousand Oaks,city+name (j=1.00)
Caltech,NCAA D3,mens,california-institute-of-technology-1131,California Institute of Technology,11,National Universities,Pasadena,CA,110404,California Institute of Technology,Pasadena,city+name (j=1.00)
Calvin,NCAA D3,mens,calvin-university-2241,Calvin University,4,Regional Universities Midwest,Grand Rapids,MI,169080,Calvin University,Grand Rapids,city+name (j=1.00)
Calvin University,NCAA D3,womens,calvin-university-2241,Calvin University,4,Regional Universities Midwest,Grand Rapids,MI,169080,Calvin University,Grand Rapids,city+name (j=1.00)
Capital,NCAA D3,mens,capital-university-3023,Capital University,42,Regional Universities Midwest,Columbus,OH,201548,Capital University,Columbus,city+name (j=1.00)
Capital University,NCAA D3,womens,capital-university-3023,Capital University,42,Regional Universities Midwest,Columbus,OH,201548,Capital University,Columbus,city+name (j=1.00)
Carleton,NCAA D3,mens,carleton-college-2340,Carleton College,10,National Liberal Arts Colleges,Northfield,MN,173258,Carleton College,Northfield,city+name (j=1.00)
Carleton College,NCAA D3,womens,carleton-college-2340,Carleton College,10,National Liberal Arts Colleges,Northfield,MN,173258,Carleton College,Northfield,city+name (j=1.00)
Carlow,NCAA D3,mens,carlow-university-3303,Carlow University,84,Regional Universities North,Pittsburgh,PA,211431,Carlow University,Pittsburgh,city+name (j=1.00)
Carlow University,NCAA D3,womens,carlow-university-3303,Carlow University,84,Regional Universities North,Pittsburgh,PA,211431,Carlow University,Pittsburgh,city+name (j=1.00)
Carnegie Mellon,NCAA D3,mens,carnegie-mellon-university-3242,Carnegie Mellon University,20,National Universities,Pittsburgh,PA,211440,Carnegie Mellon University,Pittsburgh,city+name (j=1.00)
Carnegie Mellon University,NCAA D3,womens,carnegie-mellon-university-3242,Carnegie Mellon University,20,National Universities,Pittsburgh,PA,211440,Carnegie Mellon University,Pittsburgh,city+name (j=1.00)
Carroll (WI),NCAA D3,mens,carroll-university-3838,Carroll University,32,Regional Universities Midwest,Waukesha,WI,238458,Carroll University,Waukesha,city+name (j=1.00)
Carroll University,NCAA D3,womens,carroll-university-3838,Carroll University,32,Regional Universities Midwest,Waukesha,WI,238458,Carroll University,Waukesha,city+name (j=1.00)
Carthage,NCAA D3,mens,carthage-college-3839,Carthage College,46,Regional Universities Midwest,Kenosha,WI,238476,Carthage College,Kenosha,city+name (j=1.00)
Carthage College,NCAA D3,womens,carthage-college-3839,Carthage College,46,Regional Universities Midwest,Kenosha,WI,238476,Carthage College,Kenosha,city+name (j=1.00)
Case Western Reserve,NCAA D3,mens,case-western-reserve-university-3024,Case Western Reserve University,51,National Universities,Cleveland,OH,201645,Case Western Reserve University,Cleveland,city+name (j=1.00)
Case Western Reserve University,NCAA D3,womens,case-western-reserve-university-3024,Case Western Reserve University,51,National Universities,Cleveland,OH,201645,Case Western Reserve University,Cleveland,city+name (j=1.00)
Catholic,NCAA D3,mens,the-catholic-university-of-america-1437,The Catholic University of America,169,National Universities,Washington,DC,131283,The Catholic University of America,Washington,city+name (j=1.00)
Catholic University of America,NCAA D3,womens,the-catholic-university-of-america-1437,The Catholic University of America,169,National Universities,Washington,DC,131283,The Catholic University of America,Washington,city+name (j=1.00)
Cedar Crest College,NCAA D3,womens,cedar-crest-college-3243,Cedar Crest College,98,Regional Universities North,Allentown,PA,211468,Cedar Crest College,Allentown,city+name (j=1.00)
Centenary (LA),NCAA D3,mens,centenary-college-2003,Centenary College of Louisiana,143,National Liberal Arts Colleges,Shreveport,LA,158477,Centenary College of Louisiana,Shreveport,city+name (j=1.00)
Centenary (NJ),NCAA D3,mens,centenary-university-2599,Centenary University,98,Regional Universities North,Hackettstown,NJ,183974,Centenary University,Hackettstown,city+name (j=1.00)
Centenary College of Louisiana,NCAA D3,womens,centenary-college-2003,Centenary College of Louisiana,143,National Liberal Arts Colleges,Shreveport,LA,158477,Centenary College of Louisiana,Shreveport,city+name (j=1.00)
Centenary University,NCAA D3,womens,centenary-university-2599,Centenary University,98,Regional Universities North,Hackettstown,NJ,183974,Centenary University,Hackettstown,city+name (j=1.00)
Central (IA),NCAA D3,mens,central-college-1850,Central College,131,National Liberal Arts Colleges,Pella,IA,153108,Central College,Pella,city+name (j=1.00)
Central College,NCAA D3,womens,central-college-1850,Central College,131,National Liberal Arts Colleges,Pella,IA,153108,Central College,Pella,city+name (j=1.00)
Centre,NCAA D3,mens,centre-college-1961,Centre College,55,National Liberal Arts Colleges,Danville,KY,156408,Centre College,Danville,city+name (j=1.00)
Centre College,NCAA D3,womens,centre-college-1961,Centre College,55,National Liberal Arts Colleges,Danville,KY,156408,Centre College,Danville,city+name (j=1.00)
Chapman,NCAA D3,mens,chapman-university-1164,Chapman University,110,National Universities,Orange,CA,111948,Chapman University,Orange,city+name (j=1.00)
Chapman University,NCAA D3,womens,chapman-university-1164,Chapman University,110,National Universities,Orange,CA,111948,Chapman University,Orange,city+name (j=1.00)
Chatham,NCAA D3,mens,chatham-university-3244,Chatham University,213,National Universities,Pittsburgh,PA,211556,Chatham University,Pittsburgh,city+name (j=1.00)
Chatham University,NCAA D3,womens,chatham-university-3244,Chatham University,213,National Universities,Pittsburgh,PA,211556,Chatham University,Pittsburgh,city+name (j=1.00)
Christopher Newport,NCAA D3,mens,christopher-newport-university-3706,Christopher Newport University,6,Regional Universities South,Newport News,VA,231712,Christopher Newport University,Newport News,city+name (j=1.00)
Christopher Newport University,NCAA D3,womens,christopher-newport-university-3706,Christopher Newport University,6,Regional Universities South,Newport News,VA,231712,Christopher Newport University,Newport News,city+name (j=1.00)
Claremont McKenna College,NCAA D3,womens,claremont-mckenna-college-1170,Claremont McKenna College,7,National Liberal Arts Colleges,Claremont,CA,112260,Claremont McKenna College,Claremont,city+name (j=1.00)
Claremont-Mudd-Scripps,NCAA D3,mens+womens,claremont-mckenna-college-1170,Claremont McKenna College,7,National Liberal Arts Colleges,Claremont,CA,112260,Claremont McKenna College,Claremont,city+name (j=1.00)
Clark (MA),NCAA D3,mens,clark-university-2139,Clark University,132,National Universities,Worcester,MA,165334,Clark University,Worcester,city+name (j=1.00)
Clark University,NCAA D3,womens,clark-university-2139,Clark University,132,National Universities,Worcester,MA,165334,Clark University,Worcester,city+name (j=1.00)
Clarkson,NCAA D3,mens,clarkson-university-2699,Clarkson University,143,National Universities,Potsdam,NY,190044,Clarkson University,Potsdam,city+name (j=1.00)
Clarkson University,NCAA D3,womens,clarkson-university-2699,Clarkson University,143,National Universities,Potsdam,NY,190044,Clarkson University,Potsdam,city+name (j=1.00)
Coe,NCAA D3,mens,coe-college-1854,Coe College,126,National Liberal Arts Colleges,Cedar Rapids,IA,153144,Coe College,Cedar Rapids,city+name (j=1.00)
Coe College,NCAA D3,womens,coe-college-1854,Coe College,126,National Liberal Arts Colleges,Cedar Rapids,IA,153144,Coe College,Cedar Rapids,city+name (j=1.00)
Colby,NCAA D3,mens,colby-college-2039,Colby College,24,National Liberal Arts Colleges,Waterville,ME,161086,Colby College,Waterville,city+name (j=1.00)
Colby College,NCAA D3,womens,colby-college-2039,Colby College,24,National Liberal Arts Colleges,Waterville,ME,161086,Colby College,Waterville,city+name (j=1.00)
Colby-Sawyer,NCAA D3,mens+womens,colby-sawyer-college-2572,Colby-Sawyer College,12,Regional Colleges North,New London,NH,182634,Colby-Sawyer College,New London,city+name (j=1.00)
College of Mount Saint Vincent,NCAA D3,womens,university-of-mount-saint-vincent-2703,University of Mount Saint Vincent,11,Regional Colleges North,Riverdale,NY,193399,University of Mount Saint Vincent,Bronx,"exact name, city differs"
College of Saint Benedict,NCAA D3,womens,college-of-st-benedict-2341,College of Saint Benedict,73,National Liberal Arts Colleges,St. Joseph,MN,174747,College of Saint Benedict,Saint Joseph,city+name (j=1.00)
College of Wooster,NCAA D3,mens,the-college-of-wooster-3037,The College of Wooster,76,National Liberal Arts Colleges,Wooster,OH,206589,The College of Wooster,Wooster,city+name (j=1.00)
Concordia (MN),NCAA D3,mens,concordia-college-moorhead-2346,Concordia College Moorhead,135,National Liberal Arts Colleges,Moorhead,MN,173300,Concordia College at Moorhead,Moorhead,city+name (j=1.00)
Concordia Chicago,NCAA D3,mens,concordia-university-chicago-1666,Concordia University Chicago,129,Regional Universities Midwest,River Forest,IL,144351,Concordia University-Chicago,River Forest,city+name (j=1.00)
Concordia College-Moorhead,NCAA D3,womens,concordia-college-moorhead-2346,Concordia College Moorhead,135,National Liberal Arts Colleges,Moorhead,MN,173300,Concordia College at Moorhead,Moorhead,city+name (j=1.00)
Concordia Texas,NCAA D3,mens,concordia-austin-3557,Concordia University Texas,103,Regional Universities West,Austin,TX,224004,Concordia University Texas,Austin,city+name (j=1.00)
Concordia University-Chicago,NCAA D3,womens,concordia-university-chicago-1666,Concordia University Chicago,129,Regional Universities Midwest,River Forest,IL,144351,Concordia University-Chicago,River Forest,city+name (j=1.00)
Concordia University-Texas,NCAA D3,womens,concordia-austin-3557,Concordia University Texas,103,Regional Universities West,Austin,TX,224004,Concordia University Texas,Austin,city+name (j=1.00)
Concordia University-Wisconsin,NCAA D3,womens,concordia-university-wisconsin-3842,Concordia University Wisconsin,329,National Universities,Mequon,WI,238616,Concordia University-Wisconsin,Mequon,city+name (j=1.00)
Concordia Wisconsin,NCAA D3,mens,concordia-university-wisconsin-3842,Concordia University Wisconsin,329,National Universities,Mequon,WI,238616,Concordia University-Wisconsin,Mequon,city+name (j=1.00)
Connecticut College,NCAA D3,mens+womens,connecticut-college-1379,Connecticut College,50,National Liberal Arts Colleges,New London,CT,128902,Connecticut College,New London,city+name (j=1.00)
Cornell College,NCAA D3,mens+womens,cornell-college-1856,Cornell College,121,National Liberal Arts Colleges,Mount Vernon,IA,153162,Cornell College,Mount Vernon,city+name (j=1.00)
Covenant,NCAA D3,mens,covenant-college-3484,Covenant College,126,National Liberal Arts Colleges,Lookout Mountain,GA,139393,Covenant College,Lookout Mountain,city+name (j=1.00)
Covenant College,NCAA D3,womens,covenant-college-3484,Covenant College,126,National Liberal Arts Colleges,Lookout Mountain,GA,139393,Covenant College,Lookout Mountain,city+name (j=1.00)
Crown (MN),NCAA D3,mens,crown-college-2383,Crown College,135,Regional Universities Midwest,St. Bonifacius,MN,174862,Crown College,Saint Bonifacius,city+name (j=1.00)
Crown College,NCAA D3,womens,crown-college-2383,Crown College,135,Regional Universities Midwest,St. Bonifacius,MN,174862,Crown College,Saint Bonifacius,city+name (j=1.00)
CUNY Brooklyn College,NCAA D3,womens,cuny-brooklyn-college-2687,CUNY--Brooklyn College,38,Regional Universities North,Brooklyn,NY,190549,CUNY Brooklyn College,Brooklyn,city+name (j=1.00)
CUNY City College,NCAA D3,womens,cuny-city-college-2688,CUNY--City College,132,National Universities,New York,NY,190567,CUNY City College,New York,city+name (j=1.00)
CUNY John Jay College of Criminal Justice,NCAA D3,womens,cuny-john-jay-college-of-criminal-justice-2693,CUNY--John Jay College of Criminal Justice,17,Regional Universities North,New York,NY,190600,CUNY John Jay College of Criminal Justice,New York,city+name (j=1.00)
CUNY Lehman College,NCAA D3,womens,lehman-college-7022,CUNY--Lehman College,33,Regional Universities North,Bronx,NY,190637,CUNY Lehman College,Bronx,city+name (j=1.00)
CUNY Medgar Evers College,NCAA D3,womens,medgar-evers-college-cuny-10097,CUNY--Medgar Evers College,176,National Liberal Arts Colleges,Brooklyn,NY,190646,CUNY Medgar Evers College,Brooklyn,city+name (j=1.00)
CUNY York College,NCAA D3,womens,york-college-cuny-4759,CUNY--York College,144,Regional Universities North,Jamaica,NY,190691,CUNY York College,Jamaica,city+name (j=1.00)
Curry,NCAA D3,mens,curry-college-2143,Curry College,140,Regional Universities North,Milton,MA,165529,Curry College,Milton,city+name (j=1.00)
Curry College,NCAA D3,womens,curry-college-2143,Curry College,140,Regional Universities North,Milton,MA,165529,Curry College,Milton,city+name (j=1.00)
Dean,NCAA D3,womens,dean-college-2144,Dean College,31,Regional Colleges North,Franklin,MA,165574,Dean College,Franklin,city+name (j=1.00)
Dean College,NCAA D3,mens,dean-college-2144,Dean College,31,Regional Colleges North,Franklin,MA,165574,Dean College,Franklin,city+name (j=1.00)
Delaware Valley,NCAA D3,mens,delaware-valley-university-3252,Delaware Valley University,136,Regional Universities North,Doylestown,PA,211981,Delaware Valley University,Doylestown,city+name (j=1.00)
Delaware Valley University,NCAA D3,womens,delaware-valley-university-3252,Delaware Valley University,136,Regional Universities North,Doylestown,PA,211981,Delaware Valley University,Doylestown,city+name (j=1.00)
Denison,NCAA D3,mens,denison-university-3042,Denison University,34,National Liberal Arts Colleges,Granville,OH,202523,Denison University,Granville,city+name (j=1.00)
Denison University,NCAA D3,womens,denison-university-3042,Denison University,34,National Liberal Arts Colleges,Granville,OH,202523,Denison University,Granville,city+name (j=1.00)
DePauw,NCAA D3,mens,depauw-university-1792,DePauw University,58,National Liberal Arts Colleges,Greencastle,IN,150400,DePauw University,Greencastle,city+name (j=1.00)
DePauw University,NCAA D3,womens,depauw-university-1792,DePauw University,58,National Liberal Arts Colleges,Greencastle,IN,150400,DePauw University,Greencastle,city+name (j=1.00)
DeSales,NCAA D3,mens,desales-university-3986,DeSales University,283,National Universities,Center Valley,PA,210739,DeSales University,Center Valley,city+name (j=1.00)
DeSales University,NCAA D3,womens,desales-university-3986,DeSales University,283,National Universities,Center Valley,PA,210739,DeSales University,Center Valley,city+name (j=1.00)
Dickinson,NCAA D3,mens,dickinson-college-3253,Dickinson College,45,National Liberal Arts Colleges,Carlisle,PA,212009,Dickinson College,Carlisle,city+name (j=1.00)
Dickinson College,NCAA D3,womens,dickinson-college-3253,Dickinson College,45,National Liberal Arts Colleges,Carlisle,PA,212009,Dickinson College,Carlisle,city+name (j=1.00)
Dominican (IL),NCAA D3,mens,dominican-university-1750,Dominican University,25,Regional Universities Midwest,River Forest,IL,148496,Dominican University,River Forest,city+name (j=1.00)
Dominican University,NCAA D3,womens,dominican-university-1750,Dominican University,25,Regional Universities Midwest,River Forest,IL,148496,Dominican University,River Forest,city+name (j=1.00)
Drew,NCAA D3,mens,drew-university-2603,Drew University,84,National Liberal Arts Colleges,Madison,NJ,184348,Drew University,Madison,city+name (j=1.00)
Drew University,NCAA D3,womens,drew-university-2603,Drew University,84,National Liberal Arts Colleges,Madison,NJ,184348,Drew University,Madison,city+name (j=1.00)
Earlham,NCAA D3,mens,earlham-college-1793,Earlham College,76,National Liberal Arts Colleges,Richmond,IN,150455,Earlham College,Richmond,city+name (j=1.00)
Earlham College,NCAA D3,womens,earlham-college-1793,Earlham College,76,National Liberal Arts Colleges,Richmond,IN,150455,Earlham College,Richmond,city+name (j=1.00)
East Texas Baptist,NCAA D3,mens,east-texas-baptist-university-3564,East Texas Baptist University,81,Regional Universities West,Marshall,TX,224527,East Texas Baptist University,Marshall,city+name (j=1.00)
East Texas Baptist University,NCAA D3,womens,east-texas-baptist-university-3564,East Texas Baptist University,81,Regional Universities West,Marshall,TX,224527,East Texas Baptist University,Marshall,city+name (j=1.00)
Eastern (PA),NCAA D3,mens,eastern-university-3259,Eastern University,146,Regional Universities North,St. Davids,PA,212133,Eastern University,Saint Davids,city+name (j=1.00)
Eastern Connecticut,NCAA D3,mens+womens,eastern-connecticut-state-university-1425,Eastern Connecticut State University,66,Regional Universities North,Willimantic,CT,129215,Eastern Connecticut State University,Willimantic,city+name (j=1.00)
Eastern Mennonite,NCAA D3,mens,eastern-mennonite-university-3708,Eastern Mennonite University,62,Regional Universities South,Harrisonburg,VA,232043,Eastern Mennonite University,Harrisonburg,city+name (j=1.00)
Eastern Mennonite University,NCAA D3,womens,eastern-mennonite-university-3708,Eastern Mennonite University,62,Regional Universities South,Harrisonburg,VA,232043,Eastern Mennonite University,Harrisonburg,city+name (j=1.00)
Eastern University,NCAA D3,womens,eastern-university-3259,Eastern University,146,Regional Universities North,St. Davids,PA,212133,Eastern University,Saint Davids,city+name (j=1.00)
Edgewood,NCAA D3,mens,edgewood-college-3848,Edgewood College,301,National Universities,Madison,WI,238661,Edgewood University,Madison,city+name (j=1.00)
Edgewood College,NCAA D3,womens,edgewood-college-3848,Edgewood College,301,National Universities,Madison,WI,238661,Edgewood University,Madison,city+name (j=1.00)
Elizabethtown,NCAA D3,mens,elizabethtown-college-3262,Elizabethtown College,45,Regional Universities North,Elizabethtown,PA,212197,Elizabethtown College,Elizabethtown,city+name (j=1.00)
Elizabethtown College,NCAA D3,womens,elizabethtown-college-3262,Elizabethtown College,45,Regional Universities North,Elizabethtown,PA,212197,Elizabethtown College,Elizabethtown,city+name (j=1.00)
Elmhurst,NCAA D3,mens,elmhurst-university-1676,Elmhurst University,7,Regional Universities Midwest,Elmhurst,IL,144962,Elmhurst University,Elmhurst,city+name (j=1.00)
Elmhurst University,NCAA D3,womens,elmhurst-university-1676,Elmhurst University,7,Regional Universities Midwest,Elmhurst,IL,144962,Elmhurst University,Elmhurst,city+name (j=1.00)
Elmira,NCAA D3,mens,elmira-college-2718,Elmira College,6,Regional Colleges North,Elmira,NY,190983,Elmira College,Elmira,city+name (j=1.00)
Elmira College,NCAA D3,womens,elmira-college-2718,Elmira College,6,Regional Colleges North,Elmira,NY,190983,Elmira College,Elmira,city+name (j=1.00)
Elms,NCAA D3,mens+womens,elms-college-2140,Elms College,55,Regional Universities North,Chicopee,MA,167394,College of Our Lady of the Elms,Chicopee,hand-verified alias
Emerson,NCAA D3,mens,emerson-college-2146,Emerson College,19,Regional Universities North,Boston,MA,165662,Emerson College,Boston,city+name (j=1.00)
Emerson College,NCAA D3,womens,emerson-college-2146,Emerson College,19,Regional Universities North,Boston,MA,165662,Emerson College,Boston,city+name (j=1.00)
Emmanuel (MA),NCAA D3,mens,emmanuel-college--massachusetts-2147,Emmanuel College,135,National Liberal Arts Colleges,Boston,MA,165671,Emmanuel College,Boston,city+name (j=1.00)
Emory,NCAA D3,mens,emory-university-1564,Emory University,24,National Universities,Atlanta,GA,139658,Emory University,Atlanta,city+name (j=1.00)
Emory University,NCAA D3,womens,emory-university-1564,Emory University,24,National Universities,Atlanta,GA,139658,Emory University,Atlanta,city+name (j=1.00)
Endicott,NCAA D3,mens,endicott-college-2148,Endicott College,38,Regional Universities North,Beverly,MA,165699,Endicott College,Beverly,city+name (j=1.00)
Endicott College,NCAA D3,womens,endicott-college-2148,Endicott College,38,Regional Universities North,Beverly,MA,165699,Endicott College,Beverly,city+name (j=1.00)
Eureka,NCAA D3,mens,eureka-college-1678,Eureka College,43,Regional Colleges Midwest,Eureka,IL,144971,Eureka College,Eureka,city+name (j=1.00)
Eureka College,NCAA D3,womens,eureka-college-1678,Eureka College,43,Regional Colleges Midwest,Eureka,IL,144971,Eureka College,Eureka,city+name (j=1.00)
Fairleigh Dickinson University-Florham,NCAA D3,womens,fairleigh-dickinson-university-florham-campus-263307,Fairleigh Dickinson University--Florham Campus,35,Regional Universities North,,NJ,184694,Fairleigh Dickinson University-Florham Campus,Madison,"exact name, city differs"
Farmingdale State College,NCAA D3,womens,farmingdale-state-college-suny-2858,Farmingdale State College--SUNY,7,Regional Colleges North,Farmingdale,NY,196042,Farmingdale State College,Farmingdale,city+name (j=1.00)
FDU-Florham,NCAA D3,mens+womens,fairleigh-dickinson-university-florham-campus-263307,Fairleigh Dickinson University--Florham Campus,35,Regional Universities North,,NJ,184694,Fairleigh Dickinson University-Florham Campus,Madison,"exact name, city differs"
Fitchburg State,NCAA D3,mens,fitchburg-state-university-2184,Fitchburg State University,72,Regional Universities North,Fitchburg,MA,165820,Fitchburg State University,Fitchburg,city+name (j=1.00)
Fitchburg State University,NCAA D3,womens,fitchburg-state-university-2184,Fitchburg State University,72,Regional Universities North,Fitchburg,MA,165820,Fitchburg State University,Fitchburg,city+name (j=1.00)
Framingham State,NCAA D3,mens,framingham-state-2185,Framingham State University,110,Regional Universities North,Framingham,MA,165866,Framingham State University,Framingham,city+name (j=1.00)
Framingham State University,NCAA D3,womens,framingham-state-2185,Framingham State University,110,Regional Universities North,Framingham,MA,165866,Framingham State University,Framingham,city+name (j=1.00)
Franciscan (OH),NCAA D3,mens,franciscan-university-3036,Franciscan University of Steubenville,25,Regional Universities Midwest,Steubenville,OH,205957,Franciscan University of Steubenville,Steubenville,city+name (j=1.00)
Franciscan University of Steubenville,NCAA D3,womens,franciscan-university-3036,Franciscan University of Steubenville,25,Regional Universities Midwest,Steubenville,OH,205957,Franciscan University of Steubenville,Steubenville,city+name (j=1.00)
Franklin,NCAA D3,mens,franklin-college-1798,Franklin College,146,National Liberal Arts Colleges,Franklin,IN,150604,Franklin College,Franklin,city+name (j=1.00)
Franklin & Marshall,NCAA D3,mens,franklin--marshall-college-3265,Franklin & Marshall College,35,National Liberal Arts Colleges,Lancaster,PA,212577,Franklin and Marshall College,Lancaster,city+name (j=1.00)
Franklin & Marshall College,NCAA D3,womens,franklin--marshall-college-3265,Franklin & Marshall College,35,National Liberal Arts Colleges,Lancaster,PA,212577,Franklin and Marshall College,Lancaster,city+name (j=1.00)
Franklin College,NCAA D3,womens,franklin-college-1798,Franklin College,146,National Liberal Arts Colleges,Franklin,IN,150604,Franklin College,Franklin,city+name (j=1.00)
Fredonia State,NCAA D3,mens,suny-fredonia-2844,SUNY Fredonia,76,Regional Universities North,Fredonia,NY,196158,SUNY at Fredonia,Fredonia,city+name (j=1.00)
Gallaudet,NCAA D3,mens,gallaudet-university-1443,Gallaudet University,198,National Universities,Washington,DC,131450,Gallaudet University,Washington,city+name (j=1.00)
Geneva,NCAA D3,mens,geneva-college-3267,Geneva College,112,Regional Universities North,Beaver Falls,PA,212656,Geneva College,Beaver Falls,city+name (j=1.00)
Geneva College,NCAA D3,womens,geneva-college-3267,Geneva College,112,Regional Universities North,Beaver Falls,PA,212656,Geneva College,Beaver Falls,city+name (j=1.00)
George Fox,NCAA D3,mens,george-fox-university-3194,George Fox University,283,National Universities,Newberg,OR,208822,George Fox University,Newberg,city+name (j=1.00)
George Fox University,NCAA D3,womens,george-fox-university-3194,George Fox University,283,National Universities,Newberg,OR,208822,George Fox University,Newberg,city+name (j=1.00)
Gettysburg,NCAA D3,mens,gettysburg-college-3268,Gettysburg College,58,National Liberal Arts Colleges,Gettysburg,PA,212674,Gettysburg College,Gettysburg,city+name (j=1.00)
Gettysburg College,NCAA D3,womens,gettysburg-college-3268,Gettysburg College,58,National Liberal Arts Colleges,Gettysburg,PA,212674,Gettysburg College,Gettysburg,city+name (j=1.00)
Gordon,NCAA D3,mens,gordon-college-2153,Gordon College,156,National Liberal Arts Colleges,Wenham,MA,165936,Gordon College,Wenham,city+name (j=1.00)
Gordon College,NCAA D3,womens,gordon-college-2153,Gordon College,156,National Liberal Arts Colleges,Wenham,MA,165936,Gordon College,Wenham,city+name (j=1.00)
Goucher,NCAA D3,mens,goucher-college-2073,Goucher College,126,National Liberal Arts Colleges,Baltimore,MD,162654,Goucher College,Baltimore,city+name (j=1.00)
Goucher College,NCAA D3,womens,goucher-college-2073,Goucher College,126,National Liberal Arts Colleges,Baltimore,MD,162654,Goucher College,Baltimore,city+name (j=1.00)
Grace Christian,NCAA D3,mens,grace-christian-university-2265,Grace Christian University,53,Regional Colleges Midwest,Grand Rapids,MI,170000,Grace Christian University,Wyoming,"exact name, city differs"
Greensboro,NCAA D3,mens,greensboro-college-2930,Greensboro College,99,Regional Universities South,Greensboro,NC,198598,Greensboro College,Greensboro,city+name (j=1.00)
Greensboro College,NCAA D3,womens,greensboro-college-2930,Greensboro College,99,Regional Universities South,Greensboro,NC,198598,Greensboro College,Greensboro,city+name (j=1.00)
Greenville,NCAA D3,mens,greenville-university-1684,Greenville University,105,Regional Universities Midwest,Greenville,IL,145372,Greenville University,Greenville,city+name (j=1.00)
Greenville University,NCAA D3,womens,greenville-university-1684,Greenville University,105,Regional Universities Midwest,Greenville,IL,145372,Greenville University,Greenville,city+name (j=1.00)
Grinnell,NCAA D3,mens,grinnell-college-1868,Grinnell College,13,National Liberal Arts Colleges,Grinnell,IA,153384,Grinnell College,Grinnell,city+name (j=1.00)
Grinnell College,NCAA D3,womens,grinnell-college-1868,Grinnell College,13,National Liberal Arts Colleges,Grinnell,IA,153384,Grinnell College,Grinnell,city+name (j=1.00)
Grove City,NCAA D3,mens,grove-city-college-3269,Grove City College,5,Regional Colleges North,Grove City,PA,212805,Grove City College,Grove City,city+name (j=1.00)
Grove City College,NCAA D3,womens,grove-city-college-3269,Grove City College,5,Regional Colleges North,Grove City,PA,212805,Grove City College,Grove City,city+name (j=1.00)
Guilford,NCAA D3,mens,guilford-college-2931,Guilford College,172,National Liberal Arts Colleges,Greensboro,NC,198613,Guilford College,Greensboro,city+name (j=1.00)
Guilford College,NCAA D3,womens,guilford-college-2931,Guilford College,172,National Liberal Arts Colleges,Greensboro,NC,198613,Guilford College,Greensboro,city+name (j=1.00)
Gustavus Adolphus,NCAA D3,mens,gustavus-college-2353,Gustavus Adolphus College,70,National Liberal Arts Colleges,St. Peter,MN,173647,Gustavus Adolphus College,Saint Peter,city+name (j=1.00)
Gustavus Adolphus College,NCAA D3,womens,gustavus-college-2353,Gustavus Adolphus College,70,National Liberal Arts Colleges,St. Peter,MN,173647,Gustavus Adolphus College,Saint Peter,city+name (j=1.00)
Gwynedd Mercy,NCAA D3,mens,gwynedd-mercy-university-3270,Gwynedd Mercy University,273,National Universities,Gwynedd Valley,PA,212832,Gwynedd Mercy University,Gwynedd Valley,city+name (j=1.00)
Gwynedd Mercy University,NCAA D3,womens,gwynedd-mercy-university-3270,Gwynedd Mercy University,273,National Universities,Gwynedd Valley,PA,212832,Gwynedd Mercy University,Gwynedd Valley,city+name (j=1.00)
Hamilton,NCAA D3,mens,hamilton-college-2728,Hamilton College,13,National Liberal Arts Colleges,Clinton,NY,191515,Hamilton College,Clinton,city+name (j=1.00)
Hamilton College,NCAA D3,womens,hamilton-college-2728,Hamilton College,13,National Liberal Arts Colleges,Clinton,NY,191515,Hamilton College,Clinton,city+name (j=1.00)
Hamline,NCAA D3,mens,hamline-university-2354,Hamline University,22,Regional Universities Midwest,St. Paul,MN,173665,Hamline University,Saint Paul,city+name (j=1.00)
Hamline University,NCAA D3,womens,hamline-university-2354,Hamline University,22,Regional Universities Midwest,St. Paul,MN,173665,Hamline University,Saint Paul,city+name (j=1.00)
Hampden-Sydney,NCAA D3,mens,hampden-sydney-3713,Hampden-Sydney College,107,National Liberal Arts Colleges,Hampden-Sydney,VA,232256,Hampden-Sydney College,Hampden-Sydney,city+name (j=1.00)
Hanover,NCAA D3,mens,hanover-college-1801,Hanover College,115,National Liberal Arts Colleges,Hanover,IN,150756,Hanover College,Hanover,city+name (j=1.00)
Hanover College,NCAA D3,womens,hanover-college-1801,Hanover College,115,National Liberal Arts Colleges,Hanover,IN,150756,Hanover College,Hanover,city+name (j=1.00)
Hardin-Simmons,NCAA D3,mens,hardinsimmons-university-3571,Hardin-Simmons University,395-434,National Universities,Abilene,TX,225247,Hardin-Simmons University,Abilene,city+name (j=1.00)
Hardin-Simmons University,NCAA D3,womens,hardinsimmons-university-3571,Hardin-Simmons University,395-434,National Universities,Abilene,TX,225247,Hardin-Simmons University,Abilene,city+name (j=1.00)
Hartwick,NCAA D3,mens,hartwick-college-2729,Hartwick College,151,National Liberal Arts Colleges,Oneonta,NY,191533,Hartwick College,Oneonta,city+name (j=1.00)
Hartwick College,NCAA D3,womens,hartwick-college-2729,Hartwick College,151,National Liberal Arts Colleges,Oneonta,NY,191533,Hartwick College,Oneonta,city+name (j=1.00)
Harvey Mudd College,NCAA D3,womens,harvey-mudd-college-1171,Harvey Mudd College,10,National Liberal Arts Colleges,Claremont,CA,115409,Harvey Mudd College,Claremont,city+name (j=1.00)
Haverford,NCAA D3,mens,haverford-college-3274,Haverford College,24,National Liberal Arts Colleges,Haverford,PA,212911,Haverford College,Haverford,city+name (j=1.00)
Haverford College,NCAA D3,womens,haverford-college-3274,Haverford College,24,National Liberal Arts Colleges,Haverford,PA,212911,Haverford College,Haverford,city+name (j=1.00)
Heidelberg,NCAA D3,mens,heidelberg-university-3048,Heidelberg University,71,Regional Universities Midwest,Tiffin,OH,203085,Heidelberg University,Tiffin,city+name (j=1.00)
Heidelberg University,NCAA D3,womens,heidelberg-university-3048,Heidelberg University,71,Regional Universities Midwest,Tiffin,OH,203085,Heidelberg University,Tiffin,city+name (j=1.00)
Hendrix,NCAA D3,mens,hendrix-college-1099,Hendrix College,96,National Liberal Arts Colleges,Conway,AR,107080,Hendrix College,Conway,city+name (j=1.00)
Hendrix College,NCAA D3,womens,hendrix-college-1099,Hendrix College,96,National Liberal Arts Colleges,Conway,AR,107080,Hendrix College,Conway,city+name (j=1.00)
Hilbert,NCAA D3,mens,hilbert-college-2735,Hilbert College,31,Regional Colleges North,Hamburg,NY,191621,Hilbert College,Hamburg,city+name (j=1.00)
Hilbert College,NCAA D3,womens,hilbert-college-2735,Hilbert College,31,Regional Colleges North,Hamburg,NY,191621,Hilbert College,Hamburg,city+name (j=1.00)
Hiram,NCAA D3,mens,hiram-college-3049,Hiram College,10,Regional Colleges Midwest,Hiram,OH,203128,Hiram College,Hiram,city+name (j=1.00)
Hiram College,NCAA D3,womens,hiram-college-3049,Hiram College,10,Regional Colleges Midwest,Hiram,OH,203128,Hiram College,Hiram,city+name (j=1.00)
Hobart & William Smith,NCAA D3,mens,hobart-and-william-smith-colleges-2731,Hobart and William Smith Colleges,73,National Liberal Arts Colleges,Geneva,NY,191630,Hobart William Smith Colleges,Geneva,city+name (j=1.00)
Hobart and William Smith Colleges,NCAA D3,womens,hobart-and-william-smith-colleges-2731,Hobart and William Smith Colleges,73,National Liberal Arts Colleges,Geneva,NY,191630,Hobart William Smith Colleges,Geneva,city+name (j=1.00)
Hollins University,NCAA D3,womens,hollins-university-3715,Hollins University,135,National Liberal Arts Colleges,Roanoke,VA,232308,Hollins University,Roanoke,city+name (j=1.00)
Hood,NCAA D3,mens,hood-college-2076,Hood College,55,Regional Universities North,Frederick,MD,162760,Hood College,Frederick,city+name (j=1.00)
Hood College,NCAA D3,womens,hood-college-2076,Hood College,55,Regional Universities North,Frederick,MD,162760,Hood College,Frederick,city+name (j=1.00)
Hope,NCAA D3,mens,hope-college-2273,Hope College,84,National Liberal Arts Colleges,Holland,MI,170301,Hope College,Holland,city+name (j=1.00)
Hope College,NCAA D3,womens,hope-college-2273,Hope College,84,National Liberal Arts Colleges,Holland,MI,170301,Hope College,Holland,city+name (j=1.00)
Houghton,NCAA D3,mens,houghton-university-2734,Houghton University,146,National Liberal Arts Colleges,Houghton,NY,191676,Houghton University,Houghton,city+name (j=1.00)
Houghton University,NCAA D3,womens,houghton-university-2734,Houghton University,146,National Liberal Arts Colleges,Houghton,NY,191676,Houghton University,Houghton,city+name (j=1.00)
Howard Payne,NCAA D3,mens,howard-payne-university-3575,Howard Payne University,21,Regional Colleges West,Brownwood,TX,225548,Howard Payne University,Brownwood,city+name (j=1.00)
Howard Payne University,NCAA D3,womens,howard-payne-university-3575,Howard Payne University,21,Regional Colleges West,Brownwood,TX,225548,Howard Payne University,Brownwood,city+name (j=1.00)
Huntingdon,NCAA D3,mens,huntingdon-college-1019,Huntingdon College,8,Regional Colleges South,Montgomery,AL,101435,Huntingdon College,Montgomery,city+name (j=1.00)
Huntingdon College,NCAA D3,womens,huntingdon-college-1019,Huntingdon College,8,Regional Colleges South,Montgomery,AL,101435,Huntingdon College,Montgomery,city+name (j=1.00)
Husson,NCAA D3,mens,husson-university-2043,Husson University,329,National Universities,Bangor,ME,487524,Husson University,Bangor,city+name (j=1.00)
Husson University,NCAA D3,womens,husson-university-2043,Husson University,329,National Universities,Bangor,ME,487524,Husson University,Bangor,city+name (j=1.00)
Illinois College,NCAA D3,mens+womens,illinois-college-1688,Illinois College,111,National Liberal Arts Colleges,Jacksonville,IL,145691,Illinois College,Jacksonville,city+name (j=1.00)
Illinois Institute of Technology,NCAA D3,womens,illinois-institute-of-technology-1691,Illinois Institute of Technology,117,National Universities,Chicago,IL,145725,Illinois Institute of Technology,Chicago,city+name (j=1.00)
Illinois Tech,NCAA D3,mens,illinois-institute-of-technology-1691,Illinois Institute of Technology,117,National Universities,Chicago,IL,145725,Illinois Institute of Technology,Chicago,city+name (j=1.00)
Illinois Wesleyan,NCAA D3,mens,illinois-wesleyan-university-1696,Illinois Wesleyan University,2,Regional Colleges Midwest,Bloomington,IL,145646,Illinois Wesleyan University,Bloomington,city+name (j=1.00)
Illinois Wesleyan University,NCAA D3,womens,illinois-wesleyan-university-1696,Illinois Wesleyan University,2,Regional Colleges Midwest,Bloomington,IL,145646,Illinois Wesleyan University,Bloomington,city+name (j=1.00)
Immaculata,NCAA D3,mens,immaculata-university-3276,Immaculata University,301,National Universities,Immaculata,PA,213011,Immaculata University,Immaculata,city+name (j=1.00)
Immaculata University,NCAA D3,womens,immaculata-university-3276,Immaculata University,301,National Universities,Immaculata,PA,213011,Immaculata University,Immaculata,city+name (j=1.00)
Ithaca,NCAA D3,mens,ithaca-college-2739,Ithaca College,13,Regional Universities North,Ithaca,NY,191968,Ithaca College,Ithaca,city+name (j=1.00)
Ithaca College,NCAA D3,womens,ithaca-college-2739,Ithaca College,13,Regional Universities North,Ithaca,NY,191968,Ithaca College,Ithaca,city+name (j=1.00)
John Carroll,NCAA D3,mens,john-carroll-university-3050,John Carroll University,2,Regional Universities Midwest,University Heights,OH,203368,John Carroll University,University Heights,city+name (j=1.00)
John Carroll University,NCAA D3,womens,john-carroll-university-3050,John Carroll University,2,Regional Universities Midwest,University Heights,OH,203368,John Carroll University,University Heights,city+name (j=1.00)
Johns Hopkins,NCAA D3,mens,jhu-2077,Johns Hopkins University,7,National Universities,Baltimore,MD,162928,Johns Hopkins University,Baltimore,city+name (j=1.00)
Johns Hopkins University,NCAA D3,womens,jhu-2077,Johns Hopkins University,7,National Universities,Baltimore,MD,162928,Johns Hopkins University,Baltimore,city+name (j=1.00)
Johnson & Wales (Charlotte),NCAA D3,mens,johnson--wales-university-charlotte-108847,Johnson & Wales University--Charlotte,33,Regional Colleges South,Charlotte,NC,445708,Johnson & Wales University-Charlotte,Charlotte,city+name (j=1.00)
Johnson & Wales (Providence),NCAA D3,mens,johnson--wales-university-providence-3404,Johnson & Wales University--Providence,84,Regional Universities North,Providence,RI,217235,Johnson & Wales University-Providence,Providence,city+name (j=1.00)
Johnson & Wales University-Charlotte,NCAA D3,womens,johnson--wales-university-charlotte-108847,Johnson & Wales University--Charlotte,33,Regional Colleges South,Charlotte,NC,445708,Johnson & Wales University-Charlotte,Charlotte,city+name (j=1.00)
Johnson & Wales University-Providence,NCAA D3,womens,johnson--wales-university-providence-3404,Johnson & Wales University--Providence,84,Regional Universities North,Providence,RI,217235,Johnson & Wales University-Providence,Providence,city+name (j=1.00)
Juniata,NCAA D3,mens,juniata-college-3279,Juniata College,92,National Liberal Arts Colleges,Huntingdon,PA,213251,Juniata College,Huntingdon,city+name (j=1.00)
Juniata College,NCAA D3,womens,juniata-college-3279,Juniata College,92,National Liberal Arts Colleges,Huntingdon,PA,213251,Juniata College,Huntingdon,city+name (j=1.00)
Kalamazoo,NCAA D3,mens,kalamazoo-college-2275,Kalamazoo College,67,National Liberal Arts Colleges,Kalamazoo,MI,170532,Kalamazoo College,Kalamazoo,city+name (j=1.00)
Kalamazoo College,NCAA D3,womens,kalamazoo-college-2275,Kalamazoo College,67,National Liberal Arts Colleges,Kalamazoo,MI,170532,Kalamazoo College,Kalamazoo,city+name (j=1.00)
Kean,NCAA D3,mens,kean-university-2622,Kean University,318,National Universities,Union,NJ,185262,Kean University,Union,city+name (j=1.00)
Kean University,NCAA D3,womens,kean-university-2622,Kean University,318,National Universities,Union,NJ,185262,Kean University,Union,city+name (j=1.00)
Keene State,NCAA D3,mens,keene-state-college-2590,Keene State College,9,Regional Colleges North,Keene,NH,183062,Keene State College,Keene,city+name (j=1.00)
Kenyon,NCAA D3,mens,kenyon-college-3065,Kenyon College,45,National Liberal Arts Colleges,Gambier,OH,203535,Kenyon College,Gambier,city+name (j=1.00)
Kenyon College,NCAA D3,womens,kenyon-college-3065,Kenyon College,45,National Liberal Arts Colleges,Gambier,OH,203535,Kenyon College,Gambier,city+name (j=1.00)
Keuka,NCAA D3,mens,keuka-college-2744,Keuka College,128,Regional Universities North,Keuka Park,NY,192192,Keuka College,Keuka Park,city+name (j=1.00)
Keuka College,NCAA D3,womens,keuka-college-2744,Keuka College,128,Regional Universities North,Keuka Park,NY,192192,Keuka College,Keuka Park,city+name (j=1.00)
Keystone,NCAA D3,mens,keystone-college-3280,Keystone College,51-56,Regional Colleges North,La Plume,PA,213303,Keystone College,La Plume,city+name (j=1.00)
Keystone College,NCAA D3,womens,keystone-college-3280,Keystone College,51-56,Regional Colleges North,La Plume,PA,213303,Keystone College,La Plume,city+name (j=1.00)
King's (PA),NCAA D3,mens,kings-college-pennsylvania-3282,King's College,112,Regional Universities North,Wilkes-Barre,PA,213321,King's College,Wilkes-Barre,city+name (j=1.00)
King's College,NCAA D3,womens,kings-college-pennsylvania-3282,King's College,112,Regional Universities North,Wilkes-Barre,PA,213321,King's College,Wilkes-Barre,city+name (j=1.00)
Knox,NCAA D3,mens,knox-college-1704,Knox College,76,National Liberal Arts Colleges,Galesburg,IL,146427,Knox College,Galesburg,city+name (j=1.00)
Knox College,NCAA D3,womens,knox-college-1704,Knox College,76,National Liberal Arts Colleges,Galesburg,IL,146427,Knox College,Galesburg,city+name (j=1.00)
La Roche,NCAA D3,mens,la-roche-university-3987,La Roche University,116,Regional Universities North,Pittsburgh,PA,213358,La Roche University,Pittsburgh,city+name (j=1.00)
La Roche University,NCAA D3,womens,la-roche-university-3987,La Roche University,116,Regional Universities North,Pittsburgh,PA,213358,La Roche University,Pittsburgh,city+name (j=1.00)
LaGrange,NCAA D3,mens,lagrange-college-1578,LaGrange College,9,Regional Colleges South,LaGrange,GA,140234,LaGrange College,Lagrange,city+name (j=1.00)
LaGrange College,NCAA D3,womens,lagrange-college-1578,LaGrange College,9,Regional Colleges South,LaGrange,GA,140234,LaGrange College,Lagrange,city+name (j=1.00)
Lake Forest,NCAA D3,mens,lake-forest-college-1706,Lake Forest College,75,National Liberal Arts Colleges,Lake Forest,IL,146481,Lake Forest College,Lake Forest,city+name (j=1.00)
Lake Forest College,NCAA D3,womens,lake-forest-college-1706,Lake Forest College,75,National Liberal Arts Colleges,Lake Forest,IL,146481,Lake Forest College,Lake Forest,city+name (j=1.00)
Lakeland,NCAA D3,mens,lakeland-university-3854,Lakeland University,112,Regional Universities Midwest,Plymouth,WI,238980,Lakeland University,Plymouth,city+name (j=1.00)
Lakeland University,NCAA D3,womens,lakeland-university-3854,Lakeland University,112,Regional Universities Midwest,Plymouth,WI,238980,Lakeland University,Plymouth,city+name (j=1.00)
Lancaster Bible,NCAA D3,mens,lancaster-bible-college-3285,Lancaster Bible College,146,Regional Universities North,Lancaster,PA,213400,Lancaster Bible College,Lancaster,city+name (j=1.00)
Lancaster Bible College,NCAA D3,womens,lancaster-bible-college-3285,Lancaster Bible College,146,Regional Universities North,Lancaster,PA,213400,Lancaster Bible College,Lancaster,city+name (j=1.00)
Lasell,NCAA D3,mens+womens,lasell-university-2158,Lasell University,116,Regional Universities North,Newton,MA,166391,Lasell University,Newton,city+name (j=1.00)
Lawrence,NCAA D3,mens,lawrence-university-3856,Lawrence University,65,National Liberal Arts Colleges,Appleton,WI,239017,Lawrence University,Appleton,city+name (j=1.00)
Lawrence University,NCAA D3,womens,lawrence-university-3856,Lawrence University,65,National Liberal Arts Colleges,Appleton,WI,239017,Lawrence University,Appleton,city+name (j=1.00)
Lebanon Valley,NCAA D3,mens,lebanon-valley-college-3288,Lebanon Valley College,76,Regional Universities North,Annville,PA,213507,Lebanon Valley College,Annville,city+name (j=1.00)
Lebanon Valley College,NCAA D3,womens,lebanon-valley-college-3288,Lebanon Valley College,76,Regional Universities North,Annville,PA,213507,Lebanon Valley College,Annville,city+name (j=1.00)
Lesley,NCAA D3,mens,lesley-university-2160,Lesley University,301,National Universities,Cambridge,MA,166452,Lesley University,Cambridge,city+name (j=1.00)
Lesley University,NCAA D3,womens,lesley-university-2160,Lesley University,301,National Universities,Cambridge,MA,166452,Lesley University,Cambridge,city+name (j=1.00)
LeTourneau,NCAA D3,mens,letourneau-university-3584,LeTourneau University,36,Regional Universities West,Longview,TX,226231,LeTourneau University,Longview,city+name (j=1.00)
LeTourneau University,NCAA D3,womens,letourneau-university-3584,LeTourneau University,36,Regional Universities West,Longview,TX,226231,LeTourneau University,Longview,city+name (j=1.00)
Lewis & Clark,NCAA D3,mens,lewis--clark-college-3197,Lewis & Clark College,96,National Liberal Arts Colleges,Portland,OR,209056,Lewis & Clark College,Portland,city+name (j=1.00)
Lewis & Clark College,NCAA D3,womens,lewis--clark-college-3197,Lewis & Clark College,96,National Liberal Arts Colleges,Portland,OR,209056,Lewis & Clark College,Portland,city+name (j=1.00)
Linfield,NCAA D3,mens,linfield-university-3198,Linfield University,111,National Liberal Arts Colleges,McMinnville,OR,209065,Linfield University,McMinnville,city+name (j=1.00)
Linfield University,NCAA D3,womens,linfield-university-3198,Linfield University,111,National Liberal Arts Colleges,McMinnville,OR,209065,Linfield University,McMinnville,city+name (j=1.00)
Loras,NCAA D3,mens,loras-college-1873,Loras College,8,Regional Colleges Midwest,Dubuque,IA,153825,Loras College,Dubuque,city+name (j=1.00)
Loras College,NCAA D3,womens,loras-college-1873,Loras College,8,Regional Colleges Midwest,Dubuque,IA,153825,Loras College,Dubuque,city+name (j=1.00)
Luther,NCAA D3,mens,luther-college-1874,Luther College,111,National Liberal Arts Colleges,Decorah,IA,153834,Luther College,Decorah,city+name (j=1.00)
Luther College,NCAA D3,womens,luther-college-1874,Luther College,111,National Liberal Arts Colleges,Decorah,IA,153834,Luther College,Decorah,city+name (j=1.00)
Lycoming,NCAA D3,mens,lycoming-college-3293,Lycoming College,96,National Liberal Arts Colleges,Williamsport,PA,213668,Lycoming College,Williamsport,city+name (j=1.00)
Lycoming College,NCAA D3,womens,lycoming-college-3293,Lycoming College,96,National Liberal Arts Colleges,Williamsport,PA,213668,Lycoming College,Williamsport,city+name (j=1.00)
Lyon College,NCAA D3,mens+womens,lyon-college-1088,Lyon College,167,National Liberal Arts Colleges,Batesville,AR,106342,Lyon College,Batesville,city+name (j=1.00)
Macalester,NCAA D3,mens,macalester-college-2358,Macalester College,28,National Liberal Arts Colleges,St. Paul,MN,173902,Macalester College,Saint Paul,city+name (j=1.00)
Macalester College,NCAA D3,womens,macalester-college-2358,Macalester College,28,National Liberal Arts Colleges,St. Paul,MN,173902,Macalester College,Saint Paul,city+name (j=1.00)
Maine Maritime,NCAA D3,mens,maine-maritime-academy-2044,Maine Maritime Academy,7,Regional Colleges North,Castine,ME,161299,Maine Maritime Academy,Castine,city+name (j=1.00)
Maine Maritime Academy,NCAA D3,womens,maine-maritime-academy-2044,Maine Maritime Academy,7,Regional Colleges North,Castine,ME,161299,Maine Maritime Academy,Castine,city+name (j=1.00)
Manchester,NCAA D3,mens,manchester-university-1820,Manchester University,84,Regional Universities Midwest,North Manchester,IN,151777,Manchester University,North Manchester,city+name (j=1.00)
Manchester University,NCAA D3,womens,manchester-university-1820,Manchester University,84,Regional Universities Midwest,North Manchester,IN,151777,Manchester University,North Manchester,city+name (j=1.00)
Manhattanville,NCAA D3,mens,manhattanville-university-2760,Manhattanville University,84,Regional Universities North,Purchase,NY,192749,Manhattanville University,Purchase,city+name (j=1.00)
Manhattanville University,NCAA D3,womens,manhattanville-university-2760,Manhattanville University,84,Regional Universities North,Purchase,NY,192749,Manhattanville University,Purchase,city+name (j=1.00)
Maranatha Baptist University,NCAA D3,womens,maranatha-baptist-university-23172,Maranatha Baptist University,120,Regional Universities Midwest,Watertown,WI,239071,Maranatha Baptist University,Watertown,city+name (j=1.00)
Marian (WI),NCAA D3,mens,marian-university-3861,Marian University,110,Regional Universities Midwest,Fond du Lac,WI,239080,Marian University,Fond Du Lac,city+name (j=1.00)
Marian University (WI),NCAA D3,womens,marian-university-3861,Marian University,110,Regional Universities Midwest,Fond du Lac,WI,239080,Marian University,Fond Du Lac,city+name (j=1.00)
Marietta,NCAA D3,mens,marietta-college-3073,Marietta College,15,Regional Colleges Midwest,Marietta,OH,203845,Marietta College,Marietta,city+name (j=1.00)
Marietta College,NCAA D3,womens,marietta-college-3073,Marietta College,15,Regional Colleges Midwest,Marietta,OH,203845,Marietta College,Marietta,city+name (j=1.00)
Martin Luther,NCAA D3,mens,martin-luther-college-2361,Martin Luther College,,,New Ulm,MN,173452,Martin Luther College,New Ulm,city+name (j=1.00)
Martin Luther College,NCAA D3,womens,martin-luther-college-2361,Martin Luther College,,,New Ulm,MN,173452,Martin Luther College,New Ulm,city+name (j=1.00)
Mary Baldwin,NCAA D3,mens,mary-baldwin-university-3723,Mary Baldwin University,384,National Universities,Staunton,VA,232672,Mary Baldwin University,Staunton,city+name (j=1.00)
Mary Baldwin University,NCAA D3,womens,mary-baldwin-university-3723,Mary Baldwin University,384,National Universities,Staunton,VA,232672,Mary Baldwin University,Staunton,city+name (j=1.00)
Marymount (VA),NCAA D3,mens,marymount-university-3724,Marymount University,273,National Universities,Arlington,VA,232706,Marymount University,Arlington,city+name (j=1.00)
Marymount University,NCAA D3,womens,marymount-university-3724,Marymount University,273,National Universities,Arlington,VA,232706,Marymount University,Arlington,city+name (j=1.00)
Maryville (TN),NCAA D3,mens,maryville-college-3505,Maryville College,170,National Liberal Arts Colleges,Maryville,TN,220710,Maryville College,Maryville,city+name (j=1.00)
Maryville College,NCAA D3,womens,maryville-college-3505,Maryville College,170,National Liberal Arts Colleges,Maryville,TN,220710,Maryville College,Maryville,city+name (j=1.00)
Marywood,NCAA D3,mens,marywood-university-3296,Marywood University,61,Regional Universities North,Scranton,PA,213826,Marywood University,Scranton,city+name (j=1.00)
Marywood University,NCAA D3,womens,marywood-university-3296,Marywood University,61,Regional Universities North,Scranton,PA,213826,Marywood University,Scranton,city+name (j=1.00)
Massachusetts College of Liberal Arts,NCAA D3,mens+womens,mcla-2187,Massachusetts College of Liberal Arts,115,National Liberal Arts Colleges,North Adams,MA,167288,Massachusetts College of Liberal Arts,North Adams,city+name (j=1.00)
Massachusetts Institute of Technology,NCAA D3,womens,massachusetts-institute-of-technology-2178,Massachusetts Institute of Technology,2,National Universities,Cambridge,MA,166683,Massachusetts Institute of Technology,Cambridge,city+name (j=1.00)
Massachusetts Maritime,NCAA D3,mens,massachusetts-maritime-academy-2181,Massachusetts Maritime Academy,11,Regional Universities North,Buzzards Bay,MA,166692,Massachusetts Maritime Academy,Buzzards Bay,city+name (j=1.00)
Massachusetts Maritime Academy,NCAA D3,womens,massachusetts-maritime-academy-2181,Massachusetts Maritime Academy,11,Regional Universities North,Buzzards Bay,MA,166692,Massachusetts Maritime Academy,Buzzards Bay,city+name (j=1.00)
McDaniel,NCAA D3,mens,mcdaniel-college-2109,McDaniel College,72,Regional Universities North,Westminster,MD,164270,McDaniel College,Westminster,city+name (j=1.00)
McDaniel College,NCAA D3,womens,mcdaniel-college-2109,McDaniel College,72,Regional Universities North,Westminster,MD,164270,McDaniel College,Westminster,city+name (j=1.00)
McMurry,NCAA D3,mens,mcmurry-university-3591,McMurry University,15,Regional Colleges West,Abilene,TX,226587,McMurry University,Abilene,city+name (j=1.00)
McMurry University,NCAA D3,womens,mcmurry-university-3591,McMurry University,15,Regional Colleges West,Abilene,TX,226587,McMurry University,Abilene,city+name (j=1.00)
Meredith College,NCAA D3,womens,meredith-college-2945,Meredith College,115,National Liberal Arts Colleges,Raleigh,NC,198950,Meredith College,Raleigh,city+name (j=1.00)
Messiah,NCAA D3,mens,messiah-university-3298,Messiah University,45,Regional Universities North,Mechanicsburg,PA,213996,Messiah University,Mechanicsburg,city+name (j=1.00)
Messiah University,NCAA D3,womens,messiah-university-3298,Messiah University,45,Regional Universities North,Mechanicsburg,PA,213996,Messiah University,Mechanicsburg,city+name (j=1.00)
Methodist,NCAA D3,mens,methodist-university-2946,Methodist University,90,Regional Universities South,Fayetteville,NC,198969,Methodist University,Fayetteville,city+name (j=1.00)
Methodist University,NCAA D3,womens,methodist-university-2946,Methodist University,90,Regional Universities South,Fayetteville,NC,198969,Methodist University,Fayetteville,city+name (j=1.00)
Middlebury,NCAA D3,mens,middlebury-college-3691,Middlebury College,13,National Liberal Arts Colleges,Middlebury,VT,230959,Middlebury College,Middlebury,city+name (j=1.00)
Middlebury College,NCAA D3,womens,middlebury-college-3691,Middlebury College,13,National Liberal Arts Colleges,Middlebury,VT,230959,Middlebury College,Middlebury,city+name (j=1.00)
Millikin,NCAA D3,mens,millikin-university-1724,Millikin University,15,Regional Colleges Midwest,Decatur,IL,147244,Millikin University,Decatur,city+name (j=1.00)
Millikin University,NCAA D3,womens,millikin-university-1724,Millikin University,15,Regional Colleges Midwest,Decatur,IL,147244,Millikin University,Decatur,city+name (j=1.00)
Millsaps,NCAA D3,mens,millsaps-college-2414,Millsaps College,146,National Liberal Arts Colleges,Jackson,MS,175980,Millsaps College,Jackson,city+name (j=1.00)
Millsaps College,NCAA D3,womens,millsaps-college-2414,Millsaps College,146,National Liberal Arts Colleges,Jackson,MS,175980,Millsaps College,Jackson,city+name (j=1.00)
Milwaukee School of Engineering,NCAA D3,womens,milwaukee-school-of-engineering-3868,Milwaukee School of Engineering,2,Regional Universities Midwest,Milwaukee,WI,239318,Milwaukee School of Engineering,Milwaukee,city+name (j=1.00)
Misericordia University,NCAA D3,womens,misericordia-university-3247,Misericordia University,273,National Universities,Dallas,PA,214069,Misericordia University,Dallas,city+name (j=1.00)
Mississippi University for Women,NCAA D3,womens,mississippi-women-2422,Mississippi University for Women,33,Regional Universities South,Columbus,MS,176035,Mississippi University for Women,Columbus,city+name (j=1.00)
MIT,NCAA D3,mens,massachusetts-institute-of-technology-2178,Massachusetts Institute of Technology,2,National Universities,Cambridge,MA,166683,Massachusetts Institute of Technology,Cambridge,city+name (j=1.00)
Mitchell,NCAA D3,womens,mitchell-college-1393,Mitchell College,34,Regional Colleges North,New London,CT,129774,Mitchell College,New London,city+name (j=1.00)
Monmouth (IL),NCAA D3,mens,monmouth-college-1725,Monmouth College,154,National Liberal Arts Colleges,Monmouth,IL,147341,Monmouth College,Monmouth,city+name (j=1.00)
Monmouth College,NCAA D3,womens,monmouth-college-1725,Monmouth College,154,National Liberal Arts Colleges,Monmouth,IL,147341,Monmouth College,Monmouth,city+name (j=1.00)
Montclair State,NCAA D3,mens,montclair-state-university-2617,Montclair State University,158,National Universities,Montclair,NJ,185590,Montclair State University,Montclair,city+name (j=1.00)
Montclair State University,NCAA D3,womens,montclair-state-university-2617,Montclair State University,158,National Universities,Montclair,NJ,185590,Montclair State University,Montclair,city+name (j=1.00)
Moravian,NCAA D3,mens,moravian-university-3301,Moravian University,38,Regional Universities North,Bethlehem,PA,214157,Moravian University,Bethlehem,city+name (j=1.00)
Moravian University,NCAA D3,womens,moravian-university-3301,Moravian University,38,Regional Universities North,Bethlehem,PA,214157,Moravian University,Bethlehem,city+name (j=1.00)
Mount Aloysius College,NCAA D3,womens,mount-aloysius-college-3302,Mount Aloysius College,28,Regional Colleges North,Cresson,PA,214166,Mount Aloysius College,Cresson,city+name (j=1.00)
Mount Holyoke College,NCAA D3,womens,mount-holyoke-college-2192,Mount Holyoke College,29,National Liberal Arts Colleges,South Hadley,MA,166939,Mount Holyoke College,South Hadley,city+name (j=1.00)
Mount Saint Mary College,NCAA D3,womens,mount-st-mary-college-2778,Mount Saint Mary College,72,Regional Universities North,Newburgh,NY,193353,Mount Saint Mary College,Newburgh,city+name (j=1.00)
Mount St. Joseph,NCAA D3,mens,mount-st-joseph-university-3033,Mount St. Joseph University,343,National Universities,Cincinnati,OH,204200,Mount St. Joseph University,Cincinnati,city+name (j=1.00)
Mount St. Joseph University,NCAA D3,womens,mount-st-joseph-university-3033,Mount St. Joseph University,343,National Universities,Cincinnati,OH,204200,Mount St. Joseph University,Cincinnati,city+name (j=1.00)
Mount Union,NCAA D3,mens,university-of-mount-union-3083,University of Mount Union,39,Regional Universities Midwest,Alliance,OH,204185,University of Mount Union,Alliance,city+name (j=1.00)
Muhlenberg,NCAA D3,mens,muhlenberg-college-3304,Muhlenberg College,70,National Liberal Arts Colleges,Allentown,PA,214175,Muhlenberg College,Allentown,city+name (j=1.00)
Muhlenberg College,NCAA D3,womens,muhlenberg-college-3304,Muhlenberg College,70,National Liberal Arts Colleges,Allentown,PA,214175,Muhlenberg College,Allentown,city+name (j=1.00)
Muskingum,NCAA D3,mens,muskingum-university-3084,Muskingum University,46,Regional Universities Midwest,New Concord,OH,204264,Muskingum University,New Concord,city+name (j=1.00)
Muskingum University,NCAA D3,womens,muskingum-university-3084,Muskingum University,46,Regional Universities Midwest,New Concord,OH,204264,Muskingum University,New Concord,city+name (j=1.00)
Nazareth,NCAA D3,mens,nazareth-university-2779,Nazareth University,50,Regional Universities North,Rochester,NY,193584,Nazareth University,Rochester,city+name (j=1.00)
Nazareth University,NCAA D3,womens,nazareth-university-2779,Nazareth University,50,Regional Universities North,Rochester,NY,193584,Nazareth University,Rochester,city+name (j=1.00)
Nebraska Wesleyan University,NCAA D3,womens,nebraska-wesleyan-university-2555,Nebraska Wesleyan University,39,Regional Universities Midwest,Lincoln,NE,181446,Nebraska Wesleyan University,Lincoln,city+name (j=1.00)
Neumann University,NCAA D3,womens,neumann-university-3988,Neumann University,128,Regional Universities North,Aston,PA,214272,Neumann University,Aston,city+name (j=1.00)
New England College,NCAA D3,mens,new-england-college-2579,New England College,150-164,Regional Universities North,Henniker,NH,182980,New England College,Henniker,city+name (j=1.00)
New Jersey City,NCAA D3,mens,new-jersey-city-university-2613,New Jersey City University,146,Regional Universities North,Jersey City,NJ,185129,New Jersey City University,Jersey City,city+name (j=1.00)
New Jersey City University,NCAA D3,womens,new-jersey-city-university-2613,New Jersey City University,146,Regional Universities North,Jersey City,NJ,185129,New Jersey City University,Jersey City,city+name (j=1.00)
New York University,NCAA D3,mens+womens,nyu-2785,New York University,32,National Universities,New York,NY,193900,New York University,New York,city+name (j=1.00)
Nichols,NCAA D3,mens,nichols-college-2197,Nichols College,121,Regional Universities North,Dudley,MA,167260,Nichols College,Dudley,city+name (j=1.00)
Nichols College,NCAA D3,womens,nichols-college-2197,Nichols College,121,Regional Universities North,Dudley,MA,167260,Nichols College,Dudley,city+name (j=1.00)
North Carolina Wesleyan,NCAA D3,mens,north-carolina-wesleyan-university-2951,North Carolina Wesleyan University,33,Regional Colleges South,Rocky Mount,NC,199209,North Carolina Wesleyan University,Rocky Mount,city+name (j=1.00)
North Carolina Wesleyan University,NCAA D3,womens,north-carolina-wesleyan-university-2951,North Carolina Wesleyan University,33,Regional Colleges South,Rocky Mount,NC,199209,North Carolina Wesleyan University,Rocky Mount,city+name (j=1.00)
North Central (IL),NCAA D3,mens,north-central-college-1734,North Central College,20,Regional Universities Midwest,Naperville,IL,147660,North Central College,Naperville,city+name (j=1.00)
North Central College,NCAA D3,womens,north-central-college-1734,North Central College,20,Regional Universities Midwest,Naperville,IL,147660,North Central College,Naperville,city+name (j=1.00)
North Central University,NCAA D3,womens,north-central-university-2369,North Central University,19,Regional Colleges Midwest,Minneapolis,MN,174437,North Central University,Minneapolis,city+name (j=1.00)
North Park,NCAA D3,mens,north-park-university-1735,North Park University,54,Regional Universities Midwest,Chicago,IL,147679,North Park University,Chicago,city+name (j=1.00)
North Park University,NCAA D3,womens,north-park-university-1735,North Park University,54,Regional Universities Midwest,Chicago,IL,147679,North Park University,Chicago,city+name (j=1.00)
Northwestern (MN),NCAA D3,mens,northwestern-college-2371,University of Northwestern--St. Paul,36,Regional Universities Midwest,St. Paul,MN,174491,University of Northwestern-St Paul,Saint Paul,city+name (j=1.00)
Norwich,NCAA D3,womens,norwich-university-3692,Norwich University,84,Regional Universities North,Northfield,VT,230995,Norwich University,Northfield,city+name (j=1.00)
Notre Dame of Maryland University,NCAA D3,womens,notre-dame-of-maryland-university-2065,Notre Dame of Maryland University,50,Regional Universities North,Baltimore,MD,163578,Notre Dame of Maryland University,Baltimore,city+name (j=1.00)
Oberlin,NCAA D3,mens,oberlin-college-3086,Oberlin College,58,National Liberal Arts Colleges,Oberlin,OH,204501,Oberlin College,Oberlin,city+name (j=1.00)
Oberlin College,NCAA D3,womens,oberlin-college-3086,Oberlin College,58,National Liberal Arts Colleges,Oberlin,OH,204501,Oberlin College,Oberlin,city+name (j=1.00)
Occidental College,NCAA D3,womens,occidental-college-1249,Occidental College,35,National Liberal Arts Colleges,Los Angeles,CA,120254,Occidental College,Los Angeles,city+name (j=1.00)
Oglethorpe,NCAA D3,mens,oglethorpe-university-1586,Oglethorpe University,156,National Liberal Arts Colleges,Atlanta,GA,140696,Oglethorpe University,Atlanta,city+name (j=1.00)
Oglethorpe University,NCAA D3,womens,oglethorpe-university-1586,Oglethorpe University,156,National Liberal Arts Colleges,Atlanta,GA,140696,Oglethorpe University,Atlanta,city+name (j=1.00)
Ohio Northern,NCAA D3,mens,ohio-northern-university-3089,Ohio Northern University,1,Regional Colleges Midwest,Ada,OH,204635,Ohio Northern University,Ada,city+name (j=1.00)
Ohio Northern University,NCAA D3,womens,ohio-northern-university-3089,Ohio Northern University,1,Regional Colleges Midwest,Ada,OH,204635,Ohio Northern University,Ada,city+name (j=1.00)
Ohio Wesleyan,NCAA D3,mens,ohio-wesleyan-university-3109,Ohio Wesleyan University,121,National Liberal Arts Colleges,Delaware,OH,204909,Ohio Wesleyan University,Delaware,city+name (j=1.00)
Ohio Wesleyan University,NCAA D3,womens,ohio-wesleyan-university-3109,Ohio Wesleyan University,121,National Liberal Arts Colleges,Delaware,OH,204909,Ohio Wesleyan University,Delaware,city+name (j=1.00)
Olivet,NCAA D3,mens,olivet-2308,Olivet College,44,Regional Colleges Midwest,Olivet,MI,171599,The University of Olivet,Olivet,city+name (j=1.00)
Olivet College,NCAA D3,womens,olivet-2308,Olivet College,44,Regional Colleges Midwest,Olivet,MI,171599,The University of Olivet,Olivet,city+name (j=1.00)
Otterbein,NCAA D3,mens,otterbein-university-3110,Otterbein University,12,Regional Universities Midwest,Westerville,OH,204936,Otterbein University,Westerville,city+name (j=1.00)
Otterbein University,NCAA D3,womens,otterbein-university-3110,Otterbein University,12,Regional Universities Midwest,Westerville,OH,204936,Otterbein University,Westerville,city+name (j=1.00)
Pacific Lutheran,NCAA D3,mens,pacific-lutheran-university-3785,Pacific Lutheran University,28,Regional Universities West,Tacoma,WA,236230,Pacific Lutheran University,Tacoma,city+name (j=1.00)
Pacific Lutheran University,NCAA D3,womens,pacific-lutheran-university-3785,Pacific Lutheran University,28,Regional Universities West,Tacoma,WA,236230,Pacific Lutheran University,Tacoma,city+name (j=1.00)
Pacific University,NCAA D3,womens,pacific-university-3212,Pacific University,232,National Universities,Forest Grove,OR,209612,Pacific University,Forest Grove,city+name (j=1.00)
Penn State Behrend,NCAA D3,mens,pennsylvania-state-university---behrend-3333,"Pennsylvania State University--Erie, The Behrend College",133,Regional Universities North,Erie,PA,214591,Pennsylvania State University-Penn State Erie-Behrend College,Erie,city+name (j=0.80)
Penn State Harrisburg,NCAA D3,mens,pennsylvania-state-university-harrisburg-6814,Pennsylvania State University--Harrisburg,150-164,Regional Universities North,Middletown,PA,214713,Pennsylvania State University-Penn State Harrisburg,Middletown,city+name (j=0.75)
Pennsylvania College of Technology,NCAA D3,womens,penn-college-3395,Pennsylvania College of Technology,4,Regional Colleges North,Williamsport,PA,366252,Pennsylvania College of Technology,Williamsport,city+name (j=1.00)
Pennsylvania State University-Penn State Abington,NCAA D3,womens,pennsylvania-state-university-abington-3342,Pennsylvania State University--Abington,24,Regional Colleges North,Abington,PA,214801,Pennsylvania State University-Penn State Abington,Abington,city+name (j=1.00)
Pennsylvania State University-Penn State Altoona,NCAA D3,womens,pennsylvania-state-university-altoona-253849,Pennsylvania State University--Altoona,41,Regional Colleges North,,PA,214689,Pennsylvania State University-Penn State Altoona,Altoona,"exact name, city differs"
Pennsylvania State University-Penn State Berks,NCAA D3,womens,pennsylvania-state-university-berks-861542,Pennsylvania State University--Berks,51-56,Regional Colleges North,,PA,214704,Pennsylvania State University-Penn State Berks,Reading,"exact name, city differs"
Pennsylvania State University-Penn State Erie (Behrend College),NCAA D3,womens,pennsylvania-state-university---behrend-3333,"Pennsylvania State University--Erie, The Behrend College",133,Regional Universities North,Erie,PA,214591,Pennsylvania State University-Penn State Erie-Behrend College,Erie,city+name (j=0.80)
Pennsylvania State University-Penn State Harrisburg,NCAA D3,womens,pennsylvania-state-university-harrisburg-6814,Pennsylvania State University--Harrisburg,150-164,Regional Universities North,Middletown,PA,214713,Pennsylvania State University-Penn State Harrisburg,Middletown,city+name (j=0.75)
Pfeiffer University,NCAA D3,womens,pfeiffer-university-2955,Pfeiffer University,82,Regional Universities South,Misenheimer,NC,199306,Pfeiffer University,Misenheimer,city+name (j=1.00)
Piedmont University,NCAA D3,womens,piedmont-university-1588,Piedmont University,62,Regional Universities South,Demorest,GA,140818,Piedmont University,Demorest,city+name (j=1.00)
Pitzer College,NCAA D3,womens,pitzer-college-1172,Pitzer College,37,National Liberal Arts Colleges,Claremont,CA,121257,Pitzer College,Claremont,city+name (j=1.00)
Plattsburgh State,NCAA D3,mens,suny-plattsburgh-2849,SUNY--Plattsburgh,50,Regional Universities North,Plattsburgh,NY,196246,State University of New York at Plattsburgh,Plattsburgh,hand-verified alias
Plymouth State,NCAA D3,mens+womens,plymouth-state-university-2591,Plymouth State University,140,Regional Universities North,Plymouth,NH,183080,Plymouth State University,Plymouth,city+name (j=1.00)
Pomona College,NCAA D3,womens,pomona-college-1173,Pomona College,7,National Liberal Arts Colleges,Claremont,CA,121345,Pomona College,Claremont,city+name (j=1.00)
Pomona-Pitzer,NCAA D3,mens+womens,pomona-college-1173,Pomona College,7,National Liberal Arts Colleges,Claremont,CA,121345,Pomona College,Claremont,city+name (j=1.00)
Pratt Institute,NCAA D3,womens,pratt-institute-2798,Pratt Institute,,,Brooklyn,NY,194578,Pratt Institute-Main,Brooklyn,city+name (j=1.00)
Principia College,NCAA D3,womens,principia-college-1744,Principia College,63,National Liberal Arts Colleges,Elsah,IL,148016,Principia College,Elsah,city+name (j=1.00)
Puget Sound,NCAA D3,mens,university-of-puget-sound-3797,University of Puget Sound,96,National Liberal Arts Colleges,Tacoma,WA,236328,University of Puget Sound,Tacoma,city+name (j=1.00)
Ramapo College of New Jersey,NCAA D3,womens,ramapo-college-of-new-jersey-9344,Ramapo College of New Jersey,21,Regional Universities North,Mahwah,NJ,186201,Ramapo College of New Jersey,Mahwah,city+name (j=1.00)
Randolph College,NCAA D3,womens,randolph-college-3734,Randolph College,156,National Liberal Arts Colleges,Lynchburg,VA,233301,Randolph College,Lynchburg,city+name (j=1.00)
Randolph-Macon,NCAA D3,mens,randolph-macon-college-3733,Randolph-Macon College,96,National Liberal Arts Colleges,Ashland,VA,233295,Randolph-Macon College,Ashland,city+name (j=1.00)
Randolph-Macon College,NCAA D3,womens,randolph-macon-college-3733,Randolph-Macon College,96,National Liberal Arts Colleges,Ashland,VA,233295,Randolph-Macon College,Ashland,city+name (j=1.00)
Regent University,NCAA D3,womens,regent-university-30913,Regent University,373,National Universities,Virginia Beach,VA,231651,Regent University,Virginia Beach,city+name (j=1.00)
Rensselaer,NCAA D3,mens,rpi-2803,Rensselaer Polytechnic Institute,64,National Universities,Troy,NY,194824,Rensselaer Polytechnic Institute,Troy,city+name (j=1.00)
Rensselaer Polytechnic Institute,NCAA D3,womens,rpi-2803,Rensselaer Polytechnic Institute,64,National Universities,Troy,NY,194824,Rensselaer Polytechnic Institute,Troy,city+name (j=1.00)
Rhode Island College,NCAA D3,mens,rhode-island-college-3407,Rhode Island College,84,Regional Universities North,Providence,RI,217420,Rhode Island College,Providence,city+name (j=1.00)
Rhodes,NCAA D3,mens,rhodes-college-3519,Rhodes College,55,National Liberal Arts Colleges,Memphis,TN,221351,Rhodes College,Memphis,city+name (j=1.00)
Rhodes College,NCAA D3,womens,rhodes-college-3519,Rhodes College,55,National Liberal Arts Colleges,Memphis,TN,221351,Rhodes College,Memphis,city+name (j=1.00)
Ripon,NCAA D3,mens,ripon-college-3884,Ripon College,143,National Liberal Arts Colleges,Ripon,WI,239628,Ripon College,Ripon,city+name (j=1.00)
Ripon College,NCAA D3,womens,ripon-college-3884,Ripon College,143,National Liberal Arts Colleges,Ripon,WI,239628,Ripon College,Ripon,city+name (j=1.00)
Rivier,NCAA D3,womens,rivier-university-2586,Rivier University,139,Regional Universities North,Nashua,NH,183211,Rivier University,Nashua,city+name (j=1.00)
Roanoke,NCAA D3,mens,roanoke-college-3736,Roanoke College,126,National Liberal Arts Colleges,Salem,VA,233426,Roanoke College,Salem,city+name (j=1.00)
Roanoke College,NCAA D3,womens,roanoke-college-3736,Roanoke College,126,National Liberal Arts Colleges,Salem,VA,233426,Roanoke College,Salem,city+name (j=1.00)
Rochester,NCAA D3,mens,university-of-rochester-2894,University of Rochester,46,National Universities,Rochester,NY,195030,University of Rochester,Rochester,city+name (j=1.00)
Rochester Institute of Technology,NCAA D3,mens+womens,rit-2806,Rochester Institute of Technology,88,National Universities,Rochester,NY,195003,Rochester Institute of Technology,Rochester,city+name (j=1.00)
Rockford University,NCAA D3,womens,rockford-university-1748,Rockford University,130,Regional Universities Midwest,Rockford,IL,148405,Rockford University,Rockford,city+name (j=1.00)
Roger Williams,NCAA D3,mens,roger-williams-university-4917,Roger Williams University,35,Regional Universities North,Bristol,RI,217518,Roger Williams University,Bristol,city+name (j=1.00)
Roger Williams University,NCAA D3,womens,roger-williams-university-4917,Roger Williams University,35,Regional Universities North,Bristol,RI,217518,Roger Williams University,Bristol,city+name (j=1.00)
Rose-Hulman,NCAA D3,mens,rosehulman-institute-of-technology-1830,Rose-Hulman Institute of Technology,,,Terre Haute,IN,152318,Rose-Hulman Institute of Technology,Terre Haute,city+name (j=1.00)
Rose-Hulman Institute of Technology,NCAA D3,womens,rosehulman-institute-of-technology-1830,Rose-Hulman Institute of Technology,,,Terre Haute,IN,152318,Rose-Hulman Institute of Technology,Terre Haute,city+name (j=1.00)
Rowan,NCAA D3,mens,rowan-university-2609,Rowan University,169,National Universities,Glassboro,NJ,184782,Rowan University,Glassboro,city+name (j=1.00)
Rowan University,NCAA D3,womens,rowan-university-2609,Rowan University,169,National Universities,Glassboro,NJ,184782,Rowan University,Glassboro,city+name (j=1.00)
Rutgers University-Camden,NCAA D3,womens,rutgers-university-camden-4741,Rutgers University--Camden,97,National Universities,Camden,NJ,186371,Rutgers University-Camden,Camden,city+name (j=1.00)
Rutgers University-Newark,NCAA D3,womens,rutgers-university-newark-2631,Rutgers University--Newark,75,National Universities,Newark,NJ,186399,Rutgers University-Newark,Newark,city+name (j=1.00)
Rutgers-Camden,NCAA D3,mens,rutgers-university-camden-4741,Rutgers University--Camden,97,National Universities,Camden,NJ,186371,Rutgers University-Camden,Camden,city+name (j=1.00)
Rutgers-Newark,NCAA D3,mens,rutgers-university-newark-2631,Rutgers University--Newark,75,National Universities,Newark,NJ,186399,Rutgers University-Newark,Newark,city+name (j=1.00)
Saint Elizabeth University,NCAA D3,womens,saint-elizabeth-university-2600,Saint Elizabeth University,121,Regional Universities North,Morristown,NJ,186618,Saint Elizabeth University,Morristown,city+name (j=1.00)
Saint John Fisher,NCAA D3,mens,st-john-fisher-university-2821,St. John Fisher University,192,National Universities,Rochester,NY,195720,St. John Fisher University,Rochester,city+name (j=1.00)
Saint John Fisher University,NCAA D3,womens,st-john-fisher-university-2821,St. John Fisher University,192,National Universities,Rochester,NY,195720,St. John Fisher University,Rochester,city+name (j=1.00)
Saint Joseph's (ME),NCAA D3,mens,st-josephs-college-2051,Saint Joseph's College of Maine,94,Regional Universities North,Standish,ME,161518,Saint Joseph's College of Maine,Standish,city+name (j=1.00)
Saint Lawrence,NCAA D3,mens,st-lawrence-university-2829,St. Lawrence University,58,National Liberal Arts Colleges,Canton,NY,195216,St Lawrence University,Canton,city+name (j=1.00)
Saint Mary's (MN),NCAA D3,mens,saint-marys-university-of-minnesota-2380,Saint Mary's University of Minnesota,283,National Universities,Winona,MN,174817,Saint Mary's University of Minnesota,Winona,city+name (j=1.00)
Saint Mary's College (IN),NCAA D3,womens,saint-marys-college-1836,Saint Mary's College,84,National Liberal Arts Colleges,Notre Dame,IN,152390,Saint Mary's College,Notre Dame,city+name (j=1.00)
Saint Mary's University of Minnesota,NCAA D3,womens,saint-marys-university-of-minnesota-2380,Saint Mary's University of Minnesota,283,National Universities,Winona,MN,174817,Saint Mary's University of Minnesota,Winona,city+name (j=1.00)
Saint Norbert College,NCAA D3,womens,st-norbert-college-3892,St. Norbert College,111,National Liberal Arts Colleges,De Pere,WI,239716,Saint Norbert College,De Pere,city+name (j=1.00)
Saint Olaf,NCAA D3,mens,st-olaf-college-2382,St. Olaf College,50,National Liberal Arts Colleges,Northfield,MN,174844,St Olaf College,Northfield,city+name (j=1.00)
Saint Vincent,NCAA D3,mens,saint-vincent-college-3368,Saint Vincent College,121,National Liberal Arts Colleges,Latrobe,PA,215798,Saint Vincent College,Latrobe,city+name (j=1.00)
Saint Vincent College,NCAA D3,womens,saint-vincent-college-3368,Saint Vincent College,121,National Liberal Arts Colleges,Latrobe,PA,215798,Saint Vincent College,Latrobe,city+name (j=1.00)
Salem College,NCAA D3,womens,salem-college-2960,Salem College,143,National Liberal Arts Colleges,Winston-Salem,NC,199607,Salem College,Winston-Salem,city+name (j=1.00)
Salem State University,NCAA D3,womens,salem-state-2188,Salem State University,94,Regional Universities North,Salem,MA,167729,Salem State University,Salem,city+name (j=1.00)
Salisbury,NCAA D3,mens,salisbury-university-2091,Salisbury University,45,Regional Universities North,Salisbury,MD,163851,Salisbury University,Salisbury,city+name (j=1.00)
Salisbury University,NCAA D3,womens,salisbury-university-2091,Salisbury University,45,Regional Universities North,Salisbury,MD,163851,Salisbury University,Salisbury,city+name (j=1.00)
Salve Regina,NCAA D3,mens,salve-regina-university-3411,Salve Regina University,24,Regional Universities North,Newport,RI,217536,Salve Regina University,Newport,city+name (j=1.00)
Salve Regina University,NCAA D3,womens,salve-regina-university-3411,Salve Regina University,24,Regional Universities North,Newport,RI,217536,Salve Regina University,Newport,city+name (j=1.00)
Sarah Lawrence College,NCAA D3,womens,sarah-lawrence-2813,Sarah Lawrence College,109,National Liberal Arts Colleges,Bronxville,NY,195304,Sarah Lawrence College,Bronxville,city+name (j=1.00)
SCAD,NCAA D3,mens,savannah-college-of-art-and-design-29258,Savannah College of Art and Design,8,Regional Universities South,Savannah,GA,140951,Savannah College of Art and Design,Savannah,city+name (j=1.00)
Schreiner University,NCAA D3,womens,schreiner-university-3610,Schreiner University,86,Regional Universities West,Kerrville,TX,228042,Schreiner University,Kerrville,city+name (j=1.00)
Scranton,NCAA D3,mens,university-of-scranton-3384,University of Scranton,8,Regional Universities North,Scranton,PA,215929,University of Scranton,Scranton,city+name (j=1.00)
Scripps College,NCAA D3,womens,scripps-college-1174,Scripps College,37,National Liberal Arts Colleges,Claremont,CA,123165,Scripps College,Claremont,city+name (j=1.00)
Sewanee: The University of the South,NCAA D3,womens,the-university-of-the-south-3534,The University of the South,45,National Liberal Arts Colleges,Sewanee,TN,221519,The University of the South,Sewanee,city+name (j=1.00)
Shenandoah,NCAA D3,mens,shenandoah-university-3737,Shenandoah University,301,National Universities,Winchester,VA,233541,Shenandoah University,Winchester,city+name (j=1.00)
Shenandoah University,NCAA D3,womens,shenandoah-university-3737,Shenandoah University,301,National Universities,Winchester,VA,233541,Shenandoah University,Winchester,city+name (j=1.00)
Simmons,NCAA D3,womens,simmons-university-2208,Simmons University,183,National Universities,Boston,MA,167783,Simmons University,Boston,city+name (j=1.00)
Simpson (IA),NCAA D3,mens,simpson-college-1887,Simpson College,5,Regional Colleges Midwest,Indianola,IA,154350,Simpson College,Indianola,city+name (j=1.00)
Simpson College,NCAA D3,womens,simpson-college-1887,Simpson College,5,Regional Colleges Midwest,Indianola,IA,154350,Simpson College,Indianola,city+name (j=1.00)
Skidmore,NCAA D3,mens,skidmore-college-2814,Skidmore College,37,National Liberal Arts Colleges,Saratoga Springs,NY,195526,Skidmore College,Saratoga Springs,city+name (j=1.00)
Skidmore College,NCAA D3,womens,skidmore-college-2814,Skidmore College,37,National Liberal Arts Colleges,Saratoga Springs,NY,195526,Skidmore College,Saratoga Springs,city+name (j=1.00)
Smith College,NCAA D3,womens,smith-college-2209,Smith College,13,National Liberal Arts Colleges,Northampton,MA,167835,Smith College,Northampton,city+name (j=1.00)
Southern Maine,NCAA D3,mens,university-of-southern-maine-9762,University of Southern Maine,128,Regional Universities North,Portland,ME,161554,University of Southern Maine,Portland,city+name (j=1.00)
Southern Virginia,NCAA D3,mens,southern-virginia-university-666980,Southern Virginia University,183-201,National Liberal Arts Colleges,Buena Vista,VA,233611,Southern Virginia University,Buena Vista,city+name (j=1.00)
Southern Virginia University,NCAA D3,womens,southern-virginia-university-666980,Southern Virginia University,183-201,National Liberal Arts Colleges,Buena Vista,VA,233611,Southern Virginia University,Buena Vista,city+name (j=1.00)
Southwestern (TX),NCAA D3,mens,southwestern-university-3620,Southwestern University,84,National Liberal Arts Colleges,Georgetown,TX,228343,Southwestern University,Georgetown,city+name (j=1.00)
Southwestern University,NCAA D3,womens,southwestern-university-3620,Southwestern University,84,National Liberal Arts Colleges,Georgetown,TX,228343,Southwestern University,Georgetown,city+name (j=1.00)
Spalding University,NCAA D3,womens,spalding-university-1960,Spalding University,54,Regional Universities South,Louisville,KY,157757,Spalding University,Louisville,city+name (j=1.00)
Springfield,NCAA D3,mens,springfield-college-2211,Springfield College,257,National Universities,SPRINGFIELD,MA,167899,Springfield College,Springfield,city+name (j=1.00)
Springfield College,NCAA D3,womens,springfield-college-2211,Springfield College,257,National Universities,SPRINGFIELD,MA,167899,Springfield College,Springfield,city+name (j=1.00)
St Lawrence University,NCAA D3,womens,st-lawrence-university-2829,St. Lawrence University,58,National Liberal Arts Colleges,Canton,NY,195216,St Lawrence University,Canton,city+name (j=1.00)
St Mary's College of Maryland,NCAA D3,womens,st-marys-college-2095,St. Mary's College of Maryland,96,National Liberal Arts Colleges,St. Marys City,MD,163912,St. Mary's College of Maryland,St. Mary's City,"exact name, city differs"
St Olaf College,NCAA D3,womens,st-olaf-college-2382,St. Olaf College,50,National Liberal Arts Colleges,Northfield,MN,174844,St Olaf College,Northfield,city+name (j=1.00)
St. Catherine University,NCAA D3,womens,st-catherine-university-2342,St. Catherine University,222,National Universities,Saint Paul,MN,175005,St Catherine University,Saint Paul,city+name (j=1.00)
St. Joseph's (NY),NCAA D3,mens,st-josephs-university-new-york-2825,"St. Joseph's University, New York",50,Regional Universities North,Brooklyn,NY,195544,St. Joseph's University-New York,Brooklyn,city+name (j=1.00)
St. Joseph's University (Brooklyn),NCAA D3,womens,st-josephs-university-new-york-2825,"St. Joseph's University, New York",50,Regional Universities North,Brooklyn,NY,195544,St. Joseph's University-New York,Brooklyn,city+name (j=1.00)
St. Joseph's University (Long Island),NCAA D3,womens,st-josephs-university-new-york-2825,"St. Joseph's University, New York",50,Regional Universities North,Brooklyn,NY,195544,St. Joseph's University-New York,Brooklyn,city+name (j=1.00)
St. Mary's College of Maryland,NCAA D3,mens,st-marys-college-2095,St. Mary's College of Maryland,96,National Liberal Arts Colleges,St. Marys City,MD,163912,St. Mary's College of Maryland,St. Mary's City,"exact name, city differs"
St. Norbert,NCAA D3,mens,st-norbert-college-3892,St. Norbert College,111,National Liberal Arts Colleges,De Pere,WI,239716,Saint Norbert College,De Pere,city+name (j=1.00)
St. Scholastica,NCAA D3,mens,the-college-of-st-scholastica-2343,The College of St. Scholastica,283,National Universities,Duluth,MN,174899,The College of Saint Scholastica,Duluth,hand-verified alias
Stevens Institute of Technology,NCAA D3,womens,stevens-institute-of-technology-2639,Stevens Institute of Technology,80,National Universities,Hoboken,NJ,186867,Stevens Institute of Technology,Hoboken,city+name (j=1.00)
Stevens Tech,NCAA D3,mens,stevens-institute-of-technology-2639,Stevens Institute of Technology,80,National Universities,Hoboken,NJ,186867,Stevens Institute of Technology,Hoboken,city+name (j=1.00)
Stevenson,NCAA D3,mens,stevenson-university-2107,Stevenson University,70,Regional Universities North,Owings Mills,MD,164173,Stevenson University,Owings Mills,city+name (j=1.00)
Stevenson University,NCAA D3,womens,stevenson-university-2107,Stevenson University,70,Regional Universities North,Owings Mills,MD,164173,Stevenson University,Owings Mills,city+name (j=1.00)
Stockton,NCAA D3,mens,stockton-university-9345,Stockton University,158,National Universities,Galloway,NJ,186876,Stockton University,Galloway,city+name (j=1.00)
Stockton University,NCAA D3,womens,stockton-university-9345,Stockton University,158,National Universities,Galloway,NJ,186876,Stockton University,Galloway,city+name (j=1.00)
Suffolk,NCAA D3,mens,suffolk-university-2218,Suffolk University,257,National Universities,Boston,MA,168005,Suffolk University,Boston,city+name (j=1.00)
Suffolk University,NCAA D3,womens,suffolk-university-2218,Suffolk University,257,National Universities,Boston,MA,168005,Suffolk University,Boston,city+name (j=1.00)
SUNY Alfred State,NCAA D3,womens,alfred-state-college-suny-2854,Alfred State College--SUNY,16,Regional Colleges North,Alfred,NY,196006,SUNY College of Technology at Alfred,Alfred,hand-verified alias
SUNY Buffalo State,NCAA D3,womens,suny-buffalo-state-university-2842,SUNY Buffalo State University,133,Regional Universities North,Buffalo,NY,196130,SUNY Buffalo State University,Buffalo,city+name (j=1.00)
SUNY Canton,NCAA D3,womens,suny-college-of-technology-at-canton-2855,SUNY College of Technology at Canton,12,Regional Colleges North,Canton,NY,196015,SUNY College of Technology at Canton,Canton,city+name (j=1.00)
SUNY Cobleskill,NCAA D3,womens,suny-cobleskill-2856,SUNY Cobleskill,20,Regional Colleges North,Cobleskill,NY,196033,SUNY College of Agriculture and Technology at Cobleskill,Cobleskill,hand-verified alias
SUNY College at Brockport,NCAA D3,womens,suny-brockport-2841,SUNY Brockport,64,Regional Universities North,Brockport,NY,196121,SUNY Brockport,Brockport,city+name (j=1.00)
SUNY College at Cortland,NCAA D3,womens,suny-cortland-2843,SUNY Cortland,33,Regional Universities North,Cortland,NY,196149,State University of New York at Cortland,Cortland,hand-verified alias
SUNY College at Geneseo,NCAA D3,womens,suny-geneseo-2845,SUNY--Geneseo,17,Regional Universities North,Geneseo,NY,196167,SUNY College at Geneseo,Geneseo,city+name (j=1.00)
SUNY Cortland,NCAA D3,mens,suny-cortland-2843,SUNY Cortland,33,Regional Universities North,Cortland,NY,196149,State University of New York at Cortland,Cortland,hand-verified alias
SUNY Delhi,NCAA D3,womens,suny-college-of-technology-delhi-2857,SUNY College of Technology at Delhi,15,Regional Colleges North,Delhi,NY,196024,SUNY College of Technology at Delhi,Delhi,city+name (j=1.00)
SUNY Fredonia,NCAA D3,womens,suny-fredonia-2844,SUNY Fredonia,76,Regional Universities North,Fredonia,NY,196158,SUNY at Fredonia,Fredonia,city+name (j=1.00)
SUNY Geneseo,NCAA D3,mens,suny-geneseo-2845,SUNY--Geneseo,17,Regional Universities North,Geneseo,NY,196167,SUNY College at Geneseo,Geneseo,city+name (j=1.00)
SUNY Maritime College,NCAA D3,womens,suny-maritime-2853,SUNY Maritime College,21,Regional Universities North,Throggs Neck,NY,196291,SUNY Maritime College,Throggs Neck,city+name (j=1.00)
SUNY Morrisville,NCAA D3,womens,suny-morrisville-2859,SUNY Morrisville,24,Regional Colleges North,Morrisville,NY,196051,SUNY Morrisville,Morrisville,city+name (j=1.00)
SUNY New Paltz,NCAA D3,mens+womens,suny-new-paltz-2846,SUNY--New Paltz,20,Regional Universities North,New Paltz,NY,196176,State University of New York at New Paltz,New Paltz,hand-verified alias
SUNY Old Westbury,NCAA D3,mens+womens,suny-college-old-westbury-7109,SUNY College--Old Westbury,98,Regional Universities North,Old Westbury,NY,196237,SUNY Old Westbury,Old Westbury,city+name (j=1.00)
SUNY Oneonta,NCAA D3,mens+womens,suny-oneonta-2847,SUNY Oneonta,25,Regional Universities North,Oneonta,NY,196185,SUNY Oneonta,Oneonta,city+name (j=1.00)
SUNY Oswego,NCAA D3,mens+womens,suny-oswego-2848,SUNY Oswego,28,Regional Universities North,Oswego,NY,196194,State University of New York at Oswego,Oswego,hand-verified alias
SUNY Plattsburgh,NCAA D3,womens,suny-plattsburgh-2849,SUNY--Plattsburgh,50,Regional Universities North,Plattsburgh,NY,196246,State University of New York at Plattsburgh,Plattsburgh,hand-verified alias
SUNY Polytechnic Institute,NCAA D3,womens,suny-polytechnic-institute-11678,SUNY Polytechnic Institute,35,Regional Universities North,Utica,NY,196112,SUNY Polytechnic Institute,Utica,city+name (j=1.00)
SUNY Potsdam,NCAA D3,mens+womens,suny-potsdam-2850,SUNY Potsdam,94,Regional Universities North,Potsdam,NY,196200,SUNY College at Potsdam,Potsdam,city+name (j=1.00)
SUNY Purchase College,NCAA D3,womens,suny-purchase-6791,Purchase College--SUNY,131,National Liberal Arts Colleges,Purchase,NY,196219,SUNY at Purchase College,Purchase,city+name (j=1.00)
Susquehanna,NCAA D3,mens,susquehanna-university-3369,Susquehanna University,96,National Liberal Arts Colleges,Selinsgrove,PA,216278,Susquehanna University,Selinsgrove,city+name (j=1.00)
Susquehanna University,NCAA D3,womens,susquehanna-university-3369,Susquehanna University,96,National Liberal Arts Colleges,Selinsgrove,PA,216278,Susquehanna University,Selinsgrove,city+name (j=1.00)
Swarthmore,NCAA D3,mens,swarthmore-college-3370,Swarthmore College,4,National Liberal Arts Colleges,Swarthmore,PA,216287,Swarthmore College,Swarthmore,city+name (j=1.00)
Swarthmore College,NCAA D3,womens,swarthmore-college-3370,Swarthmore College,4,National Liberal Arts Colleges,Swarthmore,PA,216287,Swarthmore College,Swarthmore,city+name (j=1.00)
Sweet Briar College,NCAA D3,womens,sweet-briar-college-3742,Sweet Briar College,164,National Liberal Arts Colleges,Sweet Briar,VA,233718,Sweet Briar College,Sweet Briar,city+name (j=1.00)
Texas Lutheran University,NCAA D3,womens,texas-lutheran-university-3641,Texas Lutheran University,8,Regional Colleges West,Seguin,TX,228981,Texas Lutheran University,Seguin,city+name (j=1.00)
The College of New Jersey,NCAA D3,womens,the-college-of-new-jersey-2642,The College of New Jersey,4,Regional Universities North,Ewing,NJ,187134,The College of New Jersey,Ewing,city+name (j=1.00)
The College of St. Scholastica,NCAA D3,womens,the-college-of-st-scholastica-2343,The College of St. Scholastica,283,National Universities,Duluth,MN,174899,The College of Saint Scholastica,Duluth,hand-verified alias
The College of Wooster,NCAA D3,womens,the-college-of-wooster-3037,The College of Wooster,76,National Liberal Arts Colleges,Wooster,OH,206589,The College of Wooster,Wooster,city+name (j=1.00)
The Sage Colleges,NCAA D3,womens,russell-sage-college-2810,Russell Sage College,213,National Universities,Troy,NY,195128,Russell Sage College,Troy,city+name (j=1.00)
Thiel College,NCAA D3,womens,thiel-college-3376,Thiel College,26,Regional Colleges North,Greenville,PA,216357,Thiel College,Greenville,city+name (j=1.00)
Thomas College,NCAA D3,womens,thomas-college-2052,Thomas College,150-164,Regional Universities North,Waterville,ME,161563,Thomas College,Waterville,city+name (j=1.00)
Transylvania University,NCAA D3,womens,transylvania-university-1987,Transylvania University,109,National Liberal Arts Colleges,Lexington,KY,157818,Transylvania University,Lexington,city+name (j=1.00)
Trine,NCAA D3,mens,trine-university-1839,Trine University,13,Regional Colleges Midwest,Angola,IN,152567,Trine University,Angola,city+name (j=1.00)
Trine University,NCAA D3,womens,trine-university-1839,Trine University,13,Regional Colleges Midwest,Angola,IN,152567,Trine University,Angola,city+name (j=1.00)
Trinity (CT),NCAA D3,mens,trinity-college-1414,Trinity College,37,National Liberal Arts Colleges,Hartford,CT,130590,Trinity College,Hartford,city+name (j=1.00)
Trinity (TX),NCAA D3,mens,trinity-university-3647,Trinity University,37,National Liberal Arts Colleges,San Antonio,TX,229267,Trinity University,San Antonio,city+name (j=1.00)
Trinity College,NCAA D3,womens,trinity-college-1414,Trinity College,37,National Liberal Arts Colleges,Hartford,CT,130590,Trinity College,Hartford,city+name (j=1.00)
Trinity University,NCAA D3,womens,trinity-university-3647,Trinity University,37,National Liberal Arts Colleges,San Antonio,TX,229267,Trinity University,San Antonio,city+name (j=1.00)
Trinity Washington University,NCAA D3,womens,trinity-washington-university-1460,Trinity Washington University,140,Regional Universities North,Washington,DC,131876,Trinity Washington University,Washington,city+name (j=1.00)
Tufts,NCAA D3,mens,tufts-university-2219,Tufts University,36,National Universities,Medford,MA,168148,Tufts University,Medford,city+name (j=1.00)
Tufts University,NCAA D3,womens,tufts-university-2219,Tufts University,36,National Universities,Medford,MA,168148,Tufts University,Medford,city+name (j=1.00)
UC Santa Cruz,NCAA D3,womens,university-of-california-santa-cruz-1321,"University of California, Santa Cruz",88,National Universities,Santa Cruz,CA,110714,University of California-Santa Cruz,Santa Cruz,city+name (j=1.00)
UMass Boston,NCAA D3,womens,umass-boston-2222,University of Massachusetts--Boston,213,National Universities,Boston,MA,166638,University of Massachusetts-Boston,Boston,city+name (j=1.00)
UMass Dartmouth,NCAA D3,womens,umass-dartmouth-2210,University of Massachusetts Dartmouth,242,National Universities,North Dartmouth,MA,167987,University of Massachusetts-Dartmouth,North Dartmouth,city+name (j=1.00)
Union (NY),NCAA D3,mens,union-college-2889,Union College,44,National Liberal Arts Colleges,Schenectady,NY,196866,Union College,Schenectady,city+name (j=1.00)
Union College (NY),NCAA D3,womens,union-college-2889,Union College,44,National Liberal Arts Colleges,Schenectady,NY,196866,Union College,Schenectady,city+name (j=1.00)
United States Coast Guard Academy,NCAA D3,womens,united-states-coast-guard-academy-1415,United States Coast Guard Academy,1,Regional Colleges North,New London,CT,130624,United States Coast Guard Academy,New London,city+name (j=1.00)
United States Merchant Marine Academy,NCAA D3,womens,us-merchant-marine-2892,United States Merchant Marine Academy,3,Regional Colleges North,Kings Point,NY,197027,United States Merchant Marine Academy,Kings Point,city+name (j=1.00)
University of California-Santa Cruz,NCAA D3,womens,university-of-california-santa-cruz-1321,"University of California, Santa Cruz",88,National Universities,Santa Cruz,CA,110714,University of California-Santa Cruz,Santa Cruz,city+name (j=1.00)
University of Chicago,NCAA D3,mens+womens,university-of-chicago-1774,University of Chicago,6,National Universities,Chicago,IL,144050,University of Chicago,Chicago,city+name (j=1.00)
University of Dallas,NCAA D3,womens,university-of-dallas-3651,University of Dallas,9,Regional Universities West,Irving,TX,224323,University of Dallas,Irving,city+name (j=1.00)
University of Dubuque,NCAA D3,womens,university-of-dubuque-1891,University of Dubuque,78,Regional Universities Midwest,Dubuque,IA,153278,University of Dubuque,Dubuque,city+name (j=1.00)
University of Hartford,NCAA D3,womens,university-of-hartford-1422,University of Hartford,301,National Universities,West Hartford,CT,129525,University of Hartford,West Hartford,city+name (j=1.00)
University of La Verne,NCAA D3,womens,university-of-la-verne-1216,University of La Verne,213,National Universities,La Verne,CA,117140,University of La Verne,La Verne,city+name (j=1.00)
University of Lynchburg,NCAA D3,womens,university-of-lynchburg-3720,University of Lynchburg,329,National Universities,Lynchburg,VA,232609,University of Lynchburg,Lynchburg,city+name (j=1.00)
University of Maine at Farmington,NCAA D3,womens,university-of-maine-at-farmington-2040,University of Maine at Farmington,9,Regional Colleges North,Farmington,ME,161226,University of Maine at Farmington,Farmington,city+name (j=1.00)
University of Maine at Presque Isle,NCAA D3,womens,university-of-maine-presque-isle-2033,University of Maine--Presque Isle,48,Regional Colleges North,Presque Isle,ME,161341,University of Maine at Presque Isle,Presque Isle,city+name (j=1.00)
University of Mary Hardin-Baylor,NCAA D3,womens,university-of-mary-hardinbaylor-3588,University of Mary Hardin-Baylor,395-434,National Universities,Belton,TX,226471,University of Mary Hardin-Baylor,Belton,city+name (j=1.00)
University of Mary Washington,NCAA D3,womens,university-of-mary-washington-3746,University of Mary Washington,131,National Liberal Arts Colleges,Fredericksburg,VA,232681,University of Mary Washington,Fredericksburg,city+name (j=1.00)
University of Minnesota-Morris,NCAA D3,womens,university-of-minnesotamorris-2389,University of Minnesota Morris,115,National Liberal Arts Colleges,Morris,MN,174251,University of Minnesota-Morris,Morris,city+name (j=1.00)
University of Mount Union,NCAA D3,womens,university-of-mount-union-3083,University of Mount Union,39,Regional Universities Midwest,Alliance,OH,204185,University of Mount Union,Alliance,city+name (j=1.00)
University of New England,NCAA D3,mens+womens,university-of-new-england-2050,University of New England,293,National Universities,Biddeford,ME,161457,University of New England,Biddeford,city+name (j=1.00)
University of Northwestern-St Paul,NCAA D3,womens,northwestern-college-2371,University of Northwestern--St. Paul,36,Regional Universities Midwest,St. Paul,MN,174491,University of Northwestern-St Paul,Saint Paul,city+name (j=1.00)
University of Pittsburgh-Bradford,NCAA D3,womens,university-of-pittsburgh-at-bradford-3380,University of Pittsburgh at Bradford,17,Regional Colleges North,Bradford,PA,215266,University of Pittsburgh-Bradford,Bradford,city+name (j=1.00)
University of Pittsburgh-Greensburg,NCAA D3,womens,university-of-pittsburgh-at-greensburg-3381,University of Pittsburgh at Greensburg,183-201,National Liberal Arts Colleges,Greensburg,PA,215275,University of Pittsburgh-Greensburg,Greensburg,city+name (j=1.00)
University of Puget Sound,NCAA D3,womens,university-of-puget-sound-3797,University of Puget Sound,96,National Liberal Arts Colleges,Tacoma,WA,236328,University of Puget Sound,Tacoma,city+name (j=1.00)
University of Redlands,NCAA D3,womens,university-of-redlands-los-angeles-1322,University of Redlands,11,Regional Universities West,Redlands,CA,121691,University of Redlands,Redlands,city+name (j=1.00)
University of Rochester,NCAA D3,womens,university-of-rochester-2894,University of Rochester,46,National Universities,Rochester,NY,195030,University of Rochester,Rochester,city+name (j=1.00)
University of Scranton,NCAA D3,womens,university-of-scranton-3384,University of Scranton,8,Regional Universities North,Scranton,PA,215929,University of Scranton,Scranton,city+name (j=1.00)
University of St Thomas (TX),NCAA D3,womens,university-of-st-thomas-3654,University of St. Thomas,198,National Universities,Houston,TX,227863,University of St Thomas,Houston,city+name (j=1.00)
University of the Ozarks,NCAA D3,womens,university-of-the-ozarks-1094,University of the Ozarks,6,Regional Colleges South,Clarksville,AR,107558,University of the Ozarks,Clarksville,city+name (j=1.00)
University of Valley Forge,NCAA D3,womens,valley-forge-christian-3306,University of Valley Forge,26,Regional Colleges North,Phoenixville,PA,216542,University of Valley Forge,Phoenixville,city+name (j=1.00)
University of Wisconsin-Eau Claire,NCAA D3,womens,university-of-wisconsin-eau-claire-3917,University of Wisconsin--Eau Claire,25,Regional Universities Midwest,Eau Claire,WI,240268,University of Wisconsin-Eau Claire,Eau Claire,city+name (j=1.00)
University of Wisconsin-La Crosse,NCAA D3,womens,university-of-wisconsin-la-crosse-3919,University of Wisconsin--La Crosse,14,Regional Universities Midwest,La Crosse,WI,240329,University of Wisconsin-La Crosse,La Crosse,city+name (j=1.00)
University of Wisconsin-Oshkosh,NCAA D3,womens,university-of-wisconsinoshkosh-9630,University of Wisconsin-Oshkosh,352,National Universities,Oshkosh,WI,240365,University of Wisconsin-Oshkosh,Oshkosh,city+name (j=1.00)
University of Wisconsin-Platteville,NCAA D3,womens,university-of-wisconsin-platteville-3921,University of Wisconsin--Platteville,49,Regional Universities Midwest,Platteville,WI,240462,University of Wisconsin-Platteville,Platteville,city+name (j=1.00)
University of Wisconsin-River Falls,NCAA D3,womens,university-of-wisconsin-river-falls-3923,University of Wisconsin--River Falls,54,Regional Universities Midwest,River Falls,WI,240471,University of Wisconsin-River Falls,River Falls,city+name (j=1.00)
University of Wisconsin-Stevens Point,NCAA D3,womens,uw-stevens-point-3924,University of Wisconsin--Stevens Point,54,Regional Universities Midwest,Stevens Point,WI,240480,University of Wisconsin-Stevens Point,Stevens Point,city+name (j=1.00)
University of Wisconsin-Stout,NCAA D3,womens,university-of-wisconsinstout-polytechnic-3915,University of Wisconsin-Stout,84,Regional Universities Midwest,Menomonie,WI,240417,University of Wisconsin-Stout,Menomonie,city+name (j=1.00)
University of Wisconsin-Superior,NCAA D3,womens,university-of-wisconsin-superior-3925,University of Wisconsin--Superior,135,Regional Universities Midwest,Superior,WI,240426,University of Wisconsin-Superior,Superior,city+name (j=1.00)
University of Wisconsin-Whitewater,NCAA D3,womens,university-of-wisconsin-whitewater-3926,University of Wisconsin--Whitewater,31,Regional Universities Midwest,Whitewater,WI,240189,University of Wisconsin-Whitewater,Whitewater,city+name (j=1.00)
Ursinus,NCAA D3,mens,ursinus-3385,Ursinus College,84,National Liberal Arts Colleges,Collegeville,PA,216524,Ursinus College,Collegeville,city+name (j=1.00)
Ursinus College,NCAA D3,womens,ursinus-3385,Ursinus College,84,National Liberal Arts Colleges,Collegeville,PA,216524,Ursinus College,Collegeville,city+name (j=1.00)
Utica,NCAA D3,mens,utica-university-2883,Utica University,76,Regional Universities North,Utica,NY,197045,Utica University,Utica,city+name (j=1.00)
Utica University,NCAA D3,womens,utica-university-2883,Utica University,76,Regional Universities North,Utica,NY,197045,Utica University,Utica,city+name (j=1.00)
Vassar College,NCAA D3,womens,vassar-college-2895,Vassar College,13,National Liberal Arts Colleges,Poughkeepsie,NY,197133,Vassar College,Poughkeepsie,city+name (j=1.00)
Vermont State University-Castleton,NCAA D3,womens,vermont-state-university-3688,Vermont State University,146,Regional Universities North,Johnson,VT,231165,Vermont State University,Randolph,"exact name, city differs"
Vermont State University-Johnson,NCAA D3,womens,vermont-state-university-3688,Vermont State University,146,Regional Universities North,Johnson,VT,231165,Vermont State University,Randolph,"exact name, city differs"
Vermont State University-Lyndon,NCAA D3,womens,vermont-state-university-3688,Vermont State University,146,Regional Universities North,Johnson,VT,231165,Vermont State University,Randolph,"exact name, city differs"
Virginia Wesleyan,NCAA D3,mens,virginia-wesleyan-3767,Batten University,178,National Liberal Arts Colleges,Virginia Beach,VA,234173,Virginia Wesleyan University,Virginia Beach,city+name (j=1.00)
Warren Wilson College,NCAA D3,womens,warren-wilson-2979,Warren Wilson College,183-201,National Liberal Arts Colleges,Asheville,NC,199865,Warren Wilson College,Swannanoa,"exact name, city differs"
Wartburg,NCAA D3,mens,wartburg-college-1896,Wartburg College,156,National Liberal Arts Colleges,Waverly,IA,154527,Wartburg College,Waverly,city+name (j=1.00)
Wartburg College,NCAA D3,womens,wartburg-college-1896,Wartburg College,156,National Liberal Arts Colleges,Waverly,IA,154527,Wartburg College,Waverly,city+name (j=1.00)
Washington (MO),NCAA D3,mens,washington-university-in-st-louis-2520,Washington University in St. Louis,20,National Universities,St. Louis,MO,179867,Washington University in St Louis,St. Louis,city+name (j=1.00)
Washington & Jefferson,NCAA D3,mens,washington--jefferson-college-3389,Washington & Jefferson College,84,National Liberal Arts Colleges,Washington,PA,216667,Washington & Jefferson College,Washington,city+name (j=1.00)
Washington & Jefferson College,NCAA D3,womens,washington--jefferson-college-3389,Washington & Jefferson College,84,National Liberal Arts Colleges,Washington,PA,216667,Washington & Jefferson College,Washington,city+name (j=1.00)
Washington & Lee,NCAA D3,mens,washington-and-lee-3768,Washington and Lee University,21,National Liberal Arts Colleges,Lexington,VA,234207,Washington and Lee University,Lexington,city+name (j=1.00)
Washington and Lee University,NCAA D3,womens,washington-and-lee-3768,Washington and Lee University,21,National Liberal Arts Colleges,Lexington,VA,234207,Washington and Lee University,Lexington,city+name (j=1.00)
Washington College,NCAA D3,womens,washington-college-maryland-2108,Washington College,92,National Liberal Arts Colleges,Chestertown,MD,164216,Washington College,Chestertown,city+name (j=1.00)
Washington College (MD),NCAA D3,mens,washington-college-maryland-2108,Washington College,92,National Liberal Arts Colleges,Chestertown,MD,164216,Washington College,Chestertown,city+name (j=1.00)
Washington University in St Louis,NCAA D3,womens,washington-university-in-st-louis-2520,Washington University in St. Louis,20,National Universities,St. Louis,MO,179867,Washington University in St Louis,St. Louis,city+name (j=1.00)
Waynesburg,NCAA D3,mens,waynesburg-3391,Waynesburg University,121,Regional Universities North,Waynesburg,PA,216694,Waynesburg University,Waynesburg,city+name (j=1.00)
Waynesburg University,NCAA D3,womens,waynesburg-3391,Waynesburg University,121,Regional Universities North,Waynesburg,PA,216694,Waynesburg University,Waynesburg,city+name (j=1.00)
Webster,NCAA D3,mens,webster-university-2521,Webster University,32,Regional Universities Midwest,St. Louis,MO,179894,Webster University,Saint Louis,city+name (j=1.00)
Webster University,NCAA D3,womens,webster-university-2521,Webster University,32,Regional Universities Midwest,St. Louis,MO,179894,Webster University,Saint Louis,city+name (j=1.00)
Wellesley College,NCAA D3,womens,wellesley-college-2224,Wellesley College,7,National Liberal Arts Colleges,Wellesley,MA,168218,Wellesley College,Wellesley,city+name (j=1.00)
Wentworth,NCAA D3,mens,wentworth-institute-of-technology-29099,Wentworth Institute of Technology,28,Regional Universities North,Boston,MA,168227,Wentworth Institute of Technology,Boston,city+name (j=1.00)
Wentworth Institute of Technology,NCAA D3,womens,wentworth-institute-of-technology-29099,Wentworth Institute of Technology,28,Regional Universities North,Boston,MA,168227,Wentworth Institute of Technology,Boston,city+name (j=1.00)
Wesleyan (CT),NCAA D3,mens,wesleyan-university-1424,Wesleyan University,13,National Liberal Arts Colleges,Middletown,CT,130697,Wesleyan University,Middletown,city+name (j=1.00)
Wesleyan (GA),NCAA D3,womens,wesleyan-college-1600,Wesleyan College,5,Regional Colleges South,Macon,GA,141325,Wesleyan College,Macon,city+name (j=1.00)
Wesleyan University,NCAA D3,womens,wesleyan-university-1424,Wesleyan University,13,National Liberal Arts Colleges,Middletown,CT,130697,Wesleyan University,Middletown,city+name (j=1.00)
Western Connecticut,NCAA D3,mens,western-connecticut-state-university-1380,Western Connecticut State University,98,Regional Universities North,Danbury,CT,130776,Western Connecticut State University,Danbury,city+name (j=1.00)
Western New England,NCAA D3,mens,western-new-england-university-2226,Western New England University,283,National Universities,Springfield,MA,168254,Western New England University,Springfield,city+name (j=1.00)
Western New England University,NCAA D3,womens,western-new-england-university-2226,Western New England University,283,National Universities,Springfield,MA,168254,Western New England University,Springfield,city+name (j=1.00)
Westfield State,NCAA D3,mens,westfield-state-college-2189,Westfield State University,98,Regional Universities North,Westfield,MA,168263,Westfield State University,Westfield,city+name (j=1.00)
Westfield State University,NCAA D3,womens,westfield-state-college-2189,Westfield State University,98,Regional Universities North,Westfield,MA,168263,Westfield State University,Westfield,city+name (j=1.00)
Westminster (MO),NCAA D3,mens,westminster-college-2523,Westminster College,164,National Liberal Arts Colleges,Fulton,MO,179946,Westminster College,Fulton,city+name (j=1.00)
Westminster (PA),NCAA D3,mens,westminster-college-3392,Westminster College,121,National Liberal Arts Colleges,New Wilmington,PA,216807,Westminster College,New Wilmington,city+name (j=1.00)
Westminster College (PA),NCAA D3,womens,westminster-college-3392,Westminster College,121,National Liberal Arts Colleges,New Wilmington,PA,216807,Westminster College,New Wilmington,city+name (j=1.00)
Westminster University (MO),NCAA D3,womens,westminster-college-2523,Westminster College,164,National Liberal Arts Colleges,Fulton,MO,179946,Westminster College,Fulton,city+name (j=1.00)
Wheaton (IL),NCAA D3,mens,wheaton-college-1781,Wheaton College,50,National Liberal Arts Colleges,Wheaton,IL,149781,Wheaton College,Wheaton,city+name (j=1.00)
Wheaton (MA),NCAA D3,mens,wheaton-college-2227,Wheaton College,76,National Liberal Arts Colleges,Norton,MA,168281,Wheaton College (Massachusetts),Norton,hand-verified alias
Wheaton College (IL),NCAA D3,womens,wheaton-college-1781,Wheaton College,50,National Liberal Arts Colleges,Wheaton,IL,149781,Wheaton College,Wheaton,city+name (j=1.00)
Wheaton College (MA),NCAA D3,womens,wheaton-college-2227,Wheaton College,76,National Liberal Arts Colleges,Norton,MA,168281,Wheaton College (Massachusetts),Norton,hand-verified alias
Whitman,NCAA D3,mens,whitman-college-3803,Whitman College,58,National Liberal Arts Colleges,Walla Walla,WA,237057,Whitman College,Walla Walla,city+name (j=1.00)
Whitman College,NCAA D3,womens,whitman-college-3803,Whitman College,58,National Liberal Arts Colleges,Walla Walla,WA,237057,Whitman College,Walla Walla,city+name (j=1.00)
Whittier College,NCAA D3,womens,whittier-college-1342,Whittier College,92,National Liberal Arts Colleges,Whittier,CA,125763,Whittier College,Whittier,city+name (j=1.00)
Whitworth,NCAA D3,mens,whitworth-university-3804,Whitworth University,15,Regional Universities West,Spokane,WA,237066,Whitworth University,Spokane,city+name (j=1.00)
Whitworth University,NCAA D3,womens,whitworth-university-3804,Whitworth University,15,Regional Universities West,Spokane,WA,237066,Whitworth University,Spokane,city+name (j=1.00)
Widener,NCAA D3,mens,widener-university-3313,Widener University,301,National Universities,Chester,PA,216852,Widener University,Chester,city+name (j=1.00)
Widener University,NCAA D3,womens,widener-university-3313,Widener University,301,National Universities,Chester,PA,216852,Widener University,Chester,city+name (j=1.00)
Wilkes,NCAA D3,mens,wilkes-university-3394,Wilkes University,318,National Universities,Wilkes-Barre,PA,216931,Wilkes University,Wilkes-Barre,city+name (j=1.00)
Wilkes University,NCAA D3,womens,wilkes-university-3394,Wilkes University,318,National Universities,Wilkes-Barre,PA,216931,Wilkes University,Wilkes-Barre,city+name (j=1.00)
Willamette University,NCAA D3,womens,willamette-university-3227,Willamette University,76,National Liberal Arts Colleges,Salem,OR,210401,Willamette University,Salem,city+name (j=1.00)
William Paterson University,NCAA D3,womens,william-paterson-2625,William Paterson University of New Jersey,84,Regional Universities North,Wayne,NJ,187444,William Paterson University of New Jersey,Wayne,city+name (j=1.00)
William Peace University,NCAA D3,womens,william-peace-university-2953,William Peace University,21,Regional Colleges South,Raleigh,NC,199272,William Peace University,Raleigh,city+name (j=1.00)
Williams,NCAA D3,mens,williams-college-2229,Williams College,1,National Liberal Arts Colleges,Williamstown,MA,168342,Williams College,Williamstown,city+name (j=1.00)
Williams College,NCAA D3,womens,williams-college-2229,Williams College,1,National Liberal Arts Colleges,Williamstown,MA,168342,Williams College,Williamstown,city+name (j=1.00)
Wilmington (OH),NCAA D3,mens,wilmington-college-3142,Wilmington College,32,Regional Colleges Midwest,Wilmington,OH,206507,Wilmington College,Wilmington,city+name (j=1.00)
Wilmington College,NCAA D3,womens,wilmington-college-3142,Wilmington College,32,Regional Colleges Midwest,Wilmington,OH,206507,Wilmington College,Wilmington,city+name (j=1.00)
Wilson College,NCAA D3,womens,wilson-college-3396,Wilson College,150-164,Regional Universities North,Chambersburg,PA,217013,Wilson College,Chambersburg,city+name (j=1.00)
Wisconsin Lutheran College,NCAA D3,womens,wisconsin-lutheran-21366,Wisconsin Lutheran College,19,Regional Colleges Midwest,Milwaukee,WI,240338,Wisconsin Lutheran College,Milwaukee,city+name (j=1.00)
Wisconsin-Eau Claire,NCAA D3,mens,university-of-wisconsin-eau-claire-3917,University of Wisconsin--Eau Claire,25,Regional Universities Midwest,Eau Claire,WI,240268,University of Wisconsin-Eau Claire,Eau Claire,city+name (j=1.00)
Wisconsin-La Crosse,NCAA D3,mens,university-of-wisconsin-la-crosse-3919,University of Wisconsin--La Crosse,14,Regional Universities Midwest,La Crosse,WI,240329,University of Wisconsin-La Crosse,La Crosse,city+name (j=1.00)
Wisconsin-Oshkosh,NCAA D3,mens,university-of-wisconsinoshkosh-9630,University of Wisconsin-Oshkosh,352,National Universities,Oshkosh,WI,240365,University of Wisconsin-Oshkosh,Oshkosh,city+name (j=1.00)
Wisconsin-Platteville,NCAA D3,mens,university-of-wisconsin-platteville-3921,University of Wisconsin--Platteville,49,Regional Universities Midwest,Platteville,WI,240462,University of Wisconsin-Platteville,Platteville,city+name (j=1.00)
Wisconsin-River Falls,NCAA D3,mens,university-of-wisconsin-river-falls-3923,University of Wisconsin--River Falls,54,Regional Universities Midwest,River Falls,WI,240471,University of Wisconsin-River Falls,River Falls,city+name (j=1.00)
Wisconsin-Stevens Point,NCAA D3,mens,uw-stevens-point-3924,University of Wisconsin--Stevens Point,54,Regional Universities Midwest,Stevens Point,WI,240480,University of Wisconsin-Stevens Point,Stevens Point,city+name (j=1.00)
Wisconsin-Stout,NCAA D3,mens,university-of-wisconsinstout-polytechnic-3915,University of Wisconsin-Stout,84,Regional Universities Midwest,Menomonie,WI,240417,University of Wisconsin-Stout,Menomonie,city+name (j=1.00)
Wisconsin-Superior,NCAA D3,mens,university-of-wisconsin-superior-3925,University of Wisconsin--Superior,135,Regional Universities Midwest,Superior,WI,240426,University of Wisconsin-Superior,Superior,city+name (j=1.00)
Wisconsin-Whitewater,NCAA D3,mens,university-of-wisconsin-whitewater-3926,University of Wisconsin--Whitewater,31,Regional Universities Midwest,Whitewater,WI,240189,University of Wisconsin-Whitewater,Whitewater,city+name (j=1.00)
Wittenberg,NCAA D3,mens,wittenberg-university-3143,Wittenberg University,164,National Liberal Arts Colleges,Springfield,OH,206525,Wittenberg University,Springfield,city+name (j=1.00)
Wittenberg University,NCAA D3,womens,wittenberg-university-3143,Wittenberg University,164,National Liberal Arts Colleges,Springfield,OH,206525,Wittenberg University,Springfield,city+name (j=1.00)
Worcester Polytechnic,NCAA D3,mens,wpi-2233,Worcester Polytechnic Institute,84,National Universities,Worcester,MA,168421,Worcester Polytechnic Institute,Worcester,city+name (j=1.00)
Worcester Polytechnic Institute,NCAA D3,womens,wpi-2233,Worcester Polytechnic Institute,84,National Universities,Worcester,MA,168421,Worcester Polytechnic Institute,Worcester,city+name (j=1.00)
Worcester State,NCAA D3,mens,worcester-state-university-2190,Worcester State University,98,Regional Universities North,Worcester,MA,168430,Worcester State University,Worcester,city+name (j=1.00)
Worcester State University,NCAA D3,womens,worcester-state-university-2190,Worcester State University,98,Regional Universities North,Worcester,MA,168430,Worcester State University,Worcester,city+name (j=1.00)
Yeshiva,NCAA D3,mens,yeshiva-university-2903,Yeshiva University,84,National Universities,New York,NY,197708,Yeshiva University,New York,city+name (j=1.00)
Yeshiva University,NCAA D3,womens,yeshiva-university-2903,Yeshiva University,84,National Universities,New York,NY,197708,Yeshiva University,New York,city+name (j=1.00)
York (PA),NCAA D3,mens,york-college-of-pennsylvania-3399,York College of Pennsylvania,84,Regional Universities North,York,PA,217059,York College of Pennsylvania,York,city+name (j=1.00)
York College of Pennsylvania,NCAA D3,womens,york-college-of-pennsylvania-3399,York College of Pennsylvania,84,Regional Universities North,York,PA,217059,York College of Pennsylvania,York,city+name (j=1.00)
