unitid,school,usnews_slug,name,city,state,carnegie_basic,control,usnews_rank,usnews_category,undergrads,sat,sat_source,grad_rate_6yr,instructional_spend_per_fte,full_time_faculty_rate,endowment_per_undergrad,student_faculty_ratio,admit_rate,retention_ft,median_earnings_10yr,academic_rating,legs_used,inputs_used
222178,Abilene Christian,abilene-christian-university-3537,Abilene Christian University,Abilene,TX,17,2,329,National Universities,3195.0,1194.0,scorecard_avg,0.5901,10340.0,0.6513,208518.38435054774,13.0,0.6603,0.8051,55736.0,5.6,intake+outcome+resources,"sat,grad6,spend,faculty_ft,endowment,class_size"
128328,Air Force,united-states-air-force-academy-1369,United States Air Force Academy,USAF Academy,CO,22,1,5,National Liberal Arts Colleges,4114.0,1350.0,scorecard_avg,0.8751,35824.0,1.0,31400.651677199807,8.0,0.1409,0.9655,,8.8,intake+outcome+resources,"sat,grad6,spend,faculty_ft,endowment,class_size"
200800,Akron,the-university-of-akron-3123,University of Akron Main Campus,Akron,OH,16,1,373,National Universities,9052.0,1081.0,scorecard_avg,0.5186,9734.0,0.4957,33607.55291648254,17.0,0.5967,0.7298,46600.0,3.3,intake+outcome+resources,"sat,grad6,spend,faculty_ft,endowment,class_size"
100751,Alabama,university-of-alabama-1051,The University of Alabama,Tuscaloosa,AL,15,1,169,National Universities,33227.0,1285.0,scorecard_avg,0.7337,9728.0,0.7904,41214.67776206097,19.0,0.7665,0.8949,59221.0,6.7,intake+outcome+resources,"sat,grad6,spend,faculty_ft,endowment,class_size"
100654,Alabama A&M,alabama-am-university-1002,Alabama A & M University,Normal,AL,18,1,96,Regional Universities South,6124.0,938.0,scorecard_avg,0.2403,7254.0,0.6439,,19.0,0.5795,0.6989,40628.0,1.7,intake+outcome+resources,"sat,grad6,spend,faculty_ft,class_size"
100724,Alabama State,alabama-state-university-1005,Alabama State University,Montgomery,AL,17,1,395-434,National Universities,3477.0,976.0,scorecard_avg,0.3034,10723.0,0.6477,34114.54846131723,15.0,0.9755,0.6975,34502.0,2.5,intake+outcome+resources,"sat,grad6,spend,faculty_ft,endowment,class_size"
196060,Albany,suny-albany-2835,University at Albany,Albany,NY,15,1,127,National Universities,12564.0,1235.0,usnews_midpoint,0.6145,17210.0,0.569,9207.2905921681,16.0,0.691,0.8344,67979.0,6.0,intake+outcome+resources,"sat,grad6,spend,faculty_ft,endowment,class_size"
175342,Alcorn State,alcorn-state-university-2396,Alcorn State University,Alcorn State,MS,20,1,45,Regional Universities South,2363.0,904.0,scorecard_avg,0.5736,8729.0,0.6063,8160.3609818027935,16.0,0.4533,0.7665,36421.0,2.8,intake+outcome+resources,"sat,grad6,spend,faculty_ft,endowment,class_size"
131159,American,american-university-1434,American University,Washington,DC,16,2,88,National Universities,7266.0,1381.0,scorecard_avg,0.7549,19197.0,0.5874,132282.68648499862,10.0,0.6196,0.882,77370.0,8.2,intake+outcome+resources,"sat,grad6,spend,faculty_ft,endowment,class_size"
197869,Appalachian State,appalachian-state-2906,Appalachian State University,Boone,NC,18,1,3,Regional Universities South,19444.0,1214.0,scorecard_avg,0.7453,8690.0,0.777,9883.541298086813,16.0,0.9014,0.8369,51836.0,5.9,intake+outcome+resources,"sat,grad6,spend,faculty_ft,endowment,class_size"
104179,Arizona,university-of-arizona-1083,University of Arizona,Tucson,AZ,15,1,127,National Universities,42537.0,1246.0,scorecard_avg,0.6752,15271.0,0.7658,30272.20189482098,20.0,0.8614,0.8278,59979.0,6.6,intake+outcome+resources,"sat,grad6,spend,faculty_ft,endowment,class_size"
104151,Arizona State,arizona-state-university-1081,Arizona State University Campus Immersion,Tempe,AZ,15,1,117,National Universities,64674.0,1250.0,usnews_midpoint,0.6804,14734.0,0.7298,18832.67356279185,18.0,0.8989,0.8664,62668.0,6.5,intake+outcome+resources,"sat,grad6,spend,faculty_ft,endowment,class_size"
106397,Arkansas,university-of-arkansas-1108,University of Arkansas,Fayetteville,AR,15,1,183,National Universities,28677.0,1169.0,scorecard_avg,0.7052,10926.0,0.8232,53236.93078076508,20.0,0.743,0.8637,58191.0,5.8,intake+outcome+resources,"sat,grad6,spend,faculty_ft,endowment,class_size"
106458,Arkansas State,arkansas-state-university-1090,Arkansas State University,Jonesboro,AR,16,1,352,National Universities,9110.0,1090.0,scorecard_avg,0.554,5703.0,1.0,11345.388254665204,17.0,0.8226,0.7812,42617.0,3.6,intake+outcome+resources,"sat,grad6,spend,faculty_ft,endowment,class_size"
106412,Arkansas-Pine Bluff,university-of-arkansas-pine-bluff-1086,University of Arkansas at Pine Bluff,Pine Bluff,AR,22,1,19,Regional Colleges South,1807.0,922.0,scorecard_avg,0.4043,12263.0,0.8246,4276.142778085225,12.0,0.4118,0.6416,35550.0,2.8,intake+outcome+resources,"sat,grad6,spend,faculty_ft,endowment,class_size"
197036,Army,united-states-military-academy-2893,United States Military Academy,West  Point,NY,21,1,10,National Liberal Arts Colleges,4408.0,1355.0,scorecard_avg,0.8706,31824.0,0.9884,,6.0,0.1245,0.9463,,9.0,intake+outcome+resources,"sat,grad6,spend,faculty_ft,class_size"
100858,Auburn,auburn-university-1009,Auburn University,Auburn,AL,15,1,102,National Universities,26816.0,1345.0,scorecard_avg,0.8195,10067.0,0.8666,37679.735381861574,21.0,0.4592,0.9478,65337.0,7.3,intake+outcome+resources,"sat,grad6,spend,faculty_ft,endowment,class_size"
219602,Austin Peay,austin-peay-state-university-3478,Austin Peay State University,Clarksville,TN,18,1,37,Regional Universities South,7560.0,1088.0,scorecard_avg,0.4024,9781.0,1.0,6741.998941798942,14.0,0.9641,0.6997,44301.0,3.3,intake+outcome+resources,"sat,grad6,spend,faculty_ft,endowment,class_size"
150136,Ball State,ball-state-university-1786,Ball State University,Muncie,IN,16,1,213,National Universities,13988.0,1160.0,scorecard_avg,0.6234,10844.0,0.767,16995.36002287675,14.0,0.855,0.777,51833.0,5.2,intake+outcome+resources,"sat,grad6,spend,faculty_ft,endowment,class_size"
223232,Baylor,baylor-university-6967,Baylor University,Waco,TX,15,2,88,National Universities,14785.0,1329.0,scorecard_avg,0.7999,15852.0,0.6726,132686.03314169767,15.0,0.5128,0.9095,65793.0,7.8,intake+outcome+resources,"sat,grad6,spend,faculty_ft,endowment,class_size"
156286,Bellarmine,bellarmine-university-1954,Bellarmine University,Louisville,KY,17,2,301,National Universities,2161.0,1210.0,scorecard_avg,0.6436,11447.0,0.4876,27503.250809810273,12.0,0.8611,0.7512,62069.0,5.7,intake+outcome+resources,"sat,grad6,spend,faculty_ft,endowment,class_size"
219709,Belmont,belmont-university-3479,Belmont University,Nashville,TN,17,2,213,National Universities,7137.0,1280.0,scorecard_avg,0.7066,13651.0,0.6443,51048.500910746814,12.0,0.9528,0.8694,55930.0,7.1,intake+outcome+resources,"sat,grad6,spend,faculty_ft,endowment,class_size"
196079,Binghamton,suny-binghamton-2836,Binghamton University,Vestal,NY,15,1,73,National Universities,14655.0,1415.0,scorecard_avg,0.8162,14520.0,0.7923,12317.423336745138,17.0,0.3861,0.8938,80596.0,7.8,intake+outcome+resources,"sat,grad6,spend,faculty_ft,endowment,class_size"
142115,Boise State,boise-state-university-1616,Boise State University,Boise,ID,16,1,301,National Universities,17674.0,,,0.602,8864.0,0.5688,8270.330598619441,20.0,0.8721,0.7885,51658.0,3.9,outcome+resources,"grad6,spend,faculty_ft,endowment,class_size"
164924,Boston College,boston-college-2128,Boston College,Chestnut Hill,MA,15,2,36,National Universities,10085.0,1507.0,scorecard_avg,0.9083,27008.0,0.6087,351734.7876053545,10.0,0.1643,0.9602,103937.0,9.0,intake+outcome+resources,"sat,grad6,spend,faculty_ft,endowment,class_size"
164988,Boston University,boston-university-2130,Boston University,Boston,MA,15,2,42,National Universities,18248.0,1480.0,scorecard_avg,0.8866,35988.0,0.6986,171981.91582639192,10.0,0.1111,0.9472,83238.0,9.0,intake+outcome+resources,"sat,grad6,spend,faculty_ft,endowment,class_size"
201441,Bowling Green,bowling-green-state-university-3018,Bowling Green State University-Main Campus,Bowling Green,OH,16,1,293,National Universities,12812.0,1117.0,scorecard_avg,0.6373,11814.0,0.7093,16969.481735872618,17.0,0.8096,0.8157,47896.0,4.7,intake+outcome+resources,"sat,grad6,spend,faculty_ft,endowment,class_size"
143358,Bradley,bradley-university-1641,Bradley University,Peoria,IL,17,2,183,National Universities,3574.0,,,0.7617,17531.0,0.5548,96533.12003357582,11.0,0.7676,0.8265,66852.0,7.5,outcome+resources,"grad6,spend,faculty_ft,endowment,class_size"
217156,Brown,brown-university-3401,Brown University,Providence,RI,15,2,13,National Universities,7226.0,1546.0,scorecard_avg,0.9569,42520.0,0.9243,858211.1818433434,6.0,0.0539,0.9882,93487.0,9.7,intake+outcome+resources,"sat,grad6,spend,faculty_ft,endowment,class_size"
217165,Bryant,bryant-university-3402,Bryant University,Smithfield,RI,18,2,5,Regional Universities North,3194.0,1265.0,scorecard_avg,0.7975,10480.0,0.5648,67409.51784596118,13.0,0.6546,0.8691,90008.0,6.9,intake+outcome+resources,"sat,grad6,spend,faculty_ft,endowment,class_size"
211291,Bucknell,bucknell-university-3238,Bucknell University,Lewisburg,PA,21,2,30,National Liberal Arts Colleges,3876.0,1410.0,scorecard_avg,0.8632,24614.0,0.9711,280770.6398348813,9.0,0.2893,0.9368,93807.0,9.1,intake+outcome+resources,"sat,grad6,spend,faculty_ft,endowment,class_size"
196088,Buffalo,ub-9554,University at Buffalo,Buffalo,NY,15,1,75,National Universities,20112.0,1295.0,scorecard_avg,0.7518,19048.0,0.7019,48279.29862768496,11.0,0.7418,0.8521,70814.0,7.7,intake+outcome+resources,"sat,grad6,spend,faculty_ft,endowment,class_size"
150163,Butler,butler-university-1788,Butler University,Indianapolis,IN,18,2,1,Regional Universities Midwest,4317.0,1274.0,scorecard_avg,0.8038,14447.0,0.9975,61407.69052582812,11.0,0.8508,0.8749,77235.0,7.9,intake+outcome+resources,"sat,grad6,spend,faculty_ft,endowment,class_size"
230038,BYU,byu-3670,Brigham Young University,Provo,UT,16,2,110,National Universities,32952.0,1376.0,scorecard_avg,0.8098,18168.0,0.7047,84225.02427773732,22.0,0.6778,0.9097,75790.0,8.0,intake+outcome+resources,"sat,grad6,spend,faculty_ft,endowment,class_size"
110422,Cal Poly,california-polytechnic-state-university-san-luis-obispo-1143,California Polytechnic State University-San Luis Obispo,San Luis Obispo,CA,18,1,1,Regional Universities West,21996.0,1330.0,usnews_midpoint,0.864,11438.0,0.6902,12059.35724677214,18.0,0.3132,0.9555,90768.0,7.2,intake+outcome+resources,"sat,grad6,spend,faculty_ft,endowment,class_size"
110486,Cal State Bakersfield,csub-7993,California State University-Bakersfield,Bakersfield,CA,18,1,31,Regional Universities West,8577.0,1025.0,usnews_midpoint,0.498,8900.0,0.5201,4332.779993004547,19.0,0.9385,0.7883,59009.0,2.4,intake+outcome+resources,"sat,grad6,spend,faculty_ft,endowment,class_size"
110565,Cal State Fullerton,california-state-university-fullerton-1137,California State University-Fullerton,Fullerton,CA,16,1,139,National Universities,38546.0,970.0,usnews_midpoint,0.7018,7992.0,0.5037,3395.4185129455714,25.0,0.9052,0.8242,62951.0,3.1,intake+outcome+resources,"sat,grad6,spend,faculty_ft,endowment,class_size"
110608,Cal State Northridge,california-state-university-northridge-1153,California State University-Northridge,Northridge,CA,18,1,20,Regional Universities West,32691.0,,,0.5695,8003.0,0.4325,6624.308586461106,24.0,0.9345,0.7344,59115.0,3.2,outcome+resources,"grad6,spend,faculty_ft,endowment,class_size"
110635,California,university-of-california-berkeley-1312,University of California-Berkeley,Berkeley,CA,15,1,15,National Universities,33068.0,,,0.9284,23741.0,0.6957,90023.92040643522,18.0,0.1098,0.9679,92446.0,8.1,outcome+resources,"grad6,spend,faculty_ft,endowment,class_size"
110361,California Baptist,california-baptist-university-1125,California Baptist University,Riverside,CA,18,2,33,Regional Universities West,8179.0,,,0.6188,9630.0,0.4845,16270.441007458125,21.0,0.8488,0.7436,61504.0,4.2,outcome+resources,"grad6,spend,faculty_ft,endowment,class_size"
198136,Campbell,campbell-university-2913,Campbell University,Buies Creek,NC,17,2,343,National Universities,2680.0,1180.0,usnews_midpoint,0.6096,14458.0,0.4959,70380.25111940298,13.0,0.8718,0.7616,54886.0,5.6,intake+outcome+resources,"sat,grad6,spend,faculty_ft,endowment,class_size"
189705,Canisius,canisius-university-2681,Canisius University,Buffalo,NY,18,2,32,Regional Universities North,1685.0,,,0.6639,8715.0,0.9297,84740.2943620178,11.0,0.7236,0.7262,60681.0,6.2,outcome+resources,"grad6,spend,faculty_ft,endowment,class_size"
106704,Central Arkansas,university-of-central-arkansas-1092,University of Central Arkansas,Conway,AR,17,1,363,National Universities,7762.0,1118.0,scorecard_avg,0.5353,9836.0,0.7579,8165.896547281628,15.0,0.8949,0.7331,45938.0,4.0,intake+outcome+resources,"sat,grad6,spend,faculty_ft,endowment,class_size"
128771,Central Connecticut,central-connecticut-state-university-1378,Central Connecticut State University,New Britain,CT,18,1,76,Regional Universities North,7822.0,1080.0,scorecard_avg,0.4844,13976.0,0.4684,11942.180388647404,14.0,0.7333,0.7711,58562.0,3.4,intake+outcome+resources,"sat,grad6,spend,faculty_ft,endowment,class_size"
169248,Central Michigan,central-michigan-university-2243,Central Michigan University,Mount Pleasant,MI,16,1,283,National Universities,10035.0,1091.0,scorecard_avg,0.5872,8718.0,0.7527,24390.69576482312,16.0,0.8982,0.7536,55874.0,4.0,intake+outcome+resources,"sat,grad6,spend,faculty_ft,endowment,class_size"
217819,Charleston,college-of-charleston-3428,College of Charleston,Charleston,SC,19,1,9,Regional Universities South,10558.0,1247.0,scorecard_avg,0.6583,10229.0,0.6458,12179.585906421671,17.0,0.6003,0.8196,56416.0,5.8,intake+outcome+resources,"sat,grad6,spend,faculty_ft,endowment,class_size"
217688,Charleston Southern,charleston-southern-university-3419,Charleston Southern University,Charleston,SC,19,2,70,Regional Universities South,2893.0,1059.0,scorecard_avg,0.4724,9047.0,0.5833,9433.644313861045,11.0,0.9646,0.6314,45898.0,3.0,intake+outcome+resources,"sat,grad6,spend,faculty_ft,endowment,class_size"
199139,Charlotte,university-of-north-carolina-at-charlotte-2975,University of North Carolina at Charlotte,Charlotte,NC,16,1,143,National Universities,24453.0,1231.0,scorecard_avg,0.6897,11037.0,0.703,12934.449556291662,21.0,0.796,0.8498,57289.0,6.0,intake+outcome+resources,"sat,grad6,spend,faculty_ft,endowment,class_size"
221740,Chattanooga,university-of-tennessee-at-chattanooga-3529,The University of Tennessee-Chattanooga,Chattanooga,TN,17,1,329,National Universities,10074.0,1147.0,scorecard_avg,0.5024,10232.0,0.7035,19497.09182052809,19.0,0.8109,0.7252,51151.0,4.1,intake+outcome+resources,"sat,grad6,spend,faculty_ft,endowment,class_size"
144005,Chicago State,chicago-state-university-1694,Chicago State University,Chicago,IL,18,1,145-160,Regional Universities Midwest,1384.0,,,0.1549,28026.0,1.0,5583.207369942196,10.0,0.4326,0.5732,42778.0,4.9,outcome+resources,"grad6,spend,faculty_ft,endowment,class_size"
201885,Cincinnati,university-of-cincinnati-3125,University of Cincinnati-Main Campus,Cincinnati,OH,15,1,158,National Universities,29882.0,1282.0,scorecard_avg,0.7496,12292.0,0.572,61885.37976039087,19.0,0.8529,0.8535,54810.0,6.9,intake+outcome+resources,"sat,grad6,spend,faculty_ft,endowment,class_size"
217882,Clemson,clemson-university-3425,Clemson University,Clemson,SC,15,1,75,National Universities,23300.0,1353.0,scorecard_avg,0.8656,14641.0,0.8764,44363.32665236051,16.0,0.3834,0.9347,71513.0,8.1,intake+outcome+resources,"sat,grad6,spend,faculty_ft,endowment,class_size"
202134,Cleveland State,cleveland-state-university-3032,Cleveland State University,Cleveland,OH,16,1,343,National Universities,8969.0,,,0.5057,12674.0,0.8399,11912.852380421451,16.0,0.913,0.7032,52131.0,4.5,outcome+resources,"grad6,spend,faculty_ft,endowment,class_size"
218724,Coastal Carolina,coastal-carolina-university-3451,Coastal Carolina University,Conway,SC,18,1,33,Regional Universities South,10377.0,1143.0,scorecard_avg,0.4846,8741.0,1.0,4952.8647971475375,17.0,0.7527,0.7743,47258.0,4.1,intake+outcome+resources,"sat,grad6,spend,faculty_ft,endowment,class_size"
190099,Colgate,colgate-university-2701,Colgate University,Hamilton,NY,21,2,22,National Liberal Arts Colleges,3180.0,1508.0,scorecard_avg,0.9117,29447.0,0.9312,378101.42327044025,9.0,0.1388,0.9343,85139.0,9.4,intake+outcome+resources,"sat,grad6,spend,faculty_ft,endowment,class_size"
126614,Colorado,university-of-colorado-boulder-1370,University of Colorado Boulder,Boulder,CO,15,1,97,National Universities,31939.0,1357.0,scorecard_avg,0.7419,18515.0,0.7583,,19.0,0.7808,0.9015,69738.0,7.7,intake+outcome+resources,"sat,grad6,spend,faculty_ft,class_size"
126678,Colorado College,colorado-college-1347,Colorado College,Colorado Springs,CO,21,2,30,National Liberal Arts Colleges,2014.0,1365.0,scorecard_avg,0.8766,34153.0,0.8048,435728.24329692154,9.0,0.1847,0.9362,65222.0,8.9,intake+outcome+resources,"sat,grad6,spend,faculty_ft,endowment,class_size"
126818,Colorado State,colorado-state-university-1350,Colorado State University-Fort Collins,Fort Collins,CO,15,1,151,National Universities,25538.0,,,0.6651,16781.0,0.7436,23446.391573341687,17.0,0.8854,0.8589,60543.0,6.2,outcome+resources,"grad6,spend,faculty_ft,endowment,class_size"
190150,Columbia,columbia-university-2707,Columbia University in the City of New York,New York,NY,15,2,15,National Universities,8973.0,1553.0,scorecard_avg,0.961,110371.0,0.4268,1520413.12827371,6.0,0.0399,0.98,102491.0,9.3,intake+outcome+resources,"sat,grad6,spend,faculty_ft,endowment,class_size"
190415,Cornell,cornell-university-2711,Cornell University,Ithaca,NY,15,2,12,National Universities,15995.0,1535.0,scorecard_avg,0.9538,33431.0,0.9285,597266.6052516411,9.0,0.0876,0.9838,104043.0,9.6,intake+outcome+resources,"sat,grad6,spend,faculty_ft,endowment,class_size"
181002,Creighton,creighton-university-2542,Creighton University,Omaha,NE,16,2,117,National Universities,4348.0,1321.0,scorecard_avg,0.8336,18314.0,0.6879,171434.91260349585,11.0,0.7975,0.9415,73911.0,8.2,intake+outcome+resources,"sat,grad6,spend,faculty_ft,endowment,class_size"
182670,Dartmouth,dartmouth-college-2573,Dartmouth College,Hanover,NH,15,2,13,National Universities,4541.0,1534.0,scorecard_avg,0.9554,32539.0,0.8127,1746338.9141158336,6.0,0.054,0.9842,97434.0,9.6,intake+outcome+resources,"sat,grad6,spend,faculty_ft,endowment,class_size"
198385,Davidson,davidson-college-2918,Davidson College,Davidson,NC,21,2,13,National Liberal Arts Colleges,1867.0,1469.0,scorecard_avg,0.9107,22692.0,0.9598,708204.0899839314,8.0,0.1337,0.9461,81400.0,9.3,intake+outcome+resources,"sat,grad6,spend,faculty_ft,endowment,class_size"
202480,Dayton,university-of-dayton-3127,University of Dayton,Dayton,OH,16,2,143,National Universities,7682.0,1335.0,scorecard_avg,0.8018,13290.0,0.7029,104811.37724550898,14.0,0.6545,0.8906,75537.0,7.7,intake+outcome+resources,"sat,grad6,spend,faculty_ft,endowment,class_size"
130943,Delaware,university-of-delaware-1431,University of Delaware,Newark,DE,15,1,88,National Universities,19071.0,1292.0,scorecard_avg,0.8055,21941.0,0.9939,95421.46956111373,13.0,0.706,0.9196,72950.0,8.2,intake+outcome+resources,"sat,grad6,spend,faculty_ft,endowment,class_size"
130934,Delaware State,delaware-state-university-1428,Delaware State University,Dover,DE,19,1,121,Regional Universities North,4398.0,940.0,scorecard_avg,0.391,8851.0,0.54,9349.895179627103,17.0,0.4658,0.6995,49307.0,1.9,intake+outcome+resources,"sat,grad6,spend,faculty_ft,endowment,class_size"
127060,Denver,university-of-denver-1371,University of Denver,Denver,CO,15,2,117,National Universities,6025.0,1355.0,scorecard_avg,0.756,19940.0,0.5299,169747.60248962656,9.0,0.7781,0.8894,71155.0,8.1,intake+outcome+resources,"sat,grad6,spend,faculty_ft,endowment,class_size"
144740,DePaul,depaul-university-1671,DePaul University,Chicago,IL,16,2,169,National Universities,14090.0,1262.0,scorecard_avg,0.678,13870.0,0.4985,64368.1334279631,17.0,0.7589,0.855,68751.0,6.5,intake+outcome+resources,"sat,grad6,spend,faculty_ft,endowment,class_size"
169716,Detroit Mercy,university-of-detroit-mercy-2323,University of Detroit Mercy,Detroit,MI,17,2,183,National Universities,2438.0,1134.0,scorecard_avg,0.672,14925.0,1.0,39116.16406890894,12.0,0.7542,0.8349,71030.0,6.0,intake+outcome+resources,"sat,grad6,spend,faculty_ft,endowment,class_size"
153269,Drake,drake-university-1860,Drake University,Des Moines,IA,17,2,183,National Universities,2543.0,1292.0,scorecard_avg,0.7403,13803.0,0.7226,104955.54659850571,11.0,0.6385,0.8409,71901.0,7.6,intake+outcome+resources,"sat,grad6,spend,faculty_ft,endowment,class_size"
212054,Drexel,drexel-university-3256,Drexel University,Philadelphia,PA,15,2,80,National Universities,13233.0,1345.0,scorecard_avg,0.7816,22377.0,0.5765,73024.48424393561,9.0,0.7944,0.8951,84648.0,8.1,intake+outcome+resources,"sat,grad6,spend,faculty_ft,endowment,class_size"
198419,Duke,duke-university-2920,Duke University,Durham,NC,15,2,7,National Universities,6442.0,1548.0,scorecard_avg,0.9678,87044.0,0.9449,1801029.1834833901,5.0,0.0571,0.9793,97800.0,9.8,intake+outcome+resources,"sat,grad6,spend,faculty_ft,endowment,class_size"
212106,Duquesne,duquesne-university-3258,Duquesne University,Pittsburgh,PA,16,2,169,National Universities,5350.0,1276.0,scorecard_avg,0.7749,16449.0,0.4807,111208.03738317757,13.0,0.8356,0.8415,74742.0,7.4,intake+outcome+resources,"sat,grad6,spend,faculty_ft,endowment,class_size"
198464,East Carolina,east-carolina-university-2923,East Carolina University,Greenville,NC,16,1,192,National Universities,19896.0,1180.0,scorecard_avg,0.6262,14141.0,0.7697,14049.551316847608,17.0,0.8921,0.8272,55146.0,5.5,intake+outcome+resources,"sat,grad6,spend,faculty_ft,endowment,class_size"
220075,East Tennessee State,east-tennessee-state-university-3487,East Tennessee State University,Johnson City,TN,16,1,301,National Universities,10004.0,1144.0,scorecard_avg,0.5321,15541.0,0.6769,10179.128948420632,18.0,0.8619,0.7572,44859.0,4.6,intake+outcome+resources,"sat,grad6,spend,faculty_ft,endowment,class_size"
224554,East Texas A&M,texas-am-university-commerce-3565,East Texas A&M University,Commerce,TX,17,1,384,National Universities,9912.0,1076.0,scorecard_avg,0.4281,8444.0,0.4475,3640.1903753026636,17.0,0.9224,0.5723,50296.0,2.4,intake+outcome+resources,"sat,grad6,spend,faculty_ft,endowment,class_size"
144892,Eastern Illinois,eastern-illinois-university-1674,Eastern Illinois University,Charleston,IL,18,1,54,Regional Universities Midwest,4188.0,1000.0,scorecard_avg,0.4736,10847.0,0.7711,16838.05133715377,14.0,0.6535,0.7171,51989.0,3.0,intake+outcome+resources,"sat,grad6,spend,faculty_ft,endowment,class_size"
156620,Eastern Kentucky,eastern-kentucky-university-1963,Eastern Kentucky University,Richmond,KY,17,1,329,National Universities,12318.0,1149.0,scorecard_avg,0.5004,9026.0,0.5596,7138.049521026141,18.0,0.7761,0.7693,45795.0,3.7,intake+outcome+resources,"sat,grad6,spend,faculty_ft,endowment,class_size"
169798,Eastern Michigan,eastern-michigan-university-2259,Eastern Michigan University,Ypsilanti,MI,16,1,373,National Universities,10055.0,1066.0,scorecard_avg,0.4644,8921.0,0.9856,9729.913575335653,14.0,0.7964,0.6875,51793.0,3.2,intake+outcome+resources,"sat,grad6,spend,faculty_ft,endowment,class_size"
235097,Eastern Washington,eastern-washington-university-3775,Eastern Washington University,Cheney,WA,18,1,52,Regional Universities West,6222.0,,,0.4349,11582.0,0.6296,6756.30118932819,20.0,0.9075,0.674,57897.0,3.2,outcome+resources,"grad6,spend,faculty_ft,endowment,class_size"
198516,Elon,elon-university-2927,Elon University,Elon,NC,17,2,117,National Universities,6452.0,1208.0,scorecard_avg,0.8404,19988.0,0.8236,49920.97380657161,11.0,0.6635,0.898,74545.0,7.4,intake+outcome+resources,"sat,grad6,spend,faculty_ft,endowment,class_size"
150534,Evansville,university-of-evansville-1795,University of Evansville,Evansville,IN,19,2,18,Regional Universities Midwest,1539.0,,,0.6446,14219.0,0.9244,96455.5925925926,10.0,0.776,0.8333,53770.0,7.1,outcome+resources,"grad6,spend,faculty_ft,endowment,class_size"
129242,Fairfield,fairfield-university-1385,Fairfield University,Fairfield,CT,17,2,139,National Universities,5373.0,1335.0,scorecard_avg,0.843,15558.0,1.0,70722.68751163223,12.0,0.3329,0.9129,88794.0,8.3,intake+outcome+resources,"sat,grad6,spend,faculty_ft,endowment,class_size"
184603,Fairleigh Dickinson,fairleigh-dickinson-university-metropolitan-campus-8770,Fairleigh Dickinson University-Metropolitan Campus,Teaneck,NJ,18,2,55,Regional Universities North,2627.0,,,0.5332,9140.0,0.3035,18337.2668443091,12.0,0.9071,0.7698,57273.0,3.6,outcome+resources,"grad6,spend,faculty_ft,endowment,class_size"
433660,FGCU,florida-gulf-coast-university-32553,Florida Gulf Coast University,Fort Myers,FL,17,1,318,National Universities,13874.0,1114.0,scorecard_avg,0.574,7517.0,0.6719,6892.654605737351,21.0,0.6344,0.8322,54560.0,3.7,intake+outcome+resources,"sat,grad6,spend,faculty_ft,endowment,class_size"
133951,FIU,fiu-9635,Florida International University,Miami,FL,15,1,97,National Universities,39508.0,1163.0,scorecard_avg,0.7443,8518.0,0.9761,7761.247089197124,22.0,0.5466,0.9185,60249.0,5.4,intake+outcome+resources,"sat,grad6,spend,faculty_ft,endowment,class_size"
134130,Florida,university-of-florida-1535,University of Florida,Gainesville,FL,15,1,30,National Universities,35629.0,1403.0,scorecard_avg,0.9112,23406.0,0.8959,65510.398832411796,16.0,0.242,0.9771,71588.0,8.7,intake+outcome+resources,"sat,grad6,spend,faculty_ft,endowment,class_size"
133669,Florida Atlantic,florida-atlantic-university-1481,Florida Atlantic University,Boca Raton,FL,16,1,183,National Universities,23757.0,1127.0,scorecard_avg,0.6257,9412.0,0.7525,14925.037757292588,24.0,0.6613,0.8447,56746.0,4.5,intake+outcome+resources,"sat,grad6,spend,faculty_ft,endowment,class_size"
134097,Florida State,florida-state-university-1489,Florida State University,Tallahassee,FL,15,1,51,National Universities,32212.0,1361.0,scorecard_avg,0.8561,13724.0,0.8398,29399.253725319755,17.0,0.2422,0.9605,61675.0,7.9,intake+outcome+resources,"sat,grad6,spend,faculty_ft,endowment,class_size"
191241,Fordham,fordham-university-2722,Fordham University,Bronx,NY,16,2,97,National Universities,10512.0,1418.0,scorecard_avg,0.8191,19044.0,1.0,93053.46270928462,14.0,0.5931,0.8852,85569.0,8.6,intake+outcome+resources,"sat,grad6,spend,faculty_ft,endowment,class_size"
110556,Fresno State,california-state-university-fresno-1147,California State University-Fresno,Fresno,CA,16,1,183,National Universities,21605.0,,,0.5696,9435.0,0.5484,10099.275260356399,23.0,0.9526,0.8157,61244.0,3.7,outcome+resources,"grad6,spend,faculty_ft,endowment,class_size"
218070,Furman,furman-university-3434,Furman University,Greenville,SC,21,2,45,National Liberal Arts Colleges,2379.0,1371.0,scorecard_avg,0.7876,25690.0,0.8359,331017.04455653636,10.0,0.4295,0.9061,68635.0,8.7,intake+outcome+resources,"sat,grad6,spend,faculty_ft,endowment,class_size"
198561,Gardner-Webb,gardnerwebb-university-2929,Gardner-Webb University,Boiling Springs,NC,17,2,384,National Universities,1856.0,1113.0,scorecard_avg,0.5539,8808.0,0.9929,39050.67834051724,11.0,0.7721,0.5533,48039.0,4.6,intake+outcome+resources,"sat,grad6,spend,faculty_ft,endowment,class_size"
232186,George Mason,george-mason-university-3749,George Mason University,Fairfax,VA,15,1,117,National Universities,27752.0,1274.0,scorecard_avg,0.6784,15232.0,0.531,5925.91218650908,16.0,0.8748,0.8599,76343.0,6.4,intake+outcome+resources,"sat,grad6,spend,faculty_ft,endowment,class_size"
131469,George Washington,george-washington-university-1444,George Washington University,Washington,DC,15,2,59,National Universities,11182.0,1433.0,scorecard_avg,0.8398,24525.0,0.4929,225580.57592559472,13.0,0.4709,0.9223,90873.0,8.4,intake+outcome+resources,"sat,grad6,spend,faculty_ft,endowment,class_size"
131496,Georgetown,georgetown-university-1445,Georgetown University,Washington,DC,15,2,24,National Universities,7569.0,1487.0,scorecard_avg,0.9481,37019.0,0.4764,435852.6885982296,11.0,0.1291,0.9675,103494.0,8.9,intake+outcome+resources,"sat,grad6,spend,faculty_ft,endowment,class_size"
139959,Georgia,university-of-georgia-1598,University of Georgia,Athens,GA,15,1,46,National Universities,32137.0,1397.0,scorecard_avg,0.8969,11512.0,0.9025,56348.51902791175,17.0,0.377,0.9404,68726.0,8.1,intake+outcome+resources,"sat,grad6,spend,faculty_ft,endowment,class_size"
139931,Georgia Southern,georgia-southern-university-1572,Georgia Southern University,Statesboro,GA,16,1,343,National Universities,21790.0,1053.0,scorecard_avg,0.549,5399.0,0.8381,4855.093850390087,25.0,0.8789,0.7783,53236.0,2.9,intake+outcome+resources,"sat,grad6,spend,faculty_ft,endowment,class_size"
139940,Georgia State,georgia-state-university-1574,Georgia State University,Atlanta,GA,15,1,198,National Universities,26623.0,1076.0,scorecard_avg,0.5306,6675.0,0.7491,9079.137024377418,25.0,0.5544,0.7986,47384.0,3.0,intake+outcome+resources,"sat,grad6,spend,faculty_ft,endowment,class_size"
235316,Gonzaga,gonzaga-university-3778,Gonzaga University,Spokane,WA,17,2,102,National Universities,5198.0,1335.0,scorecard_avg,0.8629,15138.0,0.5895,83459.02270103886,12.0,0.8169,0.929,78892.0,8.0,intake+outcome+resources,"sat,grad6,spend,faculty_ft,endowment,class_size"
159009,Grambling State,grambling-state-university-2006,Grambling State University,Grambling,LA,18,1,103,Regional Universities South,4164.0,943.0,scorecard_avg,0.3616,4469.0,0.8813,3669.8753602305474,25.0,0.4486,0.6608,41109.0,1.8,intake+outcome+resources,"sat,grad6,spend,faculty_ft,endowment,class_size"
104717,Grand Canyon,grand-canyon-university-1074,Grand Canyon University,Phoenix,AZ,17,2,395-434,National Universities,73371.0,1077.0,scorecard_avg,0.4346,2400.0,0.1006,,21.0,0.7891,0.7205,42186.0,1.9,intake+outcome+resources,"sat,grad6,spend,faculty_ft,class_size"
240277,Green Bay,university-of-wisconsin-green-bay-3899,University of Wisconsin-Green Bay,Green Bay,WI,19,1,74,Regional Universities Midwest,6341.0,1120.0,scorecard_avg,0.4822,6613.0,0.7169,8398.863586185144,23.0,0.8859,0.6591,52528.0,3.3,intake+outcome+resources,"sat,grad6,spend,faculty_ft,endowment,class_size"
232265,Hampton,hampton-university-3714,Hampton University,Hampton,VA,17,2,273,National Universities,3727.0,969.0,scorecard_avg,0.5716,17152.0,1.0,95679.43895894822,15.0,0.6225,0.8534,59159.0,4.4,intake+outcome+resources,"sat,grad6,spend,faculty_ft,endowment,class_size"
129525,Hartford,university-of-hartford-1422,University of Hartford,West Hartford,CT,17,2,301,National Universities,4146.0,1219.0,scorecard_avg,0.5438,16235.0,0.4402,44259.52725518572,11.0,0.9575,0.829,60823.0,5.7,intake+outcome+resources,"sat,grad6,spend,faculty_ft,endowment,class_size"
166027,Harvard,harvard-university-2155,Harvard University,Cambridge,MA,15,2,3,National Universities,7601.0,1553.0,scorecard_avg,0.9758,51780.0,0.8676,6676568.083146954,7.0,0.0365,0.983,101817.0,9.7,intake+outcome+resources,"sat,grad6,spend,faculty_ft,endowment,class_size"
141574,Hawaii,university-of-hawaii-manoa-1610,University of Hawaii at Manoa,Honolulu,HI,15,1,169,National Universities,15029.0,1102.0,scorecard_avg,0.6429,24611.0,0.7988,3379.661587597312,13.0,0.866,0.8072,57624.0,5.2,intake+outcome+resources,"sat,grad6,spend,faculty_ft,endowment,class_size"
198695,High Point,high-point-university-2933,High Point University,High Point,NC,22,2,1,Regional Colleges South,5129.0,1288.0,scorecard_avg,0.737,13024.0,1.0,29535.803665431857,18.0,0.7531,0.8535,61389.0,7.3,intake+outcome+resources,"sat,grad6,spend,faculty_ft,endowment,class_size"
191649,Hofstra,hofstra-university-2732,Hofstra University,Hempstead,NY,17,2,183,National Universities,6488.0,1319.0,scorecard_avg,0.6854,19163.0,0.4039,122954.08631319359,13.0,0.6808,0.8362,69039.0,7.3,intake+outcome+resources,"sat,grad6,spend,faculty_ft,endowment,class_size"
166124,Holy Cross,college-of-the-holy-cross-2141,College of the Holy Cross,Worcester,MA,21,2,27,National Liberal Arts Colleges,3106.0,1353.0,scorecard_avg,0.8733,24933.0,0.893,335901.73599484866,9.0,0.1761,0.9478,90543.0,8.9,intake+outcome+resources,"sat,grad6,spend,faculty_ft,endowment,class_size"
225511,Houston,university-of-houston-3652,University of Houston,Houston,TX,15,1,132,National Universities,38380.0,1250.0,scorecard_avg,0.6456,9920.0,0.7984,31690.98983845753,22.0,0.7392,0.8699,62377.0,6.0,intake+outcome+resources,"sat,grad6,spend,faculty_ft,endowment,class_size"
225399,Houston Christian,houston-christian-university-3576,Houston Christian University,Houston,TX,18,2,61,Regional Universities West,2886.0,1084.0,scorecard_avg,0.4912,5467.0,0.3507,45558.265072765076,16.0,0.8444,0.6933,55933.0,2.8,intake+outcome+resources,"sat,grad6,spend,faculty_ft,endowment,class_size"
131520,Howard,howard-university-1448,Howard University,Washington,DC,16,2,88,National Universities,10108.0,1213.0,scorecard_avg,0.6996,14944.0,0.6425,91673.22912544518,13.0,0.4134,0.9088,63066.0,6.6,intake+outcome+resources,"sat,grad6,spend,faculty_ft,endowment,class_size"
142285,Idaho,university-of-idaho-1626,University of Idaho,Moscow,ID,16,1,183,National Universities,7747.0,1116.0,scorecard_avg,0.5728,14991.0,0.8523,51164.904350070996,18.0,0.7553,0.7559,54670.0,5.0,intake+outcome+resources,"sat,grad6,spend,faculty_ft,endowment,class_size"
142276,Idaho State,idaho-state-university-1620,Idaho State University,Pocatello,ID,16,1,395-434,National Universities,7583.0,,,0.3939,14363.0,0.9401,11370.524858235527,13.0,,0.7198,45608.0,4.4,outcome+resources,"grad6,spend,faculty_ft,endowment,class_size"
145637,Illinois,university-of-illinois-urbanachampaign-1775,University of Illinois Urbana-Champaign,Champaign,IL,15,1,36,National Universities,36258.0,1440.0,scorecard_avg,0.8513,14929.0,0.7276,69337.55645650615,20.0,0.4237,0.948,81054.0,8.1,intake+outcome+resources,"sat,grad6,spend,faculty_ft,endowment,class_size"
145813,Illinois State,illinois-state-university-1692,Illinois State University,Normal,IL,16,1,222,National Universities,19057.0,1113.0,scorecard_avg,0.6454,9152.0,0.7363,10745.881880673769,20.0,0.8815,0.8144,62117.0,4.3,intake+outcome+resources,"sat,grad6,spend,faculty_ft,endowment,class_size"
225627,Incarnate Word,university-of-the-incarnate-word-3578,University of the Incarnate Word,San Antonio,TX,17,2,293,National Universities,4440.0,1020.0,usnews_midpoint,0.5098,11151.0,0.4582,37805.88581081081,12.0,0.9814,0.7129,56733.0,3.2,intake+outcome+resources,"sat,grad6,spend,faculty_ft,endowment,class_size"
151351,Indiana,indiana-university-bloomington-1809,Indiana University-Bloomington,Bloomington,IN,15,1,73,National Universities,37806.0,1313.0,scorecard_avg,0.8021,15334.0,0.8341,49594.06051949426,18.0,0.7821,0.9106,63742.0,7.7,intake+outcome+resources,"sat,grad6,spend,faculty_ft,endowment,class_size"
151324,Indiana State,indiana-state-university-9563,Indiana State University,Terre Haute,IN,17,1,363,National Universities,6188.0,995.0,usnews_midpoint,0.4288,11403.0,0.6774,13428.816418875242,16.0,0.8077,0.6585,48387.0,2.7,intake+outcome+resources,"sat,grad6,spend,faculty_ft,endowment,class_size"
191931,Iona,iona-university-2737,Iona University,New Rochelle,NY,18,2,61,Regional Universities North,2951.0,1217.0,scorecard_avg,0.56,11774.0,0.5378,70468.6546933243,16.0,0.8694,0.7693,73595.0,5.5,intake+outcome+resources,"sat,grad6,spend,faculty_ft,endowment,class_size"
153658,Iowa,university-of-iowa-1892,University of Iowa,Iowa City,IA,15,1,102,National Universities,22264.0,1200.0,scorecard_avg,0.7463,15714.0,0.8758,146445.56234279554,16.0,0.8362,0.9036,64762.0,6.9,intake+outcome+resources,"sat,grad6,spend,faculty_ft,endowment,class_size"
153603,Iowa State,iowa-state-university-1869,Iowa State University,Ames,IA,15,1,117,National Universities,25367.0,1204.0,scorecard_avg,0.7532,12347.0,0.843,57936.03579453621,18.0,0.8866,0.8757,63386.0,6.6,intake+outcome+resources,"sat,grad6,spend,faculty_ft,endowment,class_size"
151111,IU Indy,iupui-1813,Indiana University-Indianapolis,Indianapolis,IN,16,1,192,National Universities,13830.0,1139.0,scorecard_avg,0.5445,23466.0,0.5255,169385.7985538684,13.0,0.7637,0.7219,55198.0,5.3,intake+outcome+resources,"sat,grad6,spend,faculty_ft,endowment,class_size"
175856,Jackson State,jackson-state-university-2410,Jackson State University,Jackson,MS,16,1,363,National Universities,4600.0,965.0,scorecard_avg,0.5091,10884.0,0.5953,11757.13956521739,12.0,0.9315,0.6235,39060.0,2.9,intake+outcome+resources,"sat,grad6,spend,faculty_ft,endowment,class_size"
134945,Jacksonville,jacksonville-university-1495,Jacksonville University,Jacksonville,FL,18,2,37,Regional Universities South,2930.0,1205.0,scorecard_avg,0.5065,10576.0,0.5459,20323.01877133106,12.0,0.5694,0.7467,68010.0,4.9,intake+outcome+resources,"sat,grad6,spend,faculty_ft,endowment,class_size"
101480,Jacksonville State,jacksonville-state-university-1020,Jacksonville State University,Jacksonville,AL,18,1,52,Regional Universities South,7036.0,1059.0,scorecard_avg,0.5472,6997.0,0.6452,2192.07816941444,19.0,0.7769,0.6457,45235.0,2.8,intake+outcome+resources,"sat,grad6,spend,faculty_ft,endowment,class_size"
232423,James Madison,james-madison-university-3721,James Madison University,Harrisonburg,VA,16,1,151,National Universities,20888.0,1256.0,scorecard_avg,0.7972,10620.0,0.8094,6480.40209689774,17.0,0.7152,0.9198,69954.0,6.6,intake+outcome+resources,"sat,grad6,spend,faculty_ft,endowment,class_size"
155317,Kansas,university-of-kansas-1948,University of Kansas,Lawrence,KS,15,1,143,National Universities,21217.0,1190.0,scorecard_avg,0.6881,22979.0,0.7787,112327.38011971532,18.0,0.9348,0.8649,61945.0,6.6,intake+outcome+resources,"sat,grad6,spend,faculty_ft,endowment,class_size"
178402,Kansas City,university-of-missouri-kansas-city-2518,University of Missouri-Kansas City,Kansas City,MO,16,1,232,National Universities,6817.0,1204.0,scorecard_avg,0.5546,14451.0,0.6473,29335.84509314948,13.0,0.7218,0.7536,59637.0,5.6,intake+outcome+resources,"sat,grad6,spend,faculty_ft,endowment,class_size"
155399,Kansas State,kansas-state-university-1928,Kansas State University,Manhattan,KS,15,1,158,National Universities,15142.0,1151.0,scorecard_avg,0.7108,12603.0,0.9014,62889.66008453309,19.0,0.8169,0.8559,57262.0,6.0,intake+outcome+resources,"sat,grad6,spend,faculty_ft,endowment,class_size"
486840,Kennesaw State,kennesaw-state-university-1577,Kennesaw State University,Kennesaw,GA,16,1,373,National Universities,41254.0,1113.0,scorecard_avg,0.522,5687.0,0.6347,2700.1967566781404,23.0,0.6919,0.7672,57552.0,3.1,intake+outcome+resources,"sat,grad6,spend,faculty_ft,endowment,class_size"
203517,Kent State,kent-state-university-3051,Kent State University at Kent,Kent,OH,15,1,232,National Universities,19320.0,1099.0,scorecard_avg,0.6372,10496.0,0.6087,9430.272929606625,20.0,0.8634,0.8094,45388.0,4.1,intake+outcome+resources,"sat,grad6,spend,faculty_ft,endowment,class_size"
157085,Kentucky,university-of-kentucky-1989,University of Kentucky,Lexington,KY,15,1,143,National Universities,24763.0,1215.0,scorecard_avg,0.7142,13191.0,0.8239,76250.27242256592,18.0,0.9294,0.8684,59025.0,6.6,intake+outcome+resources,"sat,grad6,spend,faculty_ft,endowment,class_size"
213367,La Salle,la-salle-university-3287,La Salle University,Philadelphia,PA,17,2,257,National Universities,1953.0,1130.0,usnews_midpoint,0.5712,10414.0,0.4357,35247.36405529954,11.0,0.9659,0.739,67416.0,4.5,intake+outcome+resources,"sat,grad6,spend,faculty_ft,endowment,class_size"
213385,Lafayette,lafayette-college-3284,Lafayette College,Easton,PA,21,2,30,National Liberal Arts Colleges,2757.0,1424.0,scorecard_avg,0.8759,25883.0,0.8661,386024.30177729414,10.0,0.3145,0.8967,91410.0,9.1,intake+outcome+resources,"sat,grad6,spend,faculty_ft,endowment,class_size"
226091,Lamar,lamar-university-3581,Lamar University,Beaumont,TX,17,1,395-434,National Universities,8150.0,1061.0,scorecard_avg,0.3732,5053.0,0.7723,19270.110061349693,28.0,0.8641,0.6187,49652.0,2.4,intake+outcome+resources,"sat,grad6,spend,faculty_ft,endowment,class_size"
192323,Le Moyne,le-moyne-college-2748,Le Moyne College,Syracuse,NY,18,2,13,Regional Universities North,2439.0,1255.0,scorecard_avg,0.7313,13943.0,0.4793,97134.56006560066,12.0,0.8298,0.8355,62731.0,7.0,intake+outcome+resources,"sat,grad6,spend,faculty_ft,endowment,class_size"
213543,Lehigh,lehigh-university-3289,Lehigh University,Bethlehem,PA,16,2,46,National Universities,5898.0,1440.0,scorecard_avg,0.8791,24840.0,0.8475,297757.5449304849,10.0,0.2593,0.937,105584.0,9.1,intake+outcome+resources,"sat,grad6,spend,faculty_ft,endowment,class_size"
232557,Liberty,liberty-university-10392,Liberty University,Lynchburg,VA,17,2,395-434,National Universities,50012.0,1200.0,usnews_midpoint,0.6533,4004.0,0.1594,45532.66442053907,18.0,0.9898,0.8013,44813.0,4.8,intake+outcome+resources,"sat,grad6,spend,faculty_ft,endowment,class_size"
177968,Lindenwood,lindenwood-university-2480,Lindenwood University,Saint Charles,MO,18,2,124,Regional Universities Midwest,4624.0,1190.0,scorecard_avg,0.4933,7548.0,1.0,40805.7705449827,14.0,0.5684,0.6563,53278.0,4.8,intake+outcome+resources,"sat,grad6,spend,faculty_ft,endowment,class_size"
219976,Lipscomb,lipscomb-3486,Lipscomb University,Nashville,TN,17,2,222,National Universities,2997.0,1256.0,scorecard_avg,0.7216,12062.0,0.4975,33554.33166499833,13.0,0.6773,0.8357,55541.0,6.6,intake+outcome+resources,"sat,grad6,spend,faculty_ft,endowment,class_size"
106245,Little Rock,university-of-arkansas-little-rock-1101,University of Arkansas at Little Rock,Little Rock,AR,16,1,384,National Universities,4949.0,1049.0,scorecard_avg,0.4165,9265.0,1.0,35159.37421701354,11.0,0.5878,0.7647,45265.0,3.4,intake+outcome+resources,"sat,grad6,spend,faculty_ft,endowment,class_size"
192448,LIU,long-island-university-667002,Long Island University,Brookville,NY,16,2,373,National Universities,5520.0,1224.0,scorecard_avg,0.5707,12497.0,0.3962,72280.50036231884,13.0,0.8616,0.7719,59950.0,5.7,intake+outcome+resources,"sat,grad6,spend,faculty_ft,endowment,class_size"
110583,Long Beach State,california-state-university-long-beach-1139,California State University-Long Beach,Long Beach,CA,16,1,127,National Universities,35924.0,,,0.6888,8963.0,0.4524,3212.159113684445,26.0,0.4627,0.868,64403.0,4.3,outcome+resources,"grad6,spend,faculty_ft,endowment,class_size"
232566,Longwood,longwood-university-3719,Longwood University,Farmville,VA,19,1,16,Regional Universities South,3015.0,1120.0,scorecard_avg,0.6123,11319.0,1.0,31601.198009950247,14.0,0.9022,0.7977,52347.0,5.1,intake+outcome+resources,"sat,grad6,spend,faculty_ft,endowment,class_size"
160658,Louisiana,university-of-louisiana-at-lafayette-2031,University of Louisiana at Lafayette,Lafayette,LA,15,1,373,National Universities,12428.0,1219.0,scorecard_avg,0.5263,9241.0,0.7057,13093.355728999035,18.0,0.8701,0.7428,47089.0,4.8,intake+outcome+resources,"sat,grad6,spend,faculty_ft,endowment,class_size"
159647,Louisiana Tech,louisiana-tech-university-2008,Louisiana Tech University,Ruston,LA,16,1,318,National Universities,8312.0,1191.0,scorecard_avg,0.6382,7357.0,0.6605,11095.875962463908,22.0,0.864,0.822,52279.0,4.8,intake+outcome+resources,"sat,grad6,spend,faculty_ft,endowment,class_size"
159993,Louisiana-Monroe,university-of-louisiana-monroe-2020,University of Louisiana at Monroe,Monroe,LA,17,1,358,National Universities,5022.0,1116.0,scorecard_avg,0.542,7459.0,0.741,7617.975308641975,16.0,0.8475,0.7275,46769.0,3.7,intake+outcome+resources,"sat,grad6,spend,faculty_ft,endowment,class_size"
157289,Louisville,university-of-louisville-1999,University of Louisville,Louisville,KY,15,1,158,National Universities,14727.0,1150.0,scorecard_avg,0.6123,17552.0,0.5928,62575.33781489781,14.0,0.7941,0.8149,53899.0,5.5,intake+outcome+resources,"sat,grad6,spend,faculty_ft,endowment,class_size"
163046,Loyola (MD),loyola-university-maryland-2078,Loyola University Maryland,Baltimore,MD,18,2,7,Regional Universities North,3869.0,1290.0,scorecard_avg,0.7919,13478.0,0.9971,75932.52468338072,12.0,0.7549,0.8711,82652.0,7.9,intake+outcome+resources,"sat,grad6,spend,faculty_ft,endowment,class_size"
146719,Loyola Chicago,loyola-university-chicago-1710,Loyola University Chicago,Chicago,IL,16,2,132,National Universities,11737.0,1297.0,scorecard_avg,0.7304,14058.0,0.5245,82760.10445599386,13.0,0.816,0.8167,71530.0,7.2,intake+outcome+resources,"sat,grad6,spend,faculty_ft,endowment,class_size"
117946,Loyola Marymount,loyola-marymount-university-11649,Loyola Marymount University,Los Angeles,CA,16,2,102,National Universities,7094.0,1359.0,scorecard_avg,0.7887,19325.0,0.5824,91893.71299689879,10.0,0.4508,0.8858,78349.0,8.1,intake+outcome+resources,"sat,grad6,spend,faculty_ft,endowment,class_size"
159391,LSU,louisiana-state-university-and-agricultural--mechanical-college-2010,Louisiana State University and Agricultural & Mechanical College,Baton Rouge,LA,15,1,169,National Universities,30594.0,1285.0,scorecard_avg,0.6881,10884.0,0.8825,21849.011407465518,21.0,0.7333,0.8474,61251.0,6.6,intake+outcome+resources,"sat,grad6,spend,faculty_ft,endowment,class_size"
161253,Maine,university-of-maine-2053,University of Maine,Orono,ME,15,1,257,National Universities,8496.0,,,0.5494,12786.0,0.6971,48444.91525423729,15.0,0.9664,0.8336,48653.0,5.1,outcome+resources,"grad6,spend,faculty_ft,endowment,class_size"
192703,Manhattan,manhattan-university-2758,Manhattan University,Riverdale,NY,18,2,28,Regional Universities North,2744.0,1270.0,scorecard_avg,0.6371,16204.0,0.4811,53000.532069970846,15.0,0.7894,0.7598,86316.0,6.5,intake+outcome+resources,"sat,grad6,spend,faculty_ft,endowment,class_size"
192819,Marist,marist-university-2765,Marist University,Poughkeepsie,NY,18,2,9,Regional Universities North,5182.0,1295.0,scorecard_avg,0.796,14663.0,0.4499,79531.66943265148,15.0,0.5651,0.8609,77819.0,7.3,intake+outcome+resources,"sat,grad6,spend,faculty_ft,endowment,class_size"
239105,Marquette,marquette-university-3863,Marquette University,Milwaukee,WI,16,2,88,National Universities,7660.0,1310.0,scorecard_avg,0.8321,14847.0,0.5935,119687.20626631854,14.0,0.8134,0.9097,78257.0,7.7,intake+outcome+resources,"sat,grad6,spend,faculty_ft,endowment,class_size"
237525,Marshall,marshall-university-3815,Marshall University,Huntington,WV,16,1,318,National Universities,7266.0,1061.0,scorecard_avg,0.5123,10515.0,0.7464,29407.25364712359,16.0,0.9573,0.7218,46354.0,3.5,intake+outcome+resources,"sat,grad6,spend,faculty_ft,endowment,class_size"
163286,Maryland,university-of-maryland-2103,University of Maryland-College Park,College Park,MD,15,1,42,National Universities,30760.0,1473.0,scorecard_avg,0.8859,20217.0,0.8258,33344.83992197659,17.0,0.4479,0.962,82860.0,8.5,intake+outcome+resources,"sat,grad6,spend,faculty_ft,endowment,class_size"
159717,McNeese,mcneese-state-university-2017,McNeese State University,Lake Charles,LA,18,1,81,Regional Universities South,5005.0,1087.0,scorecard_avg,0.4704,5647.0,1.0,3945.213586413586,20.0,0.7827,0.6844,46453.0,2.9,intake+outcome+resources,"sat,grad6,spend,faculty_ft,endowment,class_size"
220862,Memphis,university-of-memphis-3509,University of Memphis,Memphis,TN,15,1,273,National Universities,12701.0,1088.0,scorecard_avg,0.5089,9356.0,0.7276,26850.420124399654,16.0,0.7203,0.7738,48458.0,3.5,intake+outcome+resources,"sat,grad6,spend,faculty_ft,endowment,class_size"
140447,Mercer,mercer-university-1580,Mercer University,Macon,GA,16,2,169,National Universities,4500.0,1271.0,scorecard_avg,0.6962,14074.0,0.9803,106654.43044444444,11.0,0.6889,0.8216,58354.0,7.5,intake+outcome+resources,"sat,grad6,spend,faculty_ft,endowment,class_size"
213987,Mercyhurst,mercyhurst-college-3297,Mercyhurst University,Erie,PA,19,2,66,Regional Universities North,2191.0,1180.0,usnews_midpoint,0.6017,9031.0,0.6,15254.767685988134,14.0,0.8102,0.7979,47452.0,4.8,intake+outcome+resources,"sat,grad6,spend,faculty_ft,endowment,class_size"
166850,Merrimack,merrimack-college-2120,Merrimack College,North Andover,MA,18,2,38,Regional Universities North,3916.0,1155.0,usnews_midpoint,0.7005,8809.0,0.4365,19471.687691521962,13.0,0.7002,0.7927,75584.0,5.0,intake+outcome+resources,"sat,grad6,spend,faculty_ft,endowment,class_size"
135726,Miami (FL),university-of-miami-1536,University of Miami,Coral Gables,FL,15,2,64,National Universities,12913.0,1415.0,scorecard_avg,0.8368,36040.0,0.7078,105762.65732207852,11.0,0.189,0.9377,75328.0,8.7,intake+outcome+resources,"sat,grad6,spend,faculty_ft,endowment,class_size"
204024,Miami (OH),miami-university-7104,Miami University-Oxford,Oxford,OH,16,1,143,National Universities,16656.0,1317.0,scorecard_avg,0.7979,11183.0,1.0,44391.81075888569,16.0,0.754,0.9014,55076.0,7.6,intake+outcome+resources,"sat,grad6,spend,faculty_ft,endowment,class_size"
170976,Michigan,university-of-michigan-ann-arbor-9092,University of Michigan-Ann Arbor,Ann Arbor,MI,15,1,20,National Universities,34177.0,1465.0,scorecard_avg,0.932,29014.0,0.8168,515750.91435760894,15.0,0.1564,0.9747,83648.0,9.0,intake+outcome+resources,"sat,grad6,spend,faculty_ft,endowment,class_size"
171100,Michigan State,michigan-state-2290,Michigan State University,East Lansing,MI,15,1,64,National Universities,40922.0,1269.0,scorecard_avg,0.8072,19397.0,0.8591,111922.046820781,17.0,0.848,0.9005,67253.0,7.8,intake+outcome+resources,"sat,grad6,spend,faculty_ft,endowment,class_size"
220978,Middle Tennessee,middle-tennessee-state-university-3510,Middle Tennessee State University,Murfreesboro,TN,16,1,257,National Universities,16301.0,1121.0,scorecard_avg,0.537,12353.0,0.8114,8426.452916998956,17.0,0.6909,0.7952,48541.0,4.4,intake+outcome+resources,"sat,grad6,spend,faculty_ft,endowment,class_size"
240453,Milwaukee,uw-milwaukee-3896,University of Wisconsin-Milwaukee,Milwaukee,WI,15,1,301,National Universities,16758.0,1090.0,scorecard_avg,0.4932,11310.0,0.6381,14121.39694474281,16.0,0.9068,0.7295,54990.0,3.5,intake+outcome+resources,"sat,grad6,spend,faculty_ft,endowment,class_size"
174066,Minnesota,university-of-minnesota-twin-cities-3969,University of Minnesota-Twin Cities,Minneapolis,MN,15,1,59,National Universities,31855.0,1362.0,scorecard_avg,0.8528,18312.0,0.8064,160379.27757024014,17.0,0.7975,0.9112,69020.0,8.3,intake+outcome+resources,"sat,grad6,spend,faculty_ft,endowment,class_size"
176080,Mississippi State,mississippi-state-university-2423,Mississippi State University,Mississippi State,MS,15,1,208,National Universities,18397.0,1219.0,scorecard_avg,0.6667,8632.0,0.8323,38561.14904604012,16.0,0.7764,0.825,51513.0,5.9,intake+outcome+resources,"sat,grad6,spend,faculty_ft,endowment,class_size"
178396,Missouri,university-of-missouri-2516,University of Missouri-Columbia,Columbia,MO,15,1,102,National Universities,23929.0,1247.0,scorecard_avg,0.7494,13675.0,0.7882,56758.180826612064,17.0,0.7847,0.9268,63403.0,7.0,intake+outcome+resources,"sat,grad6,spend,faculty_ft,endowment,class_size"
179566,Missouri State,missouri-state-university-2503,Missouri State University-Springfield,Springfield,MO,17,1,358,National Universities,13313.0,1122.0,scorecard_avg,0.5791,8676.0,0.6712,,21.0,0.9053,0.7725,49827.0,4.1,intake+outcome+resources,"sat,grad6,spend,faculty_ft,class_size"
185572,Monmouth,monmouth-university-2616,Monmouth University,West Long Branch,NJ,18,2,13,Regional Universities North,3684.0,1223.0,scorecard_avg,0.719,12830.0,1.0,41583.061889250814,11.0,0.8902,0.7986,67991.0,7.1,intake+outcome+resources,"sat,grad6,spend,faculty_ft,endowment,class_size"
180489,Montana,university-of-montana-2536,The University of Montana,Missoula,MT,15,1,363,National Universities,7488.0,1190.0,scorecard_avg,0.4796,10436.0,0.6865,34070.5500801282,18.0,0.9586,0.7477,44511.0,4.6,intake+outcome+resources,"sat,grad6,spend,faculty_ft,endowment,class_size"
157386,Morehead State,morehead-state-university-1976,Morehead State University,Morehead,KY,18,1,27,Regional Universities South,4578.0,1120.5,usnews_midpoint,0.5219,10768.0,0.8041,13568.638925294888,16.0,0.7721,0.6501,43197.0,4.2,intake+outcome+resources,"sat,grad6,spend,faculty_ft,endowment,class_size"
163462,Mount St. Mary's,mount-st-marys-university-2086,Mount St. Mary's University,Emmitsburg,MD,19,2,72,Regional Universities North,1768.0,1176.0,scorecard_avg,0.6539,10126.0,1.0,34509.903846153844,,0.7381,0.7077,64072.0,5.8,intake+outcome+resources,"sat,grad6,spend,faculty_ft,endowment"
157401,Murray State,murray-state-university-1977,Murray State University,Murray,KY,18,1,14,Regional Universities South,6688.0,1133.0,scorecard_avg,0.6132,10232.0,0.8179,17186.895185406698,17.0,0.8568,0.7565,44737.0,4.8,intake+outcome+resources,"sat,grad6,spend,faculty_ft,endowment,class_size"
164155,Navy,united-states-naval-academy-2101,United States Naval Academy,Annapolis,MD,21,1,3,National Liberal Arts Colleges,4474.0,1307.0,scorecard_avg,0.9294,39042.0,0.9951,85588.54649083594,8.0,0.0927,0.9732,,8.8,intake+outcome+resources,"sat,grad6,spend,faculty_ft,endowment,class_size"
199193,NC State,north-carolina-state-raleigh-2972,North Carolina State University at Raleigh,Raleigh,NC,15,1,64,National Universities,27371.0,1376.0,scorecard_avg,0.8476,18060.0,0.8767,74100.35844506959,15.0,0.4174,0.9447,68758.0,8.4,intake+outcome+resources,"sat,grad6,spend,faculty_ft,endowment,class_size"
181464,Nebraska,university-of-nebraska-2565,University of Nebraska-Lincoln,Lincoln,NE,15,1,158,National Universities,19178.0,1191.0,scorecard_avg,0.6697,13023.0,0.8528,67304.73115027636,17.0,0.8749,0.8599,56887.0,6.2,intake+outcome+resources,"sat,grad6,spend,faculty_ft,endowment,class_size"
182290,Nevada,university-of-nevada-reno-2568,University of Nevada-Reno,Reno,NV,15,1,192,National Universities,15599.0,1132.0,scorecard_avg,0.6124,14669.0,0.9799,33338.673825245205,17.0,0.7371,0.7966,60614.0,5.4,intake+outcome+resources,"sat,grad6,spend,faculty_ft,endowment,class_size"
183044,New Hampshire,university-of-new-hampshire-2589,University of New Hampshire-Main Campus,Durham,NH,15,1,117,National Universities,11261.0,1218.0,scorecard_avg,0.7607,12735.0,0.7356,42009.668235503064,17.0,0.8816,0.8727,66479.0,6.6,intake+outcome+resources,"sat,grad6,spend,faculty_ft,endowment,class_size"
129941,New Haven,university-of-new-haven-1397,University of New Haven,West Haven,CT,18,2,76,Regional Universities North,4841.0,1160.0,scorecard_avg,0.6307,9780.0,0.2422,19104.32266060731,16.0,0.6038,0.7648,60126.0,4.6,intake+outcome+resources,"sat,grad6,spend,faculty_ft,endowment,class_size"
187985,New Mexico,university-of-new-mexico-10313,University of New Mexico-Main Campus,Albuquerque,NM,15,1,242,National Universities,17244.0,1038.0,scorecard_avg,0.5469,15468.0,0.7135,41416.61743215031,15.0,0.9518,0.7617,44792.0,4.0,intake+outcome+resources,"sat,grad6,spend,faculty_ft,endowment,class_size"
188030,New Mexico State,new-mexico-state-university-2657,New Mexico State University-Main Campus,Las Cruces,NM,16,1,222,National Universities,11946.0,1011.0,scorecard_avg,0.5517,12132.0,0.7526,6437.413778670685,15.0,0.8897,0.7338,39067.0,3.4,intake+outcome+resources,"sat,grad6,spend,faculty_ft,endowment,class_size"
193973,Niagara,niagara-university-2788,Niagara University,Niagara University,NY,18,2,28,Regional Universities North,2653.0,1168.0,scorecard_avg,0.7451,8434.0,1.0,38840.39389370524,10.0,0.8737,0.8038,56196.0,6.1,intake+outcome+resources,"sat,grad6,spend,faculty_ft,endowment,class_size"
159966,Nicholls,nicholls-state-university-2005,Nicholls State University,Thibodaux,LA,19,1,64,Regional Universities South,4737.0,1090.0,scorecard_avg,0.538,5948.0,1.0,3571.867848849483,17.0,0.908,0.766,45454.0,3.5,intake+outcome+resources,"sat,grad6,spend,faculty_ft,endowment,class_size"
185828,NJIT,njit-2621,New Jersey Institute of Technology,Newark,NJ,15,1,80,National Universities,9019.0,1337.0,scorecard_avg,0.7276,16796.0,0.5795,17829.471116531768,16.0,0.6507,0.8954,84276.0,7.2,intake+outcome+resources,"sat,grad6,spend,faculty_ft,endowment,class_size"
101879,North Alabama,university-of-north-alabama-1016,University of North Alabama,Florence,AL,18,1,30,Regional Universities South,5811.0,1087.5,usnews_midpoint,0.5491,7717.0,0.5943,9202.801239029426,18.0,0.8731,0.7969,45415.0,3.2,intake+outcome+resources,"sat,grad6,spend,faculty_ft,endowment,class_size"
199120,North Carolina,university-of-north-carolina-chapel-hill-2974,University of North Carolina at Chapel Hill,Chapel Hill,NC,15,1,26,National Universities,20752.0,1439.0,scorecard_avg,0.9117,33767.0,0.7827,250617.37822860447,14.0,0.1534,0.9661,72200.0,8.9,intake+outcome+resources,"sat,grad6,spend,faculty_ft,endowment,class_size"
200280,North Dakota,university-of-north-dakota-3005,University of North Dakota,Grand Forks,ND,16,1,242,National Universities,9981.0,1205.0,usnews_midpoint,0.6048,18456.0,0.9247,36224.22602945597,17.0,0.769,0.8402,63552.0,6.2,intake+outcome+resources,"sat,grad6,spend,faculty_ft,endowment,class_size"
200332,North Dakota State,north-dakota-state-9265,North Dakota State University-Main Campus,Fargo,ND,15,1,232,National Universities,9471.0,1150.0,scorecard_avg,0.6389,11618.0,0.9751,46495.02481258579,17.0,0.9496,0.7842,62203.0,5.5,intake+outcome+resources,"sat,grad6,spend,faculty_ft,endowment,class_size"
136172,North Florida,university-of-north-florida-9841,University of North Florida,Jacksonville,FL,16,1,222,National Universities,13359.0,1153.0,scorecard_avg,0.6921,8135.0,0.9828,10046.776031140056,18.0,0.5324,0.8466,56343.0,5.2,intake+outcome+resources,"sat,grad6,spend,faculty_ft,endowment,class_size"
227216,North Texas,unt-3594,University of North Texas,Denton,TX,15,1,208,National Universities,34341.0,1109.0,scorecard_avg,0.6071,7601.0,0.7199,8343.279665705717,26.0,0.7223,0.7665,57010.0,3.8,intake+outcome+resources,"sat,grad6,spend,faculty_ft,endowment,class_size"
167358,Northeastern,northeastern-university-2199,Northeastern University,Boston,MA,15,2,46,National Universities,17326.0,1497.0,scorecard_avg,0.9054,21813.0,0.7023,89671.40563315249,16.0,0.0522,0.969,92538.0,8.7,intake+outcome+resources,"sat,grad6,spend,faculty_ft,endowment,class_size"
105330,Northern Arizona,northern-arizona-university-1082,Northern Arizona University,Flagstaff,AZ,16,1,242,National Universities,22903.0,1150.0,usnews_midpoint,0.6132,7753.0,0.7184,11082.836135004149,19.0,0.8961,0.7548,54384.0,4.4,intake+outcome+resources,"sat,grad6,spend,faculty_ft,endowment,class_size"
127741,Northern Colorado,university-of-northern-colorado-1349,University of Northern Colorado,Greeley,CO,17,1,343,National Universities,5598.0,1082.0,scorecard_avg,0.5124,10378.0,0.566,20071.08217220436,14.0,0.8585,0.7585,52231.0,3.4,intake+outcome+resources,"sat,grad6,spend,faculty_ft,endowment,class_size"
147703,Northern Illinois,northern-illinois-university-1737,Northern Illinois University,Dekalb,IL,16,1,301,National Universities,11301.0,,,0.4866,14474.0,0.7516,8916.589239890276,15.0,0.6979,0.6962,57808.0,4.4,outcome+resources,"grad6,spend,faculty_ft,endowment,class_size"
154095,Northern Iowa,university-of-northern-iowa-1890,University of Northern Iowa,Cedar Falls,IA,18,1,10,Regional Universities Midwest,7529.0,1122.0,scorecard_avg,0.6792,11070.0,0.7037,26997.25408420773,18.0,0.9274,0.8166,55177.0,5.0,intake+outcome+resources,"sat,grad6,spend,faculty_ft,endowment,class_size"
157447,Northern Kentucky,northern-kentucky-university-9275,Northern Kentucky University,Highland Heights,KY,17,1,384,National Universities,8246.0,1087.0,scorecard_avg,0.5224,9637.0,0.5482,15325.24860538443,17.0,0.6765,0.7551,50220.0,3.3,intake+outcome+resources,"sat,grad6,spend,faculty_ft,endowment,class_size"
147767,Northwestern,northwestern-university-1739,Northwestern University,Evanston,IL,15,2,7,National Universities,9201.0,1533.0,scorecard_avg,0.9513,48932.0,0.8297,1147048.0382567113,6.0,0.0769,0.981,89363.0,9.6,intake+outcome+resources,"sat,grad6,spend,faculty_ft,endowment,class_size"
160038,Northwestern State,northwestern-state-university-of-louisiana-2021,Northwestern State University of Louisiana,Natchitoches,LA,18,1,59,Regional Universities South,5519.0,1088.0,scorecard_avg,0.432,6994.0,0.6613,3207.6013770610616,14.0,0.9254,0.7087,47021.0,2.7,intake+outcome+resources,"sat,grad6,spend,faculty_ft,endowment,class_size"
152080,Notre Dame,university-of-notre-dame-1840,University of Notre Dame,Notre Dame,IN,15,2,20,National Universities,8818.0,1520.0,scorecard_avg,0.9517,38658.0,0.8813,1923400.0907235201,8.0,0.1127,0.9908,99980.0,9.6,intake+outcome+resources,"sat,grad6,spend,faculty_ft,endowment,class_size"
171571,Oakland,oakland-university-2307,Oakland University,Rochester Hills,MI,16,1,318,National Universities,12351.0,1120.0,scorecard_avg,0.5756,10989.0,0.5415,11066.62383612663,17.0,0.8784,0.7794,58612.0,4.2,intake+outcome+resources,"sat,grad6,spend,faculty_ft,endowment,class_size"
204857,Ohio,ohio-university-3100,Ohio University-Main Campus,Athens,OH,15,1,198,National Universities,19633.0,1212.0,scorecard_avg,0.6545,10470.0,0.7494,35525.40976926603,18.0,0.8499,0.8389,52581.0,5.8,intake+outcome+resources,"sat,grad6,spend,faculty_ft,endowment,class_size"
204796,Ohio State,ohio-state-6883,Ohio State University-Main Campus,Columbus,OH,15,1,41,National Universities,45638.0,1387.0,scorecard_avg,0.8772,23612.0,0.6272,161183.42775757043,14.0,0.6057,0.9423,60409.0,8.5,intake+outcome+resources,"sat,grad6,spend,faculty_ft,endowment,class_size"
207500,Oklahoma,the-university-of-oklahoma-3184,University of Oklahoma-Norman Campus,Norman,OK,15,1,110,National Universities,22734.0,1246.0,scorecard_avg,0.7533,14268.0,0.8481,71828.75868742852,18.0,0.766,0.9,63126.0,7.1,intake+outcome+resources,"sat,grad6,spend,faculty_ft,endowment,class_size"
207388,Oklahoma State,oklahoma-state-3170,Oklahoma State University-Main Campus,Stillwater,OK,15,1,198,National Universities,21773.0,1150.0,scorecard_avg,0.6817,10663.0,0.8585,26707.126165434252,19.0,0.7504,0.8478,57413.0,5.4,intake+outcome+resources,"sat,grad6,spend,faculty_ft,endowment,class_size"
232982,Old Dominion,old-dominion-3728,Old Dominion University,Norfolk,VA,15,1,293,National Universities,17514.0,1197.0,scorecard_avg,0.4632,12901.0,0.9572,17753.843896311522,13.0,0.9036,0.7691,54914.0,5.2,intake+outcome+resources,"sat,grad6,spend,faculty_ft,endowment,class_size"
176017,Ole Miss,university-of-mississippi-2440,University of Mississippi,University,MS,15,1,169,National Universities,21473.0,1184.0,scorecard_avg,0.7174,15881.0,0.8555,38917.56377776743,18.0,0.9658,0.8721,50994.0,6.4,intake+outcome+resources,"sat,grad6,spend,faculty_ft,endowment,class_size"
181394,Omaha,university-of-nebraska-omaha-2554,University of Nebraska at Omaha,Omaha,NE,16,1,301,National Universities,11488.0,1120.0,scorecard_avg,0.4708,10723.0,0.5583,10627.562674094708,15.0,0.8698,0.7787,53909.0,3.6,intake+outcome+resources,"sat,grad6,spend,faculty_ft,endowment,class_size"
207582,Oral Roberts,oral-roberts-university-3985,Oral Roberts University,Tulsa,OK,19,2,72,Regional Universities West,3487.0,1196.0,scorecard_avg,0.5683,6864.0,0.3957,13660.917694293088,17.0,0.989,0.8049,46885.0,4.3,intake+outcome+resources,"sat,grad6,spend,faculty_ft,endowment,class_size"
209551,Oregon,university-of-oregon-3223,University of Oregon,Eugene,OR,15,1,110,National Universities,20497.0,1272.0,scorecard_avg,0.7169,15863.0,0.7145,70955.47319119872,18.0,0.883,0.864,61324.0,7.1,intake+outcome+resources,"sat,grad6,spend,faculty_ft,endowment,class_size"
209542,Oregon State,oregon-state-3210,Oregon State University,Corvallis,OR,15,1,143,National Universities,30743.0,1290.0,scorecard_avg,0.7011,12607.0,0.7838,30800.343818104935,17.0,0.773,0.8776,64010.0,6.9,intake+outcome+resources,"sat,grad6,spend,faculty_ft,endowment,class_size"
120883,Pacific,university-of-the-pacific-1329,University of the Pacific,Stockton,CA,17,2,139,National Universities,3204.0,1346.0,scorecard_avg,0.6905,22165.0,0.5471,186873.85955056178,13.0,0.7132,0.8846,78445.0,7.7,intake+outcome+resources,"sat,grad6,spend,faculty_ft,endowment,class_size"
215062,Penn,university-of-pennsylvania-3378,University of Pennsylvania,Philadelphia,PA,15,2,7,National Universities,10650.0,1553.0,scorecard_avg,0.9654,67953.0,0.7865,1968351.2676056337,8.0,0.054,0.9888,111371.0,9.6,intake+outcome+resources,"sat,grad6,spend,faculty_ft,endowment,class_size"
214777,Penn State,penn-state-6965,Pennsylvania State University-Main Campus,University Park,PA,15,1,59,National Universities,42284.0,1337.0,scorecard_avg,0.8609,15699.0,0.8648,92383.18136883927,16.0,0.6056,0.9264,63435.0,8.2,intake+outcome+resources,"sat,grad6,spend,faculty_ft,endowment,class_size"
121150,Pepperdine,pepperdine-university-1264,Pepperdine University,Malibu,CA,17,2,84,National Universities,3553.0,1384.0,scorecard_avg,0.8335,10390.0,0.4678,343054.0388404165,12.0,0.6286,0.8757,82939.0,7.7,intake+outcome+resources,"sat,grad6,spend,faculty_ft,endowment,class_size"
215293,Pittsburgh,university-of-pittsburgh-3379,University of Pittsburgh-Pittsburgh Campus,Pittsburgh,PA,15,1,69,National Universities,20370.0,1370.0,scorecard_avg,0.855,21712.0,0.8067,267238.22577319585,13.0,0.5808,0.9199,66125.0,8.6,intake+outcome+resources,"sat,grad6,spend,faculty_ft,endowment,class_size"
209825,Portland,university-of-portland-3224,University of Portland,Portland,OR,19,2,2,Regional Universities West,2957.0,1277.0,scorecard_avg,0.7984,19056.0,0.5891,101755.83361515049,9.0,0.8917,0.8832,82804.0,7.8,intake+outcome+resources,"sat,grad6,spend,faculty_ft,endowment,class_size"
209807,Portland State,portland-state-3216,Portland State University,Portland,OR,16,1,222,National Universities,13182.0,1110.0,usnews_midpoint,0.5266,13280.0,0.5679,8511.397056592323,17.0,0.9087,0.7611,57906.0,3.9,intake+outcome+resources,"sat,grad6,spend,faculty_ft,endowment,class_size"
227526,Prairie View A&M,prairie-view-am-university-3630,Prairie View A & M University,Prairie View,TX,16,1,343,National Universities,8877.0,980.0,scorecard_avg,0.432,8353.0,0.8204,15751.836543877436,16.0,0.7931,0.7562,45411.0,2.5,intake+outcome+resources,"sat,grad6,spend,faculty_ft,endowment,class_size"
218539,Presbyterian,presbyterian-college-3445,Presbyterian College,Clinton,SC,21,2,163,National Liberal Arts Colleges,852.0,1118.0,scorecard_avg,0.5146,13172.0,0.9894,120485.51877934272,11.0,0.6837,0.7955,60194.0,5.0,intake+outcome+resources,"sat,grad6,spend,faculty_ft,endowment,class_size"
186131,Princeton,princeton-university-2627,Princeton University,Princeton,NJ,15,2,1,National Universities,5709.0,1553.0,scorecard_avg,0.9761,73220.0,0.867,5847059.555088457,5.0,0.0462,0.9835,110066.0,9.7,intake+outcome+resources,"sat,grad6,spend,faculty_ft,endowment,class_size"
217402,Providence,providence-college-3406,Providence College,Providence,RI,18,2,2,Regional Universities North,4229.0,1346.0,scorecard_avg,0.8582,17553.0,0.7234,76057.53298652163,11.0,0.5089,0.9395,87054.0,8.3,intake+outcome+resources,"sat,grad6,spend,faculty_ft,endowment,class_size"
243780,Purdue,purdue-university-west-lafayette-1825,Purdue University-Main Campus,West Lafayette,IN,15,1,46,National Universities,44503.0,1364.0,scorecard_avg,0.831,20511.0,0.9609,82595.28234051637,15.0,0.4987,0.927,72424.0,8.4,intake+outcome+resources,"sat,grad6,spend,faculty_ft,endowment,class_size"
151102,Purdue Fort Wayne,purdue-university-fort-wayne-1812,Purdue University Fort Wayne,Fort Wayne,IN,19,1,112,Regional Universities Midwest,5484.0,1100.0,scorecard_avg,0.3627,10031.0,0.9755,14275.0,13.0,0.8389,0.6657,45872.0,3.6,intake+outcome+resources,"sat,grad6,spend,faculty_ft,endowment,class_size"
199412,Queens,queens-university-charlotte-2957,Queens University of Charlotte,Charlotte,NC,18,2,16,Regional Universities South,1211.0,1206.0,scorecard_avg,0.6131,10698.0,0.5605,126720.1205615194,7.0,0.6208,0.7406,57673.0,5.9,intake+outcome+resources,"sat,grad6,spend,faculty_ft,endowment,class_size"
130226,Quinnipiac,quinnipiac-university-1402,Quinnipiac University,Hamden,CT,17,2,179,National Universities,6531.0,1242.0,scorecard_avg,0.757,13460.0,0.3598,117940.30852855611,12.0,0.7215,0.8912,83759.0,6.9,intake+outcome+resources,"sat,grad6,spend,faculty_ft,endowment,class_size"
233277,Radford,radford-university-3732,Radford University,Radford,VA,17,1,329,National Universities,6038.0,1060.0,scorecard_avg,0.4866,14638.0,0.6767,11173.200728718119,14.0,0.8953,0.7557,53739.0,3.6,intake+outcome+resources,"sat,grad6,spend,faculty_ft,endowment,class_size"
217484,Rhode Island,university-of-rhode-island-3414,University of Rhode Island,Kingston,RI,16,1,151,National Universities,13381.0,1160.0,scorecard_avg,0.7331,10555.0,0.6941,21490.957178088334,17.0,0.7216,0.8362,69743.0,5.5,intake+outcome+resources,"sat,grad6,spend,faculty_ft,endowment,class_size"
227757,Rice,rice-3604,Rice University,Houston,TX,15,2,17,National Universities,4776.0,1553.0,scorecard_avg,0.9464,47816.0,0.8381,1612359.5058626465,6.0,0.08,0.9741,89718.0,9.7,intake+outcome+resources,"sat,grad6,spend,faculty_ft,endowment,class_size"
233374,Richmond,university-of-richmond-3744,University of Richmond,University of Richmond,VA,21,2,22,National Liberal Arts Colleges,2980.0,1497.0,scorecard_avg,0.852,27137.0,0.736,1057058.0536912752,7.0,0.222,0.9075,76178.0,9.1,intake+outcome+resources,"sat,grad6,spend,faculty_ft,endowment,class_size"
186283,Rider,rider-university-2628,Rider University,Lawrenceville,NJ,18,2,45,Regional Universities North,3106.0,1227.0,scorecard_avg,0.6133,13714.0,0.4647,23561.81584030908,13.0,0.7864,0.7836,62208.0,5.9,intake+outcome+resources,"sat,grad6,spend,faculty_ft,endowment,class_size"
215655,Robert Morris,robert-morris-university-pennsylvania-3359,Robert Morris University,Moon Township,PA,17,2,208,National Universities,2896.0,,,0.6569,9132.0,1.0,15720.141574585636,14.0,0.8989,0.832,62105.0,5.6,outcome+resources,"grad6,spend,faculty_ft,endowment,class_size"
186380,Rutgers,rutgers-new-brunswick-6964,Rutgers University-New Brunswick,New Brunswick,NJ,15,1,42,National Universities,37751.0,1410.0,scorecard_avg,0.8363,20585.0,0.5255,41300.81322349077,16.0,0.5815,0.9302,74479.0,8.0,intake+outcome+resources,"sat,grad6,spend,faculty_ft,endowment,class_size"
110617,Sacramento State,california-state-university-sacramento-1150,California State University-Sacramento,Sacramento,CA,18,1,22,Regional Universities West,28350.0,,,0.5629,8604.0,0.49,2631.556578483245,23.0,0.9399,0.8191,64876.0,3.2,outcome+resources,"grad6,spend,faculty_ft,endowment,class_size"
130253,Sacred Heart,sacred-heart-university-1403,Sacred Heart University,Fairfield,CT,17,2,242,National Universities,7087.0,1260.0,usnews_midpoint,0.7346,9979.0,0.3312,37868.520248342036,15.0,0.6536,0.8308,75059.0,6.3,intake+outcome+resources,"sat,grad6,spend,faculty_ft,endowment,class_size"
215743,Saint Francis (PA),saint-francis-university-3366,Saint Francis University,Loretto,PA,18,2,55,Regional Universities North,1557.0,1155.0,scorecard_avg,0.7439,10246.0,1.0,38568.666666666664,,0.7682,0.8302,62101.0,6.1,intake+outcome+resources,"sat,grad6,spend,faculty_ft,endowment"
215770,Saint Joseph's,saint-josephs-university-3367,Saint Joseph's University - Philadelphia,Philadelphia,PA,18,2,6,Regional Universities North,4948.0,1258.0,scorecard_avg,0.7884,11891.0,1.0,94601.01596604689,11.0,0.8883,0.8868,86881.0,7.6,intake+outcome+resources,"sat,grad6,spend,faculty_ft,endowment,class_size"
179159,Saint Louis,saint-louis-university-2506,Saint Louis University,Saint Louis,MO,16,2,102,National Universities,7267.0,1317.0,scorecard_avg,0.7953,16954.0,0.634,238238.9171597633,9.0,0.7504,0.8784,70783.0,8.1,intake+outcome+resources,"sat,grad6,spend,faculty_ft,endowment,class_size"
123554,Saint Mary's,st-marys-college-of-california-1302,Saint Mary's College of California,Moraga,CA,18,2,7,Regional Universities West,1947.0,,,0.703,14094.0,0.611,87620.44170518746,10.0,0.8653,0.8537,78812.0,6.9,outcome+resources,"grad6,spend,faculty_ft,endowment,class_size"
186432,Saint Peter's,saint-peters-university-2638,Saint Peter's University,Jersey City,NJ,18,2,38,Regional Universities North,2135.0,1029.0,usnews_midpoint,0.5826,7315.0,0.3075,18370.32131147541,12.0,0.903,0.7178,57815.0,3.0,intake+outcome+resources,"sat,grad6,spend,faculty_ft,endowment,class_size"
227881,Sam Houston,sam-houston-state-university-3606,Sam Houston State University,Huntsville,TX,16,1,257,National Universities,17743.0,1041.0,scorecard_avg,0.5476,7981.0,0.7914,9225.702361494674,21.0,0.9026,0.7325,54211.0,3.0,intake+outcome+resources,"sat,grad6,spend,faculty_ft,endowment,class_size"
102049,Samford,samford-university-1036,Samford University,Birmingham,AL,17,2,179,National Universities,4206.0,1201.0,scorecard_avg,0.7704,16043.0,0.9898,105437.71540656206,13.0,0.8236,0.9287,58469.0,7.2,intake+outcome+resources,"sat,grad6,spend,faculty_ft,endowment,class_size"
122436,San Diego,university-of-san-diego-10395,University of San Diego,San Diego,CA,16,2,110,National Universities,5671.0,,,0.8367,18725.0,0.5446,118753.65896667255,13.0,0.5238,0.914,86522.0,7.7,outcome+resources,"grad6,spend,faculty_ft,endowment,class_size"
122409,San Diego State,san-diego-state-university-1151,San Diego State University,San Diego,CA,16,1,117,National Universities,35377.0,,,0.7643,8619.0,0.5005,12265.816801876927,24.0,0.3619,0.9063,64909.0,5.1,outcome+resources,"grad6,spend,faculty_ft,endowment,class_size"
122612,San Francisco,university-of-san-francisco-1325,University of San Francisco,San Francisco,CA,17,2,110,National Universities,5287.0,1295.0,scorecard_avg,0.7006,20560.0,0.3982,96391.5263854738,11.0,0.6171,0.8369,89812.0,7.4,intake+outcome+resources,"sat,grad6,spend,faculty_ft,endowment,class_size"
122755,San Jose State,san-jose-state-university-1155,San Jose State University,San Jose,CA,18,1,4,Regional Universities West,27601.0,1205.0,usnews_midpoint,0.6922,9020.0,0.4369,6616.99731893772,26.0,0.8461,0.8684,78988.0,5.1,intake+outcome+resources,"sat,grad6,spend,faculty_ft,endowment,class_size"
122931,Santa Clara,santa-clara-university-1326,Santa Clara University,Santa Clara,CA,17,2,59,National Universities,6552.0,1426.0,scorecard_avg,0.8792,22421.0,0.7182,225621.79487179487,11.0,0.48,0.9392,109183.0,8.8,intake+outcome+resources,"sat,grad6,spend,faculty_ft,endowment,class_size"
236595,Seattle,seattle-university-3790,Seattle University,Seattle,WA,17,2,151,National Universities,4062.0,1307.0,scorecard_avg,0.7551,18739.0,0.6705,73313.32323978336,11.0,0.7692,0.8422,75272.0,7.8,intake+outcome+resources,"sat,grad6,spend,faculty_ft,endowment,class_size"
186584,Seton Hall,seton-hall-university-new-jersey-2632,Seton Hall University,South Orange,NJ,16,2,158,National Universities,6036.0,1322.0,scorecard_avg,0.6949,12862.0,0.9308,55635.68588469185,14.0,0.7326,0.8145,70196.0,7.4,intake+outcome+resources,"sat,grad6,spend,faculty_ft,endowment,class_size"
195474,Siena,siena-university-2816,Siena University,Loudonville,NY,20,2,16,Regional Universities North,3409.0,1254.0,scorecard_avg,0.7473,10282.0,0.6404,50253.72601936052,12.0,0.6902,0.8269,76079.0,6.7,intake+outcome+resources,"sat,grad6,spend,faculty_ft,endowment,class_size"
149231,SIU Edwardsville,southern-illinois-university-edwardsville-1759,Southern Illinois University Edwardsville,Edwardsville,IL,17,1,363,National Universities,8750.0,1100.0,scorecard_avg,0.5697,14215.0,0.7204,4055.133142857143,15.0,0.975,0.757,56346.0,4.4,intake+outcome+resources,"sat,grad6,spend,faculty_ft,endowment,class_size"
228246,SMU,smu-3613,Southern Methodist University,Dallas,TX,16,2,88,National Universities,7277.0,1428.0,scorecard_avg,0.8427,18509.0,0.6916,278181.3934313591,11.0,0.6335,0.9052,78354.0,8.6,intake+outcome+resources,"sat,grad6,spend,faculty_ft,endowment,class_size"
102094,South Alabama,university-of-south-alabama-1057,University of South Alabama,Mobile,AL,16,1,363,National Universities,8879.0,1147.0,scorecard_avg,0.5267,11135.0,0.6516,58830.58632728911,19.0,0.7096,0.7574,49379.0,4.5,intake+outcome+resources,"sat,grad6,spend,faculty_ft,endowment,class_size"
218663,South Carolina,university-of-south-carolina-3448,University of South Carolina-Columbia,Columbia,SC,15,1,127,National Universities,29820.0,1297.0,scorecard_avg,0.7882,14139.0,0.7509,24074.82038900067,19.0,0.6015,0.922,62177.0,7.3,intake+outcome+resources,"sat,grad6,spend,faculty_ft,endowment,class_size"
218733,South Carolina State,south-carolina-state-university-3446,South Carolina State University,Orangeburg,SC,20,1,88,Regional Universities South,2934.0,925.0,usnews_midpoint,0.3663,8130.0,1.0,5850.171097477846,19.0,0.8262,0.5646,38262.0,2.2,intake+outcome+resources,"sat,grad6,spend,faculty_ft,endowment,class_size"
219471,South Dakota,university-of-south-dakota-10300,University of South Dakota,Vermillion,SD,16,1,283,National Universities,5439.0,1125.0,scorecard_avg,0.5991,11862.0,0.6522,53188.223938223935,16.0,0.9878,0.7934,51926.0,4.9,intake+outcome+resources,"sat,grad6,spend,faculty_ft,endowment,class_size"
219356,South Dakota State,south-dakota-state-university-3471,South Dakota State University,Brookings,SD,16,1,257,National Universities,9198.0,1120.0,scorecard_avg,0.6235,10257.0,0.8065,25749.582300500108,17.0,0.9834,0.8381,55070.0,4.7,intake+outcome+resources,"sat,grad6,spend,faculty_ft,endowment,class_size"
137351,South Florida,university-of-south-florida-1537,University of South Florida,Tampa,FL,15,1,88,National Universities,37207.0,1227.0,scorecard_avg,0.7676,13361.0,0.7308,17143.944929717527,21.0,0.4319,0.9128,57743.0,6.5,intake+outcome+resources,"sat,grad6,spend,faculty_ft,endowment,class_size"
179557,Southeast Missouri State,southeast-missouri-state-2501,Southeast Missouri State University,Cape Girardeau,MO,18,1,68,Regional Universities Midwest,6373.0,950.0,scorecard_avg,0.5793,6248.0,0.6822,16527.102149694023,20.0,0.7352,0.7576,44030.0,2.7,intake+outcome+resources,"sat,grad6,spend,faculty_ft,endowment,class_size"
160612,Southeastern Louisiana,southeastern-louisiana-university-2024,Southeastern Louisiana University,Hammond,LA,18,1,74,Regional Universities South,9514.0,1090.0,scorecard_avg,0.4541,6646.0,0.8023,2284.600168173218,21.0,0.9931,0.7253,46482.0,2.8,intake+outcome+resources,"sat,grad6,spend,faculty_ft,endowment,class_size"
160621,Southern,southern-university-and-am-college-9636,Southern University and A & M College,Baton Rouge,LA,16,1,395-434,National Universities,5519.0,942.0,scorecard_avg,0.2709,5687.0,0.9908,2177.5044392100017,17.0,0.3512,0.6031,43371.0,1.9,intake+outcome+resources,"sat,grad6,spend,faculty_ft,endowment,class_size"
149222,Southern Illinois,southern-illinois-university-carbondale-1758,Southern Illinois University-Carbondale,Carbondale,IL,16,1,301,National Universities,8494.0,1055.0,scorecard_avg,0.6241,18042.0,0.7949,22101.33494231222,11.0,0.8688,0.668,53390.0,4.8,intake+outcome+resources,"sat,grad6,spend,faculty_ft,endowment,class_size"
151306,Southern Indiana,university-of-southern-indiana-1808,University of Southern Indiana,Evansville,IN,18,1,78,Regional Universities Midwest,5292.0,1141.0,scorecard_avg,0.4818,9774.0,1.0,26506.81538170824,15.0,0.9581,0.75,47605.0,4.4,intake+outcome+resources,"sat,grad6,spend,faculty_ft,endowment,class_size"
176372,Southern Miss,university-of-southern-mississippi-2441,University of Southern Mississippi,Hattiesburg,MS,15,1,318,National Universities,10075.0,1190.0,scorecard_avg,0.4906,8263.0,1.0,13917.747096774194,18.0,0.9912,0.7209,44140.0,4.6,intake+outcome+resources,"sat,grad6,spend,faculty_ft,endowment,class_size"
230603,Southern Utah,southern-utah-university-3678,Southern Utah University,Cedar City,UT,18,1,64,Regional Universities West,9289.0,,,0.6067,7459.0,0.7333,3925.8094520400473,22.0,0.8179,0.7552,50296.0,3.9,outcome+resources,"grad6,spend,faculty_ft,endowment,class_size"
195164,St. Bonaventure,st-bonaventure-university-2817,St Bonaventure University,Saint Bonaventure,NY,19,2,25,Regional Universities North,2012.0,1197.0,scorecard_avg,0.6673,8900.0,0.6579,40171.3036779324,12.0,0.8165,0.8589,57214.0,5.7,intake+outcome+resources,"sat,grad6,spend,faculty_ft,endowment,class_size"
195809,St. John's,st-johns-university-2823,St. John's University-New York,Queens,NY,17,2,151,National Universities,9477.0,1244.0,scorecard_avg,0.6609,13576.0,0.4585,82517.041257782,,0.8343,0.787,69571.0,6.4,intake+outcome+resources,"sat,grad6,spend,faculty_ft,endowment"
174914,St. Thomas,university-of-st-thomas-2345,University of St Thomas,Saint Paul,MN,17,2,158,National Universities,6245.0,1296.0,scorecard_avg,0.7638,15681.0,0.4897,113726.66132906325,,0.8536,0.8845,73739.0,7.5,intake+outcome+resources,"sat,grad6,spend,faculty_ft,endowment"
243744,Stanford,stanford-university-1305,Stanford University,Stanford,CA,15,2,4,National Universities,7554.0,1553.0,scorecard_avg,0.9192,154517.0,0.9917,4831201.085517607,6.0,0.0361,0.9818,124080.0,9.8,intake+outcome+resources,"sat,grad6,spend,faculty_ft,endowment,class_size"
228431,Stephen F. Austin,stephen-f-austin-state-university-3624,Stephen F Austin State University,Nacogdoches,TX,18,1,38,Regional Universities West,8728.0,1066.0,scorecard_avg,0.5333,9033.0,0.7604,14362.104605866178,,0.9399,0.7169,49634.0,3.4,intake+outcome+resources,"sat,grad6,spend,faculty_ft,endowment"
137546,Stetson,stetson-university-1531,Stetson University,DeLand,FL,18,2,7,Regional Universities South,2297.0,1176.0,scorecard_avg,0.6229,14922.0,0.6604,158314.37396604265,10.0,0.716,0.7818,51642.0,6.1,intake+outcome+resources,"sat,grad6,spend,faculty_ft,endowment,class_size"
167996,Stonehill,stonehill-college-2217,Stonehill College,Easton,MA,21,2,82,National Liberal Arts Colleges,2528.0,,,0.76,15436.0,0.5819,114940.09889240506,12.0,0.6628,0.8396,77745.0,7.3,outcome+resources,"grad6,spend,faculty_ft,endowment,class_size"
196097,Stony Brook,stony-brook-suny-2838,Stony Brook University,Stony Brook,NY,15,1,59,National Universities,18101.0,1419.0,scorecard_avg,0.7556,22608.0,0.6174,21476.06883597591,19.0,0.4904,0.8981,74502.0,7.7,intake+outcome+resources,"sat,grad6,spend,faculty_ft,endowment,class_size"
196413,Syracuse,syracuse-university-2882,Syracuse University,Syracuse,NY,15,2,75,National Universities,15477.0,1375.0,scorecard_avg,0.8361,20551.0,0.6844,121240.37578342056,15.0,0.4592,0.9013,79164.0,8.3,intake+outcome+resources,"sat,grad6,spend,faculty_ft,endowment,class_size"
228529,Tarleton State,tarleton-state-university-3631,Tarleton State University,Stephenville,TX,16,1,373,National Universities,12673.0,1075.0,scorecard_avg,0.4821,5674.0,0.5942,7603.13169730924,24.0,0.8955,0.6985,53040.0,2.5,intake+outcome+resources,"sat,grad6,spend,faculty_ft,endowment,class_size"
228875,TCU,texas-christian-university-3636,Texas Christian University,Fort Worth,TX,16,2,97,National Universities,11026.0,1298.0,scorecard_avg,0.8551,20405.0,1.0,227060.49337928533,14.0,0.4449,0.9287,68424.0,8.4,intake+outcome+resources,"sat,grad6,spend,faculty_ft,endowment,class_size"
216339,Temple,temple-university-3371,Temple University,Philadelphia,PA,15,1,102,National Universities,20970.0,1285.0,usnews_midpoint,0.7505,18465.0,0.5657,41523.36671435384,12.0,0.8041,0.8261,63727.0,7.4,intake+outcome+resources,"sat,grad6,spend,faculty_ft,endowment,class_size"
221759,Tennessee,university-of-tennessee-knoxville-3530,The University of Tennessee-Knoxville,Knoxville,TN,15,1,102,National Universities,30418.0,1311.0,scorecard_avg,0.7392,13098.0,0.8341,34647.41981721349,18.0,0.416,0.919,60249.0,7.3,intake+outcome+resources,"sat,grad6,spend,faculty_ft,endowment,class_size"
221847,Tennessee Tech,tennessee-tech-3523,Tennessee Technological University,Cookeville,TN,16,1,257,National Universities,8698.0,1151.0,scorecard_avg,0.5767,10861.0,0.7601,10930.602207404001,17.0,0.7613,0.7816,48501.0,4.8,intake+outcome+resources,"sat,grad6,spend,faculty_ft,endowment,class_size"
228778,Texas,the-university-of-texas-austin-3658,The University of Texas at Austin,Austin,TX,15,1,30,National Universities,42855.0,1395.0,scorecard_avg,0.889,20294.0,0.8419,133968.65096254813,18.0,0.2664,0.9674,75121.0,8.5,intake+outcome+resources,"sat,grad6,spend,faculty_ft,endowment,class_size"
228723,Texas A&M,texas-am-university-college-station-10366,Texas A&M University-College Station,College Station,TX,15,1,51,National Universities,59615.0,1280.0,scorecard_avg,0.8391,19596.0,0.8885,304093.20800134196,21.0,0.5743,0.9431,72097.0,8.0,intake+outcome+resources,"sat,grad6,spend,faculty_ft,endowment,class_size"
224147,Texas A&M-Corpus Christi,texas-am-university-corpus-christi-11161,Texas A & M University-Corpus Christi,Corpus Christi,TX,16,1,395-434,National Universities,8034.0,1086.0,scorecard_avg,0.4015,9222.0,0.7653,16349.203012198157,19.0,0.8858,0.5843,51865.0,2.9,intake+outcome+resources,"sat,grad6,spend,faculty_ft,endowment,class_size"
229063,Texas Southern,texas-southern-university-3642,Texas Southern University,Houston,TX,16,1,395-434,National Universities,6844.0,914.0,scorecard_avg,0.2216,8340.0,0.5882,12499.42665108124,17.0,0.9691,0.6621,38924.0,1.8,intake+outcome+resources,"sat,grad6,spend,faculty_ft,endowment,class_size"
228459,Texas State,texas-state-university-3615,Texas State University,San Marcos,TX,16,1,257,National Universities,36177.0,1103.0,scorecard_avg,0.5528,6786.0,0.7942,9912.716670812948,21.0,0.8932,0.8008,56906.0,3.6,intake+outcome+resources,"sat,grad6,spend,faculty_ft,endowment,class_size"
229115,Texas Tech,texas-tech-university-3644,Texas Tech University,Lubbock,TX,15,1,198,National Universities,32394.0,1190.0,scorecard_avg,0.6869,8554.0,0.8532,30186.318639254183,20.0,0.7265,0.8495,62454.0,5.6,intake+outcome+resources,"sat,grad6,spend,faculty_ft,endowment,class_size"
217864,The Citadel,the-citadel-the-military-college-of-south-carolina-3423,Citadel Military College of South Carolina,Charleston,SC,18,1,1,Regional Universities South,2705.0,1208.0,scorecard_avg,0.75,10016.0,0.6981,148534.1637707948,11.0,0.2272,0.8578,72085.0,6.6,intake+outcome+resources,"sat,grad6,spend,faculty_ft,endowment,class_size"
206084,Toledo,the-university-of-toledo-3131,University of Toledo,Toledo,OH,16,1,293,National Universities,9770.0,1235.0,scorecard_avg,0.5704,15494.0,0.7449,37355.01780962129,18.0,0.9202,0.773,50632.0,6.0,intake+outcome+resources,"sat,grad6,spend,faculty_ft,endowment,class_size"
164076,Towson,towson-university-2099,Towson University,Towson,MD,18,1,11,Regional Universities North,16136.0,1095.0,scorecard_avg,0.6946,10084.0,0.5713,6172.033341596431,14.0,0.8197,0.8277,64390.0,4.4,intake+outcome+resources,"sat,grad6,spend,faculty_ft,endowment,class_size"
102368,Troy,troy-university-1047,Troy University,Troy,AL,18,1,45,Regional Universities South,9805.0,1088.0,scorecard_avg,0.503,8209.0,0.4836,18467.540948495665,16.0,0.9604,0.7121,42062.0,3.0,intake+outcome+resources,"sat,grad6,spend,faculty_ft,endowment,class_size"
207971,Tulsa,university-of-tulsa-3185,University of Tulsa,Tulsa,OK,16,2,158,National Universities,2813.0,1389.0,scorecard_avg,0.7229,18075.0,0.7055,449341.98364735156,10.0,0.6151,0.9211,61408.0,8.3,intake+outcome+resources,"sat,grad6,spend,faculty_ft,endowment,class_size"
100663,UAB,university-of-alabama-at-birmingham-1052,University of Alabama at Birmingham,Birmingham,AL,15,1,132,National Universities,11635.0,1258.0,scorecard_avg,0.6423,17855.0,0.7704,63547.3067468844,18.0,0.8818,0.8009,54501.0,6.8,intake+outcome+resources,"sat,grad6,spend,faculty_ft,endowment,class_size"
110644,UC Davis,university-of-california-davis-1313,University of California-Davis,Davis,CA,15,1,32,National Universities,32253.0,,,0.8567,34097.0,0.8759,21117.53945369423,22.0,0.4183,0.9281,80838.0,7.8,outcome+resources,"grad6,spend,faculty_ft,endowment,class_size"
110653,UC Irvine,university-of-california-irvine-1314,University of California-Irvine,Irvine,CA,15,1,32,National Universities,30197.0,,,0.8687,29852.0,0.8318,26356.426135046528,19.0,0.2857,0.9405,80735.0,7.9,outcome+resources,"grad6,spend,faculty_ft,endowment,class_size"
110671,UC Riverside,university-of-california-riverside-1316,University of California-Riverside,Riverside,CA,15,1,75,National Universities,22593.0,,,0.7596,16225.0,0.8947,11148.32027619174,22.0,0.7639,0.876,67699.0,6.9,outcome+resources,"grad6,spend,faculty_ft,endowment,class_size"
110680,UC San Diego,university-of-california-san-diego-1317,University of California-San Diego,La Jolla,CA,15,1,29,National Universities,34948.0,,,0.8605,26067.0,0.8766,38866.973789630305,19.0,0.2671,0.9402,84943.0,8.0,outcome+resources,"grad6,spend,faculty_ft,endowment,class_size"
110705,UC Santa Barbara,university-of-california-santa-barbara-1320,University of California-Santa Barbara,Santa Barbara,CA,15,1,40,National Universities,23113.0,,,0.8303,17118.0,0.8994,16312.421580928481,17.0,0.3297,0.93,74915.0,7.4,outcome+resources,"grad6,spend,faculty_ft,endowment,class_size"
132903,UCF,ucf-3954,University of Central Florida,Orlando,FL,15,1,117,National Universities,59146.0,1269.0,scorecard_avg,0.7801,7831.0,0.9851,3145.22126601968,28.0,0.4011,0.9235,58308.0,6.4,intake+outcome+resources,"sat,grad6,spend,faculty_ft,endowment,class_size"
110662,UCLA,ucla-1315,University of California-Los Angeles,Los Angeles,CA,15,1,17,National Universities,33475.0,,,0.9262,73875.0,0.7512,94447.55787901419,20.0,0.0897,0.9731,82511.0,8.3,outcome+resources,"grad6,spend,faculty_ft,endowment,class_size"
129020,UConn,uconn-29013,University of Connecticut,Storrs,CT,15,1,69,National Universities,19835.0,1348.0,scorecard_avg,0.8329,23435.0,0.6963,27539.668263171163,17.0,0.5239,0.9246,73997.0,7.9,intake+outcome+resources,"sat,grad6,spend,faculty_ft,endowment,class_size"
145600,UIC,university-of-illinois-chicago-1776,University of Illinois Chicago,Chicago,IL,15,1,84,National Universities,22170.0,1250.0,scorecard_avg,0.6162,28590.0,0.7104,23681.150338294992,17.0,0.7735,0.8021,68740.0,6.5,intake+outcome+resources,"sat,grad6,spend,faculty_ft,endowment,class_size"
166629,UMass,umass-amherst-2221,University of Massachusetts-Amherst,Amherst,MA,15,1,64,National Universities,23671.0,1423.0,scorecard_avg,0.8326,20843.0,0.8123,21412.48692492924,17.0,0.5973,0.9191,71631.0,8.2,intake+outcome+resources,"sat,grad6,spend,faculty_ft,endowment,class_size"
166513,UMass Lowell,university-of-massachusetts-lowell-2161,University of Massachusetts-Lowell,Lowell,MA,16,1,151,National Universities,11434.0,1285.0,scorecard_avg,0.6482,15274.0,0.604,15909.21812139234,17.0,0.8304,0.8399,64874.0,6.5,intake+outcome+resources,"sat,grad6,spend,faculty_ft,endowment,class_size"
163268,UMBC,umbc-2105,University of Maryland-Baltimore County,Baltimore,MD,15,1,127,National Universities,10701.0,1323.0,scorecard_avg,0.7001,14455.0,0.6651,14943.984393981871,17.0,0.7243,0.8505,69960.0,7.0,intake+outcome+resources,"sat,grad6,spend,faculty_ft,endowment,class_size"
199111,UNC Asheville,university-of-north-carolina-asheville-2907,University of North Carolina Asheville,Asheville,NC,21,1,135,National Liberal Arts Colleges,2910.0,1251.0,scorecard_avg,0.5448,13642.0,0.828,24517.35910652921,13.0,0.9192,0.7209,44030.0,6.1,intake+outcome+resources,"sat,grad6,spend,faculty_ft,endowment,class_size"
199148,UNC Greensboro,university-of-north-carolina-greensboro-2976,University of North Carolina at Greensboro,Greensboro,NC,16,1,198,National Universities,14062.0,1193.0,scorecard_avg,0.5631,9830.0,0.7684,27788.69350021334,18.0,0.8851,0.7891,48160.0,5.1,intake+outcome+resources,"sat,grad6,spend,faculty_ft,endowment,class_size"
199218,UNC Wilmington,university-of-north-carolina-wilmington-2984,University of North Carolina Wilmington,Wilmington,NC,16,1,198,National Universities,14922.0,1287.0,scorecard_avg,0.7059,10765.0,0.7205,9895.273153732744,17.0,0.6424,0.8816,54967.0,6.5,intake+outcome+resources,"sat,grad6,spend,faculty_ft,endowment,class_size"
182281,UNLV,unlv-2569,University of Nevada-Las Vegas,Las Vegas,NV,15,1,232,National Universities,24622.0,1094.0,scorecard_avg,0.5051,16939.0,0.9919,15603.444074405004,19.0,0.9617,0.7922,55037.0,4.3,intake+outcome+resources,"sat,grad6,spend,faculty_ft,endowment,class_size"
123961,USC,university-of-southern-california-1328,University of Southern California,Los Angeles,CA,15,2,28,National Universities,20443.0,1495.0,scorecard_avg,0.9183,49674.0,0.5898,371231.1793768038,8.0,0.0981,0.9593,92498.0,9.1,intake+outcome+resources,"sat,grad6,spend,faculty_ft,endowment,class_size"
218742,USC Upstate,university-of-south-carolina-upstate-6951,University of South Carolina-Upstate,Spartanburg,SC,22,1,7,Regional Colleges South,4038.0,1099.0,scorecard_avg,0.4304,10088.0,0.555,3125.662951956414,15.0,0.6726,0.6985,48587.0,3.1,intake+outcome+resources,"sat,grad6,spend,faculty_ft,endowment,class_size"
221768,UT Martin,the-university-of-tennessee-at-martin-3531,The University of Tennessee-Martin,Martin,TN,19,1,20,Regional Universities South,4866.0,1120.0,scorecard_avg,0.5254,11509.0,0.6808,11495.367447595561,16.0,0.882,0.7696,44213.0,4.1,intake+outcome+resources,"sat,grad6,spend,faculty_ft,endowment,class_size"
227368,UT Rio Grande Valley,the-university-of-texas-rio-grande-valley-666978,The University of Texas Rio Grande Valley,Edinburg,TX,16,1,213,National Universities,28666.0,985.0,scorecard_avg,0.509,8787.0,0.8373,4672.51793064955,20.0,0.9419,0.8111,49620.0,2.7,intake+outcome+resources,"sat,grad6,spend,faculty_ft,endowment,class_size"
230764,Utah,university-of-utah-3675,University of Utah,Salt Lake City,UT,15,1,151,National Universities,27264.0,1257.0,scorecard_avg,0.6505,17724.0,0.8759,58296.69160798122,19.0,0.8598,0.8619,67170.0,6.9,intake+outcome+resources,"sat,grad6,spend,faculty_ft,endowment,class_size"
230728,Utah State,utah-state-university-3677,Utah State University,Logan,UT,15,1,242,National Universities,20272.0,1187.0,scorecard_avg,0.5913,13665.0,0.9689,27404.753601026045,19.0,0.9247,0.7084,54022.0,5.7,intake+outcome+resources,"sat,grad6,spend,faculty_ft,endowment,class_size"
230171,Utah Tech,utah-tech-university-3671,Utah Tech University,Saint George,UT,22,1,34,Regional Colleges West,8552.0,,,0.3839,4394.0,0.4214,2155.0902712815714,20.0,,0.6791,44570.0,1.5,outcome+resources,"grad6,spend,faculty_ft,endowment,class_size"
230737,Utah Valley,utah-valley-4027,Utah Valley University,Orem,UT,18,1,93,Regional Universities West,28453.0,,,0.4511,6343.0,0.3914,3465.353108635293,25.0,,0.7307,55486.0,1.9,outcome+resources,"grad6,spend,faculty_ft,endowment,class_size"
228796,UTEP,the-university-of-texas-el-paso-3661,The University of Texas at El Paso,El Paso,TX,15,1,257,National Universities,21005.0,962.0,scorecard_avg,0.5017,7651.0,0.6836,17271.81709116877,20.0,0.9992,0.7894,50923.0,2.4,intake+outcome+resources,"sat,grad6,spend,faculty_ft,endowment,class_size"
229027,UTSA,the-university-of-texas-san-antonio-10115,The University of Texas at San Antonio,San Antonio,TX,15,1,213,National Universities,30580.0,1105.0,scorecard_avg,0.5264,6112.0,0.7587,9373.273413996076,24.0,0.8679,0.7984,57131.0,3.3,intake+outcome+resources,"sat,grad6,spend,faculty_ft,endowment,class_size"
152600,Valparaiso,valparaiso-university-1842,Valparaiso University,Valparaiso,IN,17,2,198,National Universities,2083.0,1178.0,scorecard_avg,0.7037,11626.0,0.7044,151489.67834853576,11.0,0.8943,0.754,63191.0,6.2,intake+outcome+resources,"sat,grad6,spend,faculty_ft,endowment,class_size"
221999,Vanderbilt,vanderbilt-3535,Vanderbilt University,Nashville,TN,15,2,17,National Universities,7208.0,1549.0,scorecard_avg,0.9354,34184.0,0.8473,1343534.4195338513,8.0,0.0586,0.9634,91565.0,9.6,intake+outcome+resources,"sat,grad6,spend,faculty_ft,endowment,class_size"
234030,VCU,virginia-commonwealth-university-3735,Virginia Commonwealth University,Richmond,VA,15,1,139,National Universities,20753.0,1137.0,scorecard_avg,0.6318,16705.0,0.6103,124443.2775502337,17.0,0.9262,0.8534,58128.0,5.5,intake+outcome+resources,"sat,grad6,spend,faculty_ft,endowment,class_size"
231174,Vermont,university-of-vermont-3696,University of Vermont,Burlington,VT,16,1,132,National Universities,11743.0,1374.0,scorecard_avg,0.7859,14705.0,0.7677,71129.94975730222,17.0,0.653,0.8918,62472.0,7.9,intake+outcome+resources,"sat,grad6,spend,faculty_ft,endowment,class_size"
216597,Villanova,villanova-3388,Villanova University,Villanova,PA,16,2,57,National Universities,6938.0,1460.0,scorecard_avg,0.9186,21398.0,0.6312,172227.7313346786,10.0,0.2698,0.9506,100423.0,8.9,intake+outcome+resources,"sat,grad6,spend,faculty_ft,endowment,class_size"
234076,Virginia,uva-6968,University of Virginia-Main Campus,Charlottesville,VA,15,1,26,National Universities,17597.0,1480.0,scorecard_avg,0.956,26598.0,0.9611,548063.5791896346,14.0,0.1681,0.9755,86863.0,9.2,intake+outcome+resources,"sat,grad6,spend,faculty_ft,endowment,class_size"
233921,Virginia Tech,virginia-tech-3754,Virginia Polytechnic Institute and State University,Blacksburg,VA,15,1,51,National Universities,30923.0,1364.0,scorecard_avg,0.8622,15632.0,0.9865,61116.32118487857,17.0,0.5478,0.9308,81698.0,8.3,intake+outcome+resources,"sat,grad6,spend,faculty_ft,endowment,class_size"
234085,VMI,virginia-military-institute-3753,Virginia Military Institute,Lexington,VA,21,1,65,National Liberal Arts Colleges,1527.0,1244.0,scorecard_avg,0.7621,21289.0,1.0,468642.798297315,9.0,0.7125,0.8098,77369.0,8.1,intake+outcome+resources,"sat,grad6,spend,faculty_ft,endowment,class_size"
197197,Wagner,wagner-college-2899,Wagner College,Staten Island,NY,19,2,70,Regional Universities North,1651.0,1243.0,scorecard_avg,0.6514,14143.0,1.0,63671.01635372501,11.0,0.88,0.8342,74360.0,7.0,intake+outcome+resources,"sat,grad6,spend,faculty_ft,endowment,class_size"
199847,Wake Forest,wake-forest-2978,Wake Forest University,Winston-Salem,NC,16,2,51,National Universities,5485.0,1475.0,scorecard_avg,0.8915,35708.0,0.7559,346481.13035551505,10.0,0.2167,0.9256,78158.0,9.1,intake+outcome+resources,"sat,grad6,spend,faculty_ft,endowment,class_size"
236948,Washington,university-of-washington-3798,University of Washington-Seattle Campus,Seattle,WA,15,1,42,National Universities,31942.0,,,0.8518,24064.0,0.7986,147825.11417569345,20.0,0.3915,0.9473,78466.0,8.1,outcome+resources,"grad6,spend,faculty_ft,endowment,class_size"
236939,Washington State,washington-state-3800,Washington State University,Pullman,WA,15,1,192,National Universities,21099.0,,,0.605,11856.0,0.8421,60206.664676051,13.0,0.8664,0.7834,68905.0,5.9,outcome+resources,"grad6,spend,faculty_ft,endowment,class_size"
230782,Weber State,weber-state-university-3680,Weber State University,Ogden,UT,18,1,50,Regional Universities West,16360.0,,,0.462,7318.0,0.9634,12818.43520782396,20.0,,0.6731,56287.0,3.2,outcome+resources,"grad6,spend,faculty_ft,endowment,class_size"
138354,West Florida,university-of-west-florida-3955,University of West Florida,Pensacola,FL,18,1,14,Regional Universities South,9330.0,1138.0,scorecard_avg,0.588,6911.0,1.0,9953.941693461951,22.0,0.5824,0.8876,49137.0,4.4,intake+outcome+resources,"sat,grad6,spend,faculty_ft,endowment,class_size"
141334,West Georgia,university-of-west-georgia-1601,University of West Georgia,Carrollton,GA,17,1,373,National Universities,7520.0,1032.0,scorecard_avg,0.4349,9152.0,0.5736,5544.366223404255,18.0,0.5161,0.775,49587.0,2.3,intake+outcome+resources,"sat,grad6,spend,faculty_ft,endowment,class_size"
238032,West Virginia,wvu-3827,West Virginia University,Morgantown,WV,15,1,222,National Universities,17385.0,1122.0,scorecard_avg,0.6466,13615.0,0.7414,47553.16962899051,19.0,0.89,0.8343,55939.0,5.2,intake+outcome+resources,"sat,grad6,spend,faculty_ft,endowment,class_size"
200004,Western Carolina,western-carolina-university-2981,Western Carolina University,Cullowhee,NC,17,1,257,National Universities,10024.0,1157.0,scorecard_avg,0.6026,9410.0,0.7351,12554.03152434158,16.0,0.8183,0.7911,49458.0,4.8,intake+outcome+resources,"sat,grad6,spend,faculty_ft,endowment,class_size"
149772,Western Illinois,western-illinois-university-1780,Western Illinois University,Macomb,IL,18,1,74,Regional Universities Midwest,4410.0,990.0,usnews_midpoint,0.4522,12650.0,0.8537,19417.990249433107,12.0,0.7118,0.6137,54163.0,3.3,intake+outcome+resources,"sat,grad6,spend,faculty_ft,endowment,class_size"
157951,Western Kentucky,western-kentucky-university-2002,Western Kentucky University,Bowling Green,KY,17,1,363,National Universities,12155.0,971.0,scorecard_avg,0.5556,9271.0,0.6739,1377.5693953105717,19.0,0.9387,0.7831,43889.0,2.7,intake+outcome+resources,"sat,grad6,spend,faculty_ft,endowment,class_size"
172699,Western Michigan,western-michigan-university-2330,Western Michigan University,Kalamazoo,MI,16,1,293,National Universities,12568.0,1095.0,usnews_midpoint,0.5757,13167.0,0.6315,50417.50763844685,16.0,0.846,0.8112,53562.0,4.5,intake+outcome+resources,"sat,grad6,spend,faculty_ft,endowment,class_size"
231624,William & Mary,william-and-mary-3705,William & Mary,Williamsburg,VA,16,1,51,National Universities,7055.0,1473.0,scorecard_avg,0.8942,18167.0,0.7872,192882.58511693834,13.0,0.3407,0.9456,73490.0,8.8,intake+outcome+resources,"sat,grad6,spend,faculty_ft,endowment,class_size"
218964,Winthrop,winthrop-university-3456,Winthrop University,Rock Hill,SC,18,1,20,Regional Universities South,3523.0,1139.0,scorecard_avg,0.5698,9121.0,0.6395,21807.83848992336,13.0,0.7925,0.7361,47185.0,4.5,intake+outcome+resources,"sat,grad6,spend,faculty_ft,endowment,class_size"
240444,Wisconsin,university-of-wisconsin-3895,University of Wisconsin-Madison,Madison,WI,15,1,36,National Universities,36902.0,1427.0,scorecard_avg,0.8955,21417.0,0.8584,149860.6272559753,18.0,0.452,0.9616,73792.0,8.7,intake+outcome+resources,"sat,grad6,spend,faculty_ft,endowment,class_size"
218973,Wofford,wofford-college-3457,Wofford College,Spartanburg,SC,21,2,67,National Liberal Arts Colleges,1816.0,1296.0,scorecard_avg,0.842,14332.0,0.7708,229837.12940528634,12.0,0.5194,0.9098,68964.0,8.0,intake+outcome+resources,"sat,grad6,spend,faculty_ft,endowment,class_size"
206604,Wright State,wright-state-9168,Wright State University-Main Campus,Dayton,OH,16,1,395-434,National Universities,6762.0,1088.5,usnews_midpoint,0.4169,11536.0,0.5679,21274.37207926649,16.0,0.9633,0.6793,49500.0,3.2,intake+outcome+resources,"sat,grad6,spend,faculty_ft,endowment,class_size"
240727,Wyoming,university-of-wyoming-3932,University of Wyoming,Laramie,WY,16,1,222,National Universities,7944.0,,,0.5884,17639.0,0.9928,94049.47129909365,13.0,0.9688,0.7968,56880.0,6.7,outcome+resources,"grad6,spend,faculty_ft,endowment,class_size"
206622,Xavier,xavier-university-3144,Xavier University,Cincinnati,OH,17,2,208,National Universities,4207.0,1217.0,scorecard_avg,0.6865,13013.0,0.5782,57956.02567149988,11.0,0.8641,0.7747,64873.0,6.4,intake+outcome+resources,"sat,grad6,spend,faculty_ft,endowment,class_size"
130794,Yale,yale-university-1426,Yale University,New Haven,CT,15,2,4,National Universities,6758.0,1534.0,scorecard_avg,0.9574,80541.0,0.75,6029426.901450133,5.0,0.0387,0.9878,100533.0,9.5,intake+outcome+resources,"sat,grad6,spend,faculty_ft,endowment,class_size"
206695,Youngstown State,youngstown-state-university-3145,Youngstown State University,Youngstown,OH,18,1,99,Regional Universities Midwest,7961.0,1120.0,scorecard_avg,0.5048,8188.0,0.9032,40562.307122220824,18.0,0.8445,0.7573,41544.0,4.0,intake+outcome+resources,"sat,grad6,spend,faculty_ft,endowment,class_size"
126182,Adams State,adams-state-university-1345,Adams State University,Alamosa,CO,18,1,102,Regional Universities West,1250.0,,,0.3942,9349.0,0.504,50.1384,14.0,,0.5068,44372.0,2.5,outcome+resources,"grad6,spend,faculty_ft,endowment,class_size"
188429,Adelphi,adelphi-university-2666,Adelphi University,Garden City,NY,17,2,198,National Universities,5276.0,1219.0,scorecard_avg,0.6715,15443.0,0.3063,42449.33112206217,11.0,0.6591,0.8286,75482.0,6.3,intake+outcome+resources,"sat,grad6,spend,faculty_ft,endowment,class_size"
100706,Alabama Huntsville,university-of-alabama-huntsville-1055,University of Alabama in Huntsville,Huntsville,AL,15,1,242,National Universities,6591.0,1319.0,scorecard_avg,0.6429,9877.0,0.659,15115.615081171294,17.0,0.6857,0.8425,61767.0,6.2,intake+outcome+resources,"sat,grad6,spend,faculty_ft,endowment,class_size"
217624,Allen,allen-university-3417,Allen University,Columbia,SC,21,2,183-201,National Liberal Arts Colleges,576.0,,,0.1331,4373.0,0.4937,1007.34375,16.0,0.7254,0.4497,30497.0,1.6,outcome+resources,"grad6,spend,faculty_ft,endowment,class_size"
164447,American International,american-international-college-2114,American International College,Springfield,MA,17,2,395-434,National Universities,1017.0,,,0.4591,6626.0,0.2209,29972.29006882989,16.0,0.9957,0.5673,53124.0,2.5,outcome+resources,"grad6,spend,faculty_ft,endowment,class_size"
217633,Anderson (SC),anderson-university-3418,Anderson University,Anderson,SC,18,2,31,Regional Universities South,3183.0,1202.0,scorecard_avg,0.6568,8526.0,0.9953,17992.1863022306,14.0,0.5471,0.8186,42101.0,5.7,intake+outcome+resources,"sat,grad6,spend,faculty_ft,endowment,class_size"
222831,Angelo State,angelo-state-university-3541,Angelo State University,San Angelo,TX,18,1,56,Regional Universities West,5643.0,1054.0,scorecard_avg,0.4397,7880.0,0.8127,41190.51089845827,19.0,0.8301,0.6864,50116.0,2.9,intake+outcome+resources,"sat,grad6,spend,faculty_ft,endowment,class_size"
201104,Ashland,ashland-university-3012,Ashland University,Ashland,OH,18,2,42,Regional Universities Midwest,2199.0,1120.0,scorecard_avg,0.6063,11063.0,0.2992,26651.155979990905,14.0,0.764,0.7652,52928.0,4.4,intake+outcome+resources,"sat,grad6,spend,faculty_ft,endowment,class_size"
164562,Assumption,assumption-university-2118,Assumption University,Worcester,MA,19,2,50,Regional Universities North,1669.0,,,0.7523,13143.0,0.5112,61590.15877771121,11.0,0.8298,0.8392,74895.0,6.8,outcome+resources,"grad6,spend,faculty_ft,endowment,class_size"
100830,Auburn Montgomery,auburn-university-at-montgomery-8310,Auburn University at Montgomery,Montgomery,AL,18,1,64,Regional Universities South,2542.0,1093.0,scorecard_avg,0.326,7192.0,0.7566,23942.941384736427,13.0,0.9157,0.6757,44391.0,3.0,intake+outcome+resources,"sat,grad6,spend,faculty_ft,endowment,class_size"
219000,Augustana (SD),augustana-university-3458,Augustana University,Sioux Falls,SD,19,2,7,Regional Universities Midwest,1965.0,1195.0,scorecard_avg,0.7297,18775.0,0.5993,58663.3475826972,12.0,0.6775,0.8612,59217.0,6.7,intake+outcome+resources,"sat,grad6,spend,faculty_ft,endowment,class_size"
132471,Barry,barry-university-1466,Barry University,Miami,FL,17,2,395-434,National Universities,2212.0,1001.0,usnews_midpoint,0.3787,11546.0,0.283,24407.224683544304,7.0,0.7724,0.6337,55966.0,2.7,intake+outcome+resources,"sat,grad6,spend,faculty_ft,endowment,class_size"
197911,Barton,barton-college-2908,Barton College,Wilson,NC,22,2,21,Regional Colleges South,982.0,,,0.4585,8229.0,0.9787,29300.145621181262,14.0,0.942,0.6548,47913.0,3.9,outcome+resources,"grad6,spend,faculty_ft,endowment,class_size"
197984,Belmont Abbey,belmont-abbey-2910,Belmont Abbey College,Belmont,NC,22,2,12,Regional Colleges South,1276.0,1099.0,scorecard_avg,0.4668,7400.0,0.6786,9131.423981191223,12.0,0.7465,0.7044,47937.0,3.2,intake+outcome+resources,"sat,grad6,spend,faculty_ft,endowment,class_size"
173124,Bemidji State,bemidji-state-university-2336,Bemidji State University,Bemidji,MN,20,1,71,Regional Universities Midwest,3139.0,1090.0,scorecard_avg,0.4787,9867.0,0.6531,10581.076776043326,16.0,0.5598,0.7267,53755.0,3.3,intake+outcome+resources,"sat,grad6,spend,faculty_ft,endowment,class_size"
164739,Bentley,bentley-university-2124,Bentley University,Waltham,MA,18,2,1,Regional Universities North,4474.0,1352.0,scorecard_avg,0.8679,16265.0,0.6667,74631.2025033527,12.0,0.4505,0.9268,120959.0,8.2,intake+outcome+resources,"sat,grad6,spend,faculty_ft,endowment,class_size"
110097,Biola,biola-university-1122,Biola University,La Mirada,CA,17,2,242,National Universities,3474.0,1261.0,scorecard_avg,0.676,12866.0,1.0,42083.447610823256,12.0,0.7435,0.839,56778.0,7.1,intake+outcome+resources,"sat,grad6,spend,faculty_ft,endowment,class_size"
219046,Black Hills State,black-hills-state-3459,Black Hills State University,Spearfish,SD,20,1,143,Regional Universities Midwest,1928.0,1087.0,scorecard_avg,0.4263,6388.0,0.6608,10302.602697095435,17.0,0.9633,0.7165,46674.0,2.6,intake+outcome+resources,"sat,grad6,spend,faculty_ft,endowment,class_size"
237215,Bluefield State,bluefield-state-university-3809,Bluefield State University,Bluefield,WV,22,1,50,Regional Colleges South,1042.0,989.0,scorecard_avg,0.37,8826.0,0.6296,4461.596928982725,17.0,0.9723,0.5484,38217.0,2.0,intake+outcome+resources,"sat,grad6,spend,faculty_ft,endowment,class_size"
128744,Bridgeport,university-of-bridgeport-1416,University of Bridgeport,Bridgeport,CT,17,2,395-434,National Universities,1534.0,,,0.4119,6944.0,0.3643,9218.383311603651,16.0,0.8302,0.6129,50323.0,2.1,outcome+resources,"grad6,spend,faculty_ft,endowment,class_size"
115755,Cal Poly Humboldt,cal-poly-humboldt-1149,California State Polytechnic University-Humboldt,Arcata,CA,18,1,23,Regional Universities West,5612.0,1122.5,usnews_midpoint,0.4855,18064.0,0.5176,5741.350142551675,17.0,0.982,0.7599,47626.0,4.1,intake+outcome+resources,"sat,grad6,spend,faculty_ft,endowment,class_size"
110529,Cal Poly Pomona,california-state-polytechnic-university-pomona-1144,California State Polytechnic University-Pomona,Pomona,CA,18,1,3,Regional Universities West,25042.0,,,0.6843,8485.0,0.4793,6628.367981790592,25.0,0.7517,0.8738,71902.0,4.3,outcome+resources,"grad6,spend,faculty_ft,endowment,class_size"
110547,Cal State Dominguez Hills,california-state-university-dominguez-hills-1141,California State University-Dominguez Hills,Carson,CA,18,1,36,Regional Universities West,12538.0,,,0.4279,9329.0,0.4678,1930.9518264475994,18.0,0.933,0.7365,57162.0,2.4,outcome+resources,"grad6,spend,faculty_ft,endowment,class_size"
110574,Cal State East Bay,california-state-university-east-bay-1138,California State University-East Bay,Hayward,CA,16,1,257,National Universities,9809.0,,,0.4795,8602.0,0.4807,3062.8022224487713,17.0,0.9739,0.7569,71401.0,2.6,outcome+resources,"grad6,spend,faculty_ft,endowment,class_size"
110592,Cal State LA,california-state-university-los-angeles-1140,California State University-Los Angeles,Los Angeles,CA,18,1,13,Regional Universities West,19562.0,,,0.5298,9018.0,0.4156,2970.452254370719,22.0,0.9125,0.7185,59211.0,2.9,outcome+resources,"grad6,spend,faculty_ft,endowment,class_size"
409698,Cal State Monterey Bay,csumb-32603,California State University-Monterey Bay,Seaside,CA,18,1,11,Regional Universities West,6819.0,,,0.5909,11704.0,0.514,5204.400205308696,26.0,0.974,0.7987,59247.0,4.2,outcome+resources,"grad6,spend,faculty_ft,endowment,class_size"
110510,Cal State San Bernardino,california-state-university-san-bernardino-1142,California State University-San Bernardino,San Bernardino,CA,16,1,179,National Universities,15023.0,920.0,usnews_midpoint,0.549,9661.0,0.4885,3409.873593822805,22.0,0.9374,0.7959,59977.0,2.4,intake+outcome+resources,"sat,grad6,spend,faculty_ft,endowment,class_size"
366711,Cal State San Marcos,california-state-university-san-marcos-30113,California State University-San Marcos,San Marcos,CA,18,1,23,Regional Universities West,14877.0,,,0.5456,8419.0,0.4631,2255.056261343013,24.0,0.951,0.7864,62908.0,3.0,outcome+resources,"grad6,spend,faculty_ft,endowment,class_size"
110495,Cal State Stanislaus,california-state-university-stanislaus-1157,California State University-Stanislaus,Turlock,CA,18,1,9,Regional Universities West,8385.0,,,0.5345,10889.0,0.5411,2219.3827072152653,17.0,0.9814,0.8246,63188.0,3.6,outcome+resources,"grad6,spend,faculty_ft,endowment,class_size"
183910,Caldwell,caldwell-university-2598,Caldwell University,Caldwell,NJ,19,2,84,Regional Universities North,1575.0,1260.0,scorecard_avg,0.5749,9080.0,1.0,7408.948571428571,12.0,0.7134,0.7726,53843.0,5.9,intake+outcome+resources,"sat,grad6,spend,faculty_ft,endowment,class_size"
219806,Carson-Newman,carsonnewman-university-3481,Carson-Newman University,Jefferson City,TN,17,2,358,National Universities,1387.0,1117.0,scorecard_avg,0.5324,6602.0,0.5203,49499.18096611391,12.0,0.9045,0.7417,48382.0,3.8,intake+outcome+resources,"sat,grad6,spend,faculty_ft,endowment,class_size"
198215,Catawba,catawba-college-2914,Catawba College,Salisbury,NC,22,2,4,Regional Colleges South,1235.0,1096.0,scorecard_avg,0.4729,12087.0,0.8083,260566.44534412955,12.0,0.7521,0.773,48793.0,4.4,intake+outcome+resources,"sat,grad6,spend,faculty_ft,endowment,class_size"
201654,Cedarville,cedarville-university-3025,Cedarville University,Cedarville,OH,19,2,17,Regional Universities Midwest,4024.0,1241.0,scorecard_avg,0.7253,9927.0,0.5739,11571.425447316104,15.0,0.6529,0.8958,55443.0,6.0,intake+outcome+resources,"sat,grad6,spend,faculty_ft,endowment,class_size"
176965,Central Missouri,university-of-central-missouri-2454,University of Central Missouri,Warrensburg,MO,18,1,59,Regional Universities Midwest,5648.0,1050.0,scorecard_avg,0.5408,9606.0,1.0,13058.359065155808,16.0,0.638,0.7363,49560.0,3.6,intake+outcome+resources,"sat,grad6,spend,faculty_ft,endowment,class_size"
206941,Central Oklahoma,university-of-central-oklahoma-3152,University of Central Oklahoma,Edmond,OK,18,1,62,Regional Universities West,10170.0,1090.0,scorecard_avg,0.3676,10973.0,1.0,3883.633726647001,17.0,0.7812,0.6523,48351.0,3.3,intake+outcome+resources,"sat,grad6,spend,faculty_ft,endowment,class_size"
234827,Central Washington,central-washington-university-3771,Central Washington University,Ellensburg,WA,18,1,46,Regional Universities West,7833.0,,,0.5361,11278.0,0.6528,6490.747989276139,17.0,0.9062,0.7005,61580.0,4.0,outcome+resources,"grad6,spend,faculty_ft,endowment,class_size"
141486,Chaminade,chaminade-university-of-honolulu-1605,Chaminade University of Honolulu,Honolulu,HI,19,2,38,Regional Universities West,1672.0,1060.0,scorecard_avg,0.554,11964.0,0.9813,23925.101674641148,12.0,0.9143,0.7037,52343.0,4.2,intake+outcome+resources,"sat,grad6,spend,faculty_ft,endowment,class_size"
237312,Charleston (WV),university-of-charleston-3818,University of Charleston,Charleston,WV,17,2,395-434,National Universities,2259.0,,,0.4555,5497.0,0.5506,25186.006197432493,15.0,0.6152,0.7479,55774.0,2.7,outcome+resources,"grad6,spend,faculty_ft,endowment,class_size"
211583,Chestnut Hill,chestnut-hill-college-3245,Chestnut Hill College,Philadelphia,PA,19,2,128,Regional Universities North,815.0,,,0.4878,9714.0,0.3314,23018.240490797547,10.0,0.7446,0.6243,52015.0,3.6,outcome+resources,"grad6,spend,faculty_ft,endowment,class_size"
110538,Chico State,california-state-university-chico-1146,California State University-Chico,Chico,CA,18,1,16,Regional Universities West,13631.0,1119.0,usnews_midpoint,0.6278,8907.0,0.5566,6506.79143129631,22.0,0.9272,0.8163,64172.0,4.0,intake+outcome+resources,"sat,grad6,spend,faculty_ft,endowment,class_size"
198303,Chowan,chowan-university-2916,Chowan University,Murfreesboro,NC,22,2,67,Regional Colleges South,603.0,,,0.2995,6985.0,1.0,47405.38971807629,15.0,0.6879,0.7081,38412.0,3.4,outcome+resources,"grad6,spend,faculty_ft,endowment,class_size"
219833,Christian Brothers,christian-brothers-university-3482,Christian Brothers University,Memphis,TN,19,2,37,Regional Universities South,905.0,1098.0,scorecard_avg,0.5471,9137.0,1.0,45318.74806629834,9.0,0.867,0.7487,57478.0,4.6,intake+outcome+resources,"sat,grad6,spend,faculty_ft,endowment,class_size"
139311,Clayton State,clayton-state-university-8976,Clayton  State University,Morrow,GA,19,1,80,Regional Universities South,4348.0,958.0,scorecard_avg,0.3986,7880.0,0.6879,4503.9452621895125,20.0,0.6845,0.7088,49179.0,1.9,intake+outcome+resources,"sat,grad6,spend,faculty_ft,endowment,class_size"
217907,Coker,coker-college-3427,Coker University,Hartsville,SC,20,2,99,Regional Universities South,840.0,,,0.3953,6216.0,0.4156,40066.505952380954,12.0,0.9396,0.6941,40117.0,2.6,outcome+resources,"grad6,spend,faculty_ft,endowment,class_size"
126669,Colorado Christian,colorado-christian-university-9401,Colorado Christian University,Lakewood,CO,18,2,65,Regional Universities West,5549.0,,,0.6441,3792.0,0.1997,1630.1946296630024,17.0,,0.8374,50416.0,3.4,outcome+resources,"grad6,spend,faculty_ft,endowment,class_size"
127556,Colorado Mesa,colorado-mesa-university-1358,Colorado Mesa University,Grand Junction,CO,22,1,14,Regional Colleges West,8143.0,1055.0,scorecard_avg,0.4061,10538.0,0.6027,6091.177330222276,18.0,0.8203,0.7879,45823.0,2.6,intake+outcome+resources,"sat,grad6,spend,faculty_ft,endowment,class_size"
126775,Colorado School of Mines,colorado-school-of-mines-1348,Colorado School of Mines,Golden,CO,15,1,80,National Universities,6155.0,1412.0,scorecard_avg,0.8171,20431.0,0.7278,57149.64825345248,18.0,0.6069,0.9279,97335.0,8.1,intake+outcome+resources,"sat,grad6,spend,faculty_ft,endowment,class_size"
128106,Colorado State-Pueblo,colorado-state-university-pueblo-1365,Colorado State University Pueblo,Pueblo,CO,19,1,81,Regional Universities West,3042.0,1120.0,scorecard_avg,0.3973,6672.0,0.5457,8347.115384615385,20.0,0.949,0.6425,55563.0,2.8,intake+outcome+resources,"sat,grad6,spend,faculty_ft,endowment,class_size"
139366,Columbus State,columbus-state-university-1561,Columbus State University,Columbus,GA,18,1,64,Regional Universities South,5625.0,977.0,scorecard_avg,0.4176,7245.0,0.5939,16967.602844444446,19.0,0.9912,0.6966,44544.0,2.0,intake+outcome+resources,"sat,grad6,spend,faculty_ft,endowment,class_size"
498562,Commonwealth University-Bloomsburg,commonwealth-university-of-pennsylvania-436986,Commonwealth University of Pennsylvania,Bloomsburg,PA,-2,1,121,Regional Universities North,9210.0,1090.0,scorecard_avg,0.5448,10722.0,0.8302,8308.603691639522,19.0,0.9309,0.7757,52416.0,3.8,intake+outcome+resources,"sat,grad6,spend,faculty_ft,endowment,class_size"
237330,Concord,concord-university-athens-3810,Concord University,Athens,WV,19,1,90,Regional Universities South,1504.0,977.0,scorecard_avg,0.3897,6332.0,0.8168,27384.170877659573,16.0,0.9256,0.6484,42703.0,2.3,intake+outcome+resources,"sat,grad6,spend,faculty_ft,endowment,class_size"
112075,Concordia Irvine,concordia-university-irvine-29059,Concordia University-Irvine,Irvine,CA,17,2,318,National Universities,1536.0,,,0.5831,9280.0,1.0,36758.90234375,14.0,0.6599,0.7483,65083.0,5.3,outcome+resources,"grad6,spend,faculty_ft,endowment,class_size"
173328,Concordia-St. Paul,concordia-university-st-paul-2347,Concordia University-Saint Paul,Saint Paul,MN,18,2,105,Regional Universities Midwest,3018.0,,,0.459,3921.0,0.2245,15135.066600397615,,0.7887,0.6739,59871.0,2.0,outcome+resources,"grad6,spend,faculty_ft,endowment"
217961,Converse,converse-university-3431,Converse University,Spartanburg,SC,20,2,33,Regional Universities South,1173.0,1138.0,scorecard_avg,0.6154,8708.0,0.9787,74763.76044330776,11.0,0.6774,0.7964,40867.0,5.3,intake+outcome+resources,"sat,grad6,spend,faculty_ft,endowment,class_size"
190716,D'Youville,dyouville-university-2712,D'Youville  University,Buffalo,NY,17,2,242,National Universities,1258.0,1130.0,scorecard_avg,0.6749,13159.0,0.651,41107.111287758344,14.0,0.8137,0.7344,66942.0,5.4,intake+outcome+resources,"sat,grad6,spend,faculty_ft,endowment,class_size"
190725,Daemen,daemen-university-2808,Daemen University,Amherst,NY,17,2,358,National Universities,1643.0,,,0.5888,9384.0,0.4894,15029.882531953743,14.0,0.6826,0.7567,61808.0,4.2,outcome+resources,"grad6,spend,faculty_ft,endowment,class_size"
224226,Dallas Baptist,dallas-baptist-university-3560,Dallas Baptist University,Dallas,TX,17,2,384,National Universities,2403.0,1120.0,scorecard_avg,0.5701,9809.0,1.0,27269.688306283813,14.0,0.8884,0.6437,56807.0,4.7,intake+outcome+resources,"sat,grad6,spend,faculty_ft,endowment,class_size"
169479,Davenport,davenport-university-2249,Davenport University,Grand Rapids,MI,18,2,124,Regional Universities Midwest,3134.0,,,0.5659,6091.0,0.293,9575.304084237396,18.0,0.9784,0.8205,45099.0,3.0,outcome+resources,"grad6,spend,faculty_ft,endowment,class_size"
237358,Davis & Elkins,davis-and-elkins-college-3811,Davis & Elkins College,Elkins,WV,22,2,27,Regional Colleges South,661.0,,,0.3929,10030.0,0.5747,96870.54009077155,11.0,0.9433,0.6522,43411.0,3.8,outcome+resources,"grad6,spend,faculty_ft,endowment,class_size"
175616,Delta State,delta-state-university-2403,Delta State University,Cleveland,MS,18,1,50,Regional Universities South,1620.0,1050.0,scorecard_avg,0.4806,10994.0,0.5571,22095.36049382716,12.0,1.0,0.6667,41991.0,3.2,intake+outcome+resources,"sat,grad6,spend,faculty_ft,endowment,class_size"
131399,District of Columbia,udc-29100,University of the District of Columbia,Washington,DC,19,1,145,Regional Universities North,3351.0,,,0.3324,12646.0,0.384,17499.725753506416,8.0,,0.6757,44236.0,3.5,outcome+resources,"grad6,spend,faculty_ft,endowment,class_size"
113698,Dominican (CA),dominican-university-of-california-1196,Dominican University of California,San Rafael,CA,19,2,31,Regional Universities West,1114.0,1290.0,scorecard_avg,0.7805,14134.0,0.2983,27654.48114901257,9.0,0.835,0.8548,84713.0,7.2,intake+outcome+resources,"sat,grad6,spend,faculty_ft,endowment,class_size"
190761,Dominican (NY),dominican-university-new-york-2713,Dominican University New York,Orangeburg,NY,17,2,301,National Universities,1105.0,1120.0,usnews_midpoint,0.5251,9491.0,0.3495,7650.202714932127,13.0,0.633,0.6644,61171.0,3.6,intake+outcome+resources,"sat,grad6,spend,faculty_ft,endowment,class_size"
177214,Drury,drury-university-2461,Drury University,Springfield,MO,20,2,25,Regional Universities Midwest,1383.0,1218.0,scorecard_avg,0.618,11903.0,1.0,60815.43890093998,14.0,0.5758,0.7917,40694.0,6.3,intake+outcome+resources,"sat,grad6,spend,faculty_ft,endowment,class_size"
207041,East Central,east-central-university-3154,East Central University,Ada,OK,18,1,100,Regional Universities West,2467.0,1049.0,scorecard_avg,0.3442,6556.0,1.0,15609.222942845561,18.0,0.5815,0.6061,44962.0,2.6,intake+outcome+resources,"sat,grad6,spend,faculty_ft,endowment,class_size"
212115,East Stroudsburg,east-stroudsburg-university-3320,East Stroudsburg University of Pennsylvania,East Stroudsburg,PA,18,1,136,Regional Universities North,4814.0,1084.0,scorecard_avg,0.4312,8277.0,0.7452,4947.494599085999,20.0,0.9205,0.7213,56148.0,2.7,intake+outcome+resources,"sat,grad6,spend,faculty_ft,endowment,class_size"
187648,Eastern New Mexico,eastern-new-mexico-university-2651,Eastern New Mexico University-Main Campus,Portales,NM,18,1,93,Regional Universities West,3357.0,964.0,scorecard_avg,0.4509,7348.0,0.6307,12975.982126899016,17.0,0.9166,0.6203,38550.0,2.1,intake+outcome+resources,"sat,grad6,spend,faculty_ft,endowment,class_size"
133492,Eckerd,eckerd-college-1487,Eckerd College,Saint Petersburg,FL,21,2,135,National Liberal Arts Colleges,1888.0,1250.0,scorecard_avg,0.6592,17363.0,0.8918,44269.14353813559,11.0,0.758,0.7584,51819.0,7.1,intake+outcome+resources,"sat,grad6,spend,faculty_ft,endowment,class_size"
133526,Edward Waters,edward-waters-university-1478,Edward Waters University,Jacksonville,FL,22,2,67,Regional Colleges South,1087.0,,,0.2819,4916.0,1.0,3984.969641214351,18.0,0.8495,0.5385,34782.0,2.5,outcome+resources,"grad6,spend,faculty_ft,endowment,class_size"
133553,Embry-Riddle,embryriddle-aeronautical-universitydaytona-beach-1479,Embry-Riddle Aeronautical University-Daytona Beach,Daytona Beach,FL,18,2,4,Regional Universities South,7860.0,1257.0,scorecard_avg,0.6655,14657.0,0.8761,24827.480916030534,18.0,0.6481,0.8806,84131.0,6.7,intake+outcome+resources,"sat,grad6,spend,faculty_ft,endowment,class_size"
139630,Emmanuel (GA),emmanuel-college-georgia-1563,Emmanuel University,Franklin Springs,GA,22,2,63,Regional Colleges South,775.0,,,0.4228,4524.0,0.3548,2852.0245161290322,16.0,0.74,0.7094,38208.0,1.8,outcome+resources,"grad6,spend,faculty_ft,endowment,class_size"
232025,Emory & Henry,emory--henry-university-3709,Emory & Henry University,Emory,VA,19,2,27,Regional Universities South,1078.0,1135.0,scorecard_avg,0.5634,14596.0,0.9725,96136.2560296846,14.0,0.8365,0.6627,47385.0,5.5,intake+outcome+resources,"sat,grad6,spend,faculty_ft,endowment,class_size"
155025,Emporia State,emporia-state-university-1927,Emporia State University,Emporia,KS,18,1,78,Regional Universities Midwest,2239.0,1120.0,scorecard_avg,0.561,8688.0,0.913,44614.63599821349,16.0,0.9771,0.7685,47601.0,4.5,intake+outcome+resources,"sat,grad6,spend,faculty_ft,endowment,class_size"
217998,Erskine,erskine-college-3432,Erskine College,Due West,SC,17,2,50,Regional Colleges South,766.0,1046.0,usnews_midpoint,0.4518,6597.0,1.0,50102.812010443864,15.0,0.6274,0.5578,53459.0,3.1,intake+outcome+resources,"sat,grad6,spend,faculty_ft,endowment,class_size"
237367,Fairmont State,fairmont-state-3812,Fairmont State University,Fairmont,WV,20,1,85,Regional Universities South,2590.0,996.0,scorecard_avg,0.4425,8719.0,0.9167,11966.75637065637,14.0,0.9862,0.6739,46857.0,2.7,intake+outcome+resources,"sat,grad6,spend,faculty_ft,endowment,class_size"
184612,Felician,felician-university-2610,Felician University,Lodi,NJ,19,2,121,Regional Universities North,1774.0,1020.0,usnews_midpoint,0.4722,8090.0,0.444,3508.684892897407,15.0,,0.7571,57602.0,2.2,intake+outcome+resources,"sat,grad6,spend,faculty_ft,endowment,class_size"
169910,Ferris State,ferris-state-university-2260,Ferris State University,Big Rapids,MI,17,1,329,National Universities,8106.0,1012.0,scorecard_avg,0.4687,9659.0,0.7097,14769.220330619295,15.0,0.9139,0.7762,54735.0,2.8,intake+outcome+resources,"sat,grad6,spend,faculty_ft,endowment,class_size"
232089,Ferrum,ferrum-college-3711,Ferrum College,Ferrum,VA,22,2,60,Regional Colleges South,699.0,,,0.319,7476.0,1.0,82514.60801144491,11.0,0.8898,0.6414,44296.0,3.9,outcome+resources,"grad6,spend,faculty_ft,endowment,class_size"
202763,Findlay,university-of-findlay-3045,The University of Findlay,Findlay,OH,17,2,373,National Universities,2223.0,,,0.5786,11807.0,0.5079,24176.460188933874,10.0,0.8337,0.7374,56996.0,5.1,outcome+resources,"grad6,spend,faculty_ft,endowment,class_size"
133711,Flagler,flagler-7893,Flagler College,Saint Augustine,FL,22,2,3,Regional Colleges South,2391.0,1084.0,scorecard_avg,0.5598,10177.0,0.4865,36702.20409870347,14.0,0.8076,0.7553,49483.0,3.7,intake+outcome+resources,"sat,grad6,spend,faculty_ft,endowment,class_size"
134079,Florida Southern,florida-southern-college-1488,Florida Southern College,Lakeland,FL,19,2,11,Regional Universities South,2656.0,1252.0,scorecard_avg,0.7055,11211.0,1.0,40504.6329066265,11.0,0.6442,0.8,55294.0,7.1,intake+outcome+resources,"sat,grad6,spend,faculty_ft,endowment,class_size"
133881,Florida Tech,florida-institute-of-technology-1469,Florida Institute of Technology,Melbourne,FL,16,2,232,National Universities,3404.0,1225.0,scorecard_avg,0.6354,11908.0,0.7554,28372.59077555817,9.0,0.577,0.7995,43137.0,6.3,intake+outcome+resources,"sat,grad6,spend,faculty_ft,endowment,class_size"
155061,Fort Hays State,fort-hays-state-university-1915,Fort Hays State University,Hays,KS,18,1,78,Regional Universities Midwest,9733.0,1089.0,scorecard_avg,0.477,6655.0,0.5147,15728.250899003391,14.0,0.9026,0.7688,48928.0,2.9,intake+outcome+resources,"sat,grad6,spend,faculty_ft,endowment,class_size"
127185,Fort Lewis,fort-lewis-college-1353,Fort Lewis College,Durango,CO,22,1,17,Regional Colleges West,3079.0,1111.0,scorecard_avg,0.3564,10644.0,0.8156,5117.510555375122,14.0,0.773,0.6613,46349.0,3.5,intake+outcome+resources,"sat,grad6,spend,faculty_ft,endowment,class_size"
218061,Francis Marion,francis-marion-9226,Francis Marion University,Florence,SC,19,1,54,Regional Universities South,2628.0,1015.0,scorecard_avg,0.4339,13853.0,0.6809,16953.14497716895,13.0,0.8639,0.7002,43888.0,3.1,intake+outcome+resources,"sat,grad6,spend,faculty_ft,endowment,class_size"
182795,Franklin Pierce,franklin-pierce-university-2575,Franklin Pierce University,Rindge,NH,19,2,150-164,Regional Universities North,992.0,1175.0,scorecard_avg,0.5351,10351.0,1.0,21044.053427419356,13.0,0.9347,0.7434,53353.0,5.1,intake+outcome+resources,"sat,grad6,spend,faculty_ft,endowment,class_size"
114813,Fresno Pacific,fresno-pacific-university-1253,Fresno Pacific University,Fresno,CA,18,2,46,Regional Universities West,1544.0,,,0.5,7528.0,1.0,12790.237694300518,10.0,0.6407,0.7157,58896.0,4.3,outcome+resources,"grad6,spend,faculty_ft,endowment,class_size"
162584,Frostburg State,frostburg-state-university-2072,Frostburg State University,Frostburg,MD,18,1,98,Regional Universities North,2909.0,1070.0,usnews_midpoint,0.4966,12116.0,0.7129,15183.526641457545,13.0,0.8918,0.6928,55493.0,3.6,intake+outcome+resources,"sat,grad6,spend,faculty_ft,endowment,class_size"
212601,Gannon,gannon-university-3266,Gannon University,Erie,PA,17,2,257,National Universities,2365.0,1170.0,usnews_midpoint,0.6636,10356.0,0.4462,31757.716701902747,11.0,0.7416,0.7617,58845.0,5.3,intake+outcome+resources,"sat,grad6,spend,faculty_ft,endowment,class_size"
139861,Georgia College,georgia-college--state-university-1602,Georgia College & State University,Milledgeville,GA,18,1,12,Regional Universities South,5947.0,1163.0,scorecard_avg,0.6361,7038.0,0.7966,10080.469984866319,17.0,0.7823,0.8235,58140.0,4.7,intake+outcome+resources,"sat,grad6,spend,faculty_ft,endowment,class_size"
139764,Georgia Southwestern,georgia-southwestern-state-university-1573,Georgia Southwestern State University,Americus,GA,19,1,96,Regional Universities South,2424.0,978.0,scorecard_avg,0.4064,7119.0,0.7128,15373.784653465347,17.0,0.7517,0.5755,48757.0,2.2,intake+outcome+resources,"sat,grad6,spend,faculty_ft,endowment,class_size"
184773,Georgian Court,georgian-court-2608,Georgian Court University,Lakewood,NJ,18,2,110,Regional Universities North,1195.0,,,0.5357,9850.0,0.3744,43300.14142259414,12.0,0.7884,0.7611,53096.0,4.1,outcome+resources,"grad6,spend,faculty_ft,endowment,class_size"
237385,Glenville State,glenville-state-university-3813,Glenville State University,Glenville,WV,22,1,59,Regional Colleges South,1096.0,,,0.3392,5479.0,0.5492,15799.521897810218,15.0,,0.5539,39315.0,2.2,outcome+resources,"grad6,spend,faculty_ft,endowment,class_size"
130989,Goldey-Beacom,goldeybeacom-college-1429,Goldey-Beacom College,Wilmington,DE,18,2,128,Regional Universities North,691.0,,,0.5743,3874.0,0.2644,246536.61794500722,18.0,0.8451,0.7181,59892.0,3.7,outcome+resources,"grad6,spend,faculty_ft,endowment,class_size"
170082,Grand Valley State,grand-valley-state-university-2268,Grand Valley State University,Allendale,MI,17,1,242,National Universities,18854.0,1074.0,scorecard_avg,0.6701,10704.0,0.6562,9760.463349952264,15.0,0.8302,0.7632,56118.0,4.2,intake+outcome+resources,"sat,grad6,spend,faculty_ft,endowment,class_size"
107044,Harding,harding-university-10311,Harding University,Searcy,AR,17,2,301,National Universities,3382.0,1182.0,scorecard_avg,0.6879,11670.0,0.6555,62691.69455943229,16.0,0.7052,0.864,52876.0,5.9,intake+outcome+resources,"sat,grad6,spend,faculty_ft,endowment,class_size"
141565,Hawaii Hilo,university-of-hawaii-at-hilo-29020,University of Hawaii at Hilo,Hilo,HI,17,1,329,National Universities,2160.0,1028.0,scorecard_avg,0.4837,23630.0,0.7638,150.51435185185184,12.0,0.6063,0.7275,47856.0,3.7,intake+outcome+resources,"sat,grad6,spend,faculty_ft,endowment,class_size"
141644,Hawaii Pacific,hawaii-pacific-university-7279,Hawaii Pacific University,Honolulu,HI,18,2,86,Regional Universities West,2392.0,1111.0,scorecard_avg,0.3489,5539.0,0.5477,21199.778010033446,15.0,0.8587,0.5645,59593.0,2.8,intake+outcome+resources,"sat,grad6,spend,faculty_ft,endowment,class_size"
212984,Holy Family,holy-family-university-3275,Holy Family University,Philadelphia,PA,18,2,98,Regional Universities North,2464.0,1060.0,scorecard_avg,0.6091,8979.0,0.2202,10771.374594155845,14.0,0.7104,0.7773,62235.0,3.3,intake+outcome+resources,"sat,grad6,spend,faculty_ft,endowment,class_size"
148654,Illinois Springfield,university-of-illinois-springfield-9333,University of Illinois Springfield,Springfield,IL,18,1,29,Regional Universities Midwest,2263.0,1102.0,scorecard_avg,0.5321,9051.0,0.6038,13437.678303137429,13.0,0.8588,0.748,57103.0,3.7,intake+outcome+resources,"sat,grad6,spend,faculty_ft,endowment,class_size"
151263,Indianapolis,university-of-indianapolis-1804,University of Indianapolis,Indianapolis,IN,17,2,301,National Universities,3005.0,,,0.5582,10874.0,1.0,40077.583028286186,12.0,0.665,0.7104,53610.0,5.6,outcome+resources,"grad6,spend,faculty_ft,endowment,class_size"
213020,IUP,iup-3277,Indiana University of Pennsylvania,Indiana,PA,16,1,329,National Universities,6764.0,1082.0,scorecard_avg,0.5551,10440.0,0.8351,13079.254287403903,17.0,0.9077,0.7534,51019.0,3.8,intake+outcome+resources,"sat,grad6,spend,faculty_ft,endowment,class_size"
200156,Jamestown,jamestown-college-2990,University of Jamestown,Jamestown,ND,20,2,124,Regional Universities Midwest,1041.0,,,0.4904,10448.0,1.0,40895.80211335255,13.0,0.8808,0.6735,56621.0,4.8,outcome+resources,"grad6,spend,faculty_ft,endowment,class_size"
216366,Jefferson,thomas-jefferson-university-12393,Thomas Jefferson University,Philadelphia,PA,16,2,132,National Universities,3755.0,1243.0,scorecard_avg,0.6857,32364.0,0.3988,709983.4886817577,12.0,0.8097,0.8246,77449.0,7.1,intake+outcome+resources,"sat,grad6,spend,faculty_ft,endowment,class_size"
122728,Jessup,jessup-university-1281,William Jessup University,Rocklin,CA,19,2,77,Regional Universities West,1294.0,1150.0,scorecard_avg,0.5598,11189.0,0.3043,4553.89258114374,14.0,0.9333,0.7688,56257.0,4.3,intake+outcome+resources,"sat,grad6,spend,faculty_ft,endowment,class_size"
157076,Kentucky Wesleyan,kentucky-wesleyan-college-1969,Kentucky Wesleyan College,Owensboro,KY,22,2,21,Regional Colleges South,842.0,1044.0,scorecard_avg,0.468,5847.0,0.4255,42573.522565320665,15.0,0.716,0.5256,46747.0,2.5,intake+outcome+resources,"sat,grad6,spend,faculty_ft,endowment,class_size"
220516,King (TN),king-university-3496,King University,Bristol,TN,18,2,76,Regional Universities South,908.0,,,0.4787,7149.0,0.5905,42718.92841409692,12.0,0.9972,0.6012,59831.0,3.5,outcome+resources,"grad6,spend,faculty_ft,endowment,class_size"
213349,Kutztown,kutztown-university-3322,Kutztown University of Pennsylvania,Kutztown,PA,18,1,112,Regional Universities North,6180.0,1210.0,scorecard_avg,0.5382,10174.0,0.8337,6706.6729773462785,18.0,0.9075,0.7779,53775.0,5.0,intake+outcome+resources,"sat,grad6,spend,faculty_ft,endowment,class_size"
203580,Lake Erie,lake-erie-college-3066,Lake Erie College,Painesville,OH,20,2,145-160,Regional Universities Midwest,852.0,,,0.3795,5968.0,0.5055,39275.46713615023,12.0,0.7036,0.5936,50417.0,2.7,outcome+resources,"grad6,spend,faculty_ft,endowment,class_size"
218229,Lander,lander-university-3435,Lander University,Greenwood,SC,22,1,12,Regional Colleges South,3397.0,1057.0,scorecard_avg,0.4977,6195.0,0.5432,6814.783926994407,19.0,0.8131,0.6961,42396.0,2.4,intake+outcome+resources,"sat,grad6,spend,faculty_ft,endowment,class_size"
220613,Lee (TN),lee-university-3500,Lee University,Cleveland,TN,19,2,31,Regional Universities South,2617.0,1145.0,scorecard_avg,0.6259,8868.0,0.8404,11588.316392816201,13.0,0.7052,0.8227,43222.0,4.9,intake+outcome+resources,"sat,grad6,spend,faculty_ft,endowment,class_size"
198808,Lees-McRae,lees-mcrae-college-2939,Lees-McRae College,Banner Elk,NC,22,2,12,Regional Colleges South,873.0,,,0.4208,7880.0,0.5,39904.77434135166,11.0,0.7678,0.6884,43415.0,3.1,outcome+resources,"grad6,spend,faculty_ft,endowment,class_size"
198835,Lenoir-Rhyne,lenoir-rhyne-university-2941,Lenoir-Rhyne University,Hickory,NC,18,2,45,Regional Universities South,1359.0,,,0.4778,10703.0,1.0,94467.31272994849,14.0,0.8459,0.7553,45543.0,4.9,outcome+resources,"grad6,spend,faculty_ft,endowment,class_size"
146612,Lewis,lewis-university-1707,Lewis University,Romeoville,IL,18,2,29,Regional Universities Midwest,4015.0,1096.0,scorecard_avg,0.6661,11056.0,0.4006,27960.369863013697,13.0,0.7129,0.7915,66099.0,4.5,intake+outcome+resources,"sat,grad6,spend,faculty_ft,endowment,class_size"
177940,Lincoln (MO),lincoln-university-2479,Lincoln University,Jefferson City,MO,22,1,51,Regional Colleges Midwest,1392.0,,,0.2085,8821.0,0.7243,2249.2435344827586,13.0,,0.5986,39463.0,2.7,outcome+resources,"grad6,spend,faculty_ft,endowment,class_size"
213598,Lincoln (PA),lincoln-university-3290,Lincoln University,Lincoln University,PA,19,1,116,Regional Universities North,1539.0,920.0,scorecard_avg,0.4355,9815.0,1.0,35171.90643274854,12.0,0.6572,0.7341,43167.0,3.0,intake+outcome+resources,"sat,grad6,spend,faculty_ft,endowment,class_size"
220631,Lincoln Memorial,lincoln-memorial-university-3502,Lincoln Memorial University,Harrogate,TN,17,2,343,National Universities,1572.0,1092.0,scorecard_avg,0.4966,12706.0,0.5871,32153.64058524173,9.0,0.6259,0.7167,49956.0,4.1,intake+outcome+resources,"sat,grad6,spend,faculty_ft,endowment,class_size"
226383,Lubbock Christian,lubbock-christian-university-3586,Lubbock Christian University,Lubbock,TX,19,2,77,Regional Universities West,1252.0,1100.0,scorecard_avg,0.5136,8197.0,0.5057,29258.20127795527,12.0,0.731,0.7032,53787.0,3.5,intake+outcome+resources,"sat,grad6,spend,faculty_ft,endowment,class_size"
132657,Lynn,lynn-university-1505,Lynn University,Boca Raton,FL,18,2,57,Regional Universities South,2859.0,1134.0,scorecard_avg,0.5206,7523.0,0.4331,13235.414480587619,16.0,0.7347,0.766,49006.0,3.6,intake+outcome+resources,"sat,grad6,spend,faculty_ft,endowment,class_size"
203775,Malone,malone-university-3072,Malone University,Canton,OH,19,2,101,Regional Universities Midwest,798.0,1081.0,scorecard_avg,0.4498,7647.0,0.3803,29661.81954887218,12.0,0.7586,0.7558,48909.0,2.8,intake+outcome+resources,"sat,grad6,spend,faculty_ft,endowment,class_size"
198899,Mars Hill,mars-hill-college-2944,Mars Hill University,Mars Hill,NC,22,2,27,Regional Colleges South,1044.0,,,0.4487,15848.0,0.621,56677.055555555555,10.0,0.679,0.6933,44781.0,4.9,outcome+resources,"grad6,spend,faculty_ft,endowment,class_size"
200217,Mary,university-of-mary-2992,University of Mary,Bismarck,ND,17,2,343,National Universities,2416.0,1159.0,scorecard_avg,0.666,8897.0,0.6196,28385.98261589404,10.0,0.753,0.8354,60909.0,5.3,intake+outcome+resources,"sat,grad6,spend,faculty_ft,endowment,class_size"
178059,Maryville (MO),maryville-saint-louis-2482,Maryville University of Saint Louis,Saint Louis,MO,17,2,283,National Universities,5658.0,,,0.6622,6073.0,0.1439,12164.084658890068,,0.9508,0.8467,62105.0,3.7,outcome+resources,"grad6,spend,faculty_ft,endowment"
147013,McKendree,mckendree-university-1722,McKendree University,Lebanon,IL,19,2,101,Regional Universities Midwest,1752.0,1050.0,usnews_midpoint,0.5333,4640.0,1.0,20863.43207762557,17.0,0.7172,0.6735,58572.0,3.2,intake+outcome+resources,"sat,grad6,spend,faculty_ft,endowment,class_size"
118693,Menlo,menlo-college-1236,Menlo College,Atherton,CA,29,2,,,752.0,,,0.535,8662.0,1.0,26154.317819148935,,0.6847,0.6994,76419.0,4.6,outcome+resources,"grad6,spend,faculty_ft,endowment"
193016,Mercy,mercy-university-2772,Mercy University,Dobbs Ferry,NY,18,2,116,Regional Universities North,5735.0,,,0.4571,7862.0,0.2528,56807.591630340015,16.0,0.8584,0.7572,52055.0,2.8,outcome+resources,"grad6,spend,faculty_ft,endowment,class_size"
127565,Metro State Denver,metropolitan-state-university-of-denver-1360,Metropolitan State University of Denver,Denver,CO,18,1,86,Regional Universities West,15002.0,1019.0,scorecard_avg,0.3154,8036.0,1.0,1768.8614184775363,14.0,0.988,0.6289,52093.0,2.5,intake+outcome+resources,"sat,grad6,spend,faculty_ft,endowment,class_size"
171128,Michigan Tech,michigan-tech-2292,Michigan Technological University,Houghton,MI,16,1,158,National Universities,5955.0,1258.0,scorecard_avg,0.6806,12828.0,0.8658,26178.1758186398,13.0,0.9243,0.8882,78198.0,6.8,intake+outcome+resources,"sat,grad6,spend,faculty_ft,endowment,class_size"
482158,Middle Georgia State,middle-georgia-state-university-7728,Middle Georgia State University,Macon,GA,19,1,112,Regional Universities South,6574.0,1083.0,scorecard_avg,0.2533,7135.0,0.745,2319.1484636446608,18.0,0.9968,0.6529,40863.0,2.4,intake+outcome+resources,"sat,grad6,spend,faculty_ft,endowment,class_size"
226833,Midwestern State,midwestern-state-3592,Midwestern State University,Wichita Falls,TX,18,1,77,Regional Universities West,4087.0,1035.0,usnews_midpoint,0.4274,11122.0,0.7318,24822.933447516516,17.0,0.9352,0.6393,55747.0,3.0,intake+outcome+resources,"sat,grad6,spend,faculty_ft,endowment,class_size"
214041,Millersville,millersville-university-of-pennsylvania-3325,Millersville University of Pennsylvania,Millersville,PA,18,1,98,Regional Universities North,5728.0,1110.0,scorecard_avg,0.5763,10132.0,0.6627,7479.717702513966,17.0,0.8619,0.7711,55246.0,4.0,intake+outcome+resources,"sat,grad6,spend,faculty_ft,endowment,class_size"
174075,Minnesota Crookston,university-of-minnesota-crookston-4069,University of Minnesota-Crookston,Crookston,MN,22,1,14,Regional Colleges Midwest,1729.0,,,0.4976,7692.0,1.0,13519.806824754192,17.0,0.8786,0.8,58056.0,3.8,outcome+resources,"grad6,spend,faculty_ft,endowment,class_size"
174233,Minnesota Duluth,university-of-minnesota-duluth-2388,University of Minnesota-Duluth,Duluth,MN,18,1,18,Regional Universities Midwest,7336.0,1251.0,scorecard_avg,0.6472,8746.0,0.8494,38563.43047982552,16.0,0.8875,0.8114,62616.0,6.1,intake+outcome+resources,"sat,grad6,spend,faculty_ft,endowment,class_size"
173920,Minnesota State Mankato,minnesota-state-university-mankato-2360,Minnesota State University-Mankato,Mankato,MN,18,1,54,Regional Universities Midwest,11703.0,1150.0,scorecard_avg,0.5395,9227.0,0.7244,6059.984619328377,22.0,0.8844,0.8025,56922.0,4.1,intake+outcome+resources,"sat,grad6,spend,faculty_ft,endowment,class_size"
174358,Minnesota State Moorhead,minnesota-state-university-moorhead-2367,Minnesota State University Moorhead,Moorhead,MN,18,1,49,Regional Universities Midwest,3072.0,1090.0,scorecard_avg,0.5732,9492.0,0.6633,11655.598958333334,17.0,0.5876,0.7496,50527.0,3.7,intake+outcome+resources,"sat,grad6,spend,faculty_ft,endowment,class_size"
200253,Minot State,minot-state-2994,Minot State University,Minot,ND,19,1,112,Regional Universities Midwest,2062.0,1051.0,scorecard_avg,0.4505,9367.0,0.881,19548.937924345297,12.0,0.6462,0.6648,51759.0,3.3,intake+outcome+resources,"sat,grad6,spend,faculty_ft,endowment,class_size"
176053,Mississippi Christian,mississippi-college-2415,Mississippi Christian University,Clinton,MS,17,2,358,National Universities,2518.0,1090.0,scorecard_avg,0.5934,8389.0,0.5234,39427.16719618745,14.0,0.2911,0.7776,47485.0,3.9,intake+outcome+resources,"sat,grad6,spend,faculty_ft,endowment,class_size"
178411,Missouri S&T,missouri-university-of-science-and-technology-2517,Missouri University of Science and Technology,Rolla,MO,16,1,192,National Universities,5521.0,1317.0,scorecard_avg,0.6437,15588.0,0.8254,46720.98279297229,17.0,0.7255,0.8656,82957.0,7.1,intake+outcome+resources,"sat,grad6,spend,faculty_ft,endowment,class_size"
178341,Missouri Southern,missouri-southern-state-university-2488,Missouri Southern State University,Joplin,MO,20,1,138,Regional Universities Midwest,3019.0,1065.0,scorecard_avg,0.4158,9817.0,0.5309,16080.62669758198,15.0,0.9703,0.6278,42620.0,2.7,intake+outcome+resources,"sat,grad6,spend,faculty_ft,endowment,class_size"
178387,Missouri Western,missouri-western-state-university-2490,Missouri Western State University,Saint Joseph,MO,20,1,133,Regional Universities Midwest,2219.0,,,0.3854,6261.0,0.6157,16519.876070301936,16.0,,0.5379,42647.0,2.4,outcome+resources,"grad6,spend,faculty_ft,endowment,class_size"
193292,Molloy,molloy-university-2775,Molloy University,Rockville Centre,NY,18,2,66,Regional Universities North,3162.0,1187.0,scorecard_avg,0.6993,13180.0,0.3524,15577.323845667299,12.0,0.8174,0.8517,77789.0,5.7,intake+outcome+resources,"sat,grad6,spend,faculty_ft,endowment,class_size"
193308,Monroe (NY),monroe-university-4799,Monroe University,Bronx,NY,18,3,76,Regional Universities North,5701.0,,,0.5655,4404.0,0.6183,,17.0,0.6751,0.6651,41236.0,3.4,outcome+resources,"grad6,spend,faculty_ft,class_size"
180179,Montana State Billings,montana-state-billings-2530,Montana State University Billings,Billings,MT,19,1,95,Regional Universities West,2626.0,,,0.3004,8173.0,0.6309,12410.722010662605,14.0,,0.5556,44296.0,2.6,outcome+resources,"grad6,spend,faculty_ft,endowment,class_size"
101709,Montevallo,university-of-montevallo-1004,University of Montevallo,Montevallo,AL,19,1,22,Regional Universities South,2151.0,1146.5,usnews_midpoint,0.541,15957.0,0.7114,17667.969781496977,13.0,0.5385,0.7275,42957.0,5.0,intake+outcome+resources,"sat,grad6,spend,faculty_ft,endowment,class_size"
199069,Mount Olive,university-of-mount-olive-2949,University of Mount Olive,Mount Olive,NC,20,2,76,Regional Universities South,1796.0,1050.0,scorecard_avg,0.5178,3971.0,1.0,23944.452115812917,19.0,0.7575,0.7165,47139.0,3.1,intake+outcome+resources,"sat,grad6,spend,faculty_ft,endowment,class_size"
181215,Nebraska at Kearney,university-of-nebraska-at-kearney-2551,University of Nebraska at Kearney,Kearney,NE,18,1,24,Regional Universities Midwest,4088.0,1118.0,scorecard_avg,0.5774,11409.0,0.6623,18234.328767123287,14.0,0.8949,0.7996,50105.0,4.5,intake+outcome+resources,"sat,grad6,spend,faculty_ft,endowment,class_size"
187897,New Mexico Highlands,new-mexico-highlands-university-2653,New Mexico Highlands University,Las Vegas,NM,18,1,97,Regional Universities West,1451.0,,,0.2618,11748.0,0.7797,7149.776705720193,10.0,,0.4977,45937.0,3.7,outcome+resources,"grad6,spend,faculty_ft,endowment,class_size"
218414,Newberry,newberry-college-3440,Newberry College,Newberry,SC,22,2,16,Regional Colleges South,1479.0,1025.0,usnews_midpoint,0.4514,8029.0,1.0,13313.748478701826,15.0,0.8979,0.6925,48040.0,2.9,intake+outcome+resources,"sat,grad6,spend,faculty_ft,endowment,class_size"
155335,Newman,newman-university-1939,Newman University,Wichita,KS,19,2,118,Regional Universities Midwest,851.0,,,0.5281,5539.0,1.0,31683.365452408932,13.0,0.7398,0.6887,55041.0,4.3,outcome+resources,"grad6,spend,faculty_ft,endowment,class_size"
482680,North Georgia,university-of-north-georgia-1585,University of North Georgia,Dahlonega,GA,18,1,49,Regional Universities South,16146.0,1106.0,scorecard_avg,0.3729,6126.0,0.7248,4644.861885296668,19.0,0.6794,0.7347,50135.0,2.7,intake+outcome+resources,"sat,grad6,spend,faculty_ft,endowment,class_size"
218441,North Greenville,north-greenville-university-3441,North Greenville University,Tigerville,SC,20,2,42,Regional Universities South,1819.0,1156.0,scorecard_avg,0.5453,8393.0,0.6711,18342.695437053328,13.0,0.6667,0.7249,43035.0,4.4,intake+outcome+resources,"sat,grad6,spend,faculty_ft,endowment,class_size"
207263,Northeastern State,northeastern-state-university-3161,Northeastern State University,Tahlequah,OK,18,1,69,Regional Universities West,4772.0,1049.0,scorecard_avg,0.3536,11563.0,0.7423,5459.8451383067895,14.0,0.9959,0.605,45379.0,2.8,intake+outcome+resources,"sat,grad6,spend,faculty_ft,endowment,class_size"
171456,Northern Michigan,northern-michigan-university-2301,Northern Michigan University,Marquette,MI,19,1,49,Regional Universities Midwest,6556.0,,,0.5214,8369.0,0.7103,2732.6031116534473,18.0,0.8402,0.7796,47107.0,3.3,outcome+resources,"grad6,spend,faculty_ft,endowment,class_size"
219259,Northern State,northern-state-university-3466,Northern State University,Aberdeen,SD,20,1,61,Regional Universities Midwest,1273.0,1089.0,scorecard_avg,0.4894,9584.0,0.9453,38660.93558523174,18.0,0.93,0.7698,47618.0,3.7,intake+outcome+resources,"sat,grad6,spend,faculty_ft,endowment,class_size"
178624,Northwest Missouri State,northwest-missouri-2496,Northwest Missouri State University,Maryville,MO,18,1,84,Regional Universities Midwest,4378.0,1119.0,scorecard_avg,0.5423,7192.0,0.7969,10091.084285061672,18.0,0.8609,0.7392,47885.0,3.7,intake+outcome+resources,"sat,grad6,spend,faculty_ft,endowment,class_size"
142461,Northwest Nazarene,northwest-nazarene-university-1624,Northwest Nazarene University,Nampa,ID,18,2,56,Regional Universities West,1024.0,1130.0,scorecard_avg,0.7076,6557.0,1.0,59001.5830078125,14.0,0.6474,0.7741,51719.0,5.4,intake+outcome+resources,"sat,grad6,spend,faculty_ft,endowment,class_size"
207306,Northwestern Oklahoma State,northwestern-oklahoma-state-3163,Northwestern Oklahoma State University,Alva,OK,20,1,81,Regional Universities West,1498.0,1003.0,scorecard_avg,0.3035,8667.0,0.5617,23217.18090787717,15.0,0.6545,0.6507,44358.0,2.2,intake+outcome+resources,"sat,grad6,spend,faculty_ft,endowment,class_size"
171492,Northwood,northwood-university-8759,Northwood University,Midland,MI,29,2,,,1974.0,1056.5,usnews_midpoint,0.6332,7560.0,0.22,53438.323201621075,,0.6451,0.7862,63075.0,3.4,intake+outcome+resources,"sat,grad6,spend,faculty_ft,endowment"
136215,Nova Southeastern,nova-southeastern-university-1509,Nova Southeastern University,Fort Lauderdale,FL,16,2,257,National Universities,7240.0,1157.0,scorecard_avg,0.6334,18297.0,0.482,31069.198895027625,16.0,0.7321,0.7564,59209.0,5.4,intake+outcome+resources,"sat,grad6,spend,faculty_ft,endowment,class_size"
204617,Ohio Dominican,ohio-dominican-university-3035,Ohio Dominican University,Columbus,OH,19,2,112,Regional Universities Midwest,760.0,,,0.4102,8272.0,0.9219,24975.40394736842,12.0,0.9423,0.6396,51748.0,3.7,outcome+resources,"grad6,spend,faculty_ft,endowment,class_size"
207403,Oklahoma Baptist,oklahoma-baptist-university-3164,Oklahoma Baptist University,Shawnee,OK,20,2,43,Regional Universities West,1308.0,1024.0,scorecard_avg,0.5237,10243.0,0.4719,129865.83944954128,16.0,0.4941,0.7166,48434.0,3.2,intake+outcome+resources,"sat,grad6,spend,faculty_ft,endowment,class_size"
207324,Oklahoma Christian,oklahoma-christian-3165,Oklahoma Christian University,Edmond,OK,19,2,65,Regional Universities West,1885.0,1122.0,scorecard_avg,0.5551,6440.0,0.203,26375.108222811672,19.0,0.9654,0.7252,49203.0,3.5,intake+outcome+resources,"sat,grad6,spend,faculty_ft,endowment,class_size"
107512,Ouachita Baptist,ouachita-baptist-university-1102,Ouachita Baptist University,Arkadelphia,AR,21,2,151,National Liberal Arts Colleges,1602.0,1211.0,scorecard_avg,0.614,10607.0,0.9504,80849.72097378277,13.0,0.6752,0.8254,51673.0,6.1,intake+outcome+resources,"sat,grad6,spend,faculty_ft,endowment,class_size"
194310,Pace,pace-university-2791,Pace University,New York,NY,17,2,273,National Universities,7665.0,1266.0,scorecard_avg,0.6003,11687.0,1.0,30320.2056099152,15.0,0.7592,0.7549,70378.0,6.5,intake+outcome+resources,"sat,grad6,spend,faculty_ft,endowment,class_size"
136330,Palm Beach Atlantic,palm-beach-atlantic-university-8849,Palm Beach Atlantic University,West Palm Beach,FL,17,2,384,National Universities,2603.0,1075.0,scorecard_avg,0.5534,12213.0,1.0,39076.84095274683,13.0,0.8199,0.6796,49232.0,4.4,intake+outcome+resources,"sat,grad6,spend,faculty_ft,endowment,class_size"
498571,PennWest California,pennsylvania-western-university-664059,Pennsylvania Western University,California,PA,18,1,136,Regional Universities North,7451.0,1063.0,scorecard_avg,0.5188,11506.0,0.8132,15151.355791168971,18.0,0.9433,0.7169,47295.0,3.6,intake+outcome+resources,"sat,grad6,spend,faculty_ft,endowment,class_size"
215284,PennWest Johnstown,university-of-pittsburgh-at-johnstown-3382,University of Pittsburgh-Johnstown,Johnstown,PA,22,1,14,Regional Colleges North,1808.0,1105.0,scorecard_avg,0.5582,11380.0,0.82,36413.83960176991,14.0,0.9484,0.7511,66125.0,4.5,intake+outcome+resources,"sat,grad6,spend,faculty_ft,endowment,class_size"
121309,Point Loma Nazarene,point-loma-nazarene-university-1262,Point Loma Nazarene University,San Diego,CA,18,2,16,Regional Universities West,3188.0,1287.0,scorecard_avg,0.7717,11365.0,1.0,21367.76756587202,13.0,0.8368,0.8554,63998.0,7.4,intake+outcome+resources,"sat,grad6,spend,faculty_ft,endowment,class_size"
215442,Point Park,point-park-university-3357,Point Park University,Pittsburgh,PA,17,2,318,National Universities,2331.0,,,0.5854,11481.0,0.3066,22544.779493779493,12.0,0.9691,0.7394,45856.0,4.7,outcome+resources,"grad6,spend,faculty_ft,endowment,class_size"
130183,Post,post-university-1401,Post University,Waterbury,CT,18,3,150-164,Regional Universities North,13603.0,,,0.2493,2664.0,0.0575,,23.0,,0.3341,38696.0,1.1,outcome+resources,"grad6,spend,faculty_ft,class_size"
490805,Purdue Northwest,purdue-university-northwest-666998,Purdue University Northwest,Hammond,IN,18,1,101,Regional Universities Midwest,5671.0,1024.0,scorecard_avg,0.4291,10005.0,0.9848,9096.249515076706,17.0,0.7236,0.657,48318.0,2.9,intake+outcome+resources,"sat,grad6,spend,faculty_ft,endowment,class_size"
190664,Queens (CUNY),queens-college-2690,CUNY Queens College,Queens,NY,18,1,38,Regional Universities North,12550.0,1120.0,scorecard_avg,0.5325,13103.0,0.4237,5101.093466135459,13.0,0.6435,0.7868,62763.0,4.0,intake+outcome+resources,"sat,grad6,spend,faculty_ft,endowment,class_size"
148131,Quincy,quincy-university-1745,Quincy University,Quincy,IL,22,2,35,Regional Colleges Midwest,1010.0,1098.0,scorecard_avg,0.4504,6923.0,0.5041,22447.153465346535,12.0,0.5093,0.7003,50369.0,3.1,intake+outcome+resources,"sat,grad6,spend,faculty_ft,endowment,class_size"
127918,Regis (CO),regis-university-1363,Regis University,Denver,CO,17,2,273,National Universities,2627.0,1220.0,scorecard_avg,0.6102,11821.0,0.3426,33442.16901408451,11.0,0.8646,0.7143,72105.0,5.7,intake+outcome+resources,"sat,grad6,spend,faculty_ft,endowment,class_size"
194958,Roberts Wesleyan,roberts-wesleyan-university-2805,Roberts Wesleyan University,Rochester,NY,18,2,84,Regional Universities North,1149.0,1170.0,scorecard_avg,0.6667,9214.0,0.9175,29540.146214099215,10.0,0.7063,0.836,55031.0,5.7,intake+outcome+resources,"sat,grad6,spend,faculty_ft,endowment,class_size"
179043,Rockhurst,rockhurst-university-2499,Rockhurst University,Kansas City,MO,18,2,6,Regional Universities Midwest,1580.0,1120.0,scorecard_avg,0.7456,7703.0,0.5018,22788.520253164555,13.0,0.6959,0.7912,67102.0,4.8,intake+outcome+resources,"sat,grad6,spend,faculty_ft,endowment,class_size"
207661,Rogers State,rogers-state-university-3168,Rogers State University,Claremore,OK,22,1,27,Regional Colleges West,2657.0,860.0,usnews_midpoint,0.2896,5581.0,0.4293,6818.446744448626,18.0,,0.6965,43166.0,1.4,intake+outcome+resources,"sat,grad6,spend,faculty_ft,endowment,class_size"
136950,Rollins,rollins-college-1515,Rollins College,Winter Park,FL,18,2,2,Regional Universities South,2631.0,1271.0,scorecard_avg,0.7505,13624.0,0.8165,168602.05245153935,12.0,0.4754,0.8524,58295.0,7.6,intake+outcome+resources,"sat,grad6,spend,faculty_ft,endowment,class_size"
148487,Roosevelt,roosevelt-university-1749,Roosevelt University,Chicago,IL,17,2,395-434,National Universities,2849.0,1011.0,scorecard_avg,0.3514,10228.0,0.3117,48137.59213759214,13.0,0.9716,0.6162,48712.0,2.5,intake+outcome+resources,"sat,grad6,spend,faculty_ft,endowment,class_size"
172051,Saginaw Valley State,saginaw-valley-state-university-2314,Saginaw Valley State University,University Center,MI,18,1,99,Regional Universities Midwest,5989.0,1052.0,scorecard_avg,0.4825,9060.0,0.4235,17320.27166471865,16.0,0.7207,0.7757,51955.0,2.7,intake+outcome+resources,"sat,grad6,spend,faculty_ft,endowment,class_size"
183239,Saint Anselm,st-anselm-college-2587,Saint Anselm College,Manchester,NH,21,2,96,National Liberal Arts Colleges,2087.0,1201.0,scorecard_avg,0.8003,13897.0,0.6581,95907.33588883565,12.0,0.7805,0.8813,73371.0,6.9,intake+outcome+resources,"sat,grad6,spend,faculty_ft,endowment,class_size"
137032,Saint Leo,saint-leo-university-1526,Saint Leo University,Saint Leo,FL,17,2,395-434,National Universities,6721.0,,,0.45,4336.0,0.1773,10850.5026037792,20.0,0.784,0.5922,48364.0,1.8,outcome+resources,"grad6,spend,faculty_ft,endowment,class_size"
236452,Saint Martin's,st-martins-3794,Saint Martin's University,Lacey,WA,20,2,56,Regional Universities West,1158.0,1093.0,scorecard_avg,0.519,9107.0,0.5105,35015.40932642487,11.0,0.898,0.6459,62092.0,3.7,intake+outcome+resources,"sat,grad6,spend,faculty_ft,endowment,class_size"
231059,Saint Michael's,saint-michaels-college-3694,Saint Michael's College,Colchester,VT,21,2,115,National Liberal Arts Colleges,1092.0,1245.0,scorecard_avg,0.7277,10911.0,0.9722,85510.46978021978,10.0,0.8451,0.7994,61317.0,7.2,intake+outcome+resources,"sat,grad6,spend,faculty_ft,endowment,class_size"
237783,Salem,salem-university-3820,Salem University,Salem,WV,19,3,121-133,Regional Universities South,892.0,,,0.1992,2609.0,0.1667,,16.0,,0.5476,34642.0,1.3,outcome+resources,"grad6,spend,faculty_ft,class_size"
122597,San Francisco State,san-francisco-state-university-1154,San Francisco State University,San Francisco,CA,16,1,208,National Universities,18639.0,,,0.5037,10604.0,0.5316,8693.145555019046,16.0,0.9644,0.827,68077.0,3.5,outcome+resources,"grad6,spend,faculty_ft,endowment,class_size"
236577,Seattle Pacific,seattle-pacific-university-3788,Seattle Pacific University,Seattle,WA,17,2,242,National Universities,1762.0,1210.0,usnews_midpoint,0.6195,15613.0,0.5583,92002.2701475596,11.0,0.834,0.7237,64506.0,6.2,intake+outcome+resources,"sat,grad6,spend,faculty_ft,endowment,class_size"
215947,Seton Hill,seton-hill-university-pennsylvania-3362,Seton Hill University,Greensburg,PA,19,2,66,Regional Universities North,1492.0,1117.0,scorecard_avg,0.6736,10140.0,0.9322,37749.137399463805,12.0,0.7953,0.8088,51748.0,5.2,intake+outcome+resources,"sat,grad6,spend,faculty_ft,endowment,class_size"
199643,Shaw,shaw-university-2962,Shaw University,Raleigh,NC,22,2,84,Regional Colleges South,875.0,,,0.2179,7287.0,0.5729,15749.376,14.0,0.8016,0.5165,34409.0,2.3,outcome+resources,"grad6,spend,faculty_ft,endowment,class_size"
205443,Shawnee State,shawnee-state-university-12748,Shawnee State University,Portsmouth,OH,20,1,112,Regional Universities Midwest,2247.0,,,0.4811,6719.0,0.4306,8898.199821984868,12.0,,0.7199,39596.0,2.8,outcome+resources,"grad6,spend,faculty_ft,endowment,class_size"
237792,Shepherd,shepherd-university-3822,Shepherd University,Shepherdstown,WV,20,1,82,Regional Universities South,2344.0,1034.0,scorecard_avg,0.5103,8565.0,0.5281,12678.345989761092,16.0,0.9678,0.7138,49358.0,2.7,intake+outcome+resources,"sat,grad6,spend,faculty_ft,endowment,class_size"
216010,Shippensburg,shippensburg-university-of-pennsylvania-3326,Shippensburg University of Pennsylvania,Shippensburg,PA,18,1,84,Regional Universities North,4086.0,1120.0,scorecard_avg,0.557,11381.0,0.8066,14463.944933920704,18.0,0.865,0.7681,56351.0,4.4,intake+outcome+resources,"sat,grad6,spend,faculty_ft,endowment,class_size"
140988,Shorter,shorter-university-1591,Shorter University,Rome,GA,20,2,121-133,Regional Universities South,1028.0,1115.0,scorecard_avg,0.3769,5023.0,0.5878,14231.62159533074,15.0,0.9646,0.6053,44604.0,2.9,intake+outcome+resources,"sat,grad6,spend,faculty_ft,endowment,class_size"
219383,Sioux Falls,university-of-sioux-falls-3469,University of Sioux Falls,Sioux Falls,SD,19,2,71,Regional Universities Midwest,1218.0,,,0.6291,6358.0,1.0,28869.559113300493,18.0,0.8289,0.745,54521.0,4.9,outcome+resources,"grad6,spend,faculty_ft,endowment,class_size"
216038,Slippery Rock,slippery-rock-university-of-pennsylvania-3327,Slippery Rock University of Pennsylvania,Slippery Rock,PA,18,1,55,Regional Universities North,6788.0,1095.0,scorecard_avg,0.6557,9095.0,0.8697,7058.478786093106,21.0,0.7147,0.8401,53032.0,4.3,intake+outcome+resources,"sat,grad6,spend,faculty_ft,endowment,class_size"
218645,South Carolina Aiken,usc-aiken-3449,University of South Carolina Aiken,Aiken,SC,20,1,69,Regional Universities South,2962.0,1120.0,scorecard_avg,0.3985,10925.0,0.6095,11093.122214719784,16.0,0.7854,0.6678,45603.0,3.5,intake+outcome+resources,"sat,grad6,spend,faculty_ft,endowment,class_size"
218654,South Carolina Beaufort,university-of-south-carolina-beaufort-3450,University of South Carolina Beaufort,Bluffton,SC,22,1,38,Regional Colleges South,2052.0,1035.0,usnews_midpoint,0.3399,9434.0,0.5272,4818.21881091618,16.0,0.725,0.6126,48088.0,2.2,intake+outcome+resources,"sat,grad6,spend,faculty_ft,endowment,class_size"
219347,South Dakota Mines,south-dakota-school-of-mines-3470,South Dakota School of Mines and Technology,Rapid City,SD,19,1,20,Regional Universities Midwest,2071.0,1245.0,scorecard_avg,0.5295,13495.0,0.8804,48362.72090777402,13.0,0.7987,0.8409,72257.0,6.1,intake+outcome+resources,"sat,grad6,spend,faculty_ft,endowment,class_size"
130493,Southern Connecticut State,southern-connecticut-state-university-1406,Southern Connecticut State University,New Haven,CT,18,1,64,Regional Universities North,6295.0,965.0,usnews_midpoint,0.4993,11507.0,0.4433,5671.801588562351,11.0,0.9147,0.7787,55043.0,2.8,intake+outcome+resources,"sat,grad6,spend,faculty_ft,endowment,class_size"
206862,Southern Nazarene,southern-nazarene-university-3149,Southern Nazarene University,Bethany,OK,18,2,67,Regional Universities West,1455.0,,,0.5051,7999.0,0.4953,30667.643298969073,11.0,,0.7286,54951.0,3.6,outcome+resources,"grad6,spend,faculty_ft,endowment,class_size"
183026,Southern New Hampshire,southern-new-hampshire-university-2580,Southern New Hampshire University,Manchester,NH,18,2,150-164,Regional Universities North,163164.0,,,0.4283,1594.0,1.0,358.99449633497585,18.0,0.9951,0.6112,50318.0,2.7,outcome+resources,"grad6,spend,faculty_ft,endowment,class_size"
217776,Southern Wesleyan,southern-wesleyan-3422,Southern Wesleyan University,Central,SC,20,2,64,Regional Universities South,747.0,1140.0,scorecard_avg,0.5236,6423.0,1.0,11710.302543507363,12.0,0.9953,0.6899,47756.0,4.3,intake+outcome+resources,"sat,grad6,spend,faculty_ft,endowment,class_size"
179326,Southwest Baptist,southwest-baptist-2502,Southwest Baptist University,Bolivar,MO,18,2,107,Regional Universities Midwest,1341.0,1088.0,scorecard_avg,0.5532,10376.0,0.3917,26263.68754660701,10.0,0.6839,0.6482,43112.0,3.8,intake+outcome+resources,"sat,grad6,spend,faculty_ft,endowment,class_size"
175078,Southwest Minnesota State,southwest-minnesota-state-2375,Southwest Minnesota State University,Marshall,MN,18,1,107,Regional Universities Midwest,2315.0,1050.0,scorecard_avg,0.451,7153.0,0.518,7878.1857451403885,16.0,0.6218,0.7371,51342.0,2.3,intake+outcome+resources,"sat,grad6,spend,faculty_ft,endowment,class_size"
207865,Southwestern Oklahoma State,southwestern-oklahoma-state-university-3181,Southwestern Oklahoma State University,Weatherford,OK,18,1,77,Regional Universities West,3514.0,995.0,usnews_midpoint,0.3969,10504.0,0.9953,10101.088503130335,19.0,,0.677,45744.0,2.7,intake+outcome+resources,"sat,grad6,spend,faculty_ft,endowment,class_size"
102234,Spring Hill,spring-hill-college-1041,Spring Hill College,Mobile,AL,22,2,12,Regional Colleges South,782.0,1120.0,scorecard_avg,0.521,9493.0,0.4925,13997.686700767263,10.0,0.7657,0.7023,51500.0,3.9,intake+outcome+resources,"sat,grad6,spend,faculty_ft,endowment,class_size"
174783,St. Cloud State,st-cloud-state-university-2377,Saint Cloud State University,Saint Cloud,MN,18,1,95,Regional Universities Midwest,5088.0,1092.0,scorecard_avg,0.4032,9755.0,0.6422,8325.864779874213,,0.948,0.7065,55813.0,3.0,intake+outcome+resources,"sat,grad6,spend,faculty_ft,endowment"
227845,St. Edward's,st-edwards-university-3621,Saint Edward's University,Austin,TX,18,2,5,Regional Universities West,2493.0,1138.0,scorecard_avg,0.6259,11064.0,0.5584,53619.63778580024,,0.8142,0.7967,58826.0,5.0,intake+outcome+resources,"sat,grad6,spend,faculty_ft,endowment"
228149,St. Mary's (TX),st-marys-university-san-antonio-3623,St. Mary's University,San Antonio,TX,18,2,13,Regional Universities West,1951.0,1089.0,scorecard_avg,0.5893,13146.0,0.6333,120638.42542286008,,0.9776,0.73,56955.0,4.7,intake+outcome+resources,"sat,grad6,spend,faculty_ft,endowment"
195243,St. Thomas Aquinas,st-thomas-aquinas-2832,St. Thomas Aquinas College,Sparkill,NY,20,2,121,Regional Universities North,972.0,1000.0,scorecard_avg,0.5404,10224.0,0.4016,44420.31995884774,,0.9305,0.7336,62909.0,3.0,intake+outcome+resources,"sat,grad6,spend,faculty_ft,endowment"
190558,Staten Island,cuny-college-of-staten-island-29040,College of Staten Island CUNY,Staten Island,NY,18,1,98,Regional Universities North,9657.0,1040.0,scorecard_avg,0.3393,13329.0,0.3239,1762.2037899968934,18.0,0.9234,0.757,53501.0,2.4,intake+outcome+resources,"sat,grad6,spend,faculty_ft,endowment,class_size"
228501,Sul Ross State,sul-ross-3625,Sul Ross State University,Alpine,TX,18,1,100,Regional Universities West,1396.0,1024.0,scorecard_avg,0.2994,9128.0,0.5668,18829.6776504298,13.0,0.9871,0.4491,41871.0,2.4,intake+outcome+resources,"sat,grad6,spend,faculty_ft,endowment,class_size"
137847,Tampa,university-of-tampa-1538,The University of Tampa,Tampa,FL,18,2,13,Regional Universities South,10572.0,1220.0,usnews_midpoint,0.637,8718.0,1.0,5891.708380628074,17.0,0.4034,0.8545,59436.0,5.6,intake+outcome+resources,"sat,grad6,spend,faculty_ft,endowment,class_size"
226152,Texas A&M International,texas-am-international-9651,Texas A & M International University,Laredo,TX,18,1,38,Regional Universities West,6667.0,993.0,scorecard_avg,0.4647,6589.0,0.5546,14846.6002699865,21.0,0.4437,0.7783,48386.0,2.1,intake+outcome+resources,"sat,grad6,spend,faculty_ft,endowment,class_size"
229179,Texas Woman's,texas-womans-university-3646,Texas Woman's University,Denton,TX,17,1,329,National Universities,8767.0,,,0.4906,7653.0,0.9938,13120.078247975362,16.0,0.9612,0.6955,56544.0,3.7,outcome+resources,"grad6,spend,faculty_ft,endowment,class_size"
157809,Thomas More,thomas-more-university-2001,Thomas More University,Crestview Hills,KY,20,2,85,Regional Universities South,1293.0,1180.0,scorecard_avg,0.405,7094.0,0.5174,25692.446249033255,14.0,0.9035,0.6675,59384.0,3.8,intake+outcome+resources,"sat,grad6,spend,faculty_ft,endowment,class_size"
206048,Tiffin,tiffin-university-3121,Tiffin University,Tiffin,OH,18,2,138,Regional Universities Midwest,2051.0,986.0,scorecard_avg,0.3987,4796.0,1.0,8937.424670892247,21.0,0.8005,0.7158,35942.0,2.2,intake+outcome+resources,"sat,grad6,spend,faculty_ft,endowment,class_size"
221892,Trevecca Nazarene,trevecca-nazarene-university-3526,Trevecca Nazarene University,Nashville,TN,17,2,363,National Universities,1737.0,1091.0,scorecard_avg,0.5315,8282.0,0.9404,37020.31030512378,20.0,0.6944,0.736,49378.0,3.8,intake+outcome+resources,"sat,grad6,spend,faculty_ft,endowment,class_size"
178615,Truman State,truman-state-university-2495,Truman State University,Kirksville,MO,19,1,7,Regional Universities Midwest,2513.0,1320.0,scorecard_avg,0.6853,15401.0,0.8587,24716.66255471548,12.0,0.8377,0.8474,56280.0,7.4,intake+outcome+resources,"sat,grad6,spend,faculty_ft,endowment,class_size"
221953,Tusculum,tusculum-university-3527,Tusculum University,Greeneville,TN,19,2,90,Regional Universities South,785.0,920.0,usnews_midpoint,0.2545,5834.0,0.6024,23777.738853503186,16.0,0.7217,0.6286,44367.0,1.8,intake+outcome+resources,"sat,grad6,spend,faculty_ft,endowment,class_size"
102377,Tuskegee,tuskegee-university-1050,Tuskegee University,Tuskegee,AL,19,2,10,Regional Universities South,2630.0,1120.0,scorecard_avg,0.5498,13438.0,0.9245,57049.78631178707,11.0,0.4868,0.8068,49641.0,5.1,intake+outcome+resources,"sat,grad6,spend,faculty_ft,endowment,class_size"
445188,UC Merced,university-of-california-merced-4127,University of California-Merced,Merced,CA,16,1,57,National Universities,8372.0,,,0.6872,12647.0,0.9328,3475.2747252747254,20.0,0.9053,0.8213,64368.0,5.9,outcome+resources,"grad6,spend,faculty_ft,endowment,class_size"
126580,UCCS,university-of-colorado-colorado-springs-4509,University of Colorado Colorado Springs,Colorado Springs,CO,16,1,395-434,National Universities,8697.0,1133.0,scorecard_avg,0.4693,11886.0,0.622,,15.0,0.9735,0.6835,54659.0,4.1,intake+outcome+resources,"sat,grad6,spend,faculty_ft,class_size"
178420,UMSL,umsl-2519,University of Missouri-St Louis,Saint Louis,MO,16,1,242,National Universities,5024.0,1199.0,scorecard_avg,0.5664,10909.0,0.5353,23442.37559713376,,0.6267,0.7361,53037.0,5.1,intake+outcome+resources,"sat,grad6,spend,faculty_ft,endowment"
199281,UNC Pembroke,unc-pembroke-2954,University of North Carolina at Pembroke,Pembroke,NC,18,1,33,Regional Universities South,5330.0,1056.0,scorecard_avg,0.4354,7136.0,0.7322,6069.804502814259,14.0,0.9326,0.7164,43407.0,2.6,intake+outcome+resources,"sat,grad6,spend,faculty_ft,endowment,class_size"
221971,Union (TN),union-university-3528,Union University,Jackson,TN,17,2,242,National Universities,1607.0,1256.0,scorecard_avg,0.6596,14464.0,0.9892,34380.4660858743,9.0,0.6041,0.89,53990.0,7.1,intake+outcome+resources,"sat,grad6,spend,faculty_ft,endowment,class_size"
154493,Upper Iowa,upper-iowa-university-1893,Upper Iowa University,Fayette,IA,18,2,145-160,Regional Universities Midwest,1994.0,1090.0,scorecard_avg,0.3389,4027.0,1.0,10249.56820461384,25.0,0.9646,0.6774,52766.0,2.7,intake+outcome+resources,"sat,grad6,spend,faculty_ft,endowment,class_size"
206349,Ursuline,ursuline-3134,Ursuline College,Pepper Pike,OH,19,2,61,Regional Universities Midwest,670.0,1097.0,scorecard_avg,0.6667,7706.0,0.3865,70537.77164179104,7.0,0.7493,0.7018,56878.0,4.5,intake+outcome+resources,"sat,grad6,spend,faculty_ft,endowment,class_size"
228787,UT Dallas,the-university-of-texas-dallas-9741,The University of Texas at Dallas,Richardson,TX,15,1,110,National Universities,21751.0,1286.0,scorecard_avg,0.7569,12056.0,0.7535,36394.396947266796,23.0,0.6513,0.8995,68227.0,7.0,intake+outcome+resources,"sat,grad6,spend,faculty_ft,endowment,class_size"
229018,UT Permian Basin,university-of-texas-permian-basin-9930,The University of Texas Permian Basin,Odessa,TX,18,1,69,Regional Universities West,3911.0,1033.0,scorecard_avg,0.3967,9784.0,1.0,16517.340066479162,19.0,0.9489,0.6093,56073.0,2.9,intake+outcome+resources,"sat,grad6,spend,faculty_ft,endowment,class_size"
228802,UT Tyler,the-university-of-texas-at-tyler-11163,The University of Texas at Tyler,Tyler,TX,16,1,329,National Universities,7440.0,1114.0,scorecard_avg,0.5413,27629.0,0.7771,26213.910215053762,17.0,0.9402,0.7678,57053.0,4.8,intake+outcome+resources,"sat,grad6,spend,faculty_ft,endowment,class_size"
141264,Valdosta State,valdosta-state-university-1599,Valdosta State University,Valdosta,GA,17,1,395-434,National Universities,6622.0,1013.0,scorecard_avg,0.4236,7133.0,0.6845,10383.910147991543,17.0,0.7229,0.7187,49361.0,2.2,intake+outcome+resources,"sat,grad6,spend,faculty_ft,endowment,class_size"
123651,Vanguard,vanguard-university-of-southern-california-1293,Vanguard University of Southern California,Costa Mesa,CA,19,2,43,Regional Universities West,1933.0,1125.0,usnews_midpoint,0.5677,8587.0,1.0,8317.584066218313,13.0,0.6244,0.7006,59541.0,4.5,intake+outcome+resources,"sat,grad6,spend,faculty_ft,endowment,class_size"
234155,Virginia State,virginia-state-university-3764,Virginia State University,Petersburg,VA,19,1,42,Regional Universities South,5074.0,948.0,scorecard_avg,0.3944,15660.0,0.6473,19490.505518328733,13.0,0.8863,0.6939,45543.0,3.0,intake+outcome+resources,"sat,grad6,spend,faculty_ft,endowment,class_size"
206437,Walsh,walsh-university-3135,Walsh University,North Canton,OH,17,2,363,National Universities,1390.0,1193.0,scorecard_avg,0.585,8346.0,1.0,26302.60143884892,14.0,0.7074,0.7237,59764.0,5.4,intake+outcome+resources,"sat,grad6,spend,faculty_ft,endowment,class_size"
156082,Washburn,washburn-university-1949,Washburn University,Topeka,KS,19,1,74,Regional Universities Midwest,4562.0,,,0.5296,10422.0,0.6172,43159.05699254713,14.0,,0.6803,49774.0,4.4,outcome+resources,"grad6,spend,faculty_ft,endowment,class_size"
172644,Wayne State (MI),wayne-state-university-2329,Wayne State University,Detroit,MI,15,1,179,National Universities,15587.0,1156.0,scorecard_avg,0.5844,14651.0,0.5813,32670.75126708154,16.0,0.8116,0.8265,53493.0,5.2,intake+outcome+resources,"sat,grad6,spend,faculty_ft,endowment,class_size"
181783,Wayne State (NE),wayne-state-college-2566,Wayne State College,Wayne,NE,18,1,95,Regional Universities Midwest,3010.0,,,0.5215,7016.0,0.498,10008.140531561461,19.0,,0.7239,47075.0,2.8,outcome+resources,"grad6,spend,faculty_ft,endowment,class_size"
101587,West Alabama,university-of-west-alabama-1024,University of West Alabama,Livingston,AL,18,1,85,Regional Universities South,2974.0,1015.0,scorecard_avg,0.347,8131.0,0.34,144.25554808338939,17.0,0.4265,0.6488,44232.0,1.7,intake+outcome+resources,"sat,grad6,spend,faculty_ft,endowment,class_size"
216764,West Chester,west-chester-3328,West Chester University of Pennsylvania,West Chester,PA,16,1,242,National Universities,14164.0,1187.0,scorecard_avg,0.7051,8968.0,0.7179,4316.965828861903,20.0,0.784,0.8311,61258.0,5.3,intake+outcome+resources,"sat,grad6,spend,faculty_ft,endowment,class_size"
237932,West Liberty,west-liberty-university-3823,West Liberty University,West Liberty,WV,19,1,54,Regional Universities South,1511.0,1045.0,scorecard_avg,0.5953,7232.0,0.6429,13081.255459960292,12.0,0.9727,0.6886,43296.0,3.4,intake+outcome+resources,"sat,grad6,spend,faculty_ft,endowment,class_size"
229814,West Texas A&M,west-texas-am-university-3665,West Texas A & M University,Canyon,TX,18,1,50,Regional Universities West,6917.0,1050.0,scorecard_avg,0.5504,6290.0,0.8171,17670.656498482,14.0,0.9868,0.6963,50741.0,3.3,intake+outcome+resources,"sat,grad6,spend,faculty_ft,endowment,class_size"
237899,West Virginia State,west-virginia-state-university-3826,West Virginia State University,Institute,WV,20,1,107,Regional Universities South,1321.0,955.0,scorecard_avg,0.3918,4417.0,0.6714,9109.90234670704,12.0,0.9596,0.5673,40492.0,2.0,intake+outcome+resources,"sat,grad6,spend,faculty_ft,endowment,class_size"
237969,West Virginia Wesleyan,west-virginia-wesleyan-3830,West Virginia Wesleyan College,Buckhannon,WV,22,2,27,Regional Colleges South,954.0,1052.0,scorecard_avg,0.5714,8030.0,0.6168,82984.15094339622,13.0,0.9334,0.6732,51593.0,3.6,intake+outcome+resources,"sat,grad6,spend,faculty_ft,endowment,class_size"
128391,Western Colorado,western-colorado-university-1372,Western Colorado University,Gunnison,CO,19,1,75,Regional Universities West,1586.0,1230.0,scorecard_avg,0.505,14568.0,0.6789,5570.880832282472,17.0,0.9971,0.7238,46833.0,5.2,intake+outcome+resources,"sat,grad6,spend,faculty_ft,endowment,class_size"
210429,Western Oregon,western-oregon-university-3209,Western Oregon University,Monmouth,OR,18,1,56,Regional Universities West,3103.0,,,0.4712,9229.0,0.7405,6978.994199162101,13.0,0.981,0.7274,51815.0,3.5,outcome+resources,"grad6,spend,faculty_ft,endowment,class_size"
237011,Western Washington,western-washington-3802,Western Washington University,Bellingham,WA,18,1,23,Regional Universities West,13544.0,1289.0,scorecard_avg,0.6464,13138.0,0.714,8500.217365623153,18.0,0.9325,0.7937,62569.0,6.4,intake+outcome+resources,"sat,grad6,spend,faculty_ft,endowment,class_size"
230807,Westminster (UT),westminster-university-3681,Westminster University,Salt Lake City,UT,19,2,16,Regional Universities West,823.0,1220.0,scorecard_avg,0.6381,16627.0,1.0,95815.79708383961,8.0,0.6657,0.7634,66215.0,7.1,intake+outcome+resources,"sat,grad6,spend,faculty_ft,endowment,class_size"
125727,Westmont,westmont-college-1341,Westmont College,Santa Barbara,CA,21,2,115,National Liberal Arts Colleges,1302.0,1328.0,scorecard_avg,0.7035,22852.0,0.6391,68360.59062980031,11.0,0.7705,0.85,64778.0,7.7,intake+outcome+resources,"sat,grad6,spend,faculty_ft,endowment,class_size"
238078,Wheeling,wheeling-university-3831,Wheeling University,Wheeling,WV,19,2,110,Regional Universities South,589.0,950.0,usnews_midpoint,0.2333,7539.0,1.0,2228.120543293718,14.0,0.6316,0.5366,57949.0,2.2,intake+outcome+resources,"sat,grad6,spend,faculty_ft,endowment,class_size"
179955,William Jewell,william-jewell-college-2524,William Jewell College,Liberty,MO,22,2,11,Regional Colleges Midwest,924.0,1095.0,scorecard_avg,0.6766,12825.0,1.0,70722.68181818182,11.0,0.3836,0.738,59268.0,5.6,intake+outcome+resources,"sat,grad6,spend,faculty_ft,endowment,class_size"
131113,Wilmington (DE),wilmington-university-7948,Wilmington University,New Castle,DE,17,2,395-434,National Universities,7906.0,,,0.1982,3893.0,0.0696,20803.7704275234,12.0,,0.6122,53844.0,1.9,outcome+resources,"grad6,spend,faculty_ft,endowment,class_size"
199962,Wingate,wingate-university-2985,Wingate University,Wingate,NC,17,2,373,National Universities,2668.0,1111.0,scorecard_avg,0.4635,9981.0,0.54,46874.41266866567,15.0,0.9113,0.7048,52649.0,3.6,intake+outcome+resources,"sat,grad6,spend,faculty_ft,endowment,class_size"
175272,Winona State,winona-state-2394,Winona State University,Winona,MN,19,1,22,Regional Universities Midwest,5144.0,1100.0,usnews_midpoint,0.5694,11017.0,0.6917,10809.681181959564,16.0,0.7549,0.7904,58532.0,4.1,intake+outcome+resources,"sat,grad6,spend,faculty_ft,endowment,class_size"
240374,Wisconsin-Parkside,university-of-wisconsin-parkside-5015,University of Wisconsin-Parkside,Kenosha,WI,19,1,118,Regional Universities Midwest,2844.0,1090.0,scorecard_avg,0.404,8443.0,0.7243,4918.002812939521,16.0,0.7539,0.6872,51129.0,2.9,intake+outcome+resources,"sat,grad6,spend,faculty_ft,endowment,class_size"
141361,Young Harris,young-harris-college-666965,Young Harris College,Young Harris,GA,21,2,183-201,National Liberal Arts Colleges,755.0,,,0.4175,8200.0,0.3701,159745.88874172186,11.0,0.6264,0.6461,47195.0,3.4,outcome+resources,"grad6,spend,faculty_ft,endowment,class_size"
168528,Adrian,adrian-college-2234,Adrian College,Adrian,MI,22,2,30,Regional Colleges Midwest,1604.0,1034.0,scorecard_avg,0.4842,8132.0,0.4438,31516.06982543641,15.0,0.7253,0.6542,55504.0,2.6,intake+outcome+resources,"sat,grad6,spend,faculty_ft,endowment,class_size"
138600,Agnes Scott College,agnes-scott-college-1542,Agnes Scott College,Decatur,GA,21,2,67,National Liberal Arts Colleges,836.0,1260.0,scorecard_avg,0.7068,20057.0,0.7394,271891.1818181818,10.0,0.6215,0.8133,56274.0,7.6,intake+outcome+resources,"sat,grad6,spend,faculty_ft,endowment,class_size"
128498,Albertus Magnus,albertus-magnus-college-1374,Albertus Magnus College,New Haven,CT,19,2,98,Regional Universities North,991.0,,,0.5148,8051.0,0.4783,26473.494450050453,17.0,0.5931,0.6686,60144.0,3.2,outcome+resources,"grad6,spend,faculty_ft,endowment,class_size"
168546,Albion,albion-college-2235,Albion College,Albion,MI,21,2,131,National Liberal Arts Colleges,1300.0,,,0.6159,18176.0,0.8824,115303.32,11.0,0.807,0.708,58799.0,7.0,outcome+resources,"grad6,spend,faculty_ft,endowment,class_size"
210571,Albright,albright-college-3229,Albright College,Reading,PA,21,2,170,National Liberal Arts Colleges,1217.0,,,0.507,13903.0,0.6569,44042.72801972063,10.0,0.7633,0.6167,58700.0,5.1,outcome+resources,"grad6,spend,faculty_ft,endowment,class_size"
196006,Alfred State,alfred-state-college-suny-2854,SUNY College of Technology at Alfred,Alfred,NY,23,1,16,Regional Colleges North,3563.0,1094.0,scorecard_avg,0.5506,12894.0,0.74,2286.1843951726073,15.0,0.7568,0.6546,50445.0,4.1,intake+outcome+resources,"sat,grad6,spend,faculty_ft,endowment,class_size"
188641,Alfred University,alfred-university-2668,Alfred University,Alfred,NY,18,2,61,Regional Universities North,1423.0,1279.0,scorecard_avg,0.5698,14894.0,0.8373,124051.75474349965,9.0,0.7384,0.7752,54897.0,7.0,intake+outcome+resources,"sat,grad6,spend,faculty_ft,endowment,class_size"
210669,Allegheny,allegheny-college-3230,Allegheny College,Meadville,PA,21,2,76,National Liberal Arts Colleges,1156.0,1275.0,scorecard_avg,0.7255,17999.0,0.7853,228387.2750865052,8.0,0.5457,0.7794,62069.0,7.9,intake+outcome+resources,"sat,grad6,spend,faculty_ft,endowment,class_size"
168591,Alma,alma-college-2236,Alma College,Alma,MI,22,2,6,Regional Colleges Midwest,1148.0,1075.5,usnews_midpoint,0.6287,14519.0,0.6232,115790.85452961673,9.0,0.5703,0.8497,54742.0,4.9,intake+outcome+resources,"sat,grad6,spend,faculty_ft,endowment,class_size"
210775,Alvernia,alvernia-university-3233,Alvernia University,Reading,PA,17,2,352,National Universities,2152.0,1170.0,scorecard_avg,0.5553,8245.0,1.0,7525.6324349442375,13.0,0.5806,0.7198,55055.0,4.8,intake+outcome+resources,"sat,grad6,spend,faculty_ft,endowment,class_size"
238193,Alverno College,alverno-college-3832,Alverno College,Milwaukee,WI,18,2,84,Regional Universities Midwest,631.0,,,0.4918,8871.0,0.2577,61224.637083993664,13.0,0.8574,0.6096,53145.0,3.5,outcome+resources,"grad6,spend,faculty_ft,endowment,class_size"
164465,Amherst,amherst-college-2115,Amherst College,Amherst,MA,21,2,2,National Liberal Arts Colleges,1911.0,1533.0,scorecard_avg,0.939,36411.0,0.9673,1748648.5583464154,7.0,0.0901,0.9734,77644.0,9.7,intake+outcome+resources,"sat,grad6,spend,faculty_ft,endowment,class_size"
150066,Anderson (IN),anderson-university-1785,Anderson University,Anderson,IN,20,2,78,Regional Universities Midwest,1057.0,1035.0,scorecard_avg,0.5379,11586.0,0.9759,31416.272469252603,10.0,0.7934,0.5993,48899.0,4.1,intake+outcome+resources,"sat,grad6,spend,faculty_ft,endowment,class_size"
164492,Anna Maria,anna-maria-college-2117,Anna Maria College,Paxton,MA,19,2,150-164,Regional Universities North,906.0,,,0.4623,7851.0,0.3049,1556.369757174393,13.0,0.503,0.6032,46651.0,2.4,outcome+resources,"grad6,spend,faculty_ft,endowment,class_size"
211088,Arcadia,arcadia-university-3235,Arcadia University,Glenside,PA,18,2,76,Regional Universities North,1948.0,1190.0,scorecard_avg,0.6674,10749.0,0.3662,34801.334702258726,10.0,0.8022,0.788,58336.0,5.6,intake+outcome+resources,"sat,grad6,spend,faculty_ft,endowment,class_size"
156213,Asbury,asbury-university-1952,Asbury University,Wilmore,KY,20,2,23,Regional Universities South,1420.0,1140.0,usnews_midpoint,0.6498,10617.0,0.4574,51003.240845070424,13.0,0.634,0.8333,42368.0,5.0,intake+outcome+resources,"sat,grad6,spend,faculty_ft,endowment,class_size"
173045,Augsburg,augsburg-university-2334,Augsburg University,Minneapolis,MN,18,2,32,Regional Universities Midwest,2494.0,,,0.5167,12043.0,0.5163,28374.25421010425,14.0,0.8198,0.7233,58829.0,4.2,outcome+resources,"grad6,spend,faculty_ft,endowment,class_size"
143084,Augustana (IL),augustana-college-1633,Augustana College,Rock Island,IL,21,2,96,National Liberal Arts Colleges,2490.0,1165.0,scorecard_avg,0.7286,11113.0,0.7804,83527.40522088353,12.0,0.6268,0.8211,62971.0,6.2,intake+outcome+resources,"sat,grad6,spend,faculty_ft,endowment,class_size"
143118,Aurora,aurora-university-1634,Aurora University,Aurora,IL,17,2,283,National Universities,3974.0,1076.0,scorecard_avg,0.6032,5125.0,0.2468,12287.588072471062,18.0,0.8085,0.7706,58709.0,3.0,intake+outcome+resources,"sat,grad6,spend,faculty_ft,endowment,class_size"
222983,Austin College,austin-college-3543,Austin College,Sherman,TX,21,2,84,National Liberal Arts Colleges,1165.0,1212.0,scorecard_avg,0.6705,17782.0,0.8714,147330.85922746782,11.0,0.4765,0.7939,61296.0,7.0,intake+outcome+resources,"sat,grad6,spend,faculty_ft,endowment,class_size"
231420,Averett,averett-university-3702,Averett University,Danville,VA,19,2,76,Regional Universities South,1231.0,1135.0,scorecard_avg,0.4814,7698.0,1.0,20071.82778229082,13.0,0.5659,0.6525,51516.0,4.2,intake+outcome+resources,"sat,grad6,spend,faculty_ft,endowment,class_size"
109785,Azusa Pacific University,azusa-pacific-university-1117,Azusa Pacific University,Azusa,CA,16,2,283,National Universities,2759.0,1195.0,scorecard_avg,0.6179,10283.0,1.0,32750.530989488947,10.0,0.8843,0.8402,66677.0,6.0,intake+outcome+resources,"sat,grad6,spend,faculty_ft,endowment,class_size"
164580,Babson,babson-college-2121,Babson College,Wellesley,MA,29,2,,,2728.0,1457.0,scorecard_avg,0.9312,15660.0,1.0,251064.02785923754,,0.1709,0.9457,123938.0,9.1,intake+outcome+resources,"sat,grad6,spend,faculty_ft,endowment"
201195,Baldwin Wallace,baldwin-wallace-college-3014,Baldwin Wallace University,Berea,OH,18,2,12,Regional Universities Midwest,2842.0,1194.0,scorecard_avg,0.6677,15441.0,0.5523,59039.82899366643,12.0,0.757,0.8384,54122.0,6.2,intake+outcome+resources,"sat,grad6,spend,faculty_ft,endowment,class_size"
189088,Bard,bard-college-2671,Bard College,Annandale-On-Hudson,NY,21,2,70,National Liberal Arts Colleges,2414.0,1380.0,scorecard_avg,0.6756,42373.0,0.743,62685.86909693455,9.0,0.5212,0.8458,46543.0,8.1,intake+outcome+resources,"sat,grad6,spend,faculty_ft,endowment,class_size"
160977,Bates,bates-college-2036,Bates College,Lewiston,ME,21,2,24,National Liberal Arts Colleges,1760.0,1468.0,scorecard_avg,0.8969,27338.0,0.9522,243463.1403409091,9.0,0.1332,0.9129,69498.0,9.3,intake+outcome+resources,"sat,grad6,spend,faculty_ft,endowment,class_size"
234173,Batten University,virginia-wesleyan-3767,Virginia Wesleyan University,Virginia Beach,VA,21,2,178,National Liberal Arts Colleges,1256.0,,,0.4164,10936.0,0.7023,92258.56369426752,15.0,0.7287,0.7425,50074.0,4.0,outcome+resources,"grad6,spend,faculty_ft,endowment,class_size"
175421,Belhaven,belhaven-2397,Belhaven University,Jackson,MS,17,2,395-434,National Universities,1471.0,1124.0,scorecard_avg,0.4854,4351.0,0.1618,4852.042828008158,13.0,0.4975,0.6781,46440.0,3.1,intake+outcome+resources,"sat,grad6,spend,faculty_ft,endowment,class_size"
238333,Beloit,beloit-college-3835,Beloit College,Beloit,WI,21,2,92,National Liberal Arts Colleges,926.0,1287.0,scorecard_avg,0.7105,11768.0,0.78,92482.08423326134,12.0,0.6304,0.8056,53260.0,7.3,intake+outcome+resources,"sat,grad6,spend,faculty_ft,endowment,class_size"
145619,Benedictine (IL),benedictine-university-1767,Benedictine University,Lisle,IL,18,2,61,Regional Universities Midwest,1942.0,1080.0,usnews_midpoint,0.5033,7813.0,0.3465,20675.770854788876,15.0,0.9523,0.6601,63446.0,2.9,intake+outcome+resources,"sat,grad6,spend,faculty_ft,endowment,class_size"
156295,Berea,berea-college-1955,Berea College,Berea,KY,21,2,45,National Liberal Arts Colleges,1513.0,1249.0,scorecard_avg,0.5822,23470.0,0.8684,982927.9576999339,9.0,0.1934,0.7918,43150.0,7.2,intake+outcome+resources,"sat,grad6,spend,faculty_ft,endowment,class_size"
139144,Berry,berry-college-1554,Berry College,Mount Berry,GA,20,2,4,Regional Universities South,2245.0,1220.0,scorecard_avg,0.6949,15808.0,0.7991,561828.0677060133,12.0,0.64,0.8351,53800.0,7.1,intake+outcome+resources,"sat,grad6,spend,faculty_ft,endowment,class_size"
237181,Bethany (WV),bethany-college-3808,Bethany College,Bethany,WV,21,2,183-201,National Liberal Arts Colleges,614.0,,,0.4682,5782.0,1.0,83763.5651465798,12.0,0.5879,0.5375,44512.0,4.2,outcome+resources,"grad6,spend,faculty_ft,endowment,class_size"
173142,Bethany Lutheran,bethany-lutheran-college-2337,Bethany Lutheran College,Mankato,MN,21,2,154,National Liberal Arts Colleges,669.0,1150.0,scorecard_avg,0.5486,10719.0,0.5059,73929.63378176383,12.0,0.3897,0.7196,46110.0,4.7,intake+outcome+resources,"sat,grad6,spend,faculty_ft,endowment,class_size"
173160,Bethel (MN),bethel-university-9058,Bethel University,Saint Paul,MN,17,2,232,National Universities,1871.0,1249.0,scorecard_avg,0.7138,9737.0,0.3559,48029.18011758418,12.0,0.878,0.8571,63764.0,6.2,intake+outcome+resources,"sat,grad6,spend,faculty_ft,endowment,class_size"
143288,Blackburn,blackburn-college-1639,Blackburn College,Carlinville,IL,22,2,23,Regional Colleges Midwest,471.0,950.0,usnews_midpoint,0.5749,12832.0,0.7193,68865.41825902335,7.0,0.6319,0.6721,46802.0,4.1,intake+outcome+resources,"sat,grad6,spend,faculty_ft,endowment,class_size"
201371,Bluffton,bluffton-university-3016,Bluffton University,Bluffton,OH,22,2,38,Regional Colleges Midwest,582.0,976.0,scorecard_avg,0.5294,11125.0,0.5111,42556.71993127148,9.0,0.6723,0.5957,49547.0,3.3,intake+outcome+resources,"sat,grad6,spend,faculty_ft,endowment,class_size"
217749,Bob Jones,bob-jones-university-666997,Bob Jones University,Greenville,SC,20,2,23,Regional Universities South,2005.0,1135.0,usnews_midpoint,0.6475,8550.0,0.9356,9289.351122194514,14.0,,0.8245,44354.0,4.9,intake+outcome+resources,"sat,grad6,spend,faculty_ft,endowment,class_size"
161004,Bowdoin,bowdoin-college-2038,Bowdoin College,Brunswick,ME,21,2,5,National Liberal Arts Colleges,1873.0,1520.0,scorecard_avg,0.9528,42365.0,0.8893,1293219.9679658301,9.0,0.0713,0.9683,82735.0,9.6,intake+outcome+resources,"sat,grad6,spend,faculty_ft,endowment,class_size"
165015,Brandeis,brandeis-university-2133,Brandeis University,Waltham,MA,15,2,69,National Universities,3618.0,1462.0,scorecard_avg,0.8603,21670.0,0.7434,336157.1641791045,9.0,0.405,0.8702,77231.0,9.0,intake+outcome+resources,"sat,grad6,spend,faculty_ft,endowment,class_size"
198066,Brevard,brevard-college-2912,Brevard College,Brevard,NC,22,2,30,Regional Colleges South,815.0,1060.0,scorecard_avg,0.4884,6755.0,1.0,41294.23803680982,11.0,0.4216,0.6151,43545.0,3.5,intake+outcome+resources,"sat,grad6,spend,faculty_ft,endowment,class_size"
231581,Bridgewater (VA),bridgewater-college-3704,Bridgewater College,Bridgewater,VA,21,2,167,National Liberal Arts Colleges,1400.0,1180.0,scorecard_avg,0.5305,8750.0,0.6972,73287.00714285714,13.0,0.9172,0.7529,53453.0,4.8,intake+outcome+resources,"sat,grad6,spend,faculty_ft,endowment,class_size"
165024,Bridgewater State,bridgewater-state-university-2183,Bridgewater State University,Bridgewater,MA,18,1,98,Regional Universities North,7829.0,1180.0,scorecard_avg,0.5341,11273.0,1.0,8652.425724869077,17.0,0.8781,0.7512,57466.0,5.0,intake+outcome+resources,"sat,grad6,spend,faculty_ft,endowment,class_size"
210492,Bryn Athyn,bryn-athyn-3228,Bryn Athyn College of the New Church,Bryn Athyn,PA,21,2,180,National Liberal Arts Colleges,244.0,,,0.6774,15919.0,0.6667,246055.7663934426,8.0,0.8294,0.7333,40457.0,7.3,outcome+resources,"grad6,spend,faculty_ft,endowment,class_size"
211273,Bryn Mawr College,bryn-mawr-college-3237,Bryn Mawr College,Bryn Mawr,PA,21,2,30,National Liberal Arts Colleges,1359.0,1396.0,scorecard_avg,0.8179,26652.0,0.8178,840167.0345842531,8.0,0.2943,0.9224,75217.0,8.9,intake+outcome+resources,"sat,grad6,spend,faculty_ft,endowment,class_size"
153001,Buena Vista,buena-vista-university-1847,Buena Vista University,Storm Lake,IA,19,2,49,Regional Universities Midwest,1366.0,1120.0,scorecard_avg,0.6169,7966.0,0.3252,110117.16471449488,13.0,0.7761,0.7604,49156.0,4.4,intake+outcome+resources,"sat,grad6,spend,faculty_ft,endowment,class_size"
215114,Cairn,philadelphia-biblical-3351,Cairn University-Langhorne,Langhorne,PA,19,2,140,Regional Universities North,775.0,1110.0,scorecard_avg,0.5968,6370.0,0.3615,17182.971612903224,11.0,0.8817,0.7662,44172.0,3.8,intake+outcome+resources,"sat,grad6,spend,faculty_ft,endowment,class_size"
110413,Cal Lutheran,california-lutheran-university-1133,California Lutheran University,Thousand Oaks,CA,18,2,16,Regional Universities West,2296.0,1266.0,scorecard_avg,0.696,12168.0,1.0,58252.36977351917,13.0,0.7567,0.7878,68712.0,7.2,intake+outcome+resources,"sat,grad6,spend,faculty_ft,endowment,class_size"
110404,California Institute of Technology,california-institute-of-technology-1131,California Institute of Technology,Pasadena,CA,15,2,11,National Universities,987.0,,,0.9437,124489.0,0.91,3645613.9817629177,3.0,0.0257,0.9737,128566.0,9.6,outcome+resources,"grad6,spend,faculty_ft,endowment,class_size"
169080,Calvin,calvin-university-2241,Calvin University,Grand Rapids,MI,20,2,4,Regional Universities Midwest,3193.0,1233.0,scorecard_avg,0.7406,13491.0,1.0,79684.93579705607,13.0,0.7091,0.8676,58375.0,7.3,intake+outcome+resources,"sat,grad6,spend,faculty_ft,endowment,class_size"
201548,Capital,capital-university-3023,Capital University,Columbus,OH,18,2,42,Regional Universities Midwest,1585.0,1068.0,scorecard_avg,0.6027,13045.0,0.4625,82716.1760252366,9.0,0.7022,0.7554,54143.0,4.4,intake+outcome+resources,"sat,grad6,spend,faculty_ft,endowment,class_size"
173258,Carleton,carleton-college-2340,Carleton College,Northfield,MN,21,2,10,National Liberal Arts Colleges,2086.0,1517.0,scorecard_avg,0.896,40626.0,0.8733,564013.1725790987,9.0,0.2041,0.9647,75525.0,9.4,intake+outcome+resources,"sat,grad6,spend,faculty_ft,endowment,class_size"
211431,Carlow,carlow-university-3303,Carlow University,Pittsburgh,PA,18,2,84,Regional Universities North,1348.0,1080.0,scorecard_avg,0.5992,10746.0,1.0,39391.78931750742,11.0,0.8695,0.8443,51051.0,4.6,intake+outcome+resources,"sat,grad6,spend,faculty_ft,endowment,class_size"
211440,Carnegie Mellon,carnegie-mellon-university-3242,Carnegie Mellon University,Pittsburgh,PA,15,2,20,National Universities,7304.0,1546.0,scorecard_avg,0.9413,41024.0,0.9247,426990.6411555312,6.0,0.1166,0.98,114862.0,9.7,intake+outcome+resources,"sat,grad6,spend,faculty_ft,endowment,class_size"
238458,Carroll (WI),carroll-university-3838,Carroll University,Waukesha,WI,18,2,32,Regional Universities Midwest,2523.0,1190.0,scorecard_avg,0.707,9831.0,0.378,34178.686484344034,14.0,0.6684,0.7825,58009.0,5.5,intake+outcome+resources,"sat,grad6,spend,faculty_ft,endowment,class_size"
238476,Carthage,carthage-college-3839,Carthage College,Kenosha,WI,20,2,46,Regional Universities Midwest,2660.0,1150.0,scorecard_avg,0.6426,10242.0,0.4714,56032.0530075188,14.0,0.8706,0.7339,56950.0,5.0,intake+outcome+resources,"sat,grad6,spend,faculty_ft,endowment,class_size"
201645,Case Western Reserve,case-western-reserve-university-3024,Case Western Reserve University,Cleveland,OH,15,2,51,National Universities,6437.0,1513.0,scorecard_avg,0.8717,35710.0,0.7518,351189.21858008386,9.0,0.3654,0.9214,87989.0,9.2,intake+outcome+resources,"sat,grad6,spend,faculty_ft,endowment,class_size"
131283,Catholic,the-catholic-university-of-america-1437,The Catholic University of America,Washington,DC,16,2,169,National Universities,3154.0,1225.0,usnews_midpoint,0.7947,22922.0,0.5297,115771.92454026632,11.0,0.8278,0.8651,73250.0,7.3,intake+outcome+resources,"sat,grad6,spend,faculty_ft,endowment,class_size"
211468,Cedar Crest College,cedar-crest-college-3243,Cedar Crest College,Allentown,PA,20,2,98,Regional Universities North,834.0,1045.0,usnews_midpoint,0.6039,11600.0,0.478,46303.22541966427,9.0,0.8407,0.7097,59460.0,4.1,intake+outcome+resources,"sat,grad6,spend,faculty_ft,endowment,class_size"
158477,Centenary (LA),centenary-college-2003,Centenary College of Louisiana,Shreveport,LA,21,2,143,National Liberal Arts Colleges,685.0,1144.0,scorecard_avg,0.5621,11660.0,0.3672,191764.7605839416,10.0,0.5574,0.702,50330.0,5.0,intake+outcome+resources,"sat,grad6,spend,faculty_ft,endowment,class_size"
183974,Centenary (NJ),centenary-university-2599,Centenary University,Hackettstown,NJ,19,2,98,Regional Universities North,910.0,,,0.5605,11236.0,1.0,17073.174725274726,12.0,0.8308,0.7784,53726.0,5.4,outcome+resources,"grad6,spend,faculty_ft,endowment,class_size"
153108,Central (IA),central-college-1850,Central College,Pella,IA,21,2,131,National Liberal Arts Colleges,1070.0,1147.0,scorecard_avg,0.6619,13107.0,0.8108,89220.90841121496,12.0,0.8617,0.7993,54317.0,5.9,intake+outcome+resources,"sat,grad6,spend,faculty_ft,endowment,class_size"
156408,Centre,centre-college-1961,Centre College,Danville,KY,21,2,55,National Liberal Arts Colleges,1400.0,1352.0,scorecard_avg,0.8067,24174.0,0.9241,279515.3221428571,11.0,0.5436,0.875,66240.0,8.6,intake+outcome+resources,"sat,grad6,spend,faculty_ft,endowment,class_size"
111948,Chapman,chapman-university-1164,Chapman University,Orange,CA,16,2,110,National Universities,7478.0,1357.0,scorecard_avg,0.8188,21557.0,1.0,89385.9320673977,12.0,0.6543,0.9181,70070.0,8.6,intake+outcome+resources,"sat,grad6,spend,faculty_ft,endowment,class_size"
211556,Chatham,chatham-university-3244,Chatham University,Pittsburgh,PA,17,2,213,National Universities,1232.0,1198.0,scorecard_avg,0.6306,13358.0,1.0,64211.20941558442,10.0,0.6196,0.7781,52410.0,6.5,intake+outcome+resources,"sat,grad6,spend,faculty_ft,endowment,class_size"
231712,Christopher Newport,christopher-newport-university-3706,Christopher Newport University,Newport News,VA,20,1,6,Regional Universities South,4365.0,1180.0,scorecard_avg,0.7164,12950.0,0.6739,11213.641695303551,14.0,0.8604,0.8124,60509.0,5.9,intake+outcome+resources,"sat,grad6,spend,faculty_ft,endowment,class_size"
112260,Claremont McKenna College,claremont-mckenna-college-1170,Claremont McKenna College,Claremont,CA,21,2,7,National Liberal Arts Colleges,1388.0,1527.0,scorecard_avg,0.9136,47965.0,0.9023,869213.2564841498,8.0,0.0959,0.9813,104736.0,9.6,intake+outcome+resources,"sat,grad6,spend,faculty_ft,endowment,class_size"
165334,Clark (MA),clark-university-2139,Clark University,Worcester,MA,16,2,132,National Universities,2214.0,1370.0,scorecard_avg,0.7694,19052.0,1.0,203787.26287262872,9.0,0.3954,0.8617,62381.0,8.7,intake+outcome+resources,"sat,grad6,spend,faculty_ft,endowment,class_size"
190044,Clarkson,clarkson-university-2699,Clarkson University,Potsdam,NY,16,2,143,National Universities,2196.0,1304.0,scorecard_avg,0.7491,16750.0,0.7766,99465.94672131147,13.0,0.7736,0.8478,89696.0,7.8,intake+outcome+resources,"sat,grad6,spend,faculty_ft,endowment,class_size"
153144,Coe,coe-college-1854,Coe College,Cedar Rapids,IA,21,2,126,National Liberal Arts Colleges,1164.0,1223.0,scorecard_avg,0.659,10383.0,1.0,88166.82989690722,11.0,0.6404,0.727,57125.0,6.6,intake+outcome+resources,"sat,grad6,spend,faculty_ft,endowment,class_size"
161086,Colby,colby-college-2039,Colby College,Waterville,ME,21,2,24,National Liberal Arts Colleges,2407.0,1501.0,scorecard_avg,0.8879,27972.0,0.931,463698.7951807229,10.0,0.0709,0.9365,80490.0,9.3,intake+outcome+resources,"sat,grad6,spend,faculty_ft,endowment,class_size"
182634,Colby-Sawyer,colby-sawyer-college-2572,Colby-Sawyer College,New London,NH,22,2,12,Regional Colleges North,771.0,,,0.5745,9406.0,1.0,85296.89753566796,12.0,0.8008,0.7674,46474.0,5.7,outcome+resources,"grad6,spend,faculty_ft,endowment,class_size"
193399,College of Mount Saint Vincent,university-of-mount-saint-vincent-2703,University of Mount Saint Vincent,Bronx,NY,22,2,11,Regional Colleges North,2692.0,1090.0,scorecard_avg,0.5683,8447.0,0.1884,18363.738484398218,12.0,0.8511,0.7305,65756.0,3.5,intake+outcome+resources,"sat,grad6,spend,faculty_ft,endowment,class_size"
174747,College of Saint Benedict,college-of-st-benedict-2341,College of Saint Benedict,Saint Joseph,MN,21,2,73,National Liberal Arts Colleges,1370.0,1151.0,scorecard_avg,0.7712,15030.0,0.8855,86156.5197080292,,0.9152,0.8628,63260.0,6.7,intake+outcome+resources,"sat,grad6,spend,faculty_ft,endowment"
206589,College of Wooster,the-college-of-wooster-3037,The College of Wooster,Wooster,OH,21,2,76,National Liberal Arts Colleges,1730.0,1353.0,scorecard_avg,0.7394,17263.0,0.8278,228595.84335260116,10.0,0.5953,0.8208,59629.0,8.3,intake+outcome+resources,"sat,grad6,spend,faculty_ft,endowment,class_size"
173300,Concordia (MN),concordia-college-moorhead-2346,Concordia College at Moorhead,Moorhead,MN,21,2,135,National Liberal Arts Colleges,1829.0,1190.0,scorecard_avg,0.6107,12965.0,0.7236,93879.5030071077,12.0,0.6265,0.8356,59317.0,5.9,intake+outcome+resources,"sat,grad6,spend,faculty_ft,endowment,class_size"
144351,Concordia Chicago,concordia-university-chicago-1666,Concordia University-Chicago,River Forest,IL,18,2,129,Regional Universities Midwest,1323.0,,,0.3646,5834.0,0.6972,21524.040060468633,13.0,0.9279,0.605,54089.0,2.7,outcome+resources,"grad6,spend,faculty_ft,endowment,class_size"
224004,Concordia Texas,concordia-austin-3557,Concordia University Texas,Austin,TX,18,2,103,Regional Universities West,1185.0,,,0.446,7086.0,1.0,23985.113080168776,16.0,0.9125,0.583,60883.0,3.5,outcome+resources,"grad6,spend,faculty_ft,endowment,class_size"
238616,Concordia University-Wisconsin,concordia-university-wisconsin-3842,Concordia University-Wisconsin,Mequon,WI,17,2,329,National Universities,2197.0,1190.0,scorecard_avg,0.6835,10274.0,1.0,45515.450614474285,12.0,0.782,0.781,56075.0,6.2,intake+outcome+resources,"sat,grad6,spend,faculty_ft,endowment,class_size"
128902,Connecticut College,connecticut-college-1379,Connecticut College,New London,CT,21,2,50,National Liberal Arts Colleges,1937.0,1432.0,scorecard_avg,0.8205,12417.0,0.7849,231725.86473928756,9.0,0.3704,0.8973,75001.0,8.4,intake+outcome+resources,"sat,grad6,spend,faculty_ft,endowment,class_size"
153162,Cornell College,cornell-college-1856,Cornell College,Mount Vernon,IA,21,2,121,National Liberal Arts Colleges,1086.0,1234.0,scorecard_avg,0.6182,13213.0,1.0,84715.61694290976,12.0,0.799,0.7953,53460.0,6.7,intake+outcome+resources,"sat,grad6,spend,faculty_ft,endowment,class_size"
139393,Covenant,covenant-college-3484,Covenant College,Lookout Mountain,GA,21,2,126,National Liberal Arts Colleges,939.0,1294.0,scorecard_avg,0.7149,10737.0,1.0,61281.906283280085,13.0,0.8651,0.8821,50412.0,7.3,intake+outcome+resources,"sat,grad6,spend,faculty_ft,endowment,class_size"
174862,Crown (MN),crown-college-2383,Crown College,Saint Bonifacius,MN,19,2,135,Regional Universities Midwest,796.0,,,0.4539,3358.0,0.1732,13066.320351758794,24.0,0.2278,0.6984,48057.0,1.8,outcome+resources,"grad6,spend,faculty_ft,endowment,class_size"
190549,CUNY Brooklyn College,cuny-brooklyn-college-2687,CUNY Brooklyn College,Brooklyn,NY,18,1,38,Regional Universities North,10543.0,1140.0,scorecard_avg,0.5386,14437.0,0.3163,4976.9903253343455,15.0,0.5836,0.8012,60752.0,4.3,intake+outcome+resources,"sat,grad6,spend,faculty_ft,endowment,class_size"
190567,CUNY City College,cuny-city-college-2688,CUNY City College,New York,NY,16,1,132,National Universities,12505.0,1260.0,scorecard_avg,0.5682,20521.0,0.3363,22129.10531787285,14.0,0.6002,0.7926,66039.0,6.0,intake+outcome+resources,"sat,grad6,spend,faculty_ft,endowment,class_size"
190600,CUNY John Jay College of Criminal Justice,cuny-john-jay-college-of-criminal-justice-2693,CUNY John Jay College of Criminal Justice,New York,NY,18,1,17,Regional Universities North,11590.0,1080.0,scorecard_avg,0.5583,14012.0,0.3563,444.0735116479724,16.0,0.5711,0.816,56195.0,3.6,intake+outcome+resources,"sat,grad6,spend,faculty_ft,endowment,class_size"
190637,CUNY Lehman College,lehman-college-7022,CUNY Lehman College,Bronx,NY,18,1,33,Regional Universities North,10696.0,970.0,scorecard_avg,0.5128,15649.0,0.3804,3318.3291884816754,17.0,0.5658,0.7307,58013.0,2.9,intake+outcome+resources,"sat,grad6,spend,faculty_ft,endowment,class_size"
190646,CUNY Medgar Evers College,medgar-evers-college-cuny-10097,CUNY Medgar Evers College,Brooklyn,NY,21,1,176,National Liberal Arts Colleges,3233.0,920.0,scorecard_avg,0.1977,24544.0,0.3646,115.99690689761832,14.0,0.8605,0.4974,46498.0,2.5,intake+outcome+resources,"sat,grad6,spend,faculty_ft,endowment,class_size"
190691,CUNY York College,york-college-cuny-4759,CUNY York College,Jamaica,NY,20,1,144,Regional Universities North,4345.0,880.0,scorecard_avg,0.3225,16732.0,0.3561,519.2906789413119,13.0,0.641,0.5744,56945.0,2.4,intake+outcome+resources,"sat,grad6,spend,faculty_ft,endowment,class_size"
165529,Curry,curry-college-2143,Curry College,Milton,MA,20,2,140,Regional Universities North,1780.0,1125.0,scorecard_avg,0.5112,15345.0,0.363,49630.75,11.0,0.8765,0.6616,54400.0,4.6,intake+outcome+resources,"sat,grad6,spend,faculty_ft,endowment,class_size"
165574,Dean,dean-college-2144,Dean College,Franklin,MA,22,2,31,Regional Colleges North,1089.0,,,0.5359,8116.0,0.2348,57734.753902663,15.0,0.7371,0.6835,38109.0,3.6,outcome+resources,"grad6,spend,faculty_ft,endowment,class_size"
211981,Delaware Valley,delaware-valley-university-3252,Delaware Valley University,Doylestown,PA,20,2,136,Regional Universities North,1628.0,1204.0,scorecard_avg,0.5591,9499.0,0.4242,22668.054054054053,14.0,0.9321,0.6928,55838.0,4.8,intake+outcome+resources,"sat,grad6,spend,faculty_ft,endowment,class_size"
202523,Denison,denison-university-3042,Denison University,Granville,OH,21,2,34,National Liberal Arts Colleges,2380.0,1410.0,scorecard_avg,0.789,25080.0,0.952,423557.14285714284,9.0,0.1739,0.8852,67753.0,8.9,intake+outcome+resources,"sat,grad6,spend,faculty_ft,endowment,class_size"
150400,DePauw,depauw-university-1792,DePauw University,Greencastle,IN,21,2,58,National Liberal Arts Colleges,1905.0,1340.0,scorecard_avg,0.7469,24399.0,0.8542,394963.79790026246,10.0,0.5719,0.8858,70527.0,8.4,intake+outcome+resources,"sat,grad6,spend,faculty_ft,endowment,class_size"
210739,DeSales,desales-university-3986,DeSales University,Center Valley,PA,17,2,283,National Universities,2128.0,1186.0,scorecard_avg,0.722,11727.0,0.4088,44506.98919172932,12.0,0.7709,0.8303,61295.0,5.9,intake+outcome+resources,"sat,grad6,spend,faculty_ft,endowment,class_size"
212009,Dickinson,dickinson-college-3253,Dickinson College,Carlisle,PA,21,2,45,National Liberal Arts Colleges,2273.0,1391.0,scorecard_avg,0.7978,19764.0,0.8107,259144.4720633524,11.0,0.4209,0.9198,70204.0,8.6,intake+outcome+resources,"sat,grad6,spend,faculty_ft,endowment,class_size"
148496,Dominican (IL),dominican-university-1750,Dominican University,River Forest,IL,18,2,25,Regional Universities Midwest,2561.0,1002.0,scorecard_avg,0.5526,11343.0,0.3829,19710.84732526357,12.0,0.9032,0.7793,60327.0,3.2,intake+outcome+resources,"sat,grad6,spend,faculty_ft,endowment,class_size"
184348,Drew,drew-university-2603,Drew University,Madison,NJ,21,2,84,National Liberal Arts Colleges,1533.0,1227.0,scorecard_avg,0.7048,11898.0,1.0,83894.32485322896,11.0,0.6783,0.8837,63646.0,7.1,intake+outcome+resources,"sat,grad6,spend,faculty_ft,endowment,class_size"
150455,Earlham,earlham-college-1793,Earlham College,Richmond,IN,21,2,76,National Liberal Arts Colleges,670.0,1219.0,scorecard_avg,0.69,38316.0,0.9583,626114.9373134328,7.0,0.7311,0.7723,50797.0,7.6,intake+outcome+resources,"sat,grad6,spend,faculty_ft,endowment,class_size"
224527,East Texas Baptist,east-texas-baptist-university-3564,East Texas Baptist University,Marshall,TX,20,2,81,Regional Universities West,1352.0,1040.0,usnews_midpoint,0.4712,7682.0,1.0,52406.64201183432,14.0,0.5776,0.7084,52788.0,3.3,intake+outcome+resources,"sat,grad6,spend,faculty_ft,endowment,class_size"
212133,Eastern (PA),eastern-university-3259,Eastern University,Saint Davids,PA,18,2,146,Regional Universities North,2404.0,,,0.54,4064.0,0.2671,12967.35690515807,21.0,0.9077,0.6547,51655.0,2.6,outcome+resources,"grad6,spend,faculty_ft,endowment,class_size"
129215,Eastern Connecticut,eastern-connecticut-state-university-1425,Eastern Connecticut State University,Willimantic,CT,20,1,66,Regional Universities North,3418.0,1160.0,scorecard_avg,0.5752,14453.0,0.4555,5330.3806319485075,15.0,0.8298,0.8374,56469.0,4.8,intake+outcome+resources,"sat,grad6,spend,faculty_ft,endowment,class_size"
232043,Eastern Mennonite,eastern-mennonite-university-3708,Eastern Mennonite University,Harrisonburg,VA,19,2,62,Regional Universities South,754.0,,,0.67,12697.0,0.9565,53946.00663129974,9.0,1.0,0.7609,54869.0,7.0,outcome+resources,"grad6,spend,faculty_ft,endowment,class_size"
238661,Edgewood,edgewood-college-3848,Edgewood University,Madison,WI,17,2,301,National Universities,1107.0,,,0.6024,7993.0,0.3938,59193.79674796748,13.0,0.7573,0.7315,59728.0,4.4,outcome+resources,"grad6,spend,faculty_ft,endowment,class_size"
212197,Elizabethtown,elizabethtown-college-3262,Elizabethtown College,Elizabethtown,PA,20,2,45,Regional Universities North,1868.0,1204.0,scorecard_avg,0.7617,12151.0,0.476,52765.098501070664,13.0,0.7787,0.8372,62399.0,6.3,intake+outcome+resources,"sat,grad6,spend,faculty_ft,endowment,class_size"
144962,Elmhurst,elmhurst-university-1676,Elmhurst University,Elmhurst,IL,18,2,7,Regional Universities Midwest,3006.0,1151.0,scorecard_avg,0.7,8751.0,0.4038,51229.99467731204,15.0,0.7364,0.799,61462.0,5.1,intake+outcome+resources,"sat,grad6,spend,faculty_ft,endowment,class_size"
190983,Elmira,elmira-college-2718,Elmira College,Elmira,NY,22,2,6,Regional Colleges North,708.0,1314.0,scorecard_avg,0.6471,12186.0,0.4579,40206.754237288136,11.0,0.7696,0.6975,57550.0,6.7,intake+outcome+resources,"sat,grad6,spend,faculty_ft,endowment,class_size"
167394,Elms,elms-college-2140,College of Our Lady of the Elms,Chicopee,MA,19,2,55,Regional Universities North,949.0,,,0.6809,9941.0,0.3229,22116.021074815595,11.0,0.8526,0.7602,51540.0,5.2,outcome+resources,"grad6,spend,faculty_ft,endowment,class_size"
165662,Emerson,emerson-college-2146,Emerson College,Boston,MA,18,2,19,Regional Universities North,3870.0,1358.0,scorecard_avg,0.7711,13023.0,0.3214,62202.851679586565,13.0,0.5131,0.8736,62832.0,7.4,intake+outcome+resources,"sat,grad6,spend,faculty_ft,endowment,class_size"
165671,Emmanuel (MA),emmanuel-college--massachusetts-2147,Emmanuel College,Boston,MA,21,2,135,National Liberal Arts Colleges,1854.0,1250.0,scorecard_avg,0.6751,11725.0,0.5192,90001.16019417475,13.0,0.7565,0.7858,68245.0,6.4,intake+outcome+resources,"sat,grad6,spend,faculty_ft,endowment,class_size"
139658,Emory,emory-university-1564,Emory University,Atlanta,GA,15,2,24,National Universities,7298.0,1520.0,scorecard_avg,0.9109,55602.0,0.7629,1556376.404494382,8.0,0.1065,0.957,80137.0,9.4,intake+outcome+resources,"sat,grad6,spend,faculty_ft,endowment,class_size"
165699,Endicott,endicott-college-2148,Endicott College,Beverly,MA,18,2,38,Regional Universities North,3125.0,1274.0,scorecard_avg,0.7556,13624.0,0.2453,41812.41408,13.0,0.7121,0.8436,58336.0,6.9,intake+outcome+resources,"sat,grad6,spend,faculty_ft,endowment,class_size"
144971,Eureka,eureka-college-1678,Eureka College,Eureka,IL,22,2,43,Regional Colleges Midwest,522.0,925.0,usnews_midpoint,0.4161,7279.0,0.6875,65914.09770114943,15.0,0.8499,0.5039,51641.0,2.4,intake+outcome+resources,"sat,grad6,spend,faculty_ft,endowment,class_size"
184694,Fairleigh Dickinson University-Florham,fairleigh-dickinson-university-florham-campus-263307,Fairleigh Dickinson University-Florham Campus,Madison,NJ,18,2,35,Regional Universities North,1990.0,,,0.6662,13263.0,0.4148,24207.0351758794,13.0,0.9519,0.7821,57273.0,5.6,outcome+resources,"grad6,spend,faculty_ft,endowment,class_size"
196042,Farmingdale State College,farmingdale-state-college-suny-2858,Farmingdale State College,Farmingdale,NY,22,1,7,Regional Colleges North,9552.0,1147.0,scorecard_avg,0.5278,11226.0,0.3574,653.410594639866,18.0,0.6329,0.8157,69781.0,3.9,intake+outcome+resources,"sat,grad6,spend,faculty_ft,endowment,class_size"
165820,Fitchburg State,fitchburg-state-university-2184,Fitchburg State University,Fitchburg,MA,18,1,72,Regional Universities North,2752.0,1150.0,scorecard_avg,0.5512,11112.0,0.4947,8061.054869186047,11.0,0.8693,0.6947,53874.0,4.5,intake+outcome+resources,"sat,grad6,spend,faculty_ft,endowment,class_size"
165866,Framingham State,framingham-state-2185,Framingham State University,Framingham,MA,18,1,110,Regional Universities North,2566.0,1180.0,scorecard_avg,0.478,9230.0,0.6034,23239.419719407637,12.0,0.8361,0.7099,52349.0,4.4,intake+outcome+resources,"sat,grad6,spend,faculty_ft,endowment,class_size"
205957,Franciscan (OH),franciscan-university-3036,Franciscan University of Steubenville,Steubenville,OH,19,2,25,Regional Universities Midwest,2901.0,1220.0,scorecard_avg,0.7545,7038.0,1.0,27037.232333678043,19.0,0.5836,0.8748,50030.0,6.2,intake+outcome+resources,"sat,grad6,spend,faculty_ft,endowment,class_size"
150604,Franklin,franklin-college-1798,Franklin College,Franklin,IN,21,2,146,National Liberal Arts Colleges,900.0,1145.0,scorecard_avg,0.603,10297.0,0.729,104563.13222222222,12.0,0.698,0.7294,55376.0,5.2,intake+outcome+resources,"sat,grad6,spend,faculty_ft,endowment,class_size"
212577,Franklin & Marshall,franklin--marshall-college-3265,Franklin and Marshall College,Lancaster,PA,21,2,35,National Liberal Arts Colleges,1799.0,1392.0,scorecard_avg,0.8377,20636.0,0.7873,239483.26347971096,9.0,0.2819,0.9024,76124.0,8.8,intake+outcome+resources,"sat,grad6,spend,faculty_ft,endowment,class_size"
196158,Fredonia State,suny-fredonia-2844,SUNY at Fredonia,Fredonia,NY,20,1,76,Regional Universities North,2755.0,1250.0,scorecard_avg,0.5021,17136.0,0.5407,16741.63448275862,11.0,0.777,0.7624,54247.0,5.7,intake+outcome+resources,"sat,grad6,spend,faculty_ft,endowment,class_size"
131450,Gallaudet,gallaudet-university-1443,Gallaudet University,Washington,DC,17,2,198,National Universities,812.0,868.0,scorecard_avg,0.4726,41824.0,1.0,251694.72167487684,6.0,0.5806,0.7114,43101.0,4.4,intake+outcome+resources,"sat,grad6,spend,faculty_ft,endowment,class_size"
212656,Geneva,geneva-college-3267,Geneva College,Beaver Falls,PA,20,2,112,Regional Universities North,1096.0,1125.0,usnews_midpoint,0.6098,9782.0,1.0,50336.200729927004,15.0,,0.7846,50004.0,5.1,intake+outcome+resources,"sat,grad6,spend,faculty_ft,endowment,class_size"
208822,George Fox,george-fox-university-3194,George Fox University,Newberg,OR,17,2,283,National Universities,2699.0,1197.0,scorecard_avg,0.7196,13166.0,0.3449,11450.02334197851,17.0,0.9351,0.8344,59761.0,5.7,intake+outcome+resources,"sat,grad6,spend,faculty_ft,endowment,class_size"
212674,Gettysburg,gettysburg-college-3268,Gettysburg College,Gettysburg,PA,21,2,58,National Liberal Arts Colleges,2099.0,1379.0,scorecard_avg,0.8253,15097.0,0.8089,183569.40400190567,10.0,0.389,0.9121,71517.0,8.5,intake+outcome+resources,"sat,grad6,spend,faculty_ft,endowment,class_size"
165936,Gordon,gordon-college-2153,Gordon College,Wenham,MA,21,2,156,National Liberal Arts Colleges,1278.0,1265.0,scorecard_avg,0.6854,11030.0,0.5155,82619.70187793428,10.0,0.6923,0.8442,52119.0,6.7,intake+outcome+resources,"sat,grad6,spend,faculty_ft,endowment,class_size"
162654,Goucher,goucher-college-2073,Goucher College,Baltimore,MD,21,2,126,National Liberal Arts Colleges,964.0,1248.0,scorecard_avg,0.5734,17884.0,0.5628,248724.0663900415,9.0,0.7771,0.786,53023.0,6.6,intake+outcome+resources,"sat,grad6,spend,faculty_ft,endowment,class_size"
170000,Grace Christian,grace-christian-university-2265,Grace Christian University,Wyoming,MI,22,2,53,Regional Colleges Midwest,716.0,,,0.5104,5132.0,1.0,,15.0,0.9916,0.6522,41663.0,3.9,outcome+resources,"grad6,spend,faculty_ft,class_size"
198598,Greensboro,greensboro-college-2930,Greensboro College,Greensboro,NC,20,2,99,Regional Universities South,708.0,,,0.462,9444.0,1.0,38965.87570621469,12.0,0.7014,0.6587,46566.0,4.4,outcome+resources,"grad6,spend,faculty_ft,endowment,class_size"
145372,Greenville,greenville-university-1684,Greenville University,Greenville,IL,20,2,105,Regional Universities Midwest,955.0,1038.0,scorecard_avg,0.3982,7399.0,1.0,29994.819895287957,12.0,0.975,0.7081,46827.0,3.0,intake+outcome+resources,"sat,grad6,spend,faculty_ft,endowment,class_size"
153384,Grinnell,grinnell-college-1868,Grinnell College,Grinnell,IA,21,2,13,National Liberal Arts Colleges,1729.0,1486.0,scorecard_avg,0.8812,32882.0,0.8149,1449306.5355696934,9.0,0.1451,0.9256,62830.0,9.3,intake+outcome+resources,"sat,grad6,spend,faculty_ft,endowment,class_size"
212805,Grove City,grove-city-college-3269,Grove City College,Grove City,PA,22,2,5,Regional Colleges North,2216.0,1272.0,scorecard_avg,0.8317,16618.0,,91683.67915162454,13.0,0.7232,0.8833,,7.9,intake+outcome+resources,"sat,grad6,spend,endowment,class_size"
198613,Guilford,guilford-college-2931,Guilford College,Greensboro,NC,21,2,172,National Liberal Arts Colleges,1001.0,1105.0,scorecard_avg,0.4581,8232.0,0.5294,77267.81418581419,12.0,0.8,0.6492,47590.0,3.5,intake+outcome+resources,"sat,grad6,spend,faculty_ft,endowment,class_size"
173647,Gustavus Adolphus,gustavus-college-2353,Gustavus Adolphus College,Saint Peter,MN,21,2,70,National Liberal Arts Colleges,1878.0,1290.0,scorecard_avg,0.7665,18862.0,0.9274,154656.34291799786,11.0,0.6099,0.8798,65607.0,8.1,intake+outcome+resources,"sat,grad6,spend,faculty_ft,endowment,class_size"
212832,Gwynedd Mercy,gwynedd-mercy-university-3270,Gwynedd Mercy University,Gwynedd Valley,PA,17,2,273,National Universities,1067.0,1090.0,scorecard_avg,0.5688,9202.0,0.3063,65675.72633552014,12.0,0.8963,0.7752,67145.0,3.8,intake+outcome+resources,"sat,grad6,spend,faculty_ft,endowment,class_size"
191515,Hamilton,hamilton-college-2728,Hamilton College,Clinton,NY,21,2,13,National Liberal Arts Colleges,2030.0,1506.0,scorecard_avg,0.9063,31938.0,0.7645,631725.6157635468,9.0,0.1362,0.9481,78411.0,9.3,intake+outcome+resources,"sat,grad6,spend,faculty_ft,endowment,class_size"
173665,Hamline,hamline-university-2354,Hamline University,Saint Paul,MN,18,2,22,Regional Universities Midwest,1776.0,1160.0,scorecard_avg,0.6045,9881.0,0.4878,71236.83333333333,13.0,0.8763,0.7823,61106.0,5.0,intake+outcome+resources,"sat,grad6,spend,faculty_ft,endowment,class_size"
232256,Hampden-Sydney,hampden-sydney-3713,Hampden-Sydney College,Hampden-Sydney,VA,21,2,107,National Liberal Arts Colleges,946.0,1207.0,scorecard_avg,0.6217,20153.0,0.8981,256024.42283298098,9.0,0.4092,0.8368,67640.0,6.9,intake+outcome+resources,"sat,grad6,spend,faculty_ft,endowment,class_size"
150756,Hanover,hanover-college-1801,Hanover College,Hanover,IN,21,2,115,National Liberal Arts Colleges,1031.0,1201.0,scorecard_avg,0.6713,21982.0,1.0,156440.0824442289,12.0,0.837,0.8182,53957.0,7.1,intake+outcome+resources,"sat,grad6,spend,faculty_ft,endowment,class_size"
225247,Hardin-Simmons,hardinsimmons-university-3571,Hardin-Simmons University,Abilene,TX,17,2,395-434,National Universities,1283.0,1108.0,scorecard_avg,0.4604,12190.0,0.6369,166498.97739672643,15.0,0.9,0.6487,54771.0,4.1,intake+outcome+resources,"sat,grad6,spend,faculty_ft,endowment,class_size"
191533,Hartwick,hartwick-college-2729,Hartwick College,Oneonta,NY,21,2,151,National Liberal Arts Colleges,1087.0,1200.0,scorecard_avg,0.5332,14712.0,1.0,46193.034038638456,9.0,0.696,0.7444,61107.0,6.1,intake+outcome+resources,"sat,grad6,spend,faculty_ft,endowment,class_size"
115409,Harvey Mudd College,harvey-mudd-college-1171,Harvey Mudd College,Claremont,CA,21,2,10,National Liberal Arts Colleges,921.0,1545.0,scorecard_avg,0.9188,36100.0,0.9268,448422.990228013,8.0,0.1266,0.9641,138687.0,9.6,intake+outcome+resources,"sat,grad6,spend,faculty_ft,endowment,class_size"
212911,Haverford,haverford-college-3274,Haverford College,Haverford,PA,21,2,24,National Liberal Arts Colleges,1430.0,1513.0,scorecard_avg,0.8964,29284.0,0.8634,449787.579020979,9.0,0.1237,0.9383,79966.0,9.4,intake+outcome+resources,"sat,grad6,spend,faculty_ft,endowment,class_size"
203085,Heidelberg,heidelberg-university-3048,Heidelberg University,Tiffin,OH,20,2,71,Regional Universities Midwest,915.0,1030.0,usnews_midpoint,0.5198,8859.0,0.4762,71644.92131147541,16.0,0.8579,0.7413,48466.0,3.0,intake+outcome+resources,"sat,grad6,spend,faculty_ft,endowment,class_size"
107080,Hendrix,hendrix-college-1099,Hendrix College,Conway,AR,21,2,96,National Liberal Arts Colleges,1100.0,1282.0,scorecard_avg,0.7235,15797.0,1.0,184771.81545454546,11.0,0.5565,0.7964,60376.0,7.9,intake+outcome+resources,"sat,grad6,spend,faculty_ft,endowment,class_size"
191621,Hilbert,hilbert-college-2735,Hilbert College,Hamburg,NY,22,2,31,Regional Colleges North,921.0,,,0.5631,6509.0,0.3186,5315.372421281216,15.0,0.972,0.638,48309.0,3.1,outcome+resources,"grad6,spend,faculty_ft,endowment,class_size"
203128,Hiram,hiram-college-3049,Hiram College,Hiram,OH,22,2,10,Regional Colleges Midwest,777.0,,,0.5451,12391.0,1.0,66186.25225225225,11.0,0.9353,0.7186,54311.0,5.9,outcome+resources,"grad6,spend,faculty_ft,endowment,class_size"
191630,Hobart & William Smith,hobart-and-william-smith-colleges-2731,Hobart William Smith Colleges,Geneva,NY,21,2,73,National Liberal Arts Colleges,1786.0,1319.0,scorecard_avg,0.7725,18893.0,1.0,101538.55375139977,11.0,0.6399,0.8636,68831.0,8.4,intake+outcome+resources,"sat,grad6,spend,faculty_ft,endowment,class_size"
232308,Hollins University,hollins-university-3715,Hollins University,Roanoke,VA,21,2,135,National Liberal Arts Colleges,665.0,1230.0,scorecard_avg,0.6465,19506.0,0.6165,383102.72631578945,8.0,0.6795,0.7396,40075.0,7.0,intake+outcome+resources,"sat,grad6,spend,faculty_ft,endowment,class_size"
162760,Hood,hood-college-2076,Hood College,Frederick,MD,18,2,55,Regional Universities North,1194.0,,,0.569,11518.0,0.4104,104524.3768844221,10.0,0.7777,0.6799,57089.0,5.2,outcome+resources,"grad6,spend,faculty_ft,endowment,class_size"
170301,Hope,hope-college-2273,Hope College,Holland,MI,21,2,84,National Liberal Arts Colleges,3288.0,1249.0,scorecard_avg,0.7995,13039.0,0.6866,90221.71532846715,11.0,0.7924,0.8837,58427.0,7.3,intake+outcome+resources,"sat,grad6,spend,faculty_ft,endowment,class_size"
191676,Houghton,houghton-university-2734,Houghton University,Houghton,NY,21,2,146,National Liberal Arts Colleges,753.0,1284.0,scorecard_avg,0.6522,11627.0,0.6068,92186.06241699867,12.0,0.8866,0.8398,46721.0,6.7,intake+outcome+resources,"sat,grad6,spend,faculty_ft,endowment,class_size"
225548,Howard Payne,howard-payne-university-3575,Howard Payne University,Brownwood,TX,22,2,21,Regional Colleges West,713.0,1026.0,scorecard_avg,0.2798,11204.0,1.0,116565.73211781206,10.0,0.6737,0.5174,48376.0,3.6,intake+outcome+resources,"sat,grad6,spend,faculty_ft,endowment,class_size"
101435,Huntingdon,huntingdon-college-1019,Huntingdon College,Montgomery,AL,22,2,8,Regional Colleges South,879.0,1142.0,scorecard_avg,0.4798,7419.0,0.8101,61331.24004550626,15.0,0.6949,0.6699,49601.0,4.1,intake+outcome+resources,"sat,grad6,spend,faculty_ft,endowment,class_size"
487524,Husson,husson-university-2043,Husson University,Bangor,ME,17,2,329,National Universities,2618.0,1180.0,scorecard_avg,0.5935,6867.0,0.9829,10755.117647058823,15.0,0.8095,0.7535,45025.0,4.9,intake+outcome+resources,"sat,grad6,spend,faculty_ft,endowment,class_size"
145691,Illinois College,illinois-college-1688,Illinois College,Jacksonville,IL,21,2,111,National Liberal Arts Colleges,930.0,1064.0,scorecard_avg,0.6382,11586.0,0.7059,149907.83655913977,12.0,0.7819,0.7063,52575.0,4.7,intake+outcome+resources,"sat,grad6,spend,faculty_ft,endowment,class_size"
145725,Illinois Institute of Technology,illinois-institute-of-technology-1691,Illinois Institute of Technology,Chicago,IL,16,2,117,National Universities,2833.0,1311.0,scorecard_avg,0.7521,11936.0,0.5956,89982.35086480762,17.0,0.5493,0.8596,82592.0,7.2,intake+outcome+resources,"sat,grad6,spend,faculty_ft,endowment,class_size"
145646,Illinois Wesleyan,illinois-wesleyan-university-1696,Illinois Wesleyan University,Bloomington,IL,22,2,2,Regional Colleges Midwest,1582.0,1275.0,scorecard_avg,0.747,19373.0,0.5645,165624.96270543616,12.0,0.3931,0.8005,70871.0,7.5,intake+outcome+resources,"sat,grad6,spend,faculty_ft,endowment,class_size"
213011,Immaculata,immaculata-university-3276,Immaculata University,Immaculata,PA,17,2,301,National Universities,1320.0,1260.0,scorecard_avg,0.7104,6267.0,1.0,19317.978787878787,11.0,0.8576,0.8303,75701.0,6.5,intake+outcome+resources,"sat,grad6,spend,faculty_ft,endowment,class_size"
191968,Ithaca,ithaca-college-2739,Ithaca College,Ithaca,NY,18,2,13,Regional Universities North,4242.0,1312.0,scorecard_avg,0.7623,14787.0,0.7776,88092.70815652994,11.0,0.6901,0.8467,63548.0,7.9,intake+outcome+resources,"sat,grad6,spend,faculty_ft,endowment,class_size"
203368,John Carroll,john-carroll-university-3050,John Carroll University,University Heights,OH,18,2,2,Regional Universities Midwest,2274.0,1298.0,scorecard_avg,0.7855,15871.0,1.0,115477.40413368514,13.0,0.809,0.8288,62860.0,8.1,intake+outcome+resources,"sat,grad6,spend,faculty_ft,endowment,class_size"
162928,Johns Hopkins,jhu-2077,Johns Hopkins University,Baltimore,MD,15,2,7,National Universities,5693.0,1553.0,scorecard_avg,0.9378,101214.0,0.9434,1851197.0841384155,6.0,0.0644,0.9809,87555.0,9.7,intake+outcome+resources,"sat,grad6,spend,faculty_ft,endowment,class_size"
445708,Johnson & Wales (Charlotte),johnson--wales-university-charlotte-108847,Johnson & Wales University-Charlotte,Charlotte,NC,22,2,33,Regional Colleges South,1184.0,1007.0,scorecard_avg,0.4897,14543.0,1.0,7526.053209459459,14.0,0.7988,0.7152,43418.0,3.6,intake+outcome+resources,"sat,grad6,spend,faculty_ft,endowment,class_size"
217235,Johnson & Wales (Providence),johnson--wales-university-providence-3404,Johnson & Wales University-Providence,Providence,RI,18,2,84,Regional Universities North,3868.0,1050.0,scorecard_avg,0.5541,13658.0,1.0,73272.63210961738,14.0,0.8841,0.8199,43418.0,4.4,intake+outcome+resources,"sat,grad6,spend,faculty_ft,endowment,class_size"
213251,Juniata,juniata-college-3279,Juniata College,Huntingdon,PA,21,2,92,National Liberal Arts Colleges,1191.0,1227.0,scorecard_avg,0.735,14358.0,0.7656,103433.77413937867,11.0,0.7891,0.8333,56918.0,7.2,intake+outcome+resources,"sat,grad6,spend,faculty_ft,endowment,class_size"
170532,Kalamazoo,kalamazoo-college-2275,Kalamazoo College,Kalamazoo,MI,21,2,67,National Liberal Arts Colleges,1149.0,1280.0,scorecard_avg,0.7598,20681.0,0.848,249582.0496083551,10.0,0.7532,0.8455,65590.0,8.1,intake+outcome+resources,"sat,grad6,spend,faculty_ft,endowment,class_size"
185262,Kean,kean-university-2622,Kean University,Union,NJ,17,1,318,National Universities,11433.0,1040.0,scorecard_avg,0.4657,13363.0,0.2533,6263.672089565293,17.0,0.759,0.7607,57237.0,2.7,intake+outcome+resources,"sat,grad6,spend,faculty_ft,endowment,class_size"
183062,Keene State,keene-state-college-2590,Keene State College,Keene,NH,22,1,9,Regional Colleges North,2699.0,1020.0,usnews_midpoint,0.6006,10942.0,0.498,20766.553167839942,17.0,0.9033,0.7868,54368.0,3.4,intake+outcome+resources,"sat,grad6,spend,faculty_ft,endowment,class_size"
203535,Kenyon,kenyon-college-3065,Kenyon College,Gambier,OH,21,2,45,National Liberal Arts Colleges,1732.0,1429.0,scorecard_avg,0.8234,26237.0,0.9781,323472.18995381065,9.0,0.3103,0.9163,71830.0,9.1,intake+outcome+resources,"sat,grad6,spend,faculty_ft,endowment,class_size"
192192,Keuka,keuka-college-2744,Keuka College,Keuka Park,NY,19,2,128,Regional Universities North,966.0,,,0.5836,7443.0,1.0,18243.374741200827,10.0,0.6808,0.7336,58289.0,5.1,outcome+resources,"grad6,spend,faculty_ft,endowment,class_size"
213303,Keystone,keystone-college-3280,Keystone College,La Plume,PA,22,2,51-56,Regional Colleges North,771.0,985.0,usnews_midpoint,0.3587,7039.0,0.3065,7636.901426718548,12.0,0.848,0.5723,44976.0,1.8,intake+outcome+resources,"sat,grad6,spend,faculty_ft,endowment,class_size"
213321,King's (PA),kings-college-pennsylvania-3282,King's College,Wilkes-Barre,PA,19,2,112,Regional Universities North,1484.0,1170.0,scorecard_avg,0.5989,12208.0,0.5907,79290.71091644205,11.0,0.9311,0.757,59498.0,5.5,intake+outcome+resources,"sat,grad6,spend,faculty_ft,endowment,class_size"
146427,Knox,knox-college-1704,Knox College,Galesburg,IL,21,2,76,National Liberal Arts Colleges,1127.0,1326.0,scorecard_avg,0.6773,17885.0,0.7244,146118.84826974268,11.0,0.7079,0.8313,54820.0,7.7,intake+outcome+resources,"sat,grad6,spend,faculty_ft,endowment,class_size"
213358,La Roche,la-roche-university-3987,La Roche University,Pittsburgh,PA,20,2,116,Regional Universities North,751.0,1055.0,scorecard_avg,0.5721,6881.0,0.3493,16994.595206391477,8.0,0.7576,0.6882,52341.0,3.3,intake+outcome+resources,"sat,grad6,spend,faculty_ft,endowment,class_size"
140234,LaGrange,lagrange-college-1578,LaGrange College,Lagrange,GA,22,2,9,Regional Colleges South,636.0,,,0.4692,13052.0,1.0,91811.97012578616,13.0,0.6209,0.6721,51745.0,5.3,outcome+resources,"grad6,spend,faculty_ft,endowment,class_size"
146481,Lake Forest,lake-forest-college-1706,Lake Forest College,Lake Forest,IL,21,2,75,National Liberal Arts Colleges,1813.0,1343.0,scorecard_avg,0.7778,11874.0,1.0,61882.6221731936,13.0,0.5681,0.8988,61825.0,7.9,intake+outcome+resources,"sat,grad6,spend,faculty_ft,endowment,class_size"
238980,Lakeland,lakeland-university-3854,Lakeland University,Plymouth,WI,18,2,112,Regional Universities Midwest,1212.0,,,0.4245,7415.0,0.2083,16375.546204620461,13.0,0.8628,0.6332,55961.0,2.4,outcome+resources,"grad6,spend,faculty_ft,endowment,class_size"
213400,Lancaster Bible,lancaster-bible-college-3285,Lancaster Bible College,Lancaster,PA,20,2,146,Regional Universities North,1569.0,1180.0,scorecard_avg,0.6667,6507.0,0.1259,11228.286169534735,18.0,0.5589,0.7939,44096.0,4.5,intake+outcome+resources,"sat,grad6,spend,faculty_ft,endowment,class_size"
166391,Lasell,lasell-university-2158,Lasell University,Newton,MA,18,2,116,Regional Universities North,1226.0,1100.0,scorecard_avg,0.5864,10067.0,0.3208,29935.839314845023,13.0,0.8122,0.7038,49705.0,4.0,intake+outcome+resources,"sat,grad6,spend,faculty_ft,endowment,class_size"
239017,Lawrence,lawrence-university-3856,Lawrence University,Appleton,WI,21,2,65,National Liberal Arts Colleges,1396.0,1350.0,scorecard_avg,0.7677,22280.0,0.8368,317697.9534383954,7.0,0.6394,0.8657,55789.0,8.6,intake+outcome+resources,"sat,grad6,spend,faculty_ft,endowment,class_size"
213507,Lebanon Valley,lebanon-valley-college-3288,Lebanon Valley College,Annville,PA,20,2,76,Regional Universities North,1684.0,1240.0,scorecard_avg,0.6496,12519.0,0.4558,51719.69952494062,9.0,0.8377,0.8298,62621.0,6.3,intake+outcome+resources,"sat,grad6,spend,faculty_ft,endowment,class_size"
166452,Lesley,lesley-university-2160,Lesley University,Cambridge,MA,17,2,301,National Universities,1122.0,,,0.5802,14953.0,0.2746,167578.05793226382,10.0,0.9687,0.7228,51173.0,5.8,outcome+resources,"grad6,spend,faculty_ft,endowment,class_size"
226231,LeTourneau,letourneau-university-3584,LeTourneau University,Longview,TX,19,2,36,Regional Universities West,1468.0,1208.0,scorecard_avg,0.5858,11090.0,0.3534,18958.647138964578,13.0,0.3801,0.8078,57103.0,5.2,intake+outcome+resources,"sat,grad6,spend,faculty_ft,endowment,class_size"
209056,Lewis & Clark,lewis--clark-college-3197,Lewis & Clark College,Portland,OR,21,2,96,National Liberal Arts Colleges,2120.0,,,0.7536,17689.0,0.9717,147274.8396226415,12.0,0.7849,0.8881,62205.0,8.1,outcome+resources,"grad6,spend,faculty_ft,endowment,class_size"
209065,Linfield,linfield-university-3198,Linfield University,McMinnville,OR,21,2,111,National Liberal Arts Colleges,1621.0,,,0.7046,14007.0,1.0,69031.19062307218,12.0,0.8517,0.7971,78638.0,7.4,outcome+resources,"grad6,spend,faculty_ft,endowment,class_size"
153825,Loras,loras-college-1873,Loras College,Dubuque,IA,22,2,8,Regional Colleges Midwest,1083.0,,,0.676,8934.0,0.7398,48433.15881809788,12.0,0.9986,0.8228,58289.0,5.8,outcome+resources,"grad6,spend,faculty_ft,endowment,class_size"
153834,Luther,luther-college-1874,Luther College,Decorah,IA,21,2,111,National Liberal Arts Colleges,1379.0,1218.0,scorecard_avg,0.7112,17234.0,0.8765,139695.38506163887,9.0,0.7154,0.7699,59850.0,7.3,intake+outcome+resources,"sat,grad6,spend,faculty_ft,endowment,class_size"
213668,Lycoming,lycoming-college-3293,Lycoming College,Williamsport,PA,21,2,96,National Liberal Arts Colleges,996.0,1160.0,scorecard_avg,0.5963,15750.0,0.8276,175850.4016064257,10.0,0.7407,0.7611,56210.0,6.1,intake+outcome+resources,"sat,grad6,spend,faculty_ft,endowment,class_size"
106342,Lyon College,lyon-college-1088,Lyon College,Batesville,AR,21,2,167,National Liberal Arts Colleges,648.0,,,0.4676,19293.0,0.7969,149981.11728395062,11.0,0.6276,0.7131,44232.0,5.7,outcome+resources,"grad6,spend,faculty_ft,endowment,class_size"
173902,Macalester,macalester-college-2358,Macalester College,Saint Paul,MN,21,2,28,National Liberal Arts Colleges,2131.0,1440.0,scorecard_avg,0.871,25033.0,0.8417,391678.5546691694,10.0,0.2852,0.9228,63878.0,9.1,intake+outcome+resources,"sat,grad6,spend,faculty_ft,endowment,class_size"
161299,Maine Maritime,maine-maritime-academy-2044,Maine Maritime Academy,Castine,ME,22,1,7,Regional Colleges North,942.0,1166.0,scorecard_avg,0.5818,12658.0,0.7745,50568.668789808915,10.0,0.5414,0.8166,89964.0,5.6,intake+outcome+resources,"sat,grad6,spend,faculty_ft,endowment,class_size"
151777,Manchester,manchester-university-1820,Manchester University,North Manchester,IN,20,2,84,Regional Universities Midwest,936.0,,,0.4608,11801.0,0.7121,81290.4188034188,13.0,0.7106,0.6632,51504.0,4.5,outcome+resources,"grad6,spend,faculty_ft,endowment,class_size"
192749,Manhattanville,manhattanville-university-2760,Manhattanville University,Purchase,NY,18,2,84,Regional Universities North,1362.0,,,0.5842,10221.0,0.1864,22154.020558002936,10.0,0.8734,0.7387,58832.0,4.5,outcome+resources,"grad6,spend,faculty_ft,endowment,class_size"
239071,Maranatha Baptist University,maranatha-baptist-university-23172,Maranatha Baptist University,Watertown,WI,20,2,120,Regional Universities Midwest,541.0,1170.0,scorecard_avg,0.6357,7680.0,0.602,518.5693160813308,10.0,0.719,0.8824,45593.0,4.8,intake+outcome+resources,"sat,grad6,spend,faculty_ft,endowment,class_size"
239080,Marian (WI),marian-university-3861,Marian University,Fond Du Lac,WI,19,2,110,Regional Universities Midwest,1010.0,,,0.4416,5320.0,0.9149,9962.672277227723,12.0,0.7498,0.6746,53501.0,3.2,outcome+resources,"grad6,spend,faculty_ft,endowment,class_size"
203845,Marietta,marietta-college-3073,Marietta College,Marietta,OH,22,2,15,Regional Colleges Midwest,952.0,1088.0,scorecard_avg,0.6138,16371.0,1.0,93943.50945378152,10.0,0.7931,0.6943,57180.0,5.4,intake+outcome+resources,"sat,grad6,spend,faculty_ft,endowment,class_size"
173452,Martin Luther,martin-luther-college-2361,Martin Luther College,New Ulm,MN,32,2,,,725.0,1090.0,scorecard_avg,0.715,11791.0,0.7959,33119.94482758621,,0.8717,0.8467,47491.0,5.2,intake+outcome+resources,"sat,grad6,spend,faculty_ft,endowment"
232672,Mary Baldwin,mary-baldwin-university-3723,Mary Baldwin University,Staunton,VA,17,2,384,National Universities,1090.0,,,0.393,11160.0,0.2989,33597.349541284406,15.0,,0.6678,44427.0,3.1,outcome+resources,"grad6,spend,faculty_ft,endowment,class_size"
232706,Marymount (VA),marymount-university-3724,Marymount University,Arlington,VA,17,2,273,National Universities,1810.0,,,0.5351,9258.0,0.4286,17667.24143646409,11.0,0.9316,0.7259,67516.0,3.9,outcome+resources,"grad6,spend,faculty_ft,endowment,class_size"
220710,Maryville (TN),maryville-college-3505,Maryville College,Maryville,TN,21,2,170,National Liberal Arts Colleges,1005.0,,,0.5,9364.0,1.0,101642.6487562189,12.0,0.6092,0.7129,49279.0,5.0,outcome+resources,"grad6,spend,faculty_ft,endowment,class_size"
213826,Marywood,marywood-university-3296,Marywood University,Scranton,PA,18,2,61,Regional Universities North,1784.0,1162.0,scorecard_avg,0.7165,9607.0,0.3561,31936.418721973096,12.0,0.6058,0.7981,55817.0,5.4,intake+outcome+resources,"sat,grad6,spend,faculty_ft,endowment,class_size"
167288,Massachusetts College of Liberal Arts,mcla-2187,Massachusetts College of Liberal Arts,North Adams,MA,21,1,115,National Liberal Arts Colleges,713.0,,,0.5564,22306.0,0.6378,27221.89340813464,8.0,0.8974,0.7566,48102.0,6.0,outcome+resources,"grad6,spend,faculty_ft,endowment,class_size"
166683,Massachusetts Institute of Technology,massachusetts-institute-of-technology-2178,Massachusetts Institute of Technology,Cambridge,MA,15,2,2,National Universities,4535.0,1560.0,scorecard_avg,0.9641,99057.0,0.9898,5171652.921719956,3.0,0.0455,0.9908,143372.0,9.9,intake+outcome+resources,"sat,grad6,spend,faculty_ft,endowment,class_size"
166692,Massachusetts Maritime,massachusetts-maritime-academy-2181,Massachusetts Maritime Academy,Buzzards Bay,MA,20,1,11,Regional Universities North,1395.0,,,0.7406,16741.0,0.5346,38587.43225806452,13.0,0.947,0.868,82392.0,6.8,outcome+resources,"grad6,spend,faculty_ft,endowment,class_size"
164270,McDaniel,mcdaniel-college-2109,McDaniel College,Westminster,MD,18,2,72,Regional Universities North,1617.0,,,0.6329,10258.0,0.2524,85729.74644403216,13.0,0.7793,0.7602,60663.0,5.0,outcome+resources,"grad6,spend,faculty_ft,endowment,class_size"
226587,McMurry,mcmurry-university-3591,McMurry University,Abilene,TX,22,2,15,Regional Colleges West,1176.0,1043.0,scorecard_avg,0.4429,8484.0,1.0,90493.14710884354,16.0,0.5704,0.6352,48779.0,3.3,intake+outcome+resources,"sat,grad6,spend,faculty_ft,endowment,class_size"
198950,Meredith College,meredith-college-2945,Meredith College,Raleigh,NC,21,2,115,National Liberal Arts Colleges,1188.0,1204.0,scorecard_avg,0.7007,14651.0,1.0,109512.25420875421,9.0,0.7418,0.7938,51539.0,7.1,intake+outcome+resources,"sat,grad6,spend,faculty_ft,endowment,class_size"
213996,Messiah,messiah-university-3298,Messiah University,Mechanicsburg,PA,18,2,45,Regional Universities North,2259.0,1236.0,scorecard_avg,0.7496,10324.0,0.4672,55935.774236387784,12.0,0.7897,0.8857,54064.0,6.4,intake+outcome+resources,"sat,grad6,spend,faculty_ft,endowment,class_size"
198969,Methodist,methodist-university-2946,Methodist University,Fayetteville,NC,20,2,90,Regional Universities South,1448.0,1182.0,scorecard_avg,0.4351,11574.0,0.6178,31394.722375690606,11.0,0.7514,0.651,48050.0,4.6,intake+outcome+resources,"sat,grad6,spend,faculty_ft,endowment,class_size"
230959,Middlebury,middlebury-college-3691,Middlebury College,Middlebury,VT,21,2,13,National Liberal Arts Colleges,2738.0,1508.0,scorecard_avg,0.914,32208.0,0.9113,481217.89481373265,9.0,0.1075,0.9366,76310.0,9.4,intake+outcome+resources,"sat,grad6,spend,faculty_ft,endowment,class_size"
147244,Millikin,millikin-university-1724,Millikin University,Decatur,IL,22,2,15,Regional Colleges Midwest,1382.0,1034.0,scorecard_avg,0.5494,12211.0,0.7139,65476.92764109986,10.0,0.6668,0.75,51262.0,4.1,intake+outcome+resources,"sat,grad6,spend,faculty_ft,endowment,class_size"
175980,Millsaps,millsaps-college-2414,Millsaps College,Jackson,MS,21,2,146,National Liberal Arts Colleges,549.0,1181.0,scorecard_avg,0.5714,19734.0,0.79,188268.75409836066,8.0,0.4312,0.5802,53848.0,6.3,intake+outcome+resources,"sat,grad6,spend,faculty_ft,endowment,class_size"
239318,Milwaukee School of Engineering,milwaukee-school-of-engineering-3868,Milwaukee School of Engineering,Milwaukee,WI,19,2,2,Regional Universities Midwest,2654.0,1260.0,usnews_midpoint,0.6711,13879.0,0.6006,31225.55953278071,12.0,0.5893,0.8378,89070.0,6.7,intake+outcome+resources,"sat,grad6,spend,faculty_ft,endowment,class_size"
214069,Misericordia University,misericordia-university-3247,Misericordia University,Dallas,PA,17,2,273,National Universities,1672.0,1078.0,usnews_midpoint,0.7171,11838.0,1.0,39868.45514354067,11.0,0.7093,0.7764,64313.0,5.4,intake+outcome+resources,"sat,grad6,spend,faculty_ft,endowment,class_size"
176035,Mississippi University for Women,mississippi-women-2422,Mississippi University for Women,Columbus,MS,20,1,33,Regional Universities South,1605.0,1090.0,scorecard_avg,0.4677,10301.0,0.6828,40798.27663551402,10.0,0.9031,0.6731,46128.0,3.8,intake+outcome+resources,"sat,grad6,spend,faculty_ft,endowment,class_size"
129774,Mitchell,mitchell-college-1393,Mitchell College,New London,CT,22,2,34,Regional Colleges North,377.0,,,0.4218,7754.0,1.0,21335.029177718832,14.0,0.9466,0.5904,39115.0,3.6,outcome+resources,"grad6,spend,faculty_ft,endowment,class_size"
147341,Monmouth (IL),monmouth-college-1725,Monmouth College,Monmouth,IL,21,2,154,National Liberal Arts Colleges,702.0,1128.0,scorecard_avg,0.6461,16969.0,0.6915,177753.99002849002,10.0,0.9093,0.7441,51110.0,5.9,intake+outcome+resources,"sat,grad6,spend,faculty_ft,endowment,class_size"
185590,Montclair State,montclair-state-university-2617,Montclair State University,Montclair,NJ,16,1,158,National Universities,18376.0,1070.0,scorecard_avg,0.6466,9193.0,0.3426,2990.313452329125,18.0,0.8789,0.7789,61415.0,3.4,intake+outcome+resources,"sat,grad6,spend,faculty_ft,endowment,class_size"
214157,Moravian,moravian-university-3301,Moravian University,Bethlehem,PA,20,2,38,Regional Universities North,1949.0,1183.0,scorecard_avg,0.7169,14586.0,1.0,71029.03694202154,10.0,0.5417,0.7917,61860.0,6.9,intake+outcome+resources,"sat,grad6,spend,faculty_ft,endowment,class_size"
214166,Mount Aloysius College,mount-aloysius-college-3302,Mount Aloysius College,Cresson,PA,22,2,28,Regional Colleges North,1094.0,1070.0,scorecard_avg,0.5691,6920.0,0.4189,55742.63711151737,7.0,0.8205,0.5612,46165.0,3.6,intake+outcome+resources,"sat,grad6,spend,faculty_ft,endowment,class_size"
166939,Mount Holyoke College,mount-holyoke-college-2192,Mount Holyoke College,South Hadley,MA,21,2,29,National Liberal Arts Colleges,2169.0,1463.0,scorecard_avg,0.8439,29177.0,0.9122,477738.5338865837,9.0,0.3603,0.8859,58418.0,9.2,intake+outcome+resources,"sat,grad6,spend,faculty_ft,endowment,class_size"
193353,Mount Saint Mary College,mount-st-mary-college-2778,Mount Saint Mary College,Newburgh,NY,19,2,72,Regional Universities North,1148.0,1150.0,scorecard_avg,0.6546,10143.0,0.3842,8476.173344947736,,0.8888,0.7363,67705.0,4.6,intake+outcome+resources,"sat,grad6,spend,faculty_ft,endowment"
204200,Mount St. Joseph,mount-st-joseph-university-3033,Mount St. Joseph University,Cincinnati,OH,17,2,343,National Universities,1129.0,1183.0,scorecard_avg,0.5633,11290.0,0.9794,59577.279893711246,,0.5912,0.6873,51509.0,5.7,intake+outcome+resources,"sat,grad6,spend,faculty_ft,endowment"
204185,Mount Union,university-of-mount-union-3083,University of Mount Union,Alliance,OH,20,2,39,Regional Universities Midwest,1995.0,1088.0,scorecard_avg,0.5865,11301.0,0.9912,83310.81553884712,15.0,0.782,0.7668,53217.0,4.7,intake+outcome+resources,"sat,grad6,spend,faculty_ft,endowment,class_size"
214175,Muhlenberg,muhlenberg-college-3304,Muhlenberg College,Allentown,PA,21,2,70,National Liberal Arts Colleges,1727.0,1343.0,scorecard_avg,0.8223,20619.0,0.5323,183488.26867400116,9.0,0.7199,0.8993,69107.0,8.2,intake+outcome+resources,"sat,grad6,spend,faculty_ft,endowment,class_size"
204264,Muskingum,muskingum-university-3084,Muskingum University,New Concord,OH,20,2,46,Regional Universities Midwest,1376.0,1017.0,scorecard_avg,0.5637,9506.0,1.0,68159.87790697675,13.0,0.8184,0.7346,48440.0,3.9,intake+outcome+resources,"sat,grad6,spend,faculty_ft,endowment,class_size"
193584,Nazareth,nazareth-university-2779,Nazareth University,Rochester,NY,18,2,50,Regional Universities North,1873.0,1216.0,scorecard_avg,0.7279,14798.0,0.4105,45074.59209823812,8.0,0.7472,0.8482,56458.0,6.6,intake+outcome+resources,"sat,grad6,spend,faculty_ft,endowment,class_size"
181446,Nebraska Wesleyan University,nebraska-wesleyan-university-2555,Nebraska Wesleyan University,Lincoln,NE,20,2,39,Regional Universities Midwest,1453.0,1189.0,scorecard_avg,0.6612,7085.0,0.6205,48455.609084652446,12.0,0.7982,0.75,56405.0,5.3,intake+outcome+resources,"sat,grad6,spend,faculty_ft,endowment,class_size"
214272,Neumann University,neumann-university-3988,Neumann University,Aston,PA,19,2,128,Regional Universities North,1533.0,974.0,usnews_midpoint,0.5368,7816.0,0.3828,18059.728636660144,13.0,0.8128,0.7209,57817.0,2.6,intake+outcome+resources,"sat,grad6,spend,faculty_ft,endowment,class_size"
182980,New England College,new-england-college-2579,New England College,Henniker,NH,18,2,150-164,Regional Universities North,1022.0,,,0.3451,5395.0,0.1355,31270.949119373778,12.0,0.9213,0.6128,42092.0,2.2,outcome+resources,"grad6,spend,faculty_ft,endowment,class_size"
185129,New Jersey City,new-jersey-city-university-2613,New Jersey City University,Jersey City,NJ,18,1,146,Regional Universities North,3681.0,,,0.3389,10046.0,1.0,4481.958435207824,14.0,0.9838,0.6482,52745.0,3.5,outcome+resources,"grad6,spend,faculty_ft,endowment,class_size"
193900,New York University,nyu-2785,New York University,New York,NY,15,2,32,National Universities,28663.0,1520.0,scorecard_avg,0.8757,37294.0,1.0,203240.76150437846,8.0,0.0923,0.9577,82509.0,9.5,intake+outcome+resources,"sat,grad6,spend,faculty_ft,endowment,class_size"
167260,Nichols,nichols-college-2197,Nichols College,Dudley,MA,19,2,121,Regional Universities North,1163.0,1140.0,scorecard_avg,0.6261,6461.0,0.3525,25997.00085984523,16.0,0.8084,0.7246,58063.0,4.2,intake+outcome+resources,"sat,grad6,spend,faculty_ft,endowment,class_size"
199209,North Carolina Wesleyan,north-carolina-wesleyan-university-2951,North Carolina Wesleyan University,Rocky Mount,NC,22,2,33,Regional Colleges South,1214.0,,,0.4197,5633.0,0.4138,10510.14003294893,12.0,0.8023,0.5854,45873.0,2.3,outcome+resources,"grad6,spend,faculty_ft,endowment,class_size"
147660,North Central (IL),north-central-college-1734,North Central College,Naperville,IL,20,2,20,Regional Universities Midwest,2428.0,1213.0,scorecard_avg,0.64,11500.0,0.574,52593.38838550247,12.0,0.7733,0.7713,60123.0,5.9,intake+outcome+resources,"sat,grad6,spend,faculty_ft,endowment,class_size"
174437,North Central University,north-central-university-2369,North Central University,Minneapolis,MN,22,2,19,Regional Colleges Midwest,709.0,,,0.6634,9490.0,0.1406,5816.540197461213,11.0,0.9898,0.8221,45064.0,4.6,outcome+resources,"grad6,spend,faculty_ft,endowment,class_size"
147679,North Park,north-park-university-1735,North Park University,Chicago,IL,18,2,54,Regional Universities Midwest,1818.0,,,0.5772,9612.0,1.0,56608.012651265126,12.0,0.6851,0.6166,59572.0,5.6,outcome+resources,"grad6,spend,faculty_ft,endowment,class_size"
174491,Northwestern (MN),northwestern-college-2371,University of Northwestern-St Paul,Saint Paul,MN,20,2,36,Regional Universities Midwest,1442.0,1173.0,scorecard_avg,0.6813,8516.0,1.0,15334.453536754507,,0.9347,0.8287,50755.0,5.5,intake+outcome+resources,"sat,grad6,spend,faculty_ft,endowment"
230995,Norwich,norwich-university-3692,Norwich University,Northfield,VT,18,2,84,Regional Universities North,2428.0,1190.0,scorecard_avg,0.6021,16559.0,0.493,108290.77429983526,11.0,0.7444,0.7926,65575.0,6.0,intake+outcome+resources,"sat,grad6,spend,faculty_ft,endowment,class_size"
163578,Notre Dame of Maryland University,notre-dame-of-maryland-university-2065,Notre Dame of Maryland University,Baltimore,MD,18,2,50,Regional Universities North,709.0,1121.5,usnews_midpoint,0.5,14980.0,0.4444,67718.56981664315,10.0,0.8216,0.7277,65344.0,4.6,intake+outcome+resources,"sat,grad6,spend,faculty_ft,endowment,class_size"
204501,Oberlin,oberlin-college-3086,Oberlin College,Oberlin,OH,21,2,58,National Liberal Arts Colleges,2887.0,1447.0,scorecard_avg,0.8089,26123.0,0.7916,415496.01662625564,9.0,0.3418,0.91,58343.0,8.9,intake+outcome+resources,"sat,grad6,spend,faculty_ft,endowment,class_size"
120254,Occidental College,occidental-college-1249,Occidental College,Los Angeles,CA,21,2,35,National Liberal Arts Colleges,1877.0,1452.0,scorecard_avg,0.8088,24676.0,0.7454,321975.8460309004,9.0,0.4417,0.8985,75951.0,8.9,intake+outcome+resources,"sat,grad6,spend,faculty_ft,endowment,class_size"
140696,Oglethorpe,oglethorpe-university-1586,Oglethorpe University,Atlanta,GA,21,2,156,National Liberal Arts Colleges,1352.0,1227.0,scorecard_avg,0.541,5789.0,0.6207,34347.440088757394,13.0,0.8845,0.7333,55232.0,4.9,intake+outcome+resources,"sat,grad6,spend,faculty_ft,endowment,class_size"
204635,Ohio Northern,ohio-northern-university-3089,Ohio Northern University,Ada,OH,22,2,1,Regional Colleges Midwest,2489.0,1252.0,scorecard_avg,0.7548,14868.0,0.7909,81734.45922057051,13.0,0.744,0.8433,80928.0,7.4,intake+outcome+resources,"sat,grad6,spend,faculty_ft,endowment,class_size"
204909,Ohio Wesleyan,ohio-wesleyan-university-3109,Ohio Wesleyan University,Delaware,OH,21,2,121,National Liberal Arts Colleges,1516.0,,,0.5857,15050.0,0.5799,188376.07255936676,12.0,0.556,0.8474,55624.0,6.0,outcome+resources,"grad6,spend,faculty_ft,endowment,class_size"
171599,Olivet,olivet-2308,The University of Olivet,Olivet,MI,22,2,44,Regional Colleges Midwest,892.0,,,0.3527,9409.0,1.0,27897.636771300447,14.0,0.8325,0.6138,47907.0,3.8,outcome+resources,"grad6,spend,faculty_ft,endowment,class_size"
204936,Otterbein,otterbein-university-3110,Otterbein University,Westerville,OH,19,2,12,Regional Universities Midwest,2157.0,1220.0,scorecard_avg,0.6788,11946.0,0.4508,55167.321743161796,12.0,0.8453,0.7992,53313.0,6.2,intake+outcome+resources,"sat,grad6,spend,faculty_ft,endowment,class_size"
236230,Pacific Lutheran,pacific-lutheran-university-3785,Pacific Lutheran University,Tacoma,WA,19,2,28,Regional Universities West,2401.0,1168.0,scorecard_avg,0.6857,12280.0,0.6962,49011.24531445231,13.0,0.7802,0.8194,66990.0,5.9,intake+outcome+resources,"sat,grad6,spend,faculty_ft,endowment,class_size"
209612,Pacific University,pacific-university-3212,Pacific University,Forest Grove,OR,17,2,232,National Universities,1516.0,1090.0,scorecard_avg,0.6698,12774.0,0.6848,39224.71833773087,10.0,0.8956,0.7945,60583.0,5.0,intake+outcome+resources,"sat,grad6,spend,faculty_ft,endowment,class_size"
214591,Penn State Behrend,pennsylvania-state-university---behrend-3333,Pennsylvania State University-Penn State Erie-Behrend College,Erie,PA,-2,1,133,Regional Universities North,3240.0,1228.0,scorecard_avg,0.4363,4725.0,0.7846,23506.35864197531,13.0,0.9683,0.8325,63435.0,4.6,intake+outcome+resources,"sat,grad6,spend,faculty_ft,endowment,class_size"
214713,Penn State Harrisburg,pennsylvania-state-university-harrisburg-6814,Pennsylvania State University-Penn State Harrisburg,Middletown,PA,-2,1,150-164,Regional Universities North,4031.0,1227.0,scorecard_avg,0.2612,3651.0,0.5979,19772.5021086579,15.0,0.976,0.8212,63435.0,4.0,intake+outcome+resources,"sat,grad6,spend,faculty_ft,endowment,class_size"
366252,Pennsylvania College of Technology,penn-college-3395,Pennsylvania College of Technology,Williamsport,PA,23,1,4,Regional Colleges North,4464.0,,,0.5348,20672.0,0.5589,6585.5571236559135,12.0,,0.8054,52567.0,5.0,outcome+resources,"grad6,spend,faculty_ft,endowment,class_size"
214801,Pennsylvania State University-Penn State Abington,pennsylvania-state-university-abington-3342,Pennsylvania State University-Penn State Abington,Abington,PA,-2,1,24,Regional Colleges North,2877.0,1181.0,scorecard_avg,0.1975,2874.0,0.5424,15083.013903371568,14.0,0.9677,0.7723,63435.0,3.4,intake+outcome+resources,"sat,grad6,spend,faculty_ft,endowment,class_size"
214689,Pennsylvania State University-Penn State Altoona,pennsylvania-state-university-altoona-253849,Pennsylvania State University-Penn State Altoona,Altoona,PA,-2,1,41,Regional Colleges North,2367.0,1187.0,scorecard_avg,0.165,3624.0,0.7689,18145.76975073933,12.0,0.9806,0.7952,63435.0,3.8,intake+outcome+resources,"sat,grad6,spend,faculty_ft,endowment,class_size"
214704,Pennsylvania State University-Penn State Berks,pennsylvania-state-university-berks-861542,Pennsylvania State University-Penn State Berks,Reading,PA,-2,1,51-56,Regional Colleges North,1872.0,1174.0,scorecard_avg,0.3152,3318.0,0.7006,16320.939636752137,13.0,0.9867,0.7675,63435.0,3.6,intake+outcome+resources,"sat,grad6,spend,faculty_ft,endowment,class_size"
199306,Pfeiffer University,pfeiffer-university-2955,Pfeiffer University,Misenheimer,NC,19,2,82,Regional Universities South,655.0,,,0.3497,13663.0,0.5273,26929.285496183205,14.0,0.9603,0.7231,51562.0,3.6,outcome+resources,"grad6,spend,faculty_ft,endowment,class_size"
140818,Piedmont University,piedmont-university-1588,Piedmont University,Demorest,GA,18,2,62,Regional Universities South,1117.0,1129.0,scorecard_avg,0.4741,8051.0,0.6196,40655.803043867505,12.0,0.9328,0.6982,49130.0,3.9,intake+outcome+resources,"sat,grad6,spend,faculty_ft,endowment,class_size"
121257,Pitzer College,pitzer-college-1172,Pitzer College,Claremont,CA,21,2,37,National Liberal Arts Colleges,1227.0,,,0.8339,26633.0,0.8015,138549.59087204564,10.0,0.2516,0.938,69512.0,8.6,outcome+resources,"grad6,spend,faculty_ft,endowment,class_size"
196246,Plattsburgh State,suny-plattsburgh-2849,State University of New York at Plattsburgh,Plattsburgh,NY,19,1,50,Regional Universities North,3769.0,1165.0,scorecard_avg,0.5851,14050.0,0.6319,7244.286282833643,14.0,0.7841,0.732,56403.0,5.1,intake+outcome+resources,"sat,grad6,spend,faculty_ft,endowment,class_size"
183080,Plymouth State,plymouth-state-university-2591,Plymouth State University,Plymouth,NH,18,1,140,Regional Universities North,3153.0,,,0.5203,9906.0,0.5502,11941.605137963845,15.0,0.8754,0.6845,57304.0,3.6,outcome+resources,"grad6,spend,faculty_ft,endowment,class_size"
121345,Pomona College,pomona-college-1173,Pomona College,Claremont,CA,21,2,7,National Liberal Arts Colleges,1666.0,1534.0,scorecard_avg,0.932,45049.0,0.942,1678884.7539015606,7.0,0.0709,0.9755,77779.0,9.7,intake+outcome+resources,"sat,grad6,spend,faculty_ft,endowment,class_size"
194578,Pratt Institute,pratt-institute-2798,Pratt Institute-Main,Brooklyn,NY,30,2,,,3910.0,1290.0,scorecard_avg,0.7354,19936.0,0.1483,65203.65268542199,,0.7325,0.8826,54295.0,7.2,intake+outcome+resources,"sat,grad6,spend,faculty_ft,endowment"
148016,Principia College,principia-college-1744,Principia College,Elsah,IL,21,2,63,National Liberal Arts Colleges,339.0,1155.0,usnews_midpoint,0.7426,32709.0,0.8148,1619902.6548672565,6.0,,0.8313,,7.1,intake+outcome+resources,"sat,grad6,spend,faculty_ft,endowment,class_size"
236328,Puget Sound,university-of-puget-sound-3797,University of Puget Sound,Tacoma,WA,21,2,96,National Liberal Arts Colleges,1594.0,1296.0,scorecard_avg,0.6799,23433.0,0.7479,281443.5382685069,10.0,0.7225,0.8402,69594.0,7.8,intake+outcome+resources,"sat,grad6,spend,faculty_ft,endowment,class_size"
186201,Ramapo College of New Jersey,ramapo-college-of-new-jersey-9344,Ramapo College of New Jersey,Mahwah,NJ,18,1,21,Regional Universities North,4898.0,1211.0,scorecard_avg,0.6981,14181.0,1.0,,17.0,0.7064,0.8361,67541.0,6.7,intake+outcome+resources,"sat,grad6,spend,faculty_ft,class_size"
233301,Randolph College,randolph-college-3734,Randolph College,Lynchburg,VA,21,2,156,National Liberal Arts Colleges,658.0,1134.0,scorecard_avg,0.4639,15644.0,1.0,280557.7507598784,7.0,0.9371,0.745,53409.0,5.4,intake+outcome+resources,"sat,grad6,spend,faculty_ft,endowment,class_size"
233295,Randolph-Macon,randolph-macon-college-3733,Randolph-Macon College,Ashland,VA,21,2,96,National Liberal Arts Colleges,1639.0,1095.0,scorecard_avg,0.7048,14501.0,0.67,127718.918242831,11.0,0.8661,0.8372,58448.0,5.6,intake+outcome+resources,"sat,grad6,spend,faculty_ft,endowment,class_size"
231651,Regent University,regent-university-30913,Regent University,Virginia Beach,VA,17,2,373,National Universities,4729.0,1153.0,scorecard_avg,0.5692,4054.0,0.7581,23478.9596109114,18.0,0.3812,0.7458,44498.0,4.3,intake+outcome+resources,"sat,grad6,spend,faculty_ft,endowment,class_size"
194824,Rensselaer,rpi-2803,Rensselaer Polytechnic Institute,Troy,NY,15,2,64,National Universities,5714.0,1456.0,scorecard_avg,0.8362,20696.0,0.8925,161152.25761288064,14.0,0.6347,0.9072,102051.0,8.8,intake+outcome+resources,"sat,grad6,spend,faculty_ft,endowment,class_size"
217420,Rhode Island College,rhode-island-college-3407,Rhode Island College,Providence,RI,18,1,84,Regional Universities North,5049.0,990.0,scorecard_avg,0.4813,10795.0,1.0,8311.27946127946,14.0,0.9182,0.7334,56318.0,3.2,intake+outcome+resources,"sat,grad6,spend,faculty_ft,endowment,class_size"
221351,Rhodes,rhodes-college-3519,Rhodes College,Memphis,TN,21,2,55,National Liberal Arts Colleges,1836.0,1362.0,scorecard_avg,0.8453,16723.0,0.8502,221002.7026143791,9.0,0.5035,0.9232,66651.0,8.6,intake+outcome+resources,"sat,grad6,spend,faculty_ft,endowment,class_size"
239628,Ripon,ripon-college-3884,Ripon College,Ripon,WI,21,2,143,National Liberal Arts Colleges,688.0,1176.0,scorecard_avg,0.633,13869.0,1.0,163639.22093023255,12.0,0.7984,0.7231,54902.0,6.3,intake+outcome+resources,"sat,grad6,spend,faculty_ft,endowment,class_size"
183211,Rivier,rivier-university-2586,Rivier University,Nashua,NH,19,2,139,Regional Universities North,1231.0,1070.0,scorecard_avg,0.5167,7547.0,0.3077,34426.38586515028,14.0,0.8259,0.7571,52248.0,2.9,intake+outcome+resources,"sat,grad6,spend,faculty_ft,endowment,class_size"
233426,Roanoke,roanoke-college-3736,Roanoke College,Salem,VA,21,2,126,National Liberal Arts Colleges,1767.0,1211.0,scorecard_avg,0.6736,11658.0,0.8315,97167.08545557442,11.0,0.8306,0.7571,58047.0,6.6,intake+outcome+resources,"sat,grad6,spend,faculty_ft,endowment,class_size"
195030,Rochester,university-of-rochester-2894,University of Rochester,Rochester,NY,15,2,46,National Universities,6331.0,1488.0,scorecard_avg,0.8543,40019.0,0.9488,445853.4196809351,10.0,0.4008,0.9069,79042.0,9.3,intake+outcome+resources,"sat,grad6,spend,faculty_ft,endowment,class_size"
195003,Rochester Institute of Technology,rit-2806,Rochester Institute of Technology,Rochester,NY,16,2,88,National Universities,13215.0,1383.0,scorecard_avg,0.6989,21369.0,0.7033,97050.01891789633,13.0,0.6693,0.8879,76571.0,7.9,intake+outcome+resources,"sat,grad6,spend,faculty_ft,endowment,class_size"
148405,Rockford University,rockford-university-1748,Rockford University,Rockford,IL,20,2,130,Regional Universities Midwest,972.0,956.0,scorecard_avg,0.472,9830.0,0.4595,29502.112139917695,9.0,0.9291,0.6526,54794.0,2.8,intake+outcome+resources,"sat,grad6,spend,faculty_ft,endowment,class_size"
217518,Roger Williams,roger-williams-university-4917,Roger Williams University,Bristol,RI,19,2,35,Regional Universities North,3946.0,1223.0,scorecard_avg,0.6865,17170.0,0.4227,18638.18246325393,14.0,0.8771,0.8109,70266.0,6.3,intake+outcome+resources,"sat,grad6,spend,faculty_ft,endowment,class_size"
152318,Rose-Hulman,rosehulman-institute-of-technology-1830,Rose-Hulman Institute of Technology,Terre Haute,IN,28,2,,,2309.0,1427.0,scorecard_avg,0.7816,19963.0,0.9567,116634.48419229104,,0.7686,0.9167,101253.0,8.8,intake+outcome+resources,"sat,grad6,spend,faculty_ft,endowment"
184782,Rowan,rowan-university-2609,Rowan University,Glassboro,NJ,16,1,169,National Universities,15841.0,1212.0,scorecard_avg,0.6736,16731.0,0.5256,25104.59598510195,17.0,0.7766,0.8234,59988.0,6.1,intake+outcome+resources,"sat,grad6,spend,faculty_ft,endowment,class_size"
186371,Rutgers University-Camden,rutgers-university-camden-4741,Rutgers University-Camden,Camden,NJ,16,1,97,National Universities,3753.0,1178.0,scorecard_avg,0.6667,21071.0,0.5008,22063.94884092726,12.0,0.6629,0.8,74479.0,5.9,intake+outcome+resources,"sat,grad6,spend,faculty_ft,endowment,class_size"
186399,Rutgers University-Newark,rutgers-university-newark-2631,Rutgers University-Newark,Newark,NJ,16,1,75,National Universities,7709.0,,,0.6375,20911.0,0.5881,29671.03385653133,14.0,0.7136,0.8382,74479.0,6.1,outcome+resources,"grad6,spend,faculty_ft,endowment,class_size"
186618,Saint Elizabeth University,saint-elizabeth-university-2600,Saint Elizabeth University,Morristown,NJ,19,2,121,Regional Universities North,557.0,,,0.511,12527.0,0.3293,38537.4039497307,11.0,0.7103,0.6471,53038.0,4.4,outcome+resources,"grad6,spend,faculty_ft,endowment,class_size"
195720,Saint John Fisher,st-john-fisher-university-2821,St. John Fisher University,Rochester,NY,17,2,192,National Universities,2565.0,1214.0,scorecard_avg,0.7417,12170.0,1.0,51092.39649122807,,0.664,0.8642,66944.0,7.0,intake+outcome+resources,"sat,grad6,spend,faculty_ft,endowment"
161518,Saint Joseph's (ME),st-josephs-college-2051,Saint Joseph's College of Maine,Standish,ME,18,2,94,Regional Universities North,964.0,1040.0,scorecard_avg,0.6574,7460.0,1.0,17098.37966804979,,0.8351,0.7457,59045.0,4.0,intake+outcome+resources,"sat,grad6,spend,faculty_ft,endowment"
195216,Saint Lawrence,st-lawrence-university-2829,St Lawrence University,Canton,NY,21,2,58,National Liberal Arts Colleges,1918.0,1371.0,scorecard_avg,0.7906,19642.0,0.7913,197600.39259645465,,0.5434,0.9083,67258.0,8.5,intake+outcome+resources,"sat,grad6,spend,faculty_ft,endowment"
174817,Saint Mary's (MN),saint-marys-university-of-minnesota-2380,Saint Mary's University of Minnesota,Winona,MN,17,2,283,National Universities,1073.0,,,0.6601,7094.0,0.2722,62630.65890027959,19.0,0.9278,0.7463,58170.0,4.3,outcome+resources,"grad6,spend,faculty_ft,endowment,class_size"
152390,Saint Mary's College (IN),saint-marys-college-1836,Saint Mary's College,Notre Dame,IN,21,2,84,National Liberal Arts Colleges,1458.0,1246.0,scorecard_avg,0.6933,16031.0,0.6897,204455.8950617284,10.0,0.7597,0.881,59354.0,7.2,intake+outcome+resources,"sat,grad6,spend,faculty_ft,endowment,class_size"
239716,Saint Norbert College,st-norbert-college-3892,Saint Norbert College,De Pere,WI,21,2,111,National Liberal Arts Colleges,1662.0,1182.0,scorecard_avg,0.7129,12300.0,0.8217,102459.22924187726,,0.8574,0.8367,58363.0,6.5,intake+outcome+resources,"sat,grad6,spend,faculty_ft,endowment"
174844,Saint Olaf,st-olaf-college-2382,St Olaf College,Northfield,MN,21,2,50,National Liberal Arts Colleges,3093.0,1380.0,scorecard_avg,0.84,19698.0,0.7551,230113.5108309085,,0.4832,0.9223,65543.0,8.6,intake+outcome+resources,"sat,grad6,spend,faculty_ft,endowment"
215798,Saint Vincent,saint-vincent-college-3368,Saint Vincent College,Latrobe,PA,21,2,121,National Liberal Arts Colleges,1259.0,1116.0,scorecard_avg,0.6859,13359.0,1.0,101037.97378872121,10.0,0.6173,0.8225,59982.0,6.0,intake+outcome+resources,"sat,grad6,spend,faculty_ft,endowment,class_size"
199607,Salem College,salem-college-2960,Salem College,Winston-Salem,NC,21,2,143,National Liberal Arts Colleges,423.0,1082.0,scorecard_avg,0.5743,12304.0,0.5072,138397.2742316785,9.0,0.7667,0.6753,44640.0,4.5,intake+outcome+resources,"sat,grad6,spend,faculty_ft,endowment,class_size"
167729,Salem State University,salem-state-2188,Salem State University,Salem,MA,18,1,94,Regional Universities North,4291.0,1075.0,usnews_midpoint,0.4977,10571.0,1.0,12426.27126543929,12.0,0.9588,0.7525,56662.0,3.8,intake+outcome+resources,"sat,grad6,spend,faculty_ft,endowment,class_size"
163851,Salisbury,salisbury-university-2091,Salisbury University,Salisbury,MD,18,1,45,Regional Universities North,6057.0,1252.0,scorecard_avg,0.6815,11356.0,0.6841,17383.467062902426,14.0,0.8747,0.7766,61515.0,6.3,intake+outcome+resources,"sat,grad6,spend,faculty_ft,endowment,class_size"
217536,Salve Regina,salve-regina-university-3411,Salve Regina University,Newport,RI,18,2,24,Regional Universities North,2121.0,1232.0,scorecard_avg,0.7688,10870.0,0.95,39155.58698727016,12.0,0.6817,0.8279,72975.0,7.0,intake+outcome+resources,"sat,grad6,spend,faculty_ft,endowment,class_size"
195304,Sarah Lawrence College,sarah-lawrence-2813,Sarah Lawrence College,Bronxville,NY,21,2,109,National Liberal Arts Colleges,1530.0,1366.0,scorecard_avg,0.7133,21462.0,0.3345,90633.62352941177,10.0,0.6173,0.8735,53603.0,7.8,intake+outcome+resources,"sat,grad6,spend,faculty_ft,endowment,class_size"
140951,SCAD,savannah-college-of-art-and-design-29258,Savannah College of Art and Design,Savannah,GA,18,2,8,Regional Universities South,15243.0,1173.0,scorecard_avg,0.6941,8616.0,0.8951,21431.54234730696,21.0,0.8298,0.8633,45954.0,5.4,intake+outcome+resources,"sat,grad6,spend,faculty_ft,endowment,class_size"
228042,Schreiner University,schreiner-university-3610,Schreiner University,Kerrville,TX,20,2,86,Regional Universities West,1053.0,909.5,usnews_midpoint,0.4318,9539.0,0.4531,74356.0636277303,16.0,0.882,0.6679,52228.0,2.4,intake+outcome+resources,"sat,grad6,spend,faculty_ft,endowment,class_size"
215929,Scranton,university-of-scranton-3384,University of Scranton,Scranton,PA,18,2,8,Regional Universities North,3554.0,1237.0,scorecard_avg,0.7979,14866.0,0.6867,79703.96933033202,11.0,0.8123,0.8538,74652.0,7.3,intake+outcome+resources,"sat,grad6,spend,faculty_ft,endowment,class_size"
123165,Scripps College,scripps-college-1174,Scripps College,Claremont,CA,21,2,37,National Liberal Arts Colleges,1113.0,1492.0,scorecard_avg,0.8254,31253.0,0.7681,430127.5956873315,10.0,0.3829,0.9382,77539.0,9.0,intake+outcome+resources,"sat,grad6,spend,faculty_ft,endowment,class_size"
221519,Sewanee: The University of the South,the-university-of-the-south-3534,The University of the South,Sewanee,TN,21,2,45,National Liberal Arts Colleges,1607.0,1344.0,scorecard_avg,0.7979,22548.0,0.887,287987.0821406347,9.0,0.569,0.8886,64911.0,8.6,intake+outcome+resources,"sat,grad6,spend,faculty_ft,endowment,class_size"
233541,Shenandoah,shenandoah-university-3737,Shenandoah University,Winchester,VA,17,2,301,National Universities,2116.0,1086.0,usnews_midpoint,0.6682,12250.0,0.5735,36773.33979206049,10.0,0.7695,0.8174,58433.0,4.8,intake+outcome+resources,"sat,grad6,spend,faculty_ft,endowment,class_size"
167783,Simmons,simmons-university-2208,Simmons University,Boston,MA,17,2,183,National Universities,1670.0,1316.0,scorecard_avg,0.7234,16715.0,0.3026,135075.31077844312,9.0,0.6998,0.8481,63494.0,7.5,intake+outcome+resources,"sat,grad6,spend,faculty_ft,endowment,class_size"
154350,Simpson (IA),simpson-college-1887,Simpson College,Indianola,IA,22,2,5,Regional Colleges Midwest,1227.0,1440.0,scorecard_avg,0.6333,12667.0,0.5161,66773.1108394458,13.0,0.8622,0.8129,59274.0,7.1,intake+outcome+resources,"sat,grad6,spend,faculty_ft,endowment,class_size"
195526,Skidmore,skidmore-college-2814,Skidmore College,Saratoga Springs,NY,21,2,37,National Liberal Arts Colleges,2694.0,1405.0,scorecard_avg,0.8257,25466.0,0.7717,159197.47587230883,8.0,0.2105,0.8965,69363.0,8.8,intake+outcome+resources,"sat,grad6,spend,faculty_ft,endowment,class_size"
167835,Smith College,smith-college-2209,Smith College,Northampton,MA,21,2,13,National Liberal Arts Colleges,2544.0,1500.0,scorecard_avg,0.8905,31466.0,0.8697,971075.3329402516,8.0,0.21,0.943,64027.0,9.4,intake+outcome+resources,"sat,grad6,spend,faculty_ft,endowment,class_size"
161554,Southern Maine,university-of-southern-maine-9762,University of Southern Maine,Portland,ME,18,1,128,Regional Universities North,4222.0,1116.0,scorecard_avg,0.4035,10101.0,0.3985,10978.209379441023,14.0,0.7923,0.7394,49958.0,3.2,intake+outcome+resources,"sat,grad6,spend,faculty_ft,endowment,class_size"
233611,Southern Virginia,southern-virginia-university-666980,Southern Virginia University,Buena Vista,VA,21,2,183-201,National Liberal Arts Colleges,936.0,,,0.3347,7056.0,0.6364,1812.1602564102564,17.0,0.9642,0.7401,50002.0,2.0,outcome+resources,"grad6,spend,faculty_ft,endowment,class_size"
228343,Southwestern (TX),southwestern-university-3620,Southwestern University,Georgetown,TX,21,2,84,National Liberal Arts Colleges,1440.0,1241.0,scorecard_avg,0.7279,17431.0,0.7742,261864.6201388889,11.0,0.4305,0.806,56878.0,7.5,intake+outcome+resources,"sat,grad6,spend,faculty_ft,endowment,class_size"
157757,Spalding University,spalding-university-1960,Spalding University,Louisville,KY,18,2,54,Regional Universities South,583.0,977.0,scorecard_avg,0.5167,11748.0,0.5479,48456.300171526585,10.0,0.9945,0.6404,49438.0,3.4,intake+outcome+resources,"sat,grad6,spend,faculty_ft,endowment,class_size"
167899,Springfield,springfield-college-2211,Springfield College,Springfield,MA,17,2,257,National Universities,1751.0,1275.0,scorecard_avg,0.7419,14653.0,1.0,56610.603655054256,11.0,0.7189,0.8067,48036.0,7.7,intake+outcome+resources,"sat,grad6,spend,faculty_ft,endowment,class_size"
163912,St Mary's College of Maryland,st-marys-college-2095,St. Mary's College of Maryland,St. Mary's City,MD,21,1,96,National Liberal Arts Colleges,1603.0,1261.0,scorecard_avg,0.6995,13110.0,0.702,25733.109170305677,,0.6863,0.8575,60110.0,6.8,intake+outcome+resources,"sat,grad6,spend,faculty_ft,endowment"
175005,St. Catherine University,st-catherine-university-2342,St Catherine University,Saint Paul,MN,17,2,222,National Universities,2473.0,1147.0,scorecard_avg,0.6125,12414.0,0.5307,52306.68701981399,,0.9185,0.8034,59282.0,5.1,intake+outcome+resources,"sat,grad6,spend,faculty_ft,endowment"
195544,St. Joseph's (NY),st-josephs-university-new-york-2825,St. Joseph's University-New York,Brooklyn,NY,18,2,50,Regional Universities North,3144.0,1190.0,scorecard_avg,0.6878,10842.0,1.0,19088.104325699747,,0.7205,0.807,63905.0,6.1,intake+outcome+resources,"sat,grad6,spend,faculty_ft,endowment"
174899,St. Scholastica,the-college-of-st-scholastica-2343,The College of Saint Scholastica,Duluth,MN,17,2,283,National Universities,1765.0,1120.0,scorecard_avg,0.7053,9660.0,0.5097,57907.44419263456,,0.9296,0.8184,65934.0,4.9,intake+outcome+resources,"sat,grad6,spend,faculty_ft,endowment"
186867,Stevens Institute of Technology,stevens-institute-of-technology-2639,Stevens Institute of Technology,Hoboken,NJ,16,2,80,National Universities,4222.0,1446.0,scorecard_avg,0.8688,14681.0,1.0,75544.05495026054,11.0,0.4758,0.9364,108772.0,8.8,intake+outcome+resources,"sat,grad6,spend,faculty_ft,endowment,class_size"
164173,Stevenson,stevenson-university-2107,Stevenson University,Owings Mills,MD,18,2,70,Regional Universities North,3102.0,,,0.6849,10867.0,0.2958,34202.78723404255,15.0,0.7891,0.7879,62079.0,5.2,outcome+resources,"grad6,spend,faculty_ft,endowment,class_size"
186876,Stockton,stockton-university-9345,Stockton University,Galloway,NJ,17,1,158,National Universities,7537.0,1139.0,scorecard_avg,0.6854,8898.0,0.4986,6017.936579540931,17.0,0.8894,0.7859,57602.0,4.5,intake+outcome+resources,"sat,grad6,spend,faculty_ft,endowment,class_size"
168005,Suffolk,suffolk-university-2218,Suffolk University,Boston,MA,17,2,257,National Universities,4268.0,1216.0,scorecard_avg,0.6088,11805.0,0.5615,58560.59746954077,14.0,0.8233,0.7543,67506.0,5.8,intake+outcome+resources,"sat,grad6,spend,faculty_ft,endowment,class_size"
196130,SUNY Buffalo State,suny-buffalo-state-university-2842,SUNY Buffalo State University,Buffalo,NY,18,1,133,Regional Universities North,5097.0,1070.0,scorecard_avg,0.3331,15967.0,0.5213,16176.077888954287,14.0,0.7295,0.5772,52334.0,3.2,intake+outcome+resources,"sat,grad6,spend,faculty_ft,endowment,class_size"
196015,SUNY Canton,suny-college-of-technology-at-canton-2855,SUNY College of Technology at Canton,Canton,NY,22,1,12,Regional Colleges North,2741.0,,,0.3845,11535.0,0.5781,5967.831083546151,18.0,0.9215,0.6949,47860.0,2.9,outcome+resources,"grad6,spend,faculty_ft,endowment,class_size"
196033,SUNY Cobleskill,suny-cobleskill-2856,SUNY College of Agriculture and Technology at Cobleskill,Cobleskill,NY,22,1,20,Regional Colleges North,1904.0,,,0.4234,13476.0,0.6424,5724.028361344538,16.0,0.8402,0.6871,45030.0,3.6,outcome+resources,"grad6,spend,faculty_ft,endowment,class_size"
196121,SUNY College at Brockport,suny-brockport-2841,SUNY Brockport,Brockport,NY,18,1,64,Regional Universities North,5784.0,1193.0,scorecard_avg,0.5513,14329.0,0.5337,4205.772821576764,17.0,0.7068,0.7177,54496.0,4.9,intake+outcome+resources,"sat,grad6,spend,faculty_ft,endowment,class_size"
196149,SUNY College at Cortland,suny-cortland-2843,State University of New York at Cortland,Cortland,NY,19,1,33,Regional Universities North,5901.0,,,0.6803,11144.0,0.5808,9145.44246737841,15.0,0.5979,0.8109,60236.0,5.3,outcome+resources,"grad6,spend,faculty_ft,endowment,class_size"
196167,SUNY College at Geneseo,suny-geneseo-2845,SUNY College at Geneseo,Geneseo,NY,20,1,17,Regional Universities North,3869.0,1286.0,scorecard_avg,0.7145,14838.0,0.6273,9422.21375032308,16.0,0.6645,0.8699,67316.0,6.8,intake+outcome+resources,"sat,grad6,spend,faculty_ft,endowment,class_size"
196024,SUNY Delhi,suny-college-of-technology-delhi-2857,SUNY College of Technology at Delhi,Delhi,NY,22,1,15,Regional Colleges North,2843.0,1004.0,scorecard_avg,0.4543,13774.0,0.6284,2857.360182905382,12.0,0.8901,0.5694,51629.0,3.0,intake+outcome+resources,"sat,grad6,spend,faculty_ft,endowment,class_size"
196291,SUNY Maritime College,suny-maritime-2853,SUNY Maritime College,Throggs Neck,NY,20,1,21,Regional Universities North,1285.0,1214.0,scorecard_avg,0.6439,20252.0,0.7685,7921.663813229572,15.0,0.7241,0.8346,95951.0,6.2,intake+outcome+resources,"sat,grad6,spend,faculty_ft,endowment,class_size"
196051,SUNY Morrisville,suny-morrisville-2859,SUNY Morrisville,Morrisville,NY,23,1,24,Regional Colleges North,1923.0,1130.0,scorecard_avg,0.2808,19168.0,0.5415,1926.7826313052522,14.0,0.9154,0.5749,43295.0,3.8,intake+outcome+resources,"sat,grad6,spend,faculty_ft,endowment,class_size"
196176,SUNY New Paltz,suny-new-paltz-2846,State University of New York at New Paltz,New Paltz,NY,18,1,20,Regional Universities North,6086.0,1265.0,scorecard_avg,0.716,13655.0,0.486,5494.32582977325,16.0,0.6161,0.8502,58073.0,6.4,intake+outcome+resources,"sat,grad6,spend,faculty_ft,endowment,class_size"
196237,SUNY Old Westbury,suny-college-old-westbury-7109,SUNY Old Westbury,Old Westbury,NY,19,1,98,Regional Universities North,4162.0,,,0.4457,13648.0,0.4171,74.73762614127823,17.0,0.8363,0.7177,58526.0,3.2,outcome+resources,"grad6,spend,faculty_ft,endowment,class_size"
196185,SUNY Oneonta,suny-oneonta-2847,SUNY Oneonta,Oneonta,NY,19,1,25,Regional Universities North,4643.0,1230.0,scorecard_avg,0.6881,13074.0,0.6117,15469.575274606936,15.0,0.696,0.7551,60386.0,6.2,intake+outcome+resources,"sat,grad6,spend,faculty_ft,endowment,class_size"
196194,SUNY Oswego,suny-oswego-2848,State University of New York at Oswego,Oswego,NY,18,1,28,Regional Universities North,5473.0,1187.0,scorecard_avg,0.6036,13885.0,0.6538,10660.331262561667,15.0,0.8055,0.7045,57566.0,5.4,intake+outcome+resources,"sat,grad6,spend,faculty_ft,endowment,class_size"
196112,SUNY Polytechnic Institute,suny-polytechnic-institute-11678,SUNY Polytechnic Institute,Utica,NY,18,1,35,Regional Universities North,1849.0,1201.0,scorecard_avg,0.5508,11232.0,0.463,4395.582477014603,14.0,0.8135,0.6915,64355.0,4.8,intake+outcome+resources,"sat,grad6,spend,faculty_ft,endowment,class_size"
196200,SUNY Potsdam,suny-potsdam-2850,SUNY College at Potsdam,Potsdam,NY,19,1,94,Regional Universities North,1823.0,,,0.453,17215.0,0.6272,25896.79210093253,11.0,0.777,0.7767,47866.0,4.7,outcome+resources,"grad6,spend,faculty_ft,endowment,class_size"
196219,SUNY Purchase College,suny-purchase-6791,SUNY at Purchase College,Purchase,NY,21,1,131,National Liberal Arts Colleges,3197.0,1312.0,scorecard_avg,0.6277,19625.0,0.4004,24966.406005630277,12.0,0.7405,0.8031,45092.0,6.8,intake+outcome+resources,"sat,grad6,spend,faculty_ft,endowment,class_size"
216278,Susquehanna,susquehanna-university-3369,Susquehanna University,Selinsgrove,PA,21,2,96,National Liberal Arts Colleges,2163.0,1232.0,scorecard_avg,0.8174,12425.0,0.6364,94490.29172445678,12.0,0.8143,0.8633,61723.0,7.1,intake+outcome+resources,"sat,grad6,spend,faculty_ft,endowment,class_size"
216287,Swarthmore,swarthmore-college-3370,Swarthmore College,Swarthmore,PA,21,2,4,National Liberal Arts Colleges,1613.0,1534.0,scorecard_avg,0.9227,46961.0,0.9366,1686502.78983261,7.0,0.0746,0.9398,80257.0,9.6,intake+outcome+resources,"sat,grad6,spend,faculty_ft,endowment,class_size"
233718,Sweet Briar College,sweet-briar-college-3742,Sweet Briar College,Sweet Briar,VA,21,2,164,National Liberal Arts Colleges,443.0,1230.0,scorecard_avg,0.5182,22377.0,0.6184,157817.6343115124,9.0,0.7554,0.6934,51943.0,6.3,intake+outcome+resources,"sat,grad6,spend,faculty_ft,endowment,class_size"
228981,Texas Lutheran University,texas-lutheran-university-3641,Texas Lutheran University,Seguin,TX,22,2,8,Regional Colleges West,1304.0,,,0.5385,9741.0,0.5778,71363.21242331289,11.0,0.9571,0.6181,53863.0,4.6,outcome+resources,"grad6,spend,faculty_ft,endowment,class_size"
187134,The College of New Jersey,the-college-of-new-jersey-2642,The College of New Jersey,Ewing,NJ,18,1,4,Regional Universities North,7105.0,1246.0,scorecard_avg,0.8585,10258.0,0.4916,8592.821956368754,14.0,0.6229,0.9132,73323.0,6.4,intake+outcome+resources,"sat,grad6,spend,faculty_ft,endowment,class_size"
195128,The Sage Colleges,russell-sage-college-2810,Russell Sage College,Troy,NY,17,2,213,National Universities,1244.0,1135.0,usnews_midpoint,0.561,9669.0,0.8357,35696.54662379421,12.0,0.5326,0.7789,58316.0,4.8,intake+outcome+resources,"sat,grad6,spend,faculty_ft,endowment,class_size"
216357,Thiel College,thiel-college-3376,Thiel College,Greenville,PA,22,2,26,Regional Colleges North,788.0,,,0.4873,9821.0,0.6744,52786.12182741117,13.0,0.7155,0.7327,49714.0,4.1,outcome+resources,"grad6,spend,faculty_ft,endowment,class_size"
161563,Thomas College,thomas-college-2052,Thomas College,Waterville,ME,20,2,150-164,Regional Universities North,647.0,,,0.5369,4491.0,0.5065,32529.857805255022,23.0,0.963,0.7749,44991.0,3.1,outcome+resources,"grad6,spend,faculty_ft,endowment,class_size"
157818,Transylvania University,transylvania-university-1987,Transylvania University,Lexington,KY,21,2,109,National Liberal Arts Colleges,1005.0,1287.0,scorecard_avg,0.7148,12370.0,0.6466,243551.58507462687,11.0,0.8655,0.8705,54705.0,7.3,intake+outcome+resources,"sat,grad6,spend,faculty_ft,endowment,class_size"
152567,Trine,trine-university-1839,Trine University,Angola,IN,22,2,13,Regional Colleges Midwest,2324.0,1105.0,usnews_midpoint,0.6438,7288.0,0.2222,13735.8330464716,16.0,0.8548,0.7994,57165.0,3.8,intake+outcome+resources,"sat,grad6,spend,faculty_ft,endowment,class_size"
130590,Trinity (CT),trinity-college-1414,Trinity College,Hartford,CT,21,2,37,National Liberal Arts Colleges,2146.0,1415.0,scorecard_avg,0.8377,28943.0,0.8796,376250.82851817337,9.0,0.2925,0.8995,90779.0,9.0,intake+outcome+resources,"sat,grad6,spend,faculty_ft,endowment,class_size"
229267,Trinity (TX),trinity-university-3647,Trinity University,San Antonio,TX,21,2,37,National Liberal Arts Colleges,2505.0,1416.0,scorecard_avg,0.8397,22157.0,0.7873,664167.3932135729,9.0,0.2592,0.9287,71668.0,8.9,intake+outcome+resources,"sat,grad6,spend,faculty_ft,endowment,class_size"
131876,Trinity Washington University,trinity-washington-university-1460,Trinity Washington University,Washington,DC,19,2,140,Regional Universities North,1414.0,,,0.4929,7929.0,0.1975,27534.059405940596,9.0,0.9952,0.6923,53804.0,3.4,outcome+resources,"grad6,spend,faculty_ft,endowment,class_size"
168148,Tufts,tufts-university-2219,Tufts University,Medford,MA,15,2,36,National Universities,7061.0,1513.0,scorecard_avg,0.9351,28034.0,0.6422,340673.8422319785,10.0,0.1149,0.955,83214.0,9.1,intake+outcome+resources,"sat,grad6,spend,faculty_ft,endowment,class_size"
110714,UC Santa Cruz,university-of-california-santa-cruz-1321,University of California-Santa Cruz,Santa Cruz,CA,15,1,88,National Universities,17940.0,,,0.7509,13595.0,0.8491,8430.602006688963,22.0,0.6579,0.8795,68396.0,6.4,outcome+resources,"grad6,spend,faculty_ft,endowment,class_size"
166638,UMass Boston,umass-boston-2222,University of Massachusetts-Boston,Boston,MA,16,1,213,National Universities,11512.0,1194.0,scorecard_avg,0.4941,19582.0,0.5988,12808.895066018069,15.0,0.8378,0.7041,65865.0,5.1,intake+outcome+resources,"sat,grad6,spend,faculty_ft,endowment,class_size"
167987,UMass Dartmouth,umass-dartmouth-2210,University of Massachusetts-Dartmouth,North Dartmouth,MA,16,1,242,National Universities,5221.0,1182.0,scorecard_avg,0.5207,16600.0,0.6792,19674.797165294003,16.0,0.9064,0.636,68804.0,5.1,intake+outcome+resources,"sat,grad6,spend,faculty_ft,endowment,class_size"
196866,Union (NY),union-college-2889,Union College,Schenectady,NY,21,2,44,National Liberal Arts Colleges,2046.0,1395.0,scorecard_avg,0.8039,26013.0,0.8956,255193.13929618767,9.0,0.4392,0.9018,88604.0,8.9,intake+outcome+resources,"sat,grad6,spend,faculty_ft,endowment,class_size"
130624,United States Coast Guard Academy,united-states-coast-guard-academy-1415,United States Coast Guard Academy,New London,CT,22,1,1,Regional Colleges North,1108.0,1339.0,scorecard_avg,0.9273,43932.0,0.9412,80936.23826714802,7.0,0.2244,0.9861,,8.9,intake+outcome+resources,"sat,grad6,spend,faculty_ft,endowment,class_size"
197027,United States Merchant Marine Academy,us-merchant-marine-2892,United States Merchant Marine Academy,Kings Point,NY,22,1,3,Regional Colleges North,962.0,1207.0,scorecard_avg,0.8238,11935.0,0.7872,,9.0,0.3424,0.8446,90610.0,7.0,intake+outcome+resources,"sat,grad6,spend,faculty_ft,class_size"
144050,University of Chicago,university-of-chicago-1774,University of Chicago,Chicago,IL,15,2,6,National Universities,7569.0,1554.0,scorecard_avg,0.9585,96069.0,0.8493,1129960.9589113488,5.0,0.0448,0.9926,91885.0,9.7,intake+outcome+resources,"sat,grad6,spend,faculty_ft,endowment,class_size"
224323,University of Dallas,university-of-dallas-3651,University of Dallas,Irving,TX,18,2,9,Regional Universities West,1403.0,1227.0,scorecard_avg,0.7307,12940.0,0.5953,64304.34782608696,11.0,0.5344,0.7723,58285.0,6.8,intake+outcome+resources,"sat,grad6,spend,faculty_ft,endowment,class_size"
153278,University of Dubuque,university-of-dubuque-1891,University of Dubuque,Dubuque,IA,19,2,78,Regional Universities Midwest,1440.0,1110.0,scorecard_avg,0.4008,13822.0,1.0,154666.1902777778,11.0,0.8863,0.7656,51190.0,4.6,intake+outcome+resources,"sat,grad6,spend,faculty_ft,endowment,class_size"
117140,University of La Verne,university-of-la-verne-1216,University of La Verne,La Verne,CA,17,2,213,National Universities,3050.0,1083.0,scorecard_avg,0.6312,9908.0,0.2974,43015.724918032785,11.0,0.7117,0.6445,65464.0,4.1,intake+outcome+resources,"sat,grad6,spend,faculty_ft,endowment,class_size"
232609,University of Lynchburg,university-of-lynchburg-3720,University of Lynchburg,Lynchburg,VA,17,2,329,National Universities,1577.0,1125.0,scorecard_avg,0.5736,11737.0,0.7731,86134.91629676601,11.0,0.4301,0.7061,56380.0,5.2,intake+outcome+resources,"sat,grad6,spend,faculty_ft,endowment,class_size"
161226,University of Maine at Farmington,university-of-maine-at-farmington-2040,University of Maine at Farmington,Farmington,ME,22,1,9,Regional Colleges North,1140.0,1130.0,scorecard_avg,0.5154,14803.0,0.681,14264.912280701754,13.0,0.9672,0.7277,44433.0,4.6,intake+outcome+resources,"sat,grad6,spend,faculty_ft,endowment,class_size"
161341,University of Maine at Presque Isle,university-of-maine-presque-isle-2033,University of Maine at Presque Isle,Presque Isle,ME,22,1,48,Regional Colleges North,1913.0,,,0.5155,5285.0,0.481,707.7888133821223,28.0,0.9987,0.5842,40956.0,2.3,outcome+resources,"grad6,spend,faculty_ft,endowment,class_size"
226471,University of Mary Hardin-Baylor,university-of-mary-hardinbaylor-3588,University of Mary Hardin-Baylor,Belton,TX,17,2,395-434,National Universities,2759.0,1099.0,scorecard_avg,0.4931,11301.0,0.4828,40857.728524827835,17.0,0.9576,0.6242,56132.0,3.6,intake+outcome+resources,"sat,grad6,spend,faculty_ft,endowment,class_size"
232681,University of Mary Washington,university-of-mary-washington-3746,University of Mary Washington,Fredericksburg,VA,21,1,131,National Liberal Arts Colleges,3566.0,1272.0,scorecard_avg,0.6641,11398.0,0.6799,21761.20302860348,14.0,0.7978,0.844,60613.0,6.4,intake+outcome+resources,"sat,grad6,spend,faculty_ft,endowment,class_size"
174251,University of Minnesota-Morris,university-of-minnesotamorris-2389,University of Minnesota-Morris,Morris,MN,21,1,115,National Liberal Arts Colleges,936.0,1150.0,scorecard_avg,0.625,16176.0,0.939,25758.384615384617,9.0,0.7493,0.739,50919.0,6.0,intake+outcome+resources,"sat,grad6,spend,faculty_ft,endowment,class_size"
161457,University of New England,university-of-new-england-2050,University of New England,Biddeford,ME,16,2,293,National Universities,2135.0,,,0.6835,12819.0,0.5419,82467.94051522248,11.0,0.9163,0.7942,55921.0,6.4,outcome+resources,"grad6,spend,faculty_ft,endowment,class_size"
215266,University of Pittsburgh-Bradford,university-of-pittsburgh-at-bradford-3380,University of Pittsburgh-Bradford,Bradford,PA,22,1,17,Regional Colleges North,995.0,1125.0,scorecard_avg,0.4761,11392.0,0.7979,545.9286432160804,12.0,0.8854,0.6557,66125.0,4.1,intake+outcome+resources,"sat,grad6,spend,faculty_ft,endowment,class_size"
215275,University of Pittsburgh-Greensburg,university-of-pittsburgh-at-greensburg-3381,University of Pittsburgh-Greensburg,Greensburg,PA,21,1,183-201,National Liberal Arts Colleges,1305.0,1160.0,scorecard_avg,0.397,8456.0,0.6333,5616.334099616858,14.0,0.9521,0.6907,66125.0,3.6,intake+outcome+resources,"sat,grad6,spend,faculty_ft,endowment,class_size"
121691,University of Redlands,university-of-redlands-los-angeles-1322,University of Redlands,Redlands,CA,18,2,11,Regional Universities West,2049.0,1241.0,scorecard_avg,0.6727,14333.0,0.9957,115551.25036603221,10.0,0.8271,0.8402,72690.0,7.2,intake+outcome+resources,"sat,grad6,spend,faculty_ft,endowment,class_size"
227863,University of St Thomas (TX),university-of-st-thomas-3654,University of St Thomas,Houston,TX,17,2,198,National Universities,3220.0,1090.0,scorecard_avg,0.6877,12002.0,0.9553,41929.43416149068,,0.8992,0.777,59224.0,5.3,intake+outcome+resources,"sat,grad6,spend,faculty_ft,endowment"
107558,University of the Ozarks,university-of-the-ozarks-1094,University of the Ozarks,Clarksville,AR,22,2,6,Regional Colleges South,767.0,1105.0,scorecard_avg,0.5148,15061.0,0.963,174289.54237288135,14.0,0.5951,0.6862,44384.0,4.9,intake+outcome+resources,"sat,grad6,spend,faculty_ft,endowment,class_size"
216542,University of Valley Forge,valley-forge-christian-3306,University of Valley Forge,Phoenixville,PA,22,2,26,Regional Colleges North,471.0,1030.0,usnews_midpoint,0.4904,8098.0,0.3038,6312.475583864119,11.0,0.612,0.7849,39016.0,2.5,intake+outcome+resources,"sat,grad6,spend,faculty_ft,endowment,class_size"
240268,University of Wisconsin-Eau Claire,university-of-wisconsin-eau-claire-3917,University of Wisconsin-Eau Claire,Eau Claire,WI,19,1,25,Regional Universities Midwest,8895.0,1220.0,scorecard_avg,0.6381,9211.0,0.7799,7953.728724002249,19.0,0.8234,0.8175,58561.0,5.4,intake+outcome+resources,"sat,grad6,spend,faculty_ft,endowment,class_size"
240329,University of Wisconsin-La Crosse,university-of-wisconsin-la-crosse-3919,University of Wisconsin-La Crosse,La Crosse,WI,18,1,14,Regional Universities Midwest,9277.0,1220.0,scorecard_avg,0.7096,8467.0,0.8112,4528.783874097229,20.0,0.755,0.8651,60378.0,5.7,intake+outcome+resources,"sat,grad6,spend,faculty_ft,endowment,class_size"
240365,University of Wisconsin-Oshkosh,university-of-wisconsinoshkosh-9630,University of Wisconsin-Oshkosh,Oshkosh,WI,17,1,352,National Universities,6877.0,1090.0,scorecard_avg,0.4614,10569.0,0.753,5837.894430711066,21.0,0.865,0.693,55548.0,3.2,intake+outcome+resources,"sat,grad6,spend,faculty_ft,endowment,class_size"
240462,University of Wisconsin-Platteville,university-of-wisconsin-platteville-3921,University of Wisconsin-Platteville,Platteville,WI,18,1,49,Regional Universities Midwest,5837.0,1190.0,scorecard_avg,0.5576,7324.0,0.8076,9542.439952030152,20.0,0.8938,0.7903,61760.0,4.6,intake+outcome+resources,"sat,grad6,spend,faculty_ft,endowment,class_size"
240471,University of Wisconsin-River Falls,university-of-wisconsin-river-falls-3923,University of Wisconsin-River Falls,River Falls,WI,19,1,54,Regional Universities Midwest,4205.0,1150.0,scorecard_avg,0.57,9465.0,0.5923,6996.4071343638525,17.0,0.8172,0.7645,54458.0,4.3,intake+outcome+resources,"sat,grad6,spend,faculty_ft,endowment,class_size"
240480,University of Wisconsin-Stevens Point,uw-stevens-point-3924,University of Wisconsin-Stevens Point,Stevens Point,WI,19,1,54,Regional Universities Midwest,7306.0,1150.0,scorecard_avg,0.5078,8261.0,0.7597,7999.818779085683,21.0,0.918,0.7383,52021.0,3.9,intake+outcome+resources,"sat,grad6,spend,faculty_ft,endowment,class_size"
240417,University of Wisconsin-Stout,university-of-wisconsinstout-polytechnic-3915,University of Wisconsin-Stout,Menomonie,WI,18,1,84,Regional Universities Midwest,5842.0,1150.0,scorecard_avg,0.5486,9240.0,0.7206,13501.13266004793,18.0,0.8767,0.789,58084.0,4.3,intake+outcome+resources,"sat,grad6,spend,faculty_ft,endowment,class_size"
240426,University of Wisconsin-Superior,university-of-wisconsin-superior-3925,University of Wisconsin-Superior,Superior,WI,19,1,135,Regional Universities Midwest,1807.0,1090.0,scorecard_avg,0.4188,10961.0,0.8456,12705.952407304925,14.0,0.9301,0.7183,49606.0,3.5,intake+outcome+resources,"sat,grad6,spend,faculty_ft,endowment,class_size"
240189,University of Wisconsin-Whitewater,university-of-wisconsin-whitewater-3926,University of Wisconsin-Whitewater,Whitewater,WI,18,1,31,Regional Universities Midwest,9405.0,1050.0,scorecard_avg,0.589,8065.0,0.9461,4075.9289739500264,21.0,0.8572,0.7804,55356.0,3.4,intake+outcome+resources,"sat,grad6,spend,faculty_ft,endowment,class_size"
216524,Ursinus,ursinus-3385,Ursinus College,Collegeville,PA,21,2,84,National Liberal Arts Colleges,1491.0,1310.0,scorecard_avg,0.7328,15033.0,0.8043,98473.36418511067,10.0,0.9177,0.8691,73721.0,7.9,intake+outcome+resources,"sat,grad6,spend,faculty_ft,endowment,class_size"
197045,Utica,utica-university-2883,Utica University,Utica,NY,18,2,76,Regional Universities North,2278.0,1110.0,scorecard_avg,0.5624,10197.0,0.4509,15285.02370500439,13.0,0.9195,0.7071,63277.0,3.9,intake+outcome+resources,"sat,grad6,spend,faculty_ft,endowment,class_size"
197133,Vassar College,vassar-college-2895,Vassar College,Poughkeepsie,NY,21,2,13,National Liberal Arts Colleges,2444.0,1494.0,scorecard_avg,0.9108,34689.0,0.8532,500885.31423895253,7.0,0.1857,0.949,71366.0,9.4,intake+outcome+resources,"sat,grad6,spend,faculty_ft,endowment,class_size"
231165,Vermont State University-Castleton,vermont-state-university-3688,Vermont State University,Randolph,VT,23,1,146,Regional Universities North,3590.0,,,0.4722,14562.0,1.0,,14.0,0.8167,0.6783,50331.0,5.4,outcome+resources,"grad6,spend,faculty_ft,class_size"
199865,Warren Wilson College,warren-wilson-2979,Warren Wilson College,Swannanoa,NC,21,2,183-201,National Liberal Arts Colleges,707.0,1350.0,scorecard_avg,0.42,11579.0,0.6905,77735.1838755304,12.0,0.7134,0.7092,36260.0,6.0,intake+outcome+resources,"sat,grad6,spend,faculty_ft,endowment,class_size"
154527,Wartburg,wartburg-college-1896,Wartburg College,Waverly,IA,21,2,156,National Liberal Arts Colleges,1452.0,1136.0,scorecard_avg,0.643,10199.0,1.0,61760.77134986226,13.0,0.7584,0.7571,56201.0,5.5,intake+outcome+resources,"sat,grad6,spend,faculty_ft,endowment,class_size"
179867,Washington (MO),washington-university-in-st-louis-2520,Washington University in St Louis,St. Louis,MO,15,2,20,National Universities,7857.0,1530.0,scorecard_avg,0.9426,181929.0,0.7253,1462302.9145984473,,0.1206,0.9495,86182.0,9.4,intake+outcome+resources,"sat,grad6,spend,faculty_ft,endowment"
216667,Washington & Jefferson,washington--jefferson-college-3389,Washington & Jefferson College,Washington,PA,21,2,84,National Liberal Arts Colleges,1295.0,,,0.6952,17584.0,1.0,107561.98223938224,11.0,0.8064,0.8121,67918.0,7.9,outcome+resources,"grad6,spend,faculty_ft,endowment,class_size"
234207,Washington & Lee,washington-and-lee-3768,Washington and Lee University,Lexington,VA,21,2,21,National Liberal Arts Colleges,1881.0,1498.0,scorecard_avg,0.9388,40378.0,0.8779,1049384.370015949,7.0,0.1397,0.9661,94810.0,9.5,intake+outcome+resources,"sat,grad6,spend,faculty_ft,endowment,class_size"
164216,Washington College,washington-college-maryland-2108,Washington College,Chestertown,MD,21,2,92,National Liberal Arts Colleges,891.0,1280.0,scorecard_avg,0.6537,26477.0,0.8,315527.874298541,8.0,0.5689,0.8391,65518.0,7.7,intake+outcome+resources,"sat,grad6,spend,faculty_ft,endowment,class_size"
216694,Waynesburg,waynesburg-3391,Waynesburg University,Waynesburg,PA,19,2,121,Regional Universities North,1009.0,1090.0,scorecard_avg,0.6554,12470.0,0.4106,35401.3875123885,12.0,0.8982,0.7164,58537.0,4.6,intake+outcome+resources,"sat,grad6,spend,faculty_ft,endowment,class_size"
179894,Webster,webster-university-2521,Webster University,Saint Louis,MO,18,2,32,Regional Universities Midwest,2304.0,1102.0,scorecard_avg,0.6439,8345.0,1.0,37347.81684027778,8.0,0.8623,0.6866,50876.0,5.0,intake+outcome+resources,"sat,grad6,spend,faculty_ft,endowment,class_size"
168218,Wellesley College,wellesley-college-2224,Wellesley College,Wellesley,MA,21,2,7,National Liberal Arts Colleges,2300.0,1520.0,scorecard_avg,0.9153,39815.0,0.8005,1256030.4347826086,7.0,0.1405,0.965,84803.0,9.4,intake+outcome+resources,"sat,grad6,spend,faculty_ft,endowment,class_size"
168227,Wentworth,wentworth-institute-of-technology-29099,Wentworth Institute of Technology,Boston,MA,20,2,28,Regional Universities North,3747.0,1229.0,scorecard_avg,0.6824,14597.0,0.4752,39932.10141446491,17.0,0.9121,0.8376,82721.0,6.2,intake+outcome+resources,"sat,grad6,spend,faculty_ft,endowment,class_size"
130697,Wesleyan (CT),wesleyan-university-1424,Wesleyan University,Middletown,CT,21,2,13,National Liberal Arts Colleges,3067.0,1501.0,scorecard_avg,0.9264,34729.0,0.9021,506810.56406912295,7.0,0.1649,0.9488,73897.0,9.5,intake+outcome+resources,"sat,grad6,spend,faculty_ft,endowment,class_size"
141325,Wesleyan (GA),wesleyan-college-1600,Wesleyan College,Macon,GA,22,2,5,Regional Colleges South,400.0,1075.0,scorecard_avg,0.4452,13544.0,1.0,147869.4075,7.0,0.591,0.76,44317.0,4.4,intake+outcome+resources,"sat,grad6,spend,faculty_ft,endowment,class_size"
130776,Western Connecticut,western-connecticut-state-university-1380,Western Connecticut State University,Danbury,CT,19,1,98,Regional Universities North,3511.0,1110.0,scorecard_avg,0.5176,16024.0,1.0,7161.335801765878,11.0,0.8701,0.7319,59115.0,4.7,intake+outcome+resources,"sat,grad6,spend,faculty_ft,endowment,class_size"
168254,Western New England,western-new-england-university-2226,Western New England University,Springfield,MA,17,2,283,National Universities,2603.0,1192.0,scorecard_avg,0.6398,12651.0,0.6068,23867.739147137916,12.0,0.8348,0.7397,73157.0,5.7,intake+outcome+resources,"sat,grad6,spend,faculty_ft,endowment,class_size"
168263,Westfield State,westfield-state-college-2189,Westfield State University,Westfield,MA,18,1,98,Regional Universities North,3615.0,,,0.5441,12928.0,0.5867,3221.030428769018,15.0,0.8141,0.739,57346.0,4.3,outcome+resources,"grad6,spend,faculty_ft,endowment,class_size"
179946,Westminster (MO),westminster-college-2523,Westminster College,Fulton,MO,21,2,164,National Liberal Arts Colleges,638.0,1118.0,scorecard_avg,0.5549,11340.0,0.6883,92995.50940438871,10.0,0.792,0.7097,52199.0,4.8,intake+outcome+resources,"sat,grad6,spend,faculty_ft,endowment,class_size"
216807,Westminster (PA),westminster-college-3392,Westminster College,New Wilmington,PA,21,2,121,National Liberal Arts Colleges,1041.0,,,0.6455,10159.0,0.608,128784.42074927954,13.0,0.9256,0.8097,53861.0,5.7,outcome+resources,"grad6,spend,faculty_ft,endowment,class_size"
149781,Wheaton (IL),wheaton-college-1781,Wheaton College,Wheaton,IL,21,2,50,National Liberal Arts Colleges,2121.0,1380.0,scorecard_avg,0.8475,18388.0,0.6297,263192.7675624705,10.0,0.874,0.9259,63756.0,8.5,intake+outcome+resources,"sat,grad6,spend,faculty_ft,endowment,class_size"
168281,Wheaton (MA),wheaton-college-2227,Wheaton College (Massachusetts),Norton,MA,21,2,76,National Liberal Arts Colleges,1773.0,1308.0,scorecard_avg,0.7282,17319.0,0.7394,144511.26903553298,12.0,0.6773,0.8218,67725.0,7.8,intake+outcome+resources,"sat,grad6,spend,faculty_ft,endowment,class_size"
237057,Whitman,whitman-college-3803,Whitman College,Walla Walla,WA,21,2,58,National Liberal Arts Colleges,1531.0,1410.0,scorecard_avg,0.8052,23597.0,0.8711,478662.5440888308,9.0,0.3815,0.8671,67589.0,8.9,intake+outcome+resources,"sat,grad6,spend,faculty_ft,endowment,class_size"
125763,Whittier College,whittier-college-1342,Whittier College,Whittier,CA,21,2,92,National Liberal Arts Colleges,764.0,,,0.5996,25263.0,0.7438,169808.6164921466,8.0,0.8079,0.6621,59492.0,7.1,outcome+resources,"grad6,spend,faculty_ft,endowment,class_size"
237066,Whitworth,whitworth-university-3804,Whitworth University,Spokane,WA,19,2,15,Regional Universities West,1858.0,1220.0,scorecard_avg,0.7089,13375.0,1.0,101914.60979547902,12.0,0.8978,0.776,58561.0,7.1,intake+outcome+resources,"sat,grad6,spend,faculty_ft,endowment,class_size"
216852,Widener,widener-university-3313,Widener University,Chester,PA,17,2,301,National Universities,2951.0,1180.0,scorecard_avg,0.6832,14606.0,0.3946,38330.926465604876,11.0,0.7093,0.7836,70920.0,5.9,intake+outcome+resources,"sat,grad6,spend,faculty_ft,endowment,class_size"
216931,Wilkes,wilkes-university-3394,Wilkes University,Wilkes-Barre,PA,17,2,318,National Universities,1985.0,1136.0,scorecard_avg,0.6317,11892.0,0.3949,30009.74508816121,13.0,0.9064,0.7157,63454.0,4.9,intake+outcome+resources,"sat,grad6,spend,faculty_ft,endowment,class_size"
210401,Willamette University,willamette-university-3227,Willamette University,Salem,OR,21,2,76,National Liberal Arts Colleges,1592.0,1377.0,scorecard_avg,0.7124,15686.0,0.6897,153154.77386934674,12.0,0.7709,0.8651,56911.0,7.9,intake+outcome+resources,"sat,grad6,spend,faculty_ft,endowment,class_size"
187444,William Paterson University,william-paterson-2625,William Paterson University of New Jersey,Wayne,NJ,18,1,84,Regional Universities North,6614.0,,,0.4396,13191.0,0.9767,5581.097520411249,18.0,0.9008,0.7394,57780.0,4.1,outcome+resources,"grad6,spend,faculty_ft,endowment,class_size"
199272,William Peace University,william-peace-university-2953,William Peace University,Raleigh,NC,22,2,21,Regional Colleges South,666.0,1170.0,scorecard_avg,0.4481,5817.0,0.4857,74018.31981981982,13.0,0.9425,0.7358,46643.0,3.9,intake+outcome+resources,"sat,grad6,spend,faculty_ft,endowment,class_size"
168342,Williams,williams-college-2229,Williams College,Williamstown,MA,21,2,1,National Liberal Arts Colleges,2076.0,1533.0,scorecard_avg,0.9361,51880.0,0.8771,1622673.986512524,7.0,0.0825,0.9685,88665.0,9.6,intake+outcome+resources,"sat,grad6,spend,faculty_ft,endowment,class_size"
206507,Wilmington (OH),wilmington-college-3142,Wilmington College,Wilmington,OH,22,2,32,Regional Colleges Midwest,1006.0,1029.0,scorecard_avg,0.4727,5718.0,0.5593,29839.7365805169,12.0,0.924,0.7203,48491.0,2.6,intake+outcome+resources,"sat,grad6,spend,faculty_ft,endowment,class_size"
217013,Wilson College,wilson-college-3396,Wilson College,Chambersburg,PA,19,2,150-164,Regional Universities North,865.0,1000.0,scorecard_avg,0.4815,6026.0,1.0,72887.26820809249,15.0,0.9211,0.7447,43326.0,3.1,intake+outcome+resources,"sat,grad6,spend,faculty_ft,endowment,class_size"
240338,Wisconsin Lutheran College,wisconsin-lutheran-21366,Wisconsin Lutheran College,Milwaukee,WI,22,2,19,Regional Colleges Midwest,943.0,1239.0,scorecard_avg,0.6357,10769.0,0.961,49860.4591728526,11.0,0.7816,0.7251,54664.0,6.5,intake+outcome+resources,"sat,grad6,spend,faculty_ft,endowment,class_size"
206525,Wittenberg,wittenberg-university-3143,Wittenberg University,Springfield,OH,21,2,164,National Liberal Arts Colleges,1215.0,1179.0,scorecard_avg,0.5269,13725.0,0.7536,84444.62716049382,12.0,0.7235,0.6345,54947.0,5.4,intake+outcome+resources,"sat,grad6,spend,faculty_ft,endowment,class_size"
168421,Worcester Polytechnic,wpi-2233,Worcester Polytechnic Institute,Worcester,MA,16,2,84,National Universities,5447.0,,,0.8971,21636.0,0.8285,115849.27483018175,13.0,0.6016,0.9366,103470.0,8.6,outcome+resources,"grad6,spend,faculty_ft,endowment,class_size"
168430,Worcester State,worcester-state-university-2190,Worcester State University,Worcester,MA,18,1,98,Regional Universities North,3930.0,1150.0,scorecard_avg,0.6145,9709.0,0.4659,6115.266921119593,15.0,0.8799,0.7814,60624.0,4.4,intake+outcome+resources,"sat,grad6,spend,faculty_ft,endowment,class_size"
197708,Yeshiva,yeshiva-university-2903,Yeshiva University,New York,NY,17,2,84,National Universities,2852.0,1426.0,scorecard_avg,0.832,18550.0,1.0,176885.69424964936,7.0,0.5562,0.9153,71353.0,9.0,intake+outcome+resources,"sat,grad6,spend,faculty_ft,endowment,class_size"
217059,York (PA),york-college-of-pennsylvania-3399,York College of Pennsylvania,York,PA,20,2,84,Regional Universities North,3265.0,1162.0,scorecard_avg,0.641,12340.0,0.4182,52836.0854517611,15.0,0.7374,0.7821,61012.0,5.3,intake+outcome+resources,"sat,grad6,spend,faculty_ft,endowment,class_size"
