slug,city,state,rank,category,accept,sat_25,sat_75,act_25,grad_rate_4yr,retention,student_faculty_ratio,founded,undergrads
abilene-christian-university-3537,Abilene,TX,329,National Universities,66,1000,1230,,49,80,13,1906,3233
adrian-college-2234,Adrian,MI,30,Regional Colleges Midwest,73,,,21,44,64,15,1859,1673
adelphi-university-2666,Garden City,NY,198,National Universities,66,1120,1320,,57,83,11,1896,5325
albertus-magnus-college-1374,New Haven,CT,98,Regional Universities North,59,,,,42,69,17,1925,1006
alabama-state-university-1005,Montgomery,AL,395-434,National Universities,98,749,967,,15,64,15,1867,3521
adams-state-university-1345,Alamosa,CO,102,Regional Universities West,,,,,16,57,14,,1576
alabama-am-university-1002,Normal,AL,96,Regional Universities South,58,810,1040,,12,63,19,1875,6370
agnes-scott-college-1542,Decatur,GA,67,National Liberal Arts Colleges,62,1160,1340,,66,81,10,1889,843
albion-college-2235,Albion,MI,131,National Liberal Arts Colleges,81,,,,49,72,11,1835,1308
albright-college-3229,Reading,PA,170,National Liberal Arts Colleges,76,,,,42,64,10,1856,1328
alcorn-state-university-2396,Lorman,MS,45,Regional Universities South,45,670,998,,43,78,16,1871,2532
alfred-state-college-suny-2854,Alfred,NY,16,Regional Colleges North,76,990,1200,,43,72,15,1908,3572
alfred-university-2668,Alfred,NY,61,Regional Universities North,74,1095,1310,,44,74,9,1836,1474
allen-university-3417,Columbia,SC,183-201,National Liberal Arts Colleges,73,,,,7,70,16,1870,635
alma-college-2236,Alma,MI,6,Regional Colleges Midwest,57,978,1173,,63,78,9,1886,1159
alvernia-university-3233,Reading,PA,352,National Universities,58,1093,1286,,46,72,13,1958,2192
allegheny-college-3230,Meadville,PA,76,National Liberal Arts Colleges,55,1173,1358,,67,81,8,1815,1171
alverno-college-3832,Milwaukee,WI,84,Regional Universities Midwest,86,,,16,29,70,13,1887,673
american-international-college-2114,Springfield,MA,395-434,National Universities,100,,,,32,66,16,1885,1331
american-university-1434,Washington,DC,88,National Universities,62,1280,1450,,68,88,10,1893,7476
anderson-university-1785,Anderson,IN,78,Regional Universities Midwest,75,900,1160,,48,67,10,1917,1092
amherst-college-2115,Amherst,MA,2,National Liberal Arts Colleges,9,1490,1580,,75,97,7,1821,1914
angelo-state-university-3541,San Angelo,TX,56,Regional Universities West,83,910,1150,,30,71,19,1928,9779
anderson-university-3418,Anderson,SC,31,Regional Universities South,55,1100,1280,,64,83,14,1911,3406
anna-maria-college-2117,Paxton,MA,150-164,Regional Universities North,50,,,,29,66,13,1946,995
appalachian-state-2906,Boone,NC,3,Regional Universities South,90,1120,1280,,59,85,16,1899,19560
arcadia-university-3235,Glenside,PA,76,Regional Universities North,80,1065,1265,,59,79,10,1853,2030
arkansas-state-university-1090,State University,AR,352,National Universities,82,970,1190,,41,77,17,1909,9985
asbury-university-1952,Wilmore,KY,23,Regional Universities South,95,990,1290,,56,84,13,1890,2066
assumption-university-2118,Worcester,MA,50,Regional Universities North,83,,,,70,83,11,1904,1713
ashland-university-3012,Ashland,OH,42,Regional Universities Midwest,76,1035,1208,,49,73,14,1878,5289
arizona-state-university-1081,Tempe,AZ,117,National Universities,90,1120,1380,,56,86,18,1885,65450
auburn-university-1009,Auburn,AL,102,National Universities,46,1250,1390,,60,93,21,1856,27907
auburn-university-at-montgomery-8310,Montgomery,AL,64,Regional Universities South,62,1026,1228,,22,67,13,1967,3326
augsburg-university-2334,Minneapolis,MN,32,Regional Universities Midwest,82,,,,40,70,14,1869,2527
augustana-college-1633,Rock Island,IL,96,National Liberal Arts Colleges,63,1030,1270,,67,83,12,1860,2522
augustana-university-3458,Sioux Falls,SD,7,Regional Universities Midwest,68,1150,1370,,56,84,12,1860,2003
aurora-university-1634,Aurora,IL,283,National Universities,81,,,21,46,76,18,,4098
austin-college-3543,Sherman,TX,84,National Liberal Arts Colleges,47,1100,1310,,63,80,11,1849,1167
azusa-pacific-university-1117,Azusa,CA,283,National Universities,88,983,1238,,49,81,10,1899,2759
averett-university-3702,Danville,VA,76,Regional Universities South,57,,,15,31,63,13,1859,1180
austin-peay-state-university-3478,Clarksville,TN,37,Regional Universities South,95,,,18,27,66,14,1927,8926
babson-college-2121,Babson Park,MA,,,17,1390,1530,,84,,,1919,2793
baldwin-wallace-college-3014,Berea,OH,12,Regional Universities Midwest,76,1060,1290,,57,83,12,1845,2862
ball-state-university-1786,Muncie,IN,213,National Universities,85,1080,1260,,51,75,14,1918,15189
bard-college-2671,Annandale on Hudson,NY,70,National Liberal Arts Colleges,52,,,28,57,87,9,1860,2453
barry-university-1466,Miami Shores,FL,395-434,National Universities,77,900,1102,,20,58,7,1940,3232
barton-college-2908,Wilson,NC,21,Regional Colleges South,94,,,,35,69,14,1902,1149
bellarmine-university-1954,Louisville,KY,301,National Universities,86,1025,1240,,57,77,12,1950,2240
bates-college-2036,Lewiston,ME,24,National Liberal Arts Colleges,13,1420,1530,,82,93,9,1855,1760
baylor-university-6967,Waco,TX,88,National Universities,51,1200,1400,,68,90,15,1845,14915
belhaven-2397,Jackson,MS,395-434,National Universities,50,1035,1330,,38,68,13,1883,1614
belmont-abbey-2910,Belmont,NC,12,Regional Colleges South,75,950,1183,,41,68,12,1876,1580
belmont-university-3479,Nashville,TN,213,National Universities,95,1160,1350,,61,85,12,1890,7167
bemidji-state-university-2336,Bemidji,MN,71,Regional Universities Midwest,56,,,18,37,72,16,1919,3610
beloit-college-3835,Beloit,WI,92,National Liberal Arts Colleges,63,1200,1430,,55,84,12,1846,1004
benedictine-university-1767,Lisle,IL,61,Regional Universities Midwest,95,910,1250,,39,67,15,1887,1972
bentley-university-2124,Waltham,MA,1,Regional Universities North,45,1280,1430,,81,92,12,1917,4526
bethany-college-3808,Bethany,WV,183-201,National Liberal Arts Colleges,59,,,,39,68,12,1840,645
bethany-lutheran-college-2337,Mankato,MN,154,National Liberal Arts Colleges,39,1040,1180,,43,76,12,1927,856
berea-college-1955,Berea,KY,45,National Liberal Arts Colleges,19,1146,1333,,36,83,9,1855,1527
berry-college-1554,Mount Berry,GA,4,Regional Universities South,64,1125,1330,,63,84,12,1902,2254
bethel-university-9058,St. Paul,MN,232,National Universities,88,,,22,63,86,12,1871,2556
biola-university-1122,La Mirada,CA,242,National Universities,76,1160,1370,,54,85,12,1908,3481
bluefield-state-university-3809,Bluefield,WV,50,Regional Colleges South,97,,,17,21,58,17,1895,1249
blackburn-college-1639,Carlinville,IL,23,Regional Colleges Midwest,64,880,1020,,43,54,7,1837,384
black-hills-state-3459,Spearfish,SD,143,Regional Universities Midwest,96,,,18,25,68,17,1887,3279
bluffton-university-3016,Bluffton,OH,38,Regional Colleges Midwest,60,1172,1322,,47,67,9,1899,600
bob-jones-university-666997,Greenville,SC,23,Regional Universities South,83,1010,1260,,58,82,14,1927,2267
boise-state-university-1616,Boise,ID,301,National Universities,87,,,,41,78,20,1932,24030
boston-university-2130,Boston,MA,42,National Universities,11,1420,1530,,81,95,10,1839,18805
boston-college-2128,Chestnut Hill,MA,36,National Universities,16,1440,1540,,86,95,10,1863,9654
bowdoin-college-2038,Brunswick,ME,5,National Liberal Arts Colleges,7,1470,1550,,72,97,9,1794,1881
bowling-green-state-university-3018,Bowling Green,OH,293,National Universities,81,1000,1210,,49,79,17,1910,14783
bradley-university-1641,Peoria,IL,183,National Universities,77,,,,59,84,11,1897,3596
brandeis-university-2133,Waltham,MA,69,National Universities,41,1390,1520,,78,90,9,1948,3632
brevard-college-2912,Brevard,NC,30,Regional Colleges South,42,970,1170,,34,66,11,1853,821
bridgewater-college-3704,Bridgewater,VA,167,National Liberal Arts Colleges,92,1020,1360,,45,74,13,1880,1407
bridgewater-state-university-2183,Bridgewater,MA,98,Regional Universities North,88,1060,1263,,32,77,17,1840,8270
brown-university-3401,Providence,RI,13,National Universities,5,1510,1580,,77,99,6,1764,7910
bryn-athyn-3228,Bryn Athyn,PA,180,National Liberal Arts Colleges,83,,,,40,64,8,1877,273
butler-university-1788,Indianapolis,IN,1,Regional Universities Midwest,85,1160,1350,,72,88,11,1855,4489
buena-vista-university-1847,Storm Lake,IA,49,Regional Universities Midwest,72,,,19,54,76,13,1891,1436
bryn-mawr-college-3237,Bryn Mawr,PA,30,National Liberal Arts Colleges,29,1280,1510,,73,90,8,1885,1368
caldwell-university-2598,Caldwell,NJ,84,Regional Universities North,71,1130,1370,,57,74,12,1939,1617
cal-poly-humboldt-1149,Arcata,CA,23,Regional Universities West,92,985,1260,,26,76,17,1913,5474
byu-3670,Provo,UT,110,National Universities,68,1270,1460,,27,90,22,1875,32952
bryant-university-3402,Smithfield,RI,5,Regional Universities North,68,1190,1330,,77,88,13,1863,3200
california-baptist-university-1125,Riverside,CA,33,Regional Universities West,85,,,,44,75,21,1950,8417
california-lutheran-university-1133,Thousand Oaks,CA,16,Regional Universities West,76,1150,1330,,62,81,13,1959,2297
california-polytechnic-state-university-san-luis-obispo-1143,San Luis Obispo,CA,1,Regional Universities West,31,1220,1440,,62,95,18,1901,21947
bucknell-university-3238,Lewisburg,PA,30,National Liberal Arts Colleges,29,1315,1470,,82,93,9,1846,3920
california-institute-of-technology-1131,Pasadena,CA,11,National Universities,3,,,,77,98,3,1891,987
california-state-polytechnic-university-pomona-1144,Pomona,CA,3,Regional Universities West,74,,,,35,88,25,1938,25255
california-state-university-east-bay-1138,Hayward,CA,257,National Universities,97,,,,18,78,17,1957,10562
california-state-university-chico-1146,Chico,CA,16,Regional Universities West,92,953,1285,,36,82,22,1887,13392
california-state-university-fresno-1147,Fresno,CA,183,National Universities,94,,,,28,78,23,1911,21889
california-state-university-long-beach-1139,Long Beach,CA,127,National Universities,46,,,,38,86,26,1949,35843
california-state-university-fullerton-1137,Fullerton,CA,139,National Universities,91,860,1080,,39,85,25,1957,38597
california-state-university-dominguez-hills-1141,Carson,CA,36,Regional Universities West,93,,,,18,69,18,1960,12730
california-state-university-sacramento-1150,Sacramento,CA,22,Regional Universities West,93,,,,28,81,23,1947,28226
california-state-university-san-bernardino-1142,San Bernardino,CA,179,National Universities,93,820,1020,,25,79,22,1962,14993
california-state-university-los-angeles-1140,Los Angeles,CA,13,Regional Universities West,91,,,,25,73,22,1947,19354
california-state-university-san-marcos-30113,San Marcos,CA,23,Regional Universities West,95,,,,28,76,24,1989,14977
california-state-university-northridge-1153,Northridge,CA,20,Regional Universities West,92,,,,28,76,24,,32499
capital-university-3023,Columbus,OH,42,Regional Universities Midwest,70,910,1180,,55,77,9,1830,1609
canisius-university-2681,Buffalo,NY,32,Regional Universities North,72,,,,67,78,11,1870,1724
campbell-university-2913,Buies Creek,NC,343,National Universities,87,1090,1270,,48,75,13,1887,2699
california-state-university-stanislaus-1157,Turlock,CA,9,Regional Universities West,98,,,,25,81,17,1957,8455
calvin-university-2241,Grand Rapids,MI,4,Regional Universities Midwest,71,1083,1330,,64,87,13,1876,3356
carleton-college-2340,Northfield,MN,10,National Liberal Arts Colleges,20,1450,1560,,82,96,9,1866,2128
carlow-university-3303,Pittsburgh,PA,84,Regional Universities North,87,,,,49,81,11,1929,1355
carnegie-mellon-university-3242,Pittsburgh,PA,20,National Universities,12,1500,1570,,81,97,6,1900,7824
carroll-university-3838,Waukesha,WI,32,Regional Universities Midwest,67,1040,1260,,60,78,14,1846,2581
carsonnewman-university-3481,Jefferson City,TN,358,National Universities,90,955,1215,,41,71,12,1851,1606
carthage-college-3839,Kenosha,WI,46,Regional Universities Midwest,87,,,20,56,76,14,1847,2675
catawba-college-2914,Salisbury,NC,4,Regional Colleges South,75,1030,1300,,39,71,12,1851,1263
cedar-crest-college-3243,Allentown,PA,98,Regional Universities North,84,900,1190,,51,74,9,1867,870
case-western-reserve-university-3024,Cleveland,OH,51,National Universities,38,1440,1550,,73,93,9,1826,6528
central-college-1850,Pella,IA,131,National Liberal Arts Colleges,86,,,20,58,77,12,1853,1084
centenary-college-2003,Shreveport,LA,143,National Liberal Arts Colleges,56,1060,1210,,48,69,10,1825,693
centenary-university-2599,Hackettstown,NJ,98,Regional Universities North,83,,,,47,75,12,1867,951
cedarville-university-3025,Cedarville,OH,17,Regional Universities Midwest,65,1130,1360,,62,87,15,1887,5790
central-washington-university-3771,Ellensburg,WA,46,Regional Universities West,91,,,,38,69,17,1891,10033
chaminade-university-of-honolulu-1605,Honolulu,HI,38,Regional Universities West,79,,,,55,70,12,1955,1817
centre-college-1961,Danville,KY,55,National Liberal Arts Colleges,54,1160,1450,,76,89,11,1819,1407
central-michigan-university-2243,Mount Pleasant,MI,283,National Universities,90,960,1200,,40,75,16,1892,10219
charleston-southern-university-3419,Charleston,SC,70,Regional Universities South,96,930,1160,,37,66,11,1964,3126
central-connecticut-state-university-1378,New Britain,CT,76,Regional Universities North,73,960,1190,,25,76,14,1849,8170
chestnut-hill-college-3245,Philadelphia,PA,128,Regional Universities North,74,,,,41,67,10,1924,972
chatham-university-3244,Pittsburgh,PA,213,National Universities,62,1070,1295,,54,79,10,1869,1555
chapman-university-1164,Orange,CA,110,National Universities,65,1260,1440,,71,91,12,1861,7713
chowan-university-2916,Murfreesboro,NC,67,Regional Colleges South,69,,,,19,64,15,1848,603
christian-brothers-university-3482,Memphis,TN,37,Regional Universities South,87,1020,1380,,41,72,9,1871,1155
christopher-newport-university-3706,Newport News,VA,6,Regional Universities South,86,1060,1290,,64,84,14,1960,4369
chicago-state-university-1694,Chicago,IL,145-160,Regional Universities Midwest,43,,,,7,48,10,1867,1495
claremont-mckenna-college-1170,Claremont,CA,7,National Liberal Arts Colleges,10,1470,1560,,75,97,8,1946,1390
clark-university-2139,Worcester,MA,132,National Universities,40,1288,1460,,70,87,9,1887,2266
clarkson-university-2699,Potsdam,NY,143,National Universities,77,1200,1390,,62,83,13,1896,2296
clayton-state-university-8976,Morrow,GA,80,Regional Universities South,68,860,1050,,18,67,20,1969,5551
clemson-university-3425,Clemson,SC,75,National Universities,38,1240,1410,,68,93,16,1889,23401
cleveland-state-university-3032,Cleveland,OH,343,National Universities,91,,,18,33,70,16,1964,9418
coastal-carolina-university-3451,Conway,SC,33,Regional Universities South,75,1050,1220,,37,74,17,1954,10811
coe-college-1854,Cedar Rapids,IA,126,National Liberal Arts Colleges,64,1040,1300,,56,74,11,1851,1195
coker-college-3427,Hartsville,SC,99,Regional Universities South,94,,,,31,62,12,1908,1187
colby-sawyer-college-2572,New London,NH,12,Regional Colleges North,82,,,,49,75,12,1837,858
colby-college-2039,Waterville,ME,24,National Liberal Arts Colleges,7,1460,1550,,75,93,10,1813,2412
college-of-the-holy-cross-2141,Worcester,MA,27,National Liberal Arts Colleges,18,1240,1410,,85,95,9,1843,3127
colorado-christian-university-9401,Lakewood,CO,65,Regional Universities West,,,,,58,82,17,1914,8200
college-of-charleston-3428,Charleston,SC,9,Regional Universities South,60,1140,1310,,57,82,17,1770,10880
colgate-university-2701,Hamilton,NY,22,National Liberal Arts Colleges,14,1430,1540,,85,93,9,1819,3193
college-of-st-benedict-2341,St. Joseph,MN,73,National Liberal Arts Colleges,89,1020,1230,,73,87,,1913,1391
colorado-college-1347,Colorado Springs,CO,30,National Liberal Arts Colleges,18,1230,1460,,71,94,9,1874,2031
colorado-mesa-university-1358,Grand Junction,CO,14,Regional Colleges West,98,930,1160,,28,74,18,1925,9473
colorado-state-university-pueblo-1365,Pueblo,CO,81,Regional Universities West,98,870,1105,,25,64,20,1933,5086
colorado-state-university-1350,Fort Collins,CO,151,National Universities,89,,,,47,86,17,1870,26221
colorado-school-of-mines-1348,Golden,CO,80,National Universities,61,1320,1480,,67,93,18,1874,6195
concordia-austin-3557,Austin,TX,103,Regional Universities West,91,,,,27,62,16,1926,1391
columbus-state-university-1561,Columbus,GA,64,Regional Universities South,99,800,1060,,23,67,19,1958,6147
concord-university-athens-3810,Athens,WV,90,Regional Universities South,93,830,1090,,31,57,16,1872,1609
commonwealth-university-of-pennsylvania-436986,Bloomsburg,PA,121,Regional Universities North,93,990,1190,,42,76,19,,9847
columbia-university-2707,New York,NY,15,National Universities,4,,,34,80,98,6,1754,9111
concordia-college-moorhead-2346,Moorhead,MN,135,National Liberal Arts Colleges,63,,,21,49,82,12,1891,1864
concordia-university-chicago-1666,River Forest,IL,129,Regional Universities Midwest,93,,,,25,60,13,1864,1327
concordia-university-irvine-29059,Irvine,CA,318,National Universities,66,,,,50,74,14,1972,1554
concordia-university-st-paul-2347,St Paul,MN,105,Regional Universities Midwest,79,,,19,33,64,,1893,3361
concordia-university-wisconsin-3842,Mequon,WI,329,National Universities,78,,,22,57,78,12,1881,2401
connecticut-college-1379,New London,CT,50,National Liberal Arts Colleges,37,1350,1500,,76,88,9,1911,1990
covenant-college-3484,Lookout Mountain,GA,126,National Liberal Arts Colleges,87,1160,1380,,63,84,13,1955,1087
cornell-college-1856,Mount Vernon,IA,121,National Liberal Arts Colleges,80,,,23,67,77,12,1853,1082
converse-university-3431,Spartanburg,SC,33,Regional Universities South,68,1010,1250,,58,72,11,1889,1165
cornell-university-2711,Ithaca,NY,12,National Universities,8,1500,1570,,87,98,9,1865,16128
crown-college-2383,St. Bonifacius,MN,135,Regional Universities Midwest,62,,,,56,69,24,1916,1523
csumb-32603,Seaside,CA,11,Regional Universities West,97,,,,39,80,26,1994,6910
csub-7993,Bakersfield,CA,31,Regional Universities West,85,895,1155,,29,77,19,1970,8865
cuny-brooklyn-college-2687,Brooklyn,NY,38,Regional Universities North,58,,,,34,79,15,1930,11562
creighton-university-2542,Omaha,NE,117,National Universities,80,1243,1428,,74,92,11,1878,4647
cuny-city-college-2688,New York,NY,132,National Universities,60,,,,29,79,14,1847,12982
cuny-john-jay-college-of-criminal-justice-2693,New York,NY,17,Regional Universities North,57,,,,41,79,16,1965,11939
curry-college-2143,Milton,MA,140,Regional Universities North,88,,,,43,64,11,1879,1818
daemen-university-2808,Amherst,NY,358,National Universities,74,,,,47,78,14,1947,1656
cuny-college-of-staten-island-29040,Staten Island,NY,98,Regional Universities North,92,,,,29,74,18,1976,10049
dallas-baptist-university-3560,Dallas,TX,384,National Universities,89,960,1213,,43,65,14,1898,2785
davidson-college-2918,Davidson,NC,13,National Liberal Arts Colleges,13,1400,1530,,86,95,8,1837,1869
davis-and-elkins-college-3811,Elkins,WV,27,Regional Colleges South,94,,,,30,65,11,1904,683
dartmouth-college-2573,Hanover,NH,13,National Universities,5,1500,1570,,75,98,6,1769,4570
davenport-university-2249,Grand Rapids,MI,124,Regional Universities Midwest,98,,,,37,75,18,1866,3833
dean-college-2144,Franklin,MA,31,Regional Colleges North,74,,,,40,74,15,1865,1092
delta-state-university-2403,Cleveland,MS,50,Regional Universities South,100,943,1176,,32,68,12,1924,1876
denison-university-3042,Granville,OH,34,National Liberal Arts Colleges,17,1320,1490,,73,89,9,1831,2394
delaware-valley-university-3252,Doylestown,PA,136,Regional Universities North,93,1078,1253,,45,70,14,1896,1768
delaware-state-university-1428,Dover,DE,121,Regional Universities North,47,800,1020,,28,73,17,1891,4581
depaul-university-1671,Chicago,IL,169,National Universities,76,1140,1330,,55,85,17,1898,14188
depauw-university-1792,Greencastle,IN,58,National Liberal Arts Colleges,57,1120,1370,,69,90,10,1837,1917
dominican-university-1750,River Forest,IL,25,Regional Universities Midwest,90,870,1120,,45,77,12,1901,2690
dickinson-college-3253,Carlisle,PA,45,National Liberal Arts Colleges,42,1310,1460,,68,91,11,1783,2311
desales-university-3986,Center Valley,PA,283,National Universities,77,1090,1260,,64,81,12,1964,2172
dominican-university-new-york-2713,Orangeburg,NY,301,National Universities,90,1050,1190,,31,71,13,1952,1115
dominican-university-of-california-1196,San Rafael,CA,31,Regional Universities West,84,980,1178,,65,85,9,1890,1151
drexel-university-3256,Philadelphia,PA,80,National Universities,79,1240,1440,,31,89,9,1891,11757
drew-university-2603,Madison,NJ,84,National Liberal Arts Colleges,68,1103,1338,,63,87,11,1867,1611
drury-university-2461,Springfield,MO,25,Regional Universities Midwest,58,1130,1290,,47,77,14,1873,1391
duke-university-2920,Durham,NC,7,National Universities,6,1500,1570,,87,97,5,1838,6523
duquesne-university-3258,Pittsburgh,PA,169,National Universities,84,1180,1340,,67,85,13,1878,5371
dyouville-university-2712,Buffalo,NY,242,National Universities,81,1002,1245,,36,76,14,1908,1258
drake-university-1860,Des Moines,IA,183,National Universities,64,1110,1350,,67,84,11,1881,2585
earlham-college-1793,Richmond,IN,76,National Liberal Arts Colleges,73,1110,1290,,65,78,7,1847,696
east-central-university-3154,Ada,OK,100,Regional Universities West,58,,,17,,59,18,1909,2644
east-stroudsburg-university-3320,East Stroudsburg,PA,136,Regional Universities North,86,1000,1180,,25,71,20,1893,4894
east-carolina-university-2923,Greenville,NC,192,National Universities,89,1050,1230,,43,82,17,1907,21445
east-texas-baptist-university-3564,Marshall,TX,81,Regional Universities West,58,930,1150,,42,67,14,1912,1634
east-tennessee-state-university-3487,Johnson City,TN,301,National Universities,86,980,1200,,40,72,18,1911,10829
eastern-kentucky-university-1963,RIchmond,KY,329,National Universities,97,930,1150,,41,77,18,1906,13448
eastern-illinois-university-1674,Charleston,IL,54,Regional Universities Midwest,65,880,1100,,31,72,14,1895,6785
eastern-connecticut-state-university-1425,Willimantic,CT,66,Regional Universities North,83,1070,1260,,46,82,15,1889,4174
eastern-university-3259,St. Davids,PA,146,Regional Universities North,91,,,,50,71,21,1952,2500
eastern-washington-university-3775,Cheney,WA,52,Regional Universities West,91,,,,30,67,20,1882,7246
eastern-new-mexico-university-2651,Portales,NM,93,Regional Universities West,92,,,17,23,61,17,1934,4072
eastern-mennonite-university-3708,Harrisonburg,VA,62,Regional Universities South,100,,,,56,77,9,1917,791
eckerd-college-1487,St. Petersburg,FL,135,National Liberal Arts Colleges,76,1160,1330,,59,78,11,1958,1893
elizabethtown-college-3262,Elizabethtown,PA,45,Regional Universities North,78,1105,1310,,69,84,13,1899,1903
edgewood-college-3848,Madison,WI,301,National Universities,76,,,,47,74,13,1927,1214
edward-waters-university-1478,Jacksonville,FL,67,Regional Colleges South,85,,,,15,56,18,1866,1113
elmhurst-university-1676,Elmhurst,IL,7,Regional Universities Midwest,74,990,1260,,57,78,15,1871,3170
elmira-college-2718,Elmira,NY,6,Regional Colleges North,77,1090,1385,,65,74,11,1855,745
elms-college-2140,Chicopee,MA,55,Regional Universities North,85,,,,60,78,11,1928,1002
elon-university-2927,Elon,NC,117,National Universities,66,1130,1280,,80,90,11,1889,6452
eastern-michigan-university-2259,Ypsilanti,MI,373,National Universities,80,920,1170,,24,68,14,1849,10470
emmanuel-college--massachusetts-2147,Boston,MA,135,National Liberal Arts Colleges,76,1170,1340,,59,81,13,1919,1909
emory--henry-university-3709,Emory,VA,27,Regional Universities South,84,,,20,45,68,14,1836,1083
emerson-college-2146,Boston,MA,19,Regional Universities North,51,1270,1420,,71,88,13,1880,3884
emmanuel-college-georgia-1563,Franklin Springs,GA,63,Regional Colleges South,74,,,,29,62,16,1919,886
embryriddle-aeronautical-universitydaytona-beach-1479,Daytona Beach,FL,4,Regional Universities South,65,1160,1380,,42,84,18,1926,7886
emporia-state-university-1927,Emporia,KS,78,Regional Universities Midwest,98,,,18,41,73,16,1863,2396
endicott-college-2148,Beverly,MA,38,Regional Universities North,71,1193,1340,,72,86,13,1939,3360
eureka-college-1678,Eureka,IL,43,Regional Colleges Midwest,85,840,1010,,31,58,15,1855,527
emory-university-1564,Atlanta,GA,24,National Universities,10,1470,1550,,81,96,8,1836,7407
erskine-college-3432,Due West,SC,50,Regional Colleges South,64,915,1177,,43,60,15,1839,803
fairleigh-dickinson-university-metropolitan-campus-8770,Teaneck,NJ,55,Regional Universities North,82,,,,48,76,12,1942,5691
fairfield-university-1385,Fairfield,CT,139,National Universities,33,1260,1390,,82,90,12,1942,5391
fairleigh-dickinson-university-florham-campus-263307,,NJ,35,Regional Universities North,84,,,,64,80,13,1942,2012
fairmont-state-3812,Fairmont,WV,85,Regional Universities South,99,860,1090,,30,64,14,1865,3088
farmingdale-state-college-suny-2858,Farmingdale,NY,7,Regional Colleges North,63,1040,1240,,42,81,18,1912,10007
felician-university-2610,Lodi,NJ,121,Regional Universities North,95,890,1150,,27,75,15,1942,1870
ferrum-college-3711,Ferrum,VA,60,Regional Colleges South,89,,,,22,58,11,1913,747
ferris-state-university-2260,Big Rapids,MI,329,National Universities,92,890,1200,,33,76,15,1884,8989
fitchburg-state-university-2184,Fitchburg,MA,72,Regional Universities North,87,1063,1228,,38,71,11,1894,3027
fiu-9635,Miami,FL,97,National Universities,55,1070,1260,,59,92,22,1972,44904
flagler-7893,St. Augustine,FL,3,Regional Colleges South,81,960,1180,,45,71,14,1968,2409
florida-atlantic-university-1481,Boca Raton,FL,183,National Universities,66,1040,1200,,50,82,24,1964,24942
florida-gulf-coast-university-32553,Fort Myers,FL,318,National Universities,63,,,20,42,82,21,1991,14227
florida-southern-college-1488,Lakeland,FL,11,Regional Universities South,64,1150,1330,,65,79,11,1885,2715
florida-institute-of-technology-1469,Melbourne,FL,232,National Universities,58,1120,1320,,48,79,9,1958,3677
fordham-university-2722,New York,NY,97,National Universities,59,1320,1480,,76,88,14,1841,10582
framingham-state-2185,Framingham,MA,110,Regional Universities North,84,1100,1280,,36,71,12,1839,2782
florida-state-university-1489,Tallahassee,FL,51,National Universities,24,1270,1410,,77,95,17,1851,32720
fort-lewis-college-1353,Durango,CO,17,Regional Colleges West,92,,,18,30,61,14,1911,3392
fort-hays-state-university-1915,Hays,KS,78,Regional Universities Midwest,90,,,18,33,75,14,1902,10206
francis-marion-9226,Florence,SC,54,Regional Universities South,86,870,1115,,24,68,13,1970,3692
franklin-pierce-university-2575,Rindge,NH,150-164,Regional Universities North,93,,,,43,73,13,1962,1058
franciscan-university-3036,Steubenville,OH,25,Regional Universities Midwest,58,,,22,68,85,19,1946,2978
franklin--marshall-college-3265,Lancaster,PA,35,National Liberal Arts Colleges,28,1310,1463,,76,89,9,1787,1808
franklin-college-1798,Franklin,IN,146,National Liberal Arts Colleges,70,1060,1240,,57,73,12,1834,931
fresno-pacific-university-1253,Fresno,CA,46,Regional Universities West,64,,,,44,75,10,1944,1615
frostburg-state-university-2072,Frostburg,MD,98,Regional Universities North,89,970,1170,,35,69,13,1898,2619
furman-university-3434,Greenville,SC,45,National Liberal Arts Colleges,43,1268,1440,,73,90,10,1826,2383
gannon-university-3266,Erie,PA,257,National Universities,74,1050,1290,,53,78,11,1925,2768
gallaudet-university-1443,Washington,DC,198,National Universities,58,780,1022,,20,75,6,1864,875
gardnerwebb-university-2929,Boiling Springs,NC,384,National Universities,77,,,19,6,65,11,1905,1840
geneva-college-3267,Beaver Falls,PA,112,Regional Universities North,80,1000,1250,,56,77,15,1848,1264
george-fox-university-3194,Newberg,OR,283,National Universities,94,1070,1340,,66,80,17,1891,3358
george-washington-university-1444,Washington,DC,59,National Universities,47,1350,1500,,76,91,13,1821,11677
george-mason-university-3749,Fairfax,VA,117,National Universities,87,1160,1360,,46,86,16,1972,28331
georgetown-university-1445,Washington,DC,24,National Universities,13,1390,1550,,87,97,11,1789,7833
georgia-college--state-university-1602,Milledgeville,GA,12,Regional Universities South,78,1070,1230,,54,81,17,1889,6006
georgia-southwestern-state-university-1573,Americus,GA,96,Regional Universities South,75,890,1110,,25,59,17,1906,3028
georgia-southern-university-1572,Statesboro,GA,343,National Universities,88,970,1150,,36,75,25,1906,23618
georgia-state-university-1574,Atlanta,GA,198,National Universities,55,940,1200,,33,78,25,1913,27438
georgian-court-2608,Lakewood,NJ,110,Regional Universities North,79,,,,39,74,12,1908,1491
glenville-state-university-3813,Glenville,WV,59,Regional Colleges South,,,,,28,65,15,1872,1583
gettysburg-college-3268,Gettysburg,PA,58,National Liberal Arts Colleges,39,1270,1460,,75,90,10,1832,2098
goldeybeacom-college-1429,Wilmington,DE,128,Regional Universities North,85,,,,49,76,18,1886,697
gonzaga-university-3778,Spokane,WA,102,National Universities,82,1190,1380,,74,93,12,1887,5281
goucher-college-2073,Baltimore,MD,126,National Liberal Arts Colleges,78,,,27,46,78,9,1885,981
gordon-college-2153,Wenham,MA,156,National Liberal Arts Colleges,86,1130,1355,,52,83,10,1889,1314
grand-canyon-university-1074,Phoenix,AZ,395-434,National Universities,79,,,20,37,70,21,1949,70929
grace-christian-university-2265,Grand Rapids,MI,53,Regional Colleges Midwest,99,,,,23,69,15,1939,891
greensboro-college-2930,Greensboro,NC,99,Regional Universities South,70,,,,40,64,12,1838,899
grand-valley-state-university-2268,Allendale,MI,242,National Universities,83,940,1190,,45,79,15,1960,19002
greenville-university-1684,Greenville,IL,105,Regional Universities Midwest,97,,,16,46,72,12,1892,905
grinnell-college-1868,Grinnell,IA,13,National Liberal Arts Colleges,10,1410,1540,,75,93,9,1846,1788
grambling-state-university-2006,Grambling,LA,103,Regional Universities South,45,,,15,9,72,25,1901,4279
grove-city-college-3269,Grove City,PA,5,Regional Colleges North,69,1150,1350,,78,88,13,1876,2341
gustavus-college-2353,St. Peter,MN,70,National Liberal Arts Colleges,61,,,24,63,85,11,1862,1952
hamilton-college-2728,Clinton,NY,13,National Liberal Arts Colleges,14,1450,1550,,80,95,9,1812,2037
guilford-college-2931,Greensboro,NC,172,National Liberal Arts Colleges,80,,,18,37,63,12,1837,1160
gwynedd-mercy-university-3270,Gwynedd Valley,PA,273,National Universities,90,1023,1186,,46,78,12,1948,1301
hamline-university-2354,St. Paul,MN,22,Regional Universities Midwest,88,1133,1391,,48,74,13,1854,1806
harding-university-10311,Searcy,AR,301,National Universities,71,1050,1290,,55,85,16,1924,3535
hampden-sydney-3713,Hampden-Sydney,VA,107,National Liberal Arts Colleges,41,1030,1250,,55,85,9,1775,946
hanover-college-1801,Hanover,IN,115,National Liberal Arts Colleges,72,1110,1280,,63,81,12,1827,1035
hardinsimmons-university-3571,Abilene,TX,395-434,National Universities,87,1010,1190,,37,64,15,1891,1291
hartwick-college-2729,Oneonta,NY,151,National Liberal Arts Colleges,69,1070,1290,,42,69,9,1797,1097
harvard-university-2155,Cambridge,MA,3,National Universities,4,1510,1580,,56,98,7,1636,7038
harvey-mudd-college-1171,Claremont,CA,10,National Liberal Arts Colleges,13,1500,1570,,81,97,8,1955,921
hampton-university-3714,Hampton,VA,273,National Universities,62,846,1125,,44,82,15,1868,3728
haverford-college-3274,Haverford,PA,24,National Liberal Arts Colleges,12,1460,1550,,76,95,9,1833,1431
hawaii-pacific-university-7279,Honolulu,HI,86,Regional Universities West,86,,,19,26,59,15,1965,3533
heidelberg-university-3048,Tiffin,OH,71,Regional Universities Midwest,86,850,1210,,45,74,16,1850,969
hendrix-college-1099,Conway,AR,96,National Liberal Arts Colleges,47,1122,1348,,63,79,11,1876,1100
high-point-university-2933,High Point,NC,1,Regional Colleges South,75,1110,1320,,67,84,18,1924,5135
hilbert-college-2735,Hamburg,NY,31,Regional Colleges North,97,,,,42,64,15,,939
hiram-college-3049,Hiram,OH,10,Regional Colleges Midwest,92,,,,49,69,11,1850,1026
hobart-and-william-smith-colleges-2731,Geneva,NY,73,National Liberal Arts Colleges,64,1190,1380,,70,88,11,1822,1794
hofstra-university-2732,Hempstead,NY,183,National Universities,68,1230,1400,,61,83,13,1935,6581
holy-family-university-3275,Philadelphia,PA,98,Regional Universities North,71,910,1150,,42,80,14,1954,2650
hollins-university-3715,Roanoke,VA,135,National Liberal Arts Colleges,68,1106,1358,,57,73,8,1842,665
hood-college-2076,Frederick,MD,55,Regional Universities North,78,,,,44,73,10,1893,1198
hope-college-2273,Holland,MI,84,National Liberal Arts Colleges,79,1100,1340,,71,89,11,1866,3391
houghton-university-2734,Houghton,NY,146,National Liberal Arts Colleges,89,1170,1375,,55,79,12,1883,939
houston-christian-university-3576,Houston,TX,61,Regional Universities West,81,990,1190,,38,69,16,1960,2899
husson-university-2043,Bangor,ME,329,National Universities,83,,,,44,77,15,1898,2762
howard-payne-university-3575,Brownwood,TX,21,Regional Colleges West,67,880,1160,,25,53,10,1889,751
huntingdon-college-1019,Montgomery,AL,8,Regional Colleges South,68,,,20,48,68,15,1854,880
idaho-state-university-1620,Pocatello,ID,395-434,National Universities,,,,,24,71,13,,10406
illinois-college-1688,Jacksonville,IL,111,National Liberal Arts Colleges,78,880,1180,,57,73,12,1829,937
illinois-institute-of-technology-1691,Chicago,IL,117,National Universities,55,1180,1400,,46,86,17,1890,3135
howard-university-1448,Washington,DC,88,National Universities,41,1130,1330,,60,90,13,1867,11519
immaculata-university-3276,Immaculata,PA,301,National Universities,86,1156,1323,,55,82,11,1920,1652
indiana-state-university-9563,Terre Haute,IN,363,National Universities,92,880,1110,,33,65,16,1865,6224
illinois-wesleyan-university-1696,Bloomington,IL,2,Regional Colleges Midwest,39,1120,1340,,66,83,12,1850,1582
iowa-state-university-1869,Ames,IA,117,National Universities,89,1120,1360,,57,88,18,1858,25628
ithaca-college-2739,Ithaca,NY,13,Regional Universities North,69,1230,1390,,66,84,11,1892,4268
iona-university-2737,New Rochelle,NY,61,Regional Universities North,87,1110,1300,,50,77,16,1940,3382
indiana-university-bloomington-1809,Bloomington,IN,73,National Universities,78,1170,1400,,69,91,18,1820,38093
illinois-state-university-1692,Normal,IL,222,National Universities,88,990,1210,,49,81,20,1857,19107
iup-3277,Indiana,PA,329,National Universities,91,970,1180,,39,72,17,1875,7353
jackson-state-university-2410,Jackson,MS,363,National Universities,93,820,1100,,19,71,12,1877,4650
jacksonville-state-university-1020,Jacksonville,AL,52,Regional Universities South,78,,,17,36,66,19,1883,8663
iupui-1813,Indianapolis,IN,192,National Universities,76,1030,1240,,39,71,13,1969,14504
jacksonville-university-1495,Jacksonville,FL,37,Regional Universities South,57,1100,1280,,40,71,12,1934,2946
james-madison-university-3721,Harrisonburg,VA,151,National Universities,72,1170,1340,,66,91,17,1908,21112
jamestown-college-2990,Jamestown,ND,124,Regional Universities Midwest,88,,,,37,68,13,1883,1049
jessup-university-1281,Rocklin,CA,77,Regional Universities West,67,1041,1228,,44,69,14,1939,1317
jhu-2077,Baltimore,MD,7,National Universities,6,1520,1570,,87,97,6,1876,6356
john-carroll-university-3050,University Heights,OH,2,Regional Universities Midwest,81,1180,1330,,72,85,13,1886,2339
johnson--wales-university-charlotte-108847,Charlotte,NC,33,Regional Colleges South,80,880,1130,,26,66,14,,1184
johnson--wales-university-providence-3404,Providence,RI,84,Regional Universities North,88,890,1160,,39,76,14,1914,3908
juniata-college-3279,Huntingdon,PA,92,National Liberal Arts Colleges,79,1070,1300,,70,81,11,1876,1242
kalamazoo-college-2275,Kalamazoo,MI,67,National Liberal Arts Colleges,75,1175,1380,,68,85,10,1833,1166
kansas-state-university-1928,Manhattan,KS,158,National Universities,82,1060,1260,,49,86,19,1863,15650
kean-university-2622,Union,NJ,318,National Universities,76,930,1150,,25,74,17,1855,11758
keene-state-college-2590,Keene,NH,9,Regional Colleges North,90,910,1130,,51,77,17,1909,2744
kentucky-wesleyan-college-1969,Owensboro,KY,21,Regional Colleges South,66,,,16,38,58,15,1858,862
kent-state-university-3051,Kent,OH,232,National Universities,86,1100,1280,,49,80,20,1910,20841
kennesaw-state-university-1577,Kennesaw,GA,373,National Universities,69,1000,1220,,24,76,23,1963,42840
kenyon-college-3065,Gambier,OH,45,National Liberal Arts Colleges,31,1358,1503,,67,91,9,1824,2249
keuka-college-2744,Keuka Park,NY,128,Regional Universities North,68,,,,52,68,10,1890,966
keystone-college-3280,La Plume,PA,51-56,Regional Colleges North,85,940,1030,,28,62,12,1868,894
kings-college-pennsylvania-3282,Wilkes-Barre,PA,112,Regional Universities North,93,1070,1270,,53,75,11,1946,1568
king-university-3496,Bristol,TN,76,Regional Universities South,100,,,,42,66,12,1867,1076
knox-college-1704,Galesburg,IL,76,National Liberal Arts Colleges,71,1180,1440,,50,82,11,1837,1136
kutztown-university-3322,Kutztown,PA,112,Regional Universities North,91,,,22,41,78,18,1866,6306
la-salle-university-3287,Philadelphia,PA,257,National Universities,97,940,1320,,57,70,11,1863,2077
lafayette-college-3284,Easton,PA,30,National Liberal Arts Colleges,31,1350,1500,,80,91,10,1826,2775
la-roche-university-3987,Pittsburgh,PA,116,Regional Universities North,81,940,1200,,46,70,8,1963,1828
lake-erie-college-3066,Painesville,OH,145-160,Regional Universities Midwest,70,,,,32,65,12,1856,744
lakeland-university-3854,Plymouth,WI,112,Regional Universities Midwest,86,,,,50,67,13,1862,2318
lamar-university-3581,Beaumont,TX,395-434,National Universities,86,930,1140,,18,60,28,1923,8218
lagrange-college-1578,LaGrange,GA,9,Regional Colleges South,62,,,,37,62,13,1831,651
lake-forest-college-1706,Lake Forest,IL,75,National Liberal Arts Colleges,57,1190,1393,,70,87,13,1857,1814
lancaster-bible-college-3285,Lancaster,PA,146,Regional Universities North,56,,,,65,79,18,1933,1778
lander-university-3435,Greenwood,SC,12,Regional Colleges South,81,950,1178,,36,68,19,1872,3780
lasell-university-2158,Newton,MA,116,Regional Universities North,93,1048,1218,,54,73,13,1851,1293
lawrence-university-3856,Appleton,WI,65,National Liberal Arts Colleges,64,1200,1420,,58,88,7,1847,1417
le-moyne-college-2748,SYRACUSE,NY,13,Regional Universities North,74,1160,1330,,65,84,12,1946,2529
lebanon-valley-college-3288,Annville,PA,76,Regional Universities North,84,1140,1303,,58,82,9,1866,1720
lees-mcrae-college-2939,Banner Elk,NC,12,Regional Colleges South,77,,,,37,69,11,1900,873
lehman-college-7022,Bronx,NY,33,Regional Universities North,57,850,1220,,53,73,17,1968,12644
lee-university-3500,Cleveland,TN,31,Regional Universities South,71,1040,1230,,51,81,13,1918,3271
lehigh-university-3289,Bethlehem,PA,46,National Universities,26,1370,1500,,80,93,10,1865,5911
lenoir-rhyne-university-2941,Hickory,NC,45,Regional Universities South,85,,,,35,70,14,1891,1472
lesley-university-2160,Cambridge,MA,301,National Universities,97,,,,44,75,10,1909,1342
letourneau-university-3584,Longview,TX,36,Regional Universities West,38,990,1330,,49,79,13,1946,3184
lewis--clark-college-3197,Portland,OR,96,National Liberal Arts Colleges,78,,,,63,85,12,1867,2139
lewis-university-1707,Romeoville,IL,29,Regional Universities Midwest,71,960,1210,,42,80,13,1932,4326
liberty-university-10392,Lynchburg,VA,395-434,National Universities,99,1060,1340,,55,79,18,1971,52961
lindenwood-university-2480,Saint Charles,MO,124,Regional Universities Midwest,57,,,22,38,74,14,1832,4663
lincoln-memorial-university-3502,Harrogate,TN,343,National Universities,63,,,18,39,72,9,1897,1605
lincoln-university-2479,Jefferson City,MO,51,Regional Colleges Midwest,,,,,10,50,13,1866,1707
lincoln-university-3290,Lincoln University,PA,116,Regional Universities North,66,820,960,,30,74,12,1854,1545
long-island-university-667002,Brookville,NY,373,National Universities,86,,,21,44,79,13,1926,11753
loras-college-1873,Dubuque,IA,8,Regional Colleges Midwest,100,,,,44,80,12,1839,1169
lipscomb-3486,Nashville,TN,222,National Universities,68,1160,1380,,63,85,13,1891,3006
longwood-university-3719,Farmville,VA,16,Regional Universities South,90,1030,1210,,47,77,14,1839,3314
linfield-university-3198,McMinnville,OR,111,National Liberal Arts Colleges,85,,,,55,80,12,1858,1641
louisiana-state-university-and-agricultural--mechanical-college-2010,Baton Rouge,LA,169,National Universities,73,1180,1340,,50,84,21,1860,34242
louisiana-tech-university-2008,Ruston,LA,318,National Universities,91,1100,1310,,44,82,22,1894,11058
loyola-university-maryland-2078,Baltimore,MD,7,Regional Universities North,75,1200,1370,,73,87,12,1852,3881
loyola-university-chicago-1710,Chicago,IL,132,National Universities,82,1170,1360,,67,84,13,1870,12538
loyola-marymount-university-11649,Los Angeles,CA,102,National Universities,45,1260,1430,,68,89,10,1911,7273
lubbock-christian-university-3586,Lubbock,TX,77,Regional Universities West,73,,,19,30,72,12,1957,1320
luther-college-1874,Decorah,IA,111,National Liberal Arts Colleges,84,1078,1406,,62,80,9,1861,1384
lynn-university-1505,Boca Raton,FL,57,Regional Universities South,73,1038,1200,,44,75,16,1962,2861
lyon-college-1088,Batesville,AR,167,National Liberal Arts Colleges,63,,,,39,65,11,1872,664
lycoming-college-3293,Williamsport,PA,96,National Liberal Arts Colleges,74,1080,1298,,52,76,10,1812,1019
macalester-college-2358,St. Paul,MN,28,National Liberal Arts Colleges,29,1390,1520,,74,94,10,1874,2138
malone-university-3072,Canton,OH,101,Regional Universities Midwest,76,,,18,41,72,12,1892,987
manchester-university-1820,North Manchester,IN,84,Regional Universities Midwest,71,,,,37,66,13,1889,915
manhattan-university-2758,Riverdale,NY,28,Regional Universities North,79,1180,1358,,50,76,15,1853,2746
maine-maritime-academy-2044,Castine,ME,7,Regional Colleges North,56,1095,1260,,39,83,10,1941,945
manhattanville-university-2760,Purchase,NY,84,Regional Universities North,87,,,,51,75,10,1841,1466
maranatha-baptist-university-23172,Watertown,WI,120,Regional Universities Midwest,72,930,1230,,50,79,10,1968,735
marian-university-3861,Fond du Lac,WI,110,Regional Universities Midwest,75,,,,30,64,12,1936,1074
marist-university-2765,Poughkeepsie,NY,9,Regional Universities North,57,1190,1340,,70,87,15,1929,5551
marietta-college-3073,Marietta,OH,15,Regional Colleges Midwest,79,1040,1200,,62,68,10,1835,1023
martin-luther-college-2361,New Ulm,MN,,,87,,,,46,,,1995,743
mars-hill-college-2944,Mars Hill,NC,27,Regional Colleges South,68,,,,35,66,10,1856,1002
mary-baldwin-university-3723,Staunton,VA,384,National Universities,80,,,,27,63,15,1842,1125
marshall-university-3815,Huntington,WV,318,National Universities,96,910,1150,,32,74,16,1837,9146
marquette-university-3863,Milwaukee,WI,88,National Universities,81,1200,1360,,69,90,14,1881,8045
marymount-university-3724,Arlington,VA,273,National Universities,93,,,,42,76,11,1950,2503
marywood-university-3296,Scranton,PA,61,Regional Universities North,61,1070,1250,,49,82,12,1915,1834
maryville-college-3505,Maryville,TN,170,National Liberal Arts Colleges,61,,,,39,69,12,1819,1132
massachusetts-institute-of-technology-2178,Cambridge,MA,2,National Universities,5,1520,1580,,83,99,3,1861,4535
maryville-saint-louis-2482,St Louis,MO,283,National Universities,95,,,,55,83,,1872,5692
massachusetts-maritime-academy-2181,Buzzards Bay,MA,11,Regional Universities North,72,,,,,82,13,1891,1407
mcla-2187,North Adams,MA,115,National Liberal Arts Colleges,90,,,,46,68,8,1894,794
mckendree-university-1722,Lebanon,IL,101,Regional Universities Midwest,74,830,1270,,42,71,17,1828,1757
mcdaniel-college-2109,Westminster,MD,72,Regional Universities North,78,,,,56,76,13,1867,1631
mcmurry-university-3591,Abilene,TX,15,Regional Colleges West,57,950,1160,,32,65,16,1923,3167
mcneese-state-university-2017,Lake Charles,LA,81,Regional Universities South,78,940,1198,,27,69,20,1939,5720
medgar-evers-college-cuny-10097,Brooklyn,NY,176,National Liberal Arts Colleges,86,,,,10,45,14,1970,3233
menlo-college-1236,Atherton,CA,,,68,,,,31,,,1927,831
mercer-university-1580,Macon,GA,169,National Universities,69,1160,1350,,61,84,11,1833,4690
mercy-university-2772,Dobbs Ferry,NY,116,Regional Universities North,86,,,,32,74,16,1950,6775
mercyhurst-college-3297,Erie,PA,66,Regional Universities North,81,1080,1280,,59,79,14,1926,2274
meredith-college-2945,Raleigh,NC,115,National Liberal Arts Colleges,74,1098,1348,,58,80,9,1891,1206
merrimack-college-2120,North Andover,MA,38,Regional Universities North,70,1070,1240,,63,82,13,1947,4102
methodist-university-2946,Fayetteville,NC,90,Regional Universities South,75,1080,1250,,29,64,11,1956,1467
messiah-university-3298,Mechanicsburg,PA,45,Regional Universities North,79,1110,1350,,70,86,12,1909,2618
middle-georgia-state-university-7728,Macon,GA,112,Regional Universities South,100,950,1190,,12,61,18,2013,7737
metropolitan-state-university-of-denver-1360,Denver,CO,86,Regional Universities West,99,,,17,13,65,14,1963,16430
miami-university-7104,Oxford,OH,143,National Universities,75,1220,1390,,70,90,16,1809,16816
michigan-state-2290,East Lansing,MI,64,National Universities,85,1180,1360,,63,91,17,1855,41234
michigan-tech-2292,Houghton,MI,158,National Universities,84,1130,1350,,39,87,13,1885,6022
middle-tennessee-state-university-3510,Murfreesboro,TN,257,National Universities,69,1010,1230,,36,77,17,1911,18042
middlebury-college-3691,Middlebury,VT,13,National Liberal Arts Colleges,11,1445,1550,,66,94,9,1800,2760
midwestern-state-3592,Wichita Falls,TX,77,Regional Universities West,93,930,1140,,25,65,17,1922,4303
millikin-university-1724,Decatur,IL,15,Regional Colleges Midwest,67,860,1130,,47,72,10,1901,1496
millersville-university-of-pennsylvania-3325,Millersville,PA,98,Regional Universities North,86,1020,1210,,39,77,17,1855,5823
millsaps-college-2414,Jackson,MS,146,National Liberal Arts Colleges,43,1025,1150,,57,72,8,1890,549
minnesota-state-university-moorhead-2367,Moorhead,MN,49,Regional Universities Midwest,59,,,18,36,71,17,1887,3413
minot-state-2994,Minot,ND,112,Regional Universities Midwest,65,930,1140,,29,71,12,1913,2499
minnesota-state-university-mankato-2360,Mankato,MN,54,Regional Universities Midwest,88,,,18,31,78,22,1868,13395
milwaukee-school-of-engineering-3868,Milwaukee,WI,2,Regional Universities Midwest,62,1160,1360,,47,82,12,1903,2704
misericordia-university-3247,Dallas,PA,273,National Universities,71,928,1228,,63,81,11,1924,1721
mississippi-college-2415,Clinton,MS,358,National Universities,29,,,19,54,78,14,1826,2706
mississippi-women-2422,Columbus,MS,33,Regional Universities South,90,,,17,33,72,10,1884,1962
missouri-southern-state-university-2488,Joplin,MO,138,Regional Universities Midwest,97,1150,1420,,25,64,15,1937,3881
mississippi-state-university-2423,Mississippi State,MS,208,National Universities,78,1100,1350,,46,82,16,1878,18567
mitchell-college-1393,New London,CT,34,Regional Colleges North,95,,,,39,62,14,,500
molloy-university-2775,Rockville Centre,NY,66,Regional Universities North,82,1088,1290,,47,84,12,1955,3240
missouri-western-state-university-2490,St Joseph,MO,133,Regional Universities Midwest,100,,,16,23,59,16,1915,3494
missouri-university-of-science-and-technology-2517,Rolla,MO,192,National Universities,73,1190,1420,,48,86,17,1870,5552
missouri-state-university-2503,Springfield,MO,358,National Universities,91,,,19,42,77,21,1906,19259
monmouth-university-2616,West Long Branch,NJ,13,Regional Universities North,89,1140,1310,,65,81,11,1933,3710
montclair-state-university-2617,Montclair,NJ,158,National Universities,88,910,1210,,46,80,18,1908,18712
monroe-university-4799,Bronx,NY,76,Regional Universities North,68,,,,56,70,17,1933,6206
montana-state-billings-2530,Billings,MT,95,Regional Universities West,100,,,17,17,57,14,1927,3881
monmouth-college-1725,Monmouth,IL,154,National Liberal Arts Colleges,91,1000,1210,,65,74,10,1853,714
moravian-university-3301,Bethlehem,PA,38,Regional Universities North,54,1070,1285,,67,79,10,1742,1992
mount-aloysius-college-3302,Cresson,PA,28,Regional Colleges North,82,,,,,71,7,1853,2942
mount-holyoke-college-2192,South Hadley,MA,29,National Liberal Arts Colleges,36,1380,1530,,84,90,9,1837,2178
mount-st-joseph-university-3033,Cincinnati,OH,343,National Universities,59,930,1140,,46,72,,1920,1545
morehead-state-university-1976,Morehead,KY,27,Regional Universities South,77,1003,1238,,40,68,16,1887,8258
mount-st-mary-college-2778,Newburgh,NY,72,Regional Universities North,89,,,19,48,75,,1959,2141
mount-st-marys-university-2086,Emmitsburg,MD,72,Regional Universities North,74,1046,1280,,62,72,,1808,1833
murray-state-university-1977,Murray,KY,14,Regional Universities South,86,960,1190,,49,76,17,1922,8281
muhlenberg-college-3304,Allentown,PA,70,National Liberal Arts Colleges,72,1250,1410,,67,91,9,1848,1737
muskingum-university-3084,New Concord,OH,46,Regional Universities Midwest,82,910,1105,,40,70,13,1837,1523
nazareth-university-2779,Rochester,NY,50,Regional Universities North,75,1075,1325,,63,82,8,1924,1882
nebraska-wesleyan-university-2555,Lincoln,NE,39,Regional Universities Midwest,80,1020,1290,,58,75,12,1887,1463
neumann-university-3988,Aston,PA,128,Regional Universities North,81,848,1100,,53,71,13,1965,1658
new-england-college-2579,Henniker,NH,150-164,Regional Universities North,92,,,,29,61,12,1946,1032
new-jersey-city-university-2613,Jersey City,NJ,146,Regional Universities North,98,,,,20,70,14,1927,3871
niagara-university-2788,Niagara University,NY,28,Regional Universities North,87,1060,1235,,67,80,10,1856,2692
new-mexico-highlands-university-2653,Las Vegas,NM,97,Regional Universities West,,,,,16,57,10,1893,1710
new-mexico-state-university-2657,Las Cruces,NM,222,National Universities,89,870,1110,,34,73,15,1888,12507
newman-university-1939,Wichita,KS,118,Regional Universities Midwest,74,,,,38,70,13,1933,2398
newberry-college-3440,Newberry,SC,16,Regional Colleges South,75,905,1145,,34,71,15,1856,1481
nicholls-state-university-2005,Thibodaux,LA,64,Regional Universities South,87,940,1180,,30,74,17,1948,5539
north-carolina-wesleyan-university-2951,Rocky Mount,NC,33,Regional Colleges South,80,,,,29,64,12,1956,1262
nichols-college-2197,Dudley,MA,121,Regional Universities North,81,,,,61,73,16,1815,1163
north-carolina-state-raleigh-2972,Raleigh,NC,64,National Universities,42,1300,1470,,68,94,15,1887,28422
njit-2621,Newark,NJ,80,National Universities,65,1240,1480,,51,90,16,1881,10200
north-central-college-1734,Naperville,IL,20,Regional Universities Midwest,77,1055,1310,,55,78,12,1861,2454
north-park-university-1735,Chicago,IL,54,Regional Universities Midwest,69,,,,44,68,12,1891,1841
north-greenville-university-3441,Tigerville,SC,42,Regional Universities South,67,1060,1240,,47,70,13,1892,2020
north-central-university-2369,Minneapolis,MN,19,Regional Colleges Midwest,45,,,,62,78,11,1930,759
north-dakota-state-9265,Fargo,ND,232,National Universities,95,1090,1360,,46,77,17,1890,9762
northeastern-state-university-3161,Tahlequah,OK,69,Regional Universities West,99,,,17,22,62,14,1846,5085
northeastern-university-2199,Boston,MA,46,National Universities,5,1440,1540,,,97,16,1898,17432
northern-kentucky-university-9275,Highland Heights,KY,384,National Universities,83,953,1150,,36,75,17,1968,10163
northern-illinois-university-1737,DeKalb,IL,301,National Universities,70,,,,29,68,15,1895,11349
northern-arizona-university-1082,Flagstaff,AZ,242,National Universities,90,1010,1290,,48,75,19,1899,22991
northern-michigan-university-2301,Marquette,MI,49,Regional Universities Midwest,84,,,,35,75,18,1899,6684
northwest-missouri-2496,Maryville,MO,84,Regional Universities Midwest,86,973,1295,,42,76,18,1905,5241
northwest-nazarene-university-1624,Nampa,ID,56,Regional Universities West,72,,,22,54,76,14,1913,1043
northwestern-college-2371,St. Paul,MN,36,Regional Universities Midwest,93,868,1271,,59,82,,1902,3163
northern-state-university-3466,Aberdeen,SD,61,Regional Universities Midwest,93,980,1160,,28,74,18,1901,3169
northwestern-oklahoma-state-3163,Alva,OK,81,Regional Universities West,65,802,1036,,28,62,15,1897,1787
northwestern-state-university-of-louisiana-2021,Natchitoches,LA,59,Regional Universities South,92,866,1118,,30,66,14,1884,7595
northwestern-university-1739,Evanston,IL,7,National Universities,8,1510,1570,,83,98,6,1851,9060
norwich-university-3692,Northfield,VT,84,Regional Universities North,89,990,1200,,52,75,11,1819,2635
northwood-university-8759,Midland,MI,,,74,963,1150,,50,,,1959,1098
notre-dame-of-maryland-university-2065,Baltimore,MD,50,Regional Universities North,82,1033,1210,,43,72,10,1895,709
oakland-university-2307,Rochester,MI,318,National Universities,88,900,1170,,35,75,17,1957,12587
nyu-2785,New York,NY,32,National Universities,9,1480,1560,,74,95,8,1831,29060
nova-southeastern-university-1509,Fort Lauderdale,FL,257,National Universities,73,1030,1300,,55,77,16,1964,7311
oberlin-college-3086,Oberlin,OH,58,National Liberal Arts Colleges,34,1360,1520,,60,90,9,1833,2896
ohio-dominican-university-3035,Columbus,OH,112,Regional Universities Midwest,94,,,,33,60,12,1911,843
oglethorpe-university-1586,Atlanta,GA,156,National Liberal Arts Colleges,89,1040,1295,,43,76,13,1835,1361
ohio-northern-university-3089,Ada,OH,1,Regional Colleges Midwest,74,1170,1400,,59,85,13,1871,2706
ohio-state-6883,Columbus,OH,41,National Universities,61,1310,1480,,72,94,14,1870,46815
occidental-college-1249,Los Angeles,CA,35,National Liberal Arts Colleges,44,1380,1520,,68,90,9,1887,1881
ohio-university-3100,Athens,OH,198,National Universities,85,1090,1290,,50,82,18,1804,19888
ohio-wesleyan-university-3109,Delaware,OH,121,National Liberal Arts Colleges,56,,,,51,83,12,1842,1525
oklahoma-baptist-university-3164,Shawnee,OK,43,Regional Universities West,49,1070,1240,,43,70,16,1910,1427
oklahoma-christian-3165,Oklahoma City,OK,65,Regional Universities West,97,1010,1270,,44,76,19,1950,2061
oklahoma-state-3170,Stillwater,OK,198,National Universities,75,,,20,53,84,19,1890,22351
old-dominion-3728,Norfolk,VA,293,National Universities,90,1100,1280,,26,75,13,1930,17746
oral-roberts-university-3985,Tulsa,OK,72,Regional Universities West,99,1050,1270,,49,82,17,1963,5017
otterbein-university-3110,Westerville,OH,12,Regional Universities Midwest,85,930,1220,,57,80,12,1847,2211
oregon-state-3210,Corvallis,OR,143,National Universities,77,1140,1400,,47,87,17,1868,31253
ouachita-baptist-university-1102,Arkadelphia,AR,151,National Liberal Arts Colleges,68,1070,1280,,58,82,13,1886,1729
pace-university-2791,New York,NY,273,National Universities,76,1180,1340,,46,75,15,1906,8038
pacific-lutheran-university-3785,Tacoma,WA,28,Regional Universities West,78,1040,1260,,41,80,13,1890,2446
pacific-university-3212,Forest Grove,OR,232,National Universities,90,,,18,55,78,10,1849,1589
olivet-2308,Olivet,MI,44,Regional Colleges Midwest,83,,,,28,59,14,1844,938
palm-beach-atlantic-university-8849,West Palm Beach,FL,384,National Universities,82,950,1220,,46,71,13,1968,3312
penn-college-3395,Williamsport,PA,4,Regional Colleges North,76,,,,42,78,12,1914,4526
pennsylvania-state-university---behrend-3333,Erie,PA,133,Regional Universities North,97,1120,1310,,32,82,13,1948,3276
pennsylvania-state-university-abington-3342,Abington,PA,24,Regional Colleges North,97,1070,1265,,38,77,14,,2884
penn-state-6965,University Park,PA,59,National Universities,61,1240,1420,,72,92,16,1855,42619
pennsylvania-state-university-altoona-253849,,PA,41,Regional Colleges North,98,,,22,14,77,12,,2421
pennsylvania-state-university-harrisburg-6814,Middletown,PA,150-164,Regional Universities North,98,1120,1310,,18,81,15,1966,4047
pennsylvania-state-university-berks-861542,,PA,51-56,Regional Colleges North,99,,,18,16,77,13,,1940
pennsylvania-western-university-664059,California,PA,136,Regional Universities North,94,940,1140,,38,71,18,1852,7586
pepperdine-university-1264,Malibu,CA,84,National Universities,63,1290,1450,,75,89,12,1937,3553
pfeiffer-university-2955,Misenheimer,NC,82,Regional Universities South,96,,,,34,66,14,1885,654
plymouth-state-university-2591,Plymouth,NH,140,Regional Universities North,88,,,,49,68,15,1871,3182
piedmont-university-1588,Demorest,GA,62,Regional Universities South,93,1038,1245,,37,73,12,1897,1159
philadelphia-biblical-3351,Langhorne,PA,140,Regional Universities North,88,,,,31,79,11,1913,855
pitzer-college-1172,Claremont,CA,37,National Liberal Arts Colleges,25,,,,58,93,10,1963,1242
point-loma-nazarene-university-1262,San Diego,CA,16,Regional Universities West,84,1175,1365,,68,85,13,1902,3246
portland-state-3216,Portland,OR,222,National Universities,91,950,1270,,34,75,17,1946,15414
point-park-university-3357,Pittsburgh,PA,318,National Universities,97,,,,52,73,12,1960,2337
pomona-college-1173,Claremont,CA,7,National Liberal Arts Colleges,7,1490,1560,,61,97,7,1887,1766
prairie-view-am-university-3630,Prairie View,TX,343,National Universities,78,,,16,20,74,16,1876,8836
presbyterian-college-3445,Clinton,SC,163,National Liberal Arts Colleges,68,980,1200,,43,75,11,1880,853
princeton-university-2627,Princeton,NJ,1,National Universities,5,1510,1580,,75,97,5,1746,5813
pratt-institute-2798,Brooklyn,NY,,,73,1150,1390,,46,,,1887,3967
post-university-1401,Waterbury,CT,150-164,Regional Universities North,92,,,,22,36,23,1890,14120
principia-college-1744,Elsah,IL,63,National Liberal Arts Colleges,43,1060,1250,,55,80,6,1910,339
providence-college-3406,Providence,RI,2,Regional Universities North,51,1250,1390,,83,92,11,1917,4556
purdue-university-northwest-666998,Hammond,IN,101,Regional Universities Midwest,72,890,1140,,26,65,17,2016,5698
purdue-university-west-lafayette-1825,West Lafayette,IN,46,National Universities,50,1200,1480,,65,92,15,1869,44819
queens-college-2690,Queens,NY,38,Regional Universities North,64,1010,1290,,33,79,13,1937,13464
queens-university-charlotte-2957,Charlotte,NC,16,Regional Universities South,59,1140,1340,,53,73,7,1857,1225
quincy-university-1745,Quincy,IL,35,Regional Colleges Midwest,51,1000,1200,,35,68,12,1860,1072
quinnipiac-university-1402,Hamden,CT,179,National Universities,72,1150,1320,,71,88,12,1929,6557
randolph-college-3734,Lynchburg,VA,156,National Liberal Arts Colleges,94,,,19,39,69,7,1891,541
radford-university-3732,Radford,VA,329,National Universities,90,940,1160,,34,71,14,1910,6161
randolph-macon-college-3733,Ashland,VA,96,National Liberal Arts Colleges,87,980,1220,,63,82,11,1830,1643
ramapo-college-of-new-jersey-9344,Mahwah,NJ,21,Regional Universities North,71,1120,1300,,57,86,17,1969,5444
purdue-university-fort-wayne-1812,Fort Wayne,IN,112,Regional Universities Midwest,84,970,1230,,22,63,13,1964,6489
regis-university-1363,Denver,CO,273,National Universities,86,,,22,55,75,11,1877,2704
regent-university-30913,Virginia Beach,VA,373,National Universities,52,990,1250,,47,67,18,1978,5049
rhode-island-college-3407,Providence,RI,84,Regional Universities North,92,870,1120,,27,73,14,1854,5157
rice-3604,Houston,TX,17,National Universities,8,1510,1570,,87,98,6,1912,4789
rhodes-college-3519,Memphis,TN,55,National Liberal Arts Colleges,50,1330,1500,,73,92,9,1848,1793
roanoke-college-3736,Salem,VA,126,National Liberal Arts Colleges,83,1090,1300,,57,76,11,1842,1793
rivier-university-2586,Nashua,NH,139,Regional Universities North,83,,,,49,77,14,,1335
ripon-college-3884,Ripon,WI,143,National Liberal Arts Colleges,75,950,1170,,44,74,12,1851,696
rit-2806,Rochester,NY,88,National Universities,67,1300,1460,,49,88,13,1829,14267
roberts-wesleyan-university-2805,Rochester,NY,84,Regional Universities North,71,990,1305,,,79,10,1866,1393
rockford-university-1748,Rockford,IL,130,Regional Universities Midwest,93,820,1130,,35,66,9,1847,981
robert-morris-university-pennsylvania-3359,Moon Township,PA,208,National Universities,90,,,,52,82,14,1921,4316
rockhurst-university-2499,Kansas City,MO,6,Regional Universities Midwest,71,,,19,67,79,13,1910,2304
rollins-college-1515,Winter Park,FL,2,Regional Universities South,48,1190,1340,,69,85,12,1885,2640
roger-williams-university-4917,Bristol,RI,35,Regional Universities North,88,1140,1310,,68,80,14,1956,4038
rogers-state-university-3168,Claremore,OK,27,Regional Colleges West,67,730,990,,17,63,18,1909,3141
rosehulman-institute-of-technology-1830,Terre Haute,IN,,,77,1290,1500,,64,,,1874,2315
rpi-2803,Troy,NY,64,National Universities,63,1375,1510,,87,90,14,1824,5743
rowan-university-2609,Glassboro,NJ,169,National Universities,78,1110,1310,,50,83,17,1923,16199
rider-university-2628,Lawrenceville,NJ,45,Regional Universities North,79,1100,1320,,54,79,13,1865,3143
roosevelt-university-1749,Chicago,IL,395-434,National Universities,97,895,1175,,37,59,13,1945,2857
russell-sage-college-2810,Troy,NY,213,National Universities,53,1020,1250,,44,74,12,1916,1255
rutgers-university-camden-4741,Camden,NJ,97,National Universities,66,1050,1300,,47,80,12,1926,3857
rutgers-university-newark-2631,Newark,NJ,75,National Universities,71,,,,42,84,14,1908,7989
rutgers-new-brunswick-6964,Piscataway,NJ,42,National Universities,41,1310,1500,,69,93,16,1766,37985
sacred-heart-university-1403,Fairfield,CT,242,National Universities,65,1180,1340,,68,85,15,1963,7204
saginaw-valley-state-university-2314,University Center,MI,99,Regional Universities Midwest,72,850,1070,,19,74,16,1963,6152
saint-elizabeth-university-2600,Morristown,NJ,121,Regional Universities North,71,,,,34,74,11,1899,670
saint-francis-university-3366,Loretto,PA,55,Regional Universities North,80,1070,1220,,70,85,,1847,2573
saint-leo-university-1526,Saint Leo,FL,395-434,National Universities,78,,,,40,56,20,1889,7603
saint-josephs-university-3367,Philadelphia,PA,6,Regional Universities North,89,1170,1350,,75,88,11,1851,5044
saint-louis-university-2506,St. Louis,MO,102,National Universities,75,1200,1410,,72,88,9,1818,10436
saint-marys-college-1836,Notre Dame,IN,84,National Liberal Arts Colleges,76,1130,1325,,64,84,10,1844,1495
saint-marys-university-of-minnesota-2380,Winona,MN,283,National Universities,93,,,20,60,78,19,1912,1083
saint-michaels-college-3694,Colchester,VT,115,National Liberal Arts Colleges,85,1120,1280,,67,82,10,1904,1120
saint-peters-university-2638,Jersey City,NJ,38,Regional Universities North,90,868,1190,,48,75,12,1872,2263
saint-vincent-college-3368,Latrobe,PA,121,National Liberal Arts Colleges,62,1020,1230,,62,83,10,1846,1284
salem-college-2960,Winston-Salem,NC,143,National Liberal Arts Colleges,79,1066,1243,,50,68,9,1772,464
salem-state-2188,Salem,MA,94,Regional Universities North,96,970,1180,,36,75,12,1854,4867
salem-university-3820,Salem,WV,121-133,Regional Universities South,,,,,21,52,16,1889,695
salisbury-university-2091,Salisbury,MD,45,Regional Universities North,87,1180,1320,,51,79,14,1925,6288
salve-regina-university-3411,Newport,RI,24,Regional Universities North,68,1160,1330,,72,83,12,1934,2135
sam-houston-state-university-3606,Huntsville,TX,257,National Universities,90,930,1120,,36,74,21,1879,17787
samford-university-1036,Birmingham,AL,179,National Universities,82,1070,1250,,68,90,13,1841,4210
san-diego-state-university-1151,San Diego,CA,117,National Universities,36,,,,56,90,24,1897,34637
san-francisco-state-university-1154,San Francisco,CA,208,National Universities,90,,,,29,84,16,1899,19638
san-jose-state-university-1155,San Jose,CA,4,Regional Universities West,85,1070,1340,,37,87,26,1857,28008
savannah-college-of-art-and-design-29258,Savannah,GA,8,Regional Universities South,83,1040,1270,,52,84,21,1978,15623
sarah-lawrence-2813,Bronxville,NY,109,National Liberal Arts Colleges,62,,,28,59,84,10,1926,1521
schreiner-university-3610,Kerrville,TX,86,Regional Universities West,85,797,1022,,36,66,16,1923,1120
santa-clara-university-1326,Santa Clara,CA,59,National Universities,48,1350,1490,,81,94,11,1851,6577
scripps-college-1174,Claremont,CA,37,National Liberal Arts Colleges,38,1440,1540,,61,93,10,1926,1117
seattle-pacific-university-3788,Seattle,WA,242,National Universities,83,1090,1330,,47,77,11,1891,1776
seton-hill-university-pennsylvania-3362,Greensburg,PA,66,Regional Universities North,80,1020,1220,,57,81,12,1883,1501
seton-hall-university-new-jersey-2632,South Orange,NJ,158,National Universities,73,1220,1390,,64,83,14,1856,6146
seattle-university-3790,Seattle,WA,151,National Universities,77,1200,1430,,67,84,11,1891,4103
shaw-university-2962,Raleigh,NC,84,Regional Colleges South,80,,,,10,56,14,1865,877
shawnee-state-university-12748,Portsmouth,OH,112,Regional Universities Midwest,76,,,,35,70,12,1986,2997
shippensburg-university-of-pennsylvania-3326,Shippensburg,PA,84,Regional Universities North,87,1000,1210,,41,73,18,1871,4371
shenandoah-university-3737,Winchester,VA,301,National Universities,77,965,1207,,47,81,10,1875,2641
shepherd-university-3822,Shepherdstown,WV,82,Regional Universities South,97,,,19,33,69,16,1871,2906
shorter-university-1591,Rome,GA,121-133,Regional Universities South,96,1040,1200,,27,69,15,1873,1257
simmons-university-2208,Boston,MA,183,National Universities,70,1215,1380,,65,84,9,1899,1675
siena-university-2816,Loudonville,NY,16,Regional Universities North,78,1110,1360,,69,84,12,1937,3469
simpson-college-1887,Indianola,IA,5,Regional Colleges Midwest,86,,,31,50,76,13,1860,1235
skidmore-college-2814,Saratoga Springs,NY,37,National Liberal Arts Colleges,21,1340,1480,,75,89,8,1903,2704
slippery-rock-university-of-pennsylvania-3327,Slippery Rock,PA,55,Regional Universities North,71,980,1190,,51,82,21,1889,6853
south-carolina-state-university-3446,Orangeburg,SC,88,Regional Universities South,83,770,1080,,21,63,19,1896,2950
smith-college-2209,Northampton,MA,13,National Liberal Arts Colleges,21,1420,1540,,70,93,8,1871,2549
smu-3613,Dallas,TX,88,National Universities,63,1340,1490,,76,91,11,1911,7285
south-dakota-school-of-mines-3470,Rapid City,SD,20,Regional Universities Midwest,80,1140,1340,,25,80,13,1885,2219
south-dakota-state-university-3471,Brookings,SD,257,National Universities,98,1060,1240,,46,82,17,1881,10728
southeast-missouri-state-2501,Cape Girardeau,MO,68,Regional Universities Midwest,96,850,1030,,41,75,20,1873,7926
southeastern-louisiana-university-2024,Hammond,LA,74,Regional Universities South,94,1000,1275,,25,71,21,1925,13205
southern-connecticut-state-university-1406,New Haven,CT,64,Regional Universities North,91,830,1100,,31,75,11,1893,7252
southern-nazarene-university-3149,Bethany,OK,67,Regional Universities West,,,,,31,82,11,1899,1465
southern-new-hampshire-university-2580,Manchester,NH,150-164,Regional Universities North,84,,,,38,61,18,1932,2615
southern-university-and-am-college-9636,Baton Rouge,LA,395-434,National Universities,35,790,1020,,10,62,17,1880,6713
southern-illinois-university-edwardsville-1759,Edwardsville,IL,363,National Universities,97,950,1190,,37,73,15,1957,8945
southern-utah-university-3678,Cedar City,UT,64,Regional Universities West,82,,,,33,74,22,1897,13126
southern-wesleyan-3422,Central,SC,64,Regional Universities South,100,,,22,43,68,12,1906,887
southern-virginia-university-666980,Buena Vista,VA,183-201,National Liberal Arts Colleges,96,,,,21,76,17,,967
southwest-baptist-2502,Bolivar,MO,107,Regional Universities Midwest,68,,,17,51,67,10,1878,1622
southern-illinois-university-carbondale-1758,Carbondale,IL,301,National Universities,87,900,1180,,40,70,11,1869,8553
southwest-minnesota-state-2375,Marshall,MN,107,Regional Universities Midwest,62,,,16,29,67,16,1963,6884
southwestern-oklahoma-state-university-3181,Weatherford,OK,77,Regional Universities West,100,870,1120,,27,68,19,1901,4347
spalding-university-1960,Louisville,KY,54,Regional Universities South,99,890,1030,,42,66,10,1814,718
southwestern-university-3620,Georgetown,TX,84,National Liberal Arts Colleges,43,1130,1300,,67,81,11,1840,1440
spring-hill-college-1041,Mobile,AL,12,Regional Colleges South,75,,,17,44,74,10,1830,790
springfield-college-2211,SPRINGFIELD,MA,257,National Universities,72,1080,1330,,75,83,11,1885,1763
st-anselm-college-2587,Manchester,NH,96,National Liberal Arts Colleges,78,1110,1270,,75,89,12,1889,2094
st-cloud-state-university-2377,St. Cloud,MN,95,Regional Universities Midwest,95,1025,1260,,25,67,,1869,8209
st-bonaventure-university-2817,St. Bonaventure,NY,25,Regional Universities North,82,1070,1290,,59,80,12,1858,2048
st-catherine-university-2342,Saint Paul,MN,222,National Universities,92,850,1140,,50,79,,1905,2505
st-josephs-college-2051,Standish,ME,94,Regional Universities North,84,,,,59,76,,,1059
st-johns-university-2823,Queens,NY,151,National Universities,83,1150,1340,,52,81,,1870,15640
st-edwards-university-3621,Austin,TX,5,Regional Universities West,81,970,1240,,52,79,,1885,2499
st-lawrence-university-2829,Canton,NY,58,National Liberal Arts Colleges,54,1255,1420,,68,88,,1856,1949
st-martins-3794,Lacey,WA,56,Regional Universities West,90,1025,1225,,43,72,11,1895,1186
st-marys-college-2095,St. Marys City,MD,96,National Liberal Arts Colleges,69,1143,1340,,60,84,,1840,1632
st-josephs-university-new-york-2825,Brooklyn,NY,50,Regional Universities North,72,1110,1270,,58,81,,1916,3173
st-john-fisher-university-2821,Rochester,NY,192,National Universities,66,1120,1300,,65,85,,1948,2583
st-marys-college-of-california-1302,Moraga,CA,7,Regional Universities West,89,,,,61,86,10,1863,1955
st-olaf-college-2382,Northfield,MN,50,National Liberal Arts Colleges,48,1300,1470,,77,91,,1874,3124
st-norbert-college-3892,De Pere,WI,111,National Liberal Arts Colleges,86,1033,1290,,67,82,,1898,1970
st-marys-university-san-antonio-3623,San Antonio,TX,13,Regional Universities West,98,940,1190,,49,70,,1852,2150
st-thomas-aquinas-2832,Sparkill,NY,121,Regional Universities North,93,880,1085,,43,75,,1952,1889
stanford-university-1305,Stanford,CA,4,National Universities,4,1510,1580,,56,98,6,1885,7904
stetson-university-1531,DeLand,FL,7,Regional Universities South,72,1060,1270,,56,73,10,1883,2349
stephen-f-austin-state-university-3624,Nacogdoches,TX,38,Regional Universities West,74,960,1150,,41,73,,1923,9129
stevens-institute-of-technology-2639,Hoboken,NJ,80,National Universities,48,1380,1505,,81,94,11,1870,4204
stevenson-university-2107,Owings Mills,MD,70,Regional Universities North,79,,,,61,77,15,1947,3106
stockton-university-9345,Galloway,NJ,158,National Universities,89,1030,1230,,51,78,17,1969,7565
stony-brook-suny-2838,Stony Brook,NY,59,National Universities,49,1330,1500,,65,89,19,1957,18263
sul-ross-3625,Alpine,TX,100,Regional Universities West,99,930,1110,,22,51,13,1917,1890
suny-albany-2835,Albany,NY,127,National Universities,69,1150,1320,,54,83,16,1844,12666
suffolk-university-2218,Boston,MA,257,National Universities,82,1112,1303,,49,77,14,1906,4326
suny-binghamton-2836,Binghamton,NY,73,National Universities,39,1340,1490,,77,90,17,1946,14668
suny-brockport-2841,Brockport,NY,64,Regional Universities North,71,1100,1280,,41,70,17,1835,5816
suny-buffalo-state-university-2842,Buffalo,NY,133,Regional Universities North,74,990,1248,,25,53,14,1871,5205
suny-cobleskill-2856,Cobleskill,NY,20,Regional Colleges North,84,,,,46,68,16,1911,1894
suny-college-of-technology-at-canton-2855,Canton,NY,12,Regional Colleges North,92,,,,36,69,18,1906,3469
stonehill-college-2217,Easton,MA,82,National Liberal Arts Colleges,66,,,,70,87,12,1948,2579
suny-college-old-westbury-7109,Old Westbury,NY,98,Regional Universities North,84,,,,32,73,17,1965,4040
suny-cortland-2843,Cortland,NY,33,Regional Universities North,60,,,,56,81,15,1868,5911
suny-fredonia-2844,Fredonia,NY,76,Regional Universities North,78,1160,1370,,37,75,11,1826,2770
suny-geneseo-2845,Geneseo,NY,17,Regional Universities North,66,1190,1340,,64,85,16,1871,3902
suny-oneonta-2847,Oneonta,NY,25,Regional Universities North,70,1100,1260,,58,75,15,1889,4681
suny-maritime-2853,Throggs Neck,NY,21,Regional Universities North,72,1123,1288,,31,81,15,1874,1286
suny-new-paltz-2846,New Paltz,NY,20,Regional Universities North,62,1170,1340,,58,85,16,1828,6197
suny-morrisville-2859,Morrisville,NY,24,Regional Colleges North,91,,,,30,59,14,1908,2042
suny-plattsburgh-2849,Plattsburgh,NY,50,Regional Universities North,78,1080,1250,,44,72,14,1889,3825
suny-oswego-2848,Oswego,NY,28,Regional Universities North,81,1060,1270,,50,72,15,1861,5517
suny-potsdam-2850,Potsdam,NY,94,Regional Universities North,78,,,,33,75,11,1816,1831
suny-polytechnic-institute-11678,Utica,NY,35,Regional Universities North,81,1210,1430,,53,73,14,1966,1973
suny-college-of-technology-delhi-2857,Delhi,NY,15,Regional Colleges North,89,,,18,44,67,12,1913,2634
suny-purchase-6791,Purchase,NY,131,National Liberal Arts Colleges,74,,,27,52,79,12,1967,3283
susquehanna-university-3369,Selinsgrove,PA,96,National Liberal Arts Colleges,88,1100,1300,,70,83,12,1858,2164
swarthmore-college-3370,Swarthmore,PA,4,National Liberal Arts Colleges,7,1490,1560,,76,96,7,1864,1623
syracuse-university-2882,Syracuse,NY,75,National Universities,46,1270,1440,,76,91,15,1870,15957
tarleton-state-university-3631,Stephenville,TX,373,National Universities,53,980,1160,,,72,24,1899,15130
temple-university-3371,Philadelphia,PA,102,National Universities,80,1180,1390,,59,84,12,1884,21428
tennessee-tech-3523,Cookeville,TN,257,National Universities,76,1060,1310,,41,77,17,1915,9187
sweet-briar-college-3742,Sweet Briar,VA,164,National Liberal Arts Colleges,70,1020,1350,,51,70,9,1901,441
texas-am-international-9651,Laredo,TX,38,Regional Universities West,46,890,1090,,28,76,21,1970,7165
texas-am-university-corpus-christi-11161,Corpus Christi,TX,395-434,National Universities,89,970,1200,,25,59,19,1947,8320
texas-christian-university-3636,Fort Worth,TX,97,National Universities,44,1200,1380,,74,93,14,1873,11049
texas-am-university-college-station-10366,College Station,TX,51,National Universities,57,1150,1400,,61,94,21,1876,60710
texas-am-university-commerce-3565,Commerce,TX,384,National Universities,75,910,1150,,28,61,17,1889,9666
texas-lutheran-university-3641,Seguin,TX,8,Regional Colleges West,96,,,,32,65,11,1891,1319
texas-southern-university-3642,Houston,TX,395-434,National Universities,97,800,1000,,7,62,17,1927,6844
texas-tech-university-3644,Lubbock,TX,198,National Universities,73,1090,1280,,51,85,20,1923,32580
texas-womans-university-3646,Denton,TX,329,National Universities,96,,,,29,72,16,1901,10034
the-catholic-university-of-america-1437,Washington,DC,169,National Universities,83,1100,1350,,73,87,11,1887,3177
the-citadel-the-military-college-of-south-carolina-3423,Charleston,SC,1,Regional Universities South,93,1085,1285,,68,86,11,1842,2737
the-college-of-new-jersey-2642,Ewing,NJ,4,Regional Universities North,62,1140,1340,,76,91,14,1855,7435
the-college-of-st-scholastica-2343,Duluth,MN,283,National Universities,93,,,19,54,79,,1912,1755
the-college-of-wooster-3037,Wooster,OH,76,National Liberal Arts Colleges,60,1220,1460,,63,82,10,1866,1738
the-university-of-akron-3123,Akron,OH,373,National Universities,60,900,1190,,29,71,17,1870,11160
the-university-of-oklahoma-3184,Norman,OK,110,National Universities,77,1140,1330,,58,89,18,1890,23351
the-university-of-tennessee-at-martin-3531,Martin,TN,20,Regional Universities South,88,970,1210,,37,73,16,1900,6817
texas-state-university-3615,San Marcos,TX,257,National Universities,90,980,1200,,33,79,21,1899,36236
the-university-of-texas-at-tyler-11163,Tyler,TX,329,National Universities,94,1010,1200,,44,68,17,1971,7683
the-university-of-texas-austin-3658,Austin,TX,30,National Universities,27,1320,1530,,74,96,18,1883,43165
the-university-of-texas-dallas-9741,Richardson,TX,110,National Universities,65,1160,1410,,59,88,23,1969,21858
the-university-of-texas-el-paso-3661,El Paso,TX,257,National Universities,100,860,1080,,21,75,20,1914,21118
the-university-of-texas-rio-grande-valley-666978,Edinburg,TX,213,National Universities,94,880,1090,,31,77,20,,28674
the-university-of-texas-san-antonio-10115,San Antonio,TX,213,National Universities,87,1000,1220,,32,79,24,1969,31127
the-university-of-the-south-3534,Sewanee,TN,45,National Liberal Arts Colleges,57,1260,1390,,73,89,9,1857,1644
thiel-college-3376,Greenville,PA,26,Regional Colleges North,72,,,,41,72,13,1866,835
thomas-college-2052,Waterville,ME,150-164,Regional Universities North,96,,,,45,74,23,1894,1581
the-university-of-toledo-3131,Toledo,OH,293,National Universities,92,1120,1340,,36,76,18,1872,11012
thomas-jefferson-university-12393,Philadelphia,PA,132,National Universities,81,1160,1330,,58,83,12,1824,3772
tiffin-university-3121,Tiffin,OH,138,Regional Universities Midwest,80,910,1120,,32,64,21,1888,2842
transylvania-university-1987,Lexington,KY,109,National Liberal Arts Colleges,87,1120,1380,,56,83,11,1780,1006
towson-university-2099,Towson,MD,11,Regional Universities North,82,950,1235,,47,83,14,1866,16264
trine-university-1839,Angola,IN,13,Regional Colleges Midwest,86,980,1230,,53,80,16,1884,4373
trevecca-nazarene-university-3526,Nashville,TN,363,National Universities,69,980,1235,,45,74,20,1901,1903
trinity-college-1414,Hartford,CT,37,National Liberal Arts Colleges,29,1298,1470,,78,91,9,1823,2204
trinity-university-3647,San Antonio,TX,37,National Liberal Arts Colleges,26,1340,1500,,72,92,9,1869,2518
thomas-more-university-2001,Crestview Hills,KY,85,Regional Universities South,90,,,21,29,65,14,1921,1823
truman-state-university-2495,Kirksville,MO,7,Regional Universities Midwest,84,1170,1370,,58,84,12,1867,3265
tufts-university-2219,Medford,MA,36,National Universities,12,1470,1560,,84,96,10,1852,7126
troy-university-1047,Troy,AL,45,Regional Universities South,96,940,1210,,29,73,16,1887,10222
tuskegee-university-1050,Tuskegee,AL,10,Regional Universities South,49,958,1175,,31,78,11,1881,2659
ucf-3954,Orlando,FL,117,National Universities,45,1200,1350,,55,92,28,1963,59649
ub-9554,Buffalo,NY,75,National Universities,74,1210,1380,,60,84,11,1846,20360
tusculum-university-3527,Greeneville,TN,90,Regional Universities South,72,790,1050,,27,59,16,1794,942
trinity-washington-university-1460,Washington,DC,140,Regional Universities North,100,,,,35,72,9,,1604
ucla-1315,Los Angeles,CA,17,National Universities,9,,,,85,97,20,1919,33471
uconn-29013,Storrs,CT,69,National Universities,52,1210,1440,,73,92,17,1881,20056
umass-amherst-2221,Amherst,MA,64,National Universities,60,1310,1500,,75,91,17,1863,23920
udc-29100,Washington,DC,145,Regional Universities North,67,,,,29,61,8,1976,3610
umass-boston-2222,Boston,MA,213,National Universities,84,1100,1290,,33,73,15,1964,12138
umass-dartmouth-2210,North Dartmouth,MA,242,National Universities,91,1050,1270,,38,66,16,1895,5731
umbc-2105,Baltimore,MD,127,National Universities,72,1240,1420,,48,86,17,1966,10767
umsl-2519,Saint Louis,MO,242,National Universities,63,1060,1290,,40,72,,1963,12332
united-states-coast-guard-academy-1415,New London,CT,1,Regional Colleges North,22,,,27,83,97,7,1876,1081
united-states-air-force-academy-1369,USAF Academy,CO,5,National Liberal Arts Colleges,14,1230,1440,,92,95,8,1954,4094
united-states-naval-academy-2101,Annapolis,MD,3,National Liberal Arts Colleges,9,1210,1410,,92,97,8,1845,4474
united-states-military-academy-2893,West Point,NY,10,National Liberal Arts Colleges,12,1200,1430,,84,95,6,1802,4473
union-college-2889,Schenectady,NY,44,National Liberal Arts Colleges,44,1330,1480,,73,90,9,1795,2065
university-of-alabama-at-birmingham-1052,Birmingham,AL,132,National Universities,88,1210,1450,,44,82,18,1969,11959
university-of-alabama-1051,Tuscaloosa,AL,169,National Universities,77,1170,1400,,57,88,19,1831,34389
union-university-3528,Jackson,TN,242,National Universities,60,1220,1390,,60,87,9,1823,1934
unc-pembroke-2954,Pembroke,NC,33,Regional Universities South,93,975,1180,,27,72,14,1887,5437
university-of-alabama-huntsville-1055,Huntsville,AL,242,National Universities,69,1210,1410,,44,81,17,1969,6800
university-of-arkansas-little-rock-1101,Little Rock,AR,384,National Universities,59,,,17,25,70,11,1927,5789
university-of-arizona-1083,Tucson,AZ,127,National Universities,86,1150,1420,,50,85,20,1885,45025
university-of-california-berkeley-1312,Berkeley,CA,15,National Universities,11,,,,80,97,18,1868,33469
university-of-bridgeport-1416,Bridgeport,CT,395-434,National Universities,83,,,,36,62,16,1927,1479
university-of-arkansas-pine-bluff-1086,Pine Bluff,AR,19,Regional Colleges South,41,845,1108,,23,63,12,1873,1817
university-of-california-davis-1313,Davis,CA,32,National Universities,42,,,,71,92,22,1905,32273
university-of-arkansas-1108,Fayetteville,AR,183,National Universities,74,1030,1220,,56,86,20,1871,28859
university-of-california-irvine-1314,Irvine,CA,32,National Universities,29,,,,74,93,19,1965,30204
university-of-california-san-diego-1317,La Jolla,CA,29,National Universities,27,,,,86,94,19,1960,34955
university-of-california-merced-4127,Merced,CA,57,National Universities,95,,,,51,82,20,2005,8372
university-of-california-santa-barbara-1320,Santa Barbara,CA,40,National Universities,33,,,,70,92,17,1909,23181
university-of-california-riverside-1316,Riverside,CA,75,National Universities,77,,,,65,88,22,1954,22599
university-of-central-arkansas-1092,Conway,AR,363,National Universities,89,910,1170,,42,73,15,1907,8268
university-of-central-missouri-2454,Warrensburg,MO,59,Regional Universities Midwest,64,1600,1600,,39,72,16,1871,7584
university-of-central-oklahoma-3152,Edmond,OK,62,Regional Universities West,78,,,18,15,66,17,1890,10454
university-of-california-santa-cruz-1321,Santa Cruz,CA,88,National Universities,66,,,,61,89,22,1965,17940
university-of-charleston-3818,Charleston,WV,395-434,National Universities,62,,,,39,71,15,1888,2087
university-of-cincinnati-3125,Cincinnati,OH,158,National Universities,85,1160,1370,,42,86,19,1819,33572
university-of-colorado-colorado-springs-4509,Colorado Springs,CO,395-434,National Universities,97,,,20,28,67,15,1965,9398
university-of-chicago-1774,Chicago,IL,6,National Universities,4,1510,1580,,87,99,5,1890,7519
university-of-colorado-boulder-1370,Boulder,CO,97,National Universities,76,1190,1400,,57,89,19,1876,33384
university-of-denver-1371,Denver,CO,117,National Universities,77,1190,1390,,66,87,9,1864,6619
university-of-detroit-mercy-2323,Detroit,MI,183,National Universities,75,1030,1260,,55,83,12,1877,3422
university-of-delaware-1431,Newark,DE,88,National Universities,69,1200,1390,,74,91,13,1743,19287
university-of-dayton-3127,Dayton,OH,143,National Universities,65,1200,1380,,70,89,14,1850,7737
university-of-findlay-3045,Findlay,OH,373,National Universities,84,,,,36,77,10,1882,4062
university-of-dubuque-1891,Dubuque,IA,78,Regional Universities Midwest,89,960,1220,,30,70,11,1852,1417
university-of-dallas-3651,Irving,TX,9,Regional Universities West,53,1120,1370,,37,79,11,1956,1444
university-of-florida-1535,Gainesville,FL,30,National Universities,24,1320,1500,,83,97,16,1853,36573
university-of-hawaii-at-hilo-29020,Hilo,HI,329,National Universities,60,945,1175,,30,71,12,1947,2292
university-of-georgia-1598,Athens,GA,46,National Universities,38,1270,1480,,76,95,17,1785,32399
university-of-evansville-1795,Evansville,IN,18,Regional Universities Midwest,78,,,,57,80,10,1854,1742
university-of-hawaii-manoa-1610,Honolulu,HI,169,National Universities,87,1081,1293,,44,79,13,1907,15375
university-of-houston-3652,Houston,TX,132,National Universities,74,1160,1340,,43,86,22,1927,39257
university-of-idaho-1626,Moscow,ID,183,National Universities,76,990,1230,,43,75,18,1889,9574
university-of-indianapolis-1804,Indianapolis,IN,301,National Universities,66,,,,45,67,12,1902,3603
university-of-illinois-urbanachampaign-1775,Champaign,IL,36,National Universities,42,1380,1540,,73,94,20,1867,37140
university-of-illinois-chicago-1776,Chicago,IL,84,National Universities,77,1130,1350,,42,79,17,1965,22495
university-of-illinois-springfield-9333,Springfield,IL,29,Regional Universities Midwest,86,940,1200,,42,75,13,1969,2309
university-of-hartford-1422,West Hartford,CT,301,National Universities,96,1120,1310,,47,78,11,1957,4223
university-of-iowa-1892,Iowa City,IA,102,National Universities,84,1130,1330,,58,89,16,1847,22738
university-of-kansas-1948,Lawrence,KS,143,National Universities,93,1070,1300,,55,85,18,1865,22085
university-of-kentucky-1989,Lexington,KY,143,National Universities,93,1070,1290,,55,86,18,1865,25534
university-of-la-verne-1216,La Verne,CA,213,National Universities,71,986,1236,,61,74,11,1891,3050
university-of-louisiana-at-lafayette-2031,Lafayette,LA,373,National Universities,87,1120,1240,,27,74,18,1898,13432
university-of-louisiana-monroe-2020,Monroe,LA,358,National Universities,85,1168,1353,,29,72,16,1931,6762
university-of-maine-2053,Orono,ME,257,National Universities,97,,,,41,78,15,1865,9601
university-of-lynchburg-3720,Lynchburg,VA,329,National Universities,43,980,1240,,52,74,11,1903,1595
university-of-mary-2992,Bismarck,ND,343,National Universities,75,,,21,57,80,10,1959,2650
university-of-maine-presque-isle-2033,Presque Isle,ME,48,Regional Colleges North,100,,,,24,66,28,1903,2152
university-of-mary-washington-3746,Fredericksburg,VA,131,National Liberal Arts Colleges,80,1170,1370,,57,83,14,1908,3660
university-of-maryland-2103,College Park,MD,42,National Universities,45,1390,1530,,77,96,17,1856,31133
university-of-maine-at-farmington-2040,Farmington,ME,9,Regional Colleges North,97,960,1240,,36,72,13,1864,1677
university-of-louisville-1999,Louisville,KY,158,National Universities,79,1040,1270,,44,79,14,1798,17086
university-of-memphis-3509,Memphis,TN,273,National Universities,72,915,1180,,33,74,16,1912,15770
university-of-mary-hardinbaylor-3588,Belton,TX,395-434,National Universities,96,,,19,38,65,17,1845,3024
university-of-michigan-ann-arbor-9092,Ann Arbor,MI,20,National Universities,16,1360,1530,,82,97,15,1817,34454
university-of-miami-1536,Coral Gables,FL,64,National Universities,19,1320,1480,,74,93,11,1925,13250
university-of-minnesota-crookston-4069,Crookston,MN,14,Regional Colleges Midwest,88,,,,38,73,17,1966,2612
university-of-minnesota-duluth-2388,Duluth,MN,18,Regional Universities Midwest,89,1180,1340,,48,79,16,1947,8426
university-of-minnesotamorris-2389,Morris,MN,115,National Liberal Arts Colleges,75,1465,1475,,50,74,9,1959,981
university-of-minnesota-twin-cities-3969,Minneapolis,MN,59,National Universities,80,1300,1500,,75,91,17,1851,41303
university-of-mississippi-2440,University,MS,169,National Universities,97,1000,1200,,57,88,18,1848,21585
university-of-missouri-2516,Columbia,MO,102,National Universities,78,1150,1330,,56,90,17,1839,24449
university-of-missouri-kansas-city-2518,Kansas City,MO,232,National Universities,72,1290,1550,,35,75,13,1929,10166
university-of-montana-2536,Missoula,MT,363,National Universities,96,,,23,34,75,18,1893,8014
university-of-mount-olive-2949,Mount Olive,NC,76,Regional Universities South,76,,,18,35,67,19,1951,1937
university-of-montevallo-1004,Montevallo,AL,22,Regional Universities South,54,1013,1280,,38,73,13,1896,2642
university-of-mount-saint-vincent-2703,Riverdale,NY,11,Regional Colleges North,85,,,,50,71,12,1847,2725
university-of-mount-union-3083,Alliance,OH,39,Regional Universities Midwest,78,910,1240,,50,75,15,1846,2207
university-of-massachusetts-lowell-2161,Lowell,MA,151,National Universities,83,1180,1370,,44,83,17,1894,12122
university-of-nebraska-2565,Lincoln,NE,158,National Universities,87,1098,1330,,50,83,17,1869,19701
university-of-nebraska-at-kearney-2551,Kearney,NE,24,Regional Universities Midwest,89,905,1125,,33,77,14,1903,4213
university-of-new-england-2050,Biddeford,ME,293,National Universities,92,,,,57,75,11,1831,3884
university-of-nebraska-omaha-2554,Omaha,NE,301,National Universities,87,,,19,27,74,15,1908,11756
university-of-nevada-reno-2568,Reno,NV,192,National Universities,74,1060,1290,,42,80,17,1874,19122
university-of-new-hampshire-2589,Durham,NH,117,National Universities,88,1090,1330,,67,87,17,1866,11365
university-of-new-haven-1397,West Haven,CT,76,Regional Universities North,60,1060,1265,,56,76,16,1920,4903
university-of-new-mexico-10313,Albuquerque,NM,242,National Universities,79,890,1170,,37,72,15,1889,17771
university-of-north-carolina-asheville-2907,Asheville,NC,135,National Liberal Arts Colleges,92,1170,1360,,43,72,13,1927,3030
university-of-north-carolina-at-charlotte-2975,Charlotte,NC,143,National Universities,80,1140,1330,,50,85,21,1946,24868
university-of-north-carolina-greensboro-2976,Greensboro,NC,198,National Universities,89,1150,1355,,39,76,18,1891,14416
university-of-north-carolina-wilmington-2984,Wilmington,NC,198,National Universities,64,1230,1340,,56,85,17,1947,15254
university-of-north-carolina-chapel-hill-2974,Chapel Hill,NC,26,National Universities,15,1390,1530,,84,97,14,1789,21075
university-of-north-alabama-1016,Florence,AL,30,Regional Universities South,71,975,1200,,36,77,18,1830,8078
university-of-north-florida-9841,Jacksonville,FL,222,National Universities,53,1070,1270,,51,81,18,1972,13735
university-of-northern-colorado-1349,Greeley,CO,343,National Universities,88,950,1190,,38,74,14,1890,6480
university-of-northern-iowa-1890,Cedar Falls,IA,10,Regional Universities Midwest,87,1010,1280,,47,83,18,1876,7716
university-of-north-dakota-3005,Grand Forks,ND,242,National Universities,77,1110,1300,,39,81,17,1883,11033
university-of-notre-dame-1840,Notre Dame,IN,20,National Universities,11,1455,1560,,89,98,8,1842,8880
university-of-oregon-3223,Eugene,OR,110,National Universities,88,1130,1360,,58,86,18,1876,20622
university-of-pennsylvania-3378,Philadelphia,PA,7,National Universities,5,1510,1570,,86,98,8,1740,10013
university-of-pittsburgh-3379,Pittsburgh,PA,69,National Universities,58,1280,1460,,72,93,13,1787,20418
university-of-north-georgia-1585,Dahlonega,GA,49,Regional Universities South,68,980,1210,,32,72,19,1873,18329
university-of-puget-sound-3797,Tacoma,WA,96,National Liberal Arts Colleges,72,1170,1380,,53,83,10,1888,1594
university-of-pittsburgh-at-greensburg-3381,Greensburg,PA,183-201,National Liberal Arts Colleges,95,1055,1253,,32,67,14,1963,1305
university-of-pittsburgh-at-bradford-3380,Bradford,PA,17,Regional Colleges North,89,1010,1200,,40,67,12,1963,1010
university-of-pittsburgh-at-johnstown-3382,Johnstown,PA,14,Regional Colleges North,95,980,1220,,40,75,14,1927,1809
university-of-portland-3224,Portland,OR,2,Regional Universities West,89,1160,1370,,70,87,9,1901,2986
university-of-redlands-los-angeles-1322,Redlands,CA,11,Regional Universities West,83,1108,1350,,56,82,10,1907,2045
university-of-rhode-island-3414,Kingston,RI,151,National Universities,72,1020,1280,,59,85,17,1892,14376
university-of-richmond-3744,Univ. of Richmond,VA,22,National Liberal Arts Colleges,22,1410,1530,,78,92,7,1830,3055
university-of-rochester-2894,Rochester,NY,46,National Universities,40,1410,1540,,75,92,10,1850,6580
university-of-san-diego-10395,San Diego,CA,110,National Universities,52,,,,69,91,13,1949,5851
university-of-san-francisco-1325,San Francisco,CA,110,National Universities,62,1190,1390,,63,83,11,1855,5321
university-of-scranton-3384,Scranton,PA,8,Regional Universities North,81,1160,1318,,77,86,11,1888,3613
university-of-south-alabama-1057,Mobile,AL,363,National Universities,71,970,1190,,37,73,19,1963,9241
university-of-sioux-falls-3469,Sioux Falls,SD,71,Regional Universities Midwest,83,,,18,49,74,18,1883,1241
university-of-south-carolina-3448,Columbia,SC,127,National Universities,60,1180,1360,,70,90,19,1801,30187
university-of-south-carolina-upstate-6951,Spartanburg,SC,7,Regional Colleges South,81,940,1150,,28,66,15,1967,4478
university-of-south-dakota-10300,Vermillion,SD,283,National Universities,99,1125,1315,,47,80,16,1862,7619
university-of-southern-california-1328,Los Angeles,CA,28,National Universities,10,1450,1550,,74,97,8,1880,20630
university-of-south-florida-1537,Tampa,FL,88,National Universities,43,1130,1320,,65,91,21,1956,38525
university-of-southern-indiana-1808,Evansville,IN,78,Regional Universities Midwest,96,1030,1240,,37,71,15,1965,5347
university-of-st-thomas-2345,St Paul,MN,158,National Universities,86,1150,1380,,67,86,,1885,6305
university-of-southern-maine-9762,Portland,ME,128,Regional Universities North,79,,,24,3,69,14,1878,5520
university-of-southern-mississippi-2441,Hattiesburg,MS,318,National Universities,99,,,20,34,71,18,1910,10193
university-of-tampa-1538,Tampa,FL,13,Regional Universities South,40,1140,1300,,55,82,17,1931,10594
university-of-st-thomas-3654,Houston,TX,198,National Universities,90,980,1210,,44,76,,1947,3395
university-of-tennessee-at-chattanooga-3529,Chattanooga,TN,329,National Universities,81,1060,1180,,35,73,19,1886,10203
university-of-tennessee-knoxville-3530,Knoxville,TN,102,National Universities,42,1200,1370,,57,90,18,1794,30564
university-of-south-carolina-beaufort-3450,Bluffton,SC,38,Regional Colleges South,74,900,1170,,29,60,16,1959,2162
university-of-texas-permian-basin-9930,Odessa,TX,69,Regional Universities West,93,900,1120,,24,64,19,1973,4218
university-of-the-incarnate-word-3578,San Antonio,TX,293,National Universities,98,900,1140,,37,72,12,1881,4638
university-of-the-ozarks-1094,Clarksville,AR,6,Regional Colleges South,60,1020,1160,,42,68,14,1834,782
university-of-the-pacific-1329,Stockton,CA,139,National Universities,71,1183,1480,,44,87,13,1851,3249
university-of-tulsa-3185,Tulsa,OK,158,National Universities,62,1223,1530,,55,86,10,1894,2852
university-of-west-alabama-1024,Livingston,AL,85,Regional Universities South,43,,,16,20,64,17,1835,2673
university-of-washington-3798,Seattle,WA,42,National Universities,39,,,,74,94,20,1861,40754
university-of-west-florida-3955,Pensacola,FL,14,Regional Universities South,58,1020,1230,,47,87,22,1963,9971
university-of-utah-3675,Salt Lake City,UT,151,National Universities,86,1190,1380,,37,86,19,1850,28064
university-of-vermont-3696,Burlington,VT,132,National Universities,65,1290,1440,,70,89,17,1791,12276
university-of-west-georgia-1601,Carrollton,GA,373,National Universities,52,950,1140,,25,74,18,1906,9157
university-of-wisconsin-3895,Madison,WI,36,National Universities,45,1350,1510,,75,95,18,1848,39083
university-of-wisconsin-green-bay-3899,Green Bay,WI,74,Regional Universities Midwest,89,,,18,38,70,23,1965,9853
university-of-wisconsin-parkside-5015,Kenosha,WI,118,Regional Universities Midwest,98,1045,1230,,23,69,16,1968,3207
university-of-wisconsin-platteville-3921,Platteville,WI,49,Regional Universities Midwest,89,1050,1258,,33,78,20,1866,6051
university-of-wisconsin-river-falls-3923,River Falls,WI,54,Regional Universities Midwest,82,,,19,43,73,17,1874,4675
university-of-wisconsin-eau-claire-3917,Eau Claire,WI,25,Regional Universities Midwest,88,1100,1370,,44,81,19,1916,8765
university-of-wisconsin-superior-3925,Superior,WI,135,Regional Universities Midwest,78,1178,1348,,29,69,14,1893,2027
university-of-wisconsin-whitewater-3926,Whitewater,WI,31,Regional Universities Midwest,94,940,1170,,42,76,21,1868,10090
university-of-wisconsinoshkosh-9630,Oshkosh,WI,352,National Universities,86,,,18,28,70,21,1871,11994
university-of-wisconsinstout-polytechnic-3915,Menomonie,WI,84,Regional Universities Midwest,87,1050,1290,,28,73,18,1891,6124
university-of-wisconsin-la-crosse-3919,La Crosse,WI,14,Regional Universities Midwest,81,1158,1341,,51,85,20,1909,9513
university-of-wyoming-3932,Laramie,WY,222,National Universities,97,,,,39,77,13,1886,8130
ursinus-3385,Collegeville,PA,84,National Liberal Arts Colleges,92,1200,1385,,63,85,10,1869,1502
unt-3594,Denton,TX,208,National Universities,72,980,1230,,43,78,26,1890,34458
upper-iowa-university-1893,Fayette,IA,145-160,Regional Universities Midwest,96,970,1160,,25,60,25,1857,3054
unlv-2569,Las Vegas,NV,232,National Universities,85,1010,1240,,26,78,19,1957,27135
ursuline-3134,Pepper Pike,OH,61,Regional Universities Midwest,75,1006,1133,,45,71,7,1871,677
utah-tech-university-3671,St. George,UT,34,Regional Colleges West,100,,,,16,63,20,1911,13006
utah-state-university-3677,Logan,UT,242,National Universities,92,1070,1290,,30,73,19,1888,25702
utah-valley-4027,Orem,UT,93,Regional Universities West,100,,,,17,69,25,1941,45812
utica-university-2883,Utica,NY,76,Regional Universities North,87,,,,46,73,13,1946,2335
uva-6968,Charlottesville,VA,26,National Universities,17,1410,1540,,92,97,14,1819,17901
usc-aiken-3449,Aiken,SC,69,Regional Universities South,79,980,1220,,23,63,16,1961,3289
uw-milwaukee-3896,Milwaukee,WI,301,National Universities,97,,,18,31,74,16,1956,18667
uw-stevens-point-3924,Stevens Point,WI,54,Regional Universities Midwest,90,1030,1310,,37,75,21,1894,7557
valdosta-state-university-1599,Valdosta,GA,395-434,National Universities,72,920,1100,,24,61,17,1906,7206
valley-forge-christian-3306,Phoenixville,PA,26,Regional Colleges North,61,920,1140,,44,75,11,1939,517
us-merchant-marine-2892,Kings Point,NY,3,Regional Colleges North,32,1110,1300,,73,87,9,1943,962
valparaiso-university-1842,Valparaiso,IN,198,National Universities,89,1060,1280,,62,78,11,1859,2123
vassar-college-2895,Poughkeepsie,NY,13,National Liberal Arts Colleges,19,1448,1550,,84,95,7,1861,2462
vanderbilt-3535,Nashville,TN,17,National Universities,6,1500,1570,,90,96,8,1873,7221
vanguard-university-of-southern-california-1293,Costa Mesa,CA,43,Regional Universities West,62,980,1270,,52,73,13,1920,1914
villanova-3388,Villanova,PA,57,National Universities,27,1395,1510,,89,96,10,1842,7009
virginia-commonwealth-university-3735,Richmond,VA,139,National Universities,92,1010,1270,,46,85,17,1838,21210
virginia-wesleyan-3767,Virginia Beach,VA,178,National Liberal Arts Colleges,73,,,,36,69,15,1961,1749
vermont-state-university-3688,Johnson,VT,146,Regional Universities North,82,,,,33,66,14,1828,4104
virginia-tech-3754,Blacksburg,VA,51,National Universities,55,1280,1450,,69,92,17,1872,31035
virginia-state-university-3764,Petersburg,VA,42,Regional Universities South,89,840,1070,,27,72,13,1882,5129
wagner-college-2899,Staten Island,NY,70,Regional Universities North,88,1190,1290,,57,83,11,1883,1666
warren-wilson-2979,Asheville,NC,183-201,National Liberal Arts Colleges,71,,,25,40,69,12,1894,733
wake-forest-2978,Winston-Salem,NC,51,National Universities,22,1410,1520,,84,94,10,1834,5490
virginia-military-institute-3753,Lexington,VA,65,National Liberal Arts Colleges,71,1050,1270,,68,84,9,1839,1527
wartburg-college-1896,Waverly,IA,156,National Liberal Arts Colleges,76,930,1200,,64,75,13,1852,1462
washington-and-lee-3768,Lexington,VA,21,National Liberal Arts Colleges,14,1430,1540,,89,97,7,1749,1886
washburn-university-1949,Topeka,KS,74,Regional Universities Midwest,100,,,,28,68,14,1865,5331
washington--jefferson-college-3389,Washington,PA,84,National Liberal Arts Colleges,81,,,,70,81,11,1781,1306
walsh-university-3135,North Canton,OH,363,National Universities,73,990,1245,,55,73,14,1958,1523
washington-college-maryland-2108,Chestertown,MD,92,National Liberal Arts Colleges,57,1140,1390,,61,85,8,1782,923
wayne-state-university-2329,Detroit,MI,179,National Universities,81,1060,1270,,36,83,16,1868,16467
washington-state-3800,Pullman,WA,192,National Universities,87,,,,41,80,13,1890,21455
washington-university-in-st-louis-2520,St. Louis,MO,20,National Universities,12,1500,1570,,85,96,,1853,8220
wayne-state-college-2566,Wayne,NE,95,Regional Universities Midwest,,,,,40,72,19,1909,3934
waynesburg-3391,Waynesburg,PA,121,Regional Universities North,90,930,1250,,59,71,12,1849,1030
webster-university-2521,St. Louis,MO,32,Regional Universities Midwest,86,1110,1310,,55,76,8,1915,2091
wellesley-college-2224,Wellesley,MA,7,National Liberal Arts Colleges,14,1460,1560,,78,96,7,1870,2407
wentworth-institute-of-technology-29099,Boston,MA,28,Regional Universities North,91,1110,1320,,54,83,17,1904,3965
west-chester-3328,West Chester,PA,242,National Universities,78,1100,1270,,53,84,20,1871,14449
west-liberty-university-3823,West Liberty,WV,54,Regional Universities South,97,,,18,42,78,12,1837,1944
wesleyan-university-1424,Middletown,CT,13,National Liberal Arts Colleges,16,1415,1540,,81,95,7,1831,3805
wesleyan-college-1600,Macon,GA,5,Regional Colleges South,59,,,20,55,70,7,1836,595
weber-state-university-3680,Ogden,UT,50,Regional Universities West,100,,,18,23,67,20,1889,31672
west-texas-am-university-3665,Canyon,TX,50,Regional Universities West,77,960,1170,,32,66,14,1910,6918
west-virginia-state-university-3826,Institute,WV,107,Regional Universities South,96,,,15,25,60,12,1891,3322
west-virginia-wesleyan-3830,Buckhannon,WV,27,Regional Colleges South,93,892,1160,,47,67,13,1890,971
western-carolina-university-2981,Cullowhee,NC,257,National Universities,82,1080,1270,,,75,16,1889,10107
western-colorado-university-1372,Gunnison,CO,75,Regional Universities West,100,1168,1353,,34,74,17,1901,3149
western-illinois-university-1780,Macomb,IL,74,Regional Universities Midwest,71,870,1110,,31,65,12,1899,4525
western-connecticut-state-university-1380,Danbury,CT,98,Regional Universities North,87,,,,33,71,11,1903,3567
western-kentucky-university-2002,Bowling Green,KY,363,National Universities,94,840,1050,,44,77,19,1906,14151
western-michigan-university-2330,Kalamazoo,MI,293,National Universities,85,970,1220,,32,79,16,1903,13860
western-new-england-university-2226,Springfield,MA,283,National Universities,83,,,21,57,76,12,1919,2616
western-oregon-university-3209,Monmouth,OR,56,Regional Universities West,98,,,,31,70,13,1856,3200
western-washington-3802,Bellingham,WA,23,Regional Universities West,93,1110,1320,,40,79,18,1893,13752
westfield-state-college-2189,Westfield,MA,98,Regional Universities North,81,,,,44,74,15,1839,3788
westminster-college-3392,New Wilmington,PA,121,National Liberal Arts Colleges,93,,,,58,84,13,1852,1136
westminster-university-3681,Salt Lake City,UT,16,Regional Universities West,67,1070,1310,,52,78,8,1875,842
westmont-college-1341,Santa Barbara,CA,115,National Liberal Arts Colleges,77,1230,1440,,64,86,11,1937,1312
wheaton-college-2227,Norton,MA,76,National Liberal Arts Colleges,68,1220,1390,,68,83,12,1834,1785
whitman-college-3803,Walla Walla,WA,58,National Liberal Arts Colleges,38,1310,1480,,60,89,9,1883,1561
wheeling-university-3831,Wheeling,WV,110,Regional Universities South,84,850,1050,,1,70,14,1954,619
westminster-college-2523,Fulton,MO,164,National Liberal Arts Colleges,79,,,19,48,68,10,1851,593
whitworth-university-3804,Spokane,WA,15,Regional Universities West,90,1090,1330,,63,79,12,1890,1858
widener-university-3313,Chester,PA,301,National Universities,71,,,,56,79,11,1821,2811
wilkes-university-3394,Wilkes-Barre,PA,318,National Universities,91,1020,1250,,54,73,13,1933,2076
whittier-college-1342,Whittier,CA,92,National Liberal Arts Colleges,83,,,,53,68,8,1887,767
wheaton-college-1781,Wheaton,IL,50,National Liberal Arts Colleges,87,1260,1470,,84,92,10,1860,2150
william-jewell-college-2524,Liberty,MO,11,Regional Colleges Midwest,38,1080,1270,,56,75,11,1849,969
william-paterson-2625,Wayne,NJ,84,Regional Universities North,90,,,,26,71,18,1855,6647
william-peace-university-2953,Raleigh,NC,21,Regional Colleges South,94,1080,1225,,32,68,13,1857,722
william-and-mary-3705,Williamsburg,VA,51,National Universities,34,1400,1530,,84,95,13,1693,7063
willamette-university-3227,Salem,OR,76,National Liberal Arts Colleges,77,1220,1410,,62,84,12,1842,1683
williams-college-2229,Williamstown,MA,1,National Liberal Arts Colleges,8,1490,1570,,71,97,7,1793,2101
wilmington-university-7948,New Castle,DE,395-434,National Universities,,,,,12,56,12,1968,9355
wilmington-college-3142,Wilmington,OH,32,Regional Colleges Midwest,92,850,1220,,38,69,12,1870,1006
wilson-college-3396,Chambersburg,PA,150-164,Regional Universities North,92,930,1180,,41,71,15,1869,1375
wingate-university-2985,Wingate,NC,373,National Universities,91,1010,1210,,41,68,15,1896,2673
winona-state-2394,Winona,MN,22,Regional Universities Midwest,75,970,1230,,40,77,16,1858,5333
wittenberg-university-3143,Springfield,OH,164,National Liberal Arts Colleges,72,,,21,47,73,12,1845,1288
wisconsin-lutheran-21366,Milwaukee,WI,19,Regional Colleges Midwest,78,970,1230,,52,77,11,1973,957
worcester-state-university-2190,Worcester,MA,98,Regional Universities North,88,,,,40,75,15,1874,4734
wpi-2233,Worcester,MA,84,National Universities,60,,,,84,93,13,1865,5558
wright-state-9168,Dayton,OH,395-434,National Universities,96,907,1270,,28,65,16,1967,7505
winthrop-university-3456,Rock Hill,SC,20,Regional Universities South,79,1010,1220,,46,70,13,1886,3969
wvu-3827,Morgantown,WV,222,National Universities,73,1000,1210,,65,81,19,1867,18206
xavier-university-3144,Cincinnati,OH,208,National Universities,87,1103,1310,,59,82,11,1831,4239
yale-university-1426,New Haven,CT,4,National Universities,4,1470,1570,,58,99,5,1701,6814
yeshiva-university-2903,New York,NY,84,National Universities,56,1350,1510,,81,92,7,1886,2331
wofford-college-3457,Spartanburg,SC,67,National Liberal Arts Colleges,52,1198,1343,,78,90,12,1854,1817
york-college-cuny-4759,Jamaica,NY,144,Regional Universities North,64,,,,15,60,13,1966,5917
york-college-of-pennsylvania-3399,York,PA,84,Regional Universities North,74,,,21,47,76,15,1787,3369
young-harris-college-666965,Young Harris,GA,183-201,National Liberal Arts Colleges,63,,,,42,64,11,1886,1403
youngstown-state-university-3145,Youngstown,OH,99,Regional Universities Midwest,84,,,19,33,77,18,1908,8436
