unitid,name,city,state,control,carnegie_basic,carnegie_ugrad,predominant_degree,highest_degree,level,operating,undergrads,sat_avg,act_mid,sat_read_25,sat_math_25,admit_rate,instructional_spend_per_fte,avg_faculty_salary,full_time_faculty_rate,endowment,tuition_revenue_per_fte,grad_rate_6yr,grad_rate_4yr_inst,retention_ft,median_earnings_10yr,median_earnings_6yr
100654,Alabama A & M University,Normal,AL,1,18,10,3,4,1,1,6124,938,18,420,390,0.5795,7254,8699,0.6439,,7729,0.2403,,0.6989,40628,27851
100663,University of Alabama at Birmingham,Birmingham,AL,1,15,9,3,4,1,1,11635,1258,27,600,610,0.8818,17855,12612,0.7704,739372914,12322,0.6423,,0.8009,54501,46572
100690,Amridge University,Montgomery,AL,2,20,5,3,4,1,1,241,,,,,,4918,6197,1,174864,14005,1,,,37621,30377
100706,University of Alabama in Huntsville,Huntsville,AL,1,15,15,3,4,1,1,6591,1319,28,600,610,0.6857,9877,10639,0.659,99627019,9420,0.6429,,0.8425,61767,55610
100724,Alabama State University,Montgomery,AL,1,17,10,3,4,1,1,3477,976,18,399,350,0.9755,10723,8153,0.6477,118616285,9820,0.3034,,0.6975,34502,27453
100751,The University of Alabama,Tuscaloosa,AL,1,15,12,3,4,1,1,33227,1285,26,590,580,0.7665,9728,11419,0.7904,1369440098,14144,0.7337,,0.8949,59221,52233
100812,Athens State University,Athens,AL,1,22,5,3,4,1,1,2446,,,,,,9527,9666,0.5075,6058537,7102,,,,50273,46266
100830,Auburn University at Montgomery,Montgomery,AL,1,18,7,3,4,1,1,2542,1093,21,538,498,0.9157,7192,8974,0.7566,60862957,8932,0.326,,0.6757,44391,38216
100858,Auburn University,Auburn,AL,1,15,14,3,4,1,1,26816,1345,,630,630,0.4592,10067,12324,0.8666,1010419784,17500,0.8195,,0.9478,65337,54629
101116,South University-Montgomery,Montgomery,AL,3,22,7,3,4,1,1,299,,,,,,7014,6583,0.1509,,13722,0.0909,,0.6154,34421,34115
101189,Faulkner University,Montgomery,AL,2,18,7,3,4,1,1,1549,1020,20,,,0.7307,8533,7049,0.6014,20078568,14131,0.374,,0.6447,43457,37313
101365,Herzing University-Birmingham,Birmingham,AL,2,26,5,2,3,1,1,442,,,,,0.9326,6265,7167,0.4737,,14330,0.125,,0.6667,36909,35295
101435,Huntingdon College,Montgomery,AL,2,22,10,3,4,1,1,879,1142,22,533,473,0.6949,7419,7725,0.8101,53910160,14459,0.4798,,0.6699,49601,42147
101453,Heritage Christian University,Florence,AL,2,24,5,3,4,1,1,75,1020,,,,0.9,8836,5562,1,15040187,3720,0.6667,,0,42597,
101480,Jacksonville State University,Jacksonville,AL,1,18,11,3,4,1,1,7036,1059,20,500,500,0.7769,6997,8074,0.6452,15423462,6358,0.5472,,0.6457,45235,40158
101587,University of West Alabama,Livingston,AL,1,18,7,3,4,1,1,2974,1015,19,440,420,0.4265,8131,8001,0.34,429016,8053,0.347,,0.6488,44232,37106
101675,Miles College,Fairfield,AL,2,22,10,3,3,1,1,1155,,,,,,7612,5420,0.437,27539903,18933,0.158,,0.5625,32627,25822
101693,University of Mobile,Mobile,AL,2,20,13,3,4,1,1,1307,1220,,,,0.7789,8091,5674,1,23843738,9960,0.5685,,0.7396,43611,37411
101709,University of Montevallo,Montevallo,AL,1,19,11,3,4,1,1,2151,,23,,,0.5385,15957,9085,0.7114,38003803,7645,0.541,,0.7275,42957,35406
101879,University of North Alabama,Florence,AL,1,18,11,3,4,1,1,5811,,,,,0.8731,7717,9167,0.5943,53477478,8236,0.5491,,0.7969,45415,38295
101912,Oakwood University,Huntsville,AL,2,21,10,3,4,1,1,1153,,,,,0.4522,9746,5513,0.4976,13631785,13116,0.4462,,0.7113,42488,30969
102049,Samford University,Birmingham,AL,2,17,12,3,4,1,1,4206,1201,26,550,520,0.8236,16043,10188,0.9898,443471031,19678,0.7704,,0.9287,58469,49466
102094,University of South Alabama,Mobile,AL,1,16,13,3,4,1,1,8879,1147,23,500,470,0.7096,11135,7761,0.6516,522356776,10092,0.5267,,0.7574,49379,41307
102234,Spring Hill College,Mobile,AL,2,22,12,3,4,1,1,782,1120,19,,,0.7657,9493,7892,0.4925,10946191,11706,0.521,,0.7023,51500,41358
102270,Stillman College,Tuscaloosa,AL,2,22,13,3,3,1,1,706,,,,,0.6225,5653,6164,0.5769,20713966,9368,0.25,,0.5281,35421,29790
102298,Talladega College,Talladega,AL,2,22,11,3,4,1,1,701,,,,,0.8542,8403,6650,0.4886,2266133,6093,0.3091,,0.5441,32229,22613
102368,Troy University,Troy,AL,1,18,7,3,4,1,1,9805,1088,21,490,450,0.9604,8209,7612,0.4836,181074239,9869,0.503,,0.7121,42062,39392
102377,Tuskegee University,Tuskegee,AL,2,19,10,3,4,1,1,2630,1120,22,,,0.4868,13438,7397,0.9245,150040938,11191,0.5498,,0.8068,49641,38332
102395,United States Sports University,Daphne,AL,2,32,5,3,4,1,1,228,,,,,0.6137,9340,7063,1,1000000,16729,,,0.4286,55257,45521
102553,University of Alaska Anchorage,Anchorage,AK,1,18,5,3,4,1,1,7212,,,,,,16384,10110,0.5295,93785048,7357,0.2971,,0.7068,51871,42313
102580,Alaska Bible College,Palmer,AK,2,24,7,3,3,1,1,24,,,,,,7262,7314,,1748628,11337,0.375,,1,,
102614,University of Alaska Fairbanks,Fairbanks,AK,1,16,5,3,4,1,1,4207,,22,,,,19769,10444,0.6154,148864420,9659,0.3801,,0.7406,48866,40746
102632,University of Alaska Southeast,Juneau,AK,1,19,5,1,4,1,1,907,,,,,0.6329,20844,9276,0.517,9673067,8316,0.2805,,0.7647,48475,38811
102669,Alaska Pacific University,Anchorage,AK,2,22,11,2,4,1,1,457,,,,,0.9645,17033,7332,0.4194,96508897,14145,0.4722,,0.68,54271,47803
102845,Charter College,Anchorage,AK,3,23,10,1,3,1,1,2157,,,,,,1968,5516,0.2988,,6212,0.5606,,0.25,35504,35427
104090,Brookline College-Phoenix,Phoenix,AZ,3,26,11,2,4,1,1,712,,,,,,6969,6438,0.4316,,15653,0.5288,,0.25,29576,32705
104151,Arizona State University Campus Immersion,Tempe,AZ,1,15,13,3,4,1,1,64674,,,,,0.8989,14734,12684,0.7298,1217984330,21548,0.6804,,0.8664,62668,52843
104179,University of Arizona,Tucson,AZ,1,15,13,3,4,1,1,42537,1246,25,580,570,0.8614,15271,12347,0.7658,1287688652,15485,0.6752,,0.8278,59979,47665
104586,Embry-Riddle Aeronautical University-Prescott,Prescott,AZ,2,22,12,3,4,1,1,3218,1250,26,580,560,0.7658,17147,10066,0.814,79952000,34153,0.6776,,0.8216,84131,65391
104665,The School of Architecture,Scottsdale,AZ,2,32,0,4,4,1,1,,,,,,,38416,4102,,221031,50240,,,,,
104717,Grand Canyon University,Phoenix,AZ,2,17,5,3,4,1,1,73371,1077,,518,488,0.7891,2400,7563,0.1006,,11480,0.4346,,0.7205,42186,47280
105297,Dine College,Tsaile,AZ,1,33,5,2,4,1,1,1375,,,,,,5643,6791,1,6185813,103,0.1259,,0.4762,29188,23195
105330,Northern Arizona University,Flagstaff,AZ,1,16,11,3,4,1,1,22903,,,,,0.8961,7753,9847,0.7184,253830196,6949,0.6132,,0.7548,54384,47308
105349,Northland Pioneer College,Holbrook,AZ,1,9,1,1,3,1,1,1010,,,,,,8300,7275,0.466,1620214,905,0.2188,,,34199,29631
105534,Pima Medical Institute-Tucson,Tucson,AZ,3,26,11,2,4,1,1,2567,,,,,,2939,6170,0.2894,,7581,0.7229,,,38673,37302
105589,Prescott College,Prescott,AZ,2,19,9,3,4,1,1,219,,,,,0.9451,6871,4764,0.6133,2499569,15504,0.5556,,0.7391,42359,33539
105899,Arizona Christian University,Glendale,AZ,2,22,11,3,4,1,1,1165,,20,,,0.7062,3977,5223,0.2656,527700,14198,0.3987,,0.5372,51612,39524
106148,Yavapai College,Prescott,AZ,1,2,1,1,3,1,1,3988,,,,,,8209,8639,0.2799,20169361,2639,0.3353,,,39890,35028
106245,University of Arkansas at Little Rock,Little Rock,AR,1,16,7,3,4,1,1,4949,1049,22,490,470,0.5878,9265,8312,1,174003743,5379,0.4165,,0.7647,45265,40040
106263,University of Arkansas for Medical Sciences,Little Rock,AR,1,27,7,3,4,1,1,1571,,,,,,42386,8573,0.6022,352197000,16070,,,,73827,66491
106306,Arkansas Baptist College,Little Rock,AR,2,23,7,3,3,1,1,342,,,,,,7637,5099,0.3261,,2497,0.0739,,0.234,28418,22652
106342,Lyon College,Batesville,AR,2,21,12,3,3,1,1,648,,24,,,0.6276,19293,6336,0.7969,97187764,9623,0.4676,,0.7131,44232,37629
106397,University of Arkansas,Fayetteville,AR,1,15,12,3,4,1,1,28677,1169,25,520,510,0.743,10926,10657,0.8232,1526675464,10159,0.7052,,0.8637,58191,49686
106412,University of Arkansas at Pine Bluff,Pine Bluff,AR,1,22,10,3,4,1,1,1807,922,16,425,420,0.4118,12263,6201,0.8246,7726990,4065,0.4043,,0.6416,35550,31161
106458,Arkansas State University,Jonesboro,AR,1,16,9,3,4,1,1,9110,1090,23,490,480,0.8226,5703,7579,1,103356487,3951,0.554,,0.7812,42617,38944
106467,Arkansas Tech University,Russellville,AR,1,18,10,1,4,1,1,5388,1049,,450,430,0.9589,6524,7047,0.9935,66411930,4680,0.4856,,0.741,41766,37638
106485,University of Arkansas at Monticello,Monticello,AR,1,19,11,1,4,1,1,1933,,,,,,9946,6161,1,4952382,3771,0.4855,,0.7222,36902,31332
106704,University of Central Arkansas,Conway,AR,1,17,13,3,4,1,1,7762,1118,23,480,430,0.8949,9836,7499,0.7579,63383689,6346,0.5353,,0.7331,45938,36670
106713,Central Baptist College,Conway,AR,2,22,11,3,3,1,1,484,1046,21,473,410,0.6346,4192,5523,0.3247,3895248,9617,0.3411,,0.6275,46789,37681
106810,Crowley's Ridge College,Paragould,AR,2,22,10,3,3,1,1,165,,,,,,4858,6135,0.4474,1581037,9784,0.3585,,0.5385,39533,33362
107044,Harding University,Searcy,AR,2,17,12,3,4,1,1,3382,1182,24,530,520,0.7052,11670,8008,0.6555,212023311,14728,0.6879,,0.864,52876,43555
107071,Henderson State University,Arkadelphia,AR,1,19,11,3,4,1,1,1456,,21,,,,6374,6442,1,26351693,3812,0.3734,,0.6173,43459,35194
107080,Hendrix College,Conway,AR,2,21,12,3,4,1,1,1100,1282,28,560,563,0.5565,15797,8185,1,203248997,10784,0.7235,,0.7964,60376,39913
107141,John Brown University,Siloam Springs,AR,2,19,13,3,4,1,1,1471,1195,26,550,520,0.7614,9542,7468,0.9558,160259289,10821,0.7179,,0.8148,53907,46114
107512,Ouachita Baptist University,Arkadelphia,AR,2,21,12,3,4,1,1,1602,1211,,540,530,0.6752,10607,7702,0.9504,129521253,12137,0.614,,0.8254,51673,41697
107558,University of the Ozarks,Clarksville,AR,2,22,10,3,3,1,1,767,1105,21,530,490,0.5951,15061,6231,0.963,133680079,11163,0.5148,,0.6862,44384,37651
107600,Philander Smith University,Little Rock,AR,2,22,11,3,4,1,1,751,,,,,,6043,7335,1,16416186,6969,0.3038,,0.6568,38427,25254
107877,Williams Baptist University,Walnut Ridge,AR,2,22,11,3,4,1,1,478,980,22,,,0.8342,4360,5570,1,13119341,5636,0.2564,,0.7015,38484,38067
107983,Southern Arkansas University Main Campus,Magnolia,AR,1,18,10,3,4,1,1,2708,1047,22,450,425,0.7533,6019,7469,0.6069,55990064,6736,0.4882,,0.6616,42386,37008
108092,University of Arkansas-Fort Smith,Fort Smith,AR,1,22,7,2,4,1,1,4091,1050,,,,0.8046,7595,7331,0.6017,110335426,3091,0.3788,,0.698,41102,35925
108232,Academy of Art University,San Francisco,CA,3,18,5,3,4,1,1,3587,,,,,,14838,8554,0.1561,,34157,0.3432,,0.7543,39008,30452
108269,Academy of Chinese Culture and Health Sciences,Oakland,CA,2,26,0,4,4,1,1,,,,,,,9153,,,,10530,,,,,
108861,Berkeley School of Theology,Berkeley,CA,2,24,0,1,4,1,1,17,,,,,0.8889,31845,7479,0.381,8700794,16135,,,,,
108870,American Film Institute Conservatory,Los Angeles,CA,2,30,0,4,4,1,1,,,,,,,7016,10468,0.1111,23368287,35220,,,,,
109350,Antelope Valley Community College District,Lancaster,CA,1,14,5,2,3,1,1,11534,,,,,,7962,11244,0.2421,7578620,560,0.3438,,,36526,28110
109651,Art Center College of Design,Pasadena,CA,2,20,13,3,4,1,1,2017,,,,,0.7454,26617,9383,0.1908,137353000,41579,0.7917,,0.8594,71958,53562
109785,Azusa Pacific University,Azusa,CA,2,16,11,3,4,1,1,2759,1195,22,515,468,0.8843,10283,10419,1,90358715,19399,0.6179,,0.8402,66677,56794
109819,Bakersfield College,Bakersfield,CA,1,14,5,2,3,1,1,17280,,,,,,6893,12330,0.5013,13758312,443,0.207,,,37291,29867
110060,Bethesda University,Anaheim,CA,2,22,11,3,4,1,1,205,,,,,,2293,3965,,,8202,0.1111,,0.4483,,37397
110097,Biola University,La Mirada,CA,2,17,13,3,4,1,1,3474,1261,26,600,560,0.7435,12866,10336,1,146197897,20656,0.676,,0.839,56778,45752
110219,Bryan University,Tempe,AZ,3,23,11,1,4,1,1,2506,,,,,,4628,5728,0.1504,,17541,0.4056,,,40283,32146
110316,California Institute of Integral Studies,San Francisco,CA,2,17,11,3,4,1,1,38,,,,,,14091,10283,0.3837,1599818,26416,,,,48848,56360
110361,California Baptist University,Riverside,CA,2,18,11,3,4,1,1,8179,,,,,0.8488,9630,10941,0.4845,133075937,19768,0.6188,,0.7436,61504,52336
110370,California College of the Arts,San Francisco,CA,2,30,11,3,4,1,1,990,,,,,0.911,24140,9785,0.2242,39736000,34414,0.6122,,0.867,49414,38308
110398,University of California College of the Law-San Francisco,San Francisco,CA,1,31,0,4,4,1,1,,,,,,,35918,17540,0.2991,60026172,31484,,,,,
110404,California Institute of Technology,Pasadena,CA,2,15,14,3,4,1,1,987,,,,,0.0257,124489,23993,0.91,3598221000,21621,0.9437,,0.9737,128566,132140
110413,California Lutheran University,Thousand Oaks,CA,2,18,13,3,4,1,1,2296,1266,26,590,560,0.7567,12168,10794,1,133747441,21122,0.696,,0.7878,68712,54981
110422,California Polytechnic State University-San Luis Obispo,San Luis Obispo,CA,1,18,14,3,4,1,1,21996,,,,,0.3132,11438,12673,0.6902,265257622,11489,0.864,,0.9555,90768,72358
110468,Alliant International University-San Diego,San Diego,CA,3,17,5,1,4,1,1,391,,,,,0,10274,8207,1,,24237,,,,66666,47218
110486,California State University-Bakersfield,Bakersfield,CA,1,18,13,3,4,1,1,8577,,,,,0.9385,8900,11613,0.5201,37162254,4420,0.498,,0.7883,59009,44282
110495,California State University-Stanislaus,Turlock,CA,1,18,11,3,4,1,1,8385,,,,,0.9814,10889,11926,0.5411,18609524,4280,0.5345,,0.8246,63188,47793
110510,California State University-San Bernardino,San Bernardino,CA,1,16,11,3,4,1,1,15023,,,,,0.9374,9661,11988,0.4885,51226531,3725,0.549,,0.7959,59977,43149
110529,California State Polytechnic University-Pomona,Pomona,CA,1,18,11,3,4,1,1,25042,,,,,0.7517,8485,12943,0.4793,165987591,5059,0.6843,,0.8738,71902,54466
110538,California State University-Chico,Chico,CA,1,18,11,3,4,1,1,13631,,,,,0.9272,8907,11664,0.5566,88694074,5519,0.6278,,0.8163,64172,50493
110547,California State University-Dominguez Hills,Carson,CA,1,18,7,3,4,1,1,12538,,,,,0.933,9329,11789,0.4678,24210274,3788,0.4279,,0.7365,57162,46827
110556,California State University-Fresno,Fresno,CA,1,16,11,3,4,1,1,21605,,,,,0.9526,9435,11540,0.5484,218194842,3688,0.5696,,0.8157,61244,44012
110565,California State University-Fullerton,Fullerton,CA,1,16,11,3,4,1,1,38546,,,,,0.9052,7992,12295,0.5037,130879802,5288,0.7018,,0.8242,62951,48558
110574,California State University-East Bay,Hayward,CA,1,16,13,3,4,1,1,9809,,,,,0.9739,8602,12805,0.4807,30043027,6041,0.4795,,0.7569,71401,55546
110583,California State University-Long Beach,Long Beach,CA,1,16,13,3,4,1,1,35924,,,,,0.4627,8963,12276,0.4524,115393604,4744,0.6888,,0.868,64403,50062
110592,California State University-Los Angeles,Los Angeles,CA,1,18,11,3,4,1,1,19562,,,,,0.9125,9018,12690,0.4156,58107987,3420,0.5298,,0.7185,59211,45702
110608,California State University-Northridge,Northridge,CA,1,18,11,3,4,1,1,32691,,,,,0.9345,8003,12456,0.4325,216555272,4574,0.5695,,0.7344,59115,44372
110617,California State University-Sacramento,Sacramento,CA,1,18,11,3,4,1,1,28350,,,,,0.9399,8604,11717,0.49,74604629,5424,0.5629,,0.8191,64876,51074
110635,University of California-Berkeley,Berkeley,CA,1,15,15,3,4,1,1,33068,,,,,0.1098,23741,21246,0.6957,2976911000,23722,0.9284,,0.9679,92446,74919
110644,University of California-Davis,Davis,CA,1,15,15,3,4,1,1,32253,,,,,0.4183,34097,18357,0.8759,681104000,20510,0.8567,,0.9281,80838,58461
110653,University of California-Irvine,Irvine,CA,1,15,15,3,4,1,1,30197,,,,,0.2857,29852,19250,0.8318,795885000,16830,0.8687,,0.9405,80735,56210
110662,University of California-Los Angeles,Los Angeles,CA,1,15,15,3,4,1,1,33475,,,,,0.0897,73875,22848,0.7512,3161632000,20383,0.9262,,0.9731,82511,59063
110671,University of California-Riverside,Riverside,CA,1,15,13,3,4,1,1,22593,,,,,0.7639,16225,17096,0.8947,251874000,13326,0.7596,,0.876,67699,48593
110680,University of California-San Diego,La Jolla,CA,1,15,15,3,4,1,1,34948,,,,,0.2671,26067,19117,0.8766,1358323000,18939,0.8605,,0.9402,84943,65669
110699,University of California-San Francisco,San Francisco,CA,1,27,0,4,4,1,1,,,,,,,174300,15651,0.6641,2374265000,18005,,,,,
110705,University of California-Santa Barbara,Santa Barbara,CA,1,15,15,3,4,1,1,23113,,,,,0.3297,17118,20677,0.8994,377029000,18982,0.8303,,0.93,74915,56852
110714,University of California-Santa Cruz,Santa Cruz,CA,1,15,15,3,4,1,1,17940,,,,,0.6579,13595,17994,0.8491,151245000,13437,0.7509,,0.8795,68396,49716
110778,Sofia University,Palo Alto,CA,3,32,7,3,4,1,1,5,,,,,,9471,6926,1,,21823,,,,,
111045,Haven University,Garden Grove,CA,2,24,11,3,4,1,1,28,,,,,,8681,1500,,,5685,,,,,
111081,California Institute of the Arts,Valencia,CA,2,19,15,3,4,1,1,860,,,,,0.3234,34675,10095,0.4474,221602626,36093,0.6667,,0.8239,41198,28018
111188,Cal Poly Maritime Academy,Vallejo,CA,1,22,11,3,4,1,1,804,,,,,0.9501,22010,12097,0.7895,15866246,7675,0.5972,,0.7746,94784,84676
111391,California Western School of Law,San Diego,CA,2,31,0,4,4,1,1,,,,,,,14106,13248,0.493,31874001,41041,,,,,
111638,Casa Loma College-Los Angeles,Sherman Oaks,CA,2,10,4,2,3,1,1,758,,,,,0.4255,6954,6630,0.3333,,15920,0.7324,,,49854,50197
111948,Chapman University,Orange,CA,2,16,14,3,4,1,1,7478,1357,29,630,630,0.6543,21557,13611,1,668428000,37052,0.8188,,0.9181,70070,58080
111966,Charles R Drew University of Medicine and Science,Los Angeles,CA,2,26,9,3,4,1,1,282,,,,,0.3874,23423,9291,0.2708,107439500,20136,0.2963,,0.5,83438,60939
112075,Concordia University-Irvine,Irvine,CA,2,17,13,3,4,1,1,1536,,25,,,0.6599,9280,8069,1,56461674,16613,0.5831,,0.7483,65083,53777
112084,San Diego Christian College,Santee,CA,2,20,11,3,4,1,1,87,,,,,0.3081,9990,7898,0.1935,693502,15917,0.1967,,0.8571,49766,39848
112127,Church Divinity School of the Pacific,Berkeley,CA,2,24,0,4,4,1,1,,,,,,,39146,15581,,25892532,3088,,,,,
112251,Claremont Graduate University,Claremont,CA,2,16,0,4,4,1,1,,,,,,,30454,14427,0.7203,199994170,34338,,,,64372,
112260,Claremont McKenna College,Claremont,CA,2,21,14,3,4,1,1,1388,1527,34,720,750,0.0959,47965,16701,0.9023,1206468000,42971,0.9136,,0.9813,104736,87603
112394,University of Silicon Valley,San Jose,CA,3,22,15,3,4,1,1,455,,,,,0.5118,5946,7964,0.069,,24949,0.2874,,0.6875,51017,39802
112525,Western University of Health Sciences,Pomona,CA,2,25,0,4,4,1,1,,,,,,,39399,12170,0.8777,62536571,55024,,,,,
113111,Crafton Hills College,Yucaipa,CA,1,1,1,2,3,1,1,5687,,,,,,3772,11171,0.3319,,752,0.3128,,,42553,35077
113236,Cypress College,Cypress,CA,1,14,5,1,3,1,1,13354,,,,,,7030,13082,0.3329,,923,0.3728,,,43533,35285
113582,Design Institute of San Diego,San Diego,CA,3,30,7,3,4,1,1,77,,,,,1,7677,7708,,,27725,0.8,,0,46920,46916
113698,Dominican University of California,San Rafael,CA,2,19,13,3,4,1,1,1114,1290,23,620,590,0.835,14134,10036,0.2983,30807092,20987,0.7805,,0.8548,84713,71477
113704,Dominican School of Philosophy & Theology,Berkeley,CA,2,20,0,4,4,1,1,,,,,,,28247,4483,1,8066390,3537,,,,,
114433,Feather River Community College District,Quincy,CA,1,14,5,2,3,1,1,1828,,,,,,10147,10290,0.3684,205743,2442,0.3457,,0.6,38142,33495
114549,Fielding Graduate University,Santa Barbara,CA,2,17,0,4,4,1,1,,,,,,,12310,6823,0.3476,9377720,25763,,,,,
114585,Five Branches University,Santa Cruz,CA,3,26,0,4,4,1,1,,,,,,,3241,,0.0781,,11816,,,,,
114716,Foothill College,Los Altos Hills,CA,1,14,5,1,3,1,1,11137,,,,,,5712,11815,0.3372,11820907,1826,0.5637,,,57072,48920
114734,Franciscan School of Theology,San Diego,CA,2,24,0,4,4,1,1,,,,,,,23503,6362,,5291942,16288,,,,,
114813,Fresno Pacific University,Fresno,CA,2,18,11,3,4,1,1,1544,,21,,,0.6407,7528,8399,1,19748127,16386,0.5,,0.7157,58896,51422
114840,Fuller Theological Seminary,Pasadena,CA,2,24,0,4,4,1,1,,,,,,,9600,8192,0.4862,134000000,12611,,,,,
115010,Glendale Career College,Glendale,CA,3,10,4,2,3,1,1,896,,,,,,6942,5980,,,18674,0.626,,0.9,41472,38921
115083,Golden Gate University,San Francisco,CA,2,18,7,3,4,1,1,259,,,,,,3457,9127,1,46204562,6271,,,,87434,81704
115214,Graduate Theological Union,Berkeley,CA,2,24,0,4,4,1,1,,,,,,,18016,8497,0.6667,50421017,8854,,,,,
115409,Harvey Mudd College,Claremont,CA,2,21,14,3,3,1,1,921,1545,35,730,770,0.1266,36100,15352,0.9268,412997574,40170,0.9188,,0.9641,138687,115107
115746,Pacifica Graduate Institute,Santa Barbara CA,CA,3,26,0,4,4,1,1,,,,,,,9836,9323,0.1684,,22419,,,,,
115755,California State Polytechnic University-Humboldt,Arcata,CA,1,18,11,3,4,1,1,5612,,,,,0.982,18064,11900,0.5176,32220457,5672,0.4855,,0.7599,47626,37382
115773,Humphreys University,Stockton,CA,2,20,5,3,4,1,1,149,,,,,,7995,6868,0.16,407087,15654,0.6154,,1,39248,40569
116226,Interior Designers Institute,Newport Beach,CA,3,30,5,2,4,1,1,97,,,,,,5086,,,,24710,,,,54974,51615
116846,American Jewish University,Los Angeles,CA,2,21,11,1,4,1,1,60,,,,,,18456,13979,1,24039640,9713,0.4444,,,61954,
117104,Life Pacific University,San Dimas,CA,2,22,11,3,4,1,1,456,,,,,0.958,6452,6254,0.2254,4722223,13224,0.404,,0.7302,43299,35814
117140,University of La Verne,La Verne,CA,2,17,7,3,4,1,1,3050,1083,21,498,488,0.7117,9908,10550,0.2974,131197961,20960,0.6312,,0.6445,65464,53806
117168,Laguna College of Art and Design,Laguna Beach,CA,2,30,11,3,4,1,1,746,,,,,0.9432,11485,8099,0.0935,4039383,26062,0.5172,,0.8421,47867,31987
117520,Life Chiropractic College West,Hayward,CA,2,26,0,4,4,1,1,,,,,,,18924,8247,0.3391,,36410,,,,,
117557,Lincoln University,Oakland,CA,2,29,11,3,4,1,1,204,,,,,,5946,5583,0.3793,,9604,1,,0.8889,53695,44602
117575,Southern California Seminary,El Cajon,CA,2,22,5,3,4,1,1,32,,,,,,8166,6254,0.3333,115851,11998,0.5,,0,39607,43014
117627,La Sierra University,Riverside,CA,2,19,11,3,4,1,1,1116,,23,,,0.915,13162,8396,0.6429,116875857,28842,0.5973,,0.7729,61824,42617
117636,Loma Linda University,Loma Linda,CA,2,16,11,3,4,1,1,909,,,,,,29733,11868,0.972,551488000,40901,,,,89816,88185
117672,Southern California University of Health Sciences,Whittier,CA,2,26,5,1,4,1,1,158,,,,,,14855,9047,0.3065,1578344,25180,0.5,,,70649,33761
117751,The Master's University and Seminary,Santa Clarita,CA,2,17,8,3,4,1,1,1622,,,,,0.8402,8426,8083,0.2429,52823541,13955,0.6773,,0.8467,57106,41665
117946,Loyola Marymount University,Los Angeles,CA,2,16,15,3,4,1,1,7094,1359,30,640,620,0.4508,19325,13834,0.5824,651894000,42020,0.7887,,0.8858,78349,62763
118693,Menlo College,Atherton,CA,2,29,13,3,4,1,1,752,,,,,0.6847,8662,10344,1,19668047,17845,0.535,,0.6994,76419,60608
118888,Northeastern University Oakland,Oakland,CA,2,19,13,3,4,1,1,464,1472,31,690,730,0.1665,200,14244,1,,30304,,,0.0021,92538,78413
118912,MiraCosta College,Oceanside,CA,1,14,5,2,3,1,1,10278,,,,,,7169,14957,0.2307,13396736,1063,0.4111,,0.9091,43845,37965
118976,Modesto Junior College,Modesto,CA,1,14,5,2,3,1,1,15109,,,,,,5526,10951,0.4675,7728790,630,0.2957,,0.7144,42368,34568
119058,Middlebury Institute of International Studies at Monterey,Monterey,CA,2,18,11,3,4,1,1,4,,,,,,21337,11958,0.6566,151293404,34470,,,,76310,57291
119173,Mount Saint Mary's University,Los Angeles,CA,2,18,7,3,4,1,1,1719,,,,,0.7313,13438,9605,0.2954,160218110,21109,0.5325,,0.7114,72379,61335
119270,Musicians Institute,Hollywood,CA,3,30,9,1,4,1,1,759,,,,,0.7795,6732,2761,0.295,,24489,0.5281,,0.8,32778,24962
119605,National University,San Diego,CA,2,18,5,3,4,1,1,10794,,,,,,5903,9332,0.1144,1028585700,17886,0.4286,,0.5263,67548,64331
119678,Naval Postgraduate School,Monterey,CA,1,18,0,4,4,1,1,,,,,,,,16480,0.8522,,,,,,,
119775,Newschool of Architecture and Design,San Diego,CA,3,20,11,3,4,1,1,182,,,,,1,7187,6140,0.128,,26121,0.619,,0.625,68891,57073
120166,San Francisco Bay University,Fremont,CA,2,28,14,3,4,1,1,126,,,,,0.9578,6015,8144,0.1316,,3107,,,0.7222,,
120184,Notre Dame de Namur University,Belmont,CA,2,19,6,3,4,1,1,33,,,,,,21249,8598,0.1053,22344705,15374,0.067,,,74576,57676
120254,Occidental College,Los Angeles,CA,2,21,14,3,3,1,1,1877,1452,32,690,690,0.4417,24676,12349,0.7454,604348663,37366,0.8088,,0.8985,75951,52209
120403,Otis College of Art and Design,Los Angeles,CA,2,30,11,3,4,1,1,1223,1310,25,665,600,0.8176,20350,9491,0.1672,22800498,35879,0.663,,0.7447,58152,43654
120537,Hope International University,Fullerton,CA,2,19,11,3,4,1,1,564,1020,,420,420,0.3298,5305,7734,0.3167,9369394,13707,0.4944,,0.5244,49697,36030
120698,Palo Alto University,Palo Alto,CA,2,26,11,3,4,1,1,14,,,,,,24704,16185,0.5581,950389,34039,,,,83187,63310
120768,Pacific Oaks College,Pasadena,CA,2,19,5,3,4,1,1,312,,,,,0.3438,5507,7053,0.1316,11075597,23305,,,,52485,47962
120795,Pacific School of Religion,Berkeley,CA,2,24,0,4,4,1,1,,,,,,,42937,8272,0.9,53476029,15723,,,,,
120865,Pacific Union College,Angwin,CA,2,22,11,2,4,1,1,805,,,,,0.473,19380,6738,1,32738045,17520,0.5828,,0.8864,70484,52713
120883,University of the Pacific,Stockton,CA,2,17,13,3,4,1,1,3204,1346,28,590,593,0.7132,22165,11952,0.5471,598743846,32035,0.6905,,0.8846,78445,62672
121150,Pepperdine University,Malibu,CA,2,17,14,3,4,1,1,3553,1384,28,650,640,0.6286,10390,14314,0.4678,1218871000,33593,0.8335,,0.8757,82939,64934
121257,Pitzer College,Claremont,CA,2,21,14,3,3,1,1,1227,,,,,0.2516,26633,12503,0.8015,170000348,58704,0.8339,,0.938,69512,51784
121309,Point Loma Nazarene University,San Diego,CA,2,18,9,3,4,1,1,3188,1287,26,610,565,0.8368,11365,11862,1,68120443,25333,0.7717,,0.8554,63998,54811
121345,Pomona College,Claremont,CA,2,21,14,3,3,1,1,1666,1534,34,740,750,0.0709,45049,15085,0.942,2797022000,25266,0.932,,0.9755,77779,60850
121619,Santa Ana College,Santa Ana,CA,1,14,5,1,3,1,1,22485,,,,,,7078,13245,0.2505,13565018,638,0.3085,,,43552,36845
121628,RAND School of Public Policy,Santa Monica,CA,2,32,0,4,4,1,1,,,,,,,8910,5889,1,50316687,43377,,,,,
121691,University of Redlands,Redlands,CA,2,18,12,3,4,1,1,2049,1241,29,560,547,0.8271,14333,10565,0.9957,236764512,19586,0.6727,,0.8402,72690,61686
121886,Rio Hondo College,Whittier,CA,1,14,5,1,3,1,1,15684,,,,,,8467,12922,0.3056,3137143,429,0.2453,,1,44950,35115
122117,Dongguk University Los Angeles,Los Angeles,CA,2,26,0,4,4,1,1,,,,,,,2906,6000,,,6181,,,,,
122296,Samuel Merritt University,Oakland,CA,2,26,7,3,4,1,1,718,,,,,,19852,11449,0.4509,41752529,33051,,,,143238,143353
122375,San Diego Mesa College,San Diego,CA,1,14,5,2,3,1,1,16098,,,,,,4552,10642,0.3766,,757,0.3476,,,45120,35773
122409,San Diego State University,San Diego,CA,1,16,13,3,4,1,1,35377,,,,,0.3619,8619,13042,0.5005,433927801,7995,0.7643,,0.9063,64909,52620
122436,University of San Diego,San Diego,CA,2,16,13,3,4,1,1,5671,,,,,0.5238,18725,13201,0.5446,673452000,29378,0.8367,,0.914,86522,64995
122506,San Francisco Conservatory of Music,San Francisco,CA,2,30,14,3,4,1,1,226,,,,,0.5491,46591,15211,1,51616000,28815,0.7368,,0.9273,,23988
122597,San Francisco State University,San Francisco,CA,1,16,11,3,4,1,1,18639,,,,,0.9644,10604,13199,0.5316,162031540,5140,0.5037,,0.827,68077,52650
122612,University of San Francisco,San Francisco,CA,2,17,15,3,4,1,1,5287,1295,29,610,580,0.6171,20560,14860,0.3982,509622000,31372,0.7006,,0.8369,89812,69951
122649,San Joaquin College of Law,Clovis,CA,2,31,0,4,4,1,1,,,,,,,8856,10005,0.25,914345,24152,,,,,
122685,San Joaquin Valley College-Visalia,Visalia,CA,3,26,11,1,3,1,1,2207,,,,,,4444,7414,0.3885,,10427,0.3647,,,38317,36007
122728,William Jessup University,Rocklin,CA,2,19,13,3,4,1,1,1294,1150,,553,488,0.9333,11189,8173,0.3043,5892737,16477,0.5598,,0.7688,56257,43163
122755,San Jose State University,San Jose,CA,1,18,11,3,4,1,1,27601,,,,,0.8461,9020,12896,0.4369,182635743,7154,0.6922,,0.8684,78988,62448
122931,Santa Clara University,Santa Clara,CA,2,17,14,3,4,1,1,6552,1426,32,670,680,0.48,22421,14682,0.7182,1478274000,39904,0.8792,,0.9392,109183,91198
122977,Santa Monica College,Santa Monica,CA,1,14,5,2,3,1,1,21440,,,,,,8852,14243,0.2897,15819634,2825,0.3627,,,42193,31977
123095,Saybrook University,Pasadena,CA,2,17,0,4,4,1,1,,,,,,,13888,7461,0.2469,,39362,,,,,
123165,Scripps College,Claremont,CA,2,21,14,3,4,1,1,1113,1492,33,720,720,0.3829,31253,13213,0.7681,478732014,38929,0.8254,,0.9382,77539,68027
123280,Shasta Bible College and Graduate School,Redding,CA,2,24,5,3,4,1,1,21,,,,,1,4751,1942,,45267,10012,1,,,28891,32327
123299,Shasta College,Redding,CA,1,14,5,2,3,1,1,6128,,,,,,5208,10713,0.4061,,762,0.2326,,1,39269,32486
123448,Trinity Law School,Santa Ana,CA,2,31,0,4,4,1,1,,,,,,,6465,9899,1,148790,19342,,,,46989,41545
123457,Simpson University,Redding,CA,2,21,7,3,4,1,1,809,,,,,0.8603,12171,7504,1,6836063,17048,0.4884,,0.6042,54340,51256
123509,Skyline College,San Bruno,CA,1,14,5,2,3,1,1,7620,,,,,,5778,13504,0.4448,,1066,0.443,,,55702,41261
123554,Saint Mary's College of California,Moraga,CA,2,18,13,3,4,1,1,1947,,,,,0.8653,14094,11429,0.611,170597000,18136,0.703,,0.8537,78812,60388
123563,Solano Community College,Fairfield,CA,1,14,5,2,3,1,1,8061,,,,,,6579,11474,0.4053,,798,0.3619,,,44170,35071
123572,Sonoma State University,Rohnert Park,CA,1,18,11,3,4,1,1,5166,,,,,0.9343,11482,12780,0.5089,50615917,5980,0.5759,,0.792,65986,52179
123633,South Baylo University,Anaheim,CA,2,26,0,4,4,1,1,,,,,,,2614,5242,0.3056,,8275,,,,,
123651,Vanguard University of Southern California,Costa Mesa,CA,2,19,10,3,4,1,1,1933,,22,,,0.6244,8587,9494,1,16077890,19204,0.5677,,0.7006,59541,43464
123916,Starr King School for the Ministry,Oakland,CA,2,24,0,4,4,1,1,,,,,,,13162,5059,0.6563,7995705,15530,,,,,
123943,Marshall B Ketchum University,Fullerton,CA,2,26,0,4,4,1,1,,,,,,,29571,11063,0.6579,10457146,44780,,,,,
123952,Southern California Institute of Architecture,Los Angeles,CA,2,32,13,3,4,1,1,236,,,,,0.766,17178,9192,0.625,5725000,32796,0.7143,,0.9143,71909,53274
123961,University of Southern California,Los Angeles,CA,2,15,15,3,4,1,1,20443,1495,34,710,740,0.0981,49674,17924,0.5898,7589079000,41570,0.9183,,0.9593,92498,74461
123970,Southwestern Law School,Los Angeles,CA,2,31,0,4,4,1,1,,,,,,,17528,17027,0.9833,26786734,40926,,,,,
124283,Claremont School of Theology,Los Angeles,CA,2,24,0,4,4,1,1,,,,,,,19157,5519,1,10115405,6642,,,,,
124292,Thomas Aquinas College,Santa Paula,CA,2,21,14,3,3,1,1,566,1329,28,640,580,0.8309,17897,9628,0.9855,30685938,16131,0.843,,0.9161,55619,40605
124487,Epic Bible College & Graduate School,Sacramento,CA,2,-2,-2,3,4,1,1,66,,,,,,9547,,,,15516,0,,,37822,33779
125037,The Colleges of Law at Ventura,Ventura,CA,2,31,0,4,4,1,1,,,,,,,2968,7957,,1512501,10443,,,,,
125231,Walden University,Minneapolis,MN,3,17,5,3,4,1,1,9136,,,,,,3101,7406,0.1099,,15942,,,0,42810,50657
125471,West Los Angeles College,Culver City,CA,1,14,5,1,3,1,1,7284,,,,,,9503,12916,0.2975,,658,0.2789,,,38537,32538
125532,Carrington College-Sacramento,Sacramento,CA,3,10,4,1,3,1,1,2168,,,,,,3567,6837,0.5575,,8958,0.5077,,,39633,37870
125718,Westminster Theological Seminary in California,Escondido,CA,2,24,0,4,4,1,1,,,,,,,17142,8281,0.8,866383,7125,,,,,
125727,Westmont College,Santa Barbara,CA,2,21,12,3,3,1,1,1302,1328,29,630,610,0.7705,22852,10166,0.6391,89005489,19737,0.7035,,0.85,64778,53737
125763,Whittier College,Whittier,CA,2,21,12,3,4,1,1,764,,26,,,0.8079,25263,9094,0.7438,129733783,22734,0.5996,,0.6621,59492,46025
125897,Woodbury University,Burbank,CA,2,20,13,3,4,1,1,779,,,,,0.8165,18298,,,13613577,26622,0.6,,0.7404,65668,47665
126012,The Wright Institute,Berkeley,CA,2,26,0,4,4,1,1,,,,,,,14207,11503,0.25,15662707,26508,,,,,
126049,Thomas Jefferson School of Law,San Diego,CA,2,31,0,4,4,1,1,,,,,,,9969,11313,0.1463,163685,41863,,,,,
126076,Yeshiva Ohr Elchonon Chabad West Coast Talmudical Seminary,Los Angeles,CA,2,24,12,3,3,1,1,163,,,,,0.5821,14395,5655,0.5909,,18770,0.1186,,0.9508,48361,17439
126182,Adams State University,Alamosa,CO,1,18,7,3,4,1,1,1250,,21,,,,9349,7123,0.504,62673,6747,0.3942,,0.5068,44372,38338
126207,Aims Community College,Greeley,CO,1,3,1,1,3,1,1,3635,,,,,,9741,8064,1,5933164,2931,0.3957,,0.7221,41887,39696
126289,Arapahoe Community College,Littleton,CO,1,6,1,1,3,1,1,5383,,,,,,5752,9111,0.2105,,7884,0.291,,,48341,43676
126562,University of Colorado Denver/Anschutz Medical Campus,Denver,CO,1,15,9,3,4,1,1,10519,1116,25,490,490,0.7468,43845,12152,0.6468,,16658,0.4615,,0.7265,64270,52475
126580,University of Colorado Colorado Springs,Colorado Springs,CO,1,16,7,3,4,1,1,8697,1133,,510,500,0.9735,11886,9318,0.622,,12266,0.4693,,0.6835,54659,45766
126614,University of Colorado Boulder,Boulder,CO,1,15,14,3,4,1,1,31939,1357,28,630,610,0.7808,18515,13324,0.7583,,23843,0.7419,,0.9015,69738,54939
126669,Colorado Christian University,Lakewood,CO,2,18,5,3,4,1,1,5549,,,,,,3792,7470,0.1997,9045950,11529,0.6441,,0.8374,50416,41623
126678,Colorado College,Colorado Springs,CO,2,21,14,3,4,1,1,2014,1365,,640,590,0.1847,34153,12786,0.8048,877556682,42557,0.8766,,0.9362,65222,47611
126687,Concorde Career College-Aurora,Aurora,CO,3,10,4,1,3,1,1,256,,,,,0.9046,13461,6993,0.6593,,24364,0.636,,,42456,40181
126711,Colorado Mountain College,Glenwood Springs,CO,1,23,5,1,3,1,1,2816,,,,,,11483,9184,0.1647,21956968,2687,0.2737,,0.4,44127,36307
126748,Colorado Northwestern Community College,Rangely,CO,1,5,2,1,3,1,1,504,,,,,,9887,6905,1,,8097,0.3354,,,43526,39760
126775,Colorado School of Mines,Golden,CO,1,15,14,3,4,1,1,6155,1412,31,650,670,0.6069,20431,14000,0.7278,351756085,24661,0.8171,,0.9279,97335,82950
126818,Colorado State University-Fort Collins,Fort Collins,CO,1,15,12,3,4,1,1,25538,,26,,,0.8854,16781,11801,0.7436,598773948,18489,0.6651,,0.8589,60543,49748
126827,Colorado Technical University-Colorado Springs,Colorado Springs,CO,3,17,7,3,4,1,1,28086,,,,,,1533,7570,,,13545,0.1878,,0.5056,37180,30406
126942,Community College of Denver,Denver,CO,1,14,5,2,3,1,1,5096,,,,,,5844,8449,0.3183,,6434,0.1997,,,39095,36412
126979,Denver Seminary,Littleton,CO,2,19,0,4,4,1,1,,,,,,,14669,4400,0.2113,16404835,13564,,,,,
127060,University of Denver,Denver,CO,2,15,14,3,4,1,1,6025,1355,29,640,600,0.7781,19940,13010,0.5299,1022729305,31378,0.756,,0.8894,71155,57118
127185,Fort Lewis College,Durango,CO,1,22,11,3,4,1,1,3079,1111,20,505,505,0.773,10644,6374,0.8156,15756815,4977,0.3564,,0.6613,46349,36352
127200,Front Range Community College,Westminster,CO,1,6,1,1,3,1,1,11476,,,,,,5925,7963,1,1963496,7405,0.3545,,1,45910,40548
127273,Iliff School of Theology,Denver,CO,2,24,0,4,4,1,1,,,,,,,26094,8122,1,12754486,9299,,,,,
127556,Colorado Mesa University,Grand Junction,CO,1,22,12,1,4,1,1,8143,1055,23,480,450,0.8203,10538,7747,0.6027,49600457,10467,0.4061,,0.7879,45823,39223
127565,Metropolitan State University of Denver,Denver,CO,1,18,7,3,4,1,1,15002,1019,21,450,430,0.988,8036,10105,1,26536459,9161,0.3154,,0.6289,52093,45391
127617,Morgan Community College,Fort  Morgan,CO,1,9,1,1,3,1,1,634,,,,,,9448,7431,1,7907811,5767,0.4458,,,39429,37293
127653,Naropa University,Boulder,CO,2,19,11,3,4,1,1,339,,,,,1,14461,5935,0.3925,4613108,21684,0.3667,,0.5417,28720,21841
127714,Nazarene Bible College,Colorado Springs,CO,2,24,5,3,3,1,1,284,,,,,,7519,4834,1,2708902,8708,,,,41450,37119
127741,University of Northern Colorado,Greeley,CO,1,17,11,3,4,1,1,5598,1082,23,490,460,0.8585,10378,8988,0.566,112357918,12149,0.5124,,0.7585,52231,43756
127820,Pikes Peak State College,Colorado Springs,CO,1,14,5,2,3,1,1,9595,,,,,,6324,7622,0.9634,6081771,6686,0.2058,,,40796,35799
127884,Pueblo Community College,Pueblo,CO,1,14,5,1,3,1,1,3619,,,,,,9235,7206,1,,7320,0.3068,,0,37434,33368
127909,Red Rocks Community College,Lakewood,CO,1,14,5,1,4,1,1,4889,,,,,,9164,8601,1,,7794,0.3201,,,46288,41495
127918,Regis University,Denver,CO,2,17,8,3,4,1,1,2627,1220,25,,,0.8646,11821,8318,0.3426,87852578,20168,0.6102,,0.7143,72105,64557
127945,Rocky Mountain College of Art and Design,Lakewood,CO,3,22,5,3,3,1,1,2050,,,,,,5374,5588,0.2804,,21145,0.3176,,0.5398,42958,30280
128106,Colorado State University Pueblo,Pueblo,CO,1,19,11,3,4,1,1,3042,1120,22,,,0.949,6672,8216,0.5457,25391925,3995,0.3973,,0.6425,55563,43053
128258,Trinidad State College,Trinidad,CO,1,5,2,1,3,1,1,1188,,,,,,7846,6277,1,6464538,4043,0.545,,0.6384,36475,36025
128328,United States Air Force Academy,USAF Academy,CO,1,22,14,3,3,1,1,4114,1350,32,620,610,0.1409,35824,11610,1,129182281,0,0.8751,,0.9655,,
128391,Western Colorado University,Gunnison,CO,1,19,12,3,4,1,1,1586,1230,24,608,555,0.9971,14568,7628,0.6789,8835417,11352,0.505,,0.7238,46833,40037
128498,Albertus Magnus College,New Haven,CT,2,19,11,3,4,1,1,991,,,,,0.5931,8051,8245,0.4783,26235233,15514,0.5148,,0.6686,60144,47153
128744,University of Bridgeport,Bridgeport,CT,2,17,7,3,4,1,1,1534,,,,,0.8302,6944,7399,0.3643,14141000,20173,0.4119,,0.6129,50323,38575
128771,Central Connecticut State University,New Britain,CT,1,18,11,3,4,1,1,7822,1080,23,490,470,0.7333,13976,10902,0.4684,93411735,11766,0.4844,,0.7711,58562,49016
128780,Charter Oak State College,New Britain,CT,1,21,5,3,4,1,1,1821,,,,,,3461,,0.0602,2430438,7243,0.6667,,1,64209,53779
128902,Connecticut College,New London,CT,2,21,14,3,3,1,1,1937,1432,32,690,660,0.3704,12417,7781,0.7849,448853000,25168,0.8205,,0.8973,75001,49165
129020,University of Connecticut,Storrs,CT,1,15,14,3,4,1,1,19835,1348,30,610,600,0.5239,23435,14634,0.6963,546249320,16231,0.8329,,0.9246,73997,63322
129154,Goodwin University,East Hartford,CT,2,23,5,2,4,1,1,2693,,,,,,16302,6563,0.322,14820184,22238,0.5821,,0.6667,43596,40230
129215,Eastern Connecticut State University,Willimantic,CT,1,20,13,3,4,1,1,3418,1160,,540,530,0.8298,14453,11210,0.4555,18219241,8571,0.5752,,0.8374,56469,47289
129242,Fairfield University,Fairfield,CT,2,17,14,3,4,1,1,5373,1335,29,630,630,0.3329,15558,13298,1,379993000,29575,0.843,,0.9129,88794,73693
129491,Hartford International University for Religion and Peace,Hartford,CT,2,20,0,4,4,1,1,,,,,,,20763,9859,0.3214,52363882,13505,,,,,
129525,University of Hartford,West Hartford,CT,2,17,12,3,4,1,1,4146,1219,26,570,550,0.9575,16235,8428,0.4402,183500000,16823,0.5438,,0.829,60823,42581
129534,Holy Apostles College and Seminary,Cromwell,CT,2,19,5,3,4,1,1,216,,,,,,5170,8208,0.2727,,8206,0.7857,,0.9091,,
129774,Mitchell College,New London,CT,2,22,13,3,3,1,1,377,,,,,0.9466,7754,7511,1,8043306,18145,0.4218,,0.5904,39115,35330
129941,University of New Haven,West Haven,CT,2,18,12,3,4,1,1,4841,1160,27,540,520,0.6038,9780,11914,0.2422,92484026,20244,0.6307,,0.7648,60126,49829
130183,Post University,Waterbury,CT,3,18,5,3,4,1,1,13603,,,,,,2664,7044,0.0575,,14639,0.2493,,0.3341,38696,31401
130226,Quinnipiac University,Hamden,CT,2,17,10,3,4,1,1,6531,1242,,580,570,0.7215,13460,11491,0.3598,770268155,25741,0.757,,0.8912,83759,65744
130253,Sacred Heart University,Fairfield,CT,2,17,12,3,4,1,1,7087,,,,,0.6536,9979,11014,0.3312,268374203,25271,0.7346,,0.8308,75059,63925
130314,University of Saint Joseph,West Hartford,CT,2,18,11,3,4,1,1,838,950,,440,410,0.7859,14562,8639,0.9573,45950000,23392,0.6376,,0.8208,59908,52053
130493,Southern Connecticut State University,New Haven,CT,1,18,13,3,4,1,1,6295,,,,,0.9147,11507,11216,0.4433,35703991,13085,0.4993,,0.7787,55043,45422
130590,Trinity College,Hartford,CT,2,21,14,3,4,1,1,2146,1415,31,658,640,0.2925,28943,11642,0.8796,807434278,29551,0.8377,,0.8995,90779,67628
130624,United States Coast Guard Academy,New London,CT,1,22,14,3,3,1,1,1108,1339,27,620,620,0.2244,43932,8217,0.9412,89677352,0,0.9273,,0.9861,,
130697,Wesleyan University,Middletown,CT,2,21,14,3,4,1,1,3067,1501,33,705,710,0.1649,34729,14100,0.9021,1554388000,36258,0.9264,,0.9488,73897,60385
130776,Western Connecticut State University,Danbury,CT,1,19,11,3,4,1,1,3511,1110,,510,530,0.8701,16024,11406,1,25143450,11462,0.5176,,0.7319,59115,45997
130794,Yale University,New Haven,CT,2,15,14,3,4,1,1,6758,1534,34,730,740,0.0387,80541,22590,0.75,40746867000,19999,0.9574,,0.9878,100533,81765
130907,Delaware Technical Community College-Terry,Dover,DE,1,14,5,2,3,1,1,10867,,,,,,9972,8962,0.3177,,6185,0.2248,,,41448,35336
130934,Delaware State University,Dover,DE,1,19,10,3,4,1,1,4398,940,,420,380,0.4658,8851,8869,0.54,41120839,8572,0.391,,0.6995,49307,37503
130943,University of Delaware,Newark,DE,1,15,14,3,4,1,1,19071,1292,29,600,590,0.706,21941,14649,0.9939,1819782846,19278,0.8055,,0.9196,72950,58846
130989,Goldey-Beacom College,Wilmington,DE,2,18,13,3,4,1,1,691,,,,,0.8451,3874,8592,0.2644,170356803,8797,0.5743,,0.7181,59892,45097
131113,Wilmington University,New Castle,DE,2,17,5,3,4,1,1,7906,,,,,,3893,9179,0.0696,164474609,10928,0.1982,,0.6122,53844,49635
131159,American University,Washington,DC,2,16,14,3,4,1,1,7266,1381,31,660,620,0.6196,19197,13722,0.5874,961166000,36045,0.7549,,0.882,77370,61328
131283,The Catholic University of America,Washington,DC,2,16,10,3,4,1,1,3154,,,,,0.8278,22922,11252,0.5297,365144650,20765,0.7947,,0.8651,73250,63217
131399,University of the District of Columbia,Washington,DC,1,19,5,2,4,1,1,3351,,,,,,12646,7925,0.384,58641581,7744,0.3324,,0.6757,44236,36358
131405,Pontifical Faculty of the Immaculate Conception at the Dominican House of Studies,Washington,DC,2,24,0,4,4,1,1,,,,,,,26135,5477,1,2850973,20580,,,,,
131450,Gallaudet University,Washington,DC,2,17,11,3,4,1,1,812,868,17,380,400,0.5806,41824,10939,1,204376114,15861,0.4726,,0.7114,43101,36578
131469,George Washington University,Washington,DC,2,15,15,3,4,1,1,11182,1433,32,680,670,0.4709,24525,16784,0.4929,2522442000,35833,0.8398,,0.9223,90873,71607
131496,Georgetown University,Washington,DC,2,15,14,3,4,1,1,7569,1487,34,700,690,0.1291,37019,18098,0.4764,3298969000,44262,0.9481,,0.9675,103494,83222
131520,Howard University,Washington,DC,2,16,12,3,4,1,1,10108,1213,24,560,530,0.4134,14944,11580,0.6425,926633000,19170,0.6996,,0.9088,63066,47379
131803,Strayer University-District of Columbia,Washington,DC,3,20,5,3,4,1,1,156,,,,,,1967,729,0.4706,,14228,0,,1,40092,36582
131876,Trinity Washington University,Washington,DC,2,19,7,3,4,1,1,1414,,,,,0.9952,7929,8291,0.1975,38933160,14320,0.4929,,0.6923,53804,38533
131973,Wesley Theological Seminary,Washington,DC,2,24,0,4,4,1,1,,,,,,,15588,9215,1,31974499,4628,,,,,
132408,Baptist University of Florida,Graceville,FL,2,22,7,3,4,1,1,360,,20,,,0.3599,9992,5515,1,8589732,9223,0.5185,,0.45,42836,31489
132471,Barry University,Miami,FL,2,17,13,3,4,1,1,2212,,,,,0.7724,11546,8861,0.283,53988781,19515,0.3787,,0.6337,55966,47637
132602,Bethune-Cookman University,Daytona Beach,FL,2,21,10,3,4,1,1,2732,880,17,430,400,0.8824,11053,7167,0.76,36303752,7795,0.3052,,0.6175,38518,28282
132657,Lynn University,Boca Raton,FL,2,18,12,3,4,1,1,2859,1134,23,530,510,0.7347,7523,6894,0.4331,37840050,20455,0.5206,,0.766,49006,41427
132693,Eastern Florida State College,Melbourne,FL,1,23,5,2,3,1,1,10490,,,,,,4778,6880,0.3651,19989561,1871,0.5208,,,37195,32437
132709,Broward College,Fort Lauderdale,FL,1,14,5,2,3,1,1,24922,,,,,,3883,6877,0.3117,44981606,1855,0.3913,,,41939,33772
132842,Albizu University-Miami,Miami,FL,2,17,9,3,4,1,1,287,,,,,0.7571,5578,6867,0.9444,,14522,0.4,,0.8333,41544,32168
132851,College of Central Florida,Ocala,FL,1,23,5,1,3,1,1,5033,,,,,,6055,7331,0.4306,81612755,1356,0.4446,,,38203,33267
132903,University of Central Florida,Orlando,FL,1,15,9,3,4,1,1,59146,1269,28,610,590,0.4011,7831,11575,0.9851,186027257,4733,0.7801,,0.9235,58308,47137
133021,Chipola College,Marianna,FL,1,23,5,1,3,1,1,1312,,,,,,6990,6218,0.4035,18927510,1680,0.5313,,,37378,32129
133386,Daytona State College,Daytona Beach,FL,1,23,5,2,3,1,1,10176,,,,,,5646,7621,0.2803,20767028,2134,0.4323,,,37096,32933
133465,South University-West Palm Beach,Royal Palm Beach,FL,3,26,7,3,4,1,1,251,,,,,,10230,9088,0.5345,,19619,0.1818,,1,34421,34115
133492,Eckerd College,Saint Petersburg,FL,2,21,12,3,3,1,1,1888,1250,,600,560,0.758,17363,8920,0.8918,83580143,27012,0.6592,,0.7584,51819,37505
133508,Florida SouthWestern State College,Fort Myers,FL,1,23,5,2,3,1,1,11052,,,,,,4739,7052,0.2759,46408962,1531,0.3921,,,43421,37028
133526,Edward Waters University,Jacksonville,FL,2,22,10,3,4,1,1,1087,,,,,0.8495,4916,5800,1,4331662,14463,0.2819,,0.5385,34782,29809
133553,Embry-Riddle Aeronautical University-Daytona Beach,Daytona Beach,FL,2,18,12,3,4,1,1,7860,1257,26,580,580,0.6481,14657,10966,0.8761,195144000,31389,0.6655,,0.8806,84131,65391
133650,Florida Agricultural and Mechanical University,Tallahassee,FL,1,16,13,3,4,1,1,7582,1107,20,520,510,0.2056,10680,9244,0.9984,97517038,4814,0.5335,,0.8918,44349,36153
133669,Florida Atlantic University,Boca Raton,FL,1,16,9,3,4,1,1,23757,1127,23,530,510,0.6613,9412,10706,0.7525,354574122,6717,0.6257,,0.8447,56746,45647
133702,Florida State College at Jacksonville,Jacksonville,FL,1,23,5,2,3,1,1,19648,,,,,,4827,6904,0.3598,33332917,2408,0.3683,,,42244,36362
133711,Flagler College,Saint Augustine,FL,2,22,13,3,4,1,1,2391,1084,23,510,450,0.8076,10177,7796,0.4865,87754970,17745,0.5598,,0.7553,49483,41963
133809,Florida College,Temple Terrace,FL,2,23,10,3,3,1,1,588,1108,23,480,450,0.6966,15747,7129,1,17258701,20545,0.5404,,0.756,43445,42430
133872,AdventHealth University,Orlando,FL,2,26,5,3,4,1,1,1361,,,,,,12856,8875,0.9764,11241909,16507,0.3889,,0.64,72282,63230
133881,Florida Institute of Technology,Melbourne,FL,2,16,13,3,4,1,1,3404,1225,27,560,560,0.577,11908,11366,0.7554,96580299,21687,0.6354,,0.7995,43137,41941
133951,Florida International University,Miami,FL,1,15,9,3,4,1,1,39508,1163,24,550,520,0.5466,8518,11817,0.9761,306631350,6032,0.7443,,0.9185,60249,47768
133960,The College of the Florida Keys,Key West,FL,1,14,5,2,3,1,1,1012,,,,,,10363,7266,0.211,5687682,2868,0.3413,,,42508,40277
133979,Florida Memorial University,Miami Gardens,FL,2,22,14,3,4,1,1,1183,,,,,0.8526,3701,7615,0.6923,6253204,18400,0.311,,0.4952,36624,28943
134079,Florida Southern College,Lakeland,FL,2,19,12,3,4,1,1,2656,1252,28,590,560,0.6442,11211,9031,1,107580305,19167,0.7055,,0.8,55294,47749
134097,Florida State University,Tallahassee,FL,1,15,15,3,4,1,1,32212,1361,28,640,630,0.2422,13724,12841,0.8398,947008761,7350,0.8561,,0.9605,61675,49814
134130,University of Florida,Gainesville,FL,1,15,15,3,4,1,1,35629,1403,31,660,660,0.242,23406,13581,0.8959,2334070000,8657,0.9112,,0.9771,71588,56398
134237,Full Sail University,Winter Park,FL,3,18,11,3,4,1,1,25777,,,,,,4330,5970,0.9096,,15952,0.4433,,0.5309,38219,31917
134343,Gulf Coast State College,Panama City,FL,1,14,5,2,3,1,1,3934,,,,,,8060,6004,0.6015,35494030,1578,0.4346,,,38359,33651
134495,Hillsborough College,Tampa,FL,1,2,2,1,3,1,1,21472,,,,,,4103,7844,0.3697,6635664,2350,0.3418,,,40782,34101
134510,Hobe Sound Bible College,Hobe Sound,FL,2,22,5,3,4,1,1,112,,,,,,15377,3395,0.5556,2749040,18426,0.5,,0.9167,39863,25150
134608,Indian River State College,Fort Pierce,FL,1,23,5,2,3,1,1,11822,,,,,,5803,7862,0.3961,30060727,1880,0.4491,,,38315,33822
134945,Jacksonville University,Jacksonville,FL,2,18,11,3,4,1,1,2930,1205,23,580,520,0.5694,10576,8698,0.5459,59546445,15171,0.5065,,0.7467,68010,61991
135081,Keiser University-Ft Lauderdale,Fort Lauderdale,FL,2,17,6,2,4,1,1,17678,,,,,0.9697,5657,6172,0.6249,,14689,0.6101,,0.7102,39696,37447
135160,Florida Gateway College,Lake City,FL,1,23,5,1,3,1,1,2301,,,,,,7249,6548,0.3879,15666097,1444,0.5391,,,37894,33237
135188,Lake-Sumter State College,Leesburg,FL,1,14,5,2,3,1,1,4177,,,,,,4398,6619,0.3448,11905416,2306,0.4836,,,39876,33193
135364,Luther Rice College & Seminary,Lithonia,GA,2,24,5,3,4,1,1,165,,,,,0.9167,5897,4104,0.5676,1304201,12404,,,0.5,47003,39300
135391,State College of Florida-Manatee-Sarasota,Bradenton,FL,1,23,5,2,3,1,1,7379,,,,,,7445,7085,0.3742,73521264,2605,0.3829,,,40318,35254
135717,Miami Dade College,Miami,FL,1,14,5,1,3,1,1,46182,,,,,,5021,8057,0.1899,270731154,1364,0.4594,,,40654,33107
135726,University of Miami,Coral Gables,FL,2,15,15,3,4,1,1,12913,1415,32,660,660,0.189,36040,16043,0.7078,1365713194,37820,0.8368,,0.9377,75328,61508
136145,North Florida College,Madison,FL,1,14,5,2,3,1,1,793,,,,,,6999,5903,0.5161,3873255,861,0.5922,,,33929,32723
136172,University of North Florida,Jacksonville,FL,1,16,9,3,4,1,1,13359,1153,23,550,520,0.5324,8135,9595,0.9828,134214881,4594,0.6921,,0.8466,56343,46546
136215,Nova Southeastern University,Fort Lauderdale,FL,2,16,12,3,4,1,1,7240,1157,25,530,500,0.7321,18297,11462,0.482,224941000,32593,0.6334,,0.7564,59209,58153
136233,Northwest Florida State College,Niceville,FL,1,23,5,2,3,1,1,3010,,,,,,7556,6280,0.3218,60824111,2089,0.3888,,,39664,33606
136330,Palm Beach Atlantic University,West Palm Beach,FL,2,17,13,3,4,1,1,2603,1075,23,500,450,0.8199,12213,9265,1,101717017,17495,0.5534,,0.6796,49232,42366
136358,Palm Beach State College,Lake Worth,FL,1,14,5,2,3,1,1,21956,,,,,,4699,7015,0.3414,22961406,1735,0.4106,,,41923,33729
136400,Pasco-Hernando State College,New Port Richey,FL,1,23,5,2,3,1,1,6900,,,,,,5389,4014,1,60599833,1443,0.41,,,39903,34724
136455,PENSACOLA CHRISTIAN COLLEGE,Pensacola,FL,2,-2,,3,4,1,1,,,,,,,,,,,,,,,,
136473,Pensacola State College,Pensacola,FL,1,23,5,2,3,1,1,7538,,,,,,5812,5995,0.3821,15654396,1504,0.3642,,,36739,32495
136516,Polk State College,Winter Haven,FL,1,23,5,2,3,1,1,7180,,,,,,6640,7338,0.3894,31957923,1739,0.3534,,,40624,35602
136701,Saint Vincent de Paul Regional Seminary,Boynton Beach,FL,2,24,0,4,4,1,1,,,,,,,22052,6803,0.75,36222986,22007,,,,,
136774,Ringling College of Art and Design,Sarasota,FL,2,30,12,3,3,1,1,1662,,,,,0.6965,20516,9869,0.7543,60957594,43764,0.7207,,0.8635,43325,39650
136950,Rollins College,Winter Park,FL,2,18,12,3,4,1,1,2631,1271,,600,560,0.4754,13624,10589,0.8165,443592000,23264,0.7505,,0.8524,58295,48239
137032,Saint Leo University,Saint Leo,FL,2,17,9,3,4,1,1,6721,,22,,,0.784,4336,8688,0.1773,72926228,11779,0.45,,0.5922,48364,41619
137078,St Petersburg College,St. Petersburg,FL,1,23,5,2,3,1,1,18950,,,,,,4904,8038,0.2528,34789052,2049,0.3825,,,42557,36498
137096,Santa Fe College,Gainesville,FL,1,14,5,2,3,1,1,11122,,,,,,5501,6821,0.3309,37315756,2481,0.5343,,,41631,34919
137209,Seminole State College of Florida,Sanford,FL,1,23,5,1,3,1,1,12864,,,,,,5460,7222,0.3339,13629161,2213,0.4129,,,41733,35589
137272,St. John Vianney College Seminary,Miami,FL,2,24,10,3,3,1,1,77,,,,,0.9286,29058,3586,0.4516,10926801,40527,1,,1,,
137281,Saint Johns River State College,Palatka,FL,1,23,5,2,3,1,1,4403,,,,,,4989,6135,0.9348,3389842,2038,0.4888,,,41728,35537
137315,South Florida State College,Avon Park,FL,1,23,5,2,3,1,1,2045,,,,,,9471,6274,0.3086,14728684,1203,0.4764,,,39990,32974
137351,University of South Florida,Tampa,FL,1,15,9,3,4,1,1,37207,1227,27,580,550,0.4319,13361,11342,0.7308,637874759,5786,0.7676,,0.9128,57743,48328
137476,St. Thomas University,Miami Gardens,FL,2,17,11,3,4,1,1,2214,,19,,,0.9791,5550,8625,1,37800542,14279,0.4806,,0.5656,54272,44435
137546,Stetson University,DeLand,FL,2,18,10,3,4,1,1,2297,1176,26,540,520,0.716,14922,11041,0.6604,363648117,17440,0.6229,,0.7818,51642,44792
137564,Southeastern University,Lakeland,FL,2,17,11,3,4,1,1,4813,,22,,,0.5298,3698,7041,1,9770732,9661,0.4255,,0.6989,46744,36314
137759,Tallahassee State College,Tallahassee,FL,1,14,5,2,3,1,1,11053,,,,,,5224,5811,0.2995,15799793,2504,0.3795,,,37561,31904
137777,Talmudic College of Florida,Miami Beach,FL,2,24,11,3,3,1,1,27,,,,,,55953,4465,0.5833,,11158,0.625,,1,,
137847,The University of Tampa,Tampa,FL,2,18,12,3,4,1,1,10572,,26,,,0.4034,8718,10846,1,62287141,21965,0.637,,0.8545,59436,48397
137953,Trinity College of Jacksonville,Jacksonville,FL,2,22,11,3,4,1,1,386,907,19,408,370,0.5328,2321,5460,0.2059,102078,13202,0.3418,,0.5667,37275,33640
137962,Trinity College of Florida,Trinity,FL,2,22,11,3,3,1,1,148,,21,,,0.9189,4599,5600,0.3478,590400,11132,0,,0.28,32465,29914
138187,Valencia College,Orlando,FL,1,14,5,1,3,1,1,39486,,,,,,4131,7578,0.288,83702462,2125,0.478,,,40594,32638
138275,Warner University,Lake Wales,FL,2,20,15,3,4,1,1,756,932,19,410,380,0.4281,5418,5033,0.3364,6803290,13536,0.4213,,0.4392,46086,39589
138293,Webber International University,Babson Park,FL,2,22,11,3,4,1,1,813,,,,,0.694,3881,5063,0.2784,6686291,13712,0.2796,,0.4118,45606,37691
138309,Rasmussen University-Florida,Ocala,FL,3,22,5,2,3,1,1,3121,,,,,,3342,6913,0.1895,,13645,0.4155,,1,39080,41436
138354,University of West Florida,Pensacola,FL,1,18,9,3,4,1,1,9330,1138,24,520,500,0.5824,6911,10653,1,92870276,6754,0.588,,0.8876,49137,42204
138558,Abraham Baldwin Agricultural College,Tifton,GA,1,23,6,3,3,1,1,3208,990,19,440,420,0.7572,7164,7551,0.7461,20720950,3390,0.3615,,0.6917,34996,35495
138600,Agnes Scott College,Decatur,GA,2,21,12,3,4,1,1,836,1260,,620,540,0.6215,20057,9604,0.7394,227301028,17442,0.7068,,0.8133,56274,41382
138716,Albany State University,Albany,GA,1,19,6,3,4,1,1,5956,,,,,,6425,7257,0.6952,4519285,2329,0.3105,,0.7857,40674,35579
138868,Point University,West Point,GA,2,22,7,3,4,1,1,1996,,19,,,0.4426,3040,5969,1,5426988,4011,0.3407,,0.7413,38740,36410
138901,Atlanta Metropolitan State College,Atlanta,GA,1,23,5,2,3,1,1,1228,,,,,,3710,6668,0.4324,584086,2728,0.1741,,0.4483,33252,26849
138929,Atlanta's John Marshall Law School,Atlanta,GA,2,31,0,4,4,1,1,,,,,,,8198,8665,0.68,101221,52490,,,,,
138947,Clark Atlanta University,Atlanta,GA,2,16,10,3,4,1,1,3603,,19,,,0.6422,9940,8446,0.5936,102650611,19865,0.4902,,0.707,42712,28097
139144,Berry College,Mount Berry,GA,2,20,12,3,4,1,1,2245,1220,27,580,545,0.64,15808,9319,0.7991,1261304012,14559,0.6949,,0.8351,53800,45014
139153,Beulah Heights University,Atlanta,GA,2,21,5,3,4,1,1,138,,,,,,5731,5789,0.1296,,14350,0.3333,,1,35236,21108
139199,Brenau University,Gainesville,GA,2,17,7,3,4,1,1,1029,1079,23,500,430,0.8778,10992,7783,0.5547,54998050,20397,0.3291,,0.6497,54003,41664
139205,Brewton-Parker Christian University,Mount Vernon,GA,2,22,11,2,4,1,1,774,,21,,,0.9649,5545,5765,0.9565,8829519,9114,0.2103,,0.4843,42009,35732
139250,College of Coastal Georgia,Brunswick,GA,1,22,7,2,3,1,1,2979,1000,19,465,410,0.9813,7600,8029,0.732,9498444,1920,0.2559,,0.5866,39318,35382
139311,Clayton  State University,Morrow,GA,1,19,9,3,4,1,1,4348,958,,450,410,0.6845,7880,8662,0.6879,19583154,3830,0.3986,,0.7088,49179,41633
139348,Columbia Theological Seminary,Decatur,GA,2,24,0,4,4,1,1,,,,,,,48252,7094,1,268772795,3253,,,,,
139366,Columbus State University,Columbus,GA,1,18,7,3,4,1,1,5625,977,21,440,360,0.9912,7245,8802,0.5939,95442766,4726,0.4176,,0.6966,44544,39190
139393,Covenant College,Lookout Mountain,GA,2,21,12,3,4,1,1,939,1294,26,600,560,0.8651,10737,8555,1,57543710,15424,0.7149,,0.8821,50412,39570
139463,Dalton State College,Dalton,GA,1,22,6,3,3,1,1,4553,,,,,,4721,7570,0.6597,20257175,1322,0.2531,,0.709,40251,37491
139579,South University-Savannah,Savannah,GA,3,18,7,3,4,1,1,270,,,,,,9238,9244,0.65,,21640,0.0909,,0.2222,34421,34115
139621,East Georgia State College,Swainsboro,GA,1,14,6,2,3,1,1,1413,,,,,,5287,6852,0.6329,372291,2282,0.1667,,0.6071,37174,30593
139630,Emmanuel University,Franklin Springs,GA,2,22,10,3,4,1,1,775,,21,,,0.74,4524,5038,0.3548,2210319,10002,0.4228,,0.7094,38208,37595
139658,Emory University,Atlanta,GA,2,15,15,3,4,1,1,7298,1520,33,720,750,0.1065,55602,16636,0.7629,11358435000,30502,0.9109,,0.957,80137,74980
139700,Georgia Highlands College,Rome,GA,1,23,5,2,3,1,1,4761,,,,,,4686,6606,0.5462,2792820,2479,0.2066,,0.593,43184,37516
139719,Fort Valley State University,Fort Valley,GA,1,20,12,3,4,1,1,2684,994,18,480,450,0.6587,5828,7426,0.6888,12742420,1050,0.4111,,0.7851,36666,28649
139755,Georgia Institute of Technology-Main Campus,Atlanta,GA,1,15,15,3,4,1,1,18785,1480,32,680,690,0.1407,11809,15393,0.9018,2973493011,12151,0.9402,,0.9808,102772,89432
139764,Georgia Southwestern State University,Americus,GA,1,19,7,3,4,1,1,2424,978,21,460,430,0.7517,7119,8122,0.7128,37266054,3347,0.4064,,0.5755,48757,42047
139861,Georgia College & State University,Milledgeville,GA,1,18,12,3,4,1,1,5947,1163,24,550,520,0.7823,7038,8775,0.7966,59948555,8026,0.6361,,0.8235,58140,50644
139931,Georgia Southern University,Statesboro,GA,1,16,10,3,4,1,1,21790,1053,21,528,458,0.8789,5399,9310,0.8381,105792495,4878,0.549,,0.7783,53236,44423
139940,Georgia State University,Atlanta,GA,1,15,8,3,4,1,1,26623,1076,23,480,460,0.5544,6675,10404,0.7491,241713865,7144,0.5306,,0.7986,47384,37844
139959,University of Georgia,Athens,GA,1,15,15,3,4,1,1,32137,1397,31,640,630,0.377,11512,12879,0.9025,1810872356,11022,0.8969,,0.9404,68726,57565
139968,Gordon State College,Barnesville,GA,1,23,6,3,3,1,1,2544,1023,20,450,440,0.859,4910,7589,0.4332,4324509,1641,0.2043,,0.5122,37871,33163
140146,Interdenominational Theological Center,Atlanta,GA,2,24,0,4,4,1,1,,,,,,,88993,5338,0.5,5737952,158802,,,,,
140234,LaGrange College,Lagrange,GA,2,22,11,3,4,1,1,636,,,,,0.6209,13052,6863,1,58392413,14595,0.4692,,0.6721,51745,46599
140252,Life University,Marietta,GA,2,18,11,3,4,1,1,893,1030,19,480,440,0.9303,6898,7524,0.5556,4038225,24369,0.3793,,0.6281,47397,37368
140340,Herzing University-Atlanta,Atlanta,GA,2,22,7,3,4,1,1,387,,,,,0.9375,4184,7516,0.2432,,14934,0.1395,,0.25,36909,35295
140447,Mercer University,Macon,GA,2,16,15,3,4,1,1,4500,1271,30,590,570,0.6889,14074,9556,0.9803,479944937,19762,0.6962,,0.8216,58354,50231
140553,Morehouse College,Atlanta,GA,2,21,12,3,3,1,1,2844,1090,23,,,0.4396,13314,8703,0.5427,254125270,16999,0.5944,,0.8691,52889,38267
140562,Morehouse School of Medicine,Atlanta,GA,2,25,0,4,4,1,1,,,,,,,88188,,,138449998,26395,,,,,
140571,Morris Brown College,Atlanta,GA,2,-2,-2,3,3,1,1,432,,,,,,1674,6116,0.0492,520416,9322,0.25,,0.7059,,
140696,Oglethorpe University,Atlanta,GA,2,21,12,3,4,1,1,1352,1227,27,550,540,0.8845,5789,7901,0.6207,46437739,12237,0.541,,0.7333,55232,42691
140720,Paine College,Augusta,GA,2,21,11,3,3,1,1,388,,,,,0.9543,8166,3659,0.5641,11893125,13422,0.1443,,0.5357,33338,25240
140818,Piedmont University,Demorest,GA,2,18,11,3,4,1,1,1117,1129,23,528,510,0.9328,8051,7502,0.6196,45412532,15165,0.4741,,0.6982,49130,43761
140872,Reinhardt University,Waleska,GA,2,22,11,3,4,1,1,1066,,,,,0.6154,8500,5983,0.5194,43290522,10810,0.4357,,0.6222,46541,40411
140951,Savannah College of Art and Design,Savannah,GA,2,18,9,3,4,1,1,15243,1173,,540,490,0.8298,8616,10950,0.8951,326681000,28445,0.6941,,0.8633,45954,34110
140960,Savannah State University,Savannah,GA,1,20,10,3,4,1,1,2833,,,,,,4684,8445,0.5882,11700047,2062,0.2804,,0.7472,37981,27494
140988,Shorter University,Rome,GA,2,20,11,3,4,1,1,1028,1115,21,530,510,0.9646,5023,5054,0.5878,14630107,10478,0.3769,,0.6053,44604,41860
141060,Spelman College,Atlanta,GA,2,21,12,3,3,1,1,3414,1220,,590,518,0.2487,15850,9558,0.6952,513974014,17629,0.7846,,0.9409,59993,45676
141167,Thomas University,Thomasville,GA,2,19,6,3,4,1,1,998,1072,20,500,490,0.383,10947,5844,0.1783,6350574,22885,0.2754,,0.4925,49716,45305
141185,Toccoa Falls College,Toccoa Falls,GA,2,22,13,3,4,1,1,875,1130,22,520,490,0.6596,4266,6124,0.2464,3792432,10215,0.4366,,0.625,36630,33131
141237,Truett McConnell University,Cleveland,GA,2,22,10,3,4,1,1,744,,21,,,0.7826,4143,4901,1,6653878,9517,0.3781,,0.6698,46700,39193
141264,Valdosta State University,Valdosta,GA,1,17,6,3,4,1,1,6622,1013,20,480,440,0.7229,7133,8606,0.6845,68762253,4932,0.4236,,0.7187,49361,39416
141325,Wesleyan College,Macon,GA,2,22,11,3,4,1,1,400,1075,24,518,450,0.591,13544,6243,1,59147763,8641,0.4452,,0.76,44317,35630
141334,University of West Georgia,Carrollton,GA,1,17,7,3,4,1,1,7520,1032,21,490,460,0.5161,9152,8656,0.5736,41693634,7220,0.4349,,0.775,49587,41000
141361,Young Harris College,Young Harris,GA,2,21,10,3,4,1,1,755,,,,,0.6264,8200,6302,0.3701,120608146,9527,0.4175,,0.6461,47195,36389
141486,Chaminade University of Honolulu,Honolulu,HI,2,19,11,3,4,1,1,1672,1060,,490,480,0.9143,11964,9015,0.9813,40002770,21128,0.554,,0.7037,52343,48660
141565,University of Hawaii at Hilo,Hilo,HI,1,17,11,3,4,1,1,2160,1028,19,490,455,0.6063,23630,12097,0.7638,325111,6473,0.4837,,0.7275,47856,37204
141574,University of Hawaii at Manoa,Honolulu,HI,1,15,13,3,4,1,1,15029,1102,24,548,533,0.866,24611,14472,0.7988,50792934,11690,0.6429,,0.8072,57624,45701
141644,Hawaii Pacific University,Honolulu,HI,2,18,7,3,4,1,1,2392,1111,25,510,488,0.8587,5539,9549,0.5477,50709869,20008,0.3489,,0.5645,59593,48773
141839,University of Hawaii Maui College,Kahului,HI,1,14,5,2,3,1,1,1700,,,,,,24155,10124,0.5,381380,3386,0.2775,,,34453,28263
141981,University of Hawaii-West Oahu,Kapolei,HI,1,22,7,3,3,1,1,2519,985,19,473,458,0.9534,16313,11565,0.6082,269194,5300,0.4955,,0.7795,52075,44352
142090,Boise Bible College,Boise,ID,2,24,11,3,3,1,1,93,1040,21,490,460,0.9048,13119,6151,0.9524,725953,4468,0.3158,,0.5625,33140,32662
142115,Boise State University,Boise,ID,1,16,9,3,4,1,1,17674,,,,,0.8721,8864,9887,0.5688,146169823,10356,0.602,,0.7885,51658,45251
142276,Idaho State University,Pocatello,ID,1,16,7,3,4,1,1,7583,,,,,,14363,8941,0.9401,86222690,6845,0.3939,,0.7198,45608,41377
142285,University of Idaho,Moscow,ID,1,16,13,3,4,1,1,7747,1116,24,500,490,0.7553,14991,10288,0.8523,396374514,10353,0.5728,,0.7559,54670,42602
142294,The College of Idaho,Caldwell,ID,2,22,12,3,4,1,1,1041,1180,26,540,530,0.491,10689,7798,0.6194,117737164,8833,0.6254,,0.8185,48473,42097
142328,Lewis-Clark State College,Lewiston,ID,1,22,7,3,4,1,1,2385,,,,,0.8769,9626,7551,0.9554,12791174,5259,0.4017,,0.6105,46001,42133
142461,Northwest Nazarene University,Nampa,ID,2,18,10,3,4,1,1,1024,1130,23,515,490,0.6474,6557,6760,1,60417621,11027,0.7076,,0.7741,51719,45488
142522,Brigham Young University-Idaho,Rexburg,ID,2,22,5,1,3,1,1,44397,1118,23,490,480,0.9575,4594,10186,,133652000,2602,0.5548,,0.7117,53406,40447
142559,College of Southern Idaho,Twin Falls,ID,1,6,1,2,3,1,1,3810,,,,,,5776,6538,1,41147280,2875,0.3316,,1,40916,35642
142832,Adler University,Chicago,IL,2,26,0,3,4,1,1,9,,,,,,16288,7761,0.9378,333248,33617,,,,,
142957,American Islamic College,Chicago,IL,2,-2,-2,3,4,1,1,16,,,,,1,79427,9309,,,5317,,,1,,
143048,School of the Art Institute of Chicago,Chicago,IL,2,30,13,3,4,1,1,2805,,,,,0.7747,18435,11628,0.2159,360556000,37189,0.6699,,0.8383,40151,26742
143084,Augustana College,Rock Island,IL,2,21,12,3,4,1,1,2490,1165,,520,510,0.6268,11113,8300,0.7804,207983239,16446,0.7286,,0.8211,62971,49849
143118,Aurora University,Aurora,IL,2,17,11,3,4,1,1,3974,1076,22,470,430,0.8085,5125,9142,0.2468,48830875,14158,0.6032,,0.7706,58709,51237
143233,Bethany Theological Seminary,Richmond,IN,2,24,0,4,4,1,1,,,,,,,31449,6568,0.7692,47080825,2699,,,,,
143288,Blackburn College,Carlinville,IL,2,22,11,3,3,1,1,471,,20,,,0.6319,12832,8514,0.7193,32435612,14719,0.5749,,0.6721,46802,36665
143297,Blessing Rieman College of Nursing and Health Sciences,Quincy,IL,2,26,7,3,4,1,1,176,,,,,,26577,6715,0.9444,,19618,,,,72430,67602
143358,Bradley University,Peoria,IL,2,17,12,3,4,1,1,3574,,27,,,0.7676,17531,9409,0.5548,345009371,17748,0.7617,,0.8265,66852,59114
143659,Catholic Theological Union at Chicago,Chicago,IL,2,24,0,4,4,1,1,,,,,,,41849,8845,1,31073440,18082,,,,,
143853,Midwestern University-Downers Grove,Downers Grove,IL,2,25,0,4,4,1,1,,,,,,,30780,13204,0.9833,6675115,65618,,,,,
143978,The Chicago School at Chicago,Chicago,IL,2,26,0,3,4,1,1,21,,,,,0.3448,8658,8692,1,14163764,28821,,,,56899,51817
144005,Chicago State University,Chicago,IL,1,18,7,3,4,1,1,1384,,,,,0.4326,28026,8878,1,7727159,6581,0.1549,,0.5732,42778,33805
144014,Chicago Theological Seminary,Chicago,IL,2,24,0,4,4,1,1,,,,,,,24794,10650,0.7059,27685027,13725,,,,,
144050,University of Chicago,Chicago,IL,2,15,14,3,4,1,1,7569,1554,34,740,770,0.0448,96069,19806,0.8493,8552674498,34595,0.9585,,0.9926,91885,80870
144281,Columbia College Chicago,Chicago,IL,2,19,11,3,4,1,1,5368,,,,,0.8946,10551,9323,0.3738,201842538,17134,0.5155,,0.6603,42195,32596
144351,Concordia University-Chicago,River Forest,IL,2,18,11,3,4,1,1,1323,,,,,0.9279,5834,6759,0.6972,28476305,13395,0.3646,,0.605,54089,44405
144740,DePaul University,Chicago,IL,2,16,13,3,4,1,1,14090,1262,,580,560,0.7589,13870,12717,0.4985,906947000,22817,0.678,,0.855,68751,54695
144883,East-West University,Chicago,IL,2,21,10,3,3,1,1,468,,,,,,6763,7789,1,,10864,0.1556,,0.3711,29963,21236
144892,Eastern Illinois University,Charleston,IL,1,18,11,3,4,1,1,4188,1000,20,460,420,0.6535,10847,9482,0.7711,70517759,5593,0.4736,,0.7171,51989,42694
144962,Elmhurst University,Elmhurst,IL,2,18,13,3,4,1,1,3006,1151,26,510,480,0.7364,8751,8989,0.4038,153997364,18117,0.7,,0.799,61462,52803
144971,Eureka College,Eureka,IL,2,22,11,3,3,1,1,522,,20,,,0.8499,7279,5632,0.6875,34407159,12858,0.4161,,0.5039,51641,42968
145275,Garrett-Evangelical Theological Seminary,Evanston,IL,2,24,0,4,4,1,1,,,,,,,16828,11301,1,120695376,5555,,,,,
145336,Governors State University,University Park,IL,1,18,7,3,4,1,1,2556,,19,,,0.4827,13036,8619,0.5087,3639709,10167,0.2211,,0.5622,58169,45435
145372,Greenville University,Greenville,IL,2,20,11,3,4,1,1,955,1038,18,406,365,0.975,7399,6650,1,28645053,11197,0.3982,,0.7081,46827,40307
145497,Hebrew Theological College,Skokie,IL,2,21,11,3,3,1,1,90,,,,,0.5714,20367,4277,0.3947,1044958,16100,0.5,,0.8605,33291,32793
145558,Rosalind Franklin University of Medicine and Science,North Chicago,IL,2,25,0,4,4,1,1,,,,,,,18991,11896,0.6269,87775550,40856,,,,,
145600,University of Illinois Chicago,Chicago,IL,1,15,13,3,4,1,1,22170,1250,27,570,560,0.7735,28590,14621,0.7104,525011103,12168,0.6162,,0.8021,68740,53218
145619,Benedictine University,Lisle,IL,2,18,11,3,4,1,1,1942,,24,,,0.9523,7813,8516,0.3465,40152347,12829,0.5033,,0.6601,63446,50222
145628,Illinois College of Optometry,Chicago,IL,2,26,0,4,4,1,1,,,,,,,20952,10556,0.6447,1759113,41996,,,,,
145637,University of Illinois Urbana-Champaign,Champaign,IL,1,15,14,3,4,1,1,36258,1440,32,650,660,0.4237,14929,14464,0.7276,2514041122,16074,0.8513,,0.948,81054,64802
145646,Illinois Wesleyan University,Bloomington,IL,2,22,12,3,3,1,1,1582,1275,27,550,570,0.3931,19373,8828,0.5645,262018691,20443,0.747,,0.8005,70871,56082
145691,Illinois College,Jacksonville,IL,2,21,13,3,4,1,1,930,1064,21,450,433,0.7819,11586,7671,0.7059,139414288,12281,0.6382,,0.7063,52575,40110
145725,Illinois Institute of Technology,Chicago,IL,2,16,15,3,4,1,1,2833,1311,29,590,590,0.5493,11936,12710,0.5956,254920000,19991,0.7521,,0.8596,82592,70803
145813,Illinois State University,Normal,IL,1,16,13,3,4,1,1,19057,1113,24,500,490,0.8815,9152,9453,0.7363,204784271,10013,0.6454,,0.8144,62117,50599
145886,Institute for Clinical Social Work,Chicago,IL,2,26,0,4,4,1,1,,,,,,,6655,,,125001,25187,,,,,
146339,Judson University,Elgin,IL,2,20,11,3,4,1,1,708,1039,22,423,393,0.4759,8178,6024,0.2802,6555247,10410,0.5987,,0.5917,56313,45374
146427,Knox College,Galesburg,IL,2,21,12,3,3,1,1,1127,1326,28,600,580,0.7079,17885,7221,0.7244,164675942,16977,0.6773,,0.8313,54820,37757
146481,Lake Forest College,Lake Forest,IL,2,21,13,3,4,1,1,1813,1343,29,600,590,0.5681,11874,9044,1,112193194,14669,0.7778,,0.8988,61825,51324
146490,Lake Forest Graduate School of Management,Lake Forest,IL,2,29,0,4,4,1,1,,,,,,,6629,9927,0.0157,485950,19356,,,,,
146533,Lakeview College of Nursing,Danville,IL,2,26,11,3,3,1,1,66,,,,,,18589,7142,,19781082,31479,,,,84522,74789
146612,Lewis University,Romeoville,IL,2,18,13,3,4,1,1,4015,1096,23,490,470,0.7129,11056,10457,0.4006,112260885,19122,0.6661,,0.7915,66099,56095
146719,Loyola University Chicago,Chicago,IL,2,16,14,3,4,1,1,11737,1297,30,600,570,0.816,14058,11515,0.5245,971355346,26676,0.7304,,0.8167,71530,58411
146728,Lutheran School of Theology at Chicago,Chicago,IL,2,24,0,4,4,1,1,,,,,,,33674,7254,0.5238,48041896,8010,,,,,
146755,Trinity College of Nursing & Health Sciences,Rock Island,IL,2,26,5,3,4,1,1,56,,,,,,16674,6944,0.7273,3292386,25107,,,,58743,62487
146977,McCormick Theological Seminary,Chicago,IL,2,24,0,4,4,1,1,,,,,,,32592,8052,1,77191762,2179,,,,,
147013,McKendree University,Lebanon,IL,2,19,11,3,4,1,1,1752,,,,,0.7172,4640,7069,1,36552733,11704,0.5333,,0.6735,58572,49439
147031,Meadville Theological School of Lombard College,Chicago,IL,2,24,0,4,4,1,1,,,,,,,33003,9305,0.5385,31221022,13932,,,,,
147129,Methodist College,Peoria,IL,2,26,5,3,4,1,1,245,,,,,0.3889,15799,6350,0.5833,2722014,20027,0.2,,,69800,64709
147244,Millikin University,Decatur,IL,2,22,11,3,4,1,1,1382,1034,23,440,420,0.6668,12211,6557,0.7139,90489114,12156,0.5494,,0.75,51262,43100
147341,Monmouth College,Monmouth,IL,2,21,12,3,3,1,1,702,1128,26,500,500,0.9093,16969,6882,0.6915,124783301,11427,0.6461,,0.7441,51110,43158
147369,Moody Bible Institute,Chicago,IL,2,24,11,3,4,1,1,1510,,,,,0.8269,13607,9213,0.3474,50179495,8087,0.6233,,0.839,45399,40210
147536,National Louis University,Chicago,IL,2,17,7,3,4,1,1,4406,,,,,0.9505,5908,6891,0.9815,59249889,15106,0.3014,,0.5042,45799,43562
147590,National University of Health Sciences,Lombard,IL,2,26,5,3,4,1,1,13,,,,,,17808,5731,1,9179702,30886,,,,58723,44332
147660,North Central College,Naperville,IL,2,20,13,3,4,1,1,2428,1213,25,530,525,0.7733,11500,9075,0.574,127696747,16892,0.64,,0.7713,60123,51762
147679,North Park University,Chicago,IL,2,18,11,3,4,1,1,1818,,23,,,0.6851,9612,8245,1,102913367,15989,0.5772,,0.6166,59572,49326
147697,Northern Baptist Theological Seminary,Lisle,IL,2,24,0,4,4,1,1,,,,,,,5850,7583,0.7143,22029784,7858,,,,,
147703,Northern Illinois University,Dekalb,IL,1,16,13,3,4,1,1,11301,,,,,0.6979,14474,11060,0.7516,100766375,5501,0.4866,,0.6962,57808,46113
147767,Northwestern University,Evanston,IL,2,15,14,3,4,1,1,9201,1533,35,740,770,0.0769,48932,20322,0.8297,10553989000,35225,0.9513,,0.981,89363,76844
147776,Northeastern Illinois University,Chicago,IL,1,18,5,3,4,1,1,3982,,,,,0.746,18253,9265,0.6811,13748519,7128,0.2165,,0.5233,52234,43801
147828,Olivet Nazarene University,Bourbonnais,IL,2,18,10,3,4,1,1,2603,1117,23,490,460,0.5586,8761,7582,0.4623,58739543,13065,0.6084,,0.7083,53213,49278
148016,Principia College,Elsah,IL,2,21,12,3,3,1,1,339,,25,,,,32709,9209,0.8148,549147000,2219,0.7426,,0.8313,,
148131,Quincy University,Quincy,IL,2,22,11,3,4,1,1,1010,1098,24,490,510,0.5093,6923,6758,0.5041,22671625,8607,0.4504,,0.7003,50369,43331
148405,Rockford University,Rockford,IL,2,20,11,3,4,1,1,972,956,21,450,400,0.9291,9830,6658,0.4595,28676053,15104,0.472,,0.6526,54794,45847
148487,Roosevelt University,Chicago,IL,2,17,11,3,4,1,1,2849,1011,24,465,430,0.9716,10228,8563,0.3117,137144000,19377,0.3514,,0.6162,48712,42896
148496,Dominican University,River Forest,IL,2,18,11,3,4,1,1,2561,1002,25,460,420,0.9032,11343,8029,0.3829,50479480,17440,0.5526,,0.7793,60327,47907
148511,Rush University,Chicago,IL,2,25,5,3,4,1,1,138,,,,,,18507,13687,0.6062,835062000,33744,,,,75194,86865
148575,Saint Francis Medical Center College of Nursing,Peoria,IL,2,26,11,3,4,1,1,273,,,,,,15728,9394,0.7826,5355376,16671,,,,72850,69519
148584,University of St Francis,Joliet,IL,2,17,11,3,4,1,1,1223,1141,23,520,510,0.6529,6677,8272,0.9655,27711129,13652,0.6682,,0.7876,63926,56648
148593,St. John's College,Springfield,IL,2,26,11,3,3,1,1,126,,,,,,31777,6929,0.7647,3466424,24285,,,,86331,68248
148627,Saint Xavier University,Chicago,IL,2,18,11,3,4,1,1,3096,,,,,0.843,7407,8124,0.2932,43552092,17413,0.5661,,0.7573,58656,50784
148654,University of Illinois Springfield,Springfield,IL,1,18,7,3,4,1,1,2263,1102,24,480,460,0.8588,9051,9921,0.6038,30409466,7696,0.5321,,0.748,57103,47432
148885,University of Saint Mary of the Lake,Mundelein,IL,2,24,0,4,4,1,1,,,,,,,37944,8600,1,45654453,43130,,,,,
148982,Spertus College,Chicago,IL,2,24,0,4,4,1,1,,,,,,,41434,20167,0.0417,21670252,5301,,,,,
149028,Saint Anthony College of Nursing,Rockford,IL,2,26,7,3,4,1,1,172,,,,,,16179,7940,0.549,7478481,23203,,,1,77709,76111
149222,Southern Illinois University-Carbondale,Carbondale,IL,1,16,11,3,4,1,1,8494,1055,24,470,430,0.8688,18042,8501,0.7949,187728739,9441,0.6241,,0.668,53390,43087
149231,Southern Illinois University Edwardsville,Edwardsville,IL,1,17,13,3,4,1,1,8750,1100,23,490,460,0.975,14215,9158,0.7204,35482415,10083,0.5697,,0.757,56346,46384
149329,Telshe Yeshiva-Chicago,Chicago,IL,2,-2,-2,3,4,1,1,78,,,,,1,22019,4019,0.8889,,35526,0,,0.8889,,
149505,Trinity Christian College,Palos Heights,IL,2,22,13,3,4,1,1,820,1157,24,510,540,0.8492,12581,7524,0.472,11098773,13344,0.5752,,0.8145,55700,48107
149514,Trinity International University-Illinois,Deerfield,IL,2,17,11,3,4,1,1,55,,18,,,1,14768,6689,0.2844,27599534,10914,0.461,,0.125,46989,41545
149639,VanderCook College of Music,Chicago,IL,2,32,11,3,4,1,1,76,,,,,0.8947,8984,6945,0.1146,410793,16627,0.6667,,0.8824,47863,45704
149772,Western Illinois University,Macomb,IL,1,18,11,3,4,1,1,4410,,,,,0.7118,12650,10238,0.8537,85633337,6193,0.4522,,0.6137,54163,43057
149781,Wheaton College,Wheaton,IL,2,21,14,3,4,1,1,2121,1380,30,650,610,0.874,18388,10473,0.6297,558231860,19402,0.8475,,0.9259,63756,50270
150066,Anderson University,Anderson,IN,2,20,10,3,4,1,1,1057,1035,22,450,450,0.7934,11586,6746,0.9759,33207000,12517,0.5379,,0.5993,48899,44396
150136,Ball State University,Muncie,IN,1,16,10,3,4,1,1,13988,1160,24,550,530,0.855,10844,8408,0.767,237731096,8871,0.6234,,0.777,51833,44394
150145,Bethel University,Mishawaka,IN,2,20,10,3,4,1,1,1008,1014,,460,440,0.9766,8969,6402,1,10835293,12412,0.5322,,0.724,48860,44271
150163,Butler University,Indianapolis,IN,2,18,14,3,4,1,1,4317,1274,28,590,570,0.8508,14447,9694,0.9975,265097000,20522,0.8038,,0.8749,77235,61627
150172,Calumet College of Saint Joseph,Whiting,IN,2,20,7,3,4,1,1,529,,,,,,7751,6093,0.2955,5301603,15157,0.2286,,0.4228,46945,39342
150215,Christian Theological Seminary,Indianapolis,IN,2,24,0,4,4,1,1,,,,,,,24788,7146,1,128201744,3452,,,,,
150288,Concordia Theological Seminary,Fort Wayne,IN,2,24,0,4,4,1,1,,,,,,,13729,7516,0.8077,84363785,6743,,,,,
150400,DePauw University,Greencastle,IN,2,21,12,3,3,1,1,1905,1340,28,600,600,0.5719,24399,10094,0.8542,752406035,16605,0.7469,,0.8858,70527,58476
150455,Earlham College,Richmond,IN,2,21,12,3,4,1,1,670,1219,28,570,540,0.7311,38316,8169,0.9583,419497008,12655,0.69,,0.7723,50797,35430
150534,University of Evansville,Evansville,IN,2,19,12,3,4,1,1,1539,,26,,,0.776,14219,8723,0.9244,148445157,14935,0.6446,,0.8333,53770,46734
150604,Franklin College,Franklin,IN,2,21,10,3,4,1,1,900,1145,23,540,520,0.698,10297,7146,0.729,94106819,12801,0.603,,0.7294,55376,45635
150668,Goshen College,Goshen,IN,2,22,11,3,4,1,1,773,950,27,440,440,0.8407,14298,6513,0.5804,128138783,14697,0.65,,0.8013,51943,43218
150677,Grace College and Theological Seminary,Winona Lake,IN,2,19,12,3,4,1,1,1464,1119,23,510,490,0.8215,7409,7538,0.9848,27614716,8558,0.6877,,0.7737,45411,41463
150756,Hanover College,Hanover,IN,2,21,12,3,4,1,1,1031,1201,28,560,550,0.837,21982,8708,1,161289725,17481,0.6713,,0.8182,53957,42876
150774,Holy Cross College,Notre Dame,IN,2,21,14,3,3,1,1,639,,31,,,0.7518,7260,7176,0.4217,15478523,14360,0.7289,,0.7039,50416,41335
150941,Huntington University,Huntington,IN,2,20,10,3,4,1,1,1082,1052,22,470,460,0.7564,11842,6692,1,29305647,13566,0.636,,0.8381,46672,40702
151102,Purdue University Fort Wayne,Fort Wayne,IN,1,19,10,3,4,1,1,5484,1100,23,490,480,0.8389,10031,8912,0.9755,78284100,8890,0.3627,,0.6657,45872,42873
151111,Indiana University-Indianapolis,Indianapolis,IN,1,16,11,3,4,1,1,13830,1139,25,520,510,0.7637,23466,9620,0.5255,2342605594,12662,0.5445,,0.7219,55198,47173
151263,University of Indianapolis,Indianapolis,IN,2,17,10,3,4,1,1,3005,,,,,0.665,10874,8128,1,120433137,15956,0.5582,,0.7104,53610,46452
151290,Indiana Institute of Technology,Fort Wayne,IN,2,18,12,3,4,1,1,1441,,,,,0.7039,3202,9234,1,60465685,7432,0.4779,,0.5941,47327,29717
151306,University of Southern Indiana,Evansville,IN,1,18,11,1,4,1,1,5292,1141,24,520,510,0.9581,9774,8089,1,140274067,6624,0.4818,,0.75,47605,42323
151324,Indiana State University,Terre Haute,IN,1,17,10,3,4,1,1,6188,,,,,0.8077,11403,8104,0.6774,83097516,6325,0.4288,,0.6585,48387,41047
151333,Indiana University-Kokomo,Kokomo,IN,1,20,11,3,4,1,1,2352,1065,23,490,470,0.8648,6947,7243,0.5551,11886973,6114,0.4561,,0.6934,49917,42134
151342,Indiana University-South Bend,South Bend,IN,1,19,7,3,4,1,1,3933,1081,21,480,470,0.8384,7700,7053,0.6033,35945249,6412,0.4009,,0.6509,44947,41388
151351,Indiana University-Bloomington,Bloomington,IN,1,15,12,3,4,1,1,37806,1313,29,590,580,0.7821,15334,12043,0.8341,1874953052,19615,0.8021,,0.9106,63742,53417
151360,Indiana University-Northwest,Gary,IN,1,20,7,3,4,1,1,2661,1055,22,460,450,0.7339,9136,7562,0.4838,17251556,6255,0.3738,,0.7136,43361,39714
151379,Indiana University-Southeast,New Albany,IN,1,19,7,3,4,1,1,3170,1072,23,490,480,0.8446,8868,7962,0.5145,29200878,6790,0.3919,,0.6377,47596,42290
151388,Indiana University-East,Richmond,IN,1,20,7,3,4,1,1,2589,1061,22,490,470,0.6722,7603,8046,0.4257,9409476,6829,0.3958,,0.6176,47156,44827
151777,Manchester University,North Manchester,IN,2,20,12,3,4,1,1,936,,,,,0.7106,11801,8154,0.7121,76087832,16690,0.4608,,0.6632,51504,43024
151786,Marian University,Indianapolis,IN,2,17,12,3,4,1,1,2266,,,,,0.9546,12128,7727,0.3822,103405357,20150,0.6722,,0.7588,58759,55704
151801,Indiana Wesleyan University-Marion,Marion,IN,2,20,12,3,4,1,1,1974,1082,23,480,480,0.8894,15953,8247,1,265768494,16151,0.6671,,0.829,59986,51329
151865,Anabaptist Mennonite Biblical Seminary,Elkhart,IN,2,24,0,4,4,1,1,,,,,,,17113,6948,0.75,23708546,4549,,,,,
151962,Mid-America College of Funeral Service,Jeffersonville,IN,2,30,10,2,3,1,1,279,,,,,,4048,5073,0.3939,,11773,0.3214,,,44505,42193
152080,University of Notre Dame,Notre Dame,IN,2,15,14,3,4,1,1,8818,1520,34,720,735,0.1127,38658,16830,0.8813,16960542000,27140,0.9517,,0.9908,99980,86210
152099,Oakland City University,Oakland City,IN,2,17,11,3,4,1,1,499,,19,,,0.8251,8592,6073,0.3718,10593368,4802,0.6552,,0.7769,43283,43190
152318,Rose-Hulman Institute of Technology,Terre Haute,IN,2,28,14,3,4,1,1,2309,1427,31,650,670,0.7686,19963,11761,0.9567,269309024,23764,0.7816,,0.9167,101253,85935
152336,University of Saint Francis-Fort Wayne,Fort Wayne,IN,2,19,10,3,4,1,1,1567,981,22,440,430,0.9597,11311,7265,0.9548,35674400,18747,0.5497,,0.7072,55362,47944
152381,Saint Mary-of-the-Woods College,Saint Mary of the Woods,IN,2,20,11,3,4,1,1,853,,20,,,0.7239,5714,5652,0.2555,11332495,13896,0.4663,,0.6184,43845,41863
152390,Saint Mary's College,Notre Dame,IN,2,21,12,3,4,1,1,1458,1246,26,580,550,0.7597,16031,7935,0.6897,298096695,18140,0.6933,,0.881,59354,53470
152451,Saint Meinrad School of Theology,St. Meinrad,IN,2,24,0,4,4,1,1,,,,,,,13581,9847,1,46694796,28492,,,,,
152530,Taylor University,Upland,IN,2,22,12,3,4,1,1,2025,1220,,540,530,0.7353,11366,7744,0.6449,115712191,14948,0.7381,,0.8929,52198,45142
152567,Trine University,Angola,IN,2,22,12,3,4,1,1,2324,,25,,,0.8548,7288,8043,0.2222,31922076,25024,0.6438,,0.7994,57165,53010
152600,Valparaiso University,Valparaiso,IN,2,17,12,3,4,1,1,2083,1178,,540,520,0.8943,11626,8127,0.7044,315553000,14938,0.7037,,0.754,63191,55216
152637,Vincennes University,Vincennes,IN,1,23,6,1,3,1,1,3657,,,,,,7366,6766,0.2185,66100727,2298,0.3892,,0.5,41110,35834
152673,Wabash College,Crawfordsville,IN,2,21,12,3,3,1,1,866,1180,26,520,540,0.633,19824,9533,0.9583,391058250,13065,0.7701,,0.9295,69952,52667
152798,Allen College,Waterloo,IA,2,26,11,3,4,1,1,261,,,,,,10879,8203,0.6133,10577809,18300,,,,71261,65078
152992,Briar Cliff University,Sioux City,IA,2,17,11,3,4,1,1,624,,,,,,10458,6888,0.6263,20479147,12389,0.4751,,0.6424,54475,48338
153001,Buena Vista University,Storm Lake,IA,2,19,13,3,4,1,1,1366,1120,22,,,0.7761,7966,6912,0.3252,150420047,12132,0.6169,,0.7604,49156,43572
153108,Central College,Pella,IA,2,21,10,3,3,1,1,1070,1147,22,528,528,0.8617,13107,7780,0.8108,95466372,13046,0.6619,,0.7993,54317,49115
153126,Clarke University,Dubuque,IA,2,17,11,3,4,1,1,742,1054,21,430,470,0.7183,10352,6842,0.6581,29754571,18103,0.5612,,0.6734,55396,49157
153144,Coe College,Cedar Rapids,IA,2,21,12,3,3,1,1,1164,1223,,540,530,0.6404,10383,7291,1,102626190,11916,0.659,,0.727,57125,47136
153162,Cornell College,Mount Vernon,IA,2,21,12,3,3,1,1,1086,1234,27,575,545,0.799,13213,7926,1,92001160,14291,0.6182,,0.7953,53460,39299
153241,Divine Word College,Epworth,IA,2,21,11,3,3,1,1,64,,,,,,34808,7261,0.6786,35271403,9062,1,,0.3333,,
153250,Dordt University,Sioux Center,IA,2,20,12,3,4,1,1,1597,1221,25,540,530,0.6847,11202,7251,0.5934,66392986,15299,0.7014,,0.8465,52559,50551
153269,Drake University,Des Moines,IA,2,17,12,3,4,1,1,2543,1292,28,580,530,0.6385,13803,10431,0.7226,266901955,20936,0.7403,,0.8409,71901,58233
153278,University of Dubuque,Dubuque,IA,2,19,10,3,4,1,1,1440,1110,,490,490,0.8863,13822,7559,1,222719314,27005,0.4008,,0.7656,51190,44960
153302,Emmaus Bible College,Dubuque,IA,2,22,10,1,3,1,1,224,1161,22,570,550,0.5979,8352,5171,0.641,1402095,9201,0.8298,,0.8293,42631,34653
153320,Faith Baptist Bible College and Theological Seminary,Ankeny,IA,2,22,12,3,4,1,1,405,1109,24,500,490,0.6752,6214,5909,0.4231,4726833,8449,0.6753,,0.7662,40650,33372
153366,Graceland University-Lamoni,Lamoni,IA,2,18,11,3,4,1,1,798,,20,,,0.8083,11650,6885,1,52552964,11374,0.4195,,0.5504,47361,40792
153375,Grand View University,Des Moines,IA,2,20,11,3,4,1,1,1486,,20,,,0.9909,7383,7384,0.411,34088456,13484,0.5399,,0.7015,52824,47582
153384,Grinnell College,Grinnell,IA,2,21,14,3,3,1,1,1729,1486,32,700,710,0.1451,32882,12576,0.8149,2505851000,20730,0.8812,,0.9256,62830,49004
153427,Orion Technical College,Davenport,IA,3,28,11,1,3,1,1,41,,,,,,4986,4148,,,15219,0.8065,,,37008,35488
153603,Iowa State University,Ames,IA,1,15,13,3,4,1,1,25367,1204,25,560,560,0.8866,12347,12702,0.843,1469663420,13530,0.7532,,0.8757,63386,53873
153658,University of Iowa,Iowa City,IA,1,15,12,3,4,1,1,22264,1200,26,570,560,0.8362,15714,12922,0.8758,3260464000,16247,0.7463,,0.9036,64762,52696
153825,Loras College,Dubuque,IA,2,22,12,3,4,1,1,1083,,,,,0.9986,8934,7039,0.7398,52453111,14121,0.676,,0.8228,58289,46069
153834,Luther College,Decorah,IA,2,21,12,3,3,1,1,1379,1218,26,550,528,0.7154,17234,8115,0.8765,192639936,15425,0.7112,,0.7699,59850,49541
153861,Maharishi International University,Fairfield,IA,2,18,7,3,4,1,1,922,,,,,0.957,7694,4582,0.938,11228000,13009,0.5,,0.6129,27981,26468
153977,Mercy College of Health Sciences,Des Moines,IA,2,26,7,3,4,1,1,867,980,20,,,0.9971,9862,6328,0.3864,11051236,16277,0.6552,,0.6923,62234,53375
154004,Morningside University,Sioux City,IA,2,18,12,3,4,1,1,1163,,,,,0.7104,8726,7538,1,57301893,13826,0.5014,,0.7418,55494,47687
154013,Mount Mercy University,Cedar Rapids,IA,2,19,9,3,4,1,1,1107,,,,,0.8252,7653,6815,1,39156711,13626,0.5774,,0.7277,60787,52871
154022,The University of Arizona Global Campus,Chandler,AZ,1,17,11,3,4,1,1,20152,,,,,,1727,7113,0.0499,,7437,0.1068,,0.3473,35404,33397
154095,University of Northern Iowa,Cedar Falls,IA,1,18,13,3,4,1,1,7529,1122,23,520,500,0.9274,11070,8542,0.7037,203262326,6428,0.6792,,0.8166,55177,47222
154101,Northwestern College,Orange City,IA,2,19,12,3,4,1,1,1175,,24,,,0.8036,8295,7580,0.9877,69790821,13300,0.6605,,0.735,49802,46731
154156,Des Moines University-Osteopathic Medical Center,West Des Moines,IA,2,25,0,4,4,1,1,,,,,,,18793,9042,0.4545,165050510,44505,,,,,
154174,Palmer College of Chiropractic,Davenport,IA,2,26,11,3,4,1,1,43,,,,,,11518,6492,0.8943,72625667,30569,,,,59483,40025
154235,Saint Ambrose University,Davenport,IA,2,17,13,3,4,1,1,1916,1093,24,490,440,0.7733,11705,7663,1,219272990,18638,0.6103,,0.7577,59531,51616
154262,St Luke's College,Sioux City,IA,2,26,5,2,3,1,1,167,980,,,,0.8,11281,6529,0.6389,1457018,17678,1,,,61033,54850
154350,Simpson College,Indianola,IA,2,22,12,3,4,1,1,1227,1440,24,,,0.8622,12667,6723,0.5161,81930607,12731,0.6333,,0.8129,59274,49946
154493,Upper Iowa University,Fayette,IA,2,18,5,3,4,1,1,1994,1090,21,,,0.9646,4027,6035,1,20437639,11095,0.3389,,0.6774,52766,48776
154518,Waldorf University,Forest City,IA,2,19,7,3,4,1,1,1827,,,,,0.7698,3138,5766,0.3701,,11289,0.2114,,0.4414,51165,50515
154527,Wartburg College,Waverly,IA,2,21,10,3,4,1,1,1452,1136,23,470,460,0.7584,10199,7194,1,89676640,15796,0.643,,0.7571,56201,48795
154536,Wartburg Theological Seminary,Dubuque,IA,2,24,0,4,4,1,1,,,,,,,8916,6938,1,33633956,3803,,,,,
154590,William Penn University,Oskaloosa,IA,2,22,13,3,4,1,1,1301,984,19,450,430,0.5188,5781,6394,1,8275725,10611,0.3262,,0.5816,48936,40189
154688,Baker University,Baldwin City,KS,2,17,11,3,4,1,1,1100,,21,,,0.9419,8182,6570,0.2315,51488474,12697,0.5779,,0.658,63855,54747
154712,Benedictine College,Atchison,KS,2,22,12,3,4,1,1,2272,1252,26,570,570,0.9812,8346,8331,1,49256470,14225,0.6158,,0.8323,53175,45000
154721,Bethany College,Lindsborg,KS,2,22,11,3,3,1,1,569,,20,,,0.56,6693,4596,1,13068214,11011,0.3574,,0.4253,49694,40805
154749,Bethel College-North Newton,North Newton,KS,2,22,11,3,3,1,1,504,,22,,,0.935,8421,6033,0.5735,30554330,15254,0.4112,,0.6188,49898,40808
154855,Central Christian College of Kansas,McPherson,KS,2,22,11,3,4,1,1,380,,,,,0.5271,3254,4534,0.1967,5338137,11194,0.2697,,0.45,44468,37685
155007,Donnelly College,Kansas City,KS,2,23,7,2,3,1,1,395,,,,,,13361,4489,0.5,7689005,7968,0.4583,,0.5789,35715,34791
155025,Emporia State University,Emporia,KS,1,18,11,3,4,1,1,2239,1120,,,,0.9771,8688,6918,0.913,99892170,6804,0.561,,0.7685,47601,41389
155061,Fort Hays State University,Hays,KS,1,18,5,3,4,1,1,9733,1089,,500,470,0.9026,6655,7997,0.5147,153083066,6443,0.477,,0.7688,48928,44428
155070,Barclay College,Haviland,KS,2,22,15,3,4,1,1,168,,,,,0.5098,7867,6275,0.7692,5536490,14167,0.3226,,0.5238,36355,35820
155089,Friends University,Wichita,KS,2,18,11,3,4,1,1,1048,1080,21,500,460,0.5522,5033,7013,0.3144,62735229,11185,0.4335,,0.6545,52113,42960
155140,Haskell Indian Nations University,Lawrence,KS,1,33,13,2,3,1,1,978,,,,,0.9036,8071,7191,,,104,0.1795,,,37043,28425
155177,Hesston College,Hesston,KS,2,23,11,2,3,1,1,372,,,,,,14848,5585,0.6038,15356729,12824,0.6061,,0.7778,47495,46707
155283,Concorde Career College-Kansas City,Kansas City,MO,3,26,10,1,3,1,1,198,,,,,0.9633,10943,7432,0.6548,,17600,0.5286,,,35242,33845
155308,Kansas Christian College,Overland Park,KS,2,23,7,3,4,1,1,143,,,,,,5673,2555,0.5,,8798,0.098,,0.4545,,
155317,University of Kansas,Lawrence,KS,1,15,12,3,4,1,1,21217,1190,25,540,530,0.9348,22979,11338,0.7787,2383250024,13500,0.6881,,0.8649,61945,51217
155335,Newman University,Wichita,KS,2,19,11,3,4,1,1,851,,21,,,0.7398,5539,6512,1,26962544,10121,0.5281,,0.6887,55041,47051
155399,Kansas State University,Manhattan,KS,1,15,11,3,4,1,1,15142,1151,,550,510,0.8169,12603,10853,0.9014,952275233,11709,0.7108,,0.8559,57262,49330
155414,Kansas Wesleyan University,Salina,KS,2,22,13,3,4,1,1,956,,,,,0.719,5144,6316,1,41344727,13389,0.4863,,0.6008,51152,44811
155496,Manhattan Christian College,Manhattan,KS,2,24,6,3,3,1,1,146,1020,22,,,1,5608,5504,0.36,4442004,10344,0.4429,,0.7667,48860,40023
155511,McPherson College,McPherson,KS,2,22,15,3,4,1,1,872,1058,,470,490,0.7676,10231,7375,0.9245,692122437,11551,0.3392,,0.6515,52084,41446
155520,MidAmerica Nazarene University,Olathe,KS,2,19,13,3,4,1,1,983,1048,20,460,490,0.788,6776,6477,0.1897,15162888,15833,0.5361,,0.6986,62972,57433
155627,Ottawa University-Ottawa,Ottawa,KS,2,22,11,3,4,1,1,870,1000,18,420,330,0.8296,2407,6778,0.9429,3899553,9852,0.279,,0.583,55552,49139
155636,Ottawa University-Kansas City,Overland Park,KS,2,20,5,3,4,1,1,219,,,,,,1679,7181,0.9375,1031286,6871,,,,55552,49139
155681,Pittsburg State University,Pittsburg,KS,1,18,11,3,4,1,1,4210,1050,21,,,0.8942,9572,8130,0.6612,106203333,6176,0.5659,,0.7719,50579,43793
155812,University of Saint Mary,Leavenworth,KS,2,19,11,3,4,1,1,925,1029,,378,428,0.8663,8885,6758,0.4807,19433787,14574,0.4776,,0.65,59483,54827
155900,Southwestern College,Winfield,KS,2,22,5,3,4,1,1,924,,19,,,0.7555,6496,6799,1,26255731,10398,0.3568,,0.559,55646,48034
155937,Sterling College,Sterling,KS,2,22,11,3,4,1,1,538,,22,,,0.4817,6665,4904,0.6234,12214542,10786,0.4129,,0.5035,45846,40722
155973,Tabor College,Hillsboro,KS,2,22,11,3,4,1,1,494,,,,,0.6458,8066,6159,0.6604,19066597,14983,0.3374,,0.5271,54058,42896
156082,Washburn University,Topeka,KS,1,19,7,3,4,1,1,4562,,,,,,10422,8816,0.6172,196891618,6359,0.5296,,0.6803,49774,42881
156125,Wichita State University,Wichita,KS,1,16,9,3,4,1,1,10780,1092,23,470,435,0.9395,9179,9205,0.6419,330968000,8953,0.5103,,0.693,51532,44043
156189,Alice Lloyd College,Pippa Passes,KY,2,22,10,3,3,1,1,558,1015,20,380,330,0.7523,6694,5404,0.7692,60558040,7573,0.3892,,0.5657,40573,35174
156213,Asbury University,Wilmore,KY,2,20,12,3,4,1,1,1420,,,,,0.634,10617,7374,0.4574,72424602,12592,0.6498,,0.8333,42368,35563
156222,Asbury Theological Seminary,Wilmore,KY,2,24,0,4,4,1,1,,,,,,,10916,9023,0.9792,198365304,7149,,,,,
156286,Bellarmine University,Louisville,KY,2,17,12,3,4,1,1,2161,1210,24,510,520,0.8611,11447,8508,0.4876,59434525,17021,0.6436,,0.7512,62069,49819
156295,Berea College,Berea,KY,2,21,12,3,3,1,1,1513,1249,26,588,568,0.1934,23470,9259,0.8684,1487170000,3241,0.5822,,0.7918,43150,35676
156356,Brescia University,Owensboro,KY,2,22,11,3,4,1,1,545,,22,,,0.3524,8749,6182,0.6,15199816,12336,0.5371,,0.6741,45500,39897
156365,Campbellsville University,Campbellsville,KY,2,18,13,3,4,1,1,2840,,,,,0.7974,5539,6787,0.4102,36455948,9658,0.4201,,0.645,41583,34639
156408,Centre College,Danville,KY,2,21,14,3,3,1,1,1400,1352,30,590,570,0.5436,24174,9723,0.9241,391321451,19299,0.8067,,0.875,66240,50073
156417,Clear Creek Baptist Bible College,Pineville,KY,2,24,7,3,4,1,1,159,,,,,,5453,4702,0.6667,22091982,6094,0.3846,,0.875,41623,35559
156471,Galen College of Nursing-Louisville,Louisville,KY,3,26,7,3,4,1,1,4801,,,,,,3793,6905,0.4066,,8381,0.6146,,0.7959,61480,58951
156541,University of the Cumberlands,Williamsburg,KY,2,17,11,3,4,1,1,6941,,21,,,0.9881,2932,6548,0.2269,222441780,9714,0.5043,,0.743,45036,39046
156620,Eastern Kentucky University,Richmond,KY,1,17,11,3,4,1,1,12318,1149,21,440,440,0.7761,9026,7826,0.5596,87926494,6884,0.5004,,0.7693,45795,38611
156727,Frontier Nursing University,Versailles,KY,2,26,0,4,4,1,1,,,,,,,12658,8428,1,22005247,22153,,,,,
156745,Georgetown College,Georgetown,KY,2,21,12,3,4,1,1,1097,1138,,500,460,0.9106,4574,6502,0.5538,37379331,6263,0.4885,,0.6906,52074,40393
157021,American National University-Louisville,Louisville,KY,3,26,5,2,4,1,1,347,,,,,,10221,4608,,,19876,0.5,,,28188,26172
157030,Kentucky Mountain Bible College,Jackson,KY,2,21,9,3,3,1,1,69,1080,23,505,443,1,7797,1050,0.6923,5569566,4688,0.6429,,0.7,21256,21778
157058,Kentucky State University,Frankfort,KY,1,22,10,3,4,1,1,1309,870,,,,0.9608,6140,7036,0.5568,20238450,14480,0.319,,0.6369,36382,29640
157076,Kentucky Wesleyan College,Owensboro,KY,2,22,11,3,3,1,1,842,1044,22,440,450,0.716,5847,6353,0.4255,35846906,12700,0.468,,0.5256,46747,35895
157085,University of Kentucky,Lexington,KY,1,15,12,3,4,1,1,24763,1215,26,540,530,0.9294,13191,11984,0.8239,1888185496,13781,0.7142,,0.8684,59025,47266
157100,Kentucky Christian University,Grayson,KY,2,22,10,3,4,1,1,429,1090,19,,,0.6091,7212,4770,0.4516,7306068,3949,0.3667,,0.8608,42375,39921
157207,Lexington Theological Seminary,Lexington,KY,2,24,0,4,4,1,1,,,,,,,55141,6478,0.1628,43711534,3849,,,,,
157216,Lindsey Wilson University,Columbia,KY,2,18,11,3,4,1,1,1585,,,,,,3762,6512,0.6368,36940462,10015,0.4406,,0.63,41129,34861
157289,University of Louisville,Louisville,KY,1,15,13,3,4,1,1,14727,1150,24,530,510,0.7941,17552,9671,0.5928,921547000,12787,0.6123,,0.8149,53899,46571
157298,Louisville Presbyterian Theological Seminary,Louisville,KY,2,24,0,4,4,1,1,,,,,,,30421,7667,1,91735563,1539,,,,,
157377,Midway University,Midway,KY,2,20,11,3,4,1,1,1262,1122,22,570,530,0.9514,5606,7349,0.2611,31643217,12305,0.4069,,0.6759,44246,40738
157386,Morehead State University,Morehead,KY,1,18,12,3,4,1,1,4578,,,,,0.7721,10768,7788,0.8041,62117229,3989,0.5219,,0.6501,43197,37131
157401,Murray State University,Murray,KY,1,18,13,3,4,1,1,6688,1133,24,480,460,0.8568,10232,7855,0.8179,114945955,6583,0.6132,,0.7565,44737,38473
157447,Northern Kentucky University,Highland Heights,KY,1,17,13,3,4,1,1,8246,1087,23,473,480,0.6765,9637,8693,0.5482,126372000,10042,0.5224,,0.7551,50220,42105
157535,University of Pikeville,Pikeville,KY,2,17,11,3,4,1,1,1135,,,,,,11189,7086,0.5952,30539068,23927,0.4167,,0.6873,48231,34508
157748,The Southern Baptist Theological Seminary,Louisville,KY,2,24,6,3,4,1,1,848,1120,23,520,490,0.5587,5040,8442,1,96731683,8101,0.4025,,0.7857,,
157757,Spalding University,Louisville,KY,2,18,11,3,4,1,1,583,977,20,440,435,0.9945,11748,8066,0.5479,28250023,17678,0.5167,,0.6404,49438,42870
157793,Sullivan University,Louisville,KY,3,18,6,2,4,1,1,2026,,,,,,11426,7490,0.6043,,27629,0.7099,,,38008,34516
157809,Thomas More University,Crestview Hills,KY,2,20,10,3,4,1,1,1293,1180,,510,520,0.9035,7094,6727,0.5174,33220333,14193,0.405,,0.6675,59384,47148
157818,Transylvania University,Lexington,KY,2,21,14,3,3,1,1,1005,1287,27,580,540,0.8655,12370,10145,0.6466,244769343,17622,0.7148,,0.8705,54705,40447
157863,Union Commonwealth University,Barbourville,KY,2,20,11,3,4,1,1,746,980,19,,,0.6315,5205,5687,1,31796460,9275,0.3213,,0.6378,42002,36529
157951,Western Kentucky University,Bowling Green,KY,1,17,10,3,4,1,1,12155,971,,420,420,0.9387,9271,8169,0.6739,16744356,6410,0.5556,,0.7831,43889,38156
158477,Centenary College of Louisiana,Shreveport,LA,2,21,12,3,4,1,1,685,1144,25,530,530,0.5574,11660,7808,0.3672,131358861,12112,0.5621,,0.702,50330,42821
158802,Dillard University,New Orleans,LA,2,21,10,3,4,1,1,1063,1050,21,480,488,0.4186,7241,7271,0.963,95653436,8348,0.4328,,0.7805,39196,28507
159009,Grambling State University,Grambling,LA,1,18,10,3,4,1,1,4164,943,17,490,430,0.4486,4469,6296,0.8813,15281361,5050,0.3616,,0.6608,41109,25589
159373,Louisiana State University Health Sciences Center-New Orleans,New Orleans,LA,1,25,11,3,4,1,1,862,,,,,,85766,9656,0.72,39656038,20622,,,,78495,74290
159382,Louisiana State University at Alexandria,Alexandria,LA,1,22,7,3,3,1,1,5632,1022,20,490,480,0.9208,5430,7220,0.604,23054605,5821,0.3422,,0.6952,42205,37284
159391,Louisiana State University and Agricultural & Mechanical College,Baton Rouge,LA,1,15,12,3,4,1,1,30594,1285,26,600,580,0.7333,10884,11474,0.8825,668448655,12816,0.6881,,0.8474,61251,49218
159416,Louisiana State University-Shreveport,Shreveport,LA,1,18,9,3,4,1,1,2153,1090,23,515,485,0.5055,8387,9562,0.7,26983101,10177,0.3754,,0.8315,47477,38467
159568,Louisiana Christian University,Pineville,LA,2,20,10,3,4,1,1,672,,21,,,0.7719,9557,6137,0.6064,43291657,9552,0.4387,,0.5243,51700,40615
159647,Louisiana Tech University,Ruston,LA,1,16,12,3,4,1,1,8312,1191,25,550,550,0.864,7357,9177,0.6605,92228921,8344,0.6382,,0.822,52279,44903
159656,Loyola University New Orleans,New Orleans,LA,2,17,12,3,4,1,1,2812,,,,,0.9305,12068,8990,0.6272,235855948,18345,0.5903,,0.8006,52927,34092
159717,McNeese State University,Lake Charles,LA,1,18,12,3,4,1,1,5005,1087,22,490,450,0.7827,5647,7591,1,19745794,5994,0.4704,,0.6844,46453,38713
159939,University of New Orleans,New Orleans,LA,1,16,11,3,4,1,1,4638,1052,21,480,455,0.7431,7315,9208,0.626,24939417,6959,0.3799,,0.6679,47872,38410
159948,New Orleans Baptist Theological Seminary,New Orleans,LA,2,24,5,3,4,1,1,865,,,,,,12047,6759,1,75734409,8367,0.7391,,0.92,,
159966,Nicholls State University,Thibodaux,LA,1,19,10,3,4,1,1,4737,1090,23,472,462,0.908,5948,6998,1,16919938,5464,0.538,,0.766,45454,38829
159993,University of Louisiana at Monroe,Monroe,LA,1,17,12,3,4,1,1,5022,1116,22,540,620,0.8475,7459,7719,0.741,38257472,6944,0.542,,0.7275,46769,40430
160038,Northwestern State University of Louisiana,Natchitoches,LA,1,18,7,3,4,1,1,5519,1088,19,448,418,0.9254,6994,7129,0.6613,17702752,5328,0.432,,0.7087,47021,39485
160065,University of Holy Cross,New Orleans,LA,2,20,9,3,4,1,1,471,,19,,,0.7366,10673,7708,0.3904,22701900,16363,0.4857,,0.7097,49316,46296
160074,Franciscan Missionaries of Our Lady University,Baton Rouge,LA,2,26,5,3,4,1,1,821,,21,,,0.987,14155,8122,1,11854409,15281,0.4545,,0.6393,59419,55851
160409,Saint Joseph Seminary College,St. Benedict,LA,2,24,11,3,3,1,1,93,,,,,,32262,5877,1,594042,44276,0.4783,,0.7143,38366,24003
160612,Southeastern Louisiana University,Hammond,LA,1,18,10,3,4,1,1,9514,1090,,,,0.9931,6646,7315,0.8023,21735686,6011,0.4541,,0.7253,46482,37124
160621,Southern University and A & M College,Baton Rouge,LA,1,16,10,3,4,1,1,5519,942,17,410,380,0.3512,5687,7735,0.9908,12017647,8335,0.2709,,0.6031,43371,33033
160630,Southern University at New Orleans,New Orleans,LA,1,19,7,3,4,1,1,1055,944,,410,410,0.789,5792,6898,1,3266304,3784,0.1311,,0.52,34042,29148
160658,University of Louisiana at Lafayette,Lafayette,LA,1,15,12,3,4,1,1,12428,1219,22,570,550,0.8701,9241,8889,0.7057,162724225,9125,0.5263,,0.7428,47089,42668
160755,Tulane University of Louisiana,New Orleans,LA,2,15,14,3,4,1,1,7767,1448,32,700,700,0.1398,37362,13243,0.6867,2087671000,39228,0.8614,,0.9255,63268,50220
160904,Xavier University of Louisiana,New Orleans,LA,2,19,12,3,4,1,1,2628,1080,23,500,450,0.6904,9547,9918,0.793,170871174,11341,0.4855,,0.7168,52184,40643
160959,College of the Atlantic,Bar Harbor,ME,2,21,12,3,4,1,1,353,1370,,660,580,0.7017,18162,9002,1,77106414,45228,0.6829,,0.85,40264,
160977,Bates College,Lewiston,ME,2,21,14,3,3,1,1,1760,1468,,710,710,0.1332,27338,11886,0.9522,428495127,57360,0.8969,,0.9129,69498,59202
160995,Beal University,Bangor,ME,3,7,4,2,4,1,1,484,,,,,,4994,5909,,,16296,0.36,,0.25,35639,40158
161004,Bowdoin College,Brunswick,ME,2,21,14,3,3,1,1,1873,1520,,730,740,0.0713,42365,14216,0.8893,2422201000,36653,0.9528,,0.9683,82735,61692
161022,Maine College of Health Professions,Lewiston,ME,2,26,5,2,3,1,1,239,,,,,0.7143,7517,6102,0.7273,15403870,17196,0.6667,,,79840,
161086,Colby College,Waterville,ME,2,21,14,3,3,1,1,2407,1501,33,720,740,0.0709,27972,13207,0.931,1116123000,36765,0.8879,,0.9365,80490,60052
161217,University of Maine at Augusta,Augusta,ME,1,22,5,3,4,1,1,2659,,,,,,9925,8060,0.4103,8496000,5853,0.2698,,0.6,40342,36467
161226,University of Maine at Farmington,Farmington,ME,1,22,10,3,4,1,1,1140,1130,,485,510,0.9672,14803,8643,0.681,16262000,7241,0.5154,,0.7277,44433,31513
161235,University of Maine at Fort Kent,Fort Kent,ME,1,22,7,3,4,1,1,599,,,,,0.9792,9029,8219,0.52,5109000,6563,0.3944,,0.8929,51077,61217
161253,University of Maine,Orono,ME,1,15,10,3,4,1,1,8496,,26,,,0.9664,12786,11425,0.6971,411588000,11856,0.5494,,0.8336,48653,43124
161299,Maine Maritime Academy,Castine,ME,1,22,10,3,4,1,1,942,1166,,565,530,0.5414,12658,,0.7745,47635686,17345,0.5818,,0.8166,89964,93944
161341,University of Maine at Presque Isle,Presque Isle,ME,1,22,7,3,4,1,1,1913,,,,,0.9987,5285,7782,0.481,1354000,4157,0.5155,,0.5842,40956,33793
161457,University of New England,Biddeford,ME,2,16,10,3,4,1,1,2135,,,,,0.9163,12819,9669,0.5419,176069053,27262,0.6835,,0.7942,55921,48957
161509,Maine College of Art & Design,Portland,ME,2,30,12,3,4,1,1,415,,,,,0.7606,15840,7529,0.3191,15489525,23568,0.5155,,0.7167,40778,24333
161518,Saint Joseph's College of Maine,Standish,ME,2,18,8,3,4,1,1,964,1040,,500,460,0.8351,7460,6294,1,16482838,12004,0.6574,,0.7457,59045,52884
161554,University of Southern Maine,Portland,ME,1,18,7,3,4,1,1,4222,1116,22,500,490,0.7923,10101,10420,0.3985,46350000,8672,0.4035,,0.7394,49958,47107
161563,Thomas College,Waterville,ME,2,20,10,3,4,1,1,647,,,,,0.963,4491,7625,0.5065,21046818,6834,0.5369,,0.7749,44991,40495
161572,Unity Environmental University,New Gloucester,ME,2,20,11,3,4,1,1,6483,,,,,,1999,5415,0.047,15865309,10890,0.2867,,0.3611,37852,31698
161873,University of Baltimore,Baltimore,MD,1,18,5,3,4,1,1,1133,940,19,370,370,0.7874,16754,13975,0.5638,68642308,14323,0.3816,,0.6,61335,48197
162007,Bowie State University,Bowie,MD,1,18,11,3,4,1,1,5043,,19,,,0.7241,10087,11118,0.455,43060825,5099,0.382,,0.6819,54537,43877
162061,Capitol Technology University,Laurel,MD,2,17,11,3,4,1,1,315,,,,,0.7435,7131,5625,1,5402570,24125,0.4268,,0.7681,85035,76545
162210,Washington Adventist University,Takoma Park,MD,2,20,11,3,4,1,1,452,980,,450,410,0.4618,18786,6208,0.2612,4086798,15021,0.2865,,0.6408,64249,40114
162283,Coppin State University,Baltimore,MD,1,20,7,3,4,1,1,1844,975,,460,420,0.4583,16220,10091,0.5556,3379240,0,0.2622,,0.6622,46490,42243
162584,Frostburg State University,Frostburg,MD,1,18,11,3,4,1,1,2909,,21,,,0.8918,12116,9386,0.7129,44168879,5191,0.4966,,0.6928,55493,43638
162654,Goucher College,Baltimore,MD,2,21,12,3,4,1,1,964,1248,28,560,530,0.7771,17884,8359,0.5628,239770000,14874,0.5734,,0.786,53023,40563
162760,Hood College,Frederick,MD,2,18,13,3,4,1,1,1194,,,,,0.7777,11518,8361,0.4104,124802106,15043,0.569,,0.6799,57089,48415
162928,Johns Hopkins University,Baltimore,MD,2,15,14,3,4,1,1,5693,1553,,740,780,0.0644,101214,18971,0.9434,10538865000,29675,0.9378,,0.9809,87555,86306
163046,Loyola University Maryland,Baltimore,MD,2,18,10,3,4,1,1,3869,1290,,620,580,0.7549,13478,9706,0.9971,293782938,19436,0.7919,,0.8711,82652,64453
163204,University of Maryland Global Campus,Adelphi,MD,1,18,5,3,4,1,1,49664,,,,,,2560,9948,0.0422,55967018,7892,0.3333,,0.5538,65287,58051
163259,University of Maryland Baltimore,Baltimore,MD,1,27,11,3,4,1,1,958,,,,,,35424,14577,0.3915,490317395,20237,,,,88174,82754
163268,University of Maryland-Baltimore County,Baltimore,MD,1,15,15,3,4,1,1,10701,1323,28,630,610,0.7243,14455,13145,0.6651,159915577,11298,0.7001,,0.8505,69960,55137
163286,University of Maryland-College Park,College Park,MD,1,15,15,3,4,1,1,30760,1473,32,690,710,0.4479,20217,17205,0.8258,1025687276,15148,0.8859,,0.962,82860,67785
163295,Maryland Institute College of Art,Baltimore,MD,2,30,10,3,4,1,1,1189,1258,,570,508,0.7679,19211,9574,0.1669,105280729,31047,0.7224,,0.8339,45212,33451
163338,University of Maryland Eastern Shore,Princess Anne,MD,1,16,10,3,4,1,1,2391,,,,,0.9641,23374,10872,0.7199,68498054,5106,0.3533,,0.6179,47697,34624
163453,Morgan State University,Baltimore,MD,1,16,10,3,4,1,1,9019,971,18,400,440,0.8223,9759,11634,0.5952,93985146,7512,0.4087,,0.7334,50698,40065
163462,Mount St. Mary's University,Emmitsburg,MD,2,19,10,3,4,1,1,1768,1176,,543,503,0.7381,10126,7399,1,61013510,14949,0.6539,,0.7077,64072,48915
163532,Ner Israel Rabbinical College,Pikesville,MD,2,24,11,3,4,1,1,280,,,,,0.6566,12077,7711,1,,5768,0.2353,,0.8049,66330,
163578,Notre Dame of Maryland University,Baltimore,MD,2,18,9,3,4,1,1,709,,,,,0.8216,14980,7645,0.4444,48012466,14322,0.5,,0.7277,65344,63918
163851,Salisbury University,Salisbury,MD,1,18,13,3,4,1,1,6057,1252,,600,580,0.8747,11356,10679,0.6841,105291660,6922,0.6815,,0.7766,61515,51926
163912,St. Mary's College of Maryland,St. Mary's City,MD,1,21,12,3,4,1,1,1603,1261,29,590,553,0.6863,13110,9044,0.702,41250174,11513,0.6995,,0.8575,60110,52286
163976,St. John's College,Annapolis,MD,2,21,12,3,4,1,1,471,1372,29,680,590,0.5524,15316,8919,1,158213539,14740,0.7143,,0.8271,51584,34483
164076,Towson University,Towson,MD,1,18,13,3,4,1,1,16136,1095,24,490,460,0.8197,10084,9975,0.5713,99591930,6899,0.6946,,0.8277,64390,54302
164155,United States Naval Academy,Annapolis,MD,1,21,14,3,3,1,1,4474,1307,29,610,600,0.0927,39042,14161,0.9951,382923157,0,0.9294,,0.9732,,
164173,Stevenson University,Owings Mills,MD,2,18,11,3,4,1,1,3102,,,,,0.7891,10867,8822,0.2958,106097046,13047,0.6849,,0.7879,62079,54574
164216,Washington College,Chestertown,MD,2,21,10,3,3,1,1,891,1280,,580,560,0.5689,26477,6768,0.8,281135336,17234,0.6537,,0.8391,65518,48763
164270,McDaniel College,Westminster,MD,2,18,10,3,4,1,1,1617,,,,,0.7793,10258,8473,0.2524,138625000,14080,0.6329,,0.7602,60663,47879
164368,Hult International Business School,Cambridge,MA,2,29,14,3,4,1,1,618,,,,,0.6048,9400,11791,0.3519,,28204,0.6667,,0.8025,,
164447,American International College,Springfield,MA,2,17,10,3,4,1,1,1017,,,,,0.9957,6626,7628,0.2209,30481819,11306,0.4591,,0.5673,53124,41451
164465,Amherst College,Amherst,MA,2,21,14,3,3,1,1,1911,1533,33,740,750,0.0901,36411,15606,0.9673,3341667395,32753,0.939,,0.9734,77644,62537
164492,Anna Maria College,Paxton,MA,2,19,11,3,4,1,1,906,,,,,0.503,7851,7264,0.3049,1410071,12494,0.4623,,0.6032,46651,63110
164562,Assumption University,Worcester,MA,2,19,10,3,4,1,1,1669,,,,,0.8298,13143,9808,0.5112,102793975,16189,0.7523,,0.8392,74895,46029
164580,Babson College,Wellesley,MA,2,29,14,3,4,1,1,2728,1457,32,670,720,0.1709,15660,20620,1,684902668,36243,0.9312,,0.9457,123938,91354
164614,Boston Baptist College,Boston,MA,2,24,11,3,3,1,1,19,,,,,0.9091,4310,1556,,,16577,0.1429,,0.3333,34159,
164632,Bay Path University,Longmeadow,MA,2,18,7,3,4,1,1,1108,1120,,490,520,0.852,8605,9202,0.1041,67320492,14475,0.4394,,0.728,55383,51548
164739,Bentley University,Waltham,MA,2,18,14,3,4,1,1,4474,1352,30,630,650,0.4505,16265,15847,0.6667,333900000,33527,0.8679,,0.9268,120959,86679
164748,Berklee College of Music,Boston,MA,2,18,9,3,4,1,1,7468,,,,,0.4353,20700,10837,0.3449,390021654,32931,0.6731,,0.8857,33647,26462
164872,Boston Architectural College,Boston,MA,2,30,11,1,4,1,1,280,,,,,,6321,7127,0.1123,10001765,21705,0.3158,,0.75,62123,58619
164915,Boston Graduate School of Psychoanalysis Inc,Brookline,MA,2,26,0,4,4,1,1,,,,,,,4313,4225,,,23242,,,,,
164924,Boston College,Chestnut Hill,MA,2,15,14,3,4,1,1,10085,1507,34,710,730,0.1643,27008,18131,0.6087,3547245333,41698,0.9083,,0.9602,103937,85717
164988,Boston University,Boston,MA,2,15,15,3,4,1,1,18248,1480,33,690,730,0.1111,35988,16623,0.6986,3138326000,36360,0.8866,,0.9472,83238,65655
165015,Brandeis University,Waltham,MA,2,15,14,3,4,1,1,3618,1462,33,690,700,0.405,21670,14570,0.7434,1216216620,28132,0.8603,,0.8702,77231,52967
165024,Bridgewater State University,Bridgewater,MA,1,18,11,3,4,1,1,7829,1180,24,550,510,0.8781,11273,11130,1,67739841,7977,0.5341,,0.7512,57466,46673
165167,Cambridge College,Boston,MA,2,18,5,3,4,1,1,532,,,,,,5549,8333,0.0043,42938391,9281,0.1111,,1,45998,49215
165264,Laboure College of Healthcare,Milton,MA,2,26,5,2,3,1,1,525,,,,,0.5,23476,7275,0.2447,8328352,28038,1,,,62200,64815
165334,Clark University,Worcester,MA,2,16,14,3,4,1,1,2214,1370,29,658,630,0.3954,19052,12471,1,451185000,23937,0.7694,,0.8617,62381,49022
165495,Conway School of Landscape Design,Northampton,MA,2,32,0,4,4,1,1,,,,,,,25153,6056,,163490,26862,,,,,
165529,Curry College,Milton,MA,2,20,10,3,4,1,1,1780,1125,,530,520,0.8765,15345,11385,0.363,88342735,19223,0.5112,,0.6616,54400,46746
165574,Dean College,Franklin,MA,2,22,12,3,3,1,1,1089,,,,,0.7371,8116,7401,0.2348,62873147,23827,0.5359,,0.6835,38109,30046
165662,Emerson College,Boston,MA,2,18,14,3,4,1,1,3870,1358,30,660,610,0.5131,13023,11853,0.3214,240725036,33447,0.7711,,0.8736,62832,42799
165671,Emmanuel College,Boston,MA,2,21,12,3,4,1,1,1854,1250,29,600,570,0.7565,11725,10788,0.5192,166862151,16203,0.6751,,0.7858,68245,50180
165699,Endicott College,Beverly,MA,2,18,12,3,4,1,1,3125,1274,,610,583,0.7121,13624,11416,0.2453,130663794,22211,0.7556,,0.8436,58336,57286
165802,Fisher College,Boston,MA,2,22,5,3,4,1,1,1167,,20,,,0.7068,7055,7855,0.28,,12665,0.2775,,0.5459,49669,44366
165820,Fitchburg State University,Fitchburg,MA,1,18,7,3,4,1,1,2752,1150,22,540,520,0.8693,11112,10973,0.4947,22184023,6810,0.5512,,0.6947,53874,41999
165866,Framingham State University,Framingham,MA,1,18,11,3,4,1,1,2566,1180,29,570,530,0.8361,9230,11240,0.6034,59632351,7090,0.478,,0.7099,52349,46611
165884,Benjamin Franklin Cummings Institute of Technology,Boston,MA,2,23,6,1,3,1,1,483,,,,,,7317,8025,0.4648,1270200,11356,0.4577,,0.5,57556,50583
165936,Gordon College,Wenham,MA,2,21,12,3,4,1,1,1278,1265,27,580,550,0.6923,11030,7927,0.5155,105587979,13799,0.6854,,0.8442,52119,45839
165945,Gordon-Conwell Theological Seminary,South Hamilton,MA,2,24,0,4,4,1,1,,,,,,,11077,6381,0.9667,66972023,12537,,,,,
166018,Hampshire College,Amherst,MA,2,21,13,3,3,1,1,839,,,,,0.7528,12599,10085,0.8103,32042529,11936,0.5426,,0.7838,46938,22195
166027,Harvard University,Cambridge,MA,2,15,14,3,4,1,1,7601,1553,35,740,770,0.0365,51780,25048,0.8676,50748594000,37705,0.9758,,0.983,101817,99572
166045,Hebrew College,Newton,MA,2,24,0,4,4,1,1,0,,,,,,43982,8988,0.2778,3373932,23191,,,,,
166054,Hellenic College-Holy Cross Greek Orthodox School of Theology,Brookline,MA,2,21,13,3,4,1,1,64,,,,,0.7963,15021,7542,0.4063,44356862,18410,0.4444,,0.7143,51724,30988
166124,College of the Holy Cross,Worcester,MA,2,21,14,3,3,1,1,3106,1353,30,630,610,0.1761,24933,12363,0.893,1043310792,37601,0.8733,,0.9478,90543,69984
166391,Lasell University,Newton,MA,2,18,12,3,4,1,1,1226,1100,27,530,500,0.8122,10067,8850,0.3208,36701339,16612,0.5864,,0.7038,49705,45468
166452,Lesley University,Cambridge,MA,2,17,7,3,4,1,1,1122,,,,,0.9687,14953,8813,0.2746,188022581,25346,0.5802,,0.7228,51173,40150
166489,Longy School of Music of Bard College,Cambridge,MA,2,30,0,1,4,1,1,10,,,,,,11479,5720,0.0698,8523174,25783,0.7778,,0.8571,46543,31072
166513,University of Massachusetts-Lowell,Lowell,MA,1,16,9,3,4,1,1,11434,1285,29,590,590,0.8304,15274,14275,0.604,181906000,11874,0.6482,,0.8399,64874,61467
166629,University of Massachusetts-Amherst,Amherst,MA,1,15,14,3,4,1,1,23671,1423,31,650,660,0.5973,20843,14663,0.8123,506854978,14910,0.8326,,0.9191,71631,60347
166638,University of Massachusetts-Boston,Boston,MA,1,16,13,3,4,1,1,11512,1194,27,540,530,0.8378,19582,12724,0.5988,147456000,13796,0.4941,,0.7041,65865,53521
166656,Massachusetts College of Pharmacy and Health Sciences,Boston,MA,2,26,11,3,4,1,1,3451,1269,27,570,590,0.8521,14199,11769,0.3299,1676213708,21864,0.6202,,0.7396,125557,77171
166674,Massachusetts College of Art and Design,Boston,MA,1,30,13,3,4,1,1,1831,,,,,0.7627,16343,10690,0.9921,18543628,15086,0.6887,,0.891,43582,27090
166683,Massachusetts Institute of Technology,Cambridge,MA,2,15,14,3,4,1,1,4535,1560,,740,780,0.0455,99057,24177,0.9898,23453446000,33887,0.9641,,0.9908,143372,131633
166692,Massachusetts Maritime Academy,Buzzards Bay,MA,1,20,12,3,4,1,1,1395,,,,,0.947,16741,10073,0.5346,53829468,17260,0.7406,,0.868,82392,80424
166708,University of Massachusetts Chan Medical School,Worcester,MA,1,27,0,4,4,1,1,,,,,,,72843,11904,0.2959,531070041,29227,,,,,
166717,William James College,Newton,MA,2,26,5,3,4,1,1,39,,,,,,19128,9598,0.6275,927410,31526,,,,,
166850,Merrimack College,North Andover,MA,2,18,10,3,4,1,1,3916,,,,,0.7002,8809,12316,0.4365,76251129,19285,0.7005,,0.7927,75584,54316
166869,MGH Institute of Health Professions,Boston,MA,2,26,10,3,4,1,1,164,,,,,,22475,10516,0.7662,50511000,35479,,,,87130,93187
166911,Montserrat College of Art,Beverly,MA,2,22,10,3,3,1,1,226,,,,,,9898,6551,0.4667,3510374,18394,0.5347,,0.9091,33022,24780
166939,Mount Holyoke College,South Hadley,MA,2,21,14,3,4,1,1,2169,1463,33,710,670,0.3603,29177,13140,0.9122,1036214880,27607,0.8439,,0.8859,58418,48590
167057,The New England Conservatory of Music,Boston,MA,2,30,14,3,4,1,1,393,,,,,0.411,46533,7937,0.3037,150987507,49472,0.7339,,0.8842,34483,18830
167093,New England College of Optometry,Boston,MA,2,26,0,3,4,1,1,,,,,,,26255,11078,0.375,11019273,42427,,,,,
167215,New England Law-Boston,Boston,MA,2,31,0,4,4,1,1,,,,,,,6314,12017,0.2013,86373261,24250,,,,,
167260,Nichols College,Dudley,MA,2,19,10,3,4,1,1,1163,1140,23,528,500,0.8084,6461,9714,0.3525,30234512,17022,0.6261,,0.7246,58063,47830
167288,Massachusetts College of Liberal Arts,North Adams,MA,1,21,11,3,4,1,1,713,,,,,0.8974,22306,10457,0.6378,19409210,6533,0.5564,,0.7566,48102,36803
167358,Northeastern University,Boston,MA,2,15,14,3,4,1,1,17326,1497,34,710,730,0.0522,21813,16218,0.7023,1553646774,49166,0.9054,,0.969,92538,78413
167394,College of Our Lady of the Elms,Chicopee,MA,2,19,13,3,4,1,1,949,,,,,0.8526,9941,7693,0.3229,20988104,17396,0.6809,,0.7602,51540,54087
167525,Quincy College,Quincy,MA,1,3,1,2,3,1,1,2300,,,,,,3496,9390,0.8537,,6308,0.1509,,0.6,52506,43642
167598,Regis College,Weston,MA,2,18,10,3,4,1,1,956,,,,,0.6978,12340,9009,0.3529,48734592,22161,0.7217,,0.7895,52873,56223
167677,Saint John's Seminary,Brighton,MA,2,24,11,3,4,1,1,7,,,,,,32269,6108,0.6875,36909880,22110,,,,,
167729,Salem State University,Salem,MA,1,18,11,3,4,1,1,4291,,,,,0.9588,10571,10694,1,53321130,9727,0.4977,,0.7525,56662,48209
167783,Simmons University,Boston,MA,2,17,13,3,4,1,1,1670,1316,29,620,600,0.6998,16715,8463,0.3026,225575769,21707,0.7234,,0.8481,63494,61420
167792,Simon's Rock at Bard College,Barrytown,NY,2,23,10,2,3,1,1,225,,,,,0.9589,24017,8318,0.6618,2423810,22688,0.6828,,0.7745,46543,31072
167835,Smith College,Northampton,MA,2,21,14,3,4,1,1,2544,1500,33,720,700,0.21,31466,13076,0.8697,2470415647,29438,0.8905,,0.943,64027,45731
167899,Springfield College,Springfield,MA,2,17,14,3,4,1,1,1751,1275,27,570,510,0.7189,14653,8245,1,99125167,17705,0.7419,,0.8067,48036,43692
167987,University of Massachusetts-Dartmouth,North Dartmouth,MA,1,16,13,3,4,1,1,5221,1182,23,530,520,0.9064,16600,12795,0.6792,102722116,11124,0.5207,,0.636,68804,51475
167996,Stonehill College,Easton,MA,2,21,12,3,4,1,1,2528,,,,,0.6628,15436,10720,0.5819,290568570,20255,0.76,,0.8396,77745,63285
168005,Suffolk University,Boston,MA,2,17,12,3,4,1,1,4268,1216,26,550,540,0.8233,11805,12891,0.5615,249936630,26185,0.6088,,0.7543,67506,55856
168148,Tufts University,Medford,MA,2,15,14,3,4,1,1,7061,1513,34,720,750,0.1149,28034,14205,0.6422,2405498000,41418,0.9351,,0.955,83214,68337
168218,Wellesley College,Wellesley,MA,2,21,14,3,3,1,1,2300,1520,33,730,730,0.1405,39815,14120,0.8005,2888870000,25700,0.9153,,0.965,84803,65961
168227,Wentworth Institute of Technology,Boston,MA,2,20,12,3,4,1,1,3747,1229,28,560,550,0.9121,14597,11150,0.4752,149625584,21204,0.6824,,0.8376,82721,71868
168254,Western New England University,Springfield,MA,2,17,10,3,4,1,1,2603,1192,28,540,550,0.8348,12651,10676,0.6068,62127725,21847,0.6398,,0.7397,73157,51771
168263,Westfield State University,Westfield,MA,1,18,11,3,4,1,1,3615,,20,,,0.8141,12928,11555,0.5867,11644025,9085,0.5441,,0.739,57346,46861
168281,Wheaton College (Massachusetts),Norton,MA,2,21,14,3,3,1,1,1773,1308,30,640,580,0.6773,17319,8150,0.7394,256218480,18356,0.7282,,0.8218,67725,51607
168342,Williams College,Williamstown,MA,2,21,14,3,4,1,1,2076,1533,,740,750,0.0825,51880,15317,0.8771,3368671196,33998,0.9361,,0.9685,88665,71754
168421,Worcester Polytechnic Institute,Worcester,MA,2,16,12,3,4,1,1,5447,,,,,0.6016,21636,13376,0.8285,631031000,28974,0.8971,,0.9366,103470,85038
168430,Worcester State University,Worcester,MA,1,18,13,3,4,1,1,3930,1150,24,533,493,0.8799,9709,10308,0.4659,24032999,8042,0.6145,,0.7814,60624,50233
168528,Adrian College,Adrian,MI,2,22,10,3,4,1,1,1604,1034,22,443,430,0.7253,8132,6614,0.4438,50551776,13710,0.4842,,0.6542,55504,42805
168546,Albion College,Albion,MI,2,21,10,3,3,1,1,1300,,,,,0.807,18176,7469,0.8824,149894316,11309,0.6159,,0.708,58799,48203
168591,Alma College,Alma,MI,2,22,12,3,4,1,1,1148,,,,,0.5703,14519,7879,0.6232,132927901,12911,0.6287,,0.8497,54742,45720
168607,Alpena Community College,Alpena,MI,1,14,5,2,3,1,1,732,,,,,,9220,9860,0.5176,9238681,6400,0.515,,0.5,36442,35275
168740,Andrews University,Berrien Springs,MI,2,17,13,3,4,1,1,1224,1150,24,520,470,0.8185,14063,7256,0.6677,66259645,17040,0.7153,,0.8321,53187,43254
168786,Aquinas College,Grand Rapids,MI,2,21,12,3,4,1,1,1083,1025,23,470,440,0.8988,8672,6660,0.5068,43962214,13759,0.6536,,0.7831,49584,40161
168847,Baker College,Owosso,MI,2,19,5,3,4,1,1,3026,1080,,500,460,0.8187,10207,6382,0.1843,332292988,11424,0.3583,,0.661,35833,33619
169080,Calvin University,Grand Rapids,MI,2,20,12,3,4,1,1,3193,1233,27,550,533,0.7091,13491,9559,1,254434000,13856,0.7406,,0.8676,58375,48039
169099,Calvin Theological Seminary,Grand Rapids,MI,2,24,0,4,4,1,1,,,,,,,9881,8917,0.8,56482543,1866,,,,,
169220,Michigan School of Psychology,Farmington Hills,MI,2,26,0,4,4,1,1,,,,,,,12931,9163,0.4242,4440,23294,,,,,
169248,Central Michigan University,Mount Pleasant,MI,1,16,13,3,4,1,1,10035,1091,23,490,470,0.8982,8718,10682,0.7527,244760632,13220,0.5872,,0.7536,55874,46567
169327,Cleary University,Howell,MI,2,29,8,3,4,1,1,738,,19,,,0.6754,3298,4499,0.0441,1341586,14579,0.4146,,0.6585,54186,55077
169363,Concordia University Ann Arbor,Ann Arbor,MI,2,20,10,3,4,1,1,702,,21,,,0.6925,8791,6511,1,24999361,14539,0.4764,,0.4464,56075,49761
169424,Cranbrook Academy of Art,Bloomfield Hills,MI,2,30,0,4,4,1,1,,,,,,,44834,10131,0.8462,66674526,18924,,,,,
169442,College for Creative Studies,Detroit,MI,2,30,13,3,4,1,1,1230,,,,,0.9194,15709,10972,1,81924503,27038,0.7061,,0.8217,44860,33691
169479,Davenport University,Grand Rapids,MI,2,18,5,3,4,1,1,3134,,,,,0.9784,6091,7047,0.293,30009003,17664,0.5659,,0.8205,45099,47041
169716,University of Detroit Mercy,Detroit,MI,2,17,13,3,4,1,1,2438,1134,26,520,510,0.7542,14925,10733,1,95365208,26229,0.672,,0.8349,71030,64534
169798,Eastern Michigan University,Ypsilanti,MI,1,16,7,3,4,1,1,10055,1066,22,480,440,0.7964,8921,10472,0.9856,97834281,14994,0.4644,,0.6875,51793,43148
169910,Ferris State University,Big Rapids,MI,1,17,7,3,4,1,1,8106,1012,23,460,430,0.9139,9659,10752,0.7097,119719300,12662,0.4687,,0.7762,54735,47339
169983,Kettering University,Flint,MI,2,19,14,3,4,1,1,1205,1251,28,580,580,0.7867,13932,9222,1,110070878,21055,0.708,,0.943,94823,80275
170000,Grace Christian University,Wyoming,MI,2,22,7,3,4,1,1,716,,,,,0.9916,5132,5647,1,,6700,0.5104,,0.6522,41663,31450
170037,Cornerstone University,Grand Rapids,MI,2,18,8,3,4,1,1,1298,,23,,,0.7777,4718,7119,1,16507899,13957,0.6187,,0.7828,47314,42598
170082,Grand Valley State University,Allendale,MI,1,17,11,3,4,1,1,18854,1074,,480,460,0.8302,10704,10156,0.6562,184023776,13236,0.6701,,0.7632,56118,47840
170091,Great Lakes Christian College,Lansing,MI,2,22,11,3,3,1,1,197,,,,,,5162,4828,0.2727,1004455,4491,0.36,,0.4894,31053,28240
170240,Henry Ford College,Dearborn,MI,1,14,5,1,3,1,1,8643,,,,,,7801,11423,1,,3147,0.1723,,,34795,28100
170286,Hillsdale College,Hillsdale,MI,2,21,14,3,4,1,1,1573,1415,32,680,640,0.2072,40494,8424,1,1002503208,9761,0.8971,,0.9656,,
170301,Hope College,Holland,MI,2,21,12,3,3,1,1,3288,1249,28,550,550,0.7924,13039,8709,0.6866,296649000,17816,0.7995,,0.8837,58427,49727
170444,Jackson College,Jackson,MI,1,14,5,1,3,2,1,3422,,,,,,7240,7052,1,12773082,3817,0.159,,,36898,31956
170532,Kalamazoo College,Kalamazoo,MI,2,21,12,3,3,1,1,1149,1280,27,590,580,0.7532,20681,8916,0.848,286769775,16229,0.7598,,0.8455,65590,46137
170639,Lake Superior State University,Sault Ste Marie,MI,1,22,11,3,3,1,1,1325,,23,,,,11551,8000,0.9175,35183677,8646,0.5098,,0.788,49045,42767
170675,Lawrence Technological University,Southfield,MI,2,18,11,3,4,1,1,1668,,,,,0.559,12614,9215,0.3654,51202540,29592,0.6058,,0.7836,69151,58827
170806,Madonna University,Livonia,MI,2,19,7,3,4,1,1,1632,980,23,460,420,0.6339,11643,7541,0.3744,46876787,17230,0.6,,0.7154,59058,49871
170967,Rochester Christian University,Rochester Hills,MI,2,22,7,3,4,1,1,792,,,,,0.9765,8275,6476,0.9487,4752945,12396,0.4412,,0.5957,48707,40813
170976,University of Michigan-Ann Arbor,Ann Arbor,MI,1,15,14,3,4,1,1,34177,1465,,680,680,0.1564,29014,13384,0.8168,17626819000,29214,0.932,,0.9747,83648,73762
171100,Michigan State University,East Lansing,MI,1,15,12,3,4,1,1,40922,1269,26,590,590,0.848,19397,13468,0.8591,4580074000,19590,0.8072,,0.9005,67253,55084
171128,Michigan Technological University,Houghton,MI,1,16,14,3,4,1,1,5955,1258,28,570,560,0.9243,12828,11858,0.8658,155891037,17406,0.6806,,0.8882,78198,69672
171137,University of Michigan-Dearborn,Dearborn,MI,1,18,9,3,4,1,1,5952,1115,25,500,490,0.5561,12893,11247,0.6877,85754000,13372,0.5798,,0.8249,59649,50389
171146,University of Michigan-Flint,Flint,MI,1,17,7,3,4,1,1,4411,1102,25,500,470,0.7046,11896,10504,0.5723,163119000,12719,0.4031,,0.7778,53230,45453
171456,Northern Michigan University,Marquette,MI,1,19,13,3,4,1,1,6556,,,,,0.8402,8369,9306,0.7103,17914946,12459,0.5214,,0.7796,47107,37996
171483,Northwestern Michigan College,Traverse City,MI,1,14,5,2,3,1,1,2813,,,,,,12899,10057,0.4252,18679060,10681,0.2484,,0.8438,38167,34918
171492,Northwood University,Midland,MI,2,29,7,3,4,1,1,1974,,,,,0.6451,7560,8840,0.22,105487250,14382,0.6332,,0.7862,63075,54058
171571,Oakland University,Rochester Hills,MI,1,16,13,3,4,1,1,12351,1120,25,540,490,0.8784,10989,10527,0.5415,136683871,14316,0.5756,,0.7794,58612,49017
171599,The University of Olivet,Olivet,MI,2,22,10,3,4,1,1,892,,21,,,0.8325,9409,6387,1,24884692,11679,0.3527,,0.6138,47907,42637
171881,Kuyper College,Grand Rapids,MI,2,22,7,3,3,1,1,145,,,,,0.691,11903,5553,0.2927,5905638,13360,0.5,,0.5897,41066,33956
172033,Sacred Heart Major Seminary,Detroit,MI,2,21,5,1,4,1,1,178,,,,,1,16084,7389,0.6087,31250115,13642,0.6667,,1,49295,
172051,Saginaw Valley State University,University Center,MI,1,18,10,3,4,1,1,5989,1052,22,480,440,0.7207,9060,9515,0.4235,103731107,9543,0.4825,,0.7757,51955,43530
172200,Schoolcraft Community College District,Livonia,MI,1,14,5,2,3,1,1,7511,,,,,,8021,11755,0.2704,13419245,5793,0.1836,,,42722,34749
172264,Siena Heights University,Adrian,MI,2,19,9,3,4,1,1,1495,954,,413,393,0.689,6331,6749,1,13293717,8258,0.3862,,0.7,57529,49913
172334,Spring Arbor University,Spring Arbor,MI,2,18,9,3,4,1,1,1010,1170,,540,470,0.5152,5867,6316,0.2727,26389581,12845,0.6354,,0.7707,51732,45592
172477,Thomas M Cooley Law School,Lansing,MI,2,31,0,4,4,1,1,,,,,,,21342,12684,0.4667,23576577,31071,,,,63450,
172608,Walsh College,Troy,MI,2,29,5,3,4,1,1,445,,,,,,12049,11435,0.1495,12073797,29526,,,,72081,64114
172644,Wayne State University,Detroit,MI,1,15,9,3,4,1,1,15587,1156,25,540,520,0.8116,14651,12166,0.5813,509239000,11259,0.5844,,0.8265,53493,45207
172699,Western Michigan University,Kalamazoo,MI,1,16,13,3,4,1,1,12568,,24,,,0.846,13167,10830,0.6315,633647236,14849,0.5757,,0.8112,53562,45356
172705,Western Theological Seminary,Holland,MI,2,24,0,4,4,1,1,,,,,,,14925,8996,0.9583,31869385,6864,,,,,
172866,Academy College,Bloomington,MN,3,28,11,3,3,1,1,56,,,,,,5344,2708,1,,45683,0.36,,0,48300,45418
173045,Augsburg University,Minneapolis,MN,2,18,11,3,4,1,1,2494,,21,,,0.8198,12043,8416,0.5163,70765390,15895,0.5167,,0.7233,58829,48616
173124,Bemidji State University,Bemidji,MN,1,20,7,3,4,1,1,3139,1090,22,,,0.5598,9867,10427,0.6531,33214000,5385,0.4787,,0.7267,53755,47469
173142,Bethany Lutheran College,Mankato,MN,2,21,12,3,4,1,1,669,1150,,550,490,0.3897,10719,7253,0.5059,49458925,12569,0.5486,,0.7196,46110,40652
173160,Bethel University,Saint Paul,MN,2,17,12,3,4,1,1,1871,1249,24,610,580,0.878,9737,8331,0.3559,89862596,17786,0.7138,,0.8571,63764,55145
173258,Carleton College,Northfield,MN,2,21,14,3,3,1,1,2086,1517,33,720,730,0.2041,40626,13960,0.8733,1176531478,35721,0.896,,0.9647,75525,53989
173300,Concordia College at Moorhead,Moorhead,MN,2,21,12,3,4,1,1,1829,1190,23,,,0.6265,12965,7714,0.7236,171705611,13947,0.6107,,0.8356,59317,48225
173328,Concordia University-Saint Paul,Saint Paul,MN,2,18,9,3,4,1,1,3018,,,,,0.7887,3921,7654,0.2245,45677631,13525,0.459,,0.6739,59871,50646
173452,Martin Luther College,New Ulm,MN,2,32,12,3,4,1,1,725,1090,24,,,0.8717,11791,5088,0.7959,24011960,14079,0.715,,0.8467,47491,40760
173647,Gustavus Adolphus College,Saint Peter,MN,2,21,12,3,3,1,1,1878,1290,29,,,0.6099,18862,8374,0.9274,290444612,17717,0.7665,,0.8798,65607,51546
173665,Hamline University,Saint Paul,MN,2,18,13,3,4,1,1,1776,1160,23,568,565,0.8763,9881,8221,0.4878,126516616,19396,0.6045,,0.7823,61106,47139
173683,Hazelden Betty Ford Graduate School,Center City,MN,2,26,0,4,4,1,1,,,,,,,8138,7908,1,28669927,15528,,,,,
173896,Luther Seminary,Saint Paul,MN,2,24,0,4,4,1,1,,,,,,,32158,7297,1,120028613,2040,,,,,
173902,Macalester College,Saint Paul,MN,2,21,14,3,3,1,1,2131,1440,31,680,670,0.2852,25033,11951,0.8417,834667000,26836,0.871,,0.9228,63878,46244
173920,Minnesota State University-Mankato,Mankato,MN,1,18,11,3,4,1,1,11703,1150,22,,,0.8844,9227,11257,0.7244,70920000,8676,0.5395,,0.8025,56922,50098
173957,Mayo Clinic College of Medicine and Science,Rochester,MN,2,27,0,1,4,1,1,309,,,,,0.3901,30656,,,1094794734,8518,,,,79652,74758
174020,Metropolitan State University,Saint Paul,MN,1,19,5,3,4,1,1,5616,1020,,,,0.9871,7600,11336,0.3532,8653000,5200,0.4357,,0.6754,64705,54828
174066,University of Minnesota-Twin Cities,Minneapolis,MN,1,15,15,3,4,1,1,31855,1362,30,640,660,0.7975,18312,13662,0.8064,5108881887,14846,0.8528,,0.9112,69020,57984
174075,University of Minnesota-Crookston,Crookston,MN,1,22,9,3,3,1,1,1729,,,,,0.8786,7692,9241,1,23375746,5580,0.4976,,0.8,58056,51905
174127,Minneapolis College of Art and Design,Minneapolis,MN,2,30,15,3,4,1,1,705,1161,,600,530,0.4848,14118,8513,0.2782,50555286,20652,0.5116,,0.7456,40873,35198
174154,Herzing University-Minneapolis,St. Louis Park,MN,2,26,5,3,4,1,1,740,,,,,0.9375,6105,7450,0.1271,,13774,0.4667,,0.6957,36909,35295
174233,University of Minnesota-Duluth,Duluth,MN,1,18,12,3,4,1,1,7336,1251,25,590,590,0.8875,8746,9267,0.8494,282901326,9117,0.6472,,0.8114,62616,52840
174251,University of Minnesota-Morris,Morris,MN,1,21,12,3,3,1,1,936,1150,,,,0.7493,16176,8211,0.939,24109848,4211,0.625,,0.739,50919,43163
174358,Minnesota State University Moorhead,Moorhead,MN,1,18,13,3,4,1,1,3072,1090,22,,,0.5876,9492,10729,0.6633,35806000,6603,0.5732,,0.7496,50527,45873
174437,North Central University,Minneapolis,MN,2,22,10,3,4,1,1,709,,,,,0.9898,9490,6701,0.1406,4123927,15743,0.6634,,0.8221,45064,37688
174491,University of Northwestern-St Paul,Saint Paul,MN,2,20,11,3,4,1,1,1442,1173,,430,438,0.9347,8516,6608,1,22112282,15891,0.6813,,0.8287,50755,47544
174507,Northwestern Health Sciences University,Bloomington,MN,2,26,5,2,4,1,1,271,,,,,,10111,7686,0.5517,2980082,20680,0,,,48666,43760
174525,Oak Hills Christian College,Bemidji,MN,2,22,11,3,3,1,1,75,,,,,,6511,4138,0.625,841149,10235,0.2273,,0.45,35983,31108
174747,College of Saint Benedict,Saint Joseph,MN,2,21,12,3,4,1,1,1370,1151,24,565,483,0.9152,15030,9135,0.8855,118034432,20407,0.7712,,0.8628,63260,54567
174783,Saint Cloud State University,Saint Cloud,MN,1,18,7,3,4,1,1,5088,1092,21,510,515,0.948,9755,11863,0.6422,42362000,7230,0.4032,,0.7065,55813,47215
174792,Saint Johns University,Collegeville,MN,2,21,12,3,4,1,1,1395,1183,25,503,438,0.9062,16277,8973,0.8271,276143788,20168,0.7538,,0.8575,76786,59843
174817,Saint Mary's University of Minnesota,Winona,MN,2,17,6,3,4,1,1,1073,,,,,0.9278,7094,7511,0.2722,67202697,15455,0.6601,,0.7463,58170,54549
174844,St Olaf College,Northfield,MN,2,21,14,3,3,1,1,3093,1380,31,660,640,0.4832,19698,9218,0.7551,711741089,17758,0.84,,0.9223,65543,48373
174862,Crown College,Saint Bonifacius,MN,2,19,7,3,4,1,1,796,,,,,0.2278,3358,5375,0.1732,10400791,12361,0.4539,,0.6984,48057,39003
174899,The College of Saint Scholastica,Duluth,MN,2,17,13,3,4,1,1,1765,1120,25,,,0.9296,9660,7589,0.5097,102206639,14346,0.7053,,0.8184,65934,62332
174914,University of St Thomas,Saint Paul,MN,2,17,12,3,4,1,1,6245,1296,25,640,620,0.8536,15681,11771,0.4897,710223000,19970,0.7638,,0.8845,73739,62412
175005,St Catherine University,Saint Paul,MN,2,17,9,3,4,1,1,2473,1147,23,480,370,0.9185,12414,7616,0.5307,129354437,19900,0.6125,,0.8034,59282,52795
175014,Rasmussen University-Minnesota,St. Cloud,MN,3,23,5,1,4,1,1,8617,,,,,,3112,6523,0.0948,,16375,0.5349,,1,39080,41436
175078,Southwest Minnesota State University,Marshall,MN,1,18,7,3,4,1,1,2315,1050,,,,0.6218,7153,10672,0.518,18238000,3871,0.451,,0.7371,51342,43282
175139,United Theological Seminary of the Twin Cities,St. Paul,MN,2,24,0,4,4,1,1,,,,,,,8178,6175,1,8134635,10421,,,,,
175227,Dunwoody College of Technology,Minneapolis,MN,2,23,11,2,3,1,1,1533,1120,,,,0.9887,15813,7599,0.5238,51031834,23847,0.6606,,0.7619,61511,59069
175272,Winona State University,Winona,MN,1,19,10,3,4,1,1,5144,,22,,,0.7549,11017,10946,0.6917,55605000,6851,0.5694,,0.7904,58532,51288
175281,Mitchell Hamline School of Law,Saint Paul,MN,2,31,0,4,4,1,1,,,,,,,16059,9992,0.9375,50112292,25767,,,,,
175342,Alcorn State University,Alcorn State,MS,1,20,11,3,4,1,1,2363,904,22,400,270,0.4533,8729,7235,0.6063,19282933,3713,0.5736,,0.7665,36421,27752
175421,Belhaven University,Jackson,MS,2,17,5,3,4,1,1,1471,1124,22,490,520,0.4975,4351,5643,0.1618,7137355,11350,0.4854,,0.6781,46440,38987
175430,Blue Mountain Christian University,Blue Mountain,MS,2,22,11,3,4,1,1,498,1090,21,,,0.8895,10172,6439,0.7544,19289789,6021,0.5476,,0.6792,40421,35401
175616,Delta State University,Cleveland,MS,1,18,11,3,4,1,1,1620,1050,19,475,450,1,10994,7517,0.5571,35794484,9283,0.4806,,0.6667,41991,36265
175856,Jackson State University,Jackson,MS,1,16,11,3,4,1,1,4600,965,18,430,390,0.9315,10884,7988,0.5953,54082842,8213,0.5091,,0.6235,39060,30530
175980,Millsaps College,Jackson,MS,2,21,12,3,4,1,1,549,1181,25,495,530,0.4312,19734,8256,0.79,103359546,12901,0.5714,,0.5802,53848,46137
176017,University of Mississippi,University,MS,1,15,13,3,4,1,1,21473,1184,25,510,490,0.9658,15881,10330,0.8555,835676847,14368,0.7174,,0.8721,50994,45336
176035,Mississippi University for Women,Columbus,MS,1,20,11,3,4,1,1,1605,1090,21,,,0.9031,10301,6855,0.6828,65481234,5844,0.4677,,0.6731,46128,47458
176044,Mississippi Valley State University,Itta Bena,MS,1,20,11,3,4,1,1,1439,870,16,,,0.9238,11446,6733,0.6234,3697118,727,0.2676,,0.6975,31919,25817
176053,Mississippi Christian University,Clinton,MS,2,17,13,3,4,1,1,2518,1090,24,,,0.2911,8389,7995,0.5234,99277607,9435,0.5934,,0.7776,47485,42011
176080,Mississippi State University,Mississippi State,MS,1,15,13,3,4,1,1,18397,1219,26,560,540,0.7764,8632,10100,0.8323,709409459,10417,0.6667,,0.825,51513,43487
176318,Rust College,Holly Springs,MS,2,21,5,3,3,1,1,467,,,,,0.4867,8780,5096,0.8571,45787334,11581,0.1179,,0.8438,32275,25641
176336,Southeastern Baptist College,Laurel,MS,2,23,11,2,3,1,1,93,,,,,1,711,,,,4492,0.8,,0.65,26946,
176372,University of Southern Mississippi,Hattiesburg,MS,1,15,11,3,4,1,1,10075,1190,23,,,0.9912,8263,8697,1,140221302,7127,0.4906,,0.7209,44140,37710
176406,Tougaloo College,Tougaloo,MS,2,21,11,3,4,1,1,639,,19,,,0.5985,5291,4012,0.9535,27120612,7930,0.3311,,0.832,34724,25777
176451,Wesley Biblical Seminary,Ridgeland,MS,2,24,0,3,4,1,1,24,,,,,,7832,6597,,4813723,10192,,,,,
176479,William Carey University,Hattiesburg,MS,2,17,13,3,4,1,1,2201,1122,25,540,500,0.6029,12293,8123,0.5729,30896691,17000,0.5978,,0.7794,43087,37639
176600,Aquinas Institute of Theology,Saint Louis,MO,2,24,0,4,4,1,1,,,,,,,33041,4551,0.2759,4316000,17364,,,,,
176628,Avila University,Kansas City,MO,2,19,11,3,4,1,1,1312,972,20,430,370,0.878,6863,6779,0.2273,15093619,10618,0.5238,,0.7053,52773,48975
176664,Mission University,Springfield,MO,2,24,11,3,4,1,1,381,,,,,,3499,4474,0.4516,415784,10835,0.4444,,0.5941,38641,30600
176770,Cox College,Springfield,MO,2,26,5,2,4,1,1,540,,,,,1,12834,8024,0.9804,,16304,1,,0,56867,58703
176789,Calvary University,Kansas City,MO,2,22,7,3,4,1,1,154,1050,20,500,480,0.7174,8558,4019,0.4773,453110,8471,0.5217,,0.5455,45421,33144
176910,Central Christian College of the Bible,Moberly,MO,2,24,11,3,4,1,1,154,,,,,,9460,4557,1,2090766,7021,0.2195,,0.6875,34675,30223
176947,Central Methodist University-College of Liberal Arts and Sciences,Fayette,MO,2,22,11,3,3,1,1,1040,1048,21,440,520,0.5687,13771,6712,1,48306495,17068,0.5123,,0.6184,48991,43860
176965,University of Central Missouri,Warrensburg,MO,1,18,11,3,4,1,1,5648,1050,,,,0.638,9606,9188,1,73753612,9055,0.5408,,0.7363,49560,41593
177038,Cleveland University-Kansas City,Overland Park,KS,2,26,5,3,4,1,1,95,,,,,0.6923,13348,5918,0.507,19250069,29072,1,,0.5,52304,
177065,Columbia College,Columbia,MO,2,18,5,3,4,1,1,4950,,,,,,8042,8205,1,169372373,9437,0.4219,,0.7509,45378,40747
177083,Conception Seminary College,Conception,MO,2,24,15,3,3,1,1,40,,21,,,0.3182,16283,5187,,8380469,24640,0.5,,0.75,50430,33606
177092,Concordia Seminary,Saint Louis,MO,2,24,0,4,4,1,1,,,,,,,25516,9412,1,206174475,12339,,,,,
177117,Cottey College,Nevada,MO,2,23,10,3,3,1,1,254,,22,,,0.6918,26653,5576,0.8333,105710387,8506,0.5625,,0.6724,35422,32903
177126,Covenant Theological Seminary,Saint Louis,MO,2,24,0,4,4,1,1,,,,,,,10682,6693,1,43981126,8497,,,,,
177144,Culver-Stockton College,Canton,MO,2,22,10,3,4,1,1,807,,22,,,0.991,4196,6246,0.6528,38248482,9950,0.3916,,0.672,46092,40673
177214,Drury University,Springfield,MO,2,20,12,3,4,1,1,1383,1218,27,570,560,0.5758,11903,7506,1,84107752,11770,0.618,,0.7917,40694,37508
177278,Eden Theological Seminary,Webster Groves,MO,2,24,0,4,4,1,1,,,,,,,61257,7562,1,19290520,12601,,,,,
177339,Evangel University,Springfield,MO,2,19,10,3,4,1,1,1229,1188,,540,500,0.7161,6332,5330,0.2921,24074556,10688,0.6503,,0.7636,46573,39332
177472,Ozarks Technical Community College,Springfield,MO,1,7,2,2,3,1,1,8165,,,,,,5324,6512,0.288,6848449,3651,0.3254,,1,36455,32525
177542,Hannibal-LaGrange University,Hannibal,MO,2,22,13,3,4,1,1,410,1090,22,,,0.7263,4210,2888,0.4394,10367549,9408,0.5039,,0.7833,42643,41185
177551,Harris-Stowe State University,Saint Louis,MO,1,22,7,3,3,1,1,960,,,,,,10583,5463,1,3334255,3568,0.2756,,0.684,31088,26634
177719,Barnes-Jewish College Goldfarb School of Nursing,Saint Louis,MO,2,26,11,3,4,1,1,446,,,,,,13744,8154,0.3228,39204990,20421,,,,84393,71761
177746,Kansas City Art Institute,Kansas City,MO,2,30,13,3,3,1,1,812,,,,,0.5476,12837,7886,0.4552,76784434,19670,0.5797,,0.7833,37032,25529
177816,Kenrick Glennon Seminary,Saint Louis,MO,2,24,0,4,4,1,1,,,,,,,52845,6671,0.7097,31621172,20430,,,,,
177834,A T Still University of Health Sciences,Kirksville,MO,2,25,0,4,4,1,1,,,,,,,23453,10582,0.3169,123749100,46652,,,,,
177940,Lincoln University,Jefferson City,MO,1,22,11,3,4,1,1,1392,,,,,,8821,5626,0.7243,3130947,2069,0.2085,,0.5986,39463,32185
177968,Lindenwood University,Saint Charles,MO,2,18,11,3,4,1,1,4624,1190,24,,,0.5684,7548,8990,1,188685883,14672,0.4933,,0.6563,53278,45711
177986,Logan University,Chesterfield,MO,2,26,5,3,4,1,1,229,,,,,0.6429,5698,7004,0.3899,29970825,21972,0.2222,,0.5,55838,42378
178059,Maryville University of Saint Louis,Saint Louis,MO,2,17,5,3,4,1,1,5658,,23,,,0.9508,6073,9445,0.1439,68824391,13686,0.6622,,0.8467,62105,55047
178208,Midwestern Baptist Theological Seminary,Kansas City,MO,2,24,5,3,4,1,1,747,,,,,0.964,2405,7596,0.2212,30581377,7220,0.4828,,0.8148,50535,39712
178244,Missouri Baptist University,Saint Louis,MO,2,18,11,3,4,1,1,1488,910,23,,,0.686,4969,6803,1,4879038,11206,0.4758,,0.6534,46660,38997
178341,Missouri Southern State University,Joplin,MO,1,20,7,3,4,1,1,3019,1065,21,540,610,0.9703,9817,6706,0.5309,48547412,3890,0.4158,,0.6278,42620,37866
178369,Missouri Valley College,Marshall,MO,2,22,11,3,4,1,1,1443,974,19,405,490,0.6918,4613,5466,0.4769,11820604,9068,0.2244,,0.5297,43221,36902
178387,Missouri Western State University,Saint Joseph,MO,1,20,11,3,4,1,1,2219,,,,,,6261,7902,0.6157,36657605,7133,0.3854,,0.5379,42647,37499
178396,University of Missouri-Columbia,Columbia,MO,1,15,12,3,4,1,1,23929,1247,27,580,570,0.7847,13675,11563,0.7882,1358166509,13182,0.7494,,0.9268,63403,52756
178402,University of Missouri-Kansas City,Kansas City,MO,1,16,13,3,4,1,1,6817,1204,26,640,650,0.7218,14451,11063,0.6473,199982456,14881,0.5546,,0.7536,59637,50298
178411,Missouri University of Science and Technology,Rolla,MO,1,16,14,3,4,1,1,5521,1317,29,580,610,0.7255,15588,12726,0.8254,257946546,11110,0.6437,,0.8656,82957,69295
178420,University of Missouri-St Louis,Saint Louis,MO,1,16,9,3,4,1,1,5024,1199,26,510,550,0.6267,10909,10112,0.5353,117774495,10112,0.5664,,0.7361,53037,47564
178518,Nazarene Theological Seminary,Kansas City,MO,2,24,0,4,4,1,1,,,,,,,13783,5903,1,12955768,9319,,,,,
178615,Truman State University,Kirksville,MO,1,19,14,3,4,1,1,2513,1320,27,600,570,0.8377,15401,7584,0.8587,62112973,5741,0.6853,,0.8474,56280,43966
178624,Northwest Missouri State University,Maryville,MO,1,18,10,3,4,1,1,4378,1119,22,478,498,0.8609,7192,8101,0.7969,44178767,7560,0.5423,,0.7392,47885,41695
178679,Ozark Christian College,Joplin,MO,2,24,7,3,4,1,1,602,,,,,0.9361,5523,5805,0.5373,5078069,10476,0.6364,,0.8345,41297,32528
178697,College of the Ozarks,Point Lookout,MO,2,22,12,3,3,1,1,1444,1118,23,540,510,0.1199,13386,8409,0.7018,567380345,4990,0.6369,,0.9023,41592,36507
178721,Park University,Parkville,MO,2,18,5,3,4,1,1,4555,,,,,,7714,7060,0.1254,56871387,12982,0.3843,,0.5762,56309,50550
178767,Stevens-The Institute of Business & Arts,Saint Louis,MO,3,22,5,3,3,1,1,89,,,,,1,8288,5726,,,11791,0.1429,,,29058,25898
178891,Ranken Technical College,Saint Louis,MO,2,14,6,1,3,1,1,1780,,,,,,5481,6114,0.5912,77333661,12314,0.5313,,1,55955,51342
178989,Research College of Nursing,Kansas City,MO,3,26,10,3,4,1,1,177,,,,,,12652,7772,1,,20177,,,,85910,72771
179043,Rockhurst University,Kansas City,MO,2,18,13,3,4,1,1,1580,1120,23,,,0.6959,7703,8007,0.5018,36005862,16268,0.7456,,0.7912,67102,61371
179159,Saint Louis University,Saint Louis,MO,2,16,14,3,4,1,1,7267,1317,30,600,600,0.7504,16954,11423,0.634,1731282211,21389,0.7953,,0.8784,70783,60716
179265,University of Health Sciences and Pharmacy in St. Louis,Saint Louis,MO,2,26,14,3,4,1,1,337,1131,24,530,525,0.8984,28357,10471,0.6863,129667293,30804,0.6168,,0.6923,137047,116360
179317,Saint Paul School of Theology,Leawood,KS,2,24,0,4,4,1,1,,,,,,,20839,6257,1,34339100,13307,,,,,
179326,Southwest Baptist University,Bolivar,MO,2,18,11,3,4,1,1,1341,1088,22,430,380,0.6839,10376,6072,0.3917,35219605,13909,0.5532,,0.6482,43112,38855
179548,Stephens College,Columbia,MO,2,20,13,3,4,1,1,391,,21,,,0.7722,17955,7780,1,56689943,14711,0.4274,,0.7838,43071,36778
179557,Southeast Missouri State University,Cape Girardeau,MO,1,18,11,3,4,1,1,6373,950,,,,0.7352,6248,8551,0.6822,105327222,6874,0.5793,,0.7576,44030,38150
179566,Missouri State University-Springfield,Springfield,MO,1,17,13,3,4,1,1,13313,1122,23,510,510,0.9053,8676,9014,0.6712,,7923,0.5791,,0.7725,49827,40553
179812,Kansas City University,Kansas City,MO,2,25,0,4,4,1,1,,,,,,,21062,11620,0.6111,32490735,55039,,,,,
179867,Washington University in St Louis,St. Louis,MO,2,15,14,3,4,1,1,7857,1530,34,730,770,0.1206,181929,16945,0.7253,11489314000,28816,0.9426,,0.9495,86182,78073
179894,Webster University,Saint Louis,MO,2,18,9,3,4,1,1,2304,1102,24,580,530,0.8623,8345,9218,1,86049370,16667,0.6439,,0.6866,50876,39656
179946,Westminster College,Fulton,MO,2,21,12,3,3,1,1,638,1118,21,480,510,0.792,11340,7642,0.6883,59331135,11282,0.5549,,0.7097,52199,40992
179955,William Jewell College,Liberty,MO,2,22,13,3,4,1,1,924,1095,24,540,540,0.3836,12825,7488,1,65347758,8180,0.6766,,0.738,59268,54197
179964,William Woods University,Fulton,MO,2,17,13,3,4,1,1,1300,,,,,0.7096,6000,5707,0.3497,18803282,8186,0.4681,,0.5797,42401,39265
180054,Blackfeet Community College,Browning,MT,2,33,3,2,3,1,1,286,,,,,,15656,5432,0.5,5342159,3485,0.623,,0.75,22953,22428
180106,Carroll College,Helena,MT,2,22,12,3,4,1,1,1092,1200,25,540,510,0.7093,10107,7620,0.6746,70468918,14352,0.6929,,0.8205,61772,43507
180179,Montana State University Billings,Billings,MT,1,19,7,3,4,1,1,2626,,,,,,8173,7728,0.6309,32590556,5877,0.3004,,0.5556,44296,39531
180203,Aaniiih Nakoda College,Harlem,MT,1,33,3,2,3,1,1,106,,,,,,20024,4887,1,1347068,3011,0.3421,,,30528,19990
180258,University of Providence,Great Falls,MT,2,20,7,3,4,1,1,528,980,20,,,0.5028,10820,6450,0.5,19477568,11348,0.2794,,0.7216,48296,37734
180416,Montana Technological University,Butte,MT,1,20,12,3,4,1,1,1480,1126,24,510,530,0.9105,10441,8585,0.766,56567616,6294,0.5824,,0.7674,54329,48356
180461,Montana State University,Bozeman,MT,1,15,12,3,4,1,1,14451,1183,24,540,525,0.8214,9613,9762,0.5754,288525485,13923,0.5708,,0.7852,53263,44757
180489,The University of Montana,Missoula,MT,1,15,13,3,4,1,1,7488,1190,22,,,0.9586,10436,9310,0.6865,255120279,11808,0.4796,,0.7477,44511,35729
180522,Montana State University-Northern,Havre,MT,1,22,11,3,4,1,1,761,,,,,,10357,6179,1,11147138,5355,0.4111,,0.6386,49505,45045
180595,Rocky Mountain College,Billings,MT,2,20,10,3,4,1,1,840,1083,22,488,405,0.6961,11659,6957,0.9351,40587952,19635,0.4841,,0.6905,49036,41783
180647,Salish Kootenai College,Pablo,MT,1,33,11,2,4,1,1,580,,,,,,20164,5893,0.5702,17895176,1269,0.2762,,0.8235,32725,28894
180692,The University of Montana-Western,Dillon,MT,1,22,11,3,4,1,1,1198,,,,,0.9978,6545,7879,1,7622343,7190,0.5125,,0.7857,43229,37252
180814,Bellevue University,Bellevue,NE,2,18,7,3,4,1,1,10220,,,,,,2786,6710,0.1207,106319108,13368,0.3295,,0.5793,61289,57732
180832,Clarkson College,Omaha,NE,2,26,5,3,4,1,1,622,,,,,0.7818,14465,6775,0.8219,5610980,16202,0.4667,,0.6087,64876,62339
180878,Bryan College of Health Sciences,Lincoln,NE,2,26,9,3,4,1,1,553,,,,,0.6737,12190,9196,0.557,7828803,19630,0.7,,0.7111,70845,66305
180948,Chadron State College,Chadron,NE,1,19,11,3,4,1,1,1540,,,,,,7796,8175,0.5479,27881454,5206,0.5041,,0.6317,47002,39139
180984,Concordia University-Nebraska,Seward,NE,2,18,12,3,4,1,1,1283,,23,,,0.8572,5451,6919,1,70806731,9839,0.6489,,0.7953,52415,44527
181002,Creighton University,Omaha,NE,2,16,12,3,4,1,1,4348,1321,28,620,623,0.7975,18314,10809,0.6879,745399000,30326,0.8336,,0.9415,73911,63090
181020,Doane University,Crete,NE,2,18,12,3,4,1,1,978,,,,,0.9801,13589,7775,0.4079,124564584,15775,0.5714,,0.7925,53316,46009
181127,Hastings College,Hastings,NE,2,22,10,3,4,1,1,891,1320,,,,0.7165,8984,7146,1,103044666,10618,0.4885,,0.6563,51303,45590
181145,CHI Health School of Radiologic Technology,Omaha,NE,2,10,4,3,3,1,1,29,,,,,,15734,6667,,,9400,,,,48110,
181215,University of Nebraska at Kearney,Kearney,NE,1,18,11,3,4,1,1,4088,1118,22,495,410,0.8949,11409,8350,0.6623,74541936,6277,0.5774,,0.7996,50105,43241
181297,Nebraska Methodist College of Nursing & Allied Health,Omaha,NE,2,26,9,3,4,1,1,781,,,,,0.7341,12149,6681,0.9315,13762134,16198,0.5952,,0.8571,65071,61249
181330,Midland University,Fremont,NE,2,20,10,3,4,1,1,1159,1086,21,490,473,0.6612,7011,6937,1,24331466,12255,0.4212,,0.6926,52163,45145
181394,University of Nebraska at Omaha,Omaha,NE,1,16,11,3,4,1,1,11488,1120,22,,,0.8698,10723,9293,0.5583,122089440,7824,0.4708,,0.7787,53909,45494
181428,University of Nebraska Medical Center,Omaha,NE,1,27,11,3,4,1,1,938,,,,,,72129,9884,0.8336,431448517,20508,,,,76833,70417
181446,Nebraska Wesleyan University,Lincoln,NE,2,20,12,3,4,1,1,1453,1189,26,490,530,0.7982,7085,6745,0.6205,70406000,11246,0.6612,,0.75,56405,47667
181464,University of Nebraska-Lincoln,Lincoln,NE,1,15,12,3,4,1,1,19178,1191,25,560,538,0.8749,13023,12658,0.8528,1290770134,10276,0.6697,,0.8599,56887,47692
181534,Peru State College,Peru,NE,1,19,11,3,4,1,1,1092,,,,,,6887,8181,1,18318221,4036,0.3761,,0.6445,47071,39150
181604,College of Saint Mary,Omaha,NE,2,19,15,3,4,1,1,445,1150,,,,0.4465,14423,7807,0.5969,26985164,15204,0.605,,0.7978,54338,59339
181738,Union Adventist University,Lincoln,NE,2,22,11,3,4,1,1,471,,21,,,1,18776,6684,0.9855,29971816,19021,0.5226,,0.8354,55045,43853
181783,Wayne State College,Wayne,NE,1,18,10,3,4,1,1,3010,,,,,,7016,8347,0.498,30124503,4699,0.5215,,0.7239,47075,40857
181853,York University,York,NE,2,22,11,3,4,1,1,428,1022,19,450,430,0.5188,5315,5879,0.5088,22627370,7223,0.5221,,0.687,44130,36447
182005,College of Southern Nevada,Las Vegas,NV,1,14,5,2,3,1,1,27252,,,,,,7442,10747,1,7191000,2369,0.1914,,,38087,31822
182148,Las Vegas College,Las Vegas,NV,3,10,4,2,3,1,1,536,,,,,,3965,6698,0.4364,,12265,,,,31398,31830
182281,University of Nevada-Las Vegas,Las Vegas,NV,1,15,9,3,4,1,1,24622,1094,,510,500,0.9617,16939,13197,0.9919,384188000,8443,0.5051,,0.7922,55037,42865
182290,University of Nevada-Reno,Reno,NV,1,15,12,3,4,1,1,15599,1132,23,540,520,0.7371,14669,13293,0.9799,520049973,8173,0.6124,,0.7966,60614,49182
182306,Great Basin College,Elko,NV,1,23,5,1,3,1,1,1900,,,,,,8304,9575,0.9872,869000,3566,0.4086,,0.5882,39289,35615
182500,Truckee Meadows Community College,Reno,NV,1,14,5,1,3,1,1,7681,,,,,,6471,10272,0.9941,13640000,3002,0.3214,,,44573,38186
182564,Western Nevada College,Carson City,NV,1,14,5,2,3,1,1,1910,,,,,,5479,9883,1,316000,2356,0.41,,,41987,36917
182634,Colby-Sawyer College,New London,NH,2,22,10,3,4,1,1,771,,,,,0.8008,9406,7194,1,65763908,9645,0.5745,,0.7674,46474,37935
182670,Dartmouth College,Hanover,NH,2,15,14,3,4,1,1,4541,1534,34,740,760,0.054,32539,19770,0.8127,7930125009,34702,0.9554,,0.9842,97434,82541
182795,Franklin Pierce University,Rindge,NH,2,19,10,3,4,1,1,992,1175,,545,512,0.9347,10351,8428,1,20875701,18557,0.5351,,0.7434,53353,45563
182829,University of New Hampshire-Franklin Pierce School of Law,Concord,NH,1,31,0,4,4,1,1,,,,,,,15916,12776,0.3038,,23034,,,,66479,53671
182980,New England College,Henniker,NH,2,18,11,3,4,1,1,1022,,,,,0.9213,5395,7656,0.1355,31958910,12177,0.3451,,0.6128,42092,31050
183026,Southern New Hampshire University,Manchester,NH,2,18,5,3,4,1,1,163164,,,,,0.9951,1594,9805,1,58574978,11017,0.4283,,0.6112,50318,41945
183044,University of New Hampshire-Main Campus,Durham,NH,1,15,12,3,4,1,1,11261,1218,28,550,540,0.8816,12735,12271,0.7356,473070874,13414,0.7607,,0.8727,66479,53671
183062,Keene State College,Keene,NH,1,22,10,3,4,1,1,2699,,25,,,0.9033,10942,10286,0.498,56048927,9132,0.6006,,0.7868,54368,46649
183071,University of New Hampshire at Manchester,Manchester,NH,1,21,11,3,4,1,1,443,1100,,520,453,0.8087,10629,9178,0.265,2056380,12994,0.5,,0.8529,66479,53671
183080,Plymouth State University,Plymouth,NH,1,18,10,3,4,1,1,3153,,,,,0.8754,9906,9340,0.5502,37651881,9842,0.5203,,0.6845,57304,46466
183211,Rivier University,Nashua,NH,2,19,9,3,4,1,1,1231,1070,,545,510,0.8259,7547,8174,0.3077,42378881,15807,0.5167,,0.7571,52248,54599
183239,Saint Anselm College,Manchester,NH,2,21,14,3,4,1,1,2087,1201,27,570,540,0.7805,13897,9792,0.6581,200158610,17939,0.8003,,0.8813,73371,63347
183257,University of New Hampshire College of Professional Studies Online,Manchester,NH,1,20,5,3,4,1,1,1157,,,,,,5086,9964,0.2667,10600264,8488,0.2955,,0.625,66479,53671
183275,Thomas More College of Liberal Arts,Merrimack,NH,2,21,11,3,3,1,1,97,,,,,,13139,5762,1,3294711,12843,0.625,,0.88,53565,40173
183488,Eastwick College-Hackensack,Hackensack,NJ,3,8,3,2,3,1,1,1171,,,,,,6400,5762,0.1096,,15652,0.4254,,,39762,38122
183789,Berkeley College-Woodland Park,Woodland Park,NJ,3,20,7,3,4,1,1,1778,,,,,,8480,7262,1,,19909,0.4371,,0.5455,40251,37060
183804,Beth Medrash Govoha,Lakewood,NJ,2,24,11,3,4,1,1,4027,,,,,,1168,9162,0.1364,12743943,3582,,,,47544,40300
183822,Bloomfield College of Montclair State University,Bloomfield,NJ,1,21,11,3,3,1,1,781,,,,,0.6974,12599,9925,1,15489000,5668,0.3811,,0.5944,61415,47944
183910,Caldwell University,Caldwell,NJ,2,19,10,3,4,1,1,1575,1260,,540,590,0.7134,9080,8318,1,11669094,17043,0.5749,,0.7726,53843,47439
183974,Centenary University,Hackettstown,NJ,2,19,11,3,4,1,1,910,,19,,,0.8308,11236,7533,1,15536589,18147,0.5605,,0.7784,53726,46049
184348,Drew University,Madison,NJ,2,21,13,3,4,1,1,1533,1227,,570,533,0.6783,11898,9405,1,128610000,15366,0.7048,,0.8837,63646,47562
184603,Fairleigh Dickinson University-Metropolitan Campus,Teaneck,NJ,2,18,6,3,4,1,1,2627,,,,,0.9071,9140,9579,0.3035,48172000,18823,0.5332,,0.7698,57273,45916
184612,Felician University,Lodi,NJ,2,19,11,3,4,1,1,1774,,20,,,,8090,7884,0.444,6224407,15779,0.4722,,0.7571,57602,56957
184694,Fairleigh Dickinson University-Florham Campus,Madison,NJ,2,18,10,3,4,1,1,1990,,,,,0.9519,13263,9429,0.4148,48172000,27314,0.6662,,0.7821,57273,45916
184773,Georgian Court University,Lakewood,NJ,2,18,11,3,4,1,1,1195,,25,,,0.7884,9850,8457,0.3744,51743669,19442,0.5357,,0.7611,53096,44627
184782,Rowan University,Glassboro,NJ,1,16,13,3,4,1,1,15841,1212,27,560,550,0.7766,16731,10856,0.5256,397681905,13954,0.6736,,0.8234,59988,50705
184959,Eastwick College-Ramsey,Ramsey,NJ,3,26,5,2,3,1,1,1203,,,,,,6051,6546,0.1074,,15083,0.7547,,,51725,53147
185129,New Jersey City University,Jersey City,NJ,1,18,11,3,4,1,1,3681,,,,,0.9838,10046,12966,1,16498089,9286,0.3389,,0.6482,52745,45918
185262,Kean University,Union,NJ,1,17,11,3,4,1,1,11433,1040,20,460,470,0.759,13363,10488,0.2533,71612563,8333,0.4657,,0.7607,57237,46603
185572,Monmouth University,West Long Branch,NJ,2,18,12,3,4,1,1,3684,1223,24,580,560,0.8902,12830,10388,1,153192000,24413,0.719,,0.7986,67991,55825
185590,Montclair State University,Montclair,NJ,1,16,11,3,4,1,1,18376,1070,,480,430,0.8789,9193,12540,0.3426,54950000,9878,0.6466,,0.7789,61415,47944
185758,New Brunswick Theological Seminary,New Brunswick,NJ,2,24,0,4,4,1,1,,,,,,,24714,6618,0.7857,12237944,13300,,,,,
185828,New Jersey Institute of Technology,Newark,NJ,1,15,15,3,4,1,1,9019,1337,30,600,610,0.6507,16796,13884,0.5795,160804000,15228,0.7276,,0.8954,84276,69591
186122,Princeton Theological Seminary,Princeton,NJ,2,24,0,4,4,1,1,,,,,,,35132,11245,0.66,1358154825,5634,,,,,
186131,Princeton University,Princeton,NJ,2,15,14,3,4,1,1,5709,1553,34,740,770,0.0462,73220,25354,0.867,33380863000,15203,0.9761,,0.9835,110066,87815
186186,Rabbinical College of America,Morristown,NJ,2,24,11,3,4,1,1,181,,,,,0.9515,11986,6825,0.9259,,8138,0.2222,,0.7547,34990,27418
186201,Ramapo College of New Jersey,Mahwah,NJ,1,18,13,3,4,1,1,4898,1211,26,580,550,0.7064,14181,12502,1,,10924,0.6981,,0.8361,67541,53872
186283,Rider University,Lawrenceville,NJ,2,18,12,3,4,1,1,3106,1227,30,550,550,0.7864,13714,11615,0.4647,73183000,18690,0.6133,,0.7836,62208,51289
186371,Rutgers University-Camden,Camden,NJ,1,16,11,3,4,1,1,3753,1178,21,540,510,0.6629,21071,14127,0.5008,82806000,17542,0.6667,,0.8,74479,61263
186380,Rutgers University-New Brunswick,New Brunswick,NJ,1,15,15,3,4,1,1,37751,1410,30,650,660,0.5815,20585,14593,0.5255,1559147000,15036,0.8363,,0.9302,74479,61263
186399,Rutgers University-Newark,Newark,NJ,1,16,11,3,4,1,1,7709,,25,,,0.7136,20911,16467,0.5881,228734000,24108,0.6375,,0.8382,74479,61263
186432,Saint Peter's University,Jersey City,NJ,2,18,10,3,4,1,1,2135,,23,,,0.903,7315,9476,0.3075,39220636,16925,0.5826,,0.7178,57815,42470
186584,Seton Hall University,South Orange,NJ,2,16,14,3,4,1,1,6036,1322,29,620,600,0.7326,12862,11807,0.9308,335817000,26518,0.6949,,0.8145,70196,60291
186618,Saint Elizabeth University,Morristown,NJ,2,19,13,3,4,1,1,557,,,,,0.7103,12527,7875,0.3293,21465334,19317,0.511,,0.6471,53038,49479
186867,Stevens Institute of Technology,Hoboken,NJ,2,16,14,3,4,1,1,4222,1446,33,670,710,0.4758,14681,17610,1,318947000,30244,0.8688,,0.9364,108772,90326
186876,Stockton University,Galloway,NJ,1,17,13,3,4,1,1,7537,1139,25,530,500,0.8894,8898,11456,0.4986,45357188,7957,0.6854,,0.7859,57602,48223
186900,Talmudical Academy-New Jersey,Adelphia,NJ,2,24,11,2,3,1,1,72,,,,,0.4348,2166,2191,,,12233,0.6,,0.9,40344,
187046,Thomas Edison State University,Trenton,NJ,1,19,5,3,4,1,1,6707,,,,,,0,,,10949021,11096,,,,69331,65570
187134,The College of New Jersey,Ewing,NJ,1,18,14,3,4,1,1,7105,1246,29,570,570,0.6229,10258,12766,0.4916,61052000,13526,0.8585,,0.9132,73323,62649
187444,William Paterson University of New Jersey,Wayne,NJ,1,18,11,3,4,1,1,6614,,,,,0.9008,13191,13396,0.9767,36913379,10052,0.4396,,0.7394,57780,44928
187596,Navajo Technical University,Crownpoint,NM,1,33,7,1,4,1,1,1124,,,,,,16899,6041,1,8073503,3657,0.1188,,0.3793,26364,23280
187648,Eastern New Mexico University-Main Campus,Portales,NM,1,18,7,3,4,1,1,3357,964,19,430,400,0.9166,7348,8343,0.6307,43560372,3907,0.4509,,0.6203,38550,33619
187745,Institute of American Indian and Alaska Native Culture and Arts Development,Santa Fe,NM,1,33,7,3,4,1,1,334,,,,,0.9747,15463,7818,1,20452927,2954,0.1463,,0.7027,24505,20816
187897,New Mexico Highlands University,Las Vegas,NM,1,18,7,3,4,1,1,1451,,,,,,11748,5823,0.7797,10374326,7740,0.2618,,0.4977,45937,38952
187967,New Mexico Institute of Mining and Technology,Socorro,NM,1,20,12,3,4,1,1,995,1207,26,550,530,0.4449,13319,10264,0.8266,88541685,5524,0.5705,,0.7703,76489,54530
187985,University of New Mexico-Main Campus,Albuquerque,NM,1,15,7,3,4,1,1,17244,1038,23,460,430,0.9518,15468,11446,0.7135,714188151,5387,0.5469,,0.7617,44792,37150
188030,New Mexico State University-Main Campus,Las Cruces,NM,1,16,10,3,4,1,1,11946,1011,20,450,420,0.8897,12132,10198,0.7526,76901345,3277,0.5517,,0.7338,39067,32960
188058,Northern New Mexico College,Espanola,NM,1,23,7,2,3,1,1,926,,,,,,13498,7447,0.4161,,5844,0.2866,,0.5227,38112,34377
188182,University of the Southwest,Hobbs,NM,2,18,11,3,4,1,1,346,,,,,,4066,3737,1,12753077,12361,0.1698,,0.5506,45389,36600
188207,Southwestern College,Santa Fe,NM,2,26,0,4,4,1,1,,,,,,,7226,6816,0.1961,1302257,24152,,,,,
188304,Western New Mexico University,Silver City,NM,1,18,7,3,4,1,1,2026,,,,,,9617,8468,0.4297,31853989,6586,0.3223,,0.5805,39095,31166
188340,Vaughn College of Aeronautics and Technology,Flushing,NY,2,22,11,2,4,1,1,1302,,,,,,13362,9587,1,6993403,21475,0.3919,,0.8393,64973,48890
188429,Adelphi University,Garden City,NY,2,17,13,3,4,1,1,5276,1219,26,570,550,0.6591,15443,13657,0.3063,223962671,25106,0.6715,,0.8286,75482,63688
188517,Bryant & Stratton College-Albany,Albany,NY,2,14,7,2,3,1,1,240,,,,,,5845,6196,0.1481,,17803,0.2857,,1,32568,27873
188526,Albany College of Pharmacy and Health Sciences,Albany,NY,2,26,15,3,4,1,1,481,1252,30,550,560,0.5269,28471,10066,0.6121,67814570,24986,0.6754,,0.8582,131426,112685
188535,Albany Law School,Albany,NY,2,31,0,4,4,1,1,,,,,,,20686,11612,0.5897,75548953,24098,,,,,
188580,Albany Medical College,Albany,NY,2,25,0,4,4,1,1,,,,,,,43679,,0.2707,114309000,44679,,,,,
188641,Alfred University,Alfred,NY,2,18,10,3,4,1,1,1423,1279,25,555,540,0.7384,14894,7390,0.8373,176525647,8360,0.5698,,0.7752,54897,41703
188854,American Musical and Dramatic Academy,New York,NY,2,30,14,1,4,1,1,1438,,,,,0.2448,19683,6293,0.3168,,30330,0.7164,,0.8333,26975,21168
189015,Bank Street College of Education,New York,NY,2,32,0,4,4,1,1,,,,,,,44436,10559,0.6129,30897363,51874,,,,,
189088,Bard College,Annandale-On-Hudson,NY,2,21,13,3,4,1,1,2414,1380,,650,620,0.5212,42373,12589,0.743,151323688,13407,0.6756,,0.8458,46543,31072
189097,Barnard College,New York,NY,2,21,14,3,3,1,1,3264,1520,33,730,740,0.0884,32573,15995,1,466428000,48012,0.9302,,0.9657,80516,60411
189228,Berkeley College-New York,New York,NY,3,22,7,3,4,1,1,1449,,,,,,5474,7929,1,,16154,0.4401,,0.5517,45884,37284
189273,Beth Hamedrash Shaarei Yosher Institute,Brooklyn,NY,2,-2,-2,2,3,1,1,91,,,,,0.8974,19327,3801,,,23904,0.125,,0.9259,,
189282,Mount Sinai Phillips School of Nursing,New York,NY,2,26,5,3,3,1,1,311,,,,,,2925,12130,0.2034,1064175,6819,1,,,96980,99344
189413,Boricua College,New York,NY,2,22,11,3,4,1,1,391,,,,,,3692,5110,0.65,697597,9402,0.806,,0.8649,35348,30398
189501,Brooklyn Law School,Brooklyn,NY,2,31,0,4,4,1,1,,,,,,,21093,15287,1,242247870,35440,,,,,
189565,Bryant & Stratton College-Syracuse North,Liverpool,NY,2,14,7,3,3,1,1,458,,,,,,8532,6263,0.5192,,21992,0.3163,,0.3333,32568,27873
189583,Bryant & Stratton College-Buffalo,Buffalo,NY,2,23,7,2,3,1,1,743,,,,,,3306,5841,0.2857,,9259,0.2121,,,32568,27873
189592,Bryant & Stratton College-Greece,Rochester,NY,2,14,7,2,3,1,1,363,,,,,,8586,6063,0.3585,,18389,0.1,,,32568,27873
189705,Canisius University,Buffalo,NY,2,18,12,3,4,1,1,1685,,28,,,0.7236,8715,8691,0.9297,142787396,16041,0.6639,,0.7262,60681,46089
189857,Central Yeshiva Tomchei Tmimim Lubavitz,Brooklyn,NY,2,24,11,3,4,1,1,863,,,,,0.8743,1521,3816,0.6415,,8485,0.0513,,0.7871,35023,21104
190044,Clarkson University,Potsdam,NY,2,16,14,3,4,1,1,2196,1304,29,590,610,0.7736,16750,11357,0.7766,218427219,15917,0.7491,,0.8478,89696,76970
190080,Colgate Rochester Crozer Divinity School,Rochester,NY,2,24,0,4,4,1,1,,,,,,,29748,5804,1,17700377,7533,,,,,
190099,Colgate University,Hamilton,NY,2,21,14,3,4,1,1,3180,1508,33,710,720,0.1388,29447,13098,0.9312,1202362526,53741,0.9117,,0.9343,85139,64949
190114,Metropolitan College of New York,New York,NY,2,19,15,3,4,1,1,402,,,,,0.9,9596,7154,1,893520,19150,0.4,,0.2,46236,45086
190150,Columbia University in the City of New York,New York,NY,2,15,15,3,4,1,1,8973,1553,35,740,770,0.0399,110371,21516,0.4268,13642667000,44900,0.961,,0.98,102491,88535
190372,The Cooper Union for the Advancement of Science and Art,New York,NY,2,22,14,3,4,1,1,842,1410,,653,642,0.2071,35566,14408,0.2748,907519025,13737,0.8111,,0.9194,83847,39707
190415,Cornell University,Ithaca,NY,2,15,14,3,4,1,1,15995,1535,34,730,770,0.0876,33431,17953,0.9285,9553279351,30214,0.9538,,0.9838,104043,87830
190424,Weill Medical College of Cornell University,New York,NY,2,27,0,4,4,1,1,,,,,,,255347,,0.9333,,27308,,,,104043,87830
190503,Culinary Institute of America,Hyde Park,NY,2,30,11,2,4,1,1,3011,1060,,478,450,0.9115,15686,10143,1,144302202,29859,0.6292,,0.6997,47475,37846
190512,CUNY Bernard M Baruch College,New York,NY,1,18,15,3,4,1,1,16154,1280,,550,550,0.4752,12334,12558,0.4064,205706751,5109,0.7212,,0.886,75971,61542
190549,CUNY Brooklyn College,Brooklyn,NY,1,18,13,3,4,1,1,10543,1140,,460,490,0.5836,14437,12737,0.3163,52472409,4034,0.5386,,0.8012,60752,45035
190558,College of Staten Island CUNY,Staten Island,NY,1,18,10,3,4,1,1,9657,1040,,460,430,0.9234,13329,12665,0.3239,17017602,3959,0.3393,,0.757,53501,36931
190567,CUNY City College,New York,NY,1,16,13,3,4,1,1,12505,1260,,540,530,0.6002,20521,13231,0.3363,276724462,4263,0.5682,,0.7926,66039,46435
190576,CUNY Graduate School and University Center,New York,NY,1,15,5,3,4,1,1,3254,,,,,0.6849,43575,13869,0.3348,80263572,7482,,,,65991,68616
190594,CUNY Hunter College,New York,NY,1,18,15,3,4,1,1,16289,1280,,550,550,0.538,11602,12726,0.2919,180821181,5054,0.5686,,0.7765,63163,50414
190600,CUNY John Jay College of Criminal Justice,New York,NY,1,18,13,3,4,1,1,11590,1080,,480,450,0.5711,14012,12169,0.3563,5146812,3878,0.5583,,0.816,56195,50293
190637,CUNY Lehman College,Bronx,NY,1,18,7,3,4,1,1,10696,970,,440,410,0.5658,15649,11996,0.3804,35492849,3284,0.5128,,0.7307,58013,51067
190646,CUNY Medgar Evers College,Brooklyn,NY,1,21,9,3,3,1,1,3233,920,,440,410,0.8605,24544,11999,0.3646,375018,1978,0.1977,,0.4974,46498,37538
190655,CUNY New York City College of Technology,Brooklyn,NY,1,22,9,3,3,1,1,13580,1010,,460,440,0.8029,17652,12016,0.2657,15973391,2877,0.2147,,0.6487,49365,39982
190664,CUNY Queens College,Queens,NY,1,18,9,3,4,1,1,12550,1120,,500,510,0.6435,13103,12204,0.4237,64018723,4728,0.5325,,0.7868,62763,48548
190682,CUNY School of Law,Long Island City,NY,1,31,0,4,4,1,1,,,,,,,30471,16717,0.6264,3936630,15173,,,,,
190691,CUNY York College,Jamaica,NY,1,20,7,3,4,1,1,4345,880,,410,380,0.641,16732,11822,0.3561,2256318,3453,0.3225,,0.5744,56945,46148
190716,D'Youville  University,Buffalo,NY,2,17,7,3,4,1,1,1258,1130,24,510,485,0.8137,13159,9306,0.651,51712746,23258,0.6749,,0.7344,66942,63804
190725,Daemen University,Amherst,NY,2,17,13,3,4,1,1,1643,,,,,0.6826,9384,7103,0.4894,24694097,14945,0.5888,,0.7567,61808,59912
190752,Yeshiva of Far Rockaway Derech Ayson Rabbinical Seminary,Far Rockaway,NY,2,24,10,3,3,1,1,60,,,,,0.92,43434,5202,,,44711,0.2,,1,,
190761,Dominican University New York,Orangeburg,NY,2,17,13,3,4,1,1,1105,,,,,0.633,9491,8662,0.3495,8453474,19317,0.5251,,0.6644,61171,50865
190983,Elmira College,Elmira,NY,2,22,10,3,4,1,1,708,1314,,568,522,0.7696,12186,5191,0.4579,28466382,16925,0.6471,,0.6975,57550,49057
191126,Fashion Institute of Technology,New York,NY,1,20,13,2,4,1,1,7637,,,,,0.6024,15428,10261,1,51336863,10414,0.8068,,0.907,62696,50102
191205,Five Towns College,Dix Hills,NY,3,30,15,3,4,1,1,547,,,,,0.5382,6645,5870,0.1439,,9948,0.5532,,0.6966,35887,25305
191241,Fordham University,Bronx,NY,2,16,14,3,4,1,1,10512,1418,32,660,660,0.5931,19044,16236,1,978178000,30630,0.8191,,0.8852,85569,68008
191515,Hamilton College,Clinton,NY,2,21,14,3,3,1,1,2030,1506,34,720,730,0.1362,31938,12404,0.7645,1282403000,40300,0.9063,,0.9481,78411,60082
191533,Hartwick College,Oneonta,NY,2,21,12,3,3,1,1,1087,1200,25,540,530,0.696,14712,7918,1,50211828,20309,0.5332,,0.7444,61107,50452
191597,Helene Fuld College of Nursing,New York,NY,2,26,7,2,3,1,1,914,,,,,0.1695,16235,12455,0.2353,644918,24330,,,0.6667,111027,101039
191621,Hilbert College,Hamburg,NY,2,22,11,3,4,1,1,921,,,,,0.972,6509,6332,0.3186,4895458,12051,0.5631,,0.638,48309,45369
191630,Hobart William Smith Colleges,Geneva,NY,2,21,14,3,4,1,1,1786,1319,29,610,580,0.6399,18893,9559,1,181347857,19676,0.7725,,0.8636,68831,62416
191649,Hofstra University,Hempstead,NY,2,17,12,3,4,1,1,6488,1319,29,620,610,0.6808,19163,14951,0.4039,797726112,30405,0.6854,,0.8362,69039,52131
191676,Houghton University,Houghton,NY,2,21,12,3,4,1,1,753,1284,26,600,570,0.8866,11627,6614,0.6068,69416105,12132,0.6522,,0.8398,46721,36376
191931,Iona University,New Rochelle,NY,2,18,12,3,4,1,1,2951,1217,26,570,540,0.8694,11774,9406,0.5378,207953000,20549,0.56,,0.7693,73595,51218
191968,Ithaca College,Ithaca,NY,2,18,12,3,4,1,1,4242,1312,,630,600,0.6901,14787,9844,0.7776,373689268,21744,0.7623,,0.8467,63548,46305
192040,Jewish Theological Seminary of America,New York,NY,2,24,14,3,4,1,1,172,1500,33,720,720,0.4861,16476,12696,0.4444,149080065,11452,0.9032,,0.9574,92751,58656
192110,The Juilliard School,New York,NY,2,30,14,3,4,1,1,468,,,,,0.0915,40451,15261,0.289,1320017039,19273,0.9256,,0.9789,37827,22129
192165,Kehilath Yakov Rabbinical Seminary,Ossining,NY,2,24,10,3,3,1,1,205,,,,,,2807,2340,,,3720,0.6341,,1,36442,25819
192192,Keuka College,Keuka Park,NY,2,19,10,3,4,1,1,966,,26,,,0.6808,7443,7000,1,17623100,14139,0.5836,,0.7336,58289,50940
192271,LIM College,New York,NY,3,29,11,3,4,1,1,1187,1035,,500,460,0.959,7036,6448,0.0952,,29379,0.5087,,0.7333,58956,45359
192323,Le Moyne College,Syracuse,NY,2,18,12,3,4,1,1,2439,1255,27,580,580,0.8298,13943,9082,0.4793,236911192,16849,0.7313,,0.8355,62731,53493
192448,Long Island University,Brookville,NY,2,16,13,3,4,1,1,5520,1224,28,560,550,0.8616,12497,13296,0.3962,398988362,25925,0.5707,,0.7719,59950,47543
192624,Machzikei Hadath Rabbinical College,Brooklyn,NY,2,24,11,3,3,1,1,131,,,,,1,4507,6119,,,10574,0.3333,,0.76,41527,
192703,Manhattan University,Riverdale,NY,2,18,12,3,4,1,1,2744,1270,,580,600,0.7894,16204,12755,0.4811,145433460,22993,0.6371,,0.7598,86316,64472
192712,Manhattan School of Music,New York,NY,2,30,14,3,4,1,1,539,,,,,0.4078,15393,7792,0.2051,34843403,32037,0.7832,,0.9296,26878,18815
192749,Manhattanville University,Purchase,NY,2,18,11,3,4,1,1,1362,,27,,,0.8734,10221,8614,0.1864,30173776,18312,0.5842,,0.7387,58832,45056
192785,Maria College of Albany,Albany,NY,2,26,5,2,4,1,1,656,,,,,0.4448,12077,7782,0.9677,1050577,20757,0.3,,0.3333,55458,53357
192819,Marist University,Poughkeepsie,NY,2,18,12,3,4,1,1,5182,1295,28,600,590,0.5651,14663,11066,0.4499,412133111,24666,0.796,,0.8609,77819,62546
192864,Marymount Manhattan College,New York,NY,2,21,10,3,3,1,1,1577,1214,25,585,520,0.8261,13777,8703,0.1723,27478527,20929,0.4904,,0.7018,49131,34052
193016,Mercy University,Dobbs Ferry,NY,2,18,11,3,4,1,1,5735,,25,,,0.8584,7862,9574,0.2528,325791538,18423,0.4571,,0.7572,52055,44969
193052,Mesivta Torah Vodaath Rabbinical Seminary,Brooklyn,NY,2,24,11,3,4,1,1,399,,,,,0.8,5900,2439,0.6522,1357798,3704,0.5,,0.7667,,16553
193061,Mesivta of Eastern Parkway-Yeshiva Zichron Meilech,Brooklyn,NY,2,13,4,2,3,1,1,39,,,,,0.5556,15229,3123,,,11850,0.6667,,1,,
193070,Mesivtha Tifereth Jerusalem of America,New York,NY,2,24,11,3,4,1,1,51,,,,,0.6,39905,4847,,,24554,0.0667,,0.8571,,
193247,Mirrer Yeshiva Cent Institute,Brooklyn,NY,2,24,10,2,4,1,1,120,,,,,0.8929,9980,3858,1,,9732,0.7273,,0.963,41192,
193292,Molloy University,Rockville Centre,NY,2,18,13,3,4,1,1,3162,1187,29,540,548,0.8174,13180,11277,0.3524,49255498,23828,0.6993,,0.8517,77789,78372
193308,Monroe University,Bronx,NY,3,18,9,2,4,1,1,5701,,,,,0.6751,4404,6359,0.6183,,12369,0.5655,,0.6651,41236,36973
193353,Mount Saint Mary College,Newburgh,NY,2,19,13,3,4,1,1,1148,1150,22,,,0.8888,10143,9710,0.3842,9730647,18713,0.6546,,0.7363,67705,59588
193399,University of Mount Saint Vincent,Bronx,NY,2,22,11,3,4,1,1,2692,1090,20,478,533,0.8511,8447,10648,0.1884,49435184,13403,0.5683,,0.7305,65756,53755
193405,Icahn School of Medicine at Mount Sinai,New York,NY,2,27,0,4,4,1,1,,,,,,,25064,,,866152000,34665,,,,,
193584,Nazareth University,Rochester,NY,2,18,12,3,4,1,1,1873,1216,,530,540,0.7472,14798,8439,0.4105,84424711,22392,0.7279,,0.8482,56458,47717
193654,The New School,New York,NY,2,16,15,3,4,1,1,6563,,,,,0.6347,19368,13417,0.2064,449893000,35911,0.6937,,0.8476,52901,38210
193751,Northeast College of Health Sciences,Seneca Falls,NY,2,26,0,4,4,1,1,71,,,,,,16064,7034,0.5,62321333,33963,,,,,
193821,New York Law School,New York,NY,2,31,0,4,4,1,1,,,,,,,29406,13948,0.3313,49841665,33562,,,,,
193830,New York Medical College,Valhalla,NY,2,25,0,4,4,1,1,,,,,,,22658,8849,0.2074,73713091,45442,,,,,
193900,New York University,New York,NY,2,15,14,3,4,1,1,28663,1520,34,720,760,0.0923,37294,18026,1,5825489947,45258,0.8757,,0.9577,82509,64543
193973,Niagara University,Niagara University,NY,2,18,12,3,4,1,1,2653,1168,25,530,530,0.8737,8434,9724,1,103043565,14501,0.7451,,0.8038,56196,48289
194073,New York College of Podiatric Medicine,New York,NY,2,26,0,4,4,1,1,,,,,,,18811,11867,0.7222,520398,32295,,,,,
194091,New York Institute of Technology,Old Westbury,NY,2,18,12,3,4,1,1,3440,1311,28,590,600,0.8102,19326,13524,0.3256,100104365,38991,0.5877,,0.7799,70080,52559
194116,New York School of Interior Design,New York,NY,2,30,5,1,4,1,1,427,,,,,0.6289,23989,,0.0431,10108977,43188,0.6923,,1,48041,37810
194189,Ohr Hameir Theological Seminary,Peekskill,NY,2,-2,-2,2,3,1,1,100,,,,,1,12347,4990,,,18604,,,,,
194310,Pace University,New York,NY,2,17,12,3,4,1,1,7665,1266,26,600,580,0.7592,11687,12908,1,232404376,24865,0.6003,,0.7549,70378,52767
194392,Paul Smiths College of Arts and Science,Paul Smiths,NY,2,22,12,3,4,1,1,579,,,,,0.7653,10287,6551,0.8491,34139186,23510,0.5055,,0.7519,46145,38325
194499,Plaza College,Forest Hills,NY,3,23,15,2,3,1,1,984,,,,,0.3,6239,6850,0.3659,,17116,0.6762,,,31519,32282
194569,Davis College,Pottersville,NY,2,24,9,3,3,1,1,106,,,,,0.5625,1621,4500,,1396713,4912,0.2667,,1,38450,29943
194578,Pratt Institute-Main,Brooklyn,NY,2,30,12,3,4,1,1,3910,1290,30,590,560,0.7325,19936,12587,0.1483,254946282,38667,0.7354,,0.8826,54295,45060
194657,Rabbinical Academy Mesivta Rabbi Chaim Berlin,Brooklyn,NY,2,24,10,3,4,1,1,141,,,,,0.9362,6417,8695,,,3583,0.4615,,0.925,,
194666,Rabbinical College Bobover Yeshiva Bnei Zion,Brooklyn,NY,2,24,11,3,4,1,1,473,,,,,,1439,3577,,,10633,0.8286,,0.9878,20707,
194693,Rabbinical College Beth Shraga,Monsey,NY,2,13,4,2,3,1,1,52,,,,,0.9167,21636,6675,,,24277,0.5,,0.64,,
194718,Rabbinical Seminary Mkor Chaim,Lakewood,NJ,2,-2,-2,3,3,1,1,96,,,,,0.9063,10280,1883,,,16653,0,,0.871,,
194736,Rabbinical College of Long Island,Long Beach,NY,2,24,12,2,3,1,1,159,,,,,1,18819,5713,1,,20308,0.2273,,0.9111,,
194763,Rabbinical Seminary of America,Flushing,NY,2,24,10,3,4,1,1,397,,,,,0.9845,5977,2829,0.9444,78866,3149,0.3026,,0.802,,
194824,Rensselaer Polytechnic Institute,Troy,NY,2,15,14,3,4,1,1,5714,1456,33,670,705,0.6347,20696,13820,0.8925,920824000,26714,0.8362,,0.9072,102051,83054
194958,Roberts Wesleyan University,Rochester,NY,2,18,13,3,4,1,1,1149,1170,26,505,485,0.7063,9214,7175,0.9175,33941628,13916,0.6667,,0.836,55031,56275
195003,Rochester Institute of Technology,Rochester,NY,2,16,14,3,4,1,1,13215,1383,31,650,650,0.6693,21369,11525,0.7033,1282516000,25688,0.6989,,0.8879,76571,65457
195030,University of Rochester,Rochester,NY,2,15,14,3,4,1,1,6331,1488,33,680,730,0.4008,40019,14585,0.9488,2822698000,30454,0.8543,,0.9069,79042,68333
195049,The Rockefeller University,New York,NY,2,27,0,4,4,1,1,,,,,,,0,22875,0.9259,2516437199,0,,,,,
195128,Russell Sage College,Troy,NY,2,17,13,3,4,1,1,1244,,,,,0.5326,9669,6600,0.8357,44406504,17416,0.561,,0.7789,58316,51139
195155,St Bernard's School of Theology and Ministry,Rochester,NY,2,24,0,4,4,1,1,,,,,,,10488,7755,,1349937,14965,,,,,
195164,St Bonaventure University,Saint Bonaventure,NY,2,19,12,3,4,1,1,2012,1197,24,535,530,0.8165,8900,7778,0.6579,80824663,14215,0.6673,,0.8589,57214,48559
195173,St. Francis College,Brooklyn,NY,2,22,10,3,4,1,1,1684,,24,,,,7091,8548,0.2853,45960441,11399,0.5464,,0.6475,58099,43378
195216,St Lawrence University,Canton,NY,2,21,14,3,4,1,1,1918,1371,31,645,610,0.5434,19642,10401,0.7913,378997553,20943,0.7906,,0.9083,67258,55037
195243,St. Thomas Aquinas College,Sparkill,NY,2,20,11,3,4,1,1,972,1000,29,410,470,0.9305,10224,9579,0.4016,43176551,14786,0.5404,,0.7336,62909,44908
195304,Sarah Lawrence College,Bronxville,NY,2,21,14,3,4,1,1,1530,1366,31,650,590,0.6173,21462,11235,0.3345,138669444,29668,0.7133,,0.8735,53603,34251
195438,Sh'or Yoshuv Rabbinical College,Lawrence,NY,2,24,11,3,3,1,1,156,,,,,,23095,5042,0.9189,,14203,0,,,,
195474,Siena University,Loudonville,NY,2,20,10,3,4,1,1,3409,1254,,550,560,0.6902,10282,9661,0.6404,171314952,18455,0.7473,,0.8269,76079,56526
195526,Skidmore College,Saratoga Springs,NY,2,21,14,3,3,1,1,2694,1405,31,680,660,0.2105,25466,11403,0.7717,428878000,36595,0.8257,,0.8965,69363,46923
195544,St. Joseph's University-New York,Brooklyn,NY,2,18,13,3,4,1,1,3144,1190,26,560,550,0.7205,10842,9258,1,60013000,19995,0.6878,,0.807,63905,50759
195580,Saint Vladimirs Orthodox Theological Seminary,Yonkers,NY,2,24,0,4,4,1,1,,,,,,,19462,7642,0.3478,18098360,4511,,,,,
195720,St. John Fisher University,Rochester,NY,2,17,12,3,4,1,1,2565,1214,26,560,560,0.664,12170,9676,1,131051997,20274,0.7417,,0.8642,66944,61198
195809,St. John's University-New York,Queens,NY,2,17,12,3,4,1,1,9477,1244,26,580,570,0.8343,13576,13500,0.4585,782014000,24293,0.6609,,0.787,69571,54189
196006,SUNY College of Technology at Alfred,Alfred,NY,1,23,12,2,3,1,1,3563,1094,,500,490,0.7568,12894,6459,0.74,8145675,3587,0.5506,,0.6546,50445,45460
196015,SUNY College of Technology at Canton,Canton,NY,1,22,11,3,3,1,1,2741,,20,,,0.9215,11535,7884,0.5781,16357825,5327,0.3845,,0.6949,47860,42079
196024,SUNY College of Technology at Delhi,Delhi,NY,1,22,13,2,4,1,1,2843,1004,,450,460,0.8901,13774,6928,0.6284,8123475,4507,0.4543,,0.5694,51629,42826
196033,SUNY College of Agriculture and Technology at Cobleskill,Cobleskill,NY,1,22,11,3,3,1,1,1904,,19,,,0.8402,13476,7556,0.6424,10898550,4634,0.4234,,0.6871,45030,37901
196042,Farmingdale State College,Farmingdale,NY,1,22,11,3,4,1,1,9552,1147,24,520,520,0.6329,11226,9379,0.3574,6241378,5165,0.5278,,0.8157,69781,55901
196051,SUNY Morrisville,Morrisville,NY,1,23,10,2,3,1,1,1923,1130,,510,480,0.9154,19168,7440,0.5415,3705203,4612,0.2808,,0.5749,43295,39759
196060,University at Albany,Albany,NY,1,15,13,3,4,1,1,12564,,26,,,0.691,17210,11012,0.569,115680399,7252,0.6145,,0.8344,67979,51380
196079,Binghamton University,Vestal,NY,1,15,15,3,4,1,1,14655,1415,32,670,670,0.3861,14520,11086,0.7923,180511839,9195,0.8162,,0.8938,80596,61621
196088,University at Buffalo,Buffalo,NY,1,15,13,3,4,1,1,20112,1295,28,600,610,0.7418,19048,12415,0.7019,970993254,10749,0.7518,,0.8521,70814,53742
196097,Stony Brook University,Stony Brook,NY,1,15,15,3,4,1,1,18101,1419,31,650,680,0.4904,22608,14008,0.6174,388738322,10485,0.7556,,0.8981,74502,59492
196103,SUNY College of Environmental Science and Forestry,Syracuse,NY,1,16,15,3,4,1,1,1839,,,,,0.6328,25510,9954,0.7898,43233324,6190,0.6632,,0.8702,55763,48327
196112,SUNY Polytechnic Institute,Utica,NY,1,18,13,3,4,1,1,1849,1201,27,505,520,0.8135,11232,9835,0.463,8127432,6575,0.5508,,0.6915,64355,58662
196121,SUNY Brockport,Brockport,NY,1,18,13,3,4,1,1,5784,1193,26,550,550,0.7068,14329,8645,0.5337,24326190,5869,0.5513,,0.7177,54496,47164
196130,SUNY Buffalo State University,Buffalo,NY,1,18,11,3,4,1,1,5097,1070,,490,490,0.7295,15967,9132,0.5213,82449469,4263,0.3331,,0.5772,52334,40877
196149,State University of New York at Cortland,Cortland,NY,1,19,13,3,4,1,1,5901,,25,,,0.5979,11144,7557,0.5808,53967256,6475,0.6803,,0.8109,60236,46535
196158,SUNY at Fredonia,Fredonia,NY,1,20,13,3,4,1,1,2755,1250,27,590,570,0.777,17136,8123,0.5407,46123203,4747,0.5021,,0.7624,54247,40580
196167,SUNY College at Geneseo,Geneseo,NY,1,20,14,3,4,1,1,3869,1286,28,600,590,0.6645,14838,8765,0.6273,36454545,4886,0.7145,,0.8699,67316,51097
196176,State University of New York at New Paltz,New Paltz,NY,1,18,13,3,4,1,1,6086,1265,27,600,570,0.6161,13655,8406,0.486,33438467,5782,0.716,,0.8502,58073,45555
196185,SUNY Oneonta,Oneonta,NY,1,19,11,3,4,1,1,4643,1230,,570,550,0.696,13074,7888,0.6117,71825238,4987,0.6881,,0.7551,60386,49723
196194,State University of New York at Oswego,Oswego,NY,1,18,13,3,4,1,1,5473,1187,27,530,540,0.8055,13885,8147,0.6538,58343993,6117,0.6036,,0.7045,57566,46358
196200,SUNY College at Potsdam,Potsdam,NY,1,19,13,3,4,1,1,1823,,,,,0.777,17215,7383,0.6272,47209852,5096,0.453,,0.7767,47866,39440
196219,SUNY at Purchase College,Purchase,NY,1,21,13,3,4,1,1,3197,1312,29,620,565,0.7405,19625,8079,0.4004,79817600,6557,0.6277,,0.8031,45092,31229
196228,SUNY College of Optometry,New York,NY,1,26,0,4,4,1,1,,,,,,,69143,12200,0.6259,7809794,32798,,,,,
196237,SUNY Old Westbury,Old Westbury,NY,1,19,11,3,4,1,1,4162,,,,,0.8363,13648,10290,0.4171,311058,4667,0.4457,,0.7177,58526,43671
196246,State University of New York at Plattsburgh,Plattsburgh,NY,1,19,11,3,4,1,1,3769,1165,26,540,540,0.7841,14050,8116,0.6319,27303715,5830,0.5851,,0.732,56403,48089
196255,SUNY Downstate Health Sciences University,Brooklyn,NY,1,25,11,3,4,1,1,293,,,,,,60266,11414,0.7295,32128778,24998,,,,109601,110661
196264,Empire State University,Saratoga Springs,NY,1,18,5,3,4,1,1,7585,,,,,,9160,8539,0.2249,25202439,6756,0.4123,,0.6571,54080,50167
196291,SUNY Maritime College,Throggs Neck,NY,1,20,13,3,4,1,1,1285,1214,26,570,553,0.7241,20252,8873,0.7685,10179338,8508,0.6439,,0.8346,95951,83439
196307,Upstate Medical University,Syracuse,NY,1,25,7,3,4,1,1,159,,,,,,78617,6956,0.7688,99421725,31648,,,,92257,83990
196413,Syracuse University,Syracuse,NY,2,15,12,3,4,1,1,15477,1375,30,640,630,0.4592,20551,13189,0.6844,1876437296,33359,0.8361,,0.9013,79164,60459
196431,Talmudical Seminary Oholei Torah,Brooklyn,NY,2,24,11,3,3,1,1,400,,,,,0.7719,13054,6365,0.7143,,17197,0.2222,,0.8056,39230,18369
196440,Talmudical Institute of Upstate New York,Rochester,NY,2,-2,-2,3,3,1,1,13,,,,,1,134386,,,,3731,,,0.3333,,
196468,Teachers College at Columbia University,New York,NY,2,16,0,4,4,1,1,,,,,,,21776,16204,0.3827,467114714,34365,,,,73294,
196583,Torah Temimah Talmudical Seminary,Staten Island,NY,2,24,13,2,3,1,1,82,,,,,0.5556,5029,5197,,,9580,0,,1,,
196592,Touro University,New York,NY,2,17,9,3,4,1,1,4040,1348,,630,588,0.6083,15871,9964,0.4045,44111000,28245,0.7239,,0.8883,53419,43510
196653,Trocaire College,Buffalo,NY,2,26,5,2,3,1,1,984,,,,,0.9749,11016,8540,0.172,33498854,19764,0.3086,,,55318,56726
196680,Excelsior University,Albany,NY,2,18,5,3,4,1,1,11550,,,,,,2031,6944,1,25601019,14926,,,,78493,63796
196866,Union College,Schenectady,NY,2,21,14,3,3,1,1,2046,1395,30,660,650,0.4392,26013,12031,0.8956,522125163,28632,0.8039,,0.9018,88604,63219
196884,Union Theological Seminary in the City of New York,New York,NY,2,24,0,4,4,1,1,,,,,,,68007,10758,0.3585,100717700,8735,,,,,
197018,United Talmudical Seminary,Brooklyn,NY,2,24,11,3,3,1,1,2241,,,,,,8685,4005,0.5668,,13892,0.5813,,0.9085,25113,20766
197027,United States Merchant Marine Academy,Kings Point,NY,1,22,14,3,4,1,1,962,1207,27,560,550,0.3424,11935,11875,0.7872,,0,0.8238,,0.8446,90610,96770
197036,United States Military Academy,West  Point,NY,1,21,14,3,3,1,1,4408,1355,31,600,600,0.1245,31824,12102,0.9884,,0,0.8706,,0.9463,,
197045,Utica University,Utica,NY,2,18,11,3,4,1,1,2278,1110,,480,510,0.9195,10197,9148,0.4509,34819284,14152,0.5624,,0.7071,63277,57422
197133,Vassar College,Poughkeepsie,NY,2,21,14,3,3,1,1,2444,1494,33,730,720,0.1857,34689,13587,0.8532,1224163708,46032,0.9108,,0.949,71366,49177
197142,Villa Maria College,Buffalo,NY,2,22,13,3,3,1,1,603,,,,,0.8659,7785,5508,0.2231,1945715,15512,0.3145,,0.7647,38857,33635
197151,School of Visual Arts,New York,NY,3,18,13,3,4,1,1,3244,1320,26,610,578,0.9264,17394,4435,0.1489,,44094,0.7568,,0.8548,46459,31855
197197,Wagner College,Staten Island,NY,2,19,13,3,4,1,1,1651,1243,,600,590,0.88,14143,8122,1,105120848,24133,0.6514,,0.8342,74360,63439
197221,Webb Institute,Glen Cove,NY,2,28,14,3,3,1,1,106,1496,33,710,720,0.1404,33239,13681,0.6667,70477801,818,0.88,,0.9259,,86249
197285,The College of Westchester,White Plains,NY,3,22,11,3,3,1,1,759,,,,,0.9442,5505,6287,0.2,,15503,0.3765,,0.7931,42215,32951
197601,Yeshiva Karlin Stolin,Brooklyn,NY,2,24,10,3,3,1,1,139,,,,,,4309,5013,,,9832,0.2286,,0.7895,,
197647,Yeshiva Derech Chaim,Brooklyn,NY,2,24,13,2,3,1,1,115,,,,,0.8824,11430,6875,0.3793,,5952,0.8,,0.75,,
197674,Yeshiva of Nitra Rabbinical College,Chester,NY,2,24,10,3,3,1,1,243,,,,,,8254,2846,0.7143,,10804,0.1132,,0.82,41785,41261
197692,Yeshivath Shaar Hatorah,Kew Gardens,NY,2,24,12,3,3,1,1,76,,,,,0.7222,18684,9350,,99000,27243,0.5333,,0.8621,,
197708,Yeshiva University,New York,NY,2,17,14,3,4,1,1,2852,1426,,670,670,0.5562,18550,13637,1,504478000,24524,0.832,,0.9153,71353,60252
197735,Yeshivath Viznitz,Monsey,NY,2,24,10,3,3,1,1,1159,,,,,,4552,2680,0.6218,148,11145,0.6932,,0.9591,,16658
197744,Yeshivath Zichron Moshe,South Fallsburg,NY,2,24,15,2,3,1,1,201,,,,,0.3,17149,5460,,,5953,0.7,,1,,
197869,Appalachian State University,Boone,NC,1,18,13,3,4,1,1,19444,1214,27,570,550,0.9014,8690,9281,0.777,192175577,7620,0.7453,,0.8369,51836,43663
197911,Barton College,Wilson,NC,2,22,10,3,4,1,1,982,,20,,,0.942,8229,6671,0.9787,28772743,14034,0.4585,,0.6548,47913,40785
197984,Belmont Abbey College,Belmont,NC,2,22,10,3,4,1,1,1276,1099,22,490,470,0.7465,7400,7019,0.6786,11651697,10716,0.4668,,0.7044,47937,43816
197993,Bennett College,Greensboro,NC,2,21,12,3,3,1,1,178,925,,410,410,0.5066,12596,6566,0.2727,15341498,1149,0.25,,0.8571,36654,23153
198066,Brevard College,Brevard,NC,2,22,14,3,4,1,1,815,1060,,440,430,0.4216,6755,6053,1,33654804,12492,0.4884,,0.6151,43545,34401
198109,Cabarrus College of Health Sciences,Concord,NC,2,26,5,2,4,1,1,712,1150,23,,,0.2338,9077,8088,0.5385,4129133,13064,0.7143,,1,58708,52960
198136,Campbell University,Buies Creek,NC,2,17,11,3,4,1,1,2680,,22,,,0.8718,14458,9210,0.4959,188619073,19251,0.6096,,0.7616,54886,45511
198215,Catawba College,Salisbury,NC,2,22,10,3,4,1,1,1235,1096,22,520,510,0.7521,12087,8682,0.8083,321799560,18655,0.4729,,0.773,48793,36912
198303,Chowan University,Murfreesboro,NC,2,22,11,3,4,1,1,603,,18,,,0.6879,6985,7034,1,28585450,8817,0.2995,,0.7081,38412,30096
198385,Davidson College,Davidson,NC,2,21,14,3,3,1,1,1867,1469,,695,705,0.1337,22692,13033,0.9598,1322217036,25692,0.9107,,0.9461,81400,62866
198419,Duke University,Durham,NC,2,15,14,3,4,1,1,6442,1548,34,740,760,0.0571,87044,19001,0.9449,11602230000,36741,0.9678,,0.9793,97800,85792
198464,East Carolina University,Greenville,NC,1,16,13,3,4,1,1,19896,1180,,540,530,0.8921,14141,9595,0.7697,279529873,8118,0.6262,,0.8272,55146,46420
198507,Elizabeth City State University,Elizabeth City,NC,1,22,11,3,4,1,1,1975,1019,17,470,450,0.6422,10492,8621,0.8058,20125310,3544,0.4351,,0.7688,40026,33776
198516,Elon University,Elon,NC,2,17,14,3,4,1,1,6452,1208,,580,550,0.6635,19988,10563,0.8236,322090123,34290,0.8404,,0.898,74545,58082
198543,Fayetteville State University,Fayetteville,NC,1,19,7,3,4,1,1,5762,959,17,460,430,0.8215,8747,9421,0.7692,31279732,2611,0.3846,,0.7529,40144,37831
198561,Gardner-Webb University,Boiling Springs,NC,2,17,11,3,4,1,1,1856,1113,21,495,480,0.7721,8808,7375,0.9929,72478059,13198,0.5539,,0.5533,48039,43996
198598,Greensboro College,Greensboro,NC,2,20,11,3,4,1,1,708,,,,,0.7014,9444,6155,1,27587840,12255,0.462,,0.6587,46566,36462
198613,Guilford College,Greensboro,NC,2,21,10,3,4,1,1,1001,1105,20,550,570,0.8,8232,7005,0.5294,77345082,11799,0.4581,,0.6492,47590,40401
198677,Heritage Bible College,Dunn,NC,2,24,7,3,3,1,1,22,,,,,,6612,1875,,10520,10328,,,1,30672,30996
198695,High Point University,High Point,NC,2,22,12,3,4,1,1,5129,1288,26,560,550,0.7531,13024,9147,1,151489137,27075,0.737,,0.8535,61389,50955
198756,Johnson C Smith University,Charlotte,NC,2,21,10,3,4,1,1,1244,,,,,0.4521,10570,7806,0.5874,64251820,11798,0.3429,,0.7133,42680,31478
198808,Lees-McRae College,Banner Elk,NC,2,22,11,3,4,1,1,873,,23,,,0.7678,7880,6116,0.5,34836868,10072,0.4208,,0.6884,43415,41599
198835,Lenoir-Rhyne University,Hickory,NC,2,18,12,3,4,1,1,1359,,,,,0.8459,10703,7780,1,128381078,13736,0.4778,,0.7553,45543,44799
198862,Livingstone College,Salisbury,NC,2,22,11,3,4,1,1,924,,14,,,0.5925,8418,5732,0.7703,6515278,10314,0.2819,,0.7063,32600,24024
198899,Mars Hill University,Mars Hill,NC,2,22,12,3,4,1,1,1044,,,,,0.679,15848,5935,0.621,59170846,9398,0.4487,,0.6933,44781,35680
198950,Meredith College,Raleigh,NC,2,21,10,3,4,1,1,1188,1204,26,588,510,0.7418,14651,7652,1,130100558,18789,0.7007,,0.7938,51539,45293
198969,Methodist University,Fayetteville,NC,2,20,10,3,4,1,1,1448,1182,24,550,530,0.7514,11574,8728,0.6178,45459558,19055,0.4351,,0.651,48050,40540
199032,Montreat College,Montreat,NC,2,22,11,3,4,1,1,762,,25,,,0.692,7421,6390,0.3669,9776730,12317,0.5031,,0.5888,45151,39763
199069,University of Mount Olive,Mount Olive,NC,2,20,7,3,4,1,1,1796,1050,19,,,0.7575,3971,7025,1,43004236,10688,0.5178,,0.7165,47139,43026
199102,North Carolina A & T State University,Greensboro,NC,1,16,11,3,4,1,1,12182,1074,19,510,510,0.499,8093,10522,0.6008,164719958,6828,0.5718,,0.7752,44440,36638
199111,University of North Carolina Asheville,Asheville,NC,1,21,13,3,4,1,1,2910,1251,26,600,570,0.9192,13642,9155,0.828,71345515,6771,0.5448,,0.7209,44030,36947
199120,University of North Carolina at Chapel Hill,Chapel Hill,NC,1,15,14,3,4,1,1,20752,1439,25,690,700,0.1534,33767,15046,0.7827,5200811833,16348,0.9117,,0.9661,72200,57057
199139,University of North Carolina at Charlotte,Charlotte,NC,1,16,13,3,4,1,1,24453,1231,24,570,570,0.796,11037,11828,0.703,316286095,9309,0.6897,,0.8498,57289,48812
199148,University of North Carolina at Greensboro,Greensboro,NC,1,16,11,3,4,1,1,14062,1193,24,590,560,0.8851,9830,9693,0.7684,390764608,6162,0.5631,,0.7891,48160,39869
199157,North Carolina Central University,Durham,NC,1,18,11,3,4,1,1,6081,1050,18,,,0.8696,12526,9555,0.6768,56201878,6953,0.4165,,0.7271,42968,35967
199184,University of North Carolina School of the Arts,Winston Salem,NC,1,30,12,3,4,1,1,945,1260,25,600,540,0.2997,26642,8980,0.7477,122863952,15547,0.7778,,0.9276,38357,24537
199193,North Carolina State University at Raleigh,Raleigh,NC,1,15,15,3,4,1,1,27371,1376,30,650,650,0.4174,18060,12820,0.8767,2028200911,11619,0.8476,,0.9447,68758,57623
199209,North Carolina Wesleyan University,Rocky Mount,NC,2,22,11,3,4,1,1,1214,,18,,,0.8023,5633,6597,0.4138,12759310,9695,0.4197,,0.5854,45873,38939
199218,University of North Carolina Wilmington,Wilmington,NC,1,16,15,3,4,1,1,14922,1287,26,620,610,0.6424,10765,10074,0.7205,147657266,8839,0.7059,,0.8816,54967,46972
199272,William Peace University,Raleigh,NC,2,22,11,3,3,1,1,666,1170,24,545,535,0.9425,5817,6905,0.4857,49296201,13571,0.4481,,0.7358,46643,39738
199281,University of North Carolina at Pembroke,Pembroke,NC,1,18,7,3,4,1,1,5330,1056,19,490,480,0.9326,7136,8725,0.7322,32352058,3449,0.4354,,0.7164,43407,37126
199306,Pfeiffer University,Misenheimer,NC,2,19,10,3,4,1,1,655,,22,,,0.9603,13663,7705,0.5273,17638682,13652,0.3497,,0.7231,51562,44621
199412,Queens University of Charlotte,Charlotte,NC,2,18,13,3,4,1,1,1211,1206,24,560,580,0.6208,10698,8748,0.5605,153458066,15340,0.6131,,0.7406,57673,48170
199458,Mid-Atlantic Christian University,Elizabeth City,NC,2,22,11,3,3,1,1,132,1000,18,390,440,0.6216,10309,5406,0.4375,4151950,10040,0.2075,,0.3158,38342,29887
199582,Saint Augustine's University,Raleigh,NC,2,22,10,3,4,1,1,172,,,,,0.338,10716,6609,0.5417,13487929,10314,0.25,,0,35730,26999
199607,Salem College,Winston-Salem,NC,2,21,10,3,4,1,1,423,1082,19,553,513,0.7667,12304,6493,0.5072,58542047,10509,0.5743,,0.6753,44640,38496
199643,Shaw University,Raleigh,NC,2,22,12,3,4,1,1,875,,,,,0.8016,7287,5041,0.5729,13780704,9211,0.2179,,0.5165,34409,26148
199759,Southeastern Baptist Theological Seminary,Wake Forest,NC,2,17,7,3,4,1,1,585,1127,,540,460,0.7463,5721,8527,0.473,43774514,7920,0.5806,,0.8462,,
199847,Wake Forest University,Winston-Salem,NC,2,16,14,3,4,1,1,5485,1475,,700,710,0.2167,35708,12666,0.7559,1900449000,39226,0.8915,,0.9256,78158,67722
199865,Warren Wilson College,Swannanoa,NC,2,21,12,3,4,1,1,707,1350,27,,,0.7134,11579,6280,0.6905,54958775,11924,0.42,,0.7092,36260,27723
199883,Watts College of Nursing,Durham,NC,2,-2,-2,3,3,1,1,124,,,,,,13077,6333,1,,17616,,,,,
199962,Wingate University,Wingate,NC,2,17,12,3,4,1,1,2668,1111,,510,500,0.9113,9981,8244,0.54,125060933,12673,0.4635,,0.7048,52649,43992
199971,Carolina Christian College,Winston Salem,NC,2,24,10,3,3,1,1,52,,,,,,2937,2500,,293639,12185,0.1538,,0,40672,
199999,Winston-Salem State University,Winston-Salem,NC,1,17,11,3,4,1,1,4170,945,17,430,400,0.7826,11408,9217,0.671,48823269,4814,0.4668,,0.7725,45344,40557
200004,Western Carolina University,Cullowhee,NC,1,17,13,3,4,1,1,10024,1157,22,560,520,0.8183,9410,9069,0.7351,125841612,4418,0.6026,,0.7911,49458,43085
200013,Rasmussen University-North Dakota,Fargo,ND,3,23,5,2,3,1,1,52,,,,,,4663,7055,,,14529,0.2857,,,39080,41436
200022,Bismarck State College,Bismarck,ND,1,14,7,2,3,1,1,2839,,,,,,8671,7184,0.9222,26447554,5151,0.4724,,0.7681,54277,50401
200059,Dickinson State University,Dickinson,ND,1,22,11,3,4,1,1,1090,,19,,,0.3702,7350,7146,0.5,18760847,6096,0.506,,0.6744,50720,48628
200086,Nueta Hidatsa Sahnish College,New Town,ND,1,33,7,2,3,1,1,161,,,,,,13659,6030,0.9545,5152003,3745,0.0732,,,,
200156,University of Jamestown,Jamestown,ND,2,20,10,3,4,1,1,1041,,21,,,0.8808,10448,7294,1,42572530,9595,0.4904,,0.6735,56621,51151
200217,University of Mary,Bismarck,ND,2,17,12,3,4,1,1,2416,1159,,580,530,0.753,8897,8186,0.6196,68580534,18521,0.666,,0.8354,60909,50191
200226,Mayville State University,Mayville,ND,1,22,7,3,4,1,1,733,,20,,,,8244,7328,0.5467,11301498,6602,0.406,,0.8068,47828,43597
200253,Minot State University,Minot,ND,1,19,11,3,4,1,1,2062,1051,20,500,430,0.6462,9367,8340,0.881,40309910,6525,0.4505,,0.6648,51759,46214
200280,University of North Dakota,Grand Forks,ND,1,16,9,3,4,1,1,9981,,23,,,0.769,18456,10049,0.9247,361554000,15926,0.6048,,0.8402,63552,54588
200332,North Dakota State University-Main Campus,Fargo,ND,1,15,12,3,4,1,1,9471,1150,23,,,0.9496,11618,10624,0.9751,440354380,10363,0.6389,,0.7842,62203,54312
200466,Sitting Bull College,Fort Yates,ND,1,33,11,2,4,1,1,257,,,,,,16341,7180,0.6579,1753243,4226,0.2162,,,28488,23563
200484,Trinity Bible College and Graduate School,Ellendale,ND,2,24,11,3,4,1,1,141,,,,,0.2575,9323,5047,1,1361454,10725,0.4595,,0.6286,35604,29234
200527,Turtle Mountain College,Belcourt,ND,2,33,10,1,4,1,1,543,,,,,,9372,7744,0.7143,2417278,2787,0.4341,,1,32079,30931
200554,United Tribes Technical College,Bismarck,ND,2,33,11,2,3,1,1,569,,,,,,8559,5115,0.7652,901200,11955,0.2133,,,25292,21254
200572,Valley City State University,Valley City,ND,1,22,7,3,4,1,1,958,1041,20,420,410,0.9907,14718,6935,0.5067,12051415,5763,0.5333,,0.7086,52725,45820
200697,Air Force Institute of Technology-Graduate School of Engineering & Management,Wright-Patterson AFB,OH,1,16,0,4,4,1,1,,,,,,,,,,,,,,,,
200785,Herzing University-Akron,Akron,OH,2,23,5,2,3,1,1,391,,,,,0.9457,5535,6817,0.1563,,14826,0.1892,,0.25,36909,35295
200800,University of Akron Main Campus,Akron,OH,1,16,10,3,4,1,1,9052,1081,,460,440,0.5967,9734,10255,0.4957,304215569,8653,0.5186,,0.7298,46600,42269
200846,University of Akron Wayne College,Orrville,OH,1,3,1,3,3,1,1,457,1040,,440,390,0.8992,7838,7842,0.0556,16011345,6968,0.1852,,0.5854,46600,42269
200873,Allegheny Wesleyan College,Salem,OH,2,24,10,3,3,1,1,46,,,,,,0,2210,0.3824,456861,3701,0.4615,,0.3636,37453,21079
201061,Art Academy of Cincinnati,Cincinnati,OH,2,30,14,3,4,1,1,205,,,,,0.3449,6541,5527,0.2632,2170164,21537,0.4127,,0.5088,34368,27483
201104,Ashland University,Ashland,OH,2,18,11,3,4,1,1,2199,1120,23,505,530,0.764,11063,7701,0.2992,58605892,17829,0.6063,,0.7652,52928,47722
201140,Athenaeum of Ohio,Cincinnati,OH,2,24,0,1,4,1,1,36,,,,,,18959,7822,1,36297822,28106,,,,,
201177,Aultman College of Nursing and Health Sciences,Canton,OH,2,26,5,2,3,1,1,280,1020,21,,,0.4588,10386,7225,0.3158,2404355,19769,0.5333,,0.7222,63582,50096
201195,Baldwin Wallace University,Berea,OH,2,18,12,3,4,1,1,2842,1194,24,550,510,0.757,15441,8614,0.5523,167791194,16622,0.6677,,0.8384,54122,44972
201371,Bluffton University,Bluffton,OH,2,22,12,3,4,1,1,582,976,,430,430,0.6723,11125,5689,0.5111,24768011,11362,0.5294,,0.5957,49547,41940
201432,Bowling Green State University-Firelands,Huron,OH,1,5,2,2,3,1,1,1251,,,,,,6109,8169,0.3221,5926000,4548,0.1132,,0.5062,47896,41281
201441,Bowling Green State University-Main Campus,Bowling Green,OH,1,16,12,3,4,1,1,12812,1117,23,500,500,0.8096,11814,10477,0.7093,217413000,10744,0.6373,,0.8157,47896,41281
201469,Bryant & Stratton College-Parma,Parma,OH,2,14,7,2,3,1,1,624,,,,,,8789,5954,0.2617,,22040,0.1882,,,32568,27873
201548,Capital University,Columbus,OH,2,18,12,3,4,1,1,1585,1068,23,450,460,0.7022,13045,8673,0.4625,131105139,16249,0.6027,,0.7554,54143,45767
201645,Case Western Reserve University,Cleveland,OH,2,15,14,3,4,1,1,6437,1513,34,700,730,0.3654,35710,13338,0.7518,2260605000,28772,0.8717,,0.9214,87989,75613
201654,Cedarville University,Cedarville,OH,2,19,12,3,4,1,1,4024,1241,26,580,550,0.6529,9927,8563,0.5739,46563416,17397,0.7253,,0.8958,55443,47937
201672,Central Ohio Technical College,Newark,OH,1,9,1,2,3,1,1,1941,,,,,,7612,7407,1,4032023,3859,0.3026,,1,39168,37165
201690,Central State University,Wilberforce,OH,1,22,5,3,4,1,1,2620,,16,,,0.9861,4813,7698,1,1699064,4457,0.2281,,0.5592,33267,27173
201821,The Christ College of Nursing and Health Sciences,Cincinnati,OH,2,26,7,3,3,1,1,713,1090,20,,,0.5894,8118,7243,0.6923,9434641,17323,0.5571,,0.6912,68303,64942
201867,Cincinnati College of Mortuary Science,Cincinnati,OH,2,30,11,3,3,1,1,107,,,,,,8653,6825,,680613,14935,,,,55695,50028
201885,University of Cincinnati-Main Campus,Cincinnati,OH,1,15,12,3,4,1,1,29882,1282,27,570,590,0.8529,12292,11468,0.572,1849258918,12639,0.7496,,0.8535,54810,48310
201928,Cincinnati State Technical and Community College,Cincinnati,OH,1,8,1,1,3,1,1,5667,,,,,,6231,9970,1,15940649,2762,0.1633,,0.5,40137,35314
201946,University of Cincinnati-Clermont College,Batavia,OH,1,14,5,2,3,1,1,3019,,,,,,5141,9643,0.269,2844744,4829,0.2374,,,54810,48310
201955,University of Cincinnati-Blue Ash College,Blue Ash,OH,1,14,6,2,3,1,1,4354,,,,,,7882,9342,0.5134,2248324,5440,0.159,,,54810,48310
201964,Ohio Christian University,Circleville,OH,2,19,7,3,4,1,1,862,,,,,0.3797,4905,4506,1,6395689,10712,0.3394,,0.6237,39813,34457
201973,Clark State College,Springfield,OH,1,9,1,1,3,1,1,3456,,,,,,6835,6961,0.2813,10600936,2646,0.2176,,1,39584,32341
202046,Cleveland Institute of Art,Cleveland,OH,2,30,12,3,3,1,1,539,1193,23,500,480,0.6135,14182,7134,0.4712,37215824,22135,0.5771,,0.878,42509,33148
202073,Cleveland Institute of Music,Cleveland,OH,2,30,14,3,4,1,1,159,,,,,0.4731,30729,7572,0.2817,50856887,19683,0.7213,,0.9024,32641,20170
202134,Cleveland State University,Cleveland,OH,1,16,11,3,4,1,1,8969,,23,,,0.913,12674,9480,0.8399,106846373,12553,0.5057,,0.7032,52131,44625
202170,Columbus College of Art & Design,Columbus,OH,2,30,11,3,4,1,1,882,,,,,0.6766,13051,5663,0.3519,21781237,21151,0.556,,0.8032,40664,30590
202222,Columbus State Community College,Columbus,OH,1,6,1,1,3,1,1,17549,,,,,,5134,7602,1,31779445,3288,0.2806,,,39435,36895
202480,University of Dayton,Dayton,OH,2,16,12,3,4,1,1,7682,1335,26,600,600,0.6545,13290,9699,0.7029,805161000,15140,0.8018,,0.8906,75537,62477
202514,Defiance College,Defiance,OH,2,22,10,3,4,1,1,499,,20,,,0.4755,11859,6646,0.6,19139372,13199,0.3057,,0.5565,49351,39303
202523,Denison University,Granville,OH,2,21,14,3,3,1,1,2380,1410,30,660,660,0.1739,25080,11237,0.952,1008066000,27934,0.789,,0.8852,67753,51352
202763,The University of Findlay,Findlay,OH,2,17,12,3,4,1,1,2223,,23,,,0.8337,11807,7542,0.5079,53744271,13936,0.5786,,0.7374,56996,49757
202806,Franklin University,Columbus,OH,2,18,5,3,4,1,1,5562,,,,,,3021,10339,0.0726,10784000,9101,0.1111,,0.359,51892,49189
202903,Gods Bible School and College,Cincinnati,OH,2,22,7,2,4,1,1,281,,,,,0.7532,10577,1073,0.9167,,4172,0.4048,,0.8095,37722,29555
202912,Good Samaritan College of Nursing and Health Science,Cincinnati,OH,2,26,5,2,3,1,1,690,,21,,,0.4574,8651,5714,0.6,5938266,8278,0.7273,,,66111,61177
203067,Hebrew Union College-Jewish Institute of Religion,New York,NY,2,24,0,4,4,1,1,,,,,,,56811,7528,0.3072,236752011,4074,,,,,
203085,Heidelberg University,Tiffin,OH,2,20,10,3,4,1,1,915,,22,,,0.8579,8859,6994,0.4762,65555103,10136,0.5198,,0.7413,48466,41440
203128,Hiram College,Hiram,OH,2,22,10,3,4,1,1,777,,,,,0.9353,12391,6756,1,51426718,11092,0.5451,,0.7186,54311,40270
203368,John Carroll University,University Heights,OH,2,18,12,3,4,1,1,2274,1298,27,600,580,0.809,15871,10285,1,262595617,19107,0.7855,,0.8288,62860,53187
203447,Kent State University at Ashtabula,Ashtabula,OH,1,14,5,2,3,1,1,1290,,,,,,10219,8104,0.3977,,5951,0.2471,,0.4865,45388,40179
203456,Kent State University at East Liverpool,East Liverpool,OH,1,14,5,2,3,1,1,797,,,,,,8513,8854,0.375,,6596,0.2632,,0.3333,45388,40179
203465,Kent State University at Stark,North Canton,OH,1,14,5,2,3,1,1,2692,,,,,,8382,8977,0.4852,,6153,0.3672,,0.5415,45388,40179
203474,Kent State University at Trumbull,Warren,OH,1,23,5,2,3,1,1,1629,,,,,,9801,8750,0.6406,,5303,0.3218,,0.4684,45388,40179
203483,Kent State University at Tuscarawas,New Philadelphia,OH,1,23,5,2,3,1,1,1654,,,,,,9467,8067,0.395,,6680,0.3774,,0.5,45388,40179
203492,Kent State University at Salem,Salem,OH,1,23,5,2,3,1,1,1164,,,,,,9078,8066,0.3867,,5326,0.3087,,0.4722,45388,40179
203517,Kent State University at Kent,Kent,OH,1,15,12,3,4,1,1,19320,1099,22,510,500,0.8634,10496,10622,0.6087,182192873,10732,0.6372,,0.8094,45388,40179
203526,Kent State University at Geauga,Burton,OH,1,14,5,2,3,1,1,1601,,,,,,7534,7671,0.4286,,6249,0.2027,,0.4912,45388,40179
203535,Kenyon College,Gambier,OH,2,21,14,3,3,1,1,1732,1429,33,680,678,0.3103,26237,9767,0.9781,560253833,32747,0.8234,,0.9163,71830,46627
203544,Kettering College,Kettering,OH,2,26,7,3,4,1,1,549,1050,20,,,0.7654,10138,8475,0.5487,3213126,13780,0.6512,,0.7353,67492,60692
203580,Lake Erie College,Painesville,OH,2,20,11,3,4,1,1,852,,20,,,0.7036,5968,6902,0.5055,33462698,11186,0.3795,,0.5936,50417,43959
203678,James A. Rhodes State College,Lima,OH,1,9,1,1,3,1,1,1590,,,,,,4468,5989,0.3509,4955731,4323,0.4697,,,41855,38657
203748,Lorain County Community College,Elyria,OH,1,2,1,1,3,1,1,5373,,,,,,9178,7880,1,47289181,2292,0.3094,,,38837,33660
203757,Lourdes University,Sylvania,OH,2,20,11,3,4,1,1,543,,20,,,0.7413,12048,5984,0.9444,8940750,14777,0.3246,,0.8712,48150,40158
203775,Malone University,Canton,OH,2,19,10,3,4,1,1,798,1081,21,470,460,0.7586,7647,6917,0.3803,23670132,12428,0.4498,,0.7558,48909,43056
203845,Marietta College,Marietta,OH,2,22,12,3,4,1,1,952,1088,21,510,530,0.7931,16371,7828,1,89434221,11544,0.6138,,0.6943,57180,51252
203881,Marion Technical College,Marion,OH,1,9,1,2,3,1,1,1475,,,,,,5665,6517,1,1447743,3732,0.3062,,,41495,40017
203960,Mercy College of Ohio,Toledo,OH,2,26,5,3,4,1,1,939,947,19,410,380,0.9322,11187,7613,0.4627,27714848,17370,0.5581,,0.8667,65409,61877
203997,Methodist Theological School in Ohio,Delaware,OH,2,24,0,4,4,1,1,,,,,,,13387,7358,0.5789,61013317,174,,,,,
204006,Miami University-Hamilton,Hamilton,OH,1,22,7,3,4,1,1,2043,,,,,,8465,8267,1,,9731,0.2494,,0.5341,55076,49773
204015,Miami University-Middletown,Middletown,OH,1,22,7,3,3,1,1,837,,,,,,7360,7731,1,,8714,0.3175,,0.6667,55076,49773
204024,Miami University-Oxford,Oxford,OH,1,16,14,3,4,1,1,16656,1317,27,610,610,0.754,11183,10834,1,739390000,15968,0.7979,,0.9014,55076,49773
204176,Mount Carmel College of Nursing,Columbus,OH,2,26,7,3,4,1,1,532,,19,,,0.8429,13038,8983,0.8462,2434805,22177,0.5385,,0.8077,75103,68161
204185,University of Mount Union,Alliance,OH,2,20,10,3,4,1,1,1995,1088,22,460,450,0.782,11301,7830,0.9912,166205077,14539,0.5865,,0.7668,53217,45919
204194,Mount Vernon Nazarene University,Mount Vernon,OH,2,19,10,3,4,1,1,1358,1131,22,528,518,0.8415,7665,5687,0.9605,26786948,10551,0.6811,,0.7941,49555,43046
204200,Mount St. Joseph University,Cincinnati,OH,2,17,12,3,4,1,1,1129,1183,24,470,460,0.5912,11290,7744,0.9794,67262749,16046,0.5633,,0.6873,51509,43595
204255,Zane State College,Zanesville,OH,1,6,1,2,3,1,1,715,,,,,,6093,5738,0.413,13438686,4485,0.4648,,,35006,32808
204264,Muskingum University,New Concord,OH,2,20,12,3,4,1,1,1376,1017,,460,450,0.8184,9506,7587,1,93787992,9612,0.5637,,0.7346,48440,40536
204422,North Central State College,Mansfield,OH,1,9,1,2,3,1,1,1273,,,,,,5201,5688,1,4567862,5154,0.3606,,0.7143,38158,34892
204477,Northeast Ohio Medical University,Rootstown,OH,1,25,0,4,4,1,1,,,,,,,23383,11815,0.7097,25247292,45380,,,,,
204486,University of Northwestern Ohio,Lima,OH,2,23,10,2,4,1,1,2494,,,,,,4987,5680,1,,12135,0.5402,,0.6132,50968,45639
204501,Oberlin College,Oberlin,OH,2,21,14,3,4,1,1,2887,1447,32,700,660,0.3418,26123,11232,0.7916,1199537000,27571,0.8089,,0.91,58343,38871
204617,Ohio Dominican University,Columbus,OH,2,19,15,3,4,1,1,760,,,,,0.9423,8272,8164,0.9219,18981307,14693,0.4102,,0.6396,51748,43933
204635,Ohio Northern University,Ada,OH,2,22,12,3,4,1,1,2489,1252,25,585,590,0.744,14868,9306,0.7909,203437069,17566,0.7548,,0.8433,80928,62686
204671,Ohio State University-Lima Campus,Lima,OH,1,22,10,3,3,1,1,621,,,,,,12869,11181,0.3871,6181846,6876,0.2271,,0.4231,60409,51438
204680,Ohio State University-Mansfield Campus,Mansfield,OH,1,23,10,2,3,1,1,736,,,,,,13305,10183,0.3867,3944002,6532,0.1531,,0.3402,60409,51438
204699,Ohio State University-Marion Campus,Marion,OH,1,23,10,2,3,1,1,794,,,,,,12546,10918,0.4598,6777716,6978,0.2669,,0.4024,60409,51438
204705,Ohio State University-Newark Campus,Newark,OH,1,23,10,2,3,1,1,2396,,,,,,8166,11805,0.3796,5321330,6635,0.2915,,0.2528,60409,51438
204796,Ohio State University-Main Campus,Columbus,OH,1,15,15,3,4,1,1,45638,1387,29,640,670,0.6057,23612,14386,0.6272,7356089276,17879,0.8772,,0.9423,60409,51438
204802,Ohio University-Eastern Campus,Saint Clairsville,OH,1,3,1,3,3,1,1,298,,,,,,7404,8290,0.5806,,4856,0.2065,,0.6289,52581,48991
204820,Ohio University-Chillicothe Campus,Chillicothe,OH,1,6,1,2,3,1,1,833,,,,,,6399,7891,0.3556,,4194,0.1439,,0.669,52581,48991
204839,Ohio University-Southern Campus,Ironton,OH,1,9,1,2,3,1,1,415,,,,,,6942,7947,0.4528,,4671,0.2103,,0.5361,52581,48991
204848,Ohio University-Lancaster Campus,Lancaster,OH,1,6,1,3,3,1,1,691,,,,,,7398,8565,0.5238,,4759,0.1441,,0.5027,52581,48991
204857,Ohio University-Main Campus,Athens,OH,1,15,8,3,4,1,1,19633,1212,25,550,540,0.8499,10470,9814,0.7494,697470370,11887,0.6545,,0.8389,52581,48991
204866,Ohio University-Zanesville Campus,Zanesville,OH,1,6,1,2,3,1,1,560,,,,,,7443,8667,0.4384,,4841,0.216,,0.5957,52581,48991
204909,Ohio Wesleyan University,Delaware,OH,2,21,12,3,3,1,1,1516,,25,,,0.556,15050,8792,0.5799,285578126,11659,0.5857,,0.8474,55624,42495
204936,Otterbein University,Westerville,OH,2,19,12,3,4,1,1,2157,1220,23,,,0.8453,11946,8630,0.4508,118995913,14870,0.6788,,0.7992,53313,44539
204990,Payne Theological Seminary,Wilberforce,OH,2,24,0,4,4,1,1,,,,,,,7769,4978,1,642863,17664,,,,,
205027,Pontifical College Josephinum,Columbus,OH,2,21,13,3,4,1,1,60,,,,,0.9583,38872,5595,1,30556141,24613,0.3158,,1,,
205054,Professional Skills Institute,Maumee,OH,3,10,4,2,3,1,1,395,,,,,0.8312,6981,5683,0.3846,,16131,0.4348,,0.75,47765,44172
205124,Rabbinical College Telshe,Wickliffe,OH,2,24,10,3,3,1,1,50,,,,,0.8333,14166,4754,0.5,119563,11452,0.5263,,0.8235,,
205203,University of Rio Grande,Rio Grande,OH,2,23,7,2,4,1,1,1400,,,,,,6201,6655,0.418,16408373,3184,0.3602,,0.5625,41478,34323
205391,The Modern College of Design,Kettering,OH,3,12,3,2,3,1,1,211,,,,,0.917,9165,6410,0.2727,,24677,0.6905,,,42187,36074
205443,Shawnee State University,Portsmouth,OH,1,20,10,3,4,1,1,2247,,,,,,6719,7368,0.4306,19994255,5610,0.4811,,0.7199,39596,35080
205470,Sinclair Community College,Dayton,OH,1,6,1,1,3,1,1,13308,,,,,,6687,8506,0.321,59608179,2492,0.4111,,0.8,37558,33821
205957,Franciscan University of Steubenville,Steubenville,OH,2,19,13,3,4,1,1,2901,1220,25,590,520,0.5836,7038,6622,1,78435011,13741,0.7545,,0.8748,50030,42037
206048,Tiffin University,Tiffin,OH,2,18,12,3,4,1,1,2051,986,,470,440,0.8005,4796,7387,1,18330658,11814,0.3987,,0.7158,35942,42475
206084,University of Toledo,Toledo,OH,1,16,12,3,4,1,1,9770,1235,25,550,550,0.9202,15494,10195,0.7449,364958524,12354,0.5704,,0.773,50632,44162
206154,Tri-State Bible College,South Point,OH,2,24,5,3,3,1,1,17,,,,,,2428,,,,1965,0,,,31675,
206288,United Theological Seminary,Dayton,OH,2,24,0,4,4,1,1,,,,,,,5734,7463,0.6087,9035554,6925,,,,,
206349,Ursuline College,Pepper Pike,OH,2,19,11,3,4,1,1,670,1097,23,523,483,0.7493,7706,6612,0.3865,47260307,11724,0.6667,,0.7018,56878,45646
206437,Walsh University,North Canton,OH,2,17,10,3,4,1,1,1390,1193,23,510,530,0.7074,8346,5760,1,36560616,13245,0.585,,0.7237,59764,50090
206446,Washington State College of Ohio,Marietta,OH,1,9,1,2,3,1,1,1484,,,,,,3940,6945,0.2826,789218,2921,0.3238,,,37988,34205
206491,Wilberforce University,Wilberforce,OH,2,22,10,3,4,1,1,822,,18,,,0.405,5667,7300,0.6029,7400986,6621,0.1202,,0.7417,38298,35146
206507,Wilmington College,Wilmington,OH,2,22,10,3,4,1,1,1006,1029,20,450,400,0.924,5718,6539,0.5593,30018775,12937,0.4727,,0.7203,48491,41889
206516,Winebrenner Theological Seminary,Findlay,OH,2,24,0,4,4,1,1,,,,,,,4375,4827,,2129451,3278,,,,,
206525,Wittenberg University,Springfield,OH,2,21,10,3,4,1,1,1215,1179,23,500,480,0.7235,13725,7827,0.7536,102600222,12373,0.5269,,0.6345,54947,42437
206589,The College of Wooster,Wooster,OH,2,21,14,3,3,1,1,1730,1353,29,630,590,0.5953,17263,8909,0.8278,395470809,18697,0.7394,,0.8208,59629,43895
206604,Wright State University-Main Campus,Dayton,OH,1,16,11,3,4,1,1,6762,,21,,,0.9633,11536,10222,0.5679,143857304,12580,0.4169,,0.6793,49500,42229
206613,Wright State University-Lake Campus,Celina,OH,1,22,5,3,3,1,1,892,,21,,,,5908,11112,0.5556,,6452,0.4091,,0.6059,49500,42229
206622,Xavier University,Cincinnati,OH,2,17,12,3,4,1,1,4207,1217,25,553,550,0.8641,13013,9257,0.5782,243821000,20476,0.6865,,0.7747,64873,54758
206695,Youngstown State University,Youngstown,OH,1,18,10,3,4,1,1,7961,1120,21,510,500,0.8445,8188,8731,0.9032,322916527,6921,0.5048,,0.7573,41544,37590
206835,Oklahoma Wesleyan University,Bartlesville,OK,2,20,7,3,4,1,1,673,,20,,,0.6617,5716,5562,0.2727,10602037,14752,0.3476,,0.5,59841,55700
206862,Southern Nazarene University,Bethany,OK,2,18,10,3,4,1,1,1455,,,,,,7999,6779,0.4953,44621421,11813,0.5051,,0.7286,54951,48255
206914,Cameron University,Lawton,OK,1,20,7,3,4,1,1,2492,,,,,,9215,7155,0.5189,23200666,4849,0.3067,,0.672,40118,33447
206941,University of Central Oklahoma,Edmond,OK,1,18,7,3,4,1,1,10170,1090,21,,,0.7812,10973,8207,1,39496555,8823,0.3676,,0.6523,48351,43074
207041,East Central University,Ada,OK,1,18,11,3,4,1,1,2467,1049,20,460,440,0.5815,6556,5650,1,38507953,6788,0.3442,,0.6061,44962,40677
207157,Randall University,Moore,OK,2,21,11,3,4,1,1,267,980,18,,,0.5786,3755,3236,0.2778,786177,10610,0.2639,,0.5625,42051,41012
207209,Langston University,Langston,OK,1,20,10,2,4,1,1,1742,,,,,,8500,6261,0.7551,49910788,4561,0.1684,,0.5394,33261,29691
207236,Murray State College,Tishomingo,OK,1,1,2,2,3,1,1,1786,,,,,,4571,5150,1,25334,4068,0.2713,,,36545,33903
207254,Spartan College of Aeronautics and Technology,Tulsa,OK,3,23,11,2,3,1,1,840,,,,,,9495,4911,,,25219,0.5139,,,49944,44028
207263,Northeastern State University,Tahlequah,OK,1,18,7,3,4,1,1,4772,1049,20,438,428,0.9959,11563,8084,0.7423,26054381,6369,0.3536,,0.605,45379,41207
207306,Northwestern Oklahoma State University,Alva,OK,1,20,11,3,4,1,1,1498,1003,20,420,383,0.6545,8667,7182,0.5617,34779337,4966,0.3035,,0.6507,44358,39997
207315,Oklahoma State University Center for Health Sciences,Tulsa,OK,1,25,0,4,4,1,1,,,,,,,52843,,,13126207,19136,,,,,
207324,Oklahoma Christian University,Edmond,OK,2,19,12,3,4,1,1,1885,1122,23,500,510,0.9654,6440,6798,0.203,49717079,11176,0.5551,,0.7252,49203,43281
207342,University of Oklahoma-Health Sciences Center,Oklahoma City,OK,1,27,11,3,4,1,1,1214,,,,,,84869,9873,0.6729,707469000,21416,,,,63126,52216
207351,Oklahoma Panhandle State University,Goodwell,OK,1,22,11,3,3,1,1,917,,,,,,7665,5225,0.5,12434757,6007,0.2094,,0.5591,44933,39089
207388,Oklahoma State University-Main Campus,Stillwater,OK,1,15,13,3,4,1,1,21773,1150,24,530,510,0.7504,10663,10704,0.8585,581494258,12291,0.6817,,0.8478,57413,46855
207397,Oklahoma State University-Oklahoma City,Oklahoma City,OK,1,14,5,2,3,1,1,3514,,,,,,6699,6789,1,174803,2559,0.1485,,,41307,35073
207403,Oklahoma Baptist University,Shawnee,OK,2,20,12,3,4,1,1,1308,1024,22,540,530,0.4941,10243,8621,0.4719,169864518,11206,0.5237,,0.7166,48434,42581
207458,Oklahoma City University,Oklahoma City,OK,2,17,13,3,4,1,1,1514,1177,25,540,510,0.7702,15051,7805,0.5792,187984723,17498,0.6488,,0.8391,54655,42312
207500,University of Oklahoma-Norman Campus,Norman,OK,1,15,12,3,4,1,1,22734,1246,26,580,560,0.766,14268,11610,0.8481,1632955000,15656,0.7533,,0.9,63126,52216
207564,Oklahoma State University Institute of Technology,Okmulgee,OK,1,23,7,2,3,1,1,2028,,,,,,8416,5185,0.4969,5518216,4799,0.4239,,,45634,44523
207582,Oral Roberts University,Tulsa,OK,2,19,11,3,4,1,1,3487,1196,23,580,540,0.989,6864,7834,0.3957,47635620,11954,0.5683,,0.8049,46885,39112
207661,Rogers State University,Claremore,OK,1,22,7,3,4,1,1,2657,,,,,,5581,6427,0.4293,18116613,5605,0.2896,,0.6965,43166,39324
207722,University of Science and Arts of Oklahoma,Chickasha,OK,1,21,11,3,3,1,1,941,1152,,580,510,0.6582,8206,6356,0.4952,18669862,5874,0.4413,,0.663,41913,35520
207847,Southeastern Oklahoma State University,Durant,OK,1,18,6,3,4,1,1,3018,1087,20,490,490,0.7643,7498,7173,1,31161441,7759,0.3154,,0.6343,45079,40734
207856,Southwestern Christian University,Bethany,OK,2,22,11,3,4,1,1,377,,,,,,4001,5229,0.3276,2186670,13825,0.1613,,0.5789,40391,34574
207865,Southwestern Oklahoma State University,Weatherford,OK,1,18,11,3,4,1,1,3514,,20,,,,10504,7875,0.9953,35495225,6055,0.3969,,0.677,45744,42896
207971,University of Tulsa,Tulsa,OK,2,16,12,3,4,1,1,2813,1389,26,610,613,0.6151,18075,12082,0.7055,1263999000,15872,0.7229,,0.9211,61408,54779
208390,Chemeketa Community College,Salem,OR,1,2,2,2,3,1,1,6610,,,,,,10850,8834,0.4176,7391393,3017,0.2134,,,40968,35771
208512,Sumner College,Portland,OR,3,10,4,1,3,1,1,532,,,,,0.8889,3840,4167,0.2714,,13360,0.8333,,1,46639,63316
208646,Eastern Oregon University,La Grande,OR,1,20,7,3,4,1,1,2172,,,,,0.9831,7792,8548,0.5587,15893554,8854,0.43,,0.7148,50112,43034
208725,New Hope Christian College-Eugene,Eugene,OR,2,24,10,3,3,1,1,56,,,,,0.8,15268,,,878344,9913,0.5172,,0.6667,31115,33131
208822,George Fox University,Newberg,OR,2,17,13,3,4,1,1,2699,1197,23,560,510,0.9351,13166,8565,0.3449,30903613,20277,0.7196,,0.8344,59761,53568
209056,Lewis & Clark College,Portland,OR,2,21,14,3,4,1,1,2120,,30,,,0.7849,17689,10908,0.9717,312222660,25797,0.7536,,0.8881,62205,43608
209065,Linfield University,McMinnville,OR,2,21,12,3,4,1,1,1621,,,,,0.8517,14007,7672,1,111899560,22521,0.7046,,0.7971,78638,70643
209241,Mount Angel Seminary,Saint Benedict,OR,2,24,11,3,4,1,1,38,,,,,1,18169,8584,0.6571,26924608,20731,0.5,,1,57436,
209296,National University of Natural Medicine,Portland,OR,2,26,11,3,4,1,1,41,,,,,,15782,8403,0.16,1443294,27875,,,,,
209409,Bushnell University,Eugene,OR,2,20,11,3,4,1,1,517,1020,18,,,0.6728,6850,6083,1,17298599,15912,0.56,,0.759,53623,43484
209490,Oregon Health & Science University,Portland,OR,1,27,5,3,4,1,1,836,,,,,,92948,13120,0.6164,1257493000,29243,,,,101028,99818
209506,Oregon Institute of Technology,Klamath Falls,OR,1,22,9,3,4,1,1,2892,1150,25,500,500,0.9502,10507,8845,0.9394,31815269,8069,0.5378,,0.6898,72273,68301
209542,Oregon State University,Corvallis,OR,1,15,9,3,4,1,1,30743,1290,25,580,560,0.773,12607,11437,0.7838,946894970,13336,0.7011,,0.8776,64010,50843
209551,University of Oregon,Eugene,OR,1,15,12,3,4,1,1,20497,1272,,580,550,0.883,15863,12404,0.7145,1454374334,20483,0.7169,,0.864,61324,46084
209603,Pacific Northwest College of Art,Portland,OR,2,-2,-2,3,4,1,1,420,,,,,0.7485,16928,8311,0.1905,60955600,21427,0.2913,,0.6949,34883,24101
209612,Pacific University,Forest Grove,OR,2,17,13,3,4,1,1,1516,1090,23,480,420,0.8956,12774,9129,0.6848,59464673,27826,0.6698,,0.7945,60583,46936
209807,Portland State University,Portland,OR,1,16,7,3,4,1,1,13182,,21,,,0.9087,13280,11893,0.5679,112197236,9403,0.5266,,0.7611,57906,46937
209825,University of Portland,Portland,OR,2,19,12,3,4,1,1,2957,1277,29,580,580,0.8917,19056,10167,0.5891,300892000,24098,0.7984,,0.8832,82804,67913
209922,Reed College,Portland,OR,2,21,14,3,4,1,1,1320,1437,,680,610,0.2461,30286,12578,0.9535,720867118,40589,0.7147,,0.8764,62927,38607
210146,Southern Oregon University,Ashland,OR,1,18,7,3,4,1,1,2751,,22,,,0.8862,10493,9721,0.5603,36147320,7091,0.4253,,0.6785,49175,39326
210304,Warner Pacific University,Portland,OR,2,22,11,3,3,1,1,375,,,,,0.7114,7444,6822,1,9820485,16666,0.4918,,0.9167,55204,45660
210331,Corban University,Salem,OR,2,20,11,3,4,1,1,678,,24,,,0.939,5172,6449,0.4343,761452,11895,0.6059,,0.777,48917,41735
210368,Western Seminary,Portland,OR,2,24,0,4,4,1,1,,,,,,,11938,6955,0.2703,2390714,14824,,,,,
210401,Willamette University,Salem,OR,2,21,10,3,4,1,1,1592,1377,,640,600,0.7709,15686,11083,0.6897,243822400,19854,0.7124,,0.8651,56911,38932
210429,Western Oregon University,Monmouth,OR,1,18,11,3,4,1,1,3103,,,,,0.981,9229,7388,0.7405,21655819,6765,0.4712,,0.7274,51815,42537
210438,University of Western States,Portland,OR,2,17,5,3,4,1,1,0,,,,,,8511,7650,0.2848,3985550,26288,,,,27382,26840
210492,Bryn Athyn College of the New Church,Bryn Athyn,PA,2,21,10,3,4,1,1,244,,28,,,0.8294,15919,7653,0.6667,60037607,16179,0.6774,,0.7333,40457,32083
210508,Academy of Vocal Arts,Philadelphia,PA,2,-2,-2,4,4,1,1,,,,,,,,,,,,,,,,
210571,Albright College,Reading,PA,2,21,10,3,4,1,1,1217,,,,,0.7633,13903,6685,0.6569,53600000,10762,0.507,,0.6167,58700,45391
210669,Allegheny College,Meadville,PA,2,21,14,3,3,1,1,1156,1275,26,610,563,0.5457,17999,8582,0.7853,264015690,14906,0.7255,,0.7794,62069,45603
210739,DeSales University,Center Valley,PA,2,17,12,3,4,1,1,2128,1186,26,550,540,0.7709,11727,8905,0.4088,94710873,17471,0.722,,0.8303,61295,52721
210775,Alvernia University,Reading,PA,2,17,12,3,4,1,1,2152,1170,,570,523,0.5806,8245,8028,1,16195161,19740,0.5553,,0.7198,55055,49938
210809,American College of Financial Services,King of Prussia,PA,2,29,0,1,4,1,1,5144,,,,,,4345,9962,1,42548704,9885,,,,,
211088,Arcadia University,Glenside,PA,2,18,12,3,4,1,1,1948,1190,25,550,515,0.8022,10749,8854,0.3662,67793000,20033,0.6674,,0.788,58336,44004
211273,Bryn Mawr College,Bryn Mawr,PA,2,21,14,3,4,1,1,1359,1396,,660,620,0.2943,26652,12083,0.8178,1141787000,27943,0.8179,,0.9224,75217,53102
211291,Bucknell University,Lewisburg,PA,2,21,14,3,4,1,1,3876,1410,31,650,660,0.2893,24614,13254,0.9711,1088267000,37745,0.8632,,0.9368,93807,78852
211431,Carlow University,Pittsburgh,PA,2,18,7,3,4,1,1,1348,1080,23,500,460,0.8695,10746,7520,1,53100132,20443,0.5992,,0.8443,51051,44876
211440,Carnegie Mellon University,Pittsburgh,PA,2,15,14,3,4,1,1,7304,1546,34,730,770,0.1166,41024,13972,0.9247,3118739643,47515,0.9413,,0.98,114862,105360
211468,Cedar Crest College,Allentown,PA,2,20,7,3,4,1,1,834,,25,,,0.8407,11600,7285,0.478,38616890,19816,0.6039,,0.7097,59460,48295
211477,Central Penn College,Summerdale,PA,3,22,5,1,4,1,1,662,,,,,0.1846,8554,5380,0.4,,22225,0.5091,,0.6471,45370,40798
211556,Chatham University,Pittsburgh,PA,2,17,13,3,4,1,1,1232,1198,,550,520,0.6196,13358,8160,1,79108210,21089,0.6306,,0.7781,52410,48709
211583,Chestnut Hill College,Philadelphia,PA,2,19,11,3,4,1,1,815,,,,,0.7446,9714,5821,0.3314,18759866,14473,0.4878,,0.6243,52015,45221
211608,Cheyney University of Pennsylvania,Cheyney,PA,1,21,10,3,3,1,1,617,,,,,,10769,10536,0.7059,1709722,0,0.4059,,0.6852,37837,28568
211893,Curtis Institute of Music,Philadelphia,PA,2,30,14,3,4,1,1,109,,,,,0.0458,92076,8958,0.2941,206852115,5022,0.9615,,1,,31201
211981,Delaware Valley University,Doylestown,PA,2,20,10,3,4,1,1,1628,1204,26,560,530,0.9321,9499,9069,0.4242,36903592,17722,0.5591,,0.6928,55838,41324
212009,Dickinson College,Carlisle,PA,2,21,14,3,4,1,1,2273,1391,,670,640,0.4209,19764,10034,0.8107,589035385,24157,0.7978,,0.9198,70204,57110
212054,Drexel University,Philadelphia,PA,2,15,15,3,4,1,1,13233,1345,29,620,620,0.7944,22377,12380,0.5765,966333000,31280,0.7816,,0.8951,84648,69063
212106,Duquesne University,Pittsburgh,PA,2,16,12,3,4,1,1,5350,1276,27,600,580,0.8356,16449,10204,0.4807,594963000,26454,0.7749,,0.8415,74742,62627
212115,East Stroudsburg University of Pennsylvania,East Stroudsburg,PA,1,18,11,3,4,1,1,4814,1084,23,500,500,0.9205,8277,10957,0.7452,23817239,5883,0.4312,,0.7213,56148,44290
212133,Eastern University,Saint Davids,PA,2,18,9,3,4,1,1,2404,,,,,0.9077,4064,5855,0.2671,31173526,9028,0.54,,0.6547,51655,41580
212197,Elizabethtown College,Elizabethtown,PA,2,20,12,3,4,1,1,1868,1204,26,560,545,0.7787,12151,9109,0.476,98565204,16166,0.7617,,0.8372,62399,54833
212577,Franklin and Marshall College,Lancaster,PA,2,21,14,3,3,1,1,1799,1392,,660,650,0.2819,20636,11293,0.7873,430830391,35603,0.8377,,0.9024,76124,62544
212601,Gannon University,Erie,PA,2,17,12,3,4,1,1,2365,,24,,,0.7416,10356,8733,0.4462,75107000,18731,0.6636,,0.7617,58845,55319
212656,Geneva College,Beaver Falls,PA,2,20,12,3,4,1,1,1096,,,,,,9782,7481,1,55168476,16091,0.6098,,0.7846,50004,46107
212674,Gettysburg College,Gettysburg,PA,2,21,14,3,4,1,1,2099,1379,30,640,630,0.389,15097,10433,0.8089,385312179,18595,0.8253,,0.9121,71517,57274
212771,Gratz College,Jenkintown,PA,2,20,7,3,4,1,1,143,,,,,,2680,6939,0.7667,4900599,9044,,,,,
212805,Grove City College,Grove City,PA,2,22,12,3,4,1,1,2216,1272,27,583,558,0.7232,16618,,,203171033,20528,0.8317,,0.8833,,
212832,Gwynedd Mercy University,Gwynedd Valley,PA,2,17,11,3,4,1,1,1067,1090,,530,493,0.8963,9202,7592,0.3063,70076000,18716,0.5688,,0.7752,67145,65976
212911,Haverford College,Haverford,PA,2,21,14,3,3,1,1,1430,1513,34,720,740,0.1237,29284,11785,0.8634,643196238,42108,0.8964,,0.9383,79966,53353
212984,Holy Family University,Philadelphia,PA,2,18,11,3,4,1,1,2464,1060,21,480,430,0.7104,8979,7978,0.2202,26540667,16519,0.6091,,0.7773,62235,55285
213011,Immaculata University,Immaculata,PA,2,17,7,3,4,1,1,1320,1260,25,578,578,0.8576,6267,4852,1,25499732,13261,0.7104,,0.8303,75701,56416
213020,Indiana University of Pennsylvania,Indiana,PA,1,16,10,3,4,1,1,6764,1082,21,490,480,0.9077,10440,11877,0.8351,88468076,6490,0.5551,,0.7534,51019,42278
213251,Juniata College,Huntingdon,PA,2,21,12,3,4,1,1,1191,1227,,570,560,0.7891,14358,9004,0.7656,123189625,17280,0.735,,0.8333,56918,48571
213303,Keystone College,La Plume,PA,2,22,11,3,4,1,1,771,,,,,0.848,7039,5423,0.3065,5888051,9819,0.3587,,0.5723,44976,36653
213321,King's College,Wilkes-Barre,PA,2,19,10,3,4,1,1,1484,1170,,540,530,0.9311,12208,8851,0.5907,117667415,16806,0.5989,,0.757,59498,51734
213349,Kutztown University of Pennsylvania,Kutztown,PA,1,18,11,3,4,1,1,6180,1210,21,570,550,0.9075,10174,11035,0.8337,41447239,7718,0.5382,,0.7779,53775,43309
213358,La Roche University,Pittsburgh,PA,2,20,11,3,4,1,1,751,1055,21,480,460,0.7576,6881,7208,0.3493,12762941,14785,0.5721,,0.6882,52341,45308
213367,La Salle University,Philadelphia,PA,2,17,13,3,4,1,1,1953,,,,,0.9659,10414,9355,0.4357,68838102,14393,0.5712,,0.739,67416,53701
213376,Lackawanna College,Scranton,PA,2,23,7,2,3,1,1,1947,,,,,,5121,4440,1,10037735,12895,0.3673,,0.8333,41000,35500
213385,Lafayette College,Easton,PA,2,21,14,3,3,1,1,2757,1424,32,670,680,0.3145,25883,12663,0.8661,1064269000,35843,0.8759,,0.8967,91410,80614
213400,Lancaster Bible College,Lancaster,PA,2,20,5,3,4,1,1,1569,1180,23,530,540,0.5589,6507,5811,0.1259,17617181,12960,0.6667,,0.7939,44096,36747
213507,Lebanon Valley College,Annville,PA,2,20,12,3,4,1,1,1684,1240,,580,560,0.8377,12519,8422,0.4558,87095974,18631,0.6496,,0.8298,62621,54021
213543,Lehigh University,Bethlehem,PA,2,16,14,3,4,1,1,5898,1440,32,680,690,0.2593,24840,15219,0.8475,1756174000,33455,0.8791,,0.937,105584,88810
213598,Lincoln University,Lincoln University,PA,1,19,10,3,4,1,1,1539,920,19,420,400,0.6572,9815,9580,1,54129564,6396,0.4355,,0.7341,43167,32865
213631,United Lutheran Seminary,Gettysburg,PA,2,24,0,4,4,1,1,,,,,,,23783,7540,1,97284116,1449,,,,,
213668,Lycoming College,Williamsport,PA,2,21,12,3,3,1,1,996,1160,25,540,540,0.7407,15750,8261,0.8276,175147000,10691,0.5963,,0.7611,56210,43713
213774,Manor College,Jenkintown,PA,2,14,7,2,3,1,1,443,820,,360,365,0.9486,5401,5606,0.2468,3635256,18003,0.2574,,0.5588,46825,36013
213826,Marywood University,Scranton,PA,2,18,12,3,4,1,1,1784,1162,22,530,530,0.6058,9607,7773,0.3561,56974571,16975,0.7165,,0.7981,55817,47000
213987,Mercyhurst University,Erie,PA,2,19,10,3,4,1,1,2191,,,,,0.8102,9031,7193,0.6,33423196,15378,0.6017,,0.7979,47452,39565
213996,Messiah University,Mechanicsburg,PA,2,18,12,3,4,1,1,2259,1236,27,570,540,0.7897,10324,9179,0.4672,126358914,18476,0.7496,,0.8857,54064,50192
214041,Millersville University of Pennsylvania,Millersville,PA,1,18,11,3,4,1,1,5728,1110,,520,500,0.8619,10132,11531,0.6627,42843823,9364,0.5763,,0.7711,55246,44813
214069,Misericordia University,Dallas,PA,2,17,10,3,4,1,1,1672,,,,,0.7093,11838,8504,1,66660057,19266,0.7171,,0.7764,64313,55910
214148,Moore College of Art and Design,Philadelphia,PA,2,30,15,3,4,1,1,535,1282,,620,560,0.5646,14319,8081,0.2476,44626030,29990,0.5714,,0.8056,37839,30512
214157,Moravian University,Bethlehem,PA,2,20,10,3,4,1,1,1949,1183,,540,530,0.5417,14586,8295,1,138435593,20178,0.7169,,0.7917,61860,53471
214166,Mount Aloysius College,Cresson,PA,2,22,11,3,4,1,1,1094,1070,,473,445,0.8205,6920,7396,0.4189,60982445,12369,0.5691,,0.5612,46165,45211
214175,Muhlenberg College,Allentown,PA,2,21,14,3,4,1,1,1727,1343,30,640,610,0.7199,20619,9647,0.5323,316884240,20440,0.8223,,0.8993,69107,53265
214272,Neumann University,Aston,PA,2,19,6,3,4,1,1,1533,,21,,,0.8128,7816,7550,0.3828,27685564,17384,0.5368,,0.7209,57817,48556
214591,Pennsylvania State University-Penn State Erie-Behrend College,Erie,PA,1,-2,-2,3,4,1,1,3240,1228,,560,560,0.9683,4725,10333,0.7846,76160602,9783,0.4363,,0.8325,63435,55620
214607,Pennsylvania State University-Penn State Great Valley,Malvern,PA,1,-2,-2,4,4,1,1,,,,,,,18975,13371,0.6905,13726620,39289,,,,63435,55620
214625,Pennsylvania State University-Penn State New Kensington,New Kensington,PA,1,-2,-2,3,4,1,1,416,1190,,580,530,0.9529,6101,9403,0.6545,12398237,12632,0.2761,,0.8544,63435,55620
214634,Pennsylvania State University-Penn State Shenango,Sharon,PA,1,-2,-2,3,3,1,1,256,,,,,0.922,6344,9036,0.5319,7970295,13135,0.4194,,0.6579,63435,55620
214643,Pennsylvania State University-Penn State Wilkes-Barre,Dallas,PA,1,-2,-2,3,3,1,1,313,1200,,550,540,0.9699,5378,9188,0.6923,8855884,11135,0.2273,,0.8072,63435,55620
214652,Pennsylvania State University-Penn State Scranton,Dunmore,PA,1,-2,-2,3,3,1,1,793,1190,,560,540,0.9852,3561,9774,0.5851,14169414,7374,0.3929,,0.7931,63435,55620
214670,Pennsylvania State University-Penn State Lehigh Valley,Center Valley,PA,1,-2,-2,3,3,1,1,859,1210,,580,550,0.9737,2942,8550,0.55,12841031,6092,0.1783,,0.8339,63435,55620
214689,Pennsylvania State University-Penn State Altoona,Altoona,PA,1,-2,-2,3,3,1,1,2367,1187,,530,540,0.9806,3624,9491,0.7689,42951037,7505,0.165,,0.7952,63435,55620
214698,Pennsylvania State University-Penn State Beaver,Monaca,PA,1,-2,-2,3,3,1,1,482,1214,,530,550,0.9565,4378,9688,0.5556,10627060,9066,0.2174,,0.7561,63435,55620
214704,Pennsylvania State University-Penn State Berks,Reading,PA,1,-2,-2,3,3,1,1,1872,1174,,550,540,0.9867,3318,10158,0.7006,30552799,6869,0.3152,,0.7675,63435,55620
214713,Pennsylvania State University-Penn State Harrisburg,Middletown,PA,1,-2,-2,3,4,1,1,4031,1227,,550,570,0.976,3651,11107,0.5979,79702956,7560,0.2612,,0.8212,63435,55620
214731,Pennsylvania State University-Penn State Brandywine,Media,PA,1,-2,-2,3,3,1,1,1223,1200,,550,530,0.9811,3078,9857,0.5625,17268973,6372,0.2598,,0.7262,63435,55620
214740,Pennsylvania State University-Penn State DuBois,DuBois,PA,1,-2,-2,3,3,1,1,349,1080,,490,500,0.9712,6092,9056,0.7727,9741472,12614,0.3381,,0.8636,63435,55620
214759,Pennsylvania State University-Penn State Fayette- Eberly,Lemont Furnace,PA,1,-2,-2,3,3,1,1,402,1170,,580,540,0.9547,5538,9599,0.7037,11069855,11467,0.3862,,0.7778,63435,55620
214768,Pennsylvania State University-Penn State Hazleton,Hazleton,PA,1,-2,-2,3,3,1,1,501,1200,,550,540,0.9641,4953,9943,0.6792,12398237,10255,0.2615,,0.7514,63435,55620
214777,Pennsylvania State University-Main Campus,University Park,PA,1,15,-2,3,4,1,1,42284,1337,,620,620,0.6056,15699,13120,0.8648,3906330441,32506,0.8609,,0.9264,63435,55620
214786,Pennsylvania State University-Penn State Greater Allegheny,McKeesport,PA,1,-2,-2,3,3,1,1,349,1160,,560,520,0.9647,6757,10177,0.6735,11512649,13991,0.1897,,0.7788,63435,55620
214795,Pennsylvania State University-Penn State Mont Alto,Mont Alto,PA,1,-2,-2,3,3,1,1,559,1160,,500,480,0.9821,4815,9579,0.6216,12398237,9970,0.3365,,0.8286,63435,55620
214801,Pennsylvania State University-Penn State Abington,Abington,PA,1,-2,-2,3,4,1,1,2877,1181,,540,530,0.9677,2874,9204,0.5424,43393831,5952,0.1975,,0.7723,63435,55620
214810,Pennsylvania State University-Penn State Schuylkill,Schuylkill Haven,PA,1,-2,-2,3,3,1,1,620,1130,,520,500,0.9664,4334,8985,0.8039,13283826,8974,0.3188,,0.7823,63435,55620
214829,Pennsylvania State University-Penn State York,York,PA,1,-2,-2,3,4,1,1,668,1140,,530,520,0.9741,4532,10236,0.5538,14169414,9383,0.1627,,0.7684,63435,55620
214883,Peirce College,Philadelphia,PA,2,22,5,3,4,1,1,799,,,,,,8797,7911,1,3590365,14996,0.1,,,50660,41647
214971,Pennsylvania Academy of the Fine Arts,Philadelphia,PA,2,30,11,3,4,1,1,23,,,,,,21577,4469,0.875,42686949,20955,0.5758,,0,29881,24229
215053,Pennsylvania College of Art and Design,Lancaster,PA,2,30,14,3,3,1,1,400,,,,,0.9924,8279,4574,0.2375,2968387,24354,0.6852,,0.8511,33301,23638
215062,University of Pennsylvania,Philadelphia,PA,2,15,14,3,4,1,1,10650,1553,34,740,770,0.054,67953,22117,0.7865,20962941000,45809,0.9654,,0.9888,111371,90555
215114,Cairn University-Langhorne,Langhorne,PA,2,19,11,3,4,1,1,775,1110,,540,460,0.8817,6370,6206,0.3615,13316803,9826,0.5968,,0.7662,44172,37077
215123,Philadelphia College of Osteopathic Medicine,Philadelphia,PA,2,25,0,4,4,1,1,,,,,,,25612,,,573242728,44891,,,,138767,
215266,University of Pittsburgh-Bradford,Bradford,PA,1,22,10,3,3,1,1,995,1125,24,510,500,0.8854,11392,9088,0.7979,543199,6711,0.4761,,0.6557,66125,54240
215275,University of Pittsburgh-Greensburg,Greensburg,PA,1,21,13,3,3,1,1,1305,1160,22,545,510,0.9521,8456,8269,0.6333,7329316,10652,0.397,,0.6907,66125,54240
215284,University of Pittsburgh-Johnstown,Johnstown,PA,1,22,12,3,3,1,1,1808,1105,24,500,485,0.9484,11380,8540,0.82,65836222,10474,0.5582,,0.7511,66125,54240
215293,University of Pittsburgh-Pittsburgh Campus,Pittsburgh,PA,1,15,14,3,4,1,1,20370,1370,31,640,640,0.5808,21712,12140,0.8067,5443642659,21644,0.855,,0.9199,66125,54240
215424,Pittsburgh Theological Seminary,Pittsburgh,PA,2,24,0,4,4,1,1,,,,,,,35639,10747,1,222946160,6037,,,,,
215442,Point Park University,Pittsburgh,PA,2,17,11,3,4,1,1,2331,,22,,,0.9691,11481,9211,0.3066,52551881,18174,0.5854,,0.7394,45856,36906
215619,Reconstructionist Rabbinical College,Wyncote,PA,2,24,0,4,4,1,1,,,,,,,35127,7333,0.875,13450960,17122,,,,,
215637,Walnut Hill College,Philadelphia,PA,3,30,12,2,3,1,1,175,,,,,0.4272,21729,6197,0.6897,,21615,0.5763,,0.8571,36689,33867
215655,Robert Morris University,Moon Township,PA,2,17,12,3,4,1,1,2896,,,,,0.8989,9132,13576,1,45525530,17196,0.6569,,0.832,62105,54449
215691,Rosemont College,Rosemont,PA,2,19,7,3,4,1,1,486,,21,,,0.7634,8506,6270,0.1985,15386431,11237,0.5714,,0.8202,48555,40852
215743,Saint Francis University,Loretto,PA,2,18,13,3,4,1,1,1557,1155,,530,520,0.7682,10246,7645,1,60051414,15927,0.7439,,0.8302,62101,56920
215770,Saint Joseph's University - Philadelphia,Philadelphia,PA,2,18,12,3,4,1,1,4948,1258,28,590,580,0.8883,11891,11284,1,468085827,22909,0.7884,,0.8868,86881,66438
215798,Saint Vincent College,Latrobe,PA,2,21,10,3,4,1,1,1259,1116,25,510,510,0.6173,13359,8302,1,127206809,17334,0.6859,,0.8225,59982,47267
215813,Saint Vincent Seminary,Latrobe,PA,2,24,0,4,4,1,1,,,,,,,12723,2348,,6695095,16509,,,,59982,47267
215929,University of Scranton,Scranton,PA,2,18,12,3,4,1,1,3554,1237,26,590,570,0.8123,14866,11510,0.6867,283267907,21592,0.7979,,0.8538,74652,62921
215947,Seton Hill University,Greensburg,PA,2,19,12,3,4,1,1,1492,1117,,510,510,0.7953,10140,8143,0.9322,56321713,14374,0.6736,,0.8088,51748,43700
216010,Shippensburg University of Pennsylvania,Shippensburg,PA,1,18,10,3,4,1,1,4086,1120,,,,0.865,11381,12033,0.8066,59099679,7818,0.557,,0.7681,56351,45010
216038,Slippery Rock University of Pennsylvania,Slippery Rock,PA,1,18,11,3,4,1,1,6788,1095,23,500,480,0.7147,9095,11014,0.8697,47912954,7962,0.6557,,0.8401,53032,45398
216047,Saint Charles Borromeo Seminary-Overbrook,Ambler,PA,2,24,11,3,4,1,1,38,,,,,1,10785,5231,0.9444,17813030,16429,0.4167,,0.5833,55225,
216278,Susquehanna University,Selinsgrove,PA,2,21,12,3,4,1,1,2163,1232,,560,540,0.8143,12425,9249,0.6364,204382501,15665,0.8174,,0.8633,61723,51535
216287,Swarthmore College,Swarthmore,PA,2,21,14,3,3,1,1,1613,1534,34,740,750,0.0746,46961,14961,0.9366,2720329000,33044,0.9227,,0.9398,80257,56211
216311,Talmudical Yeshiva of Philadelphia,Philadelphia,PA,2,24,10,3,3,1,1,112,,,,,0.9024,25101,5704,,,17064,0.5,,0.8529,,
216339,Temple University,Philadelphia,PA,1,15,13,3,4,1,1,20970,,,,,0.8041,18465,12479,0.5657,870745000,26118,0.7505,,0.8261,63727,50860
216348,Theological Seminary of the Reformed Episcopal Church,Oreland,PA,2,24,0,4,4,1,1,,,,,,,31570,2180,,1323235,11960,,,,,
216357,Thiel College,Greenville,PA,2,22,10,3,4,1,1,788,,21,,,0.7155,9821,7413,0.6744,41595464,12146,0.4873,,0.7327,49714,40686
216366,Thomas Jefferson University,Philadelphia,PA,2,16,13,3,4,1,1,3755,1243,28,580,580,0.8097,32364,10627,0.3988,2665988000,26576,0.6857,,0.8246,77449,64335
216463,Trinity Anglican Seminary,Ambridge,PA,2,24,0,4,4,1,1,,,,,,,16775,8082,0.1098,16039875,5717,,,,,
216524,Ursinus College,Collegeville,PA,2,21,14,3,3,1,1,1491,1310,30,610,590,0.9177,15033,9216,0.8043,146823786,19297,0.7328,,0.8691,73721,54542
216542,University of Valley Forge,Phoenixville,PA,2,22,13,3,4,1,1,471,,,,,0.612,8098,5928,0.3038,2973176,11186,0.4904,,0.7849,39016,35671
216597,Villanova University,Villanova,PA,2,16,14,3,4,1,1,6938,1460,33,685,710,0.2698,21398,13825,0.6312,1194916000,37180,0.9186,,0.9506,100423,84905
216667,Washington & Jefferson College,Washington,PA,2,21,10,3,3,1,1,1295,,26,,,0.8064,17584,8324,1,139292767,12329,0.6952,,0.8121,67918,52082
216694,Waynesburg University,Waynesburg,PA,2,19,10,3,4,1,1,1009,1090,,470,460,0.8982,12470,6739,0.4106,35720000,11141,0.6554,,0.7164,58537,48994
216764,West Chester University of Pennsylvania,West Chester,PA,1,16,13,3,4,1,1,14164,1187,26,560,540,0.784,8968,11216,0.7179,61145504,9935,0.7051,,0.8311,61258,51013
216807,Westminster College,New Wilmington,PA,2,21,12,3,4,1,1,1041,,23,,,0.9256,10159,7574,0.608,134064582,10523,0.6455,,0.8097,53861,43938
216816,Westminster Theological Seminary,Glenside,PA,2,24,0,4,4,1,1,,,,,,,14688,8755,0.9231,15656714,13440,,,,,
216852,Widener University,Chester,PA,2,17,12,3,4,1,1,2951,1180,,550,530,0.7093,14606,8979,0.3946,113114564,22157,0.6832,,0.7836,70920,63375
216931,Wilkes University,Wilkes-Barre,PA,2,17,13,3,4,1,1,1985,1136,24,530,490,0.9064,11892,9848,0.3949,59569344,20107,0.6317,,0.7157,63454,54128
217013,Wilson College,Chambersburg,PA,2,19,11,3,4,1,1,865,1000,,480,450,0.9211,6026,7205,1,63047487,12091,0.4815,,0.7447,43326,37049
217059,York College of Pennsylvania,York,PA,2,20,10,3,4,1,1,3265,1162,25,520,500,0.7374,12340,9539,0.4182,172509819,15753,0.641,,0.7821,61012,50940
217156,Brown University,Providence,RI,2,15,14,3,4,1,1,7226,1546,34,740,770,0.0539,42520,17839,0.9243,6201434000,39682,0.9569,,0.9882,93487,79131
217165,Bryant University,Smithfield,RI,2,18,12,3,4,1,1,3194,1265,28,610,580,0.6546,10480,14681,0.5648,215306000,25970,0.7975,,0.8691,90008,66488
217235,Johnson & Wales University-Providence,Providence,RI,2,18,10,3,4,1,1,3868,1050,,460,430,0.8841,13658,10624,1,283418541,21554,0.5541,,0.8199,43418,35802
217305,New England Institute of Technology,East Greenwich,RI,2,20,12,2,4,1,1,1718,,,,,0.6673,17493,7564,1,262855025,19130,0.5954,,0.74,48684,44363
217402,Providence College,Providence,RI,2,18,14,3,4,1,1,4229,1346,29,630,620,0.5089,17553,12190,0.7234,321647307,36098,0.8582,,0.9395,87054,69326
217420,Rhode Island College,Providence,RI,1,18,7,3,4,1,1,5049,990,,450,420,0.9182,10795,11523,1,41963650,7664,0.4813,,0.7334,56318,46882
217484,University of Rhode Island,Kingston,RI,1,16,12,3,4,1,1,13381,1160,28,520,500,0.7216,10555,11089,0.6941,287570498,17074,0.7331,,0.8362,69743,57446
217493,Rhode Island School of Design,Providence,RI,2,18,14,3,4,1,1,2084,1473,31,688,708,0.1866,21446,11226,0.3891,398637231,46163,0.8877,,0.9504,68140,45932
217518,Roger Williams University,Bristol,RI,2,19,10,3,4,1,1,3946,1223,,580,560,0.8771,17170,13293,0.4227,73546268,22596,0.6865,,0.8109,70266,53845
217536,Salve Regina University,Newport,RI,2,18,12,3,4,1,1,2121,1232,,600,560,0.6817,10870,9135,0.95,83049000,20716,0.7688,,0.8279,72975,55027
217606,Northpoint Bible College,Haverhill,MA,2,24,7,3,4,1,1,86,,,,,,5448,3491,0.2,707796,9404,0.5435,,0.4,42210,34408
217624,Allen University,Columbia,SC,2,21,12,3,4,1,1,576,,,,,0.7254,4373,5502,0.4937,580230,9026,0.1331,,0.4497,30497,23889
217633,Anderson University,Anderson,SC,2,18,12,3,4,1,1,3183,1202,,560,540,0.5471,8526,7635,0.9953,57269129,17953,0.6568,,0.8186,42101,42073
217688,Charleston Southern University,Charleston,SC,2,19,11,3,4,1,1,2893,1059,21,480,450,0.9646,9047,6523,0.5833,27291533,14064,0.4724,,0.6314,45898,40606
217721,Benedict College,Columbia,SC,2,22,12,3,4,1,1,1536,,,,,0.957,5465,6890,0.7333,26056567,9794,0.2426,,0.5732,31902,24908
217749,Bob Jones University,Greenville,SC,2,20,10,3,4,1,1,2005,,,,,,8550,6581,0.9356,18625149,12531,0.6475,,0.8245,44354,40892
217776,Southern Wesleyan University,Central,SC,2,20,9,3,4,1,1,747,1140,21,530,510,0.9953,6423,5744,1,8747596,13100,0.5236,,0.6899,47756,41489
217819,College of Charleston,Charleston,SC,1,19,12,3,4,1,1,10558,1247,26,590,550,0.6003,10229,10384,0.6458,128592068,18357,0.6583,,0.8196,56416,43821
217864,Citadel Military College of South Carolina,Charleston,SC,1,18,12,3,4,1,1,2705,1208,,540,545,0.2272,10016,10071,0.6981,401784913,11982,0.75,,0.8578,72085,60168
217873,Claflin University,Orangeburg,SC,2,21,10,3,4,1,1,1706,,,,,0.6493,10302,7329,0.7195,72908681,12842,0.516,,0.7549,40304,29227
217882,Clemson University,Clemson,SC,1,15,15,3,4,1,1,23300,1353,30,620,620,0.3834,14641,12153,0.8764,1033665511,20464,0.8656,,0.9347,71513,58311
217891,Clinton College,Rock Hill,SC,2,23,11,3,3,1,1,126,,,,,,17293,5295,1,591359,7606,0.1405,,0.5814,30180,24047
217907,Coker University,Hartsville,SC,2,20,11,3,4,1,1,840,,20,,,0.9396,6216,5977,0.4156,33655865,10738,0.3953,,0.6941,40117,36650
217925,Columbia International University,Columbia,SC,2,19,11,3,4,1,1,716,,21,,,0.9447,5595,6410,0.9636,4524892,12189,0.4679,,0.5327,38951,33929
217934,Columbia College,Columbia,SC,2,20,7,3,4,1,1,1343,,,,,0.9393,7242,5937,0.337,21506655,13180,0.3688,,0.6042,41338,45863
217961,Converse University,Spartanburg,SC,2,20,10,3,4,1,1,1173,1138,,510,500,0.6774,8708,6564,0.9787,87697891,9481,0.6154,,0.7964,40867,33110
217998,Erskine College,Due West,SC,2,17,10,3,4,1,1,766,,20,,,0.6274,6597,5645,1,38378754,8678,0.4518,,0.5578,53459,39618
218061,Francis Marion University,Florence,SC,1,19,10,3,4,1,1,2628,1015,19,450,420,0.8639,13853,8506,0.6809,44552865,5412,0.4339,,0.7002,43888,36304
218070,Furman University,Greenville,SC,2,21,14,3,4,1,1,2379,1371,31,650,610,0.4295,25690,10399,0.8359,787489549,21247,0.7876,,0.9061,68635,50796
218113,Greenville Technical College,Greenville,SC,1,7,2,1,3,1,1,8916,,,,,,9046,8257,0.4359,19085637,2757,0.2087,,,39473,35240
218229,Lander University,Greenwood,SC,1,22,10,3,4,1,1,3397,1057,21,490,460,0.8131,6195,7527,0.5432,23149821,3591,0.4977,,0.6961,42396,36851
218335,Medical University of South Carolina,Charleston,SC,1,27,11,3,4,1,1,303,,,,,,47215,11127,0.9143,473504430,29467,,,,88420,77677
218399,Morris College,Sumter,SC,2,22,11,3,3,1,1,383,,,,,,9172,5816,0.4833,12416354,12119,0.1735,,0.4127,30614,24250
218414,Newberry College,Newberry,SC,2,22,11,3,4,1,1,1479,,19,,,0.8979,8029,7467,1,19691034,11991,0.4514,,0.6925,48040,38983
218441,North Greenville University,Tigerville,SC,2,20,11,3,4,1,1,1819,1156,22,540,520,0.6667,8393,6276,0.6711,33365363,11833,0.5453,,0.7249,43035,38173
218539,Presbyterian College,Clinton,SC,2,21,12,3,4,1,1,852,1118,23,500,480,0.6837,13172,8263,0.9894,102653662,16778,0.5146,,0.7955,60194,44387
218645,University of South Carolina Aiken,Aiken,SC,1,20,11,3,4,1,1,2962,1120,20,510,470,0.7854,10925,8537,0.6095,32857828,5829,0.3985,,0.6678,45603,39689
218654,University of South Carolina Beaufort,Bluffton,SC,1,22,11,3,4,1,1,2052,,,,,0.725,9434,8392,0.5272,9886985,5853,0.3399,,0.6126,48088,39214
218663,University of South Carolina-Columbia,Columbia,SC,1,15,15,3,4,1,1,29820,1297,29,600,580,0.6015,14139,12414,0.7509,717911144,13778,0.7882,,0.922,62177,50621
218724,Coastal Carolina University,Conway,SC,1,18,13,3,4,1,1,10377,1143,23,530,520,0.7527,8741,9103,1,51395878,15364,0.4846,,0.7743,47258,38070
218733,South Carolina State University,Orangeburg,SC,1,20,10,3,4,1,1,2934,,17,,,0.8262,8130,8174,1,17164402,8433,0.3663,,0.5646,38262,30064
218742,University of South Carolina-Upstate,Spartanburg,SC,1,22,11,3,4,1,1,4038,1099,21,510,495,0.6726,10088,8412,0.555,12621427,5381,0.4304,,0.6985,48587,43339
218751,Sherman College of Chiropractic,Boiling Springs,SC,2,26,0,4,4,1,1,,,,,,,17605,7778,0.8511,616885,30480,,,,,
218821,Spartanburg Methodist College,Spartanburg,SC,2,1,4,2,3,1,1,1116,,,,,0.7816,6270,5865,0.432,24015872,11962,0.4292,,,42895,33427
218919,Voorhees University,Denmark,SC,2,22,11,3,4,1,1,440,,,,,,75624,5492,0.3524,9265364,16597,0.4295,,0.5631,35339,24199
218964,Winthrop University,Rock Hill,SC,1,18,10,3,4,1,1,3523,1139,23,520,490,0.7925,9121,8923,0.6395,76829015,7568,0.5698,,0.7361,47185,39048
218973,Wofford College,Spartanburg,SC,2,21,14,3,3,1,1,1816,1296,30,608,590,0.5194,14332,9083,0.7708,417384227,18153,0.842,,0.9098,68964,52076
219000,Augustana University,Sioux Falls,SD,2,19,13,3,4,1,1,1965,1195,25,570,580,0.6775,18775,6324,0.5993,115273478,14383,0.7297,,0.8612,59217,49826
219046,Black Hills State University,Spearfish,SD,1,20,7,3,4,1,1,1928,1087,21,465,500,0.9633,6388,8430,0.6608,19863418,6121,0.4263,,0.7165,46674,38927
219082,Dakota State University,Madison,SD,1,19,7,3,4,1,1,2071,1215,23,570,620,0.8805,8768,9954,0.7516,18296514,7296,0.513,,0.7546,50970,46146
219091,Dakota Wesleyan University,Mitchell,SD,2,22,11,3,4,1,1,670,,22,,,0.7338,7028,6962,0.5222,37683892,13186,0.4832,,0.7514,53728,49432
219198,Mount Marty University,Yankton,SD,2,20,11,3,4,1,1,697,1120,22,,,0.4257,8163,7411,0.313,33592768,12576,0.5238,,0.6759,48179,46984
219204,National American University-Rapid City,Rapid City,SD,3,17,5,3,4,1,1,764,,,,,,1661,5111,0.0147,,13577,0,,0.3333,37325,29641
219240,Kairos University,Sioux Falls,SD,2,24,0,3,4,1,1,82,,,,,0.8462,4570,6343,1,9292196,6462,,,,,
219259,Northern State University,Aberdeen,SD,1,20,10,3,4,1,1,1273,1089,21,490,490,0.93,9584,8949,0.9453,49215371,4809,0.4894,,0.7698,47618,41536
219277,Oglala Lakota College,Kyle,SD,1,33,5,2,4,1,1,1097,,,,,,7439,6957,0.6087,70788889,3568,0.0874,,0.6207,22517,20536
219347,South Dakota School of Mines and Technology,Rapid City,SD,1,19,14,3,4,1,1,2071,1245,27,560,580,0.7987,13495,11245,0.8804,100159195,8704,0.5295,,0.8409,72257,62863
219356,South Dakota State University,Brookings,SD,1,16,12,3,4,1,1,9198,1120,22,530,530,0.9834,10257,10231,0.8065,236844658,8874,0.6235,,0.8381,55070,49564
219374,Sinte Gleska University,Mission,SD,1,33,5,2,4,1,1,487,,,,,,6589,4795,1,2808261,1096,0.1538,,1,20948,15889
219383,University of Sioux Falls,Sioux Falls,SD,2,19,11,3,4,1,1,1218,,,,,0.8289,6358,7056,1,35163123,11508,0.6291,,0.745,54521,46712
219408,Sisseton Wahpeton College,Sisseton,SD,1,33,2,2,3,1,1,194,,,,,,7404,6422,0.5,1096729,1414,0.2059,,,31546,23940
219471,University of South Dakota,Vermillion,SD,1,16,12,3,4,1,1,5439,1125,22,530,595,0.9878,11862,9264,0.6522,289290750,8328,0.5991,,0.7934,51926,46290
219505,American Baptist College,Nashville,TN,2,22,10,3,3,1,1,46,,,,,,27166,,,2618414,39966,0.3889,,1,41216,32665
219602,Austin Peay State University,Clarksville,TN,1,18,7,3,4,1,1,7560,1088,21,445,398,0.9641,9781,9044,1,50969512,5974,0.4024,,0.6997,44301,38779
219639,Baptist Health Sciences University,Memphis,TN,2,26,5,3,4,1,1,770,1050,22,,,0.8202,22319,10403,1,85369696,20373,0.398,,0.5263,72529,59224
219709,Belmont University,Nashville,TN,2,17,12,3,4,1,1,7137,1280,27,600,560,0.9528,13651,10550,0.6443,364333151,25643,0.7066,,0.8694,55930,42770
219718,Bethel University,McKenzie,TN,2,18,11,3,4,1,1,1547,972,18,410,420,0.6023,5542,3147,1,12024378,7366,0.3505,,0.5392,47482,38990
219790,Bryan College-Dayton,Dayton,TN,2,20,10,3,4,1,1,814,,,,,,5156,5751,0.2979,8140282,10111,0.4974,,0.7105,54434,45559
219806,Carson-Newman University,Jefferson City,TN,2,17,10,3,4,1,1,1387,1117,22,500,455,0.9045,6602,6387,0.5203,68655364,10994,0.5324,,0.7417,48382,39324
219833,Christian Brothers University,Memphis,TN,2,19,13,3,4,1,1,905,1098,22,460,560,0.867,9137,8036,1,41013467,12801,0.5471,,0.7487,57478,48592
219842,Pentecostal Theological Seminary,Cleveland,TN,2,24,0,1,4,1,1,0,,,,,,9190,6538,0.7308,21865058,8550,,,,,
219949,Cumberland University,Lebanon,TN,2,19,14,3,4,1,1,2104,,,,,0.6733,3595,6114,0.3313,21930877,8672,0.4559,,0.5947,57687,52246
219976,Lipscomb University,Nashville,TN,2,17,13,3,4,1,1,2997,1256,26,590,570,0.6773,12062,8832,0.4975,100562332,19384,0.7216,,0.8357,55541,50454
220075,East Tennessee State University,Johnson City,TN,1,16,13,3,4,1,1,10004,1144,23,510,470,0.8619,15541,8574,0.6769,101832006,8854,0.5321,,0.7572,44859,38704
220181,Fisk University,Nashville,TN,2,21,12,3,4,1,1,1035,1200,23,570,570,0.3742,7547,6116,0.5238,37007351,10096,0.2993,,0.7381,45454,33604
220206,Welch College,Gallatin,TN,2,22,7,3,4,1,1,226,,,,,,6852,4449,0.5,4338694,8633,0.5342,,0.6122,42198,34190
220215,Freed-Hardeman University,Henderson,TN,2,19,12,3,4,1,1,1212,1109,24,481,471,0.5968,8648,7300,1,74994778,9850,0.7078,,0.8587,47485,40086
220473,Johnson University,Knoxville,TN,2,19,11,3,4,1,1,743,1078,22,490,470,0.6511,10567,6075,1,125108003,13896,0.5677,,0.6941,40596,35649
220516,King University,Bristol,TN,2,18,11,3,4,1,1,908,,21,,,0.9972,7149,5235,0.5905,38788787,11125,0.4787,,0.6012,59831,52248
220552,South College,Knoxville,TN,3,17,7,2,4,1,1,8745,,,,,,4599,8750,0.3353,,15748,0.4211,,0.5217,36642,37570
220598,Lane College,Jackson,TN,2,21,10,3,3,1,1,736,,,,,,6788,5344,1,8311609,7436,0.1839,,0.4426,31670,24623
220604,Le Moyne-Owen College,Memphis,TN,2,22,13,3,3,1,1,581,,15,,,0.9923,6090,5132,0.4731,14924978,9353,0.2703,,0.4724,35594,25992
220613,Lee University,Cleveland,TN,2,19,13,3,4,1,1,2617,1145,24,540,500,0.7052,8868,7655,0.8404,30326624,14207,0.6259,,0.8227,43222,38082
220631,Lincoln Memorial University,Harrogate,TN,2,17,7,3,4,1,1,1572,1092,22,510,490,0.6259,12706,7938,0.5871,50545523,35950,0.4966,,0.7167,49956,45242
220701,The University of Tennessee Southern,Pulaski,TN,1,22,11,3,4,1,1,864,1083,21,435,470,0.8671,6412,6695,1,699686,3188,0.369,,0.7717,38924,36151
220710,Maryville College,Maryville,TN,2,21,12,3,4,1,1,1005,,24,,,0.6092,9364,6851,1,102150862,14265,0.5,,0.7129,49279,39305
220792,Meharry Medical College,Nashville,TN,2,25,0,4,4,1,1,,,,,,,29048,,,187225850,49592,,,,,
220862,University of Memphis,Memphis,TN,1,15,7,3,4,1,1,12701,1088,,480,435,0.7203,9356,9632,0.7276,341027186,7903,0.5089,,0.7738,48458,40921
220871,Memphis Theological Seminary,Memphis,TN,2,24,0,4,4,1,1,,,,,,,17344,5321,0.875,14926485,13697,,,,,
220978,Middle Tennessee State University,Murfreesboro,TN,1,16,13,3,4,1,1,16301,1121,23,520,490,0.6909,12353,9739,0.8114,137359609,7560,0.537,,0.7952,48541,39941
220996,Middle Tennessee School of Anesthesia Inc,Madison,TN,2,26,0,4,4,1,1,,,,,,,5930,21023,0.5238,,23227,,,,,
221351,Rhodes College,Memphis,TN,2,21,14,3,4,1,1,1836,1362,30,650,650,0.5035,16723,9481,0.8502,405760962,18534,0.8453,,0.9232,66651,48898
221519,The University of the South,Sewanee,TN,2,21,14,3,4,1,1,1607,1344,29,640,620,0.569,22548,10158,0.887,462795241,23772,0.7979,,0.8886,64911,53456
221661,Southern Adventist University,Collegedale,TN,2,19,10,3,4,1,1,2773,1129,,530,490,0.655,11547,6732,1,57688904,16117,0.4939,,0.8281,53723,44818
221670,Southern College of Optometry,Memphis,TN,2,26,0,4,4,1,1,,,,,,,29344,11319,0.8182,35713882,33978,,,,,
221731,Tennessee Wesleyan University,Athens,TN,2,22,11,3,4,1,1,846,1090,21,,,0.6885,7980,5870,1,15866558,12726,0.4759,,0.7202,45989,45987
221740,The University of Tennessee-Chattanooga,Chattanooga,TN,1,17,13,3,4,1,1,10074,1147,23,513,500,0.8109,10232,10181,0.7035,196413703,6691,0.5024,,0.7252,51151,42209
221759,The University of Tennessee-Knoxville,Knoxville,TN,1,15,15,3,4,1,1,30418,1311,28,600,600,0.416,13098,12968,0.8341,1053905216,14224,0.7392,,0.919,60249,47782
221768,The University of Tennessee-Martin,Martin,TN,1,19,13,3,4,1,1,4866,1120,22,500,470,0.882,11509,8367,0.6808,55936458,4482,0.5254,,0.7696,44213,38863
221838,Tennessee State University,Nashville,TN,1,16,10,3,4,1,1,4848,1000,,460,420,0.7011,9652,8732,0.7725,100119402,5396,0.3399,,0.335,42730,34160
221847,Tennessee Technological University,Cookeville,TN,1,16,13,3,4,1,1,8698,1151,,528,520,0.7613,10861,9427,0.7601,95074378,6047,0.5767,,0.7816,48501,43759
221892,Trevecca Nazarene University,Nashville,TN,2,17,12,3,4,1,1,1737,1091,,510,470,0.6944,8282,7392,0.9404,64304279,14002,0.5315,,0.736,49378,46065
221953,Tusculum University,Greeneville,TN,2,19,11,3,4,1,1,785,,22,,,0.7217,5834,5085,0.6024,18665525,10859,0.2545,,0.6286,44367,39925
221971,Union University,Jackson,TN,2,17,13,3,4,1,1,1607,1256,27,600,560,0.6041,14464,8181,0.9892,55249409,17020,0.6596,,0.89,53990,45505
221999,Vanderbilt University,Nashville,TN,2,15,14,3,4,1,1,7208,1549,35,730,770,0.0586,34184,16361,0.8473,9684196096,31931,0.9354,,0.9634,91565,73909
222178,Abilene Christian University,Abilene,TX,2,17,12,3,4,1,1,3195,1194,25,540,530,0.6603,10340,8928,0.6513,666216238,17294,0.5901,,0.8051,55736,46727
222628,Amberton University,Garland,TX,2,18,5,3,4,1,1,114,,,,,,4277,7078,0.3182,45983455,8100,,,,,
222831,Angelo State University,San Angelo,TX,1,18,11,3,4,1,1,5643,1054,21,470,440,0.8301,7880,8211,0.8127,232438053,5960,0.4397,,0.6864,50116,41050
222877,Arlington Baptist University,Arlington,TX,2,22,11,3,4,1,1,284,,,,,,4085,4195,0.2188,,12703,0.1944,,0.4124,44644,32206
222983,Austin College,Sherman,TX,2,21,12,3,4,1,1,1165,1212,26,550,550,0.4765,17782,8628,0.8714,171640451,14082,0.6705,,0.7939,61296,45242
222992,Austin Community College District,Austin,TX,1,14,5,2,3,1,1,30189,,,,,,8293,8962,0.4047,14166136,2716,0.202,,,43177,38647
223001,Austin Presbyterian Theological Seminary,Austin,TX,2,24,0,4,4,1,1,,,,,,,33464,10959,1,148088138,1759,,,,,
223083,Baptist Health System School of Health Professions,San Antonio,TX,3,26,5,2,3,1,1,575,,,,,1,13312,7640,0.5789,,15687,,,,74220,73262
223117,Baptist Missionary Association Theological Seminary,Jacksonville,TX,2,24,5,3,4,1,1,39,,,,,0.2857,6695,4717,,1605707,11117,,,,,46562
223223,Baylor College of Medicine,Houston,TX,2,27,0,4,4,1,1,,,,,,,101568,14645,0.9055,1466396419,13619,,,,,
223232,Baylor University,Waco,TX,2,15,12,3,4,1,1,14785,1329,29,610,590,0.5128,15852,11998,0.6726,1961763000,29003,0.7999,,0.9095,65793,56532
223463,Remington College-Dallas Campus,Dallas,TX,2,14,10,1,3,1,1,250,,,,,,4446,4609,,,8809,,,,31349,26884
223506,Brazosport College,Lake Jackson,TX,1,14,5,1,3,1,1,2622,,,,,,12423,7974,0.9596,18674435,3400,0.562,,,45910,37347
224004,Concordia University Texas,Austin,TX,2,18,11,3,4,1,1,1185,,20,,,0.9125,7086,6271,1,28422359,19514,0.446,,0.583,60883,48058
224147,Texas A & M University-Corpus Christi,Corpus Christi,TX,1,16,7,3,4,1,1,8034,1086,22,500,470,0.8858,9222,9497,0.7653,131349497,8862,0.4015,,0.5843,51865,42933
224226,Dallas Baptist University,Dallas,TX,2,17,12,3,4,1,1,2403,1120,23,490,470,0.8884,9809,8487,1,65529061,20751,0.5701,,0.6437,56807,45138
224244,Dallas Christian College,Dallas,TX,2,22,15,3,4,1,1,224,931,,397,391,0.218,5907,5606,0.4545,447066,12649,0.2857,,0.4091,43503,39868
224305,Dallas Theological Seminary,Dallas,TX,2,24,0,4,4,1,1,,,,,,,9292,9457,0.9487,71902554,8382,,,,,
224323,University of Dallas,Irving,TX,2,18,12,3,4,1,1,1403,1227,28,580,540,0.5344,12940,8867,0.5953,90219000,18103,0.7307,,0.7723,58285,45950
224350,Del Mar College,Corpus Christi,TX,1,7,1,2,3,1,1,9501,,,,,,11304,8068,1,31561779,2241,0.1109,,,38656,32526
224527,East Texas Baptist University,Marshall,TX,2,20,10,3,4,1,1,1352,,,,,0.5776,7682,7437,1,70853780,12107,0.4712,,0.7084,52788,41759
224545,Texas A&M University-Texarkana,Texarkana,TX,1,19,7,3,4,1,1,1982,,21,,,0.6354,16462,8835,0.623,12115097,8002,0.2957,,0.6371,45515,41785
224554,East Texas A&M University,Commerce,TX,1,17,7,3,4,1,1,9912,1076,21,480,430,0.9224,8444,8866,0.4475,36081567,7597,0.4281,,0.5723,50296,43157
224615,Dallas College,Dallas,TX,1,6,1,2,3,1,1,43869,,,,,,5188,9350,0.3426,,1330,0.3232,,0.6667,41714,35493
224660,Western Technical College,El Paso,TX,3,14,11,2,4,1,1,600,,,,,,3861,5160,0.5556,,11002,0.7163,,0.8889,36156,35035
224679,Western Technical College,El Paso,TX,3,14,10,1,3,1,1,1206,,,,,,6539,4426,0.84,,7513,0.7194,,0.8462,36156,35035
224712,Episcopal Theological Seminary of the Southwest,Austin,TX,2,24,0,4,4,1,1,,,,,,,49323,8511,0.7037,42403323,10927,,,,,
224961,Galveston College,Galveston,TX,1,8,1,1,3,1,1,1528,,,,,,7189,7614,0.5243,,1653,0.327,,,37233,34299
225070,Grayson College,Denison,TX,1,8,1,1,3,1,1,3075,,,,,,11110,8078,0.601,15694695,2381,0.3994,,0.6667,40873,36417
225201,Hallmark University,San Antonio,TX,2,22,15,3,4,1,1,769,,,,,0.5134,4590,6897,0.3723,,16727,0.6633,,0.7407,40183,46666
225247,Hardin-Simmons University,Abilene,TX,2,17,10,3,4,1,1,1283,1108,21,510,500,0.9,12190,8035,0.6369,213618188,13362,0.4604,,0.6487,54771,44392
225308,Trinity Valley Community College,Athens,TX,1,4,1,2,3,1,1,5655,,,,,,6027,6941,0.6995,8266000,1616,0.2721,,,38567,32725
225399,Houston Christian University,Houston,TX,2,18,9,3,4,1,1,2886,1084,25,500,490,0.8444,5467,8257,0.3507,131481153,13013,0.4912,,0.6933,55933,44595
225414,University of Houston-Clear Lake,Houston,TX,1,17,5,3,4,1,1,6078,1060,20,490,480,0.9052,8892,10108,0.5866,39232909,8128,0.5163,,0.7444,59004,52098
225423,Houston City College,Houston,TX,1,1,1,2,3,1,1,40503,,,,,,5870,8308,0.3557,14750827,2505,0.1653,,,39254,31319
225432,University of Houston-Downtown,Houston,TX,1,18,5,3,4,1,1,12555,1029,,480,460,0.8996,6787,9421,0.5444,59055172,6936,0.332,,0.6709,53551,49120
225502,Texas A&M University-Victoria,Victoria,TX,1,18,5,3,4,1,1,2513,,,,,0.959,10420,9358,0.5,22186826,7508,0.2638,,0.651,54467,44888
225511,University of Houston,Houston,TX,1,15,9,3,4,1,1,38380,1250,26,590,570,0.7392,9920,13242,0.7984,1216300190,10810,0.6456,,0.8699,62377,52768
225548,Howard Payne University,Brownwood,TX,2,22,15,3,4,1,1,713,1026,,440,440,0.6737,11204,6842,1,83111367,12959,0.2798,,0.5174,48376,38212
225575,Huston-Tillotson University,Austin,TX,2,22,11,3,4,1,1,1005,1014,17,430,370,0.3909,9511,6364,0.3507,12783479,19129,0.3394,,0.5819,42937,38342
225627,University of the Incarnate Word,San Antonio,TX,2,17,11,3,4,1,1,4440,,20,,,0.9814,11151,9001,0.4582,167858133,21137,0.5098,,0.7129,56733,47625
225885,Jarvis Christian University,Hawkins,TX,2,22,7,3,4,1,1,577,,,,,,4701,7267,0.319,14315036,8346,0.1519,,0.4765,32992,27077
226091,Lamar University,Beaumont,TX,1,17,5,3,4,1,1,8150,1061,20,480,450,0.8641,5053,9286,0.7723,157051397,7948,0.3732,,0.6187,49652,47077
226134,Laredo College,Laredo,TX,1,14,5,2,3,1,1,5818,,,,,,4072,7525,0.6014,3340525,345,0.3045,,,33934,27435
226152,Texas A & M International University,Laredo,TX,1,18,11,3,4,1,1,6667,993,18,470,420,0.4437,6589,9203,0.5546,98982284,4752,0.4647,,0.7783,48386,37327
226231,LeTourneau University,Longview,TX,2,19,8,3,4,1,1,1468,1208,26,500,490,0.3801,11090,6550,0.3534,27831294,15638,0.5858,,0.8078,57103,51058
226383,Lubbock Christian University,Lubbock,TX,2,19,11,3,4,1,1,1252,1100,23,500,450,0.731,8197,6790,0.5057,36631268,14667,0.5136,,0.7032,53787,46464
226408,College of the Mainland,Texas City,TX,1,6,1,2,3,1,1,3368,,,,,,5833,7492,0.981,2803764,2352,0.3118,,,39639,36164
226471,University of Mary Hardin-Baylor,Belton,TX,2,17,11,3,4,1,1,2759,1099,22,490,470,0.9576,11301,8752,0.4828,112726473,20866,0.4931,,0.6242,56132,48368
226587,McMurry University,Abilene,TX,2,22,11,3,4,1,1,1176,1043,24,490,460,0.5704,8484,7497,1,106419941,10527,0.4429,,0.6352,48779,38647
226806,Midland College,Midland,TX,1,14,5,1,3,1,1,5542,,,,,,8343,7546,0.4945,55247106,2566,0.2315,,,43958,38470
226833,Midwestern State University,Wichita Falls,TX,1,18,7,3,4,1,1,4087,,,,,0.9352,11122,8183,0.7318,101451329,7084,0.4274,,0.6393,55747,46637
226879,Wade College,Dallas,TX,3,22,7,2,3,1,1,252,,,,,,4705,6500,0.4,,14668,0.5417,,1,36657,28055
227146,Navarro College,Corsicana,TX,1,4,1,2,3,1,1,3781,,,,,,4037,6861,0.2483,4262370,2929,0.2257,,,38716,31865
227182,Lone Star College System,The Woodlands,TX,1,2,1,2,3,1,1,45188,,,,,,3998,8339,1,22891843,1636,0.2114,,,42466,32889
227216,University of North Texas,Denton,TX,1,15,13,3,4,1,1,34341,1109,23,500,480,0.7223,7601,11092,0.7199,286516567,11410,0.6071,,0.7665,57010,46304
227289,Oblate School of Theology,San Antonio,TX,2,24,0,4,4,1,1,,,,,,,34980,5795,1,35551227,14817,,,,,
227304,Odessa College,Odessa,TX,1,6,1,2,3,1,1,4654,,,,,,6721,6404,0.303,20717564,2820,0.3702,,0.6635,42026,34867
227331,Our Lady of the Lake University,San Antonio,TX,2,17,11,3,4,1,1,1066,,19,,,,13476,7790,0.4954,43691813,17190,0.4611,,0.6277,48675,41195
227368,The University of Texas Rio Grande Valley,Edinburg,TX,1,16,7,3,4,1,1,28666,985,,460,420,0.9419,8787,9041,0.8373,133942399,4589,0.509,,0.8111,49620,35812
227429,Paul Quinn College,Dallas,TX,2,22,11,3,4,1,1,620,,,,,0.4028,4479,6785,0.2093,4507005,11966,0.2687,,0.4898,29288,27021
227526,Prairie View A & M University,Prairie View,TX,1,16,10,3,4,1,1,8877,980,19,450,410,0.7931,8353,9530,0.8204,139829053,5822,0.432,,0.7562,45411,36350
227757,Rice University,Houston,TX,2,15,14,3,4,1,1,4776,1553,35,740,770,0.08,47816,18454,0.8381,7700629000,31452,0.9464,,0.9741,89718,79751
227845,Saint Edward's University,Austin,TX,2,18,11,3,4,1,1,2493,1138,,500,470,0.8142,11064,9902,0.5584,133673757,22717,0.6259,,0.7967,58826,47743
227863,University of St Thomas,Houston,TX,2,17,11,3,4,1,1,3220,1090,21,500,480,0.8992,12002,7661,0.9553,135012778,16393,0.6877,,0.777,59224,49971
227881,Sam Houston State University,Huntsville,TX,1,16,7,3,4,1,1,17743,1041,21,480,450,0.9026,7981,8196,0.7914,163691637,9508,0.5476,,0.7325,54211,45337
227924,San Antonio College,San Antonio,TX,1,2,1,2,3,1,1,16416,,,,,,6702,7993,0.5215,,1557,0.2551,,,39711,34318
227979,San Jacinto Community College,Pasadena,TX,1,8,1,2,3,1,1,22969,,,,,,9071,8105,0.4252,28102821,2977,0.3011,,,43062,35337
228042,Schreiner University,Kerrville,TX,2,20,10,3,4,1,1,1053,,21,,,0.882,9539,7796,0.4531,78296935,13040,0.4318,,0.6679,52228,45527
228149,St. Mary's University,San Antonio,TX,2,18,12,3,4,1,1,1951,1089,,465,435,0.9776,13146,10724,0.6333,235365568,18241,0.5893,,0.73,56955,44130
228194,South Texas College of Law Houston,Houston,TX,2,31,0,4,4,1,1,,,,,,,22753,15938,0.4224,51596898,36206,,,,,
228246,Southern Methodist University,Dallas,TX,2,16,14,3,4,1,1,7277,1428,33,670,670,0.6335,18509,14916,0.6916,2024326000,35466,0.8427,,0.9052,78354,65556
228325,Nelson University,Waxahachie,TX,2,20,11,3,4,1,1,1479,980,20,460,430,0.8902,8441,6539,0.4648,13429780,9589,0.4156,,0.7516,46238,37425
228343,Southwestern University,Georgetown,TX,2,21,12,3,3,1,1,1440,1241,28,580,550,0.4305,17431,8920,0.7742,377085053,19203,0.7279,,0.806,56878,49249
228431,Stephen F Austin State University,Nacogdoches,TX,1,18,11,3,4,1,1,8728,1066,21,500,470,0.9399,9033,8694,0.7604,125352449,5465,0.5333,,0.7169,49634,43144
228459,Texas State University,San Marcos,TX,1,16,9,3,4,1,1,36177,1103,22,500,480,0.8932,6786,9186,0.7942,358612351,8532,0.5528,,0.8008,56906,46716
228468,Southwestern Adventist University,Keene,TX,2,22,11,3,4,1,1,570,1031,21,465,445,0.7836,11363,6313,0.96,23471980,16382,0.5234,,0.7267,52946,43643
228486,Southwestern Christian College,Terrell,TX,2,14,10,2,3,1,1,110,,,,,,9797,2916,0.9615,,10790,0.0313,,1,32672,19686
228501,Sul Ross State University,Alpine,TX,1,18,7,3,4,1,1,1396,1024,16,470,460,0.9871,9128,7971,0.5668,26286230,6783,0.2994,,0.4491,41871,34340
228529,Tarleton State University,Stephenville,TX,1,16,7,3,4,1,1,12673,1075,20,500,480,0.8955,5674,8339,0.5942,96354488,7611,0.4821,,0.6985,53040,46729
228635,University of Texas Southwestern Medical Center,Dallas,TX,1,27,0,4,4,1,1,,,,,,,695895,11736,0.9423,2199299346,13210,,,,76860,
228644,The University of Texas Health Science Center at San Antonio,San Antonio,TX,1,27,11,3,4,1,1,930,,,,,,158498,11689,0.7634,781164321,15832,,,,82206,73887
228653,The University of Texas Medical Branch at Galveston,Galveston,TX,1,27,11,3,4,1,1,545,,,,,,166036,11237,0.9722,789556111,13929,,,,92961,82535
228705,Texas A&M University-Kingsville,Kingsville,TX,1,16,11,3,4,1,1,4748,1050,19,510,480,0.9092,10279,8761,0.7483,145268686,6822,0.4187,,0.6459,51450,44882
228723,Texas A&M University-College Station,College Station,TX,1,15,15,3,4,1,1,59615,1280,28,580,570,0.5743,19596,14776,0.8885,18128516595,13324,0.8391,,0.9431,72097,59386
228769,The University of Texas at Arlington,Arlington,TX,1,15,5,3,4,1,1,32294,1124,23,510,500,0.799,7448,11502,0.6474,206275898,9188,0.5402,,0.7294,63199,60902
228778,The University of Texas at Austin,Austin,TX,1,15,14,3,4,1,1,42855,1395,30,630,620,0.2664,20294,15819,0.8419,5741226537,11405,0.889,,0.9674,75121,60896
228787,The University of Texas at Dallas,Richardson,TX,1,15,15,3,4,1,1,21751,1286,,580,580,0.6513,12056,15085,0.7535,791614528,13881,0.7569,,0.8995,68227,57249
228796,The University of Texas at El Paso,El Paso,TX,1,15,7,3,4,1,1,21005,962,,450,410,0.9992,7651,10239,0.6836,362794518,6813,0.5017,,0.7894,50923,37978
228802,The University of Texas at Tyler,Tyler,TX,1,16,9,3,4,1,1,7440,1114,22,510,500,0.9402,27629,10385,0.7771,195031492,7204,0.5413,,0.7678,57053,49355
228866,Texas Chiropractic College Foundation Inc,Pasadena,TX,2,26,0,4,4,1,1,,,,,,,16332,8084,0.6471,5359412,35465,,,,,
228875,Texas Christian University,Fort Worth,TX,2,16,14,3,4,1,1,11026,1298,29,580,560,0.4449,20405,13971,1,2503569000,31173,0.8551,,0.9287,68424,60435
228884,Texas College,Tyler,TX,2,22,11,3,3,1,1,614,,,,,,3445,5251,0.8182,8312578,8741,0.1375,,0.3403,33752,27901
228909,University of North Texas Health Science Center,Fort Worth,TX,1,25,0,3,4,1,1,41,,,,,,40520,12105,0.8196,119025063,12232,,,,93615,
228981,Texas Lutheran University,Seguin,TX,2,22,12,3,4,1,1,1304,,,,,0.9571,9741,7741,0.5778,93057629,13247,0.5385,,0.6181,53863,48125
229018,The University of Texas Permian Basin,Odessa,TX,1,18,5,3,4,1,1,3911,1033,20,470,440,0.9489,9784,9381,1,64599317,6332,0.3967,,0.6093,56073,50020
229027,The University of Texas at San Antonio,San Antonio,TX,1,15,9,3,4,1,1,30580,1105,22,510,490,0.8679,6112,10588,0.7587,286634701,8203,0.5264,,0.7984,57131,46340
229063,Texas Southern University,Houston,TX,1,16,7,3,4,1,1,6844,914,17,420,380,0.9691,8340,8730,0.5882,85546076,7725,0.2216,,0.6621,38924,32986
229115,Texas Tech University,Lubbock,TX,1,15,13,3,4,1,1,32394,1190,26,550,540,0.7265,8554,11757,0.8532,977855606,10140,0.6869,,0.8495,62454,52588
229160,Texas Wesleyan University,Fort Worth,TX,2,17,11,3,4,1,1,1741,1070,19,500,520,0.6916,9615,8367,0.4094,70099303,16753,0.3154,,0.6082,54053,44773
229179,Texas Woman's University,Denton,TX,1,17,7,3,4,1,1,8767,,21,,,0.9612,7653,9526,0.9938,115023726,5812,0.4906,,0.6955,56544,48773
229267,Trinity University,San Antonio,TX,2,21,14,3,4,1,1,2505,1416,31,680,660,0.2592,22157,12354,0.7873,1663739320,20565,0.8397,,0.9287,71668,55224
229300,The University of Texas Health Science Center at Houston,Houston,TX,1,27,11,3,4,1,1,465,,,,,,240771,12103,0.645,942144337,14853,,,,88757,89371
229337,Texas Tech University Health Sciences Center,Lubbock,TX,1,27,11,3,4,1,1,1482,,,,,,42337,9671,0.956,267188325,10154,,,,92348,84007
229355,Tyler Junior College,Tyler,TX,1,14,5,2,3,1,1,9087,,,,,,4683,6299,0.6099,91260221,2786,0.2739,,0.5958,38140,33789
229780,Wayland Baptist University,Plainview,TX,2,18,5,3,4,1,1,2041,,,,,0.5596,11561,5999,1,114616109,11069,0.1929,,0.4453,51838,44159
229799,Weatherford College,Weatherford,TX,1,4,1,2,3,1,1,5094,,,,,,7015,7685,1,10958807,3815,0.3462,,,42397,36014
229814,West Texas A & M University,Canyon,TX,1,18,7,3,4,1,1,6917,1050,21,480,470,0.9868,6290,8482,0.8171,122227931,7233,0.5504,,0.6963,50741,44399
229887,Wiley University,Marshall,TX,2,22,11,3,4,1,1,712,,,,,,3644,6212,0.5085,7645662,8695,0.2424,,0.4958,33159,28078
230038,Brigham Young University,Provo,UT,2,16,14,3,4,1,1,32952,1376,29,640,630,0.6778,18168,14370,0.7047,2775383000,6756,0.8098,,0.9097,75790,58450
230047,Brigham Young University-Hawaii,Laie,HI,2,22,13,3,3,1,1,2889,1130,24,480,480,0.4696,14278,10793,1,205857000,3097,0.5264,,0.7354,52064,39316
230171,Utah Tech University,Saint George,UT,1,22,6,1,4,1,1,8552,,,,,,4394,8674,0.4214,18430332,5557,0.3839,,0.6791,44570,37959
230366,Eagle Gate College-Murray,Murray,UT,3,26,11,1,4,1,1,351,,,,,,6481,7172,0.6098,,14526,0.48,,1,37518,36393
230418,Ensign College,Salt Lake City,UT,2,1,3,1,3,1,1,7568,,,,,,2248,8956,0.0866,24331000,1714,0.4329,,0.5435,50630,43320
230597,Snow College,Ephraim,UT,1,14,10,2,3,1,1,3549,,,,,,7997,7550,1,17338857,2468,0.4582,,,41022,34587
230603,Southern Utah University,Cedar City,UT,1,18,12,3,4,1,1,9289,,23,,,0.8179,7459,8847,0.7333,36466844,7200,0.6067,,0.7552,50296,41147
230728,Utah State University,Logan,UT,1,15,13,3,4,1,1,20272,1187,25,540,530,0.9247,13665,11173,0.9689,555549165,6344,0.5913,,0.7084,54022,44822
230737,Utah Valley University,Orem,UT,1,18,7,2,4,1,1,28453,,,,,,6343,10149,0.3914,98599692,5030,0.4511,,0.7307,55486,46825
230764,University of Utah,Salt Lake City,UT,1,15,9,3,4,1,1,27264,1257,26,600,590,0.8598,17724,12776,0.8759,1589401000,14227,0.6505,,0.8619,67170,55239
230782,Weber State University,Ogden,UT,1,18,7,2,4,1,1,16360,,,,,,7318,9800,0.9634,209709600,4879,0.462,,0.6731,56287,47061
230807,Westminster University,Salt Lake City,UT,2,19,13,3,4,1,1,823,1220,27,540,530,0.6657,16627,8756,1,78856401,15883,0.6381,,0.7634,66215,52994
230816,Bennington College,Bennington,VT,2,21,12,3,4,1,1,780,1364,,703,588,0.4453,23573,10055,0.4122,40749368,27185,0.7121,,0.8204,38289,24711
230852,Champlain College,Burlington,VT,2,18,7,3,4,1,1,2752,1312,,620,600,0.8292,9094,9955,1,27438005,17657,0.6523,,0.817,58386,48844
230959,Middlebury College,Middlebury,VT,2,21,14,3,4,1,1,2738,1508,33,720,725,0.1075,32208,13875,0.9113,1317574596,52031,0.914,,0.9366,76310,57291
230995,Norwich University,Northfield,VT,2,18,8,3,4,1,1,2428,1190,,540,520,0.7444,16559,8275,0.493,262930000,15815,0.6021,,0.7926,65575,59743
231059,Saint Michael's College,Colchester,VT,2,21,10,3,4,1,1,1092,1245,,570,550,0.8451,10911,9332,0.9722,93377433,19480,0.7277,,0.7994,61317,46898
231068,SIT Graduate Institute,Brattleboro,VT,2,20,0,4,4,1,1,0,,,,,,37777,6869,0.2308,42511597,49385,,,,,
231095,Sterling College,Craftsbury Common,VT,2,22,11,3,3,1,1,50,,,,,0.6667,40769,5583,0.72,1086825,11293,0.3158,,0.8571,30573,27109
231147,Vermont Law and Graduate School,South Royalton,VT,2,31,0,4,4,1,1,,,,,,,26614,9238,0.8793,12143467,28758,,,,,
231165,Vermont State University,Randolph,VT,1,23,9,3,4,1,1,3590,,,,,0.8167,14562,7714,1,,13559,0.4722,,0.6783,50331,41340
231174,University of Vermont,Burlington,VT,1,16,14,3,4,1,1,11743,1374,31,660,630,0.653,14705,10288,0.7677,835279000,23110,0.7859,,0.8918,62472,48164
231420,Averett University,Danville,VA,2,19,11,3,4,1,1,1231,1135,20,448,478,0.5659,7698,6196,1,24708420,13408,0.4814,,0.6525,51516,46273
231554,Bluefield University,Bluefield,VA,2,19,13,3,4,1,1,614,,,,,0.5931,8767,5619,1,7300199,16169,0.1778,,0.6149,48896,41923
231581,Bridgewater College,Bridgewater,VA,2,21,10,3,4,1,1,1400,1180,25,550,470,0.9172,8750,7326,0.6972,102601810,10127,0.5305,,0.7529,53453,45620
231624,William & Mary,Williamsburg,VA,1,16,14,3,4,1,1,7055,1473,33,710,690,0.3407,18167,12942,0.7872,1360786638,23637,0.8942,,0.9456,73490,62959
231651,Regent University,Virginia Beach,VA,2,17,5,3,4,1,1,4729,1153,26,530,460,0.3812,4054,8375,0.7581,111032000,14700,0.5692,,0.7458,44498,42066
231712,Christopher Newport University,Newport News,VA,1,20,12,3,4,1,1,4365,1180,27,550,510,0.8604,12950,10989,0.6739,48947546,7611,0.7164,,0.8124,60509,51931
231785,Bryant & Stratton College-Virginia Beach,Virginia Beach,VA,2,14,7,2,3,1,1,1709,,,,,,6763,6392,0.2286,,22400,0.2446,,1,32568,27873
232016,Centura College-Chesapeake,Chesapeake,VA,3,23,5,1,3,1,1,0,,,,,,16220,,,,31017,,0.7143,,25930,26077
232025,Emory & Henry University,Emory,VA,2,19,10,3,4,1,1,1078,1135,,548,503,0.8365,14596,7819,0.9725,103634884,11141,0.5634,,0.6627,47385,39448
232043,Eastern Mennonite University,Harrisonburg,VA,2,19,12,3,4,1,1,754,,30,,,1,12697,6452,0.9565,40675289,15938,0.67,,0.7609,54869,48158
232089,Ferrum College,Ferrum,VA,2,22,10,3,4,1,1,699,,21,,,0.8898,7476,5763,1,57677711,10440,0.319,,0.6414,44296,36418
232186,George Mason University,Fairfax,VA,1,15,13,3,4,1,1,27752,1274,28,580,580,0.8748,15232,14486,0.531,164455915,10826,0.6784,,0.8599,76343,60536
232256,Hampden-Sydney College,Hampden-Sydney,VA,2,21,12,3,3,1,1,946,1207,24,520,510,0.4092,20153,9550,0.8981,242199104,14046,0.6217,,0.8368,67640,55846
232265,Hampton University,Hampton,VA,2,17,14,3,4,1,1,3727,969,,411,379,0.6225,17152,8778,1,356597269,15952,0.5716,,0.8534,59159,42721
232308,Hollins University,Roanoke,VA,2,21,12,3,4,1,1,665,1230,,610,540,0.6795,19506,7276,0.6165,254763313,10622,0.6465,,0.7396,40075,29863
232423,James Madison University,Harrisonburg,VA,1,16,12,3,4,1,1,20888,1256,27,600,570,0.7152,10620,10916,0.8094,135362639,11213,0.7972,,0.9198,69954,57438
232557,Liberty University,Lynchburg,VA,2,17,9,3,4,1,1,50012,,,,,0.9898,4004,8826,0.1594,2277179613,11527,0.6533,,0.8013,44813,39707
232566,Longwood University,Farmville,VA,1,19,10,3,4,1,1,3015,1120,20,530,500,0.9022,11319,9246,1,95277612,4781,0.6123,,0.7977,52347,46058
232609,University of Lynchburg,Lynchburg,VA,2,17,10,3,4,1,1,1577,1125,,520,460,0.4301,11737,8271,0.7731,135834763,16079,0.5736,,0.7061,56380,44261
232618,Centra College,Lynchburg,VA,2,26,5,2,3,1,1,219,,,,,1,9536,7046,0.566,162589,16018,1,,,60122,60052
232672,Mary Baldwin University,Staunton,VA,2,17,11,3,4,1,1,1090,,,,,,11160,7926,0.2989,36621111,14573,0.393,,0.6678,44427,39075
232681,University of Mary Washington,Fredericksburg,VA,1,21,13,3,4,1,1,3566,1272,29,610,560,0.7978,11398,9957,0.6799,77600450,4539,0.6641,,0.844,60613,49411
232706,Marymount University,Arlington,VA,2,17,11,3,4,1,1,1810,,,,,0.9316,9258,9455,0.4286,31977707,21384,0.5351,,0.7259,67516,57801
232797,American National University,Salem,VA,3,23,5,2,4,1,1,630,,,,,,4586,4119,,,8505,0.3333,,0.8333,26370,23830
232885,Sentara College of Health Sciences,Chesapeake,VA,2,26,7,3,4,1,1,242,,,,,,17030,8947,0.6167,,13561,,,,77821,78992
232937,Norfolk State University,Norfolk,VA,1,19,11,3,4,1,1,5392,927,18,430,393,0.8777,13530,9767,0.536,68263710,3982,0.385,,0.7256,44666,33412
232982,Old Dominion University,Norfolk,VA,1,15,7,3,4,1,1,17514,1197,24,570,530,0.9036,12901,10583,0.9572,310940822,6830,0.4632,,0.7691,54914,46732
233277,Radford University,Radford,VA,1,17,13,3,4,1,1,6038,1060,21,490,450,0.8953,14638,9967,0.6767,67463786,5391,0.4866,,0.7557,53739,44830
233295,Randolph-Macon College,Ashland,VA,2,21,12,3,4,1,1,1639,1095,,500,480,0.8661,14501,9162,0.67,209331307,19499,0.7048,,0.8372,58448,48067
233301,Randolph College,Lynchburg,VA,2,21,10,3,4,1,1,658,1134,25,550,550,0.9371,15644,8701,1,184607000,11482,0.4639,,0.745,53409,39122
233356,Bon Secours Memorial College of Nursing,Richmond,VA,2,26,11,3,3,1,1,591,,,,,,7983,8730,0.7541,484542,12723,,,,77014,75150
233374,University of Richmond,University of Richmond,VA,2,21,14,3,4,1,1,2980,1497,,700,710,0.222,27137,14442,0.736,3150033000,32170,0.852,,0.9075,76178,67927
233408,Riverside College of Health Sciences,Newport News,VA,2,10,4,2,3,1,1,350,,,,,0.129,13902,8175,0.7561,,11637,1,,,66072,54261
233426,Roanoke College,Salem,VA,2,21,12,3,4,1,1,1767,1211,25,560,530,0.8306,11658,7553,0.8315,171694240,15267,0.6736,,0.7571,58047,45330
233541,Shenandoah University,Winchester,VA,2,17,10,3,4,1,1,2116,,,,,0.7695,12250,8154,0.5735,77812387,19942,0.6682,,0.8174,58433,48167
233602,Southeastern Free Will Baptist Bible College,Wendell,NC,2,24,11,3,3,1,1,64,,,,,,5710,5656,,,7402,0.4167,,0.8125,,
233611,Southern Virginia University,Buena Vista,VA,2,21,12,3,3,1,1,936,,22,,,0.9642,7056,6553,0.6364,1696182,14330,0.3347,,0.7401,50002,36988
233684,Strayer University-Virginia,Arlington,VA,3,18,5,3,4,1,1,1668,,,,,,1634,8381,0.1463,,11815,0.3636,,0.75,40092,36582
233718,Sweet Briar College,Sweet Briar,VA,2,21,12,3,3,1,1,443,1230,25,560,540,0.7554,22377,6914,0.6184,69913212,9191,0.5182,,0.6934,51943,35533
233842,Union Presbyterian Seminary,Richmond,VA,2,24,0,4,4,1,1,,,,,,,35579,8275,0.8,166736783,896,,,,,
233897,University of Virginia's College at Wise,Wise,VA,1,21,11,3,4,1,1,1101,1050,22,520,425,0.2854,13373,9197,1,159407962,6195,0.4706,,0.7157,45325,39725
233921,Virginia Polytechnic Institute and State University,Blacksburg,VA,1,15,14,3,4,1,1,30923,1364,29,640,640,0.5478,15632,14162,0.9865,1889900000,17550,0.8622,,0.9308,81698,67377
234030,Virginia Commonwealth University,Richmond,VA,1,15,13,3,4,1,1,20753,1137,25,520,490,0.9262,16705,12401,0.6103,2582571339,11233,0.6318,,0.8534,58128,47161
234076,University of Virginia-Main Campus,Charlottesville,VA,1,15,14,3,4,1,1,17597,1480,34,700,710,0.1681,26598,17428,0.9611,9644274803,26514,0.956,,0.9755,86863,72359
234085,Virginia Military Institute,Lexington,VA,1,21,12,3,3,1,1,1527,1244,25,550,500,0.7125,21289,9070,1,715617553,14788,0.7621,,0.8098,77369,63545
234137,Virginia University of Lynchburg,Lynchburg,VA,2,23,10,3,4,1,1,125,,,,,,6129,4122,0.5789,2121358,15077,0.3762,,0.75,28396,24718
234155,Virginia State University,Petersburg,VA,1,19,10,3,4,1,1,5074,948,18,440,400,0.8863,15660,9469,0.6473,98894825,5478,0.3944,,0.6939,45543,33630
234164,Virginia Union University,Richmond,VA,2,21,10,3,4,1,1,1203,850,16,450,400,0.9799,5548,5874,1,30874196,12033,0.3415,,0.6657,38275,27977
234173,Virginia Wesleyan University,Virginia Beach,VA,2,21,11,3,4,1,1,1256,,29,,,0.7287,10936,8756,0.7023,115876756,12564,0.4164,,0.7425,50074,39200
234207,Washington and Lee University,Lexington,VA,2,21,14,3,4,1,1,1881,1498,34,710,720,0.1397,40378,14155,0.8779,1973892000,31767,0.9388,,0.9661,94810,76516
234669,Bellevue College,Bellevue,WA,1,23,5,2,3,1,1,7364,,,,,,6901,11874,0.2886,14677097,3263,0.3578,,,56310,47460
234696,Bellingham Technical College,Bellingham,WA,1,14,7,1,3,1,1,1733,,,,,,12446,10210,1,4568532,3742,0.4167,,,49748,43235
234711,Big Bend Community College,Moses Lake,WA,1,5,3,2,3,1,1,1272,,,,,,8570,9944,0.9667,3615514,3103,0.4151,,,43814,35267
234827,Central Washington University,Ellensburg,WA,1,18,11,3,4,1,1,7833,,,,,0.9062,11278,10124,0.6528,50842029,5549,0.5361,,0.7005,61580,49398
234845,Centralia College,Centralia,WA,1,23,7,2,3,1,1,1552,,,,,,6813,9395,1,15024557,1698,0.4172,,,43140,35989
234915,City University of Seattle,Seattle,WA,2,17,5,3,4,1,1,1137,,,,,,6232,7147,0.0624,3843124,15005,,,,69460,56195
234933,Clark College,Vancouver,WA,1,14,5,2,3,1,1,4945,,,,,,9940,11396,0.9836,77922951,3236,0.3895,,,42356,37411
234951,Clover Park Technical College,Lakewood,WA,1,14,7,1,3,1,1,2636,,,,,,7404,8425,0.9767,2123932,2122,0.4275,,,41787,36840
234979,Columbia Basin College,Pasco,WA,1,23,6,2,3,1,1,4640,,,,,,6870,9413,0.9813,22178863,4052,0.333,,,46680,38255
235097,Eastern Washington University,Cheney,WA,1,18,11,3,4,1,1,6222,,,,,0.9075,11582,10643,0.6296,42037706,8208,0.4349,,0.674,57897,46469
235103,Edmonds College,Lynnwood,WA,1,14,5,2,3,1,1,3656,,,,,,9321,10127,0.903,3410408,3861,0.2901,,,48144,41063
235149,Everett Community College,Everett,WA,1,3,2,2,3,1,1,4709,,,,,,7917,9608,0.9774,5031014,2457,0.3662,,,45434,39316
235167,The Evergreen State College,Olympia,WA,1,19,11,3,4,1,1,2160,1216,23,540,495,0.9637,11647,9212,0.6966,22360518,6761,0.4074,,0.6986,45320,34774
235237,Pierce College District,Lakewood,WA,1,14,7,2,3,1,1,5313,,,,,,6475,9325,0.9477,4619657,2658,0.3077,,,47532,39406
235316,Gonzaga University,Spokane,WA,2,17,14,3,4,1,1,5198,1335,29,600,590,0.8169,15138,11036,0.5895,433820000,26035,0.8629,,0.929,78892,66525
235334,Grays Harbor College,Aberdeen,WA,1,14,7,2,3,1,1,1010,,,,,,12295,9138,0.9688,13736722,1539,0.3947,,,40865,33119
235343,Green River College,Auburn,WA,1,23,7,2,3,1,1,4965,,,,,,7997,10016,1,24233881,4113,0.3877,,,50712,43127
235422,Heritage University,Toppenish,WA,2,20,11,3,4,1,1,812,,,,,,13774,8471,0.4041,33538286,15352,0.5368,,0.568,49416,47001
235431,Highline College,Des Moines,WA,1,14,5,2,3,1,1,3838,,,,,,10033,10738,0.9515,,1774,0.3546,,,47869,42323
235547,Bastyr University,Kenmore,WA,2,17,7,3,4,1,1,39,,,,,,18357,7395,0.5085,2595187,36087,,,,49364,46867
235699,Lake Washington Institute of Technology,Kirkland,WA,1,23,7,1,3,1,1,2406,,,,,,12646,9914,0.9681,490576,2843,0.3701,,,50669,44895
235750,Lower Columbia College,Longview,WA,1,4,2,2,3,1,1,1932,,,,,,8589,9911,0.9383,19108721,3094,0.2338,,,40691,36296
236072,North Seattle College,Seattle,WA,1,23,5,1,3,1,1,3074,,,,,,8507,10673,0.96,6201516,3871,0.3277,,,47728,46383
236133,Northwest University,Kirkland,WA,2,19,11,3,4,1,1,645,1150,28,540,500,0.832,15820,8558,0.2461,10569000,19640,0.7078,,0.8389,54914,50495
236188,Olympic College,Bremerton,WA,1,14,7,2,3,1,1,3826,,,,,,7615,10327,0.9648,18729397,4334,0.3103,,,43169,34510
236230,Pacific Lutheran University,Tacoma,WA,2,19,10,3,4,1,1,2401,1168,25,540,500,0.7802,12280,8581,0.6962,117676000,18227,0.6857,,0.8194,66990,52212
236258,Peninsula College,Port Angeles,WA,1,14,7,1,3,1,1,1263,,,,,,10594,8470,0.9841,5457499,2029,0.3688,,,37078,34154
236328,University of Puget Sound,Tacoma,WA,2,21,10,3,4,1,1,1594,1296,29,610,560,0.7225,23433,10726,0.7479,448621000,30418,0.6799,,0.8402,69594,46802
236382,Renton Technical College,Renton,WA,1,14,7,1,3,1,1,1783,,,,,,12829,9928,0.9625,2130203,3309,0.4586,,,49782,45679
236452,Saint Martin's University,Lacey,WA,2,20,11,3,4,1,1,1158,1093,21,510,515,0.898,9107,7413,0.5105,40547844,21689,0.519,,0.6459,62092,57998
236504,South Seattle College,Seattle,WA,1,14,5,1,3,1,1,1616,,,,,,7710,10627,0.9863,27113643,2789,0.3142,,,44486,43070
236513,Seattle Central College,Seattle,WA,1,14,7,2,3,1,1,3953,,,,,,10109,11099,0.9863,8170548,5201,0.3155,,,43307,39072
236577,Seattle Pacific University,Seattle,WA,2,17,13,3,4,1,1,1762,,24,,,0.834,15613,9581,0.5583,162108000,18154,0.6195,,0.7237,64506,51496
236595,Seattle University,Seattle,WA,2,17,15,3,4,1,1,4062,1307,28,620,580,0.7692,18739,8352,0.6705,297798719,29218,0.7551,,0.8422,75272,64656
236638,Skagit Valley College,Mount Vernon,WA,1,14,7,2,3,1,1,2477,,,,,,8929,10052,1,17871895,4870,0.3612,,,43505,36892
236692,Spokane Community College,Spokane,WA,1,14,7,2,3,1,1,4533,,,,,,7740,9987,1,10851201,4067,0.3333,,,41984,37814
236708,Spokane Falls Community College,Spokane,WA,1,14,7,2,3,1,1,3199,,,,,,6146,9920,1,4334871,3261,0.3204,,,38955,34393
236753,Tacoma Community College,Tacoma,WA,1,14,7,2,3,1,1,4668,,,,,,8226,10325,0.9608,5694455,3152,0.3154,,,47168,38790
236887,Walla Walla Community College,Walla Walla,WA,1,14,7,2,3,1,1,2418,,,,,,9866,9594,1,557932,2683,0.3822,,,43526,37119
236896,Walla Walla University,College Place,WA,2,20,10,3,4,1,1,1252,,,,,,14372,7406,1,39872609,17561,0.599,,0.8491,61885,52840
236939,Washington State University,Pullman,WA,1,15,13,3,4,1,1,21099,,,,,0.8664,11856,11233,0.8421,1270300418,11300,0.605,,0.7834,68905,53510
236948,University of Washington-Seattle Campus,Seattle,WA,1,15,14,3,4,1,1,31942,,,,,0.3915,24064,15198,0.7986,4721829797,21839,0.8518,,0.9473,78466,62979
236975,Wenatchee Valley College,Wenatchee,WA,1,14,7,2,3,1,1,1759,,,,,,11990,10907,1,10398736,4060,0.433,,,41127,37011
237011,Western Washington University,Bellingham,WA,1,18,13,3,4,1,1,13544,1289,26,590,560,0.9325,13138,11802,0.714,115126944,9081,0.6464,,0.7937,62569,45272
237039,Whatcom Community College,Bellingham,WA,1,14,7,2,3,1,1,2378,,,,,,10857,10799,1,9332386,3345,0.3639,,,44092,38429
237057,Whitman College,Walla Walla,WA,2,21,14,3,3,1,1,1531,1410,31,670,640,0.3815,23597,10628,0.8711,732832355,29631,0.8052,,0.8671,67589,45594
237066,Whitworth University,Spokane,WA,2,19,12,3,4,1,1,1858,1220,25,550,540,0.8978,13375,8332,1,189357345,19377,0.7089,,0.776,58561,49510
237109,Yakima Valley College,Yakima,WA,1,14,6,2,3,1,1,2770,,,,,,8547,9304,0.9643,11773123,2028,0.2927,,,43499,35969
237136,Appalachian Bible College,Mount Hope,WV,2,24,11,3,4,1,1,193,1039,23,470,408,0.7778,5643,3332,0.5526,1911886,6358,0.7105,,0.6571,37467,29147
237181,Bethany College,Bethany,WV,2,21,10,3,4,1,1,614,,22,,,0.5879,5782,6417,1,51430829,8578,0.4682,,0.5375,44512,37124
237215,Bluefield State University,Bluefield,WV,1,22,7,3,4,1,1,1042,989,20,440,430,0.9723,8826,7349,0.6296,4648984,7449,0.37,,0.5484,38217,35030
237312,University of Charleston,Charleston,WV,2,17,5,3,4,1,1,2259,,,,,0.6152,5497,7297,0.5506,56895188,8160,0.4555,,0.7479,55774,42698
237330,Concord University,Athens,WV,1,19,11,3,4,1,1,1504,977,21,440,390,0.9256,6332,7270,0.8168,41185793,4078,0.3897,,0.6484,42703,33094
237358,Davis & Elkins College,Elkins,WV,2,22,13,3,3,1,1,661,,,,,0.9433,10030,5987,0.5747,64031427,8837,0.3929,,0.6522,43411,38495
237367,Fairmont State University,Fairmont,WV,1,20,10,3,4,1,1,2590,996,20,450,360,0.9862,8719,7101,0.9167,30993899,3713,0.4425,,0.6739,46857,41197
237385,Glenville State University,Glenville,WV,1,22,10,3,4,1,1,1096,,,,,,5479,6619,0.5492,17316276,4698,0.3392,,0.5539,39315,34917
237525,Marshall University,Huntington,WV,1,16,10,3,4,1,1,7266,1061,22,480,430,0.9573,10515,8576,0.7464,213673105,7163,0.5123,,0.7218,46354,39561
237686,West Virginia University at Parkersburg,Parkersburg,WV,1,23,7,2,3,1,1,1868,,,,,,6481,6342,0.3231,11726147,4179,0.0909,,,35171,31076
237701,Potomac State College of West Virginia University,Keyser,WV,1,23,10,2,3,1,1,853,,,,,,3620,7118,0.7538,8522802,4142,0.3096,,0.577,55939,45181
237783,Salem University,Salem,WV,3,19,11,3,4,1,1,892,,,,,,2609,4189,0.1667,,13407,0.1992,,0.5476,34642,31612
237792,Shepherd University,Shepherdstown,WV,1,20,11,3,4,1,1,2344,1034,23,468,410,0.9678,8565,7788,0.5281,29718043,5191,0.5103,,0.7138,49358,43726
237880,West Virginia School of Osteopathic Medicine,Lewisburg,WV,1,25,0,4,4,1,1,,,,,,,26813,,,4253872,45736,,,,,
237899,West Virginia State University,Institute,WV,1,20,11,3,4,1,1,1321,955,,410,350,0.9596,4417,7141,0.6714,12034181,5447,0.3918,,0.5673,40492,32849
237932,West Liberty University,West Liberty,WV,1,19,11,3,4,1,1,1511,1045,21,470,420,0.9727,7232,7150,0.6429,19765777,8363,0.5953,,0.6886,43296,36822
237950,West Virginia University Institute of Technology,Beckley,WV,1,22,10,3,3,1,1,981,1033,22,460,420,0.3668,6243,8140,0.6916,17045605,7144,0.3296,,0.6176,55939,45181
237969,West Virginia Wesleyan College,Buckhannon,WV,2,22,10,3,4,1,1,954,1052,21,472,420,0.9334,8030,6450,0.6168,79166880,11707,0.5714,,0.6732,51593,42672
237996,West Virginia Junior College-Morgantown,Morgantown,WV,3,8,4,2,3,1,1,673,,,,,,4546,5677,,,13891,0.7111,,,31912,30544
238032,West Virginia University,Morgantown,WV,1,15,12,3,4,1,1,17385,1122,24,520,490,0.89,13615,11832,0.7414,826711854,15580,0.6466,,0.8343,55939,45181
238078,Wheeling University,Wheeling,WV,2,19,11,3,4,1,1,589,,20,,,0.6316,7539,5906,1,1312363,10153,0.2333,,0.5366,57949,48482
238193,Alverno College,Milwaukee,WI,2,18,13,3,4,1,1,631,,,,,0.8574,8871,6282,0.2577,38632746,12774,0.4918,,0.6096,53145,51755
238324,Bellin College,Green Bay,WI,2,26,9,3,4,1,1,372,,22,,,0.9718,10230,8323,0.8246,14737519,16733,0.6304,,0.9464,76222,72118
238333,Beloit College,Beloit,WI,2,21,12,3,3,1,1,926,1287,26,590,610,0.6304,11768,7725,0.78,85638410,12465,0.7105,,0.8056,53260,41660
238458,Carroll University,Waukesha,WI,2,18,12,3,4,1,1,2523,1190,25,510,530,0.6684,9831,8605,0.378,86232826,17962,0.707,,0.7825,58009,54456
238476,Carthage College,Kenosha,WI,2,20,12,3,4,1,1,2660,1150,24,,,0.8706,10242,8981,0.4714,149045261,15179,0.6426,,0.7339,56950,46116
238616,Concordia University-Wisconsin,Mequon,WI,2,17,13,3,4,1,1,2197,1190,23,,,0.782,10274,7256,1,99997445,16991,0.6835,,0.781,56075,49761
238661,Edgewood University,Madison,WI,2,17,11,3,4,1,1,1107,,,,,0.7573,7993,7213,0.3938,65527533,15737,0.6024,,0.7315,59728,53843
238980,Lakeland University,Plymouth,WI,2,18,5,3,4,1,1,1212,,,,,0.8628,7415,7358,0.2083,19847162,12587,0.4245,,0.6332,55961,49546
239017,Lawrence University,Appleton,WI,2,21,14,3,3,1,1,1396,1350,30,610,590,0.6394,22280,8785,0.8368,443506343,16735,0.7677,,0.8657,55789,40653
239071,Maranatha Baptist University,Watertown,WI,2,20,12,3,4,1,1,541,1170,24,485,455,0.719,7680,4049,0.602,280546,12711,0.6357,,0.8824,45593,40403
239080,Marian University,Fond Du Lac,WI,2,19,11,3,4,1,1,1010,,21,,,0.7498,5320,8154,0.9149,10062299,14327,0.4416,,0.6746,53501,49839
239105,Marquette University,Milwaukee,WI,2,16,14,3,4,1,1,7660,1310,28,610,590,0.8134,14847,11059,0.5935,916804000,22919,0.8321,,0.9097,78257,65241
239169,Medical College of Wisconsin,Milwaukee,WI,2,27,0,4,4,1,1,,,,,,,80631,,,1639355000,42877,,,,,
239309,Milwaukee Institute of Art & Design,Milwaukee,WI,2,30,12,3,3,1,1,837,,,,,0.6054,9256,6527,0.3219,3783935,21415,0.6695,,0.795,41174,29841
239318,Milwaukee School of Engineering,Milwaukee,WI,2,19,14,3,4,1,1,2654,,27,,,0.5893,13879,10194,0.6006,82872635,15716,0.6711,,0.8378,89070,75114
239390,Mount Mary University,Milwaukee,WI,2,18,11,3,4,1,1,631,1020,19,,,0.6233,10648,6776,0.3977,26830573,14067,0.4296,,0.6725,48745,40421
239424,Nashotah House,Nashotah,WI,2,24,0,4,4,1,1,,,,,,,8542,5572,1,15550267,8395,,,,,
239628,Ripon College,Ripon,WI,2,21,10,3,4,1,1,688,1176,24,510,470,0.7984,13869,8249,1,112583784,12612,0.633,,0.7231,54902,42334
239637,Sacred Heart Seminary and School of Theology,Franklin,WI,2,24,0,4,4,1,1,,,,,,,21426,7415,1,12381556,20034,,,,,
239716,Saint Norbert College,De Pere,WI,2,21,12,3,4,1,1,1662,1182,27,525,508,0.8574,12300,9440,0.8217,170287239,18268,0.7129,,0.8367,58363,49775
240107,Viterbo University,La Crosse,WI,2,18,13,3,4,1,1,1249,1190,23,,,0.7243,8971,7309,0.4361,64974762,15503,0.6838,,0.7619,55660,56804
240189,University of Wisconsin-Whitewater,Whitewater,WI,1,18,10,3,4,1,1,9405,1050,21,,,0.8572,8065,9017,0.9461,38334112,8098,0.589,,0.7804,55356,47909
240213,Wisconsin School of Professional Psychology,Milwaukee,WI,2,26,0,4,4,1,1,,,,,,,10574,,,,22185,,,,,
240268,University of Wisconsin-Eau Claire,Eau Claire,WI,1,19,12,3,4,1,1,8895,1220,24,,,0.8234,9211,9157,0.7799,70748417,6379,0.6381,,0.8175,58561,50011
240277,University of Wisconsin-Green Bay,Green Bay,WI,1,19,7,3,4,1,1,6341,1120,22,,,0.8859,6613,8077,0.7169,53257194,5638,0.4822,,0.6591,52528,46546
240329,University of Wisconsin-La Crosse,La Crosse,WI,1,18,12,3,4,1,1,9277,1220,24,,,0.755,8467,8349,0.8112,42013528,7988,0.7096,,0.8651,60378,49626
240338,Wisconsin Lutheran College,Milwaukee,WI,2,22,12,3,4,1,1,943,1239,25,530,440,0.7816,10769,7508,0.961,47018413,14235,0.6357,,0.7251,54664,49095
240365,University of Wisconsin-Oshkosh,Oshkosh,WI,1,17,10,3,4,1,1,6877,1090,21,,,0.865,10569,8888,0.753,40147200,6378,0.4614,,0.693,55548,50140
240374,University of Wisconsin-Parkside,Kenosha,WI,1,19,11,3,4,1,1,2844,1090,21,,,0.7539,8443,8388,0.7243,13986800,6784,0.404,,0.6872,51129,42154
240392,Herzing University-Madison,Madison,WI,2,18,5,1,4,1,1,2494,,,,,0.943,4765,6724,0.1124,,14192,0.284,,0.3971,36909,35295
240417,University of Wisconsin-Stout,Menomonie,WI,1,18,12,3,4,1,1,5842,1150,23,,,0.8767,9240,8344,0.7206,78873617,8166,0.5486,,0.789,58084,50251
240426,University of Wisconsin-Superior,Superior,WI,1,19,7,3,4,1,1,1807,1090,21,,,0.9301,10961,7266,0.8456,22959656,7931,0.4188,,0.7183,49606,41868
240444,University of Wisconsin-Madison,Madison,WI,1,15,14,3,4,1,1,36902,1427,29,670,710,0.452,21417,15643,0.8584,5530156867,19181,0.8955,,0.9616,73792,61275
240453,University of Wisconsin-Milwaukee,Milwaukee,WI,1,15,11,3,4,1,1,16758,1090,22,,,0.9068,11310,9960,0.6381,236646370,8808,0.4932,,0.7295,54990,45851
240462,University of Wisconsin-Platteville,Platteville,WI,1,18,12,3,4,1,1,5837,1190,23,,,0.8938,7324,7885,0.8076,55699222,6882,0.5576,,0.7903,61760,54825
240471,University of Wisconsin-River Falls,River Falls,WI,1,19,10,3,4,1,1,4205,1150,22,,,0.8172,9465,8788,0.5923,29419892,6878,0.57,,0.7645,54458,46524
240480,University of Wisconsin-Stevens Point,Stevens Point,WI,1,19,10,3,4,1,1,7306,1150,22,,,0.918,8261,7919,0.7597,58446676,6055,0.5078,,0.7383,52021,43371
240514,Central Wyoming College,Riverton,WY,1,5,1,2,3,1,1,1054,,,,,,9633,6832,1,24345294,4056,0.3744,,0.6471,34402,30833
240620,Laramie County Community College,Cheyenne,WY,1,8,1,2,3,1,1,2799,,,,,,12590,8068,1,34397058,4385,0.384,,,44783,38656
240657,Northwest College,Powell,WY,1,5,2,2,3,1,1,890,,,,,,7964,7402,0.9815,31119191,4110,0.4866,,,36950,33237
240693,Western Wyoming Community College,Rock Springs,WY,1,9,1,2,3,1,1,1319,,,,,,10785,7458,1,15737318,2145,0.325,,0.6,40939,38726
240727,University of Wyoming,Laramie,WY,1,16,13,3,4,1,1,7944,,,,,0.9688,17639,10759,0.9928,747129000,8526,0.5884,,0.7968,56880,48360
240736,American Samoa Community College,Pago Pago,AS,1,14,6,2,3,1,1,839,,,,,,13747,5099,1,3279672,4575,0.3241,,,30087,24164
240754,University of Guam,Mangilao,GU,1,19,6,3,4,1,1,2515,,,,,,10123,10400,0.5765,25719311,4744,0.369,,0.7661,35946,28270
240790,Northern Marianas College,Saipan,MP,1,23,6,2,3,1,1,1225,,,,,,2013,4914,0.5,10583640,4877,0.4074,,0.7333,27836,21925
241191,Universidad Adventista de las Antillas,Mayaguez,PR,2,20,11,3,4,1,1,830,,,,,1,4469,3531,0.2778,134104,7307,0.3636,,0.7952,28465,27766
241216,Atlantic University,Guaynabo,PR,2,20,6,3,4,1,1,1451,,,,,,2467,2891,0.9815,,11075,0.3941,,0.8175,25272,19079
241225,Universidad Central de Bayamon,Bayamón,PR,2,20,6,3,4,1,1,539,,,,,0.6594,4459,2861,1,1391603,10980,0.3438,,0.8,25021,19745
241331,Albizu University-San Juan,San Juan,PR,2,26,9,3,4,1,1,728,,,,,1,1880,4085,0.2287,1168876,7009,0.6703,,0.8243,41544,32168
241377,Caribbean University-Bayamon,Bayamon,PR,2,20,7,1,4,1,1,639,,,,,,5187,2398,0.1176,266034,10982,0.4255,,0.7119,22842,18349
241386,Caribbean University-Carolina,Carolina,PR,2,22,5,3,4,1,1,99,,,,,,2849,2100,,17377,6031,0.4444,,0.7143,22842,18349
241395,Pontifical Catholic University of Puerto Rico-Arecibo,Arecibo,PR,2,17,11,3,4,1,1,273,,,,,0.9378,15299,4327,0.5,3430132,20544,0.5395,,0.8696,24908,20637
241410,Pontifical Catholic University of Puerto Rico-Ponce,Ponce,PR,2,17,10,3,4,1,1,3874,1300,,595,600,0.9808,4692,4545,0.6914,11243215,6300,0.4859,,0.8312,24908,20637
241517,CEM College-San Juan,San Juan,PR,3,26,11,1,3,1,1,119,,,,,,343,2600,0.4557,,8310,0.859,,0.2,21033,18141
241614,Universidad Teologica del Caribe,Trujillo Alto,PR,2,24,7,3,4,1,1,173,,,,,,2880,1110,0.2903,,6308,0.3889,,1,23536,24867
241720,Colegio Universitario de San Juan,San Juan,PR,1,22,7,2,3,1,1,491,,,,,0.7538,2531,3129,1,,576,0.3226,,0.5556,26510,22675
241739,Universidad Ana G. Mendez-Cupey Campus,San Juan,PR,2,18,6,3,4,1,1,4540,,,,,,5002,4389,1,28440968,8146,0.3085,,0.6858,24490,21596
241766,Puerto Rico Conservatory of Music,San Juan,PR,1,30,9,3,4,1,1,307,,,,,0.7835,21478,5014,0.5,2392975,5237,0.6667,,0.875,19474,9910
241793,Center for Advanced Studies On Puerto Rico and the Caribbean,San Juan,PR,2,20,0,4,4,1,1,,,,,,,6938,6000,,,13422,,,,,
241836,EDP University of Puerto Rico Inc-San Sebastian,San Sebastian,PR,2,26,5,2,4,1,1,1032,,,,,0.9574,3117,2810,1,528758,9157,0.287,,0.6667,22844,21535
241951,Escuela de Artes Plasticas y Diseno de Puerto Rico,San Juan,PR,1,30,7,3,3,1,1,466,,,,,1,3754,3063,1,2858298,2749,0.4478,,0.7229,21790,12949
242112,Huertas College,Caguas,PR,3,26,7,1,3,1,1,430,,,,,,5107,2701,0.12,,9887,0.4559,,0.4,22927,20348
242121,Humacao Community College,Humacao,PR,2,23,5,1,3,1,1,173,,,,,,3938,2450,0.5,1319714,5157,0.3821,,0.6,20064,19411
242617,Inter American University of Puerto Rico-San German,San German,PR,2,20,14,3,4,1,1,2569,,,,,0.4248,3859,5766,1,,5254,0.4316,,0.7955,25416,21573
242626,Inter American University of Puerto Rico-Aguadilla,Aguadilla,PR,2,20,14,3,4,1,1,2906,,,,,0.4176,3235,5059,1,,5201,0.4288,,0.8056,24776,23322
242635,Inter American University of Puerto Rico-Arecibo,Arecibo,PR,2,19,14,3,4,1,1,2220,,,,,0.382,3469,5468,1,,5311,0.3892,,0.713,24539,22401
242644,Inter American University of Puerto Rico-Barranquitas,Barranquitas,PR,2,22,14,3,4,1,1,937,,,,,0.8595,4976,5051,1,,5479,0.3802,,0.7323,23204,18186
242653,Inter American University of Puerto Rico-Metro,San Juan,PR,2,18,9,3,4,1,1,2607,,,,,0.6972,4898,5927,1,,5376,0.3881,,0.7643,30821,27318
242662,Inter American University of Puerto Rico-Ponce,Mercedita,PR,2,22,14,3,4,1,1,2404,,,,,0.3373,3759,5587,1,,6051,0.4144,,0.6865,26721,22276
242680,Inter American University of Puerto Rico-Fajardo,Fajardo,PR,2,22,14,3,4,1,1,1072,,,,,0.2654,4240,5114,1,,6722,0.3767,,0.7628,23132,21557
242699,Inter American University of Puerto Rico-Guayama,Guayama,PR,2,22,15,2,4,1,1,2393,,,,,0.3633,3003,4728,1,,5837,0.4421,,0.8255,25827,21635
242705,Inter American University of Puerto Rico-Bayamon,Bayamon,PR,2,22,14,3,4,1,1,3476,,,,,0.3962,3121,5400,1,,5663,0.3492,,0.7387,29936,23776
242723,Inter American University of Puerto Rico-School of Law,San Juan,PR,2,31,0,4,4,1,1,,,,,,,5618,9610,1,,14346,,,,,
242972,NUC University,Bayamon,PR,3,18,5,1,4,1,1,28918,,,,,,2529,2914,0.1503,,10423,0.5435,,0.6402,24785,24259
243081,Ponce Health Sciences University,Ponce,PR,3,25,0,4,4,1,1,,,,,,,16580,6336,0.4877,,49454,,,,,
243106,University of Puerto Rico-Aguadilla,Aguadilla,PR,1,22,10,3,3,1,1,1883,909,,393,398,0.814,7355,5687,0.874,,107,0.4633,,0.6905,27997,18193
243115,University of Puerto Rico-Arecibo,Arecibo,PR,1,22,12,3,4,1,1,2669,,,,,0.5918,6846,7301,0.7767,,506,0.52,,0.7612,30512,19546
243133,University of Puerto Rico,Bayamon,PR,1,22,10,3,3,1,1,2851,,,,,0.3533,6534,5869,0.8187,,714,0.3706,,0.7784,34409,22382
243142,University of Puerto Rico-Carolina,Carolina,PR,1,22,6,3,3,1,1,2404,932,,411,398,0.5454,5764,7539,0.58,,1448,0.3727,,0.7148,30626,22317
243151,University of Puerto Rico at Cayey,Cayey,PR,1,21,10,3,3,1,1,2069,955,,421,422,0.53,8620,5701,0.8954,4732,1212,0.4983,,0.7593,30958,21819
243179,University of Puerto Rico-Humacao,Humacao,PR,1,22,14,3,3,1,1,2529,,,,,0.548,10543,5890,0.7553,25257,1441,0.4712,,0.8133,29521,20013
243188,University of Puerto Rico-Utuado,Utuado,PR,1,23,12,2,3,1,1,325,,,,,0.6411,17709,7906,0.8696,,1887,0.2326,,0.4634,23906,21063
243197,University of Puerto Rico-Mayaguez,Mayaguez,PR,1,19,12,3,4,1,1,9539,,,,,0.5652,8147,8407,0.9462,527690,1956,0.491,,0.8701,48992,32706
243203,University of Puerto Rico-Medical Sciences,San Juan,PR,1,25,11,3,4,1,1,233,,,,,,38469,7294,0.7346,4717016,12359,,,,45953,38222
243212,University of Puerto Rico at Ponce,Ponce,PR,1,22,14,3,3,1,1,2278,,,,,0.5245,5467,5915,0.5307,,1005,0.4618,,0.7304,31394,22404
243221,University of Puerto Rico-Rio Piedras,San Juan,PR,1,16,14,3,4,1,1,8572,,,,,0.5459,12387,6128,0.7382,1876679,2224,0.5026,,0.7718,35723,22417
243346,Universidad Ana G. Mendez-Carolina Campus,Carolina,PR,2,18,6,3,4,1,1,4468,,,,,,4662,4084,1,24453711,8405,0.3426,,0.7505,24328,21125
243443,Universidad del Sagrado Corazon,Santurce,PR,2,19,15,3,4,1,1,4442,,,,,0.5802,4216,4546,0.2158,22654995,8066,0.5207,,0.7907,31754,27544
243498,Seminario Evangelico de Puerto Rico,San Juan,PR,2,24,0,4,4,1,1,,,,,,,5912,4285,0.2045,733563,7261,,,,,
243568,Universidad Central Del Caribe,Bayamon,PR,2,25,11,1,4,1,1,90,,,,,0.6,11228,4119,0.7231,5954996,29678,0.4,,0.7143,31468,24669
243577,Universidad Politecnica de Puerto Rico,Hato Rey,PR,2,19,5,3,4,1,1,3594,,,,,,4395,4359,0.6215,23696861,9271,0.2808,,0.7832,47540,37753
243586,Pontifical Catholic University of Puerto Rico-Mayaguez,Mayaguez,PR,2,22,10,3,4,1,1,555,,,,,0.9917,14568,4241,0.7193,4382947,19562,0.3989,,0.7805,24908,20637
243601,Universidad Ana G. Mendez-Gurabo Campus,Gurabo,PR,2,17,6,3,4,1,1,7868,,,,,,4500,4488,1,29329658,8410,0.314,,0.7514,26223,23727
243638,College of Micronesia-FSM,Pohnpei,FM,1,14,6,2,3,1,1,1729,,,,,0.8707,4678,3195,1,10909450,788,0.3408,,0.4,24651,21711
243665,University of the Virgin Islands,Charlotte Amalie,VI,1,20,6,3,4,1,1,1518,938,17,423,360,0.9898,11416,7379,1,53760376,6283,0.2823,,0.6859,38681,32360
243744,Stanford University,Stanford,CA,2,15,14,3,4,1,1,7554,1553,35,740,770,0.0361,154517,25198,0.9917,36494893000,31564,0.9192,,0.9818,124080,102887
243780,Purdue University-Main Campus,West Lafayette,IN,1,15,12,3,4,1,1,44503,1364,30,600,600,0.4987,20511,14473,0.9609,3675737850,18498,0.831,,0.927,72424,60838
243823,Parker University,Dallas,TX,2,18,7,3,4,1,1,607,,,,,,10470,7013,0.6048,40237000,26442,0.7407,,0.5,42091,44181
243832,EDP University of Puerto Rico Inc-San Juan,San Juan,PR,2,23,5,2,4,1,1,1404,,,,,0.6067,2905,3031,1,587512,8535,0.2439,,0.6,22844,21535
245652,St. John's College,Santa Fe,NM,2,21,12,3,4,1,1,368,1426,28,680,610,0.5315,16950,9850,0.6786,103700921,12704,0.5493,,0.8243,44985,33770
245777,Bais Medrash Elyon,Monsey,NY,2,24,15,3,3,1,1,61,,,,,0.375,5833,2789,,,3664,0,,0.75,,
245838,Antioch University-Los Angeles,Culver City,CA,2,18,5,3,4,1,1,60,,,,,,10100,6831,,3097970,22063,,,,51541,47986
245847,Antioch University-Santa Barbara,Santa Barbara,CA,2,20,5,3,4,1,1,55,,,,,,8951,6973,,763948,19554,,,,51541,47986
245865,Antioch University-New England,Keene,NH,2,18,0,4,4,1,1,,,,,,,7511,6818,,2114518,16407,,,,51541,47986
245883,Antioch University-Seattle,Seattle,WA,2,19,5,3,4,1,1,74,,,,,,8898,6973,,1822166,19438,,,,51541,47986
245892,Antioch University,Yellow Springs,OH,2,-2,-2,3,4,1,1,77,,,,,,7640,6973,,835838,16689,,,,51541,47986
245953,Mid-America Christian University,Oklahoma City,OK,2,19,11,3,4,1,1,1666,1020,,,,0.9176,3229,5970,1,3576281,10772,0.4423,,0.6515,46116,39265
246354,Palo Alto College,San Antonio,TX,1,3,1,2,3,1,1,8801,,,,,,6156,7853,0.4962,,1105,0.3296,,,37448,33233
246789,HJ International Graduate School for Peace and Public Leadership,New York,NY,2,24,0,4,4,1,1,,,,,,,4948,5990,,,3318,,,,,
247065,Beckfield College-Florence,Florence,KY,3,26,5,2,3,1,1,536,,,,,,10131,4039,0.96,,23096,0.3171,,,37114,34873
247162,Ecumenical Theological Seminary,Detroit,MI,2,24,0,1,4,1,1,11,,,,,,4849,4000,,,10996,,,,,
247649,Landmark College,Putney,VT,2,23,15,2,4,1,1,455,,,,,0.4944,16790,7373,1,27191058,51319,0.4302,,0.6301,29813,30033
247773,Yeshiva Gedolah of Greater Detroit,Oak Park,MI,2,24,10,3,3,1,1,75,,,,,0.9,22609,4864,,,14019,0.4,,0.96,,
247834,Collin County Community College District,McKinney,TX,1,14,5,2,3,1,1,26449,,,,,,6510,8873,0.2605,15742479,1886,0.2034,,,48701,38984
248934,ECPI University,Virginia Beach,VA,3,19,11,2,4,1,1,12090,,,,,0.7452,9396,6644,0.3209,,17651,0.4246,,0.5646,42837,41278
251312,South University-Columbia,Columbia,SC,3,17,7,3,4,1,1,450,,,,,,7410,7075,0.3415,,14275,0.2333,,0.5714,34421,34115
260372,Lac Courte Oreilles Ojibwe University,Hayward,WI,1,33,2,2,4,1,1,176,,,,,,15396,7699,0.7627,4470208,791,0.2258,,1,24302,18027
260789,Platt College-Los Angeles,Alhambra,CA,3,23,11,1,3,1,1,570,,,,,,10300,6367,0.2763,,15777,0.6345,,,40669,38619
262086,University of Massachusetts Global,Aliso Viejo,CA,1,17,5,3,4,1,1,4491,,,,,,4226,9855,0.0958,,14729,0.4286,,0.6222,65703,55438
262129,New College of Florida,Sarasota,FL,1,21,14,3,4,1,1,843,1150,26,540,520,0.732,21232,10340,0.844,48064213,0,0.6667,,0.7557,48082,32611
363907,Caribbean University-Ponce,Ponce,PR,2,22,7,3,4,1,1,414,,,,,,1336,2281,0.2581,36345,2830,0.3667,,0.76,22842,18349
363916,Caribbean University-Vega Baja,Vega Baja,PR,2,22,11,3,4,1,1,152,,,,,,1875,2185,,18969,3970,0.5,,0.65,22842,18349
363934,University of Advancing Technology,Tempe,AZ,3,22,11,2,4,1,1,855,,,,,0.9806,5703,6981,0.7561,,22294,0.3514,,0.7699,50719,39016
366003,South Florida Bible College and Theological Seminary,Deerfield Beach,FL,2,22,5,2,4,1,1,373,,,,,,7128,4103,0.6154,,14588,0.3636,,0.5385,45354,35869
366252,Pennsylvania College of Technology,Williamsport,PA,1,23,10,2,4,1,1,4464,,,,,,20672,9818,0.5589,29397927,22323,0.5348,,0.8054,52567,47995
366340,Stone Child College,Box Elder,MT,1,33,10,2,3,1,1,193,,,,,,7655,6202,0.7059,5496251,2517,0.3421,,,24555,11860
366368,New York Academy of Art,New York,NY,2,30,0,4,4,1,1,,,,,,,18186,6250,0.0617,564684,41414,,,,,
366711,California State University-San Marcos,San Marcos,CA,1,18,11,3,4,1,1,14877,,,,,0.951,8419,12046,0.4631,33548472,5856,0.5456,,0.7864,62908,48673
367954,University of St. Augustine for Health Sciences,San Marcos,CA,3,26,0,4,4,1,1,,,,,,,10606,8870,0.3319,,35246,,,,79150,
368452,Nossi College of Art and Design,Nashville,TN,3,30,15,3,3,1,1,247,,,,,0.4631,6159,7917,0.1702,,16973,0.418,,0.88,35113,28099
369002,Massachusetts School of Law,Andover,MA,2,31,0,4,4,1,1,,,,,,,7046,13341,0.3256,,18099,,,,,
369516,Bryan University,Springfield,MO,3,23,11,2,4,1,1,144,,,,,,1802,3000,0.15,,11949,0.8958,,,28725,28498
372073,Fremont University,Cerritos,CA,3,23,11,2,4,1,1,157,,,,,,3048,,0.08,,11016,0.3947,,0,39003,30681
374024,Adler Graduate School,Minnetonka,MN,2,26,0,4,4,1,1,,,,,,,7839,6848,0.2128,,17250,,,,,
375230,Yeshiva Gedolah Imrei Yosef D'spinka,Brooklyn,NY,2,24,11,3,3,1,1,226,,,,,,4177,5622,,,2608,0.2162,,0.7949,36545,26392
376224,CEM College-Humacao,Humacao,PR,3,26,11,2,3,1,1,161,,,,,,344,2701,0.2813,,8333,0.3818,,0.8,21033,18141
376385,Universal Technology College of Puerto Rico,Aguadilla,PR,2,26,11,1,3,1,1,149,,,,,,5978,3132,0.2292,,9806,0.6437,,,19878,18083
376695,College of the Marshall Islands,Majuro,MH,1,14,5,2,3,1,1,1009,,,,,,2400,2401,0.8095,2432123,268,0.1837,,,,16587
377546,Northwest College of Art & Design,Tacoma,WA,3,30,11,3,3,1,1,139,,,,,0.6598,3861,,,,19474,0.5769,,0.7679,31167,27505
377555,University of Washington-Bothell Campus,Bothell,WA,1,18,13,3,4,1,1,5457,,,,,0.906,4757,13164,0.6246,98371454,4318,0.6532,,0.8584,78466,62979
377564,University of Washington-Tacoma Campus,Tacoma,WA,1,18,11,3,4,1,1,4185,,,,,0.8252,5672,12135,0.8159,98371454,5148,0.6324,,0.7997,78466,62979
377661,Valley College-Martinsburg,Martinsburg,WV,2,23,11,1,3,1,1,765,,,,,,1134,6113,,,5895,0.6643,,0.5,24900,25548
378576,Pacific College of Health and Science,San Diego,CA,3,26,1,1,4,1,1,143,,,,,,4527,5720,0.1528,,16011,0.7692,,,26209,25108
379782,Center for Advanced Legal Studies,Houston,TX,3,13,4,1,3,1,1,271,,,,,,2045,4901,,,10324,0.6154,,,56561,43827
380359,Bay Mills Community College,Brimley,MI,1,33,5,1,3,1,1,662,,,,,,5022,6608,0.1932,13561961,744,0.3023,,,30048,28213
380368,Fond du Lac Tribal and Community College,Cloquet,MN,1,33,1,2,3,1,1,557,,,,,,8022,8898,0.3293,,2524,0.2566,,0.4384,45665,37251
380377,Northwest Indian College,Bellingham,WA,1,33,6,2,3,1,1,629,,,,,,12510,6422,0.4909,,5315,0.1806,,0.55,35447,29768
380438,Provo College,Provo,UT,3,26,11,3,3,1,1,669,,,,,,5944,7300,0.5882,,16933,0.5135,,0.6667,39645,32673
381352,Colorado Chinese Medicine University,Denver,CO,3,26,0,4,4,1,1,,,,,,,3672,,,,11350,,,,,
381459,Phoenix Seminary,Scottsdale,AZ,2,24,0,4,4,1,1,,,,,,,10407,7508,0.5556,1479139,5732,,,,,
383020,Midwest College of Oriental Medicine-Racine,Racine,WI,3,26,0,1,4,1,1,1,,,,,,7877,5167,,,20726,,,,44136,
384254,Beacon College,Leesburg,FL,2,22,15,3,3,1,1,506,,,,,0.4347,9122,6234,1,1863582,33918,0.6023,,0.8492,29420,19919
384306,Acupuncture and Integrative Medicine College-Berkeley,Berkeley,CA,2,26,0,4,4,1,1,,,,,,,8714,5833,,,11559,,,,,
384412,University of the Potomac-Washington DC Campus,Washington,DC,3,29,11,2,4,1,1,809,,,,,,1510,3125,,,5599,0.3333,,0.8,34961,38444
384421,Rabbi Jacob Joseph School,Edison,NJ,2,24,12,3,3,1,1,115,,,,,0.9167,22820,3467,,,15717,0,,0.9677,,
385415,Albert Einstein College of Medicine,Bronx,NY,2,27,0,4,4,1,1,,,,,,,93458,,,314075719,35580,,,,,
385619,Everglades University,Boca Raton,FL,2,20,12,3,4,1,1,2789,,,,,0.8145,5573,5277,0.2671,,21991,0.6136,,0.7365,47597,38557
386472,Herzing University-Orlando,Winter Park,FL,2,26,7,2,4,1,1,714,,,,,0.942,5219,7718,0.2069,,13487,0.3714,,0.4,36909,35295
388520,College of Biblical Studies-Houston,Houston,TX,2,24,5,3,3,1,1,419,,,,,,9853,5430,0.5333,237820,7810,0.4,,1,39260,33366
389745,Mercaz Hatorah of Belle Harbor,Belle Harbor,NY,2,-2,,2,3,1,1,,,,,,,,,,,,,,,,
392257,The College of Health Care Professions-Northwest,Houston,TX,3,26,10,1,3,1,1,4530,,,,,,3095,5478,0.3463,,5795,0.4673,,,33070,31970
399869,Southern California Institute of Technology,Anaheim,CA,3,28,10,1,3,1,1,508,,,,,0.7419,2136,6758,0.3,,7255,0.7404,,1,53598,60630
399911,Soka University of America,Aliso Viejo,CA,2,21,14,3,4,1,1,484,1440,26,620,713,0.4338,45356,13313,0.7692,1444065000,2343,0.9182,,0.9048,55017,42696
401223,World Mission University,Los Angeles,CA,2,24,7,3,4,1,1,207,,,,,,3328,6253,0.5,,5701,1,,1,,
401250,Yo San University of Traditional Chinese Medicine,Los Angeles,CA,2,26,0,4,4,1,1,,,,,,,7002,8407,,,6933,,,,,
404222,Inter American University of Puerto Rico-School of Optometry,Bayamon,PR,2,26,0,4,4,1,1,,,,,,,14337,7799,1,,33690,,,,,
404338,Schiller International University,Tampa,FL,3,29,11,3,4,1,1,43,,,,,,3747,4167,0.36,,8331,0.3333,,0.625,35529,37538
405058,Yeshivas Novominsk,Brooklyn,NY,2,-2,-2,2,3,1,1,157,,,,,0.9038,22295,6176,1,,24405,0.8077,,0.8261,,
405854,Rabbinical College of Ohr Shimon Yisroel,Brooklyn,NY,2,24,10,3,3,1,1,232,,,,,,12170,3042,,,15391,0.4118,,0.6154,,
406024,Galen College of Nursing-Tampa Bay,Saint Petersburg,FL,3,10,3,2,3,1,1,1465,,,,,,8005,6712,0.5938,,17687,0.6333,,0.5385,61480,58951
406033,Galen College of Nursing-San Antonio,San Antonio,TX,3,26,7,2,3,1,1,2953,,,,,,5627,6525,0.523,,12433,0.8088,,0.6129,61480,58951
407610,Pacific Bible College,Medford,OR,2,13,1,3,3,1,1,22,,,,,1,12827,,,,7526,0,,,,
407629,Lake Erie College of Osteopathic Medicine,Erie,PA,2,25,0,1,4,1,1,4,,,,,,14960,10880,0.3602,4326758,37425,,,,,
408844,Florida National University-Main Campus,Hialeah,FL,3,19,7,2,4,1,1,2449,,,,,,2747,4619,0.3814,,11434,0.3119,,0.7669,33928,29347
409254,Erikson Institute,Chicago,IL,2,19,0,4,4,1,1,,,,,,,38581,9072,1,57244725,12290,,,,,
409315,South Texas College,McAllen,TX,1,14,5,2,3,1,1,15856,,,,,,5695,7665,0.5562,339580,1091,0.2729,,0.5846,36788,28239
409616,Roger Williams University School of Law,Bristol,RI,2,31,0,4,4,1,1,,,,,,,17669,11287,0.4714,21738992,28157,,,,70266,53845
409698,California State University-Monterey Bay,Seaside,CA,1,18,11,3,4,1,1,6819,,,,,0.974,11704,12135,0.514,35488805,5923,0.5909,,0.7987,59247,48648
413413,Capella University,Minneapolis,MN,3,17,5,3,4,1,1,18364,,,,,,1815,7627,0.1233,,11153,0.2,,0.4167,42189,48500
413617,College of Menominee Nation,Keshena,WI,2,33,5,2,3,1,1,258,,,,,,51405,6755,0.3571,5292061,1040,0.3171,,,25853,25934
414595,Pacific College of Health and Science,New York,NY,3,26,5,2,4,1,1,330,,,,,,4603,7928,0.1176,,14561,0.5556,,,26209,25108
414878,Trine University-Regional/Non-Traditional Campuses,Angola,IN,2,19,5,3,4,1,1,607,,,,,0.3986,2185,8289,0.2207,17188809,7503,0,,1,57165,53010
414966,Phillips Theological Seminary,Tulsa,OK,2,24,0,4,4,1,1,,,,,,,33008,7297,1,131776610,3570,,,,,
416801,The University of Texas MD Anderson Cancer Center,Houston,TX,1,26,11,3,4,1,1,334,,,,,,18700,14326,1,6308524,4724,,,,90232,72924
417734,Southeast Missouri Hospital College of Nursing and Health Sciences,Cape Girardeau,MO,2,26,5,2,3,1,1,200,1020,22,,,1,17581,6532,1,,12354,0.75,,,60918,60055
417752,Messenger College,Bedford,TX,2,24,15,3,3,1,1,24,,,,,0.375,3909,2230,,837431,12033,1,,0.5714,29463,29135
418126,New York College of Health Professions,Syosset,NY,2,26,7,3,4,1,1,58,,,,,,15123,4778,,,16131,0.5,,,31601,30476
420246,Sonoran University of Health Sciences,Tempe,AZ,2,26,0,4,4,1,1,,,,,,,20085,7099,0.1899,1224582,30092,,,,,
420325,Yeshiva D'monsey Rabbinical College,Monsey,NY,2,24,14,3,3,1,1,84,,,,,0.3684,5990,3493,,,8767,0.0625,,0.4848,,
420705,Bakke Graduate University,Dallas,TX,2,24,0,4,4,1,1,,,,,,,1408,,,,10951,,,,,
421708,Arizona College of Nursing-Tempe,Tempe,AZ,3,10,4,3,3,1,1,1202,,,,,1,9013,7785,0.25,,24856,0.8889,,0.7143,34657,32840
421878,Eastern International College-Jersey City,Jersey City,NJ,3,26,5,3,3,1,1,495,,,,,0.6963,5003,7038,0.2258,,21473,0.3412,,0.5484,35008,36936
422695,Pacific College,Costa Mesa,CA,3,26,15,2,4,1,1,225,,,,,0.56,12432,5265,0.0597,,20168,0.625,,,70064,62792
423643,Midwestern University-Glendale,Glendale,AZ,2,25,0,4,4,1,1,,,,,,,35068,13033,0.9614,3002503,63543,,,,,
426314,Embry-Riddle Aeronautical University-Worldwide,Daytona Beach,FL,2,18,5,3,4,1,1,9139,1148,,520,520,0.5791,5693,9064,0.2097,6465000,13173,0.2055,,0.6029,84131,65391
428170,Southeastern College-Boynton Beach,Boynton Beach,FL,3,10,2,2,3,1,1,563,,,,,0.8704,6006,6430,0.4175,,15121,0.875,,0.6667,41200,35935
428259,Ottawa University-Milwaukee,Brookfield,WI,2,22,5,3,4,1,1,41,,,,,,2168,6468,,306163,8872,,,,55552,49139
429085,American College of Acupuncture and Oriental Med,Houston,TX,3,26,0,4,4,1,1,,,,,,,6826,5340,,,12444,,,,,
430184,Strayer University-Maryland,Baltimore,MD,3,29,5,3,4,1,1,1043,,,,,,1997,8381,0.1481,,14442,0.375,,1,40092,36582
430670,San Juan Bautista School of Medicine,Caguas,PR,2,25,10,3,4,1,1,94,,,,,1,11694,,,,26993,0.6923,,0.8889,,
430704,Texas Health and Science University,Austin,TX,3,26,11,4,4,1,1,,,,,,,11000,6026,,,14889,,,,,
432348,Appalachian School of Law,Grundy,VA,2,31,0,4,4,1,1,,,,,,,26039,9530,1,3989882,18827,,,,,
432384,Platt College-Ontario,Ontario,CA,3,23,11,2,3,1,1,500,,,,,,12463,6150,0.3636,,19090,0.582,,,40669,38619
433004,American University of Health Sciences,Signal Hill,CA,3,26,11,3,4,1,1,351,,,,,0.5,9563,11448,0.4896,,26660,0.5,,1,93610,111064
433013,Career Networks Institute,Santa Ana,CA,3,26,11,2,3,1,1,1133,,,,,,8478,10184,0.1806,,27546,0.8929,,1,45256,52232
433174,Carolinas College of Health Sciences,Charlotte,NC,1,26,5,1,3,1,1,533,1130,,460,490,0.599,19033,7524,0.8197,,13506,1,,,64624,59817
433387,Western Governors University,Salt Lake City,UT,2,18,11,3,4,1,1,155088,,,,,,2776,6375,0.746,2632637,8499,0.4618,,0.6458,60615,69572
433420,California Aeronautical University,Bakersfield,CA,3,28,11,3,4,1,1,347,,,,,,21411,6232,0.2532,,47378,0.3019,,0.6923,38361,37182
433536,Herzing University-New Orleans,Metairie,LA,2,23,5,2,4,1,1,346,,,,,0.92,4246,7240,0.2857,,10846,0.1538,,0.5,36909,35295
433660,Florida Gulf Coast University,Fort Myers,FL,1,17,13,3,4,1,1,13874,1114,22,530,510,0.6344,7517,9789,0.6719,95628690,5654,0.574,,0.8322,54560,45029
434441,Florida College of Integrative Medicine,Orlando,FL,3,26,0,4,4,1,1,,,,,,,3133,4348,,,21535,,,,,
434584,Ilisagvik College,Barrow,AK,1,33,5,1,3,1,1,126,,,,,,45117,8506,1,11039523,5597,0.4615,,1,39541,31396
434900,Dewey University-Carolina,Carolina,PR,2,23,6,2,3,1,1,292,,,,,,3792,2769,1,,4971,0.6207,,0.64,19761,17132
434937,Yeshiva College of the Nations Capital,Silver  Spring,MD,2,24,11,3,3,1,1,56,,,,,,6545,8791,,,3725,0,,0.6667,,
435000,Louisiana State University Health Sciences Center-Shreveport,Shreveport,LA,1,25,7,3,4,1,1,21,,,,,,140925,7934,0.9516,219255456,19097,,,,74671,65160
436429,Los Angeles Film School,Hollywood,CA,3,30,11,3,3,1,1,5472,,,,,,5920,5540,0.9063,,18298,0.4129,,0.5118,31632,24375
436614,International Baptist College and Seminary,Chandler,AZ,2,24,6,3,4,1,1,43,,,,,,5900,5163,,,7492,0.875,,0.25,39556,28602
436818,University of Connecticut-Waterbury Campus,Waterbury,CT,1,-2,-2,3,4,1,1,733,1060,23,480,430,0.8666,4207,17573,0.68,2377951,2914,0.5273,,0.7778,73997,63322
436827,University of Connecticut-Avery Point,Groton,CT,1,-2,-2,3,4,1,1,454,1090,25,490,470,0.8818,20253,17573,0.68,6907381,14028,0.6162,,0.7024,73997,63322
436836,University of Connecticut-Stamford,Stamford,CT,1,-2,-2,3,4,1,1,2432,1094,25,470,460,0.8298,3494,17573,0.68,5605170,2420,0.5654,,0.816,73997,63322
437097,University of Management and Technology,Arlington,VA,3,17,11,3,4,1,1,294,,,,,,594,1280,0.8621,,2357,0.3333,,1,68530,63721
438586,American InterContinental University-Atlanta,Atlanta,GA,3,19,7,3,4,1,1,734,,,,,,1595,7217,,,18486,0.2083,,0.1429,36144,27823
439020,Midwest College of Oriental Medicine-Skokie,Skokie,IL,3,26,0,4,4,1,1,0,,,,,,8198,4083,,,14062,,,,44136,
439190,Cascadia College,Bothell,WA,1,14,5,2,3,1,1,1032,,,,,,6380,11128,0.9091,2763252,3066,0.321,,,54133,44620
439367,CBD College,Los Angeles,CA,2,10,4,2,3,1,1,1581,,,,,,2610,7854,0.9474,,8654,0.8214,,,37237,34724
439446,Atlantic Institute of Oriental Medicine,Fort Lauderdale,FL,2,26,11,3,4,1,1,,,,,,,14546,4216,,,12648,,,,,
439701,The King's University,Southlake,TX,2,24,5,3,4,1,1,251,,,,,0.6064,6696,8073,1,5416283,12984,0.4737,,0.5,41471,30883
439783,New York College of Traditional Chinese Medicine,Mineola,NY,2,26,0,4,4,1,1,3,,,,,,6236,7875,,,10657,,,,,
439817,Northeastern Seminary,Rochester,NY,2,24,0,4,4,1,1,,,,,,,5571,7238,,5581459,12053,,,,,
439862,Pacific Islands University,Mangilao,GU,2,21,11,2,3,1,1,61,,,,,1,3359,2958,,,0,0.6667,,1,20902,
439871,PCI College,Cerritos,CA,3,26,11,2,3,1,1,149,,,,,,2275,6250,,,14248,0.6842,,1,36141,29823
439914,Seattle Institute of East Asian Medicine,Seattle,WA,2,26,0,4,4,1,1,,,,,,,4499,,,,11648,,,,,
440004,Upper Valley Educators Institute,Lebanon,NH,2,-2,-2,4,4,1,1,,,,,,,17642,,,,17625,,,,,
440031,Keck Graduate Institute,Claremont,CA,2,18,0,4,4,1,1,,,,,,,18706,12284,0.5625,69753680,32183,,,,,67541
440396,New Saint Andrews College,Moscow,ID,2,21,12,3,4,1,1,305,1262,,605,550,0.8389,9266,5748,1,151701,12720,0.7391,,0.8529,,
440651,Atenas University,Manati,PR,2,26,7,2,4,1,1,597,,,,,,4267,2869,0.3387,,6034,0.4248,,0.8182,20231,18391
440794,Pillar College,Newark,NJ,2,21,11,3,4,1,1,498,,,,,,5297,5265,0.3333,273785,13247,0.3846,,0.7411,45577,37885
440828,Oregon State University-Cascades Campus,Bend,OR,1,-2,-2,3,4,1,1,1044,1255,25,605,538,0.6311,3535,11502,0.7865,9564595,3739,0.5556,,0.75,64010,50843
440916,Southern University Law Center,Baton Rouge,LA,1,31,0,3,4,1,1,607,,,,,,10729,8753,0.4742,2232862,22641,,,0.6049,43371,33033
441104,Richmont Graduate University,Chattanooga,TN,2,26,0,4,4,1,1,,,,,,,7556,7265,0.3617,2185659,17905,,,,,
441131,The Seattle School of Theology & Psychology,Seattle,WA,2,26,0,4,4,1,1,,,,,,,15849,6873,1,,29254,,,,,
441229,Smith Chason College,Los Angeles,CA,3,26,10,2,3,1,1,2447,,,,,,4726,7881,0.2977,,14754,0.7194,,,58004,48956
441609,Yeshiva Shaarei Torah of Rockland,Suffern,NY,2,24,13,2,3,1,1,152,,,,,0.3667,7425,6365,0.6667,,6589,,,0.8889,89548,
441636,American Institute of Alternative Medicine,Columbus,OH,3,26,3,1,4,1,1,231,,,,,0.7829,5105,5511,1,,13272,0.6,,,40805,47719
441690,Universidad Pentecostal Mizpa,Rio Piedras,PR,2,24,5,2,4,1,1,137,,,,,,1855,847,0.0345,,7960,0.1538,,1,21410,20908
441900,Nevada State University,Henderson,NV,1,22,5,3,4,1,1,3762,,,,,0.8682,5897,9521,1,1550000,1324,0.3358,,0.7877,53166,47092
441937,California State University-Channel Islands,Camarillo,CA,1,20,13,3,4,1,1,5013,,,,,0.9481,13045,12682,0.5388,17629541,4164,0.5132,,0.7243,62152,46785
441982,Franklin W Olin College of Engineering,Needham,MA,2,28,14,3,3,1,1,377,1520,35,723,770,0.252,33960,15357,0.918,409756000,17733,0.9639,,0.9796,129455,105483
442064,Won Institute of Graduate Studies,Warminster,PA,2,26,0,4,4,1,1,,,,,,,8674,3753,0.1207,2507591,16791,,,,,
442295,Ave Maria School of Law,Naples,FL,2,31,0,4,4,1,1,,,,,,,14158,9811,1,2183851,23802,,,,,
442356,Saint Joseph's University - Lancaster,Lancaster,PA,2,26,5,2,4,1,1,1280,,,,,0.4121,8676,8255,0.7283,11860259,24665,0.6875,,0.8125,86881,66438
442426,St Louis College of Health Careers-Fenton,Fenton,MO,3,26,5,2,4,1,1,399,,,,,0.8,2938,5056,0.3846,,9907,0.5938,,,32217,28788
442569,University of Arkansas Grantham,LIttle Rock,AR,1,18,5,3,4,1,1,2833,,,,,,1908,6141,0.3067,,3999,0.4304,,0.3026,63496,26870
442639,University of the Potomac-VA Campus,FALLS CHURCH,VA,3,29,11,3,4,1,1,157,,,,,,2823,,,,10465,0.5,,0.6667,34961,38444
442806,Edward Via College of Osteopathic Medicine,Blacksburg,VA,2,25,0,4,4,1,1,,,,,,,24697,,,27364257,49451,,,,,
442842,Pacific College of Health and Science,Chicago,IL,3,26,0,1,4,1,1,2,,,,,,2612,4333,,,13790,0.7778,,,26209,25108
443030,Endeavor Health School of Nurse Anesthesia-DePaul University,Evanston,IL,2,-2,-2,4,4,1,1,,,,,,,21156,,,,21356,,,,,
443049,Faith International University,Tacoma,WA,2,20,5,3,4,1,1,276,,,,,,2261,3292,0.4074,,5188,0.25,,0.6667,51006,52989
443058,Family of Faith Christian University,Shawnee,OK,2,24,5,3,4,1,1,82,,,,,0.76,2870,1042,,,7929,,,,,
443076,Hood Theological Seminary,Salisbury,NC,2,24,0,4,4,1,1,,,,,,,18234,4882,1,9324494,16272,,,,,
443331,West Coast University-Texas,Richardson,TX,3,26,11,3,4,1,1,2673,,,,,,13491,9635,0.3787,,37402,0.3125,,1,102672,96114
443340,Williamson Christian College,Franklin,TN,2,29,11,3,4,1,1,41,,,,,,5685,1357,,,11754,0.6667,,0.5,37474,47309
443410,DigiPen Institute of Technology,Redmond,WA,3,22,15,3,4,1,1,995,1297,28,590,560,0.6442,10848,10167,0.4891,,25839,0.6095,,0.7619,79878,58771
443562,Dewey University-Hato Rey,Hato Rey,PR,2,26,6,3,4,1,1,244,,,,,,4520,2040,1,,5924,0.537,,0.5667,19761,17132
443571,InterCoast Colleges-West Covina,West Covina,CA,3,-2,-2,1,3,1,1,535,,,,,,610,6182,0.2308,,7389,0.9712,,0.8571,36089,39249
443599,American College of Healthcare Sciences,Portland,OR,3,26,5,1,4,1,1,759,,,,,0.5349,3313,5408,0.5122,,15738,1,,1,,26458
443650,Miller-Motte College-Chattanooga,Chattanooga,TN,3,7,4,2,3,1,1,4462,,,,,,1826,4761,0.1636,,8349,0.601,,0,31102,26349
443702,Bexley Hall Seabury Western Theological Seminary Federation Inc.,Chicago,IL,2,24,0,4,4,1,1,,,,,,,43223,6706,,23933110,12778,,,,,
443766,Strayer University-Tennessee,Nashville,TN,3,29,5,3,4,1,1,1784,,,,,,2214,8381,0.1667,,16008,0,,1,40092,36582
443784,Strayer University-Pennsylvania,Philadelphia,PA,3,20,5,3,4,1,1,1226,,,,,,1709,8381,0.1481,,12359,0,,,40092,36582
444088,Brookline College-Albuquerque,Albuquerque,NM,3,26,10,3,3,1,1,542,,,,,,8244,7366,0.5179,,18517,0.4706,,0,29576,32705
444103,Byzantine Catholic Seminary of Saints Cyril and Methodius,Pittsburgh,PA,2,24,0,4,4,1,1,,,,,,,18010,1620,,,20576,,,,,
444130,Northcentral University,San Diego,CA,2,17,5,3,4,1,1,60,,,,,,1881,,,114287300,5701,,,,48414,46759
444325,ATI College-Whittier,Whitter,CA,3,-2,-2,1,3,1,1,149,,,,,,5804,3543,,,25329,0.7222,,0.25,38938,36256
444398,Baptist University of the Americas,San Antonio,TX,2,22,7,3,3,1,1,99,,,,,,5181,3773,0.0732,4103344,11671,0.8,,0.6667,37709,27315
444413,Beis Medrash Heichal Dovid,Far Rockaway,NY,2,24,12,3,3,1,1,206,,,,,0.7895,5927,12716,,,13685,0.5263,,0.8354,,
444699,Institute of Clinical Acupuncture & Oriental Medicine,Honolulu,HI,3,26,0,4,4,1,1,,,,,,,8106,3056,,,20242,,,,,
444778,Charlotte Christian College and Theological Seminary,Charlotte,NC,2,24,5,2,4,1,1,24,,,,,,4963,3006,,,8156,,,,33696,41684
444787,Nightingale College,Salt Lake City,UT,3,26,7,3,4,1,1,5986,,,,,,2888,7549,0.8841,,12360,0.2063,,0.5,27126,63412
445027,American InterContinental University System,Chandler,AZ,3,18,11,3,4,1,1,7111,,,,,,1908,6706,,,15074,0.0851,,0.3596,36144,27823
445054,Toyota Technological Institute at Chicago,Chicago,IL,2,28,0,4,4,1,1,,,,,,,,,,,,,,,,
445133,American InterContinental University-Houston,Houston,TX,3,20,7,3,4,1,1,94,,,,,,5539,7818,,,16048,0.0455,,0.25,36144,27823
445188,University of California-Merced,Merced,CA,1,16,10,3,4,1,1,8372,,,,,0.9053,12647,14834,0.9328,29095000,9663,0.6872,,0.8213,64368,48475
445267,Central Methodist University-College of Graduate and Extended Studies,Fayette,MO,2,20,5,3,4,1,1,2092,1120,,,,0.8753,2251,6109,1,16102164,2789,0,,0.5294,48991,43860
445692,Neumont College of Computer Science,Salt Lake City,UT,3,28,10,3,3,1,1,453,1093,,410,460,0.8678,4869,10119,1,,18273,0.627,,0.7399,97827,77865
445708,Johnson & Wales University-Charlotte,Charlotte,NC,2,22,10,2,3,1,1,1184,1007,,450,430,0.7988,14543,10592,1,8910847,17249,0.4897,,0.7152,43418,35802
445735,Roseman University of Health Sciences,Henderson,NV,2,26,11,3,4,1,1,536,,,,,,19153,12064,0.516,30387734,50356,,,,120163,96993
445869,Divine Mercy University,Sterling,VA,2,26,0,4,4,1,1,,,,,,,9301,8247,0.9429,163118,15574,,,,,
446002,American Academy of Health and Wellness,Roseville,MN,3,26,0,4,4,1,1,,,,,,,5148,1031,,,10309,,,,,
446039,Arizona School of Acupuncture and Oriental Medicine,Tucson,AZ,3,26,0,4,4,1,1,,,,,,,4467,,,,16758,,,,,
446048,Ave Maria University,Ave Maria,FL,2,21,12,3,4,1,1,1298,,,,,0.4139,13083,9091,1,8989288,9562,0.5394,,0.7893,49520,43572
446127,ATA Career Education,Spring Hill,FL,3,10,4,1,3,1,1,201,,,,,,3794,5974,0.5161,,9211,0.6667,,,34577,29724
446224,Eastern School of Acupuncture and Traditional Medicine,Bloomfield,NJ,3,26,0,1,4,1,1,2,,,,,,8680,,,,21471,,,,48962,
446233,Ecclesia College,Springdale,AR,2,22,13,3,3,1,1,108,,,,,0.7381,6213,1331,0.3667,,7890,0.4,,0.4839,40650,32147
446385,Los Angeles College of Music,Pasadena,CA,3,30,13,3,4,1,1,227,,,,,0.8771,8743,5308,0.016,,24031,0.4127,,0.6129,31758,20538
446525,SAE Institute of Technology-Nashville,Nashville,TN,3,30,10,1,3,1,1,1712,,,,,,2804,4494,0.3219,,16596,0.4173,,,39544,23932
446561,Stanbridge University,Irvine,CA,3,26,15,3,4,1,1,2643,,,,,0.1,3124,7667,0.3089,,22200,0.6209,,0.8356,62144,53729
446604,Uta Mesivta of Kiryas Joel,Monroe,NY,2,24,11,3,3,1,1,2957,,,,,,7368,3617,1,,13816,0.7019,,0.9399,31853,27871
446640,Harrisburg University of Science and Technology,Harrisburg,PA,2,18,10,3,4,1,1,615,,,,,0.8735,13486,9125,0.269,1251035,18421,0.3387,,0.7388,52374,34365
447050,United States University,Sandy Springs,CA,3,26,5,3,4,1,1,153,,,,,,3939,7532,1,,13311,,,,80980,34909
447263,Joyce University of Nursing and Health Sciences,Draper,UT,3,26,7,2,4,1,1,2058,,,,,0.6188,10189,7480,0.4318,,19541,0.5417,,0.8605,49841,45177
447421,Eagle Gate College-Layton,Layton,UT,3,26,11,3,3,1,1,226,,,,,,6658,7269,,,16316,0.3846,,0.6667,37518,36393
447689,Georgia Gwinnett College,Lawrenceville,GA,1,22,6,3,3,1,1,11344,,20,,,0.955,4730,8110,0.7396,,2732,0.2147,,0.6337,47730,36756
447698,Phoenix Institute of Herbal Medicine & Acupuncture,Phoenix,AZ,3,26,0,4,4,1,1,,,,,,,2691,4750,0.0571,,9807,,,,,
447713,California Career College,Canoga Park,CA,3,10,4,2,3,1,1,190,,,,,,1842,2976,0.9231,,4185,1,,,51684,47215
447801,University of East-West Medicine,Sunnyvale,CA,3,26,0,4,4,1,1,,,,,,,2838,,,,12512,,,,,
447953,SUM Bible College and Theological Seminary,El Dorado Hills,CA,2,24,13,3,4,1,1,198,,,,,0.4068,4214,5000,,95960,10205,0.8481,,0.6429,35418,30871
448239,Careers Unlimited,Orem,UT,3,26,10,3,3,1,1,118,,,,,,5647,9842,,,19514,,,,30829,48228
448691,International Institute for Restorative Practices,Bethlehem,PA,2,32,0,4,4,1,1,,,,,,,103690,6551,1,67582,11338,,,,,
449038,Strayer University-Florida,Tampa,FL,3,19,5,3,4,1,1,1107,,,,,,1828,8381,0.1481,,13222,1,,0.6667,40092,36582
449135,Dewey University-Juana Diaz,Juana Diaz,PR,2,26,5,2,3,1,1,263,,,,,,1742,2736,1,,2283,0.7333,,0.5938,19761,17132
449339,American Public University System,Charles Town,WV,3,18,5,3,4,1,1,40074,,,,,,1771,5404,0.1842,,7704,0.5716,,0.9714,44409,32917
449348,Huntsville Bible College,Huntsville,AL,2,24,5,1,4,1,1,64,,,,,,4941,,,,5660,0,,,,25470
449384,Gnomon,North Hollywood,CA,3,30,15,3,3,1,1,294,,,,,0.4182,8278,11289,,,37163,1,,0.9,114785,90652
449481,Dragon Rises College of Oriental Medicine,Bradenton,FL,2,26,0,4,4,1,1,,,,,,,2842,,,,9569,,,,,
449658,Bais Medrash Toras Chesed,Lakewood,NJ,2,24,13,3,3,1,1,132,,,,,0.5765,4866,5089,,,5862,0.3333,,0.9091,,
449764,Visible Music College,Memphis,TN,2,30,5,3,4,1,1,79,1050,19,,,0.2803,10511,2476,0.3478,10900,16595,0.2286,,0.6667,35933,32345
449834,Virginia Beach Theological Seminary,Virginia Beach,VA,2,24,0,4,4,1,1,1,,,,,,21426,5113,,865576,7072,,,,,
449870,University of the West,Rosemead,CA,2,21,11,3,4,1,1,32,,,,,1,15538,5842,0.2381,16027210,20440,0.375,,0.5,,33856
449889,American College of Education,Indianapolis,IN,3,32,10,3,4,1,1,359,,,,,,,3626,0.2446,,,,,,,
449898,South University-Tampa,Tampa,FL,3,26,7,3,4,1,1,388,,,,,,8099,7883,0.3667,,16815,0.2333,,0.5,34421,34115
449922,Appalachian College of Pharmacy,Oakwood,VA,2,26,0,4,4,1,1,,,,,,,34961,9823,1,486299,35898,,,,,
450298,Strayer University-Delaware,Wilmington,DE,3,29,5,3,4,1,1,161,,,,,,2894,8381,0.1667,,20928,,,0,40092,36582
450304,Brite Divinity School,Fort Worth,TX,2,24,0,4,4,1,1,,,,,,,38620,10905,1,97459097,0,,,,68424,60435
450377,Strayer University-Alabama,Birmingham,AL,3,20,5,3,4,1,1,1196,,,,,,1748,8381,0.1481,,12641,0,,,40092,36582
450571,Rasmussen University-Wisconsin,Green Bay,WI,3,23,5,2,3,1,1,55,,,,,,4910,6556,0.1176,,17266,0.5667,,,39080,41436
450933,Columbia Southern University,Orange Beach,AL,3,18,5,3,4,1,1,12176,,,,,,1191,4485,0.3997,,4405,0.3328,,0.7099,63534,55140
451079,Academy for Five Element Acupuncture,Gainesville,FL,2,26,0,4,4,1,1,,,,,,,4265,,,,11996,,,,,
451103,Miami Regional University,Miami Springs,FL,3,26,5,2,4,1,1,312,,,,,,3447,8265,0.55,,10721,0.8448,,0.9655,29081,43161
451370,Yeshivas Be'er Yitzchok,Elizabeth,NJ,2,24,11,3,3,1,1,90,,,,,0.8621,7632,4495,,,7365,0.1429,,1,82560,
451398,Yeshiva Toras Chaim,Lakewood,NJ,2,24,12,3,3,1,1,227,,,,,0.4425,9320,5532,,,12540,0.3103,,0.9194,62526,
451404,Talmudical Seminary of Bobov,Brooklyn,NY,2,24,11,3,3,1,1,602,,,,,0.9787,9163,3274,1,,14634,0.3922,,0.6869,22432,24642
451510,Charleston School of Law,Charleston,SC,3,31,0,4,4,1,1,,,,,,,8125,13361,0.5472,,27115,,,,,
451556,Southwest University at El Paso,El Paso,TX,3,26,11,2,3,1,1,2073,,,,,,2246,3960,,,13295,0.5942,,0.6382,29648,29611
451750,Bryant & Stratton College-Wauwatosa,Wauwatosa,WI,2,23,5,2,3,1,1,1037,,,,,,9506,6719,0.4216,,22224,0.1974,,0.4286,32568,27873
451866,Remington College-Shreveport Campus,Shreveport,LA,2,14,10,1,3,1,1,315,,,,,,2543,4047,,,10654,0.3302,,1,31349,26884
451927,Patrick Henry College,Purcellville,VA,2,21,14,3,3,1,1,395,1352,30,660,580,0.7744,12211,7341,0.3953,2772014,14069,0.7386,,0.875,,
452948,Galen College of Nursing-Cincinnati,Cincinnati,OH,3,10,2,2,3,1,1,645,,,,,,8584,7318,0.525,,18967,0.5714,,0.8333,61480,58951
453163,Strayer University-North Carolina,Greensboro,NC,3,18,5,3,4,1,1,2671,,,,,,1593,8381,0.1636,,11523,0.3333,,,40092,36582
453215,Strayer University-New Jersey,Piscataway,NJ,3,-2,-2,3,4,1,1,702,,,,,,754,8381,0.1667,,5454,0,,,40092,36582
454227,Chamberlain University-Illinois,Addison,IL,3,26,5,3,4,1,1,14027,,,,,0.8264,2772,7912,0.1087,,19363,0.4167,,0.7273,92405,84533
454236,Chamberlain University-Ohio,Columbus,OH,3,26,5,3,3,1,1,257,,,,,0.875,6856,8978,0.0968,,24663,0.2857,,0.3333,92405,84533
454245,Chamberlain University-Arizona,Phoenix,AZ,3,26,5,3,3,1,1,693,,,,,0.9091,6215,8978,0.0968,,25964,0.5,,0.6667,92405,84533
454582,Ottawa University-Online,Overland Park,KS,2,22,5,3,4,1,1,259,,,,,,4817,10633,1,5623733,19718,0.4286,,1,55552,49139
454689,Taft University System,Denver,CO,3,17,10,4,4,1,1,0,,,,,,734,,,,6689,,,,,
454786,Laurus College,San Luis Obispo,CA,3,14,5,2,3,1,1,1116,,,,,,3105,5364,0.7838,,20459,0.4286,,0.7931,30896,33247
454829,Aspen University,Phoenix,AZ,3,26,5,3,4,1,1,1466,,,,,,2613,5671,,,8495,0.2727,,,,29448
454838,Institute of Taoist Education and Acupuncture,Louisville,CO,2,26,0,4,4,1,1,,,,,,,9646,,,,14460,,,,,
454856,Denver College of Nursing,Denver,CO,3,26,11,3,4,1,1,757,,,,,,6139,6627,0.1361,,15270,,,,81809,80184
454865,Cambridge College of Healthcare & Technology,Delray Beach,FL,3,10,4,2,3,1,1,1315,,,,,,4103,8714,,,10071,0.7647,,,47792,38468
455099,Urshan Graduate School of Theology,Wentzville,MO,2,24,0,4,4,1,1,,,,,,,11653,5681,,,11706,,,,,
455178,Daoist Traditions College of Chinese Medical Arts,Asheville,NC,3,26,0,4,4,1,1,,,,,,,4197,,,,15030,,,,,
455406,Pacific Northwest University of Health Sciences,Yakima,WA,2,25,0,4,4,1,1,,,,,,,33049,10877,0.5556,2359908,59195,,,,,
455433,The Chicago School at Anaheim,Anaheim,CA,2,26,0,4,4,1,1,,,,,,,7645,8391,1,5965163,25448,,,,56899,51817
455664,The Chicago School at Los Angeles,Los Angeles,CA,2,26,5,3,4,1,1,337,,,,,0.4634,9864,8016,1,38619529,32837,0,,,56899,51817
455770,Providence Christian College,Pasadena,CA,2,21,15,3,3,1,1,168,,,,,1,6898,6313,0.8182,25322,10821,0.2,,0.7857,46264,32827
455804,Institute of World Politics,Washington,DC,2,32,0,4,4,1,1,,,,,,,36448,11615,1,2796856,21273,,,,,
455813,Pontifical John Paul II Institute for Studies on Marriage and Family,Washington,DC,2,24,0,4,4,1,1,,,,,,,63853,10480,,2951837,10737,,,,,
455992,Vermont College of Fine Arts,Montpelier,VT,2,19,0,4,4,1,1,,,,,,,9513,,,472529,23263,,,,,
456490,Polytechnic University of Puerto Rico-Orlando,Orlando,FL,2,22,5,3,4,1,1,96,,,,,,6464,6040,0.2,,12694,0.3333,,0.375,47540,37753
456542,Geisinger Commonwealth School of Medicine,Scranton,PA,2,25,0,2,4,1,1,88,,,,,,33092,7862,1,5148675,46240,,,,,79224
456621,Strayer University-West Virginia,Scott Depot,WV,3,29,5,3,4,1,1,234,,,,,,2127,8381,0.1667,,15383,0,,,40092,36582
456959,University of Minnesota-Rochester,Rochester,MN,1,26,12,3,3,1,1,568,1183,26,460,490,0.71,7597,8587,1,1168550,13964,0.574,,0.7037,69020,57984
457086,Homestead Schools,Torrance,CA,2,26,6,1,3,1,1,157,,,,,,10185,9365,0.3448,,21145,0.9333,,,59398,43413
457129,Chamberlain University-Florida,Jacksonville,FL,3,26,5,3,3,1,1,821,,,,,0.9091,6258,8080,0.1075,,25043,0.3333,,0.625,92405,84533
457226,Horizon University,Indianapolis,IN,2,24,5,2,4,1,1,63,,,,,,2661,,,,5589,,,,65875,
457271,Academy for Jewish Religion California,Los Angeles,CA,2,24,0,4,4,1,1,,,,,,,6512,1306,,25451,25925,,,,,
457299,Angeles College,Los Angeles,CA,3,26,11,1,3,1,1,598,,,,,,4276,7910,0.4545,,15300,0.9254,,0.8571,49108,26732
457402,University of Fort Lauderdale,Lauderhill,FL,2,32,5,3,4,1,1,314,,,,,,3651,5417,0.0952,,12120,1,,,38062,
457484,Pacific Rim Christian University,Honolulu,HI,2,22,9,3,4,1,1,129,,,,,,3511,,,70466,10715,0.4545,,0.7778,40523,
457697,City Vision University,Kansas City,MO,2,22,5,1,4,1,1,257,,,,,,1515,,,,5238,0,,,21123,40650
458113,Ascent College,Gainesville,VA,2,24,5,1,3,1,1,82,,,,,,2637,2500,,79288,4591,1,,,,31455
458210,West Coast University-Anaheim-Orange County,Anaheim,CA,3,26,11,3,4,1,1,3192,,,,,,10987,9170,0.2055,,30459,0.6,,1,102672,96114
458229,West Coast University-Ontario,Ontario,CA,3,26,11,3,3,1,1,2671,,,,,,12873,9321,0.2552,,35688,0.3889,,0.8889,102672,96114
458885,Strayer University-Arkansas,Little Rock,AR,3,22,5,3,4,1,1,695,,,,,,821,8381,0.1667,,5940,,,,40092,36582
458919,Strayer University-Georgia,Chamblee,GA,3,29,5,3,4,1,1,4299,,,,,,1761,7450,0.1667,,12739,0.2143,,0.75,40092,36582
458955,Strayer University-Mississippi,Jackson,MS,3,29,5,3,4,1,1,882,,,,,,709,8381,0.1667,,5128,0,,,40092,36582
458964,Strayer University-South Carolina,Greenville,SC,3,29,5,3,4,1,1,1868,,,,,,1467,8381,0.1471,,10612,0.1667,,1,40092,36582
458973,Strayer University-Texas,Farmers Branch,TX,3,29,5,3,4,1,1,2293,,,,,,1397,8381,0.1463,,10106,0.25,,1,40092,36582
459204,Unitek College,Fremont,CA,3,26,10,1,3,1,1,4972,,,,,,6772,7906,0.4407,,18819,0.7313,,0.8947,79550,62043
459213,Gurnick Academy of Medical Arts,San Jose,CA,3,26,11,1,4,1,1,3421,,,,,,5410,9024,0.4156,,14384,0.6388,,0.6,66844,64364
459259,South University-Richmond,Glen Allen,VA,3,26,5,3,4,1,1,232,,,,,,10658,7481,0.3103,,18532,0.4211,,0.6667,34421,34115
459268,South University-Virginia Beach,Virginia Beach,VA,3,22,7,3,4,1,1,240,,,,,,8609,6664,0.2195,,14180,0.0833,,1,34421,34115
459727,Touro University Worldwide,Los Alamitos,CA,2,18,7,3,4,1,1,454,,,,,,2918,6938,0.096,,11435,0.2857,,0.6471,40803,48057
459736,Touro University California,Vallejo,CA,2,25,0,4,4,1,1,23,,,,,,23678,11074,0.3926,,44782,,,,104805,92446
459745,The Chicago School at Washington DC,Washington,DC,2,26,0,4,4,1,1,,,,,,,9222,6738,1,7001365,30698,,,,56899,51817
459824,Touro University Nevada,Henderson,NV,2,25,11,3,4,1,1,22,,,,,,13087,10302,0.3446,5846624,38968,,,,104805,92446
459842,Herzing University-Kenosha,Kenosha,WI,2,26,7,3,3,1,1,522,,,,,0.92,7719,7591,0.359,,14446,0.7222,,0.5714,36909,35295
459851,Herzing University-Brookfield,Brookfield,WI,2,26,5,1,4,1,1,380,,,,,0.9306,6885,8256,0.1892,,12424,0.4167,,0.4,36909,35295
459949,Texas A&M University-San Antonio,San Antonio,TX,1,18,5,3,4,1,1,6599,955,20,430,410,0.928,5571,8625,1,4485645,7310,0.4017,,0.6567,54338,43479
459994,Strayer University-Global Region,Washington,DC,3,29,5,3,4,1,1,9376,,,,,,1972,7200,0.1674,,14265,0.1429,,0.6,40092,36582
460349,Johnson & Wales University-Online,Providence,RI,2,18,5,3,4,1,1,2202,,,,,0.9097,5531,10481,1,46406363,8729,0,,0.5217,43418,35802
460871,Chamberlain University-Virginia,Vienna,VA,3,26,5,3,3,1,1,557,,,,,0.9,6839,8978,0.0968,,26319,1,,1,92405,84533
461023,Crestpoint University,Phoenix,AZ,3,31,11,3,4,1,1,385,,,,,,1862,,,,9661,0.3303,,0.25,42269,34769
461032,Carolina College of Biblical Studies,Fayetteville,NC,2,24,5,3,4,1,1,159,,,,,,1664,,,508219,7456,0,,1,24581,34156
461120,Omega Graduate School,Dayton,TN,2,20,0,4,4,1,1,,,,,,,3126,765,,285075,5179,,,,,
461139,Jung Tao School of Classical Chinese Medicine,Sugar Grove,NC,2,26,0,4,4,1,1,,,,,,,2333,,,,8590,,,,,
461148,New York Film Academy,Burbank,CA,3,30,11,3,4,1,1,849,,,,,,12894,5792,0.3194,,28067,0.677,,0.6591,29633,25150
461263,American Medical Sciences Center,Glendale,CA,3,10,4,3,3,1,1,365,,,,,,2926,3541,,,8521,0.75,,1,29972,36193
461281,Jose Maria Vargas University,Pembroke Pines,FL,3,32,7,1,4,1,1,86,,,,,,2747,3581,,,14795,,,,,
461485,Shepherds Theological Seminary,Cary,NC,2,24,0,4,4,1,1,,,,,,,8459,7704,0.6875,,10540,,,,,
461528,Manna University,Fayetteville,NC,2,22,5,1,4,1,1,183,,,,,0.5269,1165,1054,0.4167,37260,5607,0.8,,1,,33431
461759,Simmons College of Kentucky,Louisville,KY,2,21,6,2,4,1,1,481,,14,,,1,4030,4126,1,,12232,0.1373,,0.6389,,22732
461795,North American University,Stafford,TX,2,19,10,3,4,1,1,609,,,,,,6234,4633,0.42,,12863,0.3158,,0.4595,,32221
461847,Keser Torah-Mayan Hatalmud,Lakewood,NJ,2,24,11,3,3,1,1,57,,,,,1,3986,7000,,,10476,0.4,,1,,
461883,Millennia Atlantic University,Doral,FL,3,29,7,3,4,1,1,184,,,,,,3599,,0.3404,,9576,1,,0.0444,,
462044,Institute for Doctoral Studies in the Visual Arts,Portland,ME,2,20,0,4,4,1,1,,,,,,,13418,7234,,1101158,32537,,,,,
462354,John Paul the Great Catholic University,Escondido,CA,2,22,11,3,3,1,1,286,1130,22,505,470,0.7963,19433,7563,0.3684,42136,12303,0.6386,,0.8507,56930,34360
463056,University of Connecticut-Hartford Campus,Hartford,CT,1,-2,-2,3,4,1,1,1525,1073,19,470,460,0.8833,4933,17573,0.68,5038991,3416,0.6505,,0.8373,73997,63322
464226,Ottawa University-Surprise,Surprise,AZ,2,22,11,3,4,1,1,836,972,19,440,400,0.7815,4030,6690,1,5253115,16495,0.1818,,0.5,55552,49139
466921,Chamberlain University-Missouri,St. Louis,MO,3,26,5,3,3,1,1,284,,,,,1,6411,8978,0.0968,,24814,1,,0.5,92405,84533
466930,Chamberlain University-Texas,Houston,TX,3,26,5,3,3,1,1,2270,,,,,0.8387,5252,8197,0.105,,26209,0.25,,0.6087,92405,84533
469416,Dewey University-Manati,Manati,PR,2,26,6,2,3,1,1,221,,,,,,3475,2650,1,,4554,0.5897,,0.5263,19761,17132
474863,Los Angeles Pacific University,Glendora,CA,2,19,5,3,4,1,1,1483,,,,,,1909,8391,0.0894,,14430,0.2105,,0.5714,,
475033,Relay Graduate School of Education,New York,NY,2,32,0,1,4,1,1,44,,,,,,10557,8543,0.5652,,24947,,,,,
475121,South University-Savannah Online,Savannah,GA,3,17,7,3,4,1,1,6433,,,,,,2559,6181,0.1115,,7622,0.0689,,0.3395,34421,34115
475200,Whitworth University-Adult Degree Programs,Spokane,WA,2,22,5,3,3,1,1,145,,,,,0.2857,9049,4214,1,,16314,,,,58561,49510
475228,The Colleges of Law at Santa Barbara,Santa Barbara,CA,2,31,0,4,4,1,1,,,,,,,11010,,,1512501,38735,,,,,
475273,Springfield College-Regional Online and Continuing Education,Springfield,MA,2,20,5,3,4,1,1,176,,,,,,5179,7503,1,,16975,,,,48036,43692
475398,Catholic International University,Charles Town,WV,2,24,5,3,4,1,1,116,,,,,,3541,4315,0.2,,13208,1,,,,
475495,Rocky Mountain University of Health Professions,Provo,UT,3,26,0,4,4,1,1,,,,,,,4490,10763,0.3521,,22024,,,,,
475608,Criswell College,Dallas,TX,2,22,5,3,4,1,1,132,,,,,1,22814,6560,0.2391,8786887,5984,0.5,,1,43185,42026
475714,American Medical Academy,Miami,FL,3,10,3,1,3,1,1,412,,,,,,2581,7708,1,,9959,0.5278,,0.6136,,64774
475732,Chamberlain University-Georgia,Sandy Springs,GA,3,26,5,3,3,1,1,1940,,,,,0.9143,5179,8288,0.104,,26319,0.5,,0.4,92405,84533
475741,Chamberlain University-Indiana,Indianapolis,IN,3,26,5,3,3,1,1,144,,,,,1,5917,8978,0.0968,,24279,0,,1,92405,84533
475839,Sessions College,Tempe,AZ,3,12,1,1,3,1,1,188,,,,,,4635,,,,24230,0.4,,0.6667,,36805
476601,Bais HaMedrash and Mesivta of Baltimore,Baltimore,MD,2,24,10,3,3,1,1,87,,,,,1,18783,5551,,,26349,0.3182,,0.8519,,
476692,Yeshiva Gedolah Zichron Leyma,Union,NJ,2,24,12,2,3,1,1,47,,,,,0.5667,7741,4061,,,9243,0.6667,,0.5625,,
476717,Be'er Yaakov Talmudic Seminary,Spring Valley,NY,2,24,10,3,3,1,1,765,,,,,,7391,1762,0.6094,,14173,0.5878,,0.9828,17360,26758
476975,Colorado State University Global,Denver,CO,1,18,5,3,4,1,1,6563,,17,,,0.984,2681,5853,0.0464,,9080,,,0.74,76813,65131
479956,Pennsylvania State University-World Campus,University Park,PA,1,-2,-2,3,4,1,1,7877,1248,,560,530,0.9115,1569,,,66419130,3249,0.3415,,0.6585,63435,55620
480073,South University-Austin,Round Rock,TX,3,22,7,3,4,1,1,211,,,,,,9672,8124,0.3636,,14780,0,,0.3846,34421,34115
480091,Bryant & Stratton College-Online,Orchard Park,NY,2,23,7,2,3,1,1,8841,,,,,,886,4907,0.1408,,15531,0.233,,0.2222,32568,27873
480198,Warner Pacific University Professional and Graduate Studies,Portland,OR,2,22,5,3,4,1,1,144,,,,,0.5935,7636,8684,1,5500084,17095,,,,55204,45660
480204,Platt College-Riverside,Riverside,CA,3,23,11,2,3,1,1,413,,,,,,10835,6206,0.2879,,16597,0.575,,,40669,38619
480657,Rasmussen University-Kansas,Topeka,KS,3,23,5,2,3,1,1,359,,,,,,4814,7083,0.25,,16744,0.4545,,,39080,41436
480781,California Miramar University,San Diego,CA,3,29,13,3,4,1,1,135,,,,,0.1847,1398,,0.0714,,7640,0.5,,0.9231,,
480790,Rocky Vista University,Parker,CO,3,25,0,4,4,1,1,,,,,,,29107,10082,0.6444,,56446,,,,,
480985,Midwives College of Utah,Salt Lake City,UT,2,26,11,3,3,1,1,234,,,,,0.8571,2440,4869,,,6140,0.4,,0.5,,24743
481030,Future Generations University,Franklin,WV,2,32,0,4,4,1,1,,,,,,,41501,6115,1,8760484,21751,,,,,
481058,Grace Mission University,Fullerton,CA,2,24,9,3,4,1,1,68,,,,,,2540,4417,,,6896,1,,0.8,,
481094,Sotheby's Institute of Art-NY,New York,NY,3,30,0,4,4,1,1,,,,,,,21010,7353,0.1154,,32592,,,,,
481225,Mid-South Christian College,Memphis,TN,2,24,11,3,4,1,1,19,,,,,1,6249,4852,,178922,3920,0.6,,0.25,,
481401,Grace School of Theology,The Woodlands,TX,2,24,5,3,4,1,1,229,,,,,,4533,6159,0.1957,,2378,1,,1,,
481410,Yeshiva Gedolah Kesser Torah,Monsey,NY,2,24,14,3,3,1,1,84,,,,,0.5238,4162,2722,,,9834,0.3478,,0.8421,,
481438,Yeshiva Yesodei Hatorah,Lakewood,NJ,2,24,12,3,3,1,1,75,,,,,0.8519,19794,3433,,,15826,0.3636,,0.75,,
481535,Sanford Burnham Prebys Medical Discovery Institute,La Jolla,CA,2,26,0,4,4,1,1,,,,,,,0,17775,0.9574,,0,,,,,
481720,South University-High Point,High Point,NC,3,26,0,3,3,1,1,67,,,,,,6210,,,,13616,,,,34421,34115
482149,Augusta University,Augusta,GA,1,16,13,3,4,1,1,5613,1070,25,500,470,0.8641,17550,9414,0.6429,355326108,10735,0.4881,,0.7556,48472,45037
482158,Middle Georgia State University,Macon,GA,1,19,7,3,4,1,1,6574,1083,22,490,460,0.9968,7135,8304,0.745,15246082,4459,0.2533,,0.6529,40863,39624
482228,Veritas Baptist College,Lawrenceburg,IN,2,24,5,3,4,1,1,111,,,,,0.95,3396,3386,,,8514,0.4286,,1,,30634
482413,DeVry College of New York,New York,NY,3,29,9,3,4,1,1,86,,,,,1,6000,11384,0.1905,,12791,0.3077,,0,45987,42178
482422,DeVry University-Arizona,Phoenix,AZ,3,22,5,3,3,1,1,6,,,,,,31327,10207,0.125,,12900,0.6667,,,45987,42178
482431,DeVry University-California,Ontario,CA,3,19,5,1,4,1,1,2378,,,,,0.985,1811,9738,0.1299,,11178,0.2174,,0.52,45987,42178
482459,DeVry University-Florida,Orlando,FL,3,29,5,3,4,1,1,109,,,,,,3441,9587,0.1,,11006,0.3333,,1,45987,42178
482468,DeVry University-Georgia,Decatur,GA,3,29,5,3,4,1,1,516,,,,,1,1780,9146,0.0862,,11784,0.125,,0.4,45987,42178
482477,DeVry University-Illinois,Lisle,IL,3,18,5,1,4,1,1,27825,868,,330,370,0.9838,963,9148,0.089,,13104,0.3657,,0.6488,45987,42178
482547,DeVry University-Nevada,Henderson,NV,3,29,5,3,3,1,1,1,,,,,,53108,8338,,,13060,0,,,45987,42178
482556,DeVry University-New Jersey,Iselin,NJ,3,22,5,3,4,1,1,62,,,,,1,14710,12428,0.1346,,12095,0.7143,,1,45987,42178
482574,DeVry University-Ohio,Columbus,OH,3,22,5,3,4,1,1,210,,,,,1,2735,9686,0.3571,,11800,0.3889,,0.6,45987,42178
482635,DeVry University-Texas,Irving,TX,3,29,5,3,4,1,1,8,,,,,,42659,8566,0.3077,,14120,0.3333,,,45987,42178
482653,DeVry University-Virginia,Arlington,VA,3,29,5,3,4,1,1,13,,,,,,12392,8875,,,14353,0,,,45987,42178
482680,University of North Georgia,Dahlonega,GA,1,18,6,3,4,1,1,16146,1106,23,500,480,0.6794,6126,8231,0.7248,74995940,4509,0.3729,,0.7347,50135,43085
482699,South Georgia State College,Douglas,GA,1,23,6,2,3,1,1,1466,,,,,,6831,6680,0.6337,8244901,1281,0.162,,0.3889,35697,30570
482705,Northeastern University Professional Programs,Boston,MA,2,17,5,3,4,1,1,1802,,,,,,9313,9649,0.1331,128335226,20990,,,,92538,78413
482936,Florida Polytechnic University,Lakeland,FL,1,22,14,3,4,1,1,1689,1268,29,590,580,0.5752,10261,11180,0.9223,3617791,2615,0.5492,,0.7477,,77545
483018,Antioch College,Yellow Springs,OH,2,21,12,3,3,1,1,121,,23,,,0.8913,11323,6439,0.9524,20256175,8970,0.4118,,0.7179,,32114
483036,Texas A&M University-Central Texas,Killeen,TX,1,19,5,3,4,1,1,1750,,,,,1,8905,8983,0.4798,3522561,7210,,,,,50382
483124,Arizona State University Digital Immersion,Scottsdale,AZ,1,16,5,3,4,1,1,53782,,,,,0.6669,4325,11088,0.6253,249466670,6325,0,,1,62668,52843
483595,Ana G. Mendez University,Orlando,FL,2,32,5,3,4,1,1,4763,,,,,,2570,5838,0.0539,,10591,,,0.7022,,
483780,Washington University of Science and Technology,Alexandria,VA,3,19,7,3,4,1,1,400,,,,,0.0726,3344,6000,0.0303,,10222,0.6667,,0.75,,
483975,Alabama College of Osteopathic Medicine,Dothan,AL,2,25,0,4,4,1,1,,,,,,,19785,,,205573,51792,,,,,
484473,University of Florida-Online,Gainesville,FL,1,22,5,3,3,1,1,4627,1338,29,640,610,0.6126,3673,5838,0.0503,,2337,0.8468,,0.9482,71588,56398
484613,University of Phoenix-Arizona,Phoenix,AZ,3,17,11,3,4,1,1,85991,,,,,,1180,8456,0.0714,,12422,0.2084,,0.408,37752,35359
484844,Minerva University,San Francisco,CA,2,-2,-2,3,4,1,1,637,,,,,0.0304,17036,13770,0.9038,,16900,,,0.9797,,
484862,University of West Los Angeles,Inglewood,CA,3,31,0,3,4,1,1,7,,,,,,7407,8403,0.0678,,22135,,,,,
484871,Rabbinical College Ohr Yisroel,Brooklyn,NY,2,24,10,3,3,1,1,114,,,,,,8052,3553,,,10218,0.3636,,0.9355,,
484905,University of North Texas at Dallas,Dallas,TX,1,18,5,3,4,1,1,2878,940,18,438,408,0.8445,9456,9111,0.9901,12181540,9682,0.4164,,0.6538,,51716
485111,Georgia Military College,Milledgeville,GA,1,14,7,2,3,1,1,3992,,,,,,3895,5521,0.1386,25775205,4416,0.3803,,0.5,39257,32351
485272,West Coast University-Miami,Doral,FL,3,26,7,3,3,1,1,961,,,,,,12439,8114,0.2475,,22064,0.3333,,0.6,102672,96114
485403,High Tech High Graduate School of Education,San Diego,CA,2,32,0,4,4,1,1,,,,,,,48283,10000,1,,10733,,,,,
485519,Lionel University,Carpinteria,CA,3,13,1,3,4,1,1,370,,,,,,1870,5000,0.2581,,6742,0.6712,,0.75,,
485546,California Intercontinental University,Sioux Falls,SD,3,17,5,2,4,1,1,151,,,,,,1607,4174,0.4242,,11536,,,,,
485698,American College of the Building Arts,Charleston,SC,2,32,11,3,3,1,1,155,1190,24,560,570,0.4444,20328,8846,0.7667,1914780,17839,0.6207,,0.75,,
485768,Atlantis University,Miami,FL,3,19,11,2,4,1,1,330,,,,,,3520,2776,0.4416,,9780,0.5682,,0.4884,,
485999,Bet Medrash Gadol Ateret Torah,Brooklyn,NY,2,24,13,3,3,1,1,112,,,,,0.8889,11961,3932,1,,6078,0.5769,,0.871,,
486017,Yeshiva Ohr Yisrael,Brooklyn,NY,2,24,11,3,3,1,1,23,,,,,0.5,117303,4967,,,56713,0.5714,,0.25,,
486026,Yeshiva Sholom Shachna,Brooklyn,NY,2,24,10,3,3,1,1,130,,,,,1,4829,8697,,,10561,0.3043,,0.8462,,
486053,Bethlehem College & Seminary,Minneapolis,MN,2,24,11,3,4,1,1,117,,,,,,11236,5852,0.8824,126971,6788,0.6957,,1,,
486080,Elmezzi Graduate School of Molecular Medicine,Manhasset,NY,2,26,0,4,4,1,1,,,,,,,,19293,1,27297019,,,,,,
486196,Beth Medrash Meor Yitzchok,Monsey,NY,2,24,12,2,3,1,1,226,,,,,0.5278,9504,6118,,,6495,0.2069,,0.8333,,
486239,San Ignacio University,Doral,FL,3,29,7,1,4,1,1,77,,,,,,2909,,0.0206,,15634,0.5806,,1,,
486257,Valor Christian College,Canal Winchester,OH,2,13,3,2,3,1,1,414,,,,,,1892,6235,0.2941,,10445,0.4444,,0.3636,,32212
486284,Bethany Global University,Bloomington,MN,2,24,11,3,4,1,1,81,,,,,0.9286,3626,,,,6870,0.5634,,0.2174,,34385
486354,United International College,Dania Beach,FL,3,29,10,2,4,1,1,113,,,,,,1248,,,,5513,0.6,,0.6316,,
486840,Kennesaw State University,Kennesaw,GA,1,16,9,3,4,1,1,41254,1113,23,510,490,0.6919,5687,9711,0.6347,111393917,5155,0.522,,0.7672,57552,47863
486901,Milligan University,Milligan,TN,2,19,12,3,4,1,1,818,1189,25,573,560,0.7229,9458,6980,0.6842,49949904,14168,0.6343,,0.8151,46641,43168
486938,Chamberlain University-Nevada,Las Vegas,NV,3,26,5,3,3,1,1,652,,,,,0.7647,5648,8978,0.0968,,25865,0.2,,0.75,92405,84533
486947,Chamberlain University-Michigan,Troy,MI,3,26,5,3,3,1,1,629,,,,,0.8571,5661,8978,0.0968,,26618,1,,0.6,92405,84533
486956,Chamberlain University-New Jersey,North Brunswick,NJ,3,26,5,3,3,1,1,1226,,,,,1,5629,8080,0.1075,,26872,0.3333,,0.8,92405,84533
487010,The University of Tennessee Health Science Center,Memphis,TN,1,27,11,3,4,1,1,394,,,,,,107341,12784,0.6367,253790824,25439,,,,66318,68668
487153,The Chicago School at Xavier University of Louisiana,New Orleans,LA,2,-2,-2,4,4,1,1,,,,,,,7606,7239,,252049,25318,,,,56899,51817
487375,Arizona College of Nursing-Las Vegas,Las Vegas,NV,3,26,5,3,3,1,1,1222,,,,,1,7133,8004,0.3537,,25090,0.8182,,0.7692,34657,32840
487524,Husson University,Bangor,ME,2,17,10,3,4,1,1,2618,1180,,535,530,0.8095,6867,7935,0.9829,28156898,13136,0.5935,,0.7535,45025,41554
487603,Northwest University-Center for Online and Extended Education,Kirkland,WA,2,22,7,3,4,1,1,405,,,,,,3884,,,,6967,0.5,,0.5,54914,50495
487649,California Institute of Advanced Management,Alhambra,CA,2,29,0,4,4,1,1,,,,,,,0,9780,0.1739,0,7374,,,,,
487746,Yeshiva Zichron Aryeh,Far Rockaway,NY,2,24,11,3,3,1,1,41,,,,,0.25,64596,5360,,,5350,0.5,,0.6667,,
487861,Felbry College,Columbus,OH,3,10,2,2,3,1,1,192,,,,,0.8542,8982,5550,1,,17206,0.9091,,1,,
487977,Martinsburg College,Cheyenne,WY,3,10,2,1,4,1,1,2491,,,,,1,1328,4351,0.6222,,9779,0.6038,,,,
487995,Alhambra Medical University,Alhambra,CA,3,26,0,4,4,1,1,45,,,,,,1841,5000,,,8186,,,,,
488004,Central Yeshiva Beth Joseph,Airmont,NY,2,24,11,3,3,1,1,15,,,,,,17447,4188,,,2756,,,,,
488031,Abraham Lincoln University,Glendale,CA,3,31,7,3,4,1,1,25,,,,,,995,,,,9409,0,,0.3333,,
488305,Elim Bible College,Lima,NY,2,13,3,1,3,1,1,100,,,,,1,8485,3563,0.1429,53958,10992,0.6667,,0.75,,
488314,Beth Medrash of Asbury Park,Lakewood,NJ,2,24,15,3,3,1,1,124,,,,,0.5385,5539,5231,,,9039,0.1,,0.7222,,
488350,Yeshiva Gedolah Shaarei Shmuel,Lakewood,NJ,2,24,15,2,3,1,1,150,,,,,0.5417,9669,5792,,,12974,0.8889,,0.7045,,
488387,Claremont Lincoln University,Claremont,CA,2,29,0,3,4,1,1,54,,,,,,4153,6861,0.0638,,10727,,,,,
488448,Seattle Film Institute,Seattle,WA,3,30,11,3,4,1,1,65,,,,,,4980,5625,,,23436,0.5714,,0.7778,,
488527,Arkansas Colleges of Health Education,Fort Smith,AR,2,25,0,4,4,1,1,,,,,,,11089,8633,1,6222113,40506,,,,,
488554,Burrell College of Osteopathic Medicine,Las Cruces,NM,3,25,0,4,4,1,1,,,,,,,13762,,,,62431,,,,,
488572,California Health Sciences University,Clovis,CA,3,26,0,4,4,1,1,,,,,,,25917,14336,1,,58062,,,,,
488679,Indiana Wesleyan University-National & Global,Marion,IN,2,17,11,3,4,1,1,6656,,,,,,3293,8247,1,,12210,0.3495,,,59986,51329
488776,John Patrick University of Health and Applied Sciences,South Bend,IN,3,26,11,2,4,1,1,480,,,,,0.8235,3452,12037,0.12,,15508,,,,,
488800,Teachers College of San Joaquin,Stockton,CA,1,32,0,1,4,1,1,642,,,,,,5719,12323,0.0697,,10626,,,,,
488846,University of the People,Pasadena,CA,2,18,5,3,4,1,1,22688,,,,,,199,,,665467,549,0.3354,,,,
488907,Wongu University of Oriental Medicine,Las Vegas,NV,2,26,0,4,4,1,1,,,,,,,7773,,,,7854,,,,,
489335,Institute of Buddhist Studies,Berkeley,CA,2,-2,-2,4,4,1,1,,,,,,,37385,10846,,16062542,6345,,,,,
489344,Chamberlain University-North Carolina,Charlotte,NC,3,26,5,3,3,1,1,202,,,,,1,5619,8978,0.0968,,26573,,,0.5,92405,84533
489353,Chamberlain University-California,Rancho Cordova,CA,3,26,5,3,3,1,1,751,,,,,0.8,6740,8080,0.1075,,28210,,,1,92405,84533
489779,Purdue University Global,West Lafayette,IN,1,17,5,1,4,1,1,30828,,,,,,1494,6514,0.1243,127688,7657,0.5,,0.5714,36596,32973
489858,West Coast University-Center for Graduate Studies,Los Angeles,CA,3,26,0,4,4,1,1,,,,,,,11952,10985,0.3838,,33134,,,,102672,96114
489937,Carolina University,Winston-Salem,NC,2,20,9,3,4,1,1,460,,,,,0.3954,3977,5407,0.4085,3204970,9067,0.2155,,0.5636,32864,30657
490045,California Prestige University,Santa Fe Springs,CA,2,24,5,3,4,1,1,55,,,,,,1473,2890,0.1864,,4411,,,,,
490081,America Evangelical University,Gardena,CA,2,24,11,3,4,1,1,73,,,,,,5501,2000,,0,4747,0.3333,,0.5357,,
490106,Virginia University of Integrative Medicine,Vienna,VA,2,26,0,4,4,1,1,,,,,,,4037,6092,0.2535,,9512,,,,,
490133,Westcliff University,Irvine,CA,3,29,13,3,4,1,1,2363,,,,,0.7315,2259,7591,0.0841,,12491,0.622,,0.7164,,
490203,Bolivar Technical College,Bolivar,MO,2,10,2,2,3,1,1,144,,,,,0.9545,12661,4925,0.4211,,18780,0.9167,,,,
490276,Yeshiva Shaar Ephraim,Monsey,NY,2,24,11,3,3,1,1,113,,,,,,13349,5151,1,,13362,0.0625,,0.55,,
490285,California Institute of Arts & Technology,National City,CA,3,11,4,1,3,1,1,2112,,,,,,0,5595,0.5371,,1,0.561,,0.625,,
490328,Mechon L'hoyroa,Monsey,NY,2,24,11,3,3,1,1,122,,,,,,11816,2077,,,10199,,,,,
490373,Western Michigan University Homer Stryker M.D. School of Medicine,Kalamazoo,MI,2,25,0,4,4,1,1,,,,,,,108615,,,103183705,50501,,,,,
490504,Yeshiva Ohr Naftoli,New Windsor,NY,2,24,10,3,3,1,1,47,,,,,1,40558,7727,,,37678,0.625,,0.6,,
490513,Bais Medrash Mayan Hatorah,Lakewood,NJ,2,24,14,3,3,1,1,36,,,,,0.6842,9098,3623,,,6761,0.5789,,0.625,,
490753,Maine Media College,Rockport,ME,2,30,0,1,4,1,1,3,,,,,,59303,,0.7083,1183691,88110,,,,,
490805,Purdue University Northwest,Hammond,IN,1,18,7,3,4,1,1,5671,1024,23,450,440,0.7236,10005,9864,0.9848,51584831,8740,0.4291,,0.657,48318,48439
490878,Platt College-Anaheim,Anaheim,CA,3,23,10,2,3,1,1,498,,,,,,11363,6136,0.25,,17406,0.6436,,,40669,38619
491057,Yeshiva Kollel Tifereth Elizer,Brooklyn,NY,2,24,13,3,3,1,1,499,,,,,0.7368,5334,2649,0.6296,,10099,0.8,,,,
491190,The Chicago School at San Diego,San Diego,CA,2,26,0,3,4,1,1,2,,,,,,8381,7854,,1603312,27898,,,,56899,51817
491288,University of Wisconsin-Milwaukee Flex,Milwaukee,WI,1,22,5,3,3,1,1,543,,,,,1,3075,11765,0.6,2390367,2395,,,,54990,45851
491297,University of Wisconsin-Parkside Flex,Kenosha,WI,1,29,5,3,3,1,1,172,,,,,,1320,10968,1,141280,1061,,,,51129,42154
491525,Union Bible College,Westfield,IN,2,24,10,1,3,1,1,206,,,,,0.9084,1342,1334,0.2941,,2257,0.5,,1,,
491613,Yeshiva Gedolah Tiferes Boruch,North Plainfield,NJ,2,-2,-2,3,3,1,1,81,,,,,0.8929,5488,4047,,,9323,0.0556,,0.8421,,
491622,Yeshiva Chemdas Hatorah,Lakewood,NJ,2,24,10,2,3,1,1,72,,,,,0.8,9503,3794,,,14904,0.7619,,0.7143,,
491631,Women's Institute of Torah Seminary and College,Baltimore,MD,2,24,11,3,3,1,1,118,,,,,0.9796,5110,,,,8606,1,,0.913,,
491640,Yeshiva Gedolah Keren Hatorah,Lakewood,NJ,2,13,4,2,3,1,1,181,,,,,0.8571,3380,3750,,,9674,0.8718,,0.7949,,
491710,Yeshiva Gedolah of Cliffwood,Keyport,NJ,2,24,11,3,3,1,1,30,,,,,0.7,8263,7083,,,5467,0.1905,,0.3333,,
491765,Yeshivas Emek Hatorah,Howell,NJ,2,-2,-2,3,3,1,1,90,,,,,1,14557,6792,,,18252,0,,0.9655,,
491808,Meridian University,Petaluma,CA,3,26,0,4,4,1,1,,,,,,,2597,8278,0.0909,,21334,,,,,
491914,Yeshiva Gedola Tiferes Yerachmiel,Lakewood,NJ,2,13,4,2,3,1,1,177,,,,,0.5147,4730,5213,,,8897,0.913,,0.9545,,
492069,Champion Christian College,Hot Springs,AR,2,23,11,3,3,1,1,144,,,,,,1613,2556,0.625,,12835,0,,0.3548,,
492476,EDP University of Puerto Rico-Villalba,Villalba,PR,2,13,2,2,3,1,1,379,,,,,0.7565,4344,3005,1,215420,12761,0.25,,,22844,21535
492689,Texas Tech University Health Scienes Center El Paso,El Paso,TX,1,25,7,3,4,1,1,242,,,,,,136751,11576,0.7794,162928460,18897,,,,,
492704,Ponce Health Sciences University-Centro Universitario de San Juan,San Juan,PR,3,26,0,4,4,1,1,,,,,,,3527,7447,0.4,,16145,,,,,
492759,Chamberlain University-Louisiana,Jefferson,LA,3,-2,-2,3,3,1,1,622,,,,,1,5746,8978,0.0968,,20822,,,0.8571,92405,84533
492801,Drury University-College of Continuing Professional Studies,Springfield,MO,2,22,5,3,3,1,1,632,,,,,,7985,5409,,513578,12472,0.4324,,0.5,40694,37508
492962,Indiana Institute of Technology-College of Professional Studies,Fort Wayne,IN,2,22,5,3,3,1,1,2686,,,,,,7287,9536,1,100304547,16914,0.28,,0.5455,47327,29717
493512,San Diego Global Knowledge University,San Diego,CA,3,29,11,1,4,1,1,173,,,,,,2054,,,,9510,0.4545,,0.75,,
493594,Yeshiva of Ocean,Greenfield Park,NY,2,24,15,3,3,1,1,63,,,,,0.36,3410,6667,,,8250,0.6154,,0.8824,,
493600,Congregation Talmidei Mesivta Tiferes Shmiel Aleksander,Brooklyn,NY,2,24,10,3,3,1,1,168,,,,,,18205,3861,1,,13478,0.2593,,1,,
493664,Yeshivat Hechal Shemuel,Brooklyn,NY,2,24,11,3,3,1,1,65,,,,,1,14356,12083,,,7342,0.5,,1,,
493673,Professional University Dr. Carlos J. Borrero Rios,Hato Rey,PR,3,26,0,3,4,1,1,7,,,,,,2321,2763,,,13670,,,,,
493707,Yeshiva Gedolah of Woodlake Village,Lakewood,NJ,2,24,10,2,3,1,1,87,,,,,0.8372,13644,5059,,,13143,0.6087,,0.7143,,
493716,Yeshiva Gedola Tiferes Yaakov Yitzchok,Lakewood,NJ,2,24,14,2,3,1,1,71,,,,,0.7667,21768,3590,,,12775,0.8667,,0.8947,,
493822,College Unbound,Providence,RI,2,32,7,3,3,1,1,491,,,,,,7703,,,,7103,,,0.8571,,
493895,SANS Technology Institute,North Bethesda,MD,3,28,0,1,4,1,1,762,,,,,,9667,,0.0061,,26088,,,,,
493947,Idaho College of Osteopathic Medicine,Meridian,ID,3,-2,-2,4,4,1,1,,,,,,,21161,,,,61897,,,,,
493956,Cal Northern School of Law,Chico,CA,3,-2,-2,4,4,1,1,,,,,,,1967,,,,8581,,,,,
493974,College of Athens,Watkinsville,GA,2,-2,-2,2,4,1,1,44,,,,,,8870,3158,,,3405,,,1,,
494010,Ponce Health Sciences University-St Louis,St. Louis,MO,3,26,0,4,4,1,1,,,,,,,26381,5956,0.6667,,47792,,,,,
494162,Arizona College of Nursing-Dallas,Dallas,TX,3,-2,-2,3,3,1,1,588,,,,,1,7240,7414,0.2029,,20606,,,0.6875,34657,32840
494542,Sattler College,Boston,MA,2,-2,-2,3,3,1,1,57,1190,,590,550,0.6905,30442,8598,0.7,,1435,0.8125,,0.75,,
494603,The Southwestern Baptist Theological Seminary,Fort Worth,TX,2,-2,-2,1,4,1,1,324,,25,,,0.5771,5307,7144,1,147259340,7665,0.2817,,0.835,,
494621,Lotus Professional College,Richmond,VA,3,-2,-2,1,4,1,1,171,,,,,,6689,4333,,,13234,,,,,
494630,Christ Mission College,San Antonio,TX,2,24,6,3,3,1,1,32,,,,,1,1255,,,540000,8656,0.5,,0.6667,,
494685,Urshan University,Wentzville,MO,2,22,13,3,3,1,1,472,988,,403,395,0.8378,2835,4452,,,13373,0.4483,,0.6304,,
494737,Yeshiva Yesoda Hatorah Vetz Chaim,Brooklyn,NY,2,24,11,3,3,1,1,223,,,,,,43465,4333,1,,40339,0.4286,,1,,
494746,North-West College-San Diego,San Diego,CA,3,10,4,2,3,1,1,636,,,,,,6117,8604,,,19674,,,1,41472,38921
495031,Bais Medrash of Dexter Park,Chestnut Ridge,NY,2,24,15,3,3,1,1,51,,,,,0.6923,11079,3083,,,3508,0.7143,,1,,
495059,Oak Valley College,Rialto,CA,2,29,10,3,3,1,1,75,,,,,,5281,7500,,,9293,,,0.8182,,
495192,Alder Graduate School of Education,Redwood City,CA,2,-2,-2,4,4,1,1,,,,,,,14987,10881,0.1644,,12338,,,,,
495280,Indian Bible College,Flagstaff,AZ,2,13,1,2,3,1,1,25,,,,,,21145,5710,,,6737,0.6,,,,
495314,Hackensack Meridian School of Medicine,Nutley,NJ,2,-2,-2,4,4,1,1,,,,,,,11715,,,135178345,57538,,,,,
495420,Arizona College of Nursing-Tampa,Tampa,FL,3,-2,-2,3,3,1,1,335,,,,,1,8117,7295,0.1875,,23430,,,0.5,34657,32840
495439,Arizona College of Nursing-Fort Lauderdale,Fort Lauderdale,FL,3,-2,-2,3,3,1,1,428,,,,,,7954,7881,0.1563,,23991,,,,34657,32840
495448,Arizona College of Nursing-Tucson,Tucson,AZ,3,-2,-2,3,3,1,1,562,,,,,1,7559,7884,0.2407,,24487,,,0.5,34657,32840
495457,Arizona College of Nursing-Phoenix,Phoenix,AZ,3,-2,-2,3,3,1,1,1229,,,,,1,6700,7650,0.2571,,22829,,,0.6786,34657,32840
495916,Pathways College,Tempe,AZ,2,-2,-2,3,3,1,1,196,,,,,,18364,4167,,,339,,,,,
496043,California University of Science and Medicine,Colton,CA,2,25,0,4,4,1,1,,,,,,,28007,,1,,58849,,,,,
496283,Provo College-Idaho Falls Campus,Idaho Falls,ID,3,-2,-2,3,4,1,1,257,,,,,,6791,8054,0.5714,,15511,,,0.4,39645,32673
496326,Eagle Gate College-Boise Campus,Boise,ID,3,-2,-2,3,4,1,1,594,,,,,,5762,7396,0.5536,,13981,,,0.5625,37518,36393
496399,Agape College of Business and Science,Fresno,CA,2,-2,-2,1,3,1,1,43,,,,,,8075,1970,,,1351,0.7778,,1,,
496405,Newlane University,Lehi,UT,3,-2,,2,3,1,1,,,,,,,,,,,,,,,,
496469,Daybreak University,Anaheim,CA,2,-2,-2,4,4,1,1,,,,,,,3207,5889,,,11706,,,,,
496627,California Northstate University,Elk Grove,CA,3,-2,-2,3,4,1,1,37,,,,,0.9247,25946,11611,0.4833,,60753,1,,0.8571,,
496636,Antigua College International,Miami Lakes,FL,3,-2,-2,2,3,1,1,251,,,,,,7122,7077,0.375,,15278,,,0.3333,,
496681,Florida Academy of Nursing,Miramar,FL,3,-2,-2,1,3,1,1,21,,,,,0.0549,2945,5083,,,4966,,,,,
496803,NewU University,Washington,DC,2,-2,-2,3,3,1,1,34,,,,,,13836,6000,,,4956,,,0.6429,,
496973,Herzing University-Tampa,Tampa,FL,2,-2,-2,2,3,1,1,251,,,,,0.8966,6862,7694,0.1724,,12461,,,1,36909,35295
496991,Galen Health Institutes-Miami Campus,Pembroke Pines,FL,3,-2,-2,2,3,1,1,813,,,,,,6737,7512,0.6627,,14886,,,0.5,61480,58951
497037,Abilene Christian University-Undergraduate Online,Addison,TX,2,-2,-2,3,3,1,1,1219,,,,,1,6085,,,87507303,10177,,,0.4762,55736,46727
497116,Galen Health Institutes-Austin Campus,Round Rock,TX,3,-2,-2,2,3,1,1,1161,,,,,,5498,7156,0.6204,,12148,,,0.52,61480,58951
497125,Galen Health Institutes-Nashville Campus,Nashville,TN,3,-2,-2,2,3,1,1,1027,,,,,,6354,6700,0.6087,,14041,,,0.6154,61480,58951
497213,Great Northern University,Spokane,WA,2,-2,-2,3,3,1,1,48,,,,,1,16553,5600,,,13637,0.5,,1,,
497268,Arizona College of Nursing-Salt Lake City,Murray,UT,3,-2,-2,3,3,1,1,306,,,,,1,8062,7957,0.2143,,23433,,,0.6,34657,32840
497408,Bridges Christian College,New Orleans,LA,2,-2,-2,3,4,1,1,163,,,,,,2340,,,,2304,0,,0.5,,
497453,Jackson Theological Seminary,North Little Rock,AR,2,-2,-2,4,4,1,1,1,,,,,,14895,1183,,,6042,,,,,
497462,Redeemers University North America,Greenville,TX,2,-2,-2,3,4,1,1,6,,,,,0.4,4319,5833,,,6464,,,,,
497480,Reach University,Oakland,CA,2,-2,-2,3,4,1,1,1946,,,,,1,3505,7032,0.5625,,5756,,,0.8049,,
497718,Academy for Jewish Religion,Yonkers,NY,2,-2,-2,4,4,1,1,,,,,,,27456,,,,38269,,,,,
497824,Evangel University-College of Online Learning,Springfield,MO,2,-2,-2,3,3,1,1,240,,,,,0.4918,2438,5631,0.2708,1035464,4115,0.5,,0.6667,46573,39332
497833,Marian University-Ancilla,Plymouth,IN,2,-2,-2,2,3,1,1,226,,,,,0.9169,7655,8575,0.375,3528828,12719,,,0.375,58759,55704
498049,Arizona College of Nursing-Southfield,Southfield,MI,3,-2,-2,3,3,1,1,594,,,,,1,6840,7821,0.1266,,22074,,,0.75,34657,32840
498076,Galen Health Institutes-Sarasota,Sarasota,FL,3,-2,-2,2,3,1,1,574,,,,,,2503,6837,0.6981,,5530,,,0.6667,61480,58951
498085,Galen Health Institutes-Gainesville,Gainesville,FL,3,-2,-2,2,3,1,1,668,,,,,,6459,6635,0.5789,,14272,,,0.625,61480,58951
498234,Larkin University,Miami,FL,2,-2,-2,4,4,1,1,,,,,,,,,,,,,,,,
498447,Arizona College of Nursing-Falls Church,Falls Church,VA,3,-2,-2,3,3,1,1,348,,,,,1,6010,8406,0.1321,,21428,,,0.5833,34657,32840
498456,Arizona College of Nursing-Ontario,Ontario,CA,3,-2,-2,3,3,1,1,380,,,,,1,10386,9510,0.1429,,30079,,,1,34657,32840
498474,Galen Health Institutes-Houston,Houston,TX,3,-2,-2,2,3,1,1,1582,,,,,,2652,6877,0.6277,,5860,,,0.5667,61480,58951
498562,Commonwealth University of Pennsylvania,Bloomsburg,PA,1,-2,-2,3,4,1,1,9210,1090,,500,490,0.9309,10722,11730,0.8302,76522240,6706,0.5448,,0.7757,52416,44053
498571,Pennsylvania Western University,California,PA,1,18,-2,3,4,1,1,7451,1063,,480,460,0.9433,11506,11870,0.8132,112892752,7643,0.5188,,0.7169,47295,38474
498623,Justice University,Chandler,AZ,2,-2,,3,3,1,1,116,,,,,,2140,4000,,,6537,,,0.7308,,
498809,Yeshiva of Kasho,Brooklyn,NY,2,-2,-2,3,3,1,1,185,,,,,,17474,4313,1,,16690,0.1087,,0.9038,,
498906,Yeshivas Sanz Klauzenburg,Brooklyn,NY,2,-2,-2,3,3,1,1,98,,,,,,9429,2794,0.6667,,14765,0.3103,,1,,
498924,URBE University,Sweetwater,FL,3,-2,-2,3,4,1,1,33,,,,,,6736,,,,5963,0.8,,0.7143,,
499149,Herzing University-Nashville,Nashville,TN,2,-2,-2,1,3,1,1,201,,,,,0.9273,3364,7583,,,6249,,,0.8,36909,35295
499273,Galen Health Institutes-Dallas,Richardson,TX,3,-2,-2,2,3,1,1,1153,,,,,,3177,6918,0.4403,,7020,,,0.4815,61480,58951
499370,Arizona College of Nursing-Sarasota,University Park,FL,3,-2,-2,3,3,1,1,133,,,,,1,6835,8292,,,20401,,,0.5,34657,32840
499389,Arizona College of Nursing-Aurora,Aurora,CO,3,-2,-2,3,3,1,1,336,,,,,1,3665,7813,0.1026,,18522,,,0.4583,34657,32840
499422,Denver College of Nursing-Houston,Houston,TX,3,-2,-2,3,3,1,1,135,,,,,,11332,7056,0.0882,,20701,,,,81809,80184
499495,Gwinnett Institute,Orlando,FL,3,-2,-2,1,3,1,1,340,,,,,,6537,4217,1,,15007,,,,33735,36705
499875,Mosdos Yaakov V'Yisroel,Lakewood,NJ,2,-2,,2,3,1,1,679,,,,,0.8933,2955,4026,,,5709,0.4561,,0.4009,,
499981,Southwest University of Naprapathic Medicine,Santa Fe,NM,3,-2,,4,4,1,1,,,,,,,5311,,,,14079,,,,,
500087,Doral College,Doral,FL,2,-2,,2,3,1,1,272,,,,,,1626,,,,3393,,,1,,
500342,EDvance College,San Francisco,CA,2,-2,,3,3,1,1,201,,,,,1,12996,10715,0.381,,0,,,,,
500670,University of Fairfax,Salem,VA,3,-2,,4,4,1,1,,,,,,,,,,,,,,,,
500713,Virginia Christian College,Dumfries,VA,2,-2,,3,4,1,1,,,,,,,,,,,,,,,,
500740,Congregation YMH,Brooklyn,NY,2,-2,,3,3,1,1,,,,,,,,,,,,,,,,
500810,Bet Midrash Ohel Torah,Lakewood,NJ,2,-2,,2,3,1,1,,,,,,,,,,,,,,,,
500829,Northpoint College,Wyoming,MI,2,-2,,3,3,1,1,,,,,,,,,,,,,,,,
501345,Chicago College of Oriental Medicine,Chicago,IL,2,-2,,4,4,1,1,,,,,,,,,,,,,,,,
501390,Yeshiva Gedola Amidei Dgirsa,Brooklyn,NY,2,-2,,2,3,1,1,,,,,,,,,,,,,,,,
501451,UTH Florida University,Miami,FL,3,-2,,3,4,1,1,,,,,,,,,,,,,,,,
501460,University of North America,Fairfax,VA,3,-2,,1,4,1,1,,,,,,,,,,,,,,,,
501488,West Coast University-Los Angeles,North Hollywood,CA,3,-2,,3,3,1,1,,,,,,,,,,,,,,,102672,96114
501549,The Chicago School at Dallas,Plano,TX,2,-2,,4,4,1,1,,,,,,,,,,,,,,,56899,51817
