college_name,season,confirmed_division,data_confidence,total_graduating_seniors,player_name,player_position,player_minutes_played,official_roster_url,notes
Adrian,2025-26,D3,85%,3,Owen Emert,Midfielder,667,https://adrianbulldogs.com/sports/mens-soccer/roster,Senior
Adrian,2025-26,D3,85%,3,Kyle Jennings,Forward,1108,https://adrianbulldogs.com/sports/mens-soccer/roster,Senior
Adrian,2025-26,D3,85%,3,Nicholas Kiafoulis,Midfielder,783,https://adrianbulldogs.com/sports/mens-soccer/roster,Senior
Albertus Magnus,2025-26,D3,85%,6,David Lucero,Goalkeeper,,https://www.albertusfalcons.com/sports/msoc/2025-26/roster,Senior
Albertus Magnus,2025-26,D3,85%,6,Joao Oliveira,Defender,,https://www.albertusfalcons.com/sports/msoc/2025-26/roster,Senior
Albertus Magnus,2025-26,D3,85%,6,Alexander Teixeira,Defender,,https://www.albertusfalcons.com/sports/msoc/2025-26/roster,Graduate Student
Albertus Magnus,2025-26,D3,85%,6,Aiden Coelho,F/M,,https://www.albertusfalcons.com/sports/msoc/2025-26/roster,Senior
Albertus Magnus,2025-26,D3,85%,6,Bennett Walsh,Midfielder,,https://www.albertusfalcons.com/sports/msoc/2025-26/roster,Graduate Student
Albertus Magnus,2025-26,D3,85%,6,Donaldo Yanez,Midfielder,,https://www.albertusfalcons.com/sports/msoc/2025-26/roster,Senior
Albion,2025-26,D3,85%,7,Jake Ellsworth,Goalkeeper,8,https://gobrits.com/sports/mens-soccer/roster,Senior
Albion,2025-26,D3,85%,7,Colin Koscinski,Defender,43,https://gobrits.com/sports/mens-soccer/roster,Senior
Albion,2025-26,D3,85%,7,Lucas Anderson,Defender,1399,https://gobrits.com/sports/mens-soccer/roster,Senior
Albion,2025-26,D3,85%,7,Benjamin Schlaff,Defender,23,https://gobrits.com/sports/mens-soccer/roster,Senior
Albion,2025-26,D3,85%,7,Lucas Medina,Defender,888,https://gobrits.com/sports/mens-soccer/roster,Senior
Albion,2025-26,D3,85%,7,Jasek Zielaskowski,Forward,1117,https://gobrits.com/sports/mens-soccer/roster,Senior
Albion,2025-26,D3,85%,7,Xavier Yuille,Forward,822,https://gobrits.com/sports/mens-soccer/roster,Senior
Albright,2025-26,D3,85%,6,Myles Mitchell,Defender,,https://albrightathletics.com/sports/mens-soccer/roster,Senior
Albright,2025-26,D3,85%,6,Christopher Estrada,Defender,,https://albrightathletics.com/sports/mens-soccer/roster,Senior
Albright,2025-26,D3,85%,6,Martin Ramsay,Forward,,https://albrightathletics.com/sports/mens-soccer/roster,Senior
Albright,2025-26,D3,85%,6,Curren Shesniak,Midfielder,,https://albrightathletics.com/sports/mens-soccer/roster,Senior
Albright,2025-26,D3,85%,6,Daniel Lowman,Forward,,https://albrightathletics.com/sports/mens-soccer/roster,Senior
Albright,2025-26,D3,85%,6,Erick Tacuri,Defender,,https://albrightathletics.com/sports/mens-soccer/roster,Senior
Alfred State,2025-26,D3,85%,8,Tyler Mulholland,Goalkeeper,1327,https://gosaxons.com/sports/mens-soccer/roster,Senior
Alfred State,2025-26,D3,85%,8,Jesus De La Torre,Defender,1205,https://gosaxons.com/sports/mens-soccer/roster,Senior
Alfred State,2025-26,D3,85%,8,Xavier Bowman,Forward,1170,https://gosaxons.com/sports/mens-soccer/roster,Senior
Alfred State,2025-26,D3,85%,8,Juan Jose Menendez Gutierrez,Midfielder,930,https://gosaxons.com/sports/mens-soccer/roster,Senior
Alfred State,2025-26,D3,85%,8,Peter Kim-Rivera,Midfielder,20,https://gosaxons.com/sports/mens-soccer/roster,Senior
Alfred State,2025-26,D3,85%,8,Landon Berry,Midfielder,300,https://gosaxons.com/sports/mens-soccer/roster,Senior
Alfred State,2025-26,D3,85%,8,Josh Palmgreen,Defender,53,https://gosaxons.com/sports/mens-soccer/roster,Senior
Alfred State,2025-26,D3,85%,8,Daniel González Sevilla,Goalkeeper,,https://gosaxons.com/sports/mens-soccer/roster,Senior
Alfred University,2025-26,D3,85%,8,Tyler Mulholland,Goalkeeper,1327,https://gosaxons.com/sports/mens-soccer/roster,Senior
Alfred University,2025-26,D3,85%,8,Jesus De La Torre,Defender,1205,https://gosaxons.com/sports/mens-soccer/roster,Senior
Alfred University,2025-26,D3,85%,8,Xavier Bowman,Forward,1170,https://gosaxons.com/sports/mens-soccer/roster,Senior
Alfred University,2025-26,D3,85%,8,Juan Jose Menendez Gutierrez,Midfielder,930,https://gosaxons.com/sports/mens-soccer/roster,Senior
Alfred University,2025-26,D3,85%,8,Peter Kim-Rivera,Midfielder,20,https://gosaxons.com/sports/mens-soccer/roster,Senior
Alfred University,2025-26,D3,85%,8,Landon Berry,Midfielder,300,https://gosaxons.com/sports/mens-soccer/roster,Senior
Alfred University,2025-26,D3,85%,8,Josh Palmgreen,Defender,53,https://gosaxons.com/sports/mens-soccer/roster,Senior
Alfred University,2025-26,D3,85%,8,Daniel González Sevilla,Goalkeeper,,https://gosaxons.com/sports/mens-soccer/roster,Senior
Allegheny,2025-26,D3,85%,3,Jacob Kubik-Pauw,Defender,1447,https://alleghenygators.com/sports/mens-soccer/roster,Senior
Allegheny,2025-26,D3,85%,3,Renen Frank,Forward,948,https://alleghenygators.com/sports/mens-soccer/roster,Senior
Allegheny,2025-26,D3,85%,3,Adam Rumble,Midfielder,592,https://alleghenygators.com/sports/mens-soccer/roster,Senior
Alma,2025-26,D3,85%,8,Bradshaw Uhlmann,Goalkeeper,833,https://almascots.com/sports/mens-soccer/roster,Senior
Alma,2025-26,D3,85%,8,Landon Soule,Goalkeeper,557,https://almascots.com/sports/mens-soccer/roster,Senior
Alma,2025-26,D3,85%,8,Kaiden Link,Midfielder,1044,https://almascots.com/sports/mens-soccer/roster,Senior
Alma,2025-26,D3,85%,8,Mason Breitschuh,Midfielder,8,https://almascots.com/sports/mens-soccer/roster,Senior
Alma,2025-26,D3,85%,8,Fletcher Van Howe,Forward,769,https://almascots.com/sports/mens-soccer/roster,Senior
Alma,2025-26,D3,85%,8,Christopher Jacobi,Midfielder,85,https://almascots.com/sports/mens-soccer/roster,Senior
Alma,2025-26,D3,85%,8,Raúl Lopez,Midfielder,798,https://almascots.com/sports/mens-soccer/roster,Senior
Alma,2025-26,D3,85%,8,Joshua Harrison,Defender,861,https://almascots.com/sports/mens-soccer/roster,Senior
Alvernia,2025-26,D3,85%,5,Evan  Solley,Goalkeeper,1620,https://auwolves.com/sports/mens-soccer/roster,Graduate Student
Alvernia,2025-26,D3,85%,5,Eli  Klinger,Midfielder,1139,https://auwolves.com/sports/mens-soccer/roster,Senior
Alvernia,2025-26,D3,85%,5,Austin Chambers,Midfielder,1617,https://auwolves.com/sports/mens-soccer/roster,Senior
Alvernia,2025-26,D3,85%,5,Connor Kraycik,Forward,1307,https://auwolves.com/sports/mens-soccer/roster,Senior
Alvernia,2025-26,D3,85%,5,Francisco Sandoval,Defender,120,https://auwolves.com/sports/mens-soccer/roster,Senior
Amherst,2025-26,D3,85%,6,Juan Perez,Goalkeeper,193,https://athletics.amherst.edu/sports/mens-soccer/roster,Senior
Amherst,2025-26,D3,85%,6,Ugnius Selvenis,Defender,,https://athletics.amherst.edu/sports/mens-soccer/roster,Senior
Amherst,2025-26,D3,85%,6,James Street,Midfielder,683,https://athletics.amherst.edu/sports/mens-soccer/roster,Senior
Amherst,2025-26,D3,85%,6,Andrew Tremante,Midfielder,146,https://athletics.amherst.edu/sports/mens-soccer/roster,Senior
Amherst,2025-26,D3,85%,6,Adrian Trott,Defender,875,https://athletics.amherst.edu/sports/mens-soccer/roster,Senior
Amherst,2025-26,D3,85%,6,Ioannis Hadjiyiannis,Forward,302,https://athletics.amherst.edu/sports/mens-soccer/roster,Senior
Anderson (IN),2025-26,D3,0%,0,,,,https://athletics.anderson.edu/sports/msoc/2025-26/roster,Roster data requires JavaScript (JS-rendered SPA)
Arcadia,2025-26,D3,85%,10,Logan Gildea,Goalkeeper,740,https://arcadiaknights.com/sports/mens-soccer/roster,Senior
Arcadia,2025-26,D3,85%,10,Aden Razukiewicz,Goalkeeper,924,https://arcadiaknights.com/sports/mens-soccer/roster,Senior
Arcadia,2025-26,D3,85%,10,Gunnar Swanger,Defender,,https://arcadiaknights.com/sports/mens-soccer/roster,Senior
Arcadia,2025-26,D3,85%,10,Elijah Yoder,Midfielder,,https://arcadiaknights.com/sports/mens-soccer/roster,Senior
Arcadia,2025-26,D3,85%,10,Tylan Mulcahy,Midfielder,,https://arcadiaknights.com/sports/mens-soccer/roster,Senior
Arcadia,2025-26,D3,85%,10,Ethan Torpey,Forward,,https://arcadiaknights.com/sports/mens-soccer/roster,Senior
Arcadia,2025-26,D3,85%,10,Declan Kelly,Midfielder,,https://arcadiaknights.com/sports/mens-soccer/roster,Senior
Arcadia,2025-26,D3,85%,10,Josh Neely,Midfielder,,https://arcadiaknights.com/sports/mens-soccer/roster,Senior
Arcadia,2025-26,D3,85%,10,Sean Lock,Defender,,https://arcadiaknights.com/sports/mens-soccer/roster,Senior
Arcadia,2025-26,D3,85%,10,Jonathan Matthews,Forward,,https://arcadiaknights.com/sports/mens-soccer/roster,Senior
Asbury,2025-26,D3,85%,6,Victor Talemwa,Forward,58,https://asburyeagles.com/sports/mens-soccer/roster,Senior
Asbury,2025-26,D3,85%,6,Jon Gordon,Defender,1282,https://asburyeagles.com/sports/mens-soccer/roster,Senior
Asbury,2025-26,D3,85%,6,Pascal Muller,Midfielder,,https://asburyeagles.com/sports/mens-soccer/roster,Senior
Asbury,2025-26,D3,85%,6,Ethan Kriesch,Midfielder,151,https://asburyeagles.com/sports/mens-soccer/roster,Senior
Asbury,2025-26,D3,85%,6,Andrew Boehnlein,Defender,39,https://asburyeagles.com/sports/mens-soccer/roster,Senior
Asbury,2025-26,D3,85%,6,Crosby Short,Goalkeeper,1018,https://asburyeagles.com/sports/mens-soccer/roster,Senior
Augsburg,2025-26,D3,85%,8,Remus Repcak,Defender,1602,https://athletics.augsburg.edu/sports/mens-soccer/roster,Senior
Augsburg,2025-26,D3,85%,8,Cole Pettit,Defender,1617,https://athletics.augsburg.edu/sports/mens-soccer/roster,Senior
Augsburg,2025-26,D3,85%,8,Joseph Swallen,Midfielder,1110,https://athletics.augsburg.edu/sports/mens-soccer/roster,Senior
Augsburg,2025-26,D3,85%,8,Eric Riera,Defender,1392,https://athletics.augsburg.edu/sports/mens-soccer/roster,Senior
Augsburg,2025-26,D3,85%,8,Samson Gyasi,Defender,324,https://athletics.augsburg.edu/sports/mens-soccer/roster,Senior
Augsburg,2025-26,D3,85%,8,Zachariah Sherian,Midfielder,841,https://athletics.augsburg.edu/sports/mens-soccer/roster,Senior
Augsburg,2025-26,D3,85%,8,Asher Johnson,Midfielder,1215,https://athletics.augsburg.edu/sports/mens-soccer/roster,Senior
Augsburg,2025-26,D3,85%,8,Andrew Ziebarth,Goalkeeper,23,https://athletics.augsburg.edu/sports/mens-soccer/roster,Senior
Augustana (IL),2025-26,D3,85%,4,Sergio Cano Minguet,Midfielder,147,https://athletics.augustana.edu/sports/mens-soccer/roster,Senior
Augustana (IL),2025-26,D3,85%,4,Ethan Wheeler,M/F,655,https://athletics.augustana.edu/sports/mens-soccer/roster,Senior
Augustana (IL),2025-26,D3,85%,4,Caleb Hass,Defender,322,https://athletics.augustana.edu/sports/mens-soccer/roster,Senior
Augustana (IL),2025-26,D3,85%,4,Zachary Beckman,Defender,351,https://athletics.augustana.edu/sports/mens-soccer/roster,Senior
Aurora,2025-26,D3,85%,4,Alex Ageladelis,Goalkeeper,1480,https://athletics.aurora.edu/sports/mens-soccer/roster,Senior
Aurora,2025-26,D3,85%,4,Nick Fiet,Defender,926,https://athletics.aurora.edu/sports/mens-soccer/roster,Senior
Aurora,2025-26,D3,85%,4,Branden Dolezal,Forward,1275,https://athletics.aurora.edu/sports/mens-soccer/roster,Senior
Aurora,2025-26,D3,85%,4,David Peters,Defender,940,https://athletics.aurora.edu/sports/mens-soccer/roster,Senior
Austin College,2025-26,D3,85%,8,Will Woulfe,Defender,,https://www.acroos.com/sports/msoc/2025-26/roster,Senior
Austin College,2025-26,D3,85%,8,Pedro Echeverria,Forward,,https://www.acroos.com/sports/msoc/2025-26/roster,Senior
Austin College,2025-26,D3,85%,8,Pierce Wear,Midfielder,,https://www.acroos.com/sports/msoc/2025-26/roster,Senior
Austin College,2025-26,D3,85%,8,Max Mundorff,Forward,,https://www.acroos.com/sports/msoc/2025-26/roster,Senior
Austin College,2025-26,D3,85%,8,Justin Ajdukovich,Defender,,https://www.acroos.com/sports/msoc/2025-26/roster,Senior
Austin College,2025-26,D3,85%,8,Alejandro Beracochea,Midfielder,,https://www.acroos.com/sports/msoc/2025-26/roster,Senior
Austin College,2025-26,D3,85%,8,Leo Renteria,Midfielder,,https://www.acroos.com/sports/msoc/2025-26/roster,Senior
Austin College,2025-26,D3,85%,8,Sam Spencer,Defender,,https://www.acroos.com/sports/msoc/2025-26/roster,Senior
Averett,2025-26,D3,85%,3,Will Davis,Midfield/Forward,522,https://averettcougars.com/sports/mens-soccer/roster,Senior
Averett,2025-26,D3,85%,3,Joshua Garcia,Midfielder,824,https://averettcougars.com/sports/mens-soccer/roster,Senior
Averett,2025-26,D3,85%,3,Patrick Leslie,Defender,961,https://averettcougars.com/sports/mens-soccer/roster,Senior
Babson,2025-26,D3,85%,5,Liam  Goldstein,Defender,1275,https://babsonathletics.com/sports/mens-soccer/roster,Senior
Babson,2025-26,D3,85%,5,Albion Bacaj,B/F,1199,https://babsonathletics.com/sports/mens-soccer/roster,Graduate Student
Babson,2025-26,D3,85%,5,Joao Araujo,B/M,1387,https://babsonathletics.com/sports/mens-soccer/roster,Senior
Babson,2025-26,D3,85%,5,James Modiano,Midfielder,671,https://babsonathletics.com/sports/mens-soccer/roster,Senior
Babson,2025-26,D3,85%,5,Derek Polanco,Goalkeeper,405,https://babsonathletics.com/sports/mens-soccer/roster,Senior
Baldwin Wallace,2025-26,D3,85%,10,Matt Aspinall,Defender,653,https://bwyellowjackets.com/sports/mens-soccer/roster,Senior
Baldwin Wallace,2025-26,D3,85%,10,Connor Carroll,Defender,4,https://bwyellowjackets.com/sports/mens-soccer/roster,Senior
Baldwin Wallace,2025-26,D3,85%,10,Michael Giganti,Midfielder,197,https://bwyellowjackets.com/sports/mens-soccer/roster,Senior
Baldwin Wallace,2025-26,D3,85%,10,Mike Kane,Forward,623,https://bwyellowjackets.com/sports/mens-soccer/roster,Senior
Baldwin Wallace,2025-26,D3,85%,10,Ben McCauley,Midfielder,1783,https://bwyellowjackets.com/sports/mens-soccer/roster,Senior
Baldwin Wallace,2025-26,D3,85%,10,Owen Reyes,Midfielder,1036,https://bwyellowjackets.com/sports/mens-soccer/roster,Senior
Baldwin Wallace,2025-26,D3,85%,10,Mathew Skladany,Midfielder,1557,https://bwyellowjackets.com/sports/mens-soccer/roster,Senior
Baldwin Wallace,2025-26,D3,85%,10,Mason Starkey,Forward,4,https://bwyellowjackets.com/sports/mens-soccer/roster,Senior
Baldwin Wallace,2025-26,D3,85%,10,Brendan Waters,Midfielder,20,https://bwyellowjackets.com/sports/mens-soccer/roster,Senior
Baldwin Wallace,2025-26,D3,85%,10,Max Yakym,Forward,347,https://bwyellowjackets.com/sports/mens-soccer/roster,Senior
Bard,2025-26,D3,85%,11,Ruemer Fletcher,Goalkeeper,,https://bardathletics.com/sports/mens-soccer/roster,Senior
Bard,2025-26,D3,85%,11,Jamie Coequyt,Midfielder,81,https://bardathletics.com/sports/mens-soccer/roster,Senior
Bard,2025-26,D3,85%,11,James Bird,Defender,1268,https://bardathletics.com/sports/mens-soccer/roster,Senior
Bard,2025-26,D3,85%,11,Henry Skeltis,Defender,1422,https://bardathletics.com/sports/mens-soccer/roster,Senior
Bard,2025-26,D3,85%,11,Brandon Alchy,Midfielder,1208,https://bardathletics.com/sports/mens-soccer/roster,Senior
Bard,2025-26,D3,85%,11,Frankie Perera-Modica,Midfielder,653,https://bardathletics.com/sports/mens-soccer/roster,Senior
Bard,2025-26,D3,85%,11,Pablo Ortega,Midfielder,574,https://bardathletics.com/sports/mens-soccer/roster,Senior
Bard,2025-26,D3,85%,11,Mateo Betelu,Forward/Midfield,950,https://bardathletics.com/sports/mens-soccer/roster,Senior
Bard,2025-26,D3,85%,11,Luca Costanzo,Midfielder,986,https://bardathletics.com/sports/mens-soccer/roster,Senior
Bard,2025-26,D3,85%,11,Benett Hathaway,Defender,15,https://bardathletics.com/sports/mens-soccer/roster,Senior
Bard,2025-26,D3,85%,11,Emmett Olson,Midfielder,1530,https://bardathletics.com/sports/mens-soccer/roster,Senior
Bates,2025-26,D3,85%,8,David Ortiz,Midfielder,151,https://gobatesbobcats.com/sports/mens-soccer/roster,Senior
Bates,2025-26,D3,85%,8,Mauro Kalaora,Midfielder,14,https://gobatesbobcats.com/sports/mens-soccer/roster,Senior
Bates,2025-26,D3,85%,8,Tomas Alberola,Forward,616,https://gobatesbobcats.com/sports/mens-soccer/roster,Senior
Bates,2025-26,D3,85%,8,Sebastian Iacovitti,Midfielder,699,https://gobatesbobcats.com/sports/mens-soccer/roster,Senior
Bates,2025-26,D3,85%,8,Cesar Hoover,Forward,17,https://gobatesbobcats.com/sports/mens-soccer/roster,Senior
Bates,2025-26,D3,85%,8,Wilson Smith,Forward,804,https://gobatesbobcats.com/sports/mens-soccer/roster,Senior
Bates,2025-26,D3,85%,8,Lane Foush&#233;e,Midfielder,844,https://gobatesbobcats.com/sports/mens-soccer/roster,Senior
Bates,2025-26,D3,85%,8,Isaac Nimako,MGR,,https://gobatesbobcats.com/sports/mens-soccer/roster,Senior
Belhaven,2025-26,D3,85%,8,Danny Bahena,Goalkeeper,1620,https://blazers.belhaven.edu/sports/mens-soccer/roster,Senior
Belhaven,2025-26,D3,85%,8,Joshua Ibrahim,Defender,50,https://blazers.belhaven.edu/sports/mens-soccer/roster,Senior
Belhaven,2025-26,D3,85%,8,Avery Anders,Midfielder,1171,https://blazers.belhaven.edu/sports/mens-soccer/roster,Senior
Belhaven,2025-26,D3,85%,8,Matt Smith,Midfielder,1440,https://blazers.belhaven.edu/sports/mens-soccer/roster,Senior
Belhaven,2025-26,D3,85%,8,Carlos  Loza,Midfielder,640,https://blazers.belhaven.edu/sports/mens-soccer/roster,Senior
Belhaven,2025-26,D3,85%,8,Samuel Hadley,Midfielder,1119,https://blazers.belhaven.edu/sports/mens-soccer/roster,Senior
Belhaven,2025-26,D3,85%,8,Anthony Gaspard,Midfielder,59,https://blazers.belhaven.edu/sports/mens-soccer/roster,Senior
Belhaven,2025-26,D3,85%,8,Devin Ryan,Forward,135,https://blazers.belhaven.edu/sports/mens-soccer/roster,Senior
Beloit,2025-26,D3,85%,6,Henry Amini,Goalkeeper,11,https://beloitcollegeathletics.com/sports/mens-soccer/roster,Senior
Beloit,2025-26,D3,85%,6,Marco Castillo,,,https://beloitcollegeathletics.com/sports/mens-soccer/roster,Senior
Beloit,2025-26,D3,85%,6,Colin Frank,Defender/Midfielder,1022,https://beloitcollegeathletics.com/sports/mens-soccer/roster,Senior
Beloit,2025-26,D3,85%,6,Juan Calzada,Forward,1117,https://beloitcollegeathletics.com/sports/mens-soccer/roster,Senior
Beloit,2025-26,D3,85%,6,Melvin Salazar,Defender,743,https://beloitcollegeathletics.com/sports/mens-soccer/roster,Senior
Beloit,2025-26,D3,85%,6,Evan Miranda,Defender/Midfielder,1471,https://beloitcollegeathletics.com/sports/mens-soccer/roster,Senior
Benedictine (IL),2025-26,D3,85%,7,Thomas Suchecki,Midfielder,1194,https://benueagles.com/sports/mens-soccer/roster,Senior
Benedictine (IL),2025-26,D3,85%,7,Dawid Molek,Forward,1067,https://benueagles.com/sports/mens-soccer/roster,Senior
Benedictine (IL),2025-26,D3,85%,7,Carter Boberg,Forward,685,https://benueagles.com/sports/mens-soccer/roster,Senior
Benedictine (IL),2025-26,D3,85%,7,Alex Krzos,Midfielder,1337,https://benueagles.com/sports/mens-soccer/roster,Senior
Benedictine (IL),2025-26,D3,85%,7,Colin McKinney,Defender,824,https://benueagles.com/sports/mens-soccer/roster,Senior
Benedictine (IL),2025-26,D3,85%,7,Sammy McNamara,Defender,653,https://benueagles.com/sports/mens-soccer/roster,Senior
Benedictine (IL),2025-26,D3,85%,7,Raul Jasso,Goalkeeper,,https://benueagles.com/sports/mens-soccer/roster,Senior
Berea,2025-26,D3,85%,1,Eris Acosta,Goalkeeper,1193,https://bereaathletics.com/sports/mens-soccer/roster,Senior
Berry,2025-26,D3,85%,9,Isaac Vardy,Defender,90,https://berryvikings.com/sports/mens-soccer/roster,Senior
Berry,2025-26,D3,85%,9,Alex Forrand,Defender,654,https://berryvikings.com/sports/mens-soccer/roster,Senior
Berry,2025-26,D3,85%,9,Brock Shoultz,Midfielder,1372,https://berryvikings.com/sports/mens-soccer/roster,Senior
Berry,2025-26,D3,85%,9,Lucas Stevenson,Midfielder,702,https://berryvikings.com/sports/mens-soccer/roster,Senior
Berry,2025-26,D3,85%,9,Max Albertson,Forward,1201,https://berryvikings.com/sports/mens-soccer/roster,Senior
Berry,2025-26,D3,85%,9,Charlie  Stokes,Defender,888,https://berryvikings.com/sports/mens-soccer/roster,Senior
Berry,2025-26,D3,85%,9,Mitch Register,Defender,1420,https://berryvikings.com/sports/mens-soccer/roster,Graduate Student
Berry,2025-26,D3,85%,9,Andy Guzman,Defender,1335,https://berryvikings.com/sports/mens-soccer/roster,Senior
Berry,2025-26,D3,85%,9,Alex Guzman,Forward,707,https://berryvikings.com/sports/mens-soccer/roster,Graduate Student
Bethany (WV),2025-26,D3,0%,0,,,,https://bethanybison.com/sports/mens-soccer/roster,No graduating players found (sidearm)
Bethany Lutheran,2025-26,D3,85%,7,Dylan Ortiz,Midfielder,,https://blcvikings.com/sports/mens-soccer/roster,Senior
Bethany Lutheran,2025-26,D3,85%,7,Oscar Peraza,Defender,457,https://blcvikings.com/sports/mens-soccer/roster,Senior
Bethany Lutheran,2025-26,D3,85%,7,Gijs van Eldik,Forward,438,https://blcvikings.com/sports/mens-soccer/roster,Senior
Bethany Lutheran,2025-26,D3,85%,7,Santiago Rios,Midfielder,1685,https://blcvikings.com/sports/mens-soccer/roster,Senior
Bethany Lutheran,2025-26,D3,85%,7,William Shade,Defender,399,https://blcvikings.com/sports/mens-soccer/roster,Senior
Bethany Lutheran,2025-26,D3,85%,7,Danny Pilot,Defender,320,https://blcvikings.com/sports/mens-soccer/roster,Senior
Bethany Lutheran,2025-26,D3,85%,7,Bryan Jaimes,Midfielder,472,https://blcvikings.com/sports/mens-soccer/roster,Senior
Bethel (MN),2025-26,D3,85%,5,David Erickson,Defender,1140,https://athletics.bethel.edu/sports/mens-soccer/roster,Senior
Bethel (MN),2025-26,D3,85%,5,Ryan Swanda,Defender,1655,https://athletics.bethel.edu/sports/mens-soccer/roster,Senior
Bethel (MN),2025-26,D3,85%,5,Jordan Ross,Forward,1609,https://athletics.bethel.edu/sports/mens-soccer/roster,Senior
Bethel (MN),2025-26,D3,85%,5,Dylan Magistad,Midfield/Defense,1434,https://athletics.bethel.edu/sports/mens-soccer/roster,Senior
Bethel (MN),2025-26,D3,85%,5,Silas Ihde,Defender,1253,https://athletics.bethel.edu/sports/mens-soccer/roster,Senior
Blackburn,2025-26,D3,85%,3,Henry Ibarguen-Londono,Forward,,https://www.blackburnbeavers.com/sports/msoc/2025-26/roster,Senior
Blackburn,2025-26,D3,85%,3,Landan Tribble,Defender,,https://www.blackburnbeavers.com/sports/msoc/2025-26/roster,Senior
Blackburn,2025-26,D3,85%,3,Tyler Marconi,Forward,,https://www.blackburnbeavers.com/sports/msoc/2025-26/roster,Senior
Bluffton,2025-26,D3,85%,4,Breshon Jacobs,Goalkeeper,,https://blufftonbeavers.com/sports/msoc/2025-26/roster,Senior
Bluffton,2025-26,D3,85%,4,Alex Brown,Midfielder,,https://blufftonbeavers.com/sports/msoc/2025-26/roster,Senior
Bluffton,2025-26,D3,85%,4,Andrew Phillips,Defender,,https://blufftonbeavers.com/sports/msoc/2025-26/roster,Senior
Bluffton,2025-26,D3,85%,4,Leonardo Campos,Midfielder,,https://blufftonbeavers.com/sports/msoc/2025-26/roster,Senior
Bowdoin,2025-26,D3,85%,1,Tyler Huck,Midfielder,,https://athletics.bowdoin.edu/sports/mens-soccer/roster,Senior
Brandeis,2025-26,D3,85%,8,Adam Henry,Goalkeeper,,https://brandeisjudges.com/sports/mens-soccer/roster,Graduate Student
Brandeis,2025-26,D3,85%,8,Elan Romo,Forward,,https://brandeisjudges.com/sports/mens-soccer/roster,Senior
Brandeis,2025-26,D3,85%,8,Rainer Osselmann-Chai,Midfielder,,https://brandeisjudges.com/sports/mens-soccer/roster,Senior
Brandeis,2025-26,D3,85%,8,Slater Loffredo,Midfielder,,https://brandeisjudges.com/sports/mens-soccer/roster,Senior
Brandeis,2025-26,D3,85%,8,Reid Etzbach,Defender,,https://brandeisjudges.com/sports/mens-soccer/roster,Senior
Brandeis,2025-26,D3,85%,8,Nico Beninda,Midfielder,,https://brandeisjudges.com/sports/mens-soccer/roster,Senior
Brandeis,2025-26,D3,85%,8,Josh Andrews,Forward,,https://brandeisjudges.com/sports/mens-soccer/roster,Senior
Brandeis,2025-26,D3,85%,8,Tyler Correnti,Goalkeeper,1617,https://brandeisjudges.com/sports/mens-soccer/roster,Senior
Brevard,2025-26,D3,85%,7,Leonardo Zabeu,Defender,1065,https://bctornados.com/sports/mens-soccer/roster,Graduate Student
Brevard,2025-26,D3,85%,7,Roi Kedar,Midfielder,217,https://bctornados.com/sports/mens-soccer/roster,Graduate Student
Brevard,2025-26,D3,85%,7,Caue dos Santos,Midfielder,1146,https://bctornados.com/sports/mens-soccer/roster,Senior
Brevard,2025-26,D3,85%,7,Tristan Bayssade,Forward,1006,https://bctornados.com/sports/mens-soccer/roster,Graduate Student
Brevard,2025-26,D3,85%,7,Martin Moguel Aguilar,Defender,1106,https://bctornados.com/sports/mens-soccer/roster,Senior
Brevard,2025-26,D3,85%,7,Hayden Domingo,Defender,369,https://bctornados.com/sports/mens-soccer/roster,Senior
Brevard,2025-26,D3,85%,7,Will Finney,Forward,284,https://bctornados.com/sports/mens-soccer/roster,Senior
Bridgewater (VA),2025-26,D3,85%,2,Will Flores,Defender,,https://bridgewatereagles.com/sports/mens-soccer/roster,Senior
Bridgewater (VA),2025-26,D3,85%,2,Jayden Buckles,Midfielder,,https://bridgewatereagles.com/sports/mens-soccer/roster,Senior
Bridgewater State,2025-26,D3,85%,2,Will Flores,Defender,,https://bridgewatereagles.com/sports/mens-soccer/roster,Senior
Bridgewater State,2025-26,D3,85%,2,Jayden Buckles,Midfielder,,https://bridgewatereagles.com/sports/mens-soccer/roster,Senior
Bryn Athyn,2025-26,D3,85%,3,Miguel Martins,Defender,614,https://brynathynathletics.com/sports/mens-soccer/roster,Senior
Bryn Athyn,2025-26,D3,85%,3,Justin Lykunov,Forward,1194,https://brynathynathletics.com/sports/mens-soccer/roster,Senior
Bryn Athyn,2025-26,D3,85%,3,Troy Billingslea,Goalkeeper,1023,https://brynathynathletics.com/sports/mens-soccer/roster,Senior
Buena Vista,2025-26,D3,85%,1,Daniel Martinez,Midfielder,89,https://bvuathletics.com/sports/mens-soccer/roster,Senior
Cairn,2025-26,D3,85%,9,Zach Knudsen,D/M,581,https://www.cairnhighlanders.com/sports/mens-soccer/roster,Senior
Cairn,2025-26,D3,85%,9,Youngan Kim,Forward,242,https://www.cairnhighlanders.com/sports/mens-soccer/roster,Senior
Cairn,2025-26,D3,85%,9,Jonathan Akers,Defender,194,https://www.cairnhighlanders.com/sports/mens-soccer/roster,Senior
Cairn,2025-26,D3,85%,9,Christian Ferguson,D/M,172,https://www.cairnhighlanders.com/sports/mens-soccer/roster,Senior
Cairn,2025-26,D3,85%,9,Matthews Lungu,Midfielder,1034,https://www.cairnhighlanders.com/sports/mens-soccer/roster,Graduate Student
Cairn,2025-26,D3,85%,9,Ethan Blanchard,Defender,588,https://www.cairnhighlanders.com/sports/mens-soccer/roster,Senior
Cairn,2025-26,D3,85%,9,Hayden Bassoff,Forward,59,https://www.cairnhighlanders.com/sports/mens-soccer/roster,Senior
Cairn,2025-26,D3,85%,9,Andreas Not,Midfielder,14,https://www.cairnhighlanders.com/sports/mens-soccer/roster,Senior
Cairn,2025-26,D3,85%,9,Deyshon Green,Goalkeeper,45,https://www.cairnhighlanders.com/sports/mens-soccer/roster,Senior
Cal Lutheran,2025-26,D3,85%,15,Isaak Tanaka,Goalkeeper,1436,https://clusports.com/sports/mens-soccer/roster,Senior
Cal Lutheran,2025-26,D3,85%,15,Lance Park,Defender,687,https://clusports.com/sports/mens-soccer/roster,Senior
Cal Lutheran,2025-26,D3,85%,15,Danny Rodriguez,Midfielder,1428,https://clusports.com/sports/mens-soccer/roster,Senior
Cal Lutheran,2025-26,D3,85%,15,Tika Kakimoto,Midfielder,490,https://clusports.com/sports/mens-soccer/roster,Senior
Cal Lutheran,2025-26,D3,85%,15,Tab Buongervino,Midfielder,44,https://clusports.com/sports/mens-soccer/roster,Senior
Cal Lutheran,2025-26,D3,85%,15,Max Scott,Forward,927,https://clusports.com/sports/mens-soccer/roster,Senior
Cal Lutheran,2025-26,D3,85%,15,Cole Cederwall,Forward,35,https://clusports.com/sports/mens-soccer/roster,Senior
Cal Lutheran,2025-26,D3,85%,15,Alejandro Loza,Forward,424,https://clusports.com/sports/mens-soccer/roster,Senior
Cal Lutheran,2025-26,D3,85%,15,Alijah Mexia,Midfielder,112,https://clusports.com/sports/mens-soccer/roster,Senior
Cal Lutheran,2025-26,D3,85%,15,Nico Calderone,Defender,310,https://clusports.com/sports/mens-soccer/roster,Senior
Cal Lutheran,2025-26,D3,85%,15,Kane Reese,Midfielder,1180,https://clusports.com/sports/mens-soccer/roster,Senior
Cal Lutheran,2025-26,D3,85%,15,Jackson Endsley,Forward,272,https://clusports.com/sports/mens-soccer/roster,Senior
Cal Lutheran,2025-26,D3,85%,15,Caleb Merrill,Defender,1126,https://clusports.com/sports/mens-soccer/roster,Senior
Cal Lutheran,2025-26,D3,85%,15,Jack Gominiak,Defender,1364,https://clusports.com/sports/mens-soccer/roster,Senior
Cal Lutheran,2025-26,D3,85%,15,Skyler McElhannon,Defender,207,https://clusports.com/sports/mens-soccer/roster,Senior
Caltech,2025-26,D3,85%,4,Etienne Casanova,Midfielder,1354,https://gocaltech.com/sports/mens-soccer/roster,Senior
Caltech,2025-26,D3,85%,4,Wilson Duan,Midfielder,964,https://gocaltech.com/sports/mens-soccer/roster,Senior
Caltech,2025-26,D3,85%,4,Ishaan Mantripragada,Forward,1186,https://gocaltech.com/sports/mens-soccer/roster,Senior
Caltech,2025-26,D3,85%,4,Jack Myles,Forward,542,https://gocaltech.com/sports/mens-soccer/roster,Senior
Calvin,2025-26,D3,85%,3,Zac Moore,Goalkeeper,1765,https://calvinknights.com/sports/mens-soccer/roster,Graduate Student
Calvin,2025-26,D3,85%,3,Athan Ladas,Midfielder,259,https://calvinknights.com/sports/mens-soccer/roster,Senior
Calvin,2025-26,D3,85%,3,Jonah Meyer-Crothers,Midfielder,1012,https://calvinknights.com/sports/mens-soccer/roster,Senior
Capital,2025-26,D3,85%,7,Ethan Ogden,Goalkeeper,1124,https://athletics.capital.edu/sports/mens-soccer/roster,Senior
Capital,2025-26,D3,85%,7,Samuel Yocum,Defender,1,https://athletics.capital.edu/sports/mens-soccer/roster,Senior
Capital,2025-26,D3,85%,7,Tony Epstein,Midfielder,790,https://athletics.capital.edu/sports/mens-soccer/roster,Senior
Capital,2025-26,D3,85%,7,Derrick Harris,Forward,671,https://athletics.capital.edu/sports/mens-soccer/roster,Senior
Capital,2025-26,D3,85%,7,Brendon Dorsett,Forward,430,https://athletics.capital.edu/sports/mens-soccer/roster,Senior
Capital,2025-26,D3,85%,7,Alex  Spiers,D/M,197,https://athletics.capital.edu/sports/mens-soccer/roster,Senior
Capital,2025-26,D3,85%,7,Noah Baer,Defender,466,https://athletics.capital.edu/sports/mens-soccer/roster,Senior
Carleton,2025-26,D3,85%,8,Leo Kugel,Goalkeeper,1421,https://athletics.carleton.edu/sports/mens-soccer/roster,Senior
Carleton,2025-26,D3,85%,8,Efram Stewart,Goalkeeper,59,https://athletics.carleton.edu/sports/mens-soccer/roster,Senior
Carleton,2025-26,D3,85%,8,Aidan Morris,Defender,79,https://athletics.carleton.edu/sports/mens-soccer/roster,Senior
Carleton,2025-26,D3,85%,8,Alexander Grosse,Defender,1469,https://athletics.carleton.edu/sports/mens-soccer/roster,Senior
Carleton,2025-26,D3,85%,8,Briggs Priem,Midfielder,1204,https://athletics.carleton.edu/sports/mens-soccer/roster,Senior
Carleton,2025-26,D3,85%,8,Jonathan Vonderlage,Midfielder,1183,https://athletics.carleton.edu/sports/mens-soccer/roster,Senior
Carleton,2025-26,D3,85%,8,Ben Pennell,Forward,926,https://athletics.carleton.edu/sports/mens-soccer/roster,Senior
Carleton,2025-26,D3,85%,8,Luke Brown,Forward,681,https://athletics.carleton.edu/sports/mens-soccer/roster,Senior
Carlow,2025-26,D3,0%,0,,,,https://athletics.carlow.edu/sports/msoc/2025-26/roster,Roster data requires JavaScript (JS-rendered SPA)
Carnegie Mellon,2025-26,D3,85%,8,Mark Martinez,Goalkeeper,,https://athletics.cmu.edu/sports/msoc/2025-26/roster,Senior
Carnegie Mellon,2025-26,D3,85%,8,William Burger,Goalkeeper,,https://athletics.cmu.edu/sports/msoc/2025-26/roster,Senior
Carnegie Mellon,2025-26,D3,85%,8,Brendan Schonwetter,Defender,,https://athletics.cmu.edu/sports/msoc/2025-26/roster,Senior
Carnegie Mellon,2025-26,D3,85%,8,Rohan Dhingra,Forward,,https://athletics.cmu.edu/sports/msoc/2025-26/roster,Senior
Carnegie Mellon,2025-26,D3,85%,8,Zach Schonwetter,Forward,,https://athletics.cmu.edu/sports/msoc/2025-26/roster,Senior
Carnegie Mellon,2025-26,D3,85%,8,Brendan Flynn,Defender,,https://athletics.cmu.edu/sports/msoc/2025-26/roster,Senior
Carnegie Mellon,2025-26,D3,85%,8,Zach Moskowitz,Defender,,https://athletics.cmu.edu/sports/msoc/2025-26/roster,Graduate Student
Carnegie Mellon,2025-26,D3,85%,8,Matthew Cadena,Forward,,https://athletics.cmu.edu/sports/msoc/2025-26/roster,Senior
Carroll (WI),2025-26,D3,85%,2,Luka Pranjeta,Midfielder,840,https://jcusports.com/sports/mens-soccer/roster,Senior
Carroll (WI),2025-26,D3,85%,2,Diego Calixto,Forward/Midfielder,,https://jcusports.com/sports/mens-soccer/roster,Senior
Carthage,2025-26,D3,85%,4,Aaron The,Goalkeeper,1350,https://athletics.carthage.edu/sports/mens-soccer/roster,Senior
Carthage,2025-26,D3,85%,4,Evan Kowalski,Goalkeeper,90,https://athletics.carthage.edu/sports/mens-soccer/roster,Senior
Carthage,2025-26,D3,85%,4,Bram Wolkenfelt,Defender,793,https://athletics.carthage.edu/sports/mens-soccer/roster,Graduate Student
Carthage,2025-26,D3,85%,4,Eli Schoffstall,Midfielder,774,https://athletics.carthage.edu/sports/mens-soccer/roster,Senior
Case Western Reserve,2025-26,D3,85%,9,Philip Vlastaris,Defender,1379,https://athletics.case.edu/sports/mens-soccer/roster,Senior
Case Western Reserve,2025-26,D3,85%,9,Cormac Apostolides,Defender,,https://athletics.case.edu/sports/mens-soccer/roster,Senior
Case Western Reserve,2025-26,D3,85%,9,Cameron Thayer,Defender,604,https://athletics.case.edu/sports/mens-soccer/roster,Senior
Case Western Reserve,2025-26,D3,85%,9,Sean Wilson,Midfielder,751,https://athletics.case.edu/sports/mens-soccer/roster,Senior
Case Western Reserve,2025-26,D3,85%,9,Adam Pluszczyk,Midfielder,602,https://athletics.case.edu/sports/mens-soccer/roster,Senior
Case Western Reserve,2025-26,D3,85%,9,Ohta Kamiya,Midfielder,1077,https://athletics.case.edu/sports/mens-soccer/roster,Senior
Case Western Reserve,2025-26,D3,85%,9,Hayden Fischer,Midfielder,,https://athletics.case.edu/sports/mens-soccer/roster,Senior
Case Western Reserve,2025-26,D3,85%,9,Daniel Sandall,Defender,,https://athletics.case.edu/sports/mens-soccer/roster,Senior
Case Western Reserve,2025-26,D3,85%,9,Saiheed Jah,Forward,,https://athletics.case.edu/sports/mens-soccer/roster,Graduate Student
Catholic,2025-26,D3,85%,5,Daniel Ferrer,Goalkeeper,6,https://catholicathletics.com/sports/mens-soccer/roster,Senior
Catholic,2025-26,D3,85%,5,Ben Zimmer,Midfielder,1379,https://catholicathletics.com/sports/mens-soccer/roster,Senior
Catholic,2025-26,D3,85%,5,Kwaku Marfo-Sarbeng,Forward,30,https://catholicathletics.com/sports/mens-soccer/roster,Senior
Catholic,2025-26,D3,85%,5,Holden Woodings,Forward,1408,https://catholicathletics.com/sports/mens-soccer/roster,Senior
Catholic,2025-26,D3,85%,5,Nick Licari,Midfielder,388,https://catholicathletics.com/sports/mens-soccer/roster,Senior
Centenary (LA),2025-26,D3,85%,10,Kevin  Velasquez Mejia,Goalkeeper,1104,https://centenarycyclones.com/sports/mens-soccer/roster,Senior
Centenary (LA),2025-26,D3,85%,10,Brian Osorio,Defender,1270,https://centenarycyclones.com/sports/mens-soccer/roster,Senior
Centenary (LA),2025-26,D3,85%,10,David Velasquez Jr.,Mid-field,114,https://centenarycyclones.com/sports/mens-soccer/roster,Senior
Centenary (LA),2025-26,D3,85%,10,Brandon Morales,Mid-field,869,https://centenarycyclones.com/sports/mens-soccer/roster,Senior
Centenary (LA),2025-26,D3,85%,10,Harison Samayoa Lopez,Mid-field,1125,https://centenarycyclones.com/sports/mens-soccer/roster,Senior
Centenary (LA),2025-26,D3,85%,10,Patrick Kelleher,Forward,503,https://centenarycyclones.com/sports/mens-soccer/roster,Senior
Centenary (LA),2025-26,D3,85%,10,Jacob  Weiss,Forward,415,https://centenarycyclones.com/sports/mens-soccer/roster,Senior
Centenary (LA),2025-26,D3,85%,10,Jason Vella,Mid-field,826,https://centenarycyclones.com/sports/mens-soccer/roster,Senior
Centenary (LA),2025-26,D3,85%,10,Andre Ferreria,Forward,31,https://centenarycyclones.com/sports/mens-soccer/roster,Senior
Centenary (LA),2025-26,D3,85%,10,Christian Ruiz,Goalkeeper,428,https://centenarycyclones.com/sports/mens-soccer/roster,Senior
Centenary (NJ),2025-26,D3,85%,10,Kevin  Velasquez Mejia,Goalkeeper,1104,https://centenarycyclones.com/sports/mens-soccer/roster,Senior
Centenary (NJ),2025-26,D3,85%,10,Brian Osorio,Defender,1270,https://centenarycyclones.com/sports/mens-soccer/roster,Senior
Centenary (NJ),2025-26,D3,85%,10,David Velasquez Jr.,Mid-field,114,https://centenarycyclones.com/sports/mens-soccer/roster,Senior
Centenary (NJ),2025-26,D3,85%,10,Brandon Morales,Mid-field,869,https://centenarycyclones.com/sports/mens-soccer/roster,Senior
Centenary (NJ),2025-26,D3,85%,10,Harison Samayoa Lopez,Mid-field,1125,https://centenarycyclones.com/sports/mens-soccer/roster,Senior
Centenary (NJ),2025-26,D3,85%,10,Patrick Kelleher,Forward,503,https://centenarycyclones.com/sports/mens-soccer/roster,Senior
Centenary (NJ),2025-26,D3,85%,10,Jacob  Weiss,Forward,415,https://centenarycyclones.com/sports/mens-soccer/roster,Senior
Centenary (NJ),2025-26,D3,85%,10,Jason Vella,Mid-field,826,https://centenarycyclones.com/sports/mens-soccer/roster,Senior
Centenary (NJ),2025-26,D3,85%,10,Andre Ferreria,Forward,31,https://centenarycyclones.com/sports/mens-soccer/roster,Senior
Centenary (NJ),2025-26,D3,85%,10,Christian Ruiz,Goalkeeper,428,https://centenarycyclones.com/sports/mens-soccer/roster,Senior
Central (IA),2025-26,D3,85%,6,Trysten Vasquez,Defender,1276,https://athletics.central.edu/sports/mens-soccer/roster,Senior
Central (IA),2025-26,D3,85%,6,Spencer Taylor,Defender,1301,https://athletics.central.edu/sports/mens-soccer/roster,Senior
Central (IA),2025-26,D3,85%,6,Alejo Marcon,Defender,1592,https://athletics.central.edu/sports/mens-soccer/roster,Senior
Central (IA),2025-26,D3,85%,6,Ryan Anhalt,Midfielder,14,https://athletics.central.edu/sports/mens-soccer/roster,Senior
Central (IA),2025-26,D3,85%,6,Derek Beiner,Forward,191,https://athletics.central.edu/sports/mens-soccer/roster,Senior
Central (IA),2025-26,D3,85%,6,Breyton Schwenker,Goalkeeper,,https://athletics.central.edu/sports/mens-soccer/roster,Senior
Centre,2025-26,D3,85%,7,Andrew Bartosik,Goalkeeper,19,https://centrecolonels.com/sports/mens-soccer/roster,Senior
Centre,2025-26,D3,85%,7,Eumir Rodriguez,Midfielder,825,https://centrecolonels.com/sports/mens-soccer/roster,Senior
Centre,2025-26,D3,85%,7,AJ Daniels,Midfielder,903,https://centrecolonels.com/sports/mens-soccer/roster,Senior
Centre,2025-26,D3,85%,7,Amit Shahar,Midfielder,995,https://centrecolonels.com/sports/mens-soccer/roster,Senior
Centre,2025-26,D3,85%,7,Jason Weisheit,Midfielder,1124,https://centrecolonels.com/sports/mens-soccer/roster,Senior
Centre,2025-26,D3,85%,7,Finnegan Deem-Ranzetta,Defender,1333,https://centrecolonels.com/sports/mens-soccer/roster,Senior
Centre,2025-26,D3,85%,7,Zeke Saviello,Midfielder,595,https://centrecolonels.com/sports/mens-soccer/roster,Senior
Chapman,2025-26,D3,85%,9,Alex Glynn,Goalkeeper,1484,https://athletics.chapman.edu/sports/mens-soccer/roster,Senior
Chapman,2025-26,D3,85%,9,Garrett Lindfelt,Forward,241,https://athletics.chapman.edu/sports/mens-soccer/roster,Senior
Chapman,2025-26,D3,85%,9,Isaac Storms,Forward,,https://athletics.chapman.edu/sports/mens-soccer/roster,Senior
Chapman,2025-26,D3,85%,9,Alex Festa,Midfielder,29,https://athletics.chapman.edu/sports/mens-soccer/roster,Senior
Chapman,2025-26,D3,85%,9,Dylan Paine,Forward,757,https://athletics.chapman.edu/sports/mens-soccer/roster,Senior
Chapman,2025-26,D3,85%,9,Cormac Galvin,Defender,996,https://athletics.chapman.edu/sports/mens-soccer/roster,Senior
Chapman,2025-26,D3,85%,9,Wesley Jackson,Defender,1055,https://athletics.chapman.edu/sports/mens-soccer/roster,Senior
Chapman,2025-26,D3,85%,9,Marco Rodriguez,Midfielder,623,https://athletics.chapman.edu/sports/mens-soccer/roster,Senior
Chapman,2025-26,D3,85%,9,Damon Smargon,Midfielder,139,https://athletics.chapman.edu/sports/mens-soccer/roster,Senior
Chatham,2025-26,D3,85%,1,Matthew Crosby,Defender,827,https://gochathamcougars.com/sports/mens-soccer/roster,Senior
Christopher Newport,2025-26,D3,85%,12,Matt Yates,Goalkeeper,,https://www.cnusports.com/sports/mens-soccer/roster,Senior
Christopher Newport,2025-26,D3,85%,12,Michael Hackworth,Midfielder,382,https://www.cnusports.com/sports/mens-soccer/roster,Senior
Christopher Newport,2025-26,D3,85%,12,Riley Usher,Midfielder,254,https://www.cnusports.com/sports/mens-soccer/roster,Senior
Christopher Newport,2025-26,D3,85%,12,Joe Summerfield,Forward,934,https://www.cnusports.com/sports/mens-soccer/roster,Senior
Christopher Newport,2025-26,D3,85%,12,Caleb Lewis,Midfielder,50,https://www.cnusports.com/sports/mens-soccer/roster,Senior
Christopher Newport,2025-26,D3,85%,12,Alex Stell,Defender / Midfielder,118,https://www.cnusports.com/sports/mens-soccer/roster,Senior
Christopher Newport,2025-26,D3,85%,12,Miles Maggioncalda,Midfielder,865,https://www.cnusports.com/sports/mens-soccer/roster,Senior
Christopher Newport,2025-26,D3,85%,12,Manzi Siibo,Midfielder,645,https://www.cnusports.com/sports/mens-soccer/roster,Senior
Christopher Newport,2025-26,D3,85%,12,Colin Skwirut,Midfielder,1201,https://www.cnusports.com/sports/mens-soccer/roster,Senior
Christopher Newport,2025-26,D3,85%,12,Yazan Yaghmmour,Defender,1183,https://www.cnusports.com/sports/mens-soccer/roster,Senior
Christopher Newport,2025-26,D3,85%,12,Evan Rupe,Forward,115,https://www.cnusports.com/sports/mens-soccer/roster,Senior
Christopher Newport,2025-26,D3,85%,12,Drew McWhinney,Forward,1118,https://www.cnusports.com/sports/mens-soccer/roster,Senior
Claremont-Mudd-Scripps,2025-26,D3,85%,6,Daniel Kotkosky,Goalkeeper,286,https://cmsathletics.org/sports/mens-soccer/roster,Senior
Claremont-Mudd-Scripps,2025-26,D3,85%,6,Shaan Malik,Defender,,https://cmsathletics.org/sports/mens-soccer/roster,Senior
Claremont-Mudd-Scripps,2025-26,D3,85%,6,Ben Bacdayan,Midfielder,969,https://cmsathletics.org/sports/mens-soccer/roster,Senior
Claremont-Mudd-Scripps,2025-26,D3,85%,6,Henry Otte,Goalkeeper,209,https://cmsathletics.org/sports/mens-soccer/roster,Senior
Claremont-Mudd-Scripps,2025-26,D3,85%,6,Gray Mollenkamp,Forward,490,https://cmsathletics.org/sports/mens-soccer/roster,Senior
Claremont-Mudd-Scripps,2025-26,D3,85%,6,John Laidlaw,Midfielder,1414,https://cmsathletics.org/sports/mens-soccer/roster,Senior
Clark (MA),2025-26,D3,85%,7,Diego Marin,Goalkeeper,1305,https://clarkathletics.com/sports/mens-soccer/roster,Senior
Clark (MA),2025-26,D3,85%,7,Henry Kuerbis,Defender,1221,https://clarkathletics.com/sports/mens-soccer/roster,Senior
Clark (MA),2025-26,D3,85%,7,Ben Siegel,Forward,978,https://clarkathletics.com/sports/mens-soccer/roster,Senior
Clark (MA),2025-26,D3,85%,7,Mauro Perez Colon,Forward,939,https://clarkathletics.com/sports/mens-soccer/roster,Senior
Clark (MA),2025-26,D3,85%,7,Luke Sheldon,Forward,612,https://clarkathletics.com/sports/mens-soccer/roster,Senior
Clark (MA),2025-26,D3,85%,7,Amechi Aduba,Forward,363,https://clarkathletics.com/sports/mens-soccer/roster,Senior
Clark (MA),2025-26,D3,85%,7,Ben Wittlin,Goalkeeper,4,https://clarkathletics.com/sports/mens-soccer/roster,Senior
Clarks Summit,2025-26,D3,85%,7,Diego Marin,Goalkeeper,1305,https://clarkathletics.com/sports/mens-soccer/roster,Senior
Clarks Summit,2025-26,D3,85%,7,Henry Kuerbis,Defender,1221,https://clarkathletics.com/sports/mens-soccer/roster,Senior
Clarks Summit,2025-26,D3,85%,7,Ben Siegel,Forward,978,https://clarkathletics.com/sports/mens-soccer/roster,Senior
Clarks Summit,2025-26,D3,85%,7,Mauro Perez Colon,Forward,939,https://clarkathletics.com/sports/mens-soccer/roster,Senior
Clarks Summit,2025-26,D3,85%,7,Luke Sheldon,Forward,612,https://clarkathletics.com/sports/mens-soccer/roster,Senior
Clarks Summit,2025-26,D3,85%,7,Amechi Aduba,Forward,363,https://clarkathletics.com/sports/mens-soccer/roster,Senior
Clarks Summit,2025-26,D3,85%,7,Ben Wittlin,Goalkeeper,4,https://clarkathletics.com/sports/mens-soccer/roster,Senior
Clarkson,2025-26,D3,85%,7,Diego Marin,Goalkeeper,1305,https://clarkathletics.com/sports/mens-soccer/roster,Senior
Clarkson,2025-26,D3,85%,7,Henry Kuerbis,Defender,1221,https://clarkathletics.com/sports/mens-soccer/roster,Senior
Clarkson,2025-26,D3,85%,7,Ben Siegel,Forward,978,https://clarkathletics.com/sports/mens-soccer/roster,Senior
Clarkson,2025-26,D3,85%,7,Mauro Perez Colon,Forward,939,https://clarkathletics.com/sports/mens-soccer/roster,Senior
Clarkson,2025-26,D3,85%,7,Luke Sheldon,Forward,612,https://clarkathletics.com/sports/mens-soccer/roster,Senior
Clarkson,2025-26,D3,85%,7,Amechi Aduba,Forward,363,https://clarkathletics.com/sports/mens-soccer/roster,Senior
Clarkson,2025-26,D3,85%,7,Ben Wittlin,Goalkeeper,4,https://clarkathletics.com/sports/mens-soccer/roster,Senior
Coe,2025-26,D3,85%,8,Kai Sidhu,Defender,386,https://kohawkathletics.com/sports/mens-soccer/roster,Senior
Coe,2025-26,D3,85%,8,Jack Resado,Defender,1103,https://kohawkathletics.com/sports/mens-soccer/roster,Senior
Coe,2025-26,D3,85%,8,Dylan Pagel,Defender / Midfielder,1118,https://kohawkathletics.com/sports/mens-soccer/roster,Senior
Coe,2025-26,D3,85%,8,Sebastian Pena,Midfielder,504,https://kohawkathletics.com/sports/mens-soccer/roster,Senior
Coe,2025-26,D3,85%,8,James Napieralski,Midfielder,1303,https://kohawkathletics.com/sports/mens-soccer/roster,Senior
Coe,2025-26,D3,85%,8,Isaiah Jakel,Midfielder,478,https://kohawkathletics.com/sports/mens-soccer/roster,Senior
Coe,2025-26,D3,85%,8,Aiden Olofson,Defender,348,https://kohawkathletics.com/sports/mens-soccer/roster,Senior
Coe,2025-26,D3,85%,8,Nicolas Zapata,Midfielder / Defender,50,https://kohawkathletics.com/sports/mens-soccer/roster,Senior
Colby,2025-26,D3,85%,5,Ryan Stewart,Defender,1046,https://colbyathletics.com/sports/mens-soccer/roster,Senior
Colby,2025-26,D3,85%,5,Chase Dolinko,Forward,667,https://colbyathletics.com/sports/mens-soccer/roster,Senior
Colby,2025-26,D3,85%,5,Luis Estrella,Forward,65,https://colbyathletics.com/sports/mens-soccer/roster,Senior
Colby,2025-26,D3,85%,5,Jasper Paez,Midfielder,838,https://colbyathletics.com/sports/mens-soccer/roster,Senior
Colby,2025-26,D3,85%,5,Braden Jondro,Defender,239,https://colbyathletics.com/sports/mens-soccer/roster,Senior
Colby-Sawyer,2025-26,D3,85%,8,Yener Bartolon,Goalkeeper,1228,https://www.colby-sawyerathletics.com/sports/mens-soccer/roster,Senior
Colby-Sawyer,2025-26,D3,85%,8,Evan Thomas,Midfielder,375,https://www.colby-sawyerathletics.com/sports/mens-soccer/roster,Senior
Colby-Sawyer,2025-26,D3,85%,8,Kadin Braley,Defender/Midfielder,73,https://www.colby-sawyerathletics.com/sports/mens-soccer/roster,Senior
Colby-Sawyer,2025-26,D3,85%,8,Nick Carrabino,Defender/Midfielder,1166,https://www.colby-sawyerathletics.com/sports/mens-soccer/roster,Senior
Colby-Sawyer,2025-26,D3,85%,8,Brandon  Mejia,Midfielder,331,https://www.colby-sawyerathletics.com/sports/mens-soccer/roster,Senior
Colby-Sawyer,2025-26,D3,85%,8,Donovan Luna,Defender,44,https://www.colby-sawyerathletics.com/sports/mens-soccer/roster,Senior
Colby-Sawyer,2025-26,D3,85%,8,Eric Deschner,Defender/Midfielder,857,https://www.colby-sawyerathletics.com/sports/mens-soccer/roster,Senior
Colby-Sawyer,2025-26,D3,85%,8,Bryan Fernandes,Midfielder,604,https://www.colby-sawyerathletics.com/sports/mens-soccer/roster,Senior
College of Wooster,2025-26,D3,85%,4,Jacob Fried,Defender,1112,https://woosterathletics.com/sports/mens-soccer/roster,Senior
College of Wooster,2025-26,D3,85%,4,Elliot Miller,M/F,1629,https://woosterathletics.com/sports/mens-soccer/roster,Senior
College of Wooster,2025-26,D3,85%,4,Evan Amend,Midfielder,622,https://woosterathletics.com/sports/mens-soccer/roster,Senior
College of Wooster,2025-26,D3,85%,4,Jackson Shoemaker,Defender,1152,https://woosterathletics.com/sports/mens-soccer/roster,Senior
Colorado College,2025-26,D3,85%,7,Spencer Besselaar,Goalkeeper,90,https://cctigers.com/sports/mens-soccer/roster,Senior
Colorado College,2025-26,D3,85%,7,Alex Wolter,Goalkeeper,1620,https://cctigers.com/sports/mens-soccer/roster,Senior
Colorado College,2025-26,D3,85%,7,Dylan Stapley,Defender,1508,https://cctigers.com/sports/mens-soccer/roster,Senior
Colorado College,2025-26,D3,85%,7,Zeke Lubin,Midfielder,556,https://cctigers.com/sports/mens-soccer/roster,Senior
Colorado College,2025-26,D3,85%,7,Dylan Rich,Midfielder,866,https://cctigers.com/sports/mens-soccer/roster,Senior
Colorado College,2025-26,D3,85%,7,Jack Hilliard,Midfielder,1507,https://cctigers.com/sports/mens-soccer/roster,Senior
Colorado College,2025-26,D3,85%,7,Wyatt Linggi,Forward,528,https://cctigers.com/sports/mens-soccer/roster,Senior
Concordia (MN),2025-26,D3,85%,4,Jefferson Garcia,Midfielder/Forward,334,https://www.cucougars.com/sports/mens-soccer/roster,Senior
Concordia (MN),2025-26,D3,85%,4,Evin Perez,Defender,455,https://www.cucougars.com/sports/mens-soccer/roster,Graduate Student
Concordia (MN),2025-26,D3,85%,4,Asael Castaneda,Defender,1415,https://www.cucougars.com/sports/mens-soccer/roster,Senior
Concordia (MN),2025-26,D3,85%,4,Andre Wangandu,Defender,923,https://www.cucougars.com/sports/mens-soccer/roster,Graduate Student
Concordia Chicago,2025-26,D3,85%,7,William Raenden,Defender,31,https://athletics.uchicago.edu/sports/mens-soccer/roster,Senior
Concordia Chicago,2025-26,D3,85%,7,Austin Murawski,Forward,,https://athletics.uchicago.edu/sports/mens-soccer/roster,Graduate Student
Concordia Chicago,2025-26,D3,85%,7,Jedd  Horowitz,Forward,12,https://athletics.uchicago.edu/sports/mens-soccer/roster,Senior
Concordia Chicago,2025-26,D3,85%,7,Jadyn Hsieh-Bailey,Forward,951,https://athletics.uchicago.edu/sports/mens-soccer/roster,Senior
Concordia Chicago,2025-26,D3,85%,7,Max Weene,Defender,1392,https://athletics.uchicago.edu/sports/mens-soccer/roster,Senior
Concordia Chicago,2025-26,D3,85%,7,Nick Lorr,Defender,1373,https://athletics.uchicago.edu/sports/mens-soccer/roster,Senior
Concordia Chicago,2025-26,D3,85%,7,Evan Kanellos,Midfielder,1588,https://athletics.uchicago.edu/sports/mens-soccer/roster,Senior
Concordia Texas,2025-26,D3,85%,6,Devin Hammel,Defender,566,https://athletics.concordia.edu/sports/mens-soccer/roster,Senior
Concordia Texas,2025-26,D3,85%,6,Luis Suarez,Defender,27,https://athletics.concordia.edu/sports/mens-soccer/roster,Senior
Concordia Texas,2025-26,D3,85%,6,Alejandro Rojas,Forward,937,https://athletics.concordia.edu/sports/mens-soccer/roster,Graduate Student
Concordia Texas,2025-26,D3,85%,6,Bryan Rios,Midfielder,558,https://athletics.concordia.edu/sports/mens-soccer/roster,Senior
Concordia Texas,2025-26,D3,85%,6,Aidyn Ogle,Defender,665,https://athletics.concordia.edu/sports/mens-soccer/roster,Senior
Concordia Texas,2025-26,D3,85%,6,Ahmad Alhendi,Defender,857,https://athletics.concordia.edu/sports/mens-soccer/roster,Senior
Concordia Wisconsin,2025-26,D3,0%,0,,,,https://cuwfalcons.com/sports/mens-soccer/roster,Roster data requires JavaScript (JS-rendered SPA)
Connecticut College,2025-26,D3,85%,8,TJ Krongard,Goalkeeper,1788,https://camelathletics.com/sports/mens-soccer/roster,Senior
Connecticut College,2025-26,D3,85%,8,Gavin Vanden Berg,Forward,738,https://camelathletics.com/sports/mens-soccer/roster,Senior
Connecticut College,2025-26,D3,85%,8,Cameron Merrill,Forward,139,https://camelathletics.com/sports/mens-soccer/roster,Senior
Connecticut College,2025-26,D3,85%,8,Matt Quiros-Newton,Forward,859,https://camelathletics.com/sports/mens-soccer/roster,Senior
Connecticut College,2025-26,D3,85%,8,Aidan Keith,Defender,607,https://camelathletics.com/sports/mens-soccer/roster,Senior
Connecticut College,2025-26,D3,85%,8,Elliot Spatz,Forward,1009,https://camelathletics.com/sports/mens-soccer/roster,Senior
Connecticut College,2025-26,D3,85%,8,Sam Brockelman,Midfielder,945,https://camelathletics.com/sports/mens-soccer/roster,Senior
Connecticut College,2025-26,D3,85%,8,Maurice Pigola,Midfielder,1273,https://camelathletics.com/sports/mens-soccer/roster,Senior
Cornell College,2025-26,D3,85%,8,Mardoche Ntonku,Forward,,https://cornellrams.com/sports/mens-soccer/roster,Senior
Cornell College,2025-26,D3,85%,8,Aidan Butler,Midfielder,293,https://cornellrams.com/sports/mens-soccer/roster,Senior
Cornell College,2025-26,D3,85%,8,Fox Wight,Forward,882,https://cornellrams.com/sports/mens-soccer/roster,Senior
Cornell College,2025-26,D3,85%,8,Sam Burmeister,MF/F,1497,https://cornellrams.com/sports/mens-soccer/roster,Senior
Cornell College,2025-26,D3,85%,8,Mason Parsley,MF/F,1283,https://cornellrams.com/sports/mens-soccer/roster,Senior
Cornell College,2025-26,D3,85%,8,Carter Lampe,D/MF,472,https://cornellrams.com/sports/mens-soccer/roster,Senior
Cornell College,2025-26,D3,85%,8,Tadhg Thompson,Midfielder,644,https://cornellrams.com/sports/mens-soccer/roster,Senior
Cornell College,2025-26,D3,85%,8,Erwann Hiernaux,D/MF,1004,https://cornellrams.com/sports/mens-soccer/roster,Senior
Covenant,2025-26,D3,85%,3,Eli Honeycutt,Goalkeeper,1462,https://athletics.covenant.edu/sports/mens-soccer/roster,Senior
Covenant,2025-26,D3,85%,3,Fox Landgren,Defender,1344,https://athletics.covenant.edu/sports/mens-soccer/roster,Senior
Covenant,2025-26,D3,85%,3,Whitt Tisdale,Forward,1058,https://athletics.covenant.edu/sports/mens-soccer/roster,Senior
Crown (MN),2025-26,D3,85%,10,Leo  Roque,Goalkeeper,1843,https://athletics.crown.edu/sports/mens-soccer/roster,Senior
Crown (MN),2025-26,D3,85%,10,Alan Montano,Defender,1279,https://athletics.crown.edu/sports/mens-soccer/roster,Senior
Crown (MN),2025-26,D3,85%,10,Jordan Gallow,Defender,798,https://athletics.crown.edu/sports/mens-soccer/roster,Graduate Student
Crown (MN),2025-26,D3,85%,10,Joaquin Silva,Forward,333,https://athletics.crown.edu/sports/mens-soccer/roster,Senior
Crown (MN),2025-26,D3,85%,10,Pedro Silveira,Midfielder,1462,https://athletics.crown.edu/sports/mens-soccer/roster,Senior
Crown (MN),2025-26,D3,85%,10,Omar Navarro,Defender,1531,https://athletics.crown.edu/sports/mens-soccer/roster,Senior
Crown (MN),2025-26,D3,85%,10,Enzo  Pittigliani,Defender,33,https://athletics.crown.edu/sports/mens-soccer/roster,Senior
Crown (MN),2025-26,D3,85%,10,Mateo  Navarro,Goalkeeper,161,https://athletics.crown.edu/sports/mens-soccer/roster,Senior
Crown (MN),2025-26,D3,85%,10,Quinn Bagwell,Defender,150,https://athletics.crown.edu/sports/mens-soccer/roster,Senior
Crown (MN),2025-26,D3,85%,10,Jose  Lovera,Defender,1198,https://athletics.crown.edu/sports/mens-soccer/roster,Senior
Curry,2025-26,D3,85%,7,Brendan Cunningham,Goalkeeper,,https://www.curryathletics.com/sports/msoc/2025-26/roster,Senior
Curry,2025-26,D3,85%,7,Malcom Kawuba,Forward,,https://www.curryathletics.com/sports/msoc/2025-26/roster,Senior
Curry,2025-26,D3,85%,7,Aidan Auclair,Forward,,https://www.curryathletics.com/sports/msoc/2025-26/roster,Senior
Curry,2025-26,D3,85%,7,Chris Kourtelidis,Midfielder,,https://www.curryathletics.com/sports/msoc/2025-26/roster,Senior
Curry,2025-26,D3,85%,7,Lucas Drons,Forward,,https://www.curryathletics.com/sports/msoc/2025-26/roster,Senior
Curry,2025-26,D3,85%,7,Daniel Rodriguez,Defender,,https://www.curryathletics.com/sports/msoc/2025-26/roster,Senior
Curry,2025-26,D3,85%,7,Justin Ritz,Goalkeeper,,https://www.curryathletics.com/sports/msoc/2025-26/roster,Senior
DePauw,2025-26,D3,85%,4,Vance Borozinski,Defender,1334,https://depauwtigers.com/sports/mens-soccer/roster,Senior
DePauw,2025-26,D3,85%,4,Sebastian Leon,Forward,1075,https://depauwtigers.com/sports/mens-soccer/roster,Senior
DePauw,2025-26,D3,85%,4,Evan Diebold,Defender,855,https://depauwtigers.com/sports/mens-soccer/roster,Senior
DePauw,2025-26,D3,85%,4,Tye Williams,Forward,844,https://depauwtigers.com/sports/mens-soccer/roster,Senior
DeSales,2025-26,D3,85%,10,Conner Zimmerman,Goalkeeper,18,https://athletics.desales.edu/sports/mens-soccer/roster,Senior
DeSales,2025-26,D3,85%,10,Anthony Cusumano,Defender,169,https://athletics.desales.edu/sports/mens-soccer/roster,Senior
DeSales,2025-26,D3,85%,10,Joseph Reteneller,Defender,1497,https://athletics.desales.edu/sports/mens-soccer/roster,Senior
DeSales,2025-26,D3,85%,10,Jason Trivisonno,Midfield/Defender,962,https://athletics.desales.edu/sports/mens-soccer/roster,Senior
DeSales,2025-26,D3,85%,10,Kevin Krall,Forward,756,https://athletics.desales.edu/sports/mens-soccer/roster,Senior
DeSales,2025-26,D3,85%,10,Evan Tran,Defender,57,https://athletics.desales.edu/sports/mens-soccer/roster,Senior
DeSales,2025-26,D3,85%,10,Owen Maher,Midfielder,107,https://athletics.desales.edu/sports/mens-soccer/roster,Senior
DeSales,2025-26,D3,85%,10,Ryan Tavener,Forward,123,https://athletics.desales.edu/sports/mens-soccer/roster,Senior
DeSales,2025-26,D3,85%,10,Liam MacDonald,Midfield/Forward,1211,https://athletics.desales.edu/sports/mens-soccer/roster,Senior
DeSales,2025-26,D3,85%,10,Bryan Flor,Forward,454,https://athletics.desales.edu/sports/mens-soccer/roster,Senior
Delaware Valley,2025-26,D3,85%,2,Rourke Watson,Forward,,https://athletics.delval.edu/sports/mens-soccer/roster,Senior
Delaware Valley,2025-26,D3,85%,2,Aaron Osborne,Forward,,https://athletics.delval.edu/sports/mens-soccer/roster,Graduate Student
Denison,2025-26,D3,85%,6,Zarius Eusebe,Defender,1657,https://denisonbigred.com/sports/mens-soccer/roster,Senior
Denison,2025-26,D3,85%,6,Henri Heyes,Defender,1740,https://denisonbigred.com/sports/mens-soccer/roster,Senior
Denison,2025-26,D3,85%,6,Phil Koutsaftis,Midfielder,1277,https://denisonbigred.com/sports/mens-soccer/roster,Senior
Denison,2025-26,D3,85%,6,Dominic Pellock,Midfielder,683,https://denisonbigred.com/sports/mens-soccer/roster,Senior
Denison,2025-26,D3,85%,6,Kameron Kist,Midfielder,1666,https://denisonbigred.com/sports/mens-soccer/roster,Senior
Denison,2025-26,D3,85%,6,Kurby Brown,Defender,79,https://denisonbigred.com/sports/mens-soccer/roster,Senior
Dickinson,2025-26,D3,85%,5,Ferid Zaku,Defender,1678,https://fdudevils.com/sports/mens-soccer/roster,Senior
Dickinson,2025-26,D3,85%,5,Christian Adame,Midfielder,766,https://fdudevils.com/sports/mens-soccer/roster,Senior
Dickinson,2025-26,D3,85%,5,Jason Balbuena,Midfielder,809,https://fdudevils.com/sports/mens-soccer/roster,Senior
Dickinson,2025-26,D3,85%,5,Vincenzo Gancio,Forward,292,https://fdudevils.com/sports/mens-soccer/roster,Senior
Dickinson,2025-26,D3,85%,5,Harrison Shaller,,,https://fdudevils.com/sports/mens-soccer/roster,Graduate Student
Dominican (IL),2025-26,D3,0%,0,,,,https://dustars.com/sports/mens-soccer/roster,Roster data requires JavaScript (JS-rendered SPA)
Drew,2025-26,D3,85%,12,Ronnie Rodriguez,Defender,,https://drewrangers.com/sports/mens-soccer/roster,Senior
Drew,2025-26,D3,85%,12,Nick Forero,Midfielder,28,https://drewrangers.com/sports/mens-soccer/roster,Senior
Drew,2025-26,D3,85%,12,Kevin Martinez,Forward,715,https://drewrangers.com/sports/mens-soccer/roster,Senior
Drew,2025-26,D3,85%,12,Caleb Omisore,Midfielder,31,https://drewrangers.com/sports/mens-soccer/roster,Senior
Drew,2025-26,D3,85%,12,Ignacio Martinez,Midfielder,630,https://drewrangers.com/sports/mens-soccer/roster,Senior
Drew,2025-26,D3,85%,12,Nick Venziale,Midfielder,1250,https://drewrangers.com/sports/mens-soccer/roster,Senior
Drew,2025-26,D3,85%,12,David Knox,Defender,461,https://drewrangers.com/sports/mens-soccer/roster,Senior
Drew,2025-26,D3,85%,12,Nate Keller,Midfielder,614,https://drewrangers.com/sports/mens-soccer/roster,Senior
Drew,2025-26,D3,85%,12,Andrew Dunne,Defender,1783,https://drewrangers.com/sports/mens-soccer/roster,Senior
Drew,2025-26,D3,85%,12,Declan Marcilla Ryan,Defender,568,https://drewrangers.com/sports/mens-soccer/roster,Senior
Drew,2025-26,D3,85%,12,Donovan Friedhoff,Goalkeeper,1370,https://drewrangers.com/sports/mens-soccer/roster,Senior
Drew,2025-26,D3,85%,12,Jacob Avni,Goalkeeper,90,https://drewrangers.com/sports/mens-soccer/roster,Senior
Earlham,2025-26,D3,85%,4,Orin Gentner,Midfielder,1484,https://goearlham.com/sports/mens-soccer/roster,Senior
Earlham,2025-26,D3,85%,4,Andre Moriel,M/F,962,https://goearlham.com/sports/mens-soccer/roster,Senior
Earlham,2025-26,D3,85%,4,Roger Leal,M/F,,https://goearlham.com/sports/mens-soccer/roster,Senior
Earlham,2025-26,D3,85%,4,Steven Lewis,F/M,520,https://goearlham.com/sports/mens-soccer/roster,Senior
East Texas Baptist,2025-26,D3,85%,7,Edwin Jimenez,Defender,360,https://goetbutigers.com/sports/mens-soccer/roster,Senior
East Texas Baptist,2025-26,D3,85%,7,Lucas Arreguin,Midfielder,861,https://goetbutigers.com/sports/mens-soccer/roster,Senior
East Texas Baptist,2025-26,D3,85%,7,Dylan Garcia,M/F,638,https://goetbutigers.com/sports/mens-soccer/roster,Senior
East Texas Baptist,2025-26,D3,85%,7,Jared Zuniga,Midfielder,319,https://goetbutigers.com/sports/mens-soccer/roster,Senior
East Texas Baptist,2025-26,D3,85%,7,Diego  Valenzuela,Midfielder,57,https://goetbutigers.com/sports/mens-soccer/roster,Graduate Student
East Texas Baptist,2025-26,D3,85%,7,Brian Boyles,M/D,354,https://goetbutigers.com/sports/mens-soccer/roster,Senior
East Texas Baptist,2025-26,D3,85%,7,Leo Esteban,Midfielder,,https://goetbutigers.com/sports/mens-soccer/roster,Senior
Eastern (PA),2025-26,D3,85%,7,Andrew Arledge,Goalkeeper,1125,https://emuroyals.com/sports/mens-soccer/roster,Senior
Eastern (PA),2025-26,D3,85%,7,Dimas Portillo,Attack,341,https://emuroyals.com/sports/mens-soccer/roster,Senior
Eastern (PA),2025-26,D3,85%,7,Itzar Mejia Arteaga,Right Back,689,https://emuroyals.com/sports/mens-soccer/roster,Senior
Eastern (PA),2025-26,D3,85%,7,Matt Arledge,Right Back,132,https://emuroyals.com/sports/mens-soccer/roster,Senior
Eastern (PA),2025-26,D3,85%,7,Edwin Rios,Midfielder,112,https://emuroyals.com/sports/mens-soccer/roster,Senior
Eastern (PA),2025-26,D3,85%,7,Logan Darrow,Defender,1343,https://emuroyals.com/sports/mens-soccer/roster,Senior
Eastern (PA),2025-26,D3,85%,7,Chris Santisteban,Defender,769,https://emuroyals.com/sports/mens-soccer/roster,Senior
Eastern Connecticut,2025-26,D3,85%,5,Lex Edwards,Defender,1411,https://gowarriorathletics.com/sports/mens-soccer/roster,Senior
Eastern Connecticut,2025-26,D3,85%,5,Niall O'Brien,Midfielder,1401,https://gowarriorathletics.com/sports/mens-soccer/roster,Senior
Eastern Connecticut,2025-26,D3,85%,5,Cayden Boukus,Forward,612,https://gowarriorathletics.com/sports/mens-soccer/roster,Senior
Eastern Connecticut,2025-26,D3,85%,5,Caiden Hettrick-Rivera,Defender,1337,https://gowarriorathletics.com/sports/mens-soccer/roster,Senior
Eastern Connecticut,2025-26,D3,85%,5,Anton Smith,Defender,1345,https://gowarriorathletics.com/sports/mens-soccer/roster,Senior
Eastern Mennonite,2025-26,D3,85%,7,Andrew Arledge,Goalkeeper,1125,https://emuroyals.com/sports/mens-soccer/roster,Senior
Eastern Mennonite,2025-26,D3,85%,7,Dimas Portillo,Attack,341,https://emuroyals.com/sports/mens-soccer/roster,Senior
Eastern Mennonite,2025-26,D3,85%,7,Itzar Mejia Arteaga,Right Back,689,https://emuroyals.com/sports/mens-soccer/roster,Senior
Eastern Mennonite,2025-26,D3,85%,7,Matt Arledge,Right Back,132,https://emuroyals.com/sports/mens-soccer/roster,Senior
Eastern Mennonite,2025-26,D3,85%,7,Edwin Rios,Midfielder,112,https://emuroyals.com/sports/mens-soccer/roster,Senior
Eastern Mennonite,2025-26,D3,85%,7,Logan Darrow,Defender,1343,https://emuroyals.com/sports/mens-soccer/roster,Senior
Eastern Mennonite,2025-26,D3,85%,7,Chris Santisteban,Defender,769,https://emuroyals.com/sports/mens-soccer/roster,Senior
Edgewood,2025-26,D3,85%,11,Maverick Van Laanen,Goalkeeper,1395,https://edgewoodeagles.com/sports/mens-soccer/roster,Senior
Edgewood,2025-26,D3,85%,11,Brooks Luttinen,Midfield/Defense,142,https://edgewoodeagles.com/sports/mens-soccer/roster,Senior
Edgewood,2025-26,D3,85%,11,Jack Knight,Defender,1520,https://edgewoodeagles.com/sports/mens-soccer/roster,Graduate Student
Edgewood,2025-26,D3,85%,11,Brandon Kaup,Midfielder,994,https://edgewoodeagles.com/sports/mens-soccer/roster,Senior
Edgewood,2025-26,D3,85%,11,Stefan Soldat,Defense/Midfield,96,https://edgewoodeagles.com/sports/mens-soccer/roster,Senior
Edgewood,2025-26,D3,85%,11,Gabe Voung,Forward/Midfield,1432,https://edgewoodeagles.com/sports/mens-soccer/roster,Senior
Edgewood,2025-26,D3,85%,11,Ian Plecha,Defender,188,https://edgewoodeagles.com/sports/mens-soccer/roster,Senior
Edgewood,2025-26,D3,85%,11,Connor Thompson,Forward,188,https://edgewoodeagles.com/sports/mens-soccer/roster,Senior
Edgewood,2025-26,D3,85%,11,Jovan Dennison,Midfield/Forward,205,https://edgewoodeagles.com/sports/mens-soccer/roster,Senior
Edgewood,2025-26,D3,85%,11,Conor Bruce,Defender,711,https://edgewoodeagles.com/sports/mens-soccer/roster,Senior
Edgewood,2025-26,D3,85%,11,Spencer Hubbard,Goalkeeper,71,https://edgewoodeagles.com/sports/mens-soccer/roster,Senior
Elizabethtown,2025-26,D3,85%,7,Mateo Saavedra Rodo,Goalkeeper,18,https://etownbluejays.com/sports/mens-soccer/roster,Senior
Elizabethtown,2025-26,D3,85%,7,Jayden Morris,Defender,,https://etownbluejays.com/sports/mens-soccer/roster,Graduate Student
Elizabethtown,2025-26,D3,85%,7,Jude Ashley,Midfielder,,https://etownbluejays.com/sports/mens-soccer/roster,Senior
Elizabethtown,2025-26,D3,85%,7,Aidan Valentine,Forward,,https://etownbluejays.com/sports/mens-soccer/roster,Senior
Elizabethtown,2025-26,D3,85%,7,Dan Dein,Defender,,https://etownbluejays.com/sports/mens-soccer/roster,Senior
Elizabethtown,2025-26,D3,85%,7,Gui Yamamoto,Midfielder,,https://etownbluejays.com/sports/mens-soccer/roster,Senior
Elizabethtown,2025-26,D3,85%,7,Pedro Miranda,Goalkeeper,1133,https://etownbluejays.com/sports/mens-soccer/roster,Senior
Elmhurst,2025-26,D3,85%,6,Fernando Delgado,Defender,1135,https://elmhurstbluejays.com/sports/mens-soccer/roster,Senior
Elmhurst,2025-26,D3,85%,6,Michail Tzankov,Forward,219,https://elmhurstbluejays.com/sports/mens-soccer/roster,Senior
Elmhurst,2025-26,D3,85%,6,Ryan Wells,Midfielder,687,https://elmhurstbluejays.com/sports/mens-soccer/roster,Senior
Elmhurst,2025-26,D3,85%,6,Caden Sultzbaugh,Midfielder,1120,https://elmhurstbluejays.com/sports/mens-soccer/roster,Senior
Elmhurst,2025-26,D3,85%,6,Marthin Bobadilla,Midfielder,608,https://elmhurstbluejays.com/sports/mens-soccer/roster,Senior
Elmhurst,2025-26,D3,85%,6,Omar Martinez,Defender,34,https://elmhurstbluejays.com/sports/mens-soccer/roster,Senior
Elmira,2025-26,D3,85%,8,Horacio Vicioso,Forward,572,https://athletics.elmira.edu/sports/mens-soccer/roster,Senior
Elmira,2025-26,D3,85%,8,Pietro Gallina,Forward,1171,https://athletics.elmira.edu/sports/mens-soccer/roster,Senior
Elmira,2025-26,D3,85%,8,Carter Jock,Defender,1070,https://athletics.elmira.edu/sports/mens-soccer/roster,Senior
Elmira,2025-26,D3,85%,8,David Lee,Defender,99,https://athletics.elmira.edu/sports/mens-soccer/roster,Senior
Elmira,2025-26,D3,85%,8,Amani Wandolo,Defender,17,https://athletics.elmira.edu/sports/mens-soccer/roster,Senior
Elmira,2025-26,D3,85%,8,Olivier Rusch,Defender,631,https://athletics.elmira.edu/sports/mens-soccer/roster,Senior
Elmira,2025-26,D3,85%,8,Jhoan Chavez,Midfielder,1399,https://athletics.elmira.edu/sports/mens-soccer/roster,Senior
Elmira,2025-26,D3,85%,8,Alessandro Lancia,Midfielder,321,https://athletics.elmira.edu/sports/mens-soccer/roster,Senior
Elms,2025-26,D3,85%,6,Devano Clarke,,,https://ecblazers.com/sports/msoc/2025-26/roster,Graduate Student
Elms,2025-26,D3,85%,6,Jacobo Molina,,,https://ecblazers.com/sports/msoc/2025-26/roster,Senior
Elms,2025-26,D3,85%,6,Wai Kyaw,,,https://ecblazers.com/sports/msoc/2025-26/roster,Senior
Elms,2025-26,D3,85%,6,Leonardo De,,,https://ecblazers.com/sports/msoc/2025-26/roster,Senior
Elms,2025-26,D3,85%,6,Pajorn Drysdale,,,https://ecblazers.com/sports/msoc/2025-26/roster,Senior
Elms,2025-26,D3,85%,6,Zachary Delaney,,,https://ecblazers.com/sports/msoc/2025-26/roster,Senior
Emerson,2025-26,D3,85%,4,Dominic Reiter,Defender,1453,https://emersonlions.com/sports/mens-soccer/roster,Graduate Student
Emerson,2025-26,D3,85%,4,Kyler Maira,Defender,839,https://emersonlions.com/sports/mens-soccer/roster,Senior
Emerson,2025-26,D3,85%,4,Cade Mallett,Defender,1329,https://emersonlions.com/sports/mens-soccer/roster,Senior
Emerson,2025-26,D3,85%,4,Diego Garcia-Ocampo,Midfielder,1432,https://emersonlions.com/sports/mens-soccer/roster,Senior
Emmanuel (MA),2025-26,D3,85%,6,Maddox Pierce,Goalkeeper,180,https://goecsaints.com/sports/mens-soccer/roster,Senior
Emmanuel (MA),2025-26,D3,85%,6,Pierre Paul Labossiere,Forward,988,https://goecsaints.com/sports/mens-soccer/roster,Senior
Emmanuel (MA),2025-26,D3,85%,6,Joe Anderson,Midfielder,1136,https://goecsaints.com/sports/mens-soccer/roster,Senior
Emmanuel (MA),2025-26,D3,85%,6,Ryan Ragosta,Forward,53,https://goecsaints.com/sports/mens-soccer/roster,Senior
Emmanuel (MA),2025-26,D3,85%,6,Gabriel Eduarte,Midfielder,946,https://goecsaints.com/sports/mens-soccer/roster,Senior
Emmanuel (MA),2025-26,D3,85%,6,Adrian Pena,Defender,1191,https://goecsaints.com/sports/mens-soccer/roster,Senior
Emory,2025-26,D3,85%,9,Keirnan Skelly,Goalkeeper,175,https://emoryathletics.com/sports/mens-soccer/roster,Senior
Emory,2025-26,D3,85%,9,Jack Burgess,Midfielder,1485,https://emoryathletics.com/sports/mens-soccer/roster,Graduate Student
Emory,2025-26,D3,85%,9,Adeyemi Oni,Forward,1272,https://emoryathletics.com/sports/mens-soccer/roster,Senior
Emory,2025-26,D3,85%,9,Josh Grand,Midfielder,699,https://emoryathletics.com/sports/mens-soccer/roster,Senior
Emory,2025-26,D3,85%,9,Will O'Connor,Forward,301,https://emoryathletics.com/sports/mens-soccer/roster,Graduate Student
Emory,2025-26,D3,85%,9,Paul Saah Jr.,Midfielder,213,https://emoryathletics.com/sports/mens-soccer/roster,Senior
Emory,2025-26,D3,85%,9,Danny Moya,Midfielder,1354,https://emoryathletics.com/sports/mens-soccer/roster,Graduate Student
Emory,2025-26,D3,85%,9,Owen Clark,Defender,1743,https://emoryathletics.com/sports/mens-soccer/roster,Senior
Emory,2025-26,D3,85%,9,Ignacio Cubeddu,Forward,1639,https://emoryathletics.com/sports/mens-soccer/roster,Graduate Student
Endicott,2025-26,D3,85%,16,Ethan Harrison,Goalkeeper,,https://www.ecgulls.com/sports/msoc/2025-26/roster,Graduate Student
Endicott,2025-26,D3,85%,16,Tim Lynch,M/B,,https://www.ecgulls.com/sports/msoc/2025-26/roster,Senior
Endicott,2025-26,D3,85%,16,Travis Perrault,Defender,,https://www.ecgulls.com/sports/msoc/2025-26/roster,Senior
Endicott,2025-26,D3,85%,16,Konrad Krysztoforski,Defender,,https://www.ecgulls.com/sports/msoc/2025-26/roster,Senior
Endicott,2025-26,D3,85%,16,Matt Misiaszek,Forward,,https://www.ecgulls.com/sports/msoc/2025-26/roster,Senior
Endicott,2025-26,D3,85%,16,Carmine DiPietrantonio,Midfielder,,https://www.ecgulls.com/sports/msoc/2025-26/roster,Senior
Endicott,2025-26,D3,85%,16,Sean Catino,Midfielder,,https://www.ecgulls.com/sports/msoc/2025-26/roster,Senior
Endicott,2025-26,D3,85%,16,George French,Midfielder,,https://www.ecgulls.com/sports/msoc/2025-26/roster,Senior
Endicott,2025-26,D3,85%,16,Babak Bakhtiari,Forward,,https://www.ecgulls.com/sports/msoc/2025-26/roster,Graduate Student
Endicott,2025-26,D3,85%,16,Ryan Gerry,Forward,,https://www.ecgulls.com/sports/msoc/2025-26/roster,Senior
Endicott,2025-26,D3,85%,16,Billy deCastro,Defender,,https://www.ecgulls.com/sports/msoc/2025-26/roster,Senior
Endicott,2025-26,D3,85%,16,Conor Rooney,Midfielder,,https://www.ecgulls.com/sports/msoc/2025-26/roster,Senior
Endicott,2025-26,D3,85%,16,Carter McCoy,Defender,,https://www.ecgulls.com/sports/msoc/2025-26/roster,Senior
Endicott,2025-26,D3,85%,16,Ethan Nunes,Midfielder,,https://www.ecgulls.com/sports/msoc/2025-26/roster,Graduate Student
Endicott,2025-26,D3,85%,16,Jason Ferrandino,Midfielder,,https://www.ecgulls.com/sports/msoc/2025-26/roster,Senior
Endicott,2025-26,D3,85%,16,Fisher Mills,Midfielder,,https://www.ecgulls.com/sports/msoc/2025-26/roster,Senior
Eureka,2025-26,D3,85%,7,Xavier Brisbon,Goalkeeper,,https://www.eurekareddevils.com/sports/msoc/2025-26/roster,Senior
Eureka,2025-26,D3,85%,7,Troy Arries,Midfielder,,https://www.eurekareddevils.com/sports/msoc/2025-26/roster,Senior
Eureka,2025-26,D3,85%,7,Joyce Kabesa,Forward,,https://www.eurekareddevils.com/sports/msoc/2025-26/roster,Senior
Eureka,2025-26,D3,85%,7,Jacob Adamson,Midfielder,,https://www.eurekareddevils.com/sports/msoc/2025-26/roster,Senior
Eureka,2025-26,D3,85%,7,Merdi Ilonga,Forward,,https://www.eurekareddevils.com/sports/msoc/2025-26/roster,Senior
Eureka,2025-26,D3,85%,7,Raphael Mungu,Forward,,https://www.eurekareddevils.com/sports/msoc/2025-26/roster,Senior
Eureka,2025-26,D3,85%,7,Brayton Strawkas,Goalkeeper,,https://www.eurekareddevils.com/sports/msoc/2025-26/roster,Senior
FDU-Florham,2025-26,D3,85%,5,Ferid Zaku,Defender,1678,https://fdudevils.com/sports/mens-soccer/roster,Senior
FDU-Florham,2025-26,D3,85%,5,Christian Adame,Midfielder,766,https://fdudevils.com/sports/mens-soccer/roster,Senior
FDU-Florham,2025-26,D3,85%,5,Jason Balbuena,Midfielder,809,https://fdudevils.com/sports/mens-soccer/roster,Senior
FDU-Florham,2025-26,D3,85%,5,Vincenzo Gancio,Forward,292,https://fdudevils.com/sports/mens-soccer/roster,Senior
FDU-Florham,2025-26,D3,85%,5,Harrison Shaller,,,https://fdudevils.com/sports/mens-soccer/roster,Graduate Student
Ferrum,2025-26,D3,85%,7,Zaid Guzman Santo,Midfielder,1013,https://ferrumpanthers.com/sports/mens-soccer/roster,Senior
Ferrum,2025-26,D3,85%,7,Jesus  Ramirez,Defender,30,https://ferrumpanthers.com/sports/mens-soccer/roster,Senior
Ferrum,2025-26,D3,85%,7,Jonathan Nicacio,Forward,821,https://ferrumpanthers.com/sports/mens-soccer/roster,Senior
Ferrum,2025-26,D3,85%,7,Payton  Rausch,Forward,1113,https://ferrumpanthers.com/sports/mens-soccer/roster,Senior
Ferrum,2025-26,D3,85%,7,Trevor Jeffries,Defender,8,https://ferrumpanthers.com/sports/mens-soccer/roster,Senior
Ferrum,2025-26,D3,85%,7,Javon Myers,Defender,8,https://ferrumpanthers.com/sports/mens-soccer/roster,Senior
Ferrum,2025-26,D3,85%,7,Amanuel  Walie,Midfielder,486,https://ferrumpanthers.com/sports/mens-soccer/roster,Senior
Fitchburg State,2025-26,D3,85%,7,Brandon Gonzalez,Defender,,https://www.fitchburgfalcons.com/sports/msoc/2025-26/roster,Senior
Fitchburg State,2025-26,D3,85%,7,Zachariah Foster,Defender,,https://www.fitchburgfalcons.com/sports/msoc/2025-26/roster,Senior
Fitchburg State,2025-26,D3,85%,7,Prince Banangoy,Midfielder,,https://www.fitchburgfalcons.com/sports/msoc/2025-26/roster,Senior
Fitchburg State,2025-26,D3,85%,7,Elijah Kalombo,Forward,,https://www.fitchburgfalcons.com/sports/msoc/2025-26/roster,Senior
Fitchburg State,2025-26,D3,85%,7,Liam Evans,Midfielder,,https://www.fitchburgfalcons.com/sports/msoc/2025-26/roster,Senior
Fitchburg State,2025-26,D3,85%,7,Tyler Sar,Midfielder,,https://www.fitchburgfalcons.com/sports/msoc/2025-26/roster,Graduate Student
Fitchburg State,2025-26,D3,85%,7,Michael Vazquez,Midfielder,,https://www.fitchburgfalcons.com/sports/msoc/2025-26/roster,Senior
Framingham State,2025-26,D3,85%,4,Tyler Holden,Goalkeeper,,https://www.fsurams.com/sports/msoc/2025-26/roster,Senior
Framingham State,2025-26,D3,85%,4,Gustav Hemmingsen,Defender,,https://www.fsurams.com/sports/msoc/2025-26/roster,Senior
Framingham State,2025-26,D3,85%,4,Gabriel Joachin,Forward,,https://www.fsurams.com/sports/msoc/2025-26/roster,Senior
Framingham State,2025-26,D3,85%,4,Isaiah Harris,Forward,,https://www.fsurams.com/sports/msoc/2025-26/roster,Senior
Franciscan (OH),2025-26,D3,85%,6,Benjamin  James,Defender,1292,https://franciscanathletics.com/sports/mens-soccer/roster,Senior
Franciscan (OH),2025-26,D3,85%,6,Augustine Rubino,Midfielder,1958,https://franciscanathletics.com/sports/mens-soccer/roster,Senior
Franciscan (OH),2025-26,D3,85%,6,Lucas Cross,Forward,1870,https://franciscanathletics.com/sports/mens-soccer/roster,Senior
Franciscan (OH),2025-26,D3,85%,6,Zachary Muldoon,Defender,1973,https://franciscanathletics.com/sports/mens-soccer/roster,Senior
Franciscan (OH),2025-26,D3,85%,6,Aidan  Henninger,Defender,1904,https://franciscanathletics.com/sports/mens-soccer/roster,Graduate Student
Franciscan (OH),2025-26,D3,85%,6,Dominic  Hancq,Forward,,https://franciscanathletics.com/sports/mens-soccer/roster,Senior
Franklin,2025-26,D3,85%,5,Nolan Booth,Goalkeeper,343,https://godiplomats.com/sports/mens-soccer/roster,Senior
Franklin,2025-26,D3,85%,5,Miguel Rosa,Defender,1316,https://godiplomats.com/sports/mens-soccer/roster,Senior
Franklin,2025-26,D3,85%,5,Nathan Schlessinger,Midfielder,195,https://godiplomats.com/sports/mens-soccer/roster,Senior
Franklin,2025-26,D3,85%,5,Jack Borden,Midfielder,1357,https://godiplomats.com/sports/mens-soccer/roster,Senior
Franklin,2025-26,D3,85%,5,Sean Lipschutz,Forward,308,https://godiplomats.com/sports/mens-soccer/roster,Senior
Franklin & Marshall,2025-26,D3,85%,4,Lal Tlang,Defender,,https://franklingrizzlies.com/sports/mens-soccer/roster,Senior
Franklin & Marshall,2025-26,D3,85%,4,Lucas Pereira,Midfielder,,https://franklingrizzlies.com/sports/mens-soccer/roster,Senior
Franklin & Marshall,2025-26,D3,85%,4,Theo Sasso,Forward,,https://franklingrizzlies.com/sports/mens-soccer/roster,Senior
Franklin & Marshall,2025-26,D3,85%,4,Kameron Darnold,Defender,,https://franklingrizzlies.com/sports/mens-soccer/roster,Senior
Fredonia State,2025-26,D3,85%,6,Jacob Reynolds,Forward,458,https://fredoniabluedevils.com/sports/mens-soccer/roster,Senior
Fredonia State,2025-26,D3,85%,6,Kye Castelluccio,Midfielder,1686,https://fredoniabluedevils.com/sports/mens-soccer/roster,Senior
Fredonia State,2025-26,D3,85%,6,Chance LaCroix,Forward,1515,https://fredoniabluedevils.com/sports/mens-soccer/roster,Senior
Fredonia State,2025-26,D3,85%,6,Freddie Butler,Midfielder,774,https://fredoniabluedevils.com/sports/mens-soccer/roster,Senior
Fredonia State,2025-26,D3,85%,6,Huddy Kwiatkowski,Defender,,https://fredoniabluedevils.com/sports/mens-soccer/roster,Senior
Fredonia State,2025-26,D3,85%,6,Liam Winters,Foward,365,https://fredoniabluedevils.com/sports/mens-soccer/roster,Senior
Gallaudet,2025-26,D3,85%,5,Tristan Torbett,Midfielder,1157,https://gallaudetbison.com/sports/mens-soccer/roster,Senior
Gallaudet,2025-26,D3,85%,5,Bode Aggas,Defense/Goalie,710,https://gallaudetbison.com/sports/mens-soccer/roster,Senior
Gallaudet,2025-26,D3,85%,5,Matteo Giansanti,Midfielder,1143,https://gallaudetbison.com/sports/mens-soccer/roster,Senior
Gallaudet,2025-26,D3,85%,5,Hammad Khan,Forward,751,https://gallaudetbison.com/sports/mens-soccer/roster,Senior
Gallaudet,2025-26,D3,85%,5,Troy Holcomb,Defender,1146,https://gallaudetbison.com/sports/mens-soccer/roster,Senior
Geneva,2025-26,D3,85%,12,Gabe Singh,Midfielder,1237,https://athletics.geneva.edu/sports/mens-soccer/roster,Senior
Geneva,2025-26,D3,85%,12,Mike Rogers,Midfielder,1681,https://athletics.geneva.edu/sports/mens-soccer/roster,Senior
Geneva,2025-26,D3,85%,12,Noah Dworakowski,Defender,1390,https://athletics.geneva.edu/sports/mens-soccer/roster,Senior
Geneva,2025-26,D3,85%,12,Blaise Burns,Defender,182,https://athletics.geneva.edu/sports/mens-soccer/roster,Senior
Geneva,2025-26,D3,85%,12,Ryan Stanley,Midfielder,4,https://athletics.geneva.edu/sports/mens-soccer/roster,Senior
Geneva,2025-26,D3,85%,12,Wil Dunda,Midfielder,1412,https://athletics.geneva.edu/sports/mens-soccer/roster,Senior
Geneva,2025-26,D3,85%,12,Caleb Thompson,Midfielder,1014,https://athletics.geneva.edu/sports/mens-soccer/roster,Senior
Geneva,2025-26,D3,85%,12,Aidan Buckwalter,Defender,1,https://athletics.geneva.edu/sports/mens-soccer/roster,Senior
Geneva,2025-26,D3,85%,12,Hogan Kern,Forward,72,https://athletics.geneva.edu/sports/mens-soccer/roster,Senior
Geneva,2025-26,D3,85%,12,George Cottenden,Forward,976,https://athletics.geneva.edu/sports/mens-soccer/roster,Senior
Geneva,2025-26,D3,85%,12,Tommy Stockton,Midfielder,1,https://athletics.geneva.edu/sports/mens-soccer/roster,Senior
Geneva,2025-26,D3,85%,12,Jeremy Thompson,Midfielder,1106,https://athletics.geneva.edu/sports/mens-soccer/roster,Senior
George Fox,2025-26,D3,85%,11,Quincy Walker,Defender,1397,https://athletics.georgefox.edu/sports/mens-soccer/roster,Senior
George Fox,2025-26,D3,85%,11,Andrew Turner,Midfielder,123,https://athletics.georgefox.edu/sports/mens-soccer/roster,Senior
George Fox,2025-26,D3,85%,11,Eugene Peltier,Forward,1290,https://athletics.georgefox.edu/sports/mens-soccer/roster,Senior
George Fox,2025-26,D3,85%,11,Kellin Aguiar,Midfielder,1469,https://athletics.georgefox.edu/sports/mens-soccer/roster,Senior
George Fox,2025-26,D3,85%,11,Elijah Soon,Defender,1733,https://athletics.georgefox.edu/sports/mens-soccer/roster,Senior
George Fox,2025-26,D3,85%,11,Isaac Williams,Forward,1052,https://athletics.georgefox.edu/sports/mens-soccer/roster,Senior
George Fox,2025-26,D3,85%,11,Matthew Woodard,Midfielder,430,https://athletics.georgefox.edu/sports/mens-soccer/roster,Senior
George Fox,2025-26,D3,85%,11,Kaimi Victor,D/M,1212,https://athletics.georgefox.edu/sports/mens-soccer/roster,Senior
George Fox,2025-26,D3,85%,11,Dylan Bell,Defender,116,https://athletics.georgefox.edu/sports/mens-soccer/roster,Senior
George Fox,2025-26,D3,85%,11,Sam Graves,Defender,89,https://athletics.georgefox.edu/sports/mens-soccer/roster,Senior
George Fox,2025-26,D3,85%,11,Kilinahe Waring,Defender,1798,https://athletics.georgefox.edu/sports/mens-soccer/roster,Senior
Gettysburg,2025-26,D3,85%,7,Sean Kennedy,Goalkeeper,1700,https://gettysburgsports.com/sports/mens-soccer/roster,Senior
Gettysburg,2025-26,D3,85%,7,Joseph Morales,Midfield/Defense,,https://gettysburgsports.com/sports/mens-soccer/roster,Senior
Gettysburg,2025-26,D3,85%,7,Cole McCartney,Defender,,https://gettysburgsports.com/sports/mens-soccer/roster,Senior
Gettysburg,2025-26,D3,85%,7,Athi Msiza,Forward,,https://gettysburgsports.com/sports/mens-soccer/roster,Senior
Gettysburg,2025-26,D3,85%,7,Noah Holgado,Forward/Midfield,,https://gettysburgsports.com/sports/mens-soccer/roster,Senior
Gettysburg,2025-26,D3,85%,7,Jake Gonzalez,Midfielder,,https://gettysburgsports.com/sports/mens-soccer/roster,Senior
Gettysburg,2025-26,D3,85%,7,Tommy Myers,Forward/Midfield,,https://gettysburgsports.com/sports/mens-soccer/roster,Senior
Gordon,2025-26,D3,85%,6,Isaiah Diaz,Goalkeeper,256,https://athletics.gordon.edu/sports/mens-soccer/roster,Senior
Gordon,2025-26,D3,85%,6,Max Cardone,Forward,672,https://athletics.gordon.edu/sports/mens-soccer/roster,Senior
Gordon,2025-26,D3,85%,6,Nathan Starzl,Defender,1501,https://athletics.gordon.edu/sports/mens-soccer/roster,Senior
Gordon,2025-26,D3,85%,6,Alex Diaz,Forward,515,https://athletics.gordon.edu/sports/mens-soccer/roster,Senior
Gordon,2025-26,D3,85%,6,Ignacio Fernandez,Midfielder,157,https://athletics.gordon.edu/sports/mens-soccer/roster,Senior
Gordon,2025-26,D3,85%,6,Benny Simpson,Midfielder,1283,https://athletics.gordon.edu/sports/mens-soccer/roster,Senior
Goucher,2025-26,D3,0%,0,,,,https://athletics.goucher.edu/sports/msoc/2025-26/roster,Roster data requires JavaScript (JS-rendered SPA)
Grace Christian,2025-26,D3,85%,3,Logan Erickson,Defender,781,https://gracetigers.com/sports/mens-soccer/roster,Senior
Grace Christian,2025-26,D3,85%,3,Djokaeff  Mitagato Sayumwe,Forward/Midfielder,186,https://gracetigers.com/sports/mens-soccer/roster,Senior
Grace Christian,2025-26,D3,85%,3,Jonathan Casey,Defender,590,https://gracetigers.com/sports/mens-soccer/roster,Graduate Student
Greensboro,2025-26,D3,0%,0,,,,https://greensborocollegesports.com/sports/mens-soccer/roster,No graduating players found (sidearm)
Grinnell,2025-26,D3,85%,2,Demi Oni,Forward,1009,https://pioneers.grinnell.edu/sports/mens-soccer/roster,Senior
Grinnell,2025-26,D3,85%,2,Samuel Gojjam,Forward,1323,https://pioneers.grinnell.edu/sports/mens-soccer/roster,Senior
Grove City,2025-26,D3,85%,8,Aidan Eck,Midfielder,860,https://athletics.gcc.edu/sports/mens-soccer/roster,Senior
Grove City,2025-26,D3,85%,8,Cole Sonday,Defender,,https://athletics.gcc.edu/sports/mens-soccer/roster,Senior
Grove City,2025-26,D3,85%,8,Camden Thomas,Midfielder,1343,https://athletics.gcc.edu/sports/mens-soccer/roster,Senior
Grove City,2025-26,D3,85%,8,Matt Herrmann,Midfielder,1176,https://athletics.gcc.edu/sports/mens-soccer/roster,Senior
Grove City,2025-26,D3,85%,8,Owen Zimmerman,Forward,225,https://athletics.gcc.edu/sports/mens-soccer/roster,Senior
Grove City,2025-26,D3,85%,8,Matt Sampsell,Midfielder,591,https://athletics.gcc.edu/sports/mens-soccer/roster,Senior
Grove City,2025-26,D3,85%,8,Jaden Claycamp,Forward,122,https://athletics.gcc.edu/sports/mens-soccer/roster,Senior
Grove City,2025-26,D3,85%,8,Daniel Sharp,Midfielder,157,https://athletics.gcc.edu/sports/mens-soccer/roster,Senior
Guilford,2025-26,D3,85%,7,Chris Kelley,Goalkeeper,297,https://guilfordquakers.com/sports/mens-soccer/roster,Senior
Guilford,2025-26,D3,85%,7,Enuka Taylor,Defender,25,https://guilfordquakers.com/sports/mens-soccer/roster,Senior
Guilford,2025-26,D3,85%,7,Angel Aragon,Forward,76,https://guilfordquakers.com/sports/mens-soccer/roster,Senior
Guilford,2025-26,D3,85%,7,Cameron Robinson,Midfielder,464,https://guilfordquakers.com/sports/mens-soccer/roster,Senior
Guilford,2025-26,D3,85%,7,Jeremy Pless,Defender,1465,https://guilfordquakers.com/sports/mens-soccer/roster,Senior
Guilford,2025-26,D3,85%,7,Elijah Stout,Defense/Forward,110,https://guilfordquakers.com/sports/mens-soccer/roster,Graduate Student
Guilford,2025-26,D3,85%,7,George Wall,Midfielder,10,https://guilfordquakers.com/sports/mens-soccer/roster,Senior
Gustavus Adolphus,2025-26,D3,85%,6,Dylan Ehlers,Goalkeeper,71,https://gogusties.com/sports/mens-soccer/roster,Senior
Gustavus Adolphus,2025-26,D3,85%,6,Micah Lesch,Goalkeeper,315,https://gogusties.com/sports/mens-soccer/roster,Senior
Gustavus Adolphus,2025-26,D3,85%,6,Spencer Skjeldestad,Defender,1263,https://gogusties.com/sports/mens-soccer/roster,Senior
Gustavus Adolphus,2025-26,D3,85%,6,Rivaldo Pena,Midfielder,588,https://gogusties.com/sports/mens-soccer/roster,Senior
Gustavus Adolphus,2025-26,D3,85%,6,Sam Katan,Forward,75,https://gogusties.com/sports/mens-soccer/roster,Senior
Gustavus Adolphus,2025-26,D3,85%,6,Mason Gilliand,Defender,,https://gogusties.com/sports/mens-soccer/roster,Senior
Gwynedd Mercy,2025-26,D3,85%,9,Andrew Roberto,Goalkeeper,988,https://gwyneddathletics.com/sports/mens-soccer/roster,Graduate Student
Gwynedd Mercy,2025-26,D3,85%,9,Matt Edwards,Defense/Midfield,,https://gwyneddathletics.com/sports/mens-soccer/roster,Senior
Gwynedd Mercy,2025-26,D3,85%,9,C.J. Clyde,Midfielder,,https://gwyneddathletics.com/sports/mens-soccer/roster,Senior
Gwynedd Mercy,2025-26,D3,85%,9,Colin  Heisler,Midfielder,,https://gwyneddathletics.com/sports/mens-soccer/roster,Senior
Gwynedd Mercy,2025-26,D3,85%,9,Colin Stocklin,Defender,,https://gwyneddathletics.com/sports/mens-soccer/roster,Senior
Gwynedd Mercy,2025-26,D3,85%,9,Hagan Meyer,Defense/Midfield,,https://gwyneddathletics.com/sports/mens-soccer/roster,Senior
Gwynedd Mercy,2025-26,D3,85%,9,Joe Deitzel,Midfield/Defense,,https://gwyneddathletics.com/sports/mens-soccer/roster,Senior
Gwynedd Mercy,2025-26,D3,85%,9,Braedon Kehan,Forward,,https://gwyneddathletics.com/sports/mens-soccer/roster,Senior
Gwynedd Mercy,2025-26,D3,85%,9,Joe Romano,Goalkeeper/Defense,185,https://gwyneddathletics.com/sports/mens-soccer/roster,Senior
Hamilton,2025-26,D3,85%,8,Jameson Mannix,Defender,829,https://athletics.hamilton.edu/sports/mens-soccer/roster,Senior
Hamilton,2025-26,D3,85%,8,Vincent Manni,Midfielder,18,https://athletics.hamilton.edu/sports/mens-soccer/roster,Senior
Hamilton,2025-26,D3,85%,8,Aedan Burke,Forward,901,https://athletics.hamilton.edu/sports/mens-soccer/roster,Senior
Hamilton,2025-26,D3,85%,8,Griffin Weidner,Forward,526,https://athletics.hamilton.edu/sports/mens-soccer/roster,Senior
Hamilton,2025-26,D3,85%,8,Bill Becker,Defender,94,https://athletics.hamilton.edu/sports/mens-soccer/roster,Senior
Hamilton,2025-26,D3,85%,8,Cole Wassiliew,Midfielder,150,https://athletics.hamilton.edu/sports/mens-soccer/roster,Senior
Hamilton,2025-26,D3,85%,8,Bennett Hauck,Defender,118,https://athletics.hamilton.edu/sports/mens-soccer/roster,Senior
Hamilton,2025-26,D3,85%,8,Felix Halloran,Defender,18,https://athletics.hamilton.edu/sports/mens-soccer/roster,Senior
Hamline,2025-26,D3,85%,9,Drew Axel,Defender,1561,https://hamlineathletics.com/sports/mens-soccer/roster,Senior
Hamline,2025-26,D3,85%,9,Alexander Taylor,Defender,1501,https://hamlineathletics.com/sports/mens-soccer/roster,Senior
Hamline,2025-26,D3,85%,9,Belal Elghorab,Midfielder,553,https://hamlineathletics.com/sports/mens-soccer/roster,Senior
Hamline,2025-26,D3,85%,9,Rigoberto Arellano,Defender,1545,https://hamlineathletics.com/sports/mens-soccer/roster,Senior
Hamline,2025-26,D3,85%,9,Colin Renner,Midfielder,174,https://hamlineathletics.com/sports/mens-soccer/roster,Senior
Hamline,2025-26,D3,85%,9,Ashton Frost,Midfielder,324,https://hamlineathletics.com/sports/mens-soccer/roster,Senior
Hamline,2025-26,D3,85%,9,Maximiliano Centurion,Midfielder,549,https://hamlineathletics.com/sports/mens-soccer/roster,Senior
Hamline,2025-26,D3,85%,9,Dane Hanks,Midfielder,989,https://hamlineathletics.com/sports/mens-soccer/roster,Senior
Hamline,2025-26,D3,85%,9,Elijah Bishop,Defender,50,https://hamlineathletics.com/sports/mens-soccer/roster,Senior
Hampden-Sydney,2025-26,D3,85%,7,Daniel Beb,Goalkeeper,,https://hscathletics.com/sports/mens-soccer/roster,Senior
Hampden-Sydney,2025-26,D3,85%,7,Mauricio Jimenez,Defender,1670,https://hscathletics.com/sports/mens-soccer/roster,Senior
Hampden-Sydney,2025-26,D3,85%,7,Jason Trujillo,Defender,50,https://hscathletics.com/sports/mens-soccer/roster,Senior
Hampden-Sydney,2025-26,D3,85%,7,Jaques Lavielle,Midfielder,350,https://hscathletics.com/sports/mens-soccer/roster,Senior
Hampden-Sydney,2025-26,D3,85%,7,Tyler Petz,Midfielder,1369,https://hscathletics.com/sports/mens-soccer/roster,Senior
Hampden-Sydney,2025-26,D3,85%,7,Mo Wumpini,Forward,436,https://hscathletics.com/sports/mens-soccer/roster,Senior
Hampden-Sydney,2025-26,D3,85%,7,Kaden Sawyer,Defender,866,https://hscathletics.com/sports/mens-soccer/roster,Senior
Hanover,2025-26,D3,85%,13,Rodrigo Gutierrez Olvera Gonzalez,Goalkeeper,1400,https://athletics.hanover.edu/sports/mens-soccer/roster,Senior
Hanover,2025-26,D3,85%,13,McLain Barber,Defender,1483,https://athletics.hanover.edu/sports/mens-soccer/roster,Senior
Hanover,2025-26,D3,85%,13,Matt Burchett,Midfielder,801,https://athletics.hanover.edu/sports/mens-soccer/roster,Senior
Hanover,2025-26,D3,85%,13,Sam Chandler,Defender,58,https://athletics.hanover.edu/sports/mens-soccer/roster,Senior
Hanover,2025-26,D3,85%,13,Johan Betancourt,Defender,14,https://athletics.hanover.edu/sports/mens-soccer/roster,Senior
Hanover,2025-26,D3,85%,13,David Snowden,Forward,222,https://athletics.hanover.edu/sports/mens-soccer/roster,Senior
Hanover,2025-26,D3,85%,13,Brandon Seabaugh,Defender,1121,https://athletics.hanover.edu/sports/mens-soccer/roster,Senior
Hanover,2025-26,D3,85%,13,Carter  Marx,Defender,843,https://athletics.hanover.edu/sports/mens-soccer/roster,Senior
Hanover,2025-26,D3,85%,13,Quentin Scott,Forward,36,https://athletics.hanover.edu/sports/mens-soccer/roster,Senior
Hanover,2025-26,D3,85%,13,Alex Farias,Midfielder,1073,https://athletics.hanover.edu/sports/mens-soccer/roster,Senior
Hanover,2025-26,D3,85%,13,Omar Dizdar,Forward,946,https://athletics.hanover.edu/sports/mens-soccer/roster,Senior
Hanover,2025-26,D3,85%,13,Jose Perez,Midfielder,313,https://athletics.hanover.edu/sports/mens-soccer/roster,Senior
Hanover,2025-26,D3,85%,13,Patricio Campos,Midfielder,1369,https://athletics.hanover.edu/sports/mens-soccer/roster,Senior
Hardin-Simmons,2025-26,D3,85%,6,Jerron Garcia,Midfielder,894,https://hsuathletics.com/sports/mens-soccer/roster,Senior
Hardin-Simmons,2025-26,D3,85%,6,Nick Ocasio,Defender,181,https://hsuathletics.com/sports/mens-soccer/roster,Senior
Hardin-Simmons,2025-26,D3,85%,6,Edwin Macias,Midfielder,956,https://hsuathletics.com/sports/mens-soccer/roster,Senior
Hardin-Simmons,2025-26,D3,85%,6,Philip Nathans,Defender,,https://hsuathletics.com/sports/mens-soccer/roster,Senior
Hardin-Simmons,2025-26,D3,85%,6,Rivers Rodriguez,Midfielder,76,https://hsuathletics.com/sports/mens-soccer/roster,Senior
Hardin-Simmons,2025-26,D3,85%,6,Liam Cisneros,Defender,896,https://hsuathletics.com/sports/mens-soccer/roster,Senior
Hartwick,2025-26,D3,85%,5,Alex Norgeot,Defender,,https://www.hartwickhawks.com/sports/mens-soccer/roster,Senior
Hartwick,2025-26,D3,85%,5,Will Napierala,Midfielder,,https://www.hartwickhawks.com/sports/mens-soccer/roster,Senior
Hartwick,2025-26,D3,85%,5,Timmy McQueeney,Midfielder,,https://www.hartwickhawks.com/sports/mens-soccer/roster,Senior
Hartwick,2025-26,D3,85%,5,Kwame Amissah-Arthur,Forward,,https://www.hartwickhawks.com/sports/mens-soccer/roster,Senior
Hartwick,2025-26,D3,85%,5,Terriek Brown,Forward,,https://www.hartwickhawks.com/sports/mens-soccer/roster,Senior
Haverford,2025-26,D3,85%,5,Andrew Fritz,Forward,,https://haverfordathletics.com/sports/mens-soccer/roster,Senior
Haverford,2025-26,D3,85%,5,Gabe Knopf,Midfielder,,https://haverfordathletics.com/sports/mens-soccer/roster,Senior
Haverford,2025-26,D3,85%,5,Juan Rivera,Midfielder,,https://haverfordathletics.com/sports/mens-soccer/roster,Senior
Haverford,2025-26,D3,85%,5,Kieran Kunihiro,Defender,,https://haverfordathletics.com/sports/mens-soccer/roster,Senior
Haverford,2025-26,D3,85%,5,Conrad Coyanda-Parkzes,Defender,,https://haverfordathletics.com/sports/mens-soccer/roster,Senior
Heidelberg,2025-26,D3,85%,2,Nick Mangone,Defender,920,https://www.bergathletics.com/sports/mens-soccer/roster,Graduate Student
Heidelberg,2025-26,D3,85%,2,Devan Smith,Defender,,https://www.bergathletics.com/sports/mens-soccer/roster,Senior
Hendrix,2025-26,D3,85%,8,Bryce Robinson,Defender,,https://hendrixwarriors.com/sports/mens-soccer/roster,Senior
Hendrix,2025-26,D3,85%,8,Charlie Mata,Defender,,https://hendrixwarriors.com/sports/mens-soccer/roster,Senior
Hendrix,2025-26,D3,85%,8,Ayden Putnam,Defender,,https://hendrixwarriors.com/sports/mens-soccer/roster,Senior
Hendrix,2025-26,D3,85%,8,Holt Bliss,Forward,,https://hendrixwarriors.com/sports/mens-soccer/roster,Senior
Hendrix,2025-26,D3,85%,8,Joseph Avila,Defender,,https://hendrixwarriors.com/sports/mens-soccer/roster,Senior
Hendrix,2025-26,D3,85%,8,Caleb Nichols,Midfielder,,https://hendrixwarriors.com/sports/mens-soccer/roster,Senior
Hendrix,2025-26,D3,85%,8,Jensen Pechar,Forward,,https://hendrixwarriors.com/sports/mens-soccer/roster,Senior
Hendrix,2025-26,D3,85%,8,Jack Hamilton,Defender,,https://hendrixwarriors.com/sports/mens-soccer/roster,Senior
Hilbert,2025-26,D3,85%,6,Jacob Korte,Defnder / Midfielder,,https://hilberthawks.com/sports/mens-soccer/roster,Senior
Hilbert,2025-26,D3,85%,6,Carter Burke,Midfielder,,https://hilberthawks.com/sports/mens-soccer/roster,Senior
Hilbert,2025-26,D3,85%,6,Jason Vullo,Forward,,https://hilberthawks.com/sports/mens-soccer/roster,Senior
Hilbert,2025-26,D3,85%,6,Jacob Donner,Defender,,https://hilberthawks.com/sports/mens-soccer/roster,Senior
Hilbert,2025-26,D3,85%,6,Ryan Michelsen,Midfielder,,https://hilberthawks.com/sports/mens-soccer/roster,Senior
Hilbert,2025-26,D3,85%,6,Chris  Smith,Defender,,https://hilberthawks.com/sports/mens-soccer/roster,Graduate Student
Hiram,2025-26,D3,85%,4,Connor Hecker,Goalkeeper,13,https://hiramterriers.com/sports/mens-soccer/roster,Graduate Student
Hiram,2025-26,D3,85%,4,Tim Stephens,Defender,111,https://hiramterriers.com/sports/mens-soccer/roster,Senior
Hiram,2025-26,D3,85%,4,CJ Timm,Midfielder,42,https://hiramterriers.com/sports/mens-soccer/roster,Senior
Hiram,2025-26,D3,85%,4,Rafael Rodriguez,,1,https://hiramterriers.com/sports/mens-soccer/roster,Senior
Hobart & William Smith,2025-26,D3,85%,6,Tommy Chyzowych,Goalkeeper,1424,https://hwsathletics.com/sports/mens-soccer/roster,Senior
Hobart & William Smith,2025-26,D3,85%,6,Quinn Phillips,Midfielder,,https://hwsathletics.com/sports/mens-soccer/roster,Senior
Hobart & William Smith,2025-26,D3,85%,6,Nate Krawshuk,Defender,,https://hwsathletics.com/sports/mens-soccer/roster,Senior
Hobart & William Smith,2025-26,D3,85%,6,Matheus Souza,Midfielder,,https://hwsathletics.com/sports/mens-soccer/roster,Senior
Hobart & William Smith,2025-26,D3,85%,6,Brian Sheehan,Defender,,https://hwsathletics.com/sports/mens-soccer/roster,Senior
Hobart & William Smith,2025-26,D3,85%,6,Steven Pickering,Forward,,https://hwsathletics.com/sports/mens-soccer/roster,Senior
Hood,2025-26,D3,85%,5,Terrell Funchess,Defender,998,https://hoodathletics.com/sports/mens-soccer/roster,Senior
Hood,2025-26,D3,85%,5,Damiano Laduca,Forward,382,https://hoodathletics.com/sports/mens-soccer/roster,Senior
Hood,2025-26,D3,85%,5,Alioune Diop,Forward/Midfielder,77,https://hoodathletics.com/sports/mens-soccer/roster,Senior
Hood,2025-26,D3,85%,5,Jackson Quenzer,Forward/Midfielder,1571,https://hoodathletics.com/sports/mens-soccer/roster,Senior
Hood,2025-26,D3,85%,5,Cam Simpler,Midfielder,643,https://hoodathletics.com/sports/mens-soccer/roster,Senior
Hope,2025-26,D3,0%,0,,,,https://athletics.hope.edu/sports/mens-soccer/roster,Roster data requires JavaScript (JS-rendered SPA)
Houghton,2025-26,D3,85%,1,Daniele Schivo,Defender,890,https://athletics.houghton.edu/sports/mens-soccer/roster,Senior
Howard Payne,2025-26,D3,85%,8,Zachary Hallman,Midfielder,822,https://hpusports.com/sports/mens-soccer/roster,Senior
Howard Payne,2025-26,D3,85%,8,Ashton Riedel,Defender,1181,https://hpusports.com/sports/mens-soccer/roster,Senior
Howard Payne,2025-26,D3,85%,8,Ethan Mauldin,Forward/Midfielder,1390,https://hpusports.com/sports/mens-soccer/roster,Senior
Howard Payne,2025-26,D3,85%,8,Deaven Connelly,Defender,1473,https://hpusports.com/sports/mens-soccer/roster,Senior
Howard Payne,2025-26,D3,85%,8,Cameron Phipps,Defender,864,https://hpusports.com/sports/mens-soccer/roster,Senior
Howard Payne,2025-26,D3,85%,8,Phrabvir Singh,Defender,1160,https://hpusports.com/sports/mens-soccer/roster,Senior
Howard Payne,2025-26,D3,85%,8,Juan Narro,Defender,611,https://hpusports.com/sports/mens-soccer/roster,Senior
Howard Payne,2025-26,D3,85%,8,Dylan Massingill,Defender,1225,https://hpusports.com/sports/mens-soccer/roster,Senior
Huntingdon,2025-26,D3,85%,6,Cody Hall,Goalkeeper,,https://www.huntingdonhawks.com/sports/msoc/2025-26/roster,Senior
Huntingdon,2025-26,D3,85%,6,Coker Causey,Defender,,https://www.huntingdonhawks.com/sports/msoc/2025-26/roster,Senior
Huntingdon,2025-26,D3,85%,6,Tate Reynolds,Midfielder,,https://www.huntingdonhawks.com/sports/msoc/2025-26/roster,Senior
Huntingdon,2025-26,D3,85%,6,Dashun McDonald,Forward,,https://www.huntingdonhawks.com/sports/msoc/2025-26/roster,Senior
Huntingdon,2025-26,D3,85%,6,Lundon Danford,Goalkeeper,,https://www.huntingdonhawks.com/sports/msoc/2025-26/roster,Senior
Huntingdon,2025-26,D3,85%,6,Carlos Melendez,Midfielder,,https://www.huntingdonhawks.com/sports/msoc/2025-26/roster,Senior
Husson,2025-26,D3,85%,3,Nico Puerta,Midfielder,427,https://hussoneagles.com/sports/mens-soccer/roster,Senior
Husson,2025-26,D3,85%,3,Arik Weinstein,Defender,544,https://hussoneagles.com/sports/mens-soccer/roster,Senior
Husson,2025-26,D3,85%,3,Menuka Perera,Defender,1339,https://hussoneagles.com/sports/mens-soccer/roster,Senior
Illinois College,2025-26,D3,85%,3,Jacob Pelletier,Midfielder,1069,https://illinoiscollegeathletics.com/sports/mens-soccer/roster,Senior
Illinois College,2025-26,D3,85%,3,Tyler Lunning,Forward,925,https://illinoiscollegeathletics.com/sports/mens-soccer/roster,Senior
Illinois College,2025-26,D3,85%,3,Drew Herman,Defender,97,https://illinoiscollegeathletics.com/sports/mens-soccer/roster,Senior
Illinois Tech,2025-26,D3,85%,3,Jacob Pelletier,Midfielder,1069,https://illinoiscollegeathletics.com/sports/mens-soccer/roster,Senior
Illinois Tech,2025-26,D3,85%,3,Tyler Lunning,Forward,925,https://illinoiscollegeathletics.com/sports/mens-soccer/roster,Senior
Illinois Tech,2025-26,D3,85%,3,Drew Herman,Defender,97,https://illinoiscollegeathletics.com/sports/mens-soccer/roster,Senior
Illinois Wesleyan,2025-26,D3,85%,3,Jacob Pelletier,Midfielder,1069,https://illinoiscollegeathletics.com/sports/mens-soccer/roster,Senior
Illinois Wesleyan,2025-26,D3,85%,3,Tyler Lunning,Forward,925,https://illinoiscollegeathletics.com/sports/mens-soccer/roster,Senior
Illinois Wesleyan,2025-26,D3,85%,3,Drew Herman,Defender,97,https://illinoiscollegeathletics.com/sports/mens-soccer/roster,Senior
Immaculata,2025-26,D3,85%,5,Daniel O'Rourke,Defender,1348,https://gomightymacs.com/sports/mens-soccer/roster,Senior
Immaculata,2025-26,D3,85%,5,Cooper McKinney,Midfielder,422,https://gomightymacs.com/sports/mens-soccer/roster,Senior
Immaculata,2025-26,D3,85%,5,Jonathan Olaleye,Forward,920,https://gomightymacs.com/sports/mens-soccer/roster,Senior
Immaculata,2025-26,D3,85%,5,Daniel Becker,Forward,270,https://gomightymacs.com/sports/mens-soccer/roster,Senior
Immaculata,2025-26,D3,85%,5,Nico Mainolfi,Defender,689,https://gomightymacs.com/sports/mens-soccer/roster,Senior
Ithaca,2025-26,D3,85%,11,Johannes Berghahn,Goalkeeper,315,https://athletics.ithaca.edu/sports/mens-soccer/roster,Senior
Ithaca,2025-26,D3,85%,11,Bryson Shaull,Goalkeeper,1170,https://athletics.ithaca.edu/sports/mens-soccer/roster,Senior
Ithaca,2025-26,D3,85%,11,Jack  Longo,Midfielder,,https://athletics.ithaca.edu/sports/mens-soccer/roster,Graduate Student
Ithaca,2025-26,D3,85%,11,Riley Donelan,Defender,,https://athletics.ithaca.edu/sports/mens-soccer/roster,Senior
Ithaca,2025-26,D3,85%,11,Drew Warren,Midfielder,,https://athletics.ithaca.edu/sports/mens-soccer/roster,Senior
Ithaca,2025-26,D3,85%,11,Andrew Kusek,Forward,,https://athletics.ithaca.edu/sports/mens-soccer/roster,Senior
Ithaca,2025-26,D3,85%,11,Jared Krasnove,Forward,,https://athletics.ithaca.edu/sports/mens-soccer/roster,Senior
Ithaca,2025-26,D3,85%,11,Nathan Waychoff,Forward,,https://athletics.ithaca.edu/sports/mens-soccer/roster,Senior
Ithaca,2025-26,D3,85%,11,Jack Walker,Defender,,https://athletics.ithaca.edu/sports/mens-soccer/roster,Senior
Ithaca,2025-26,D3,85%,11,Myles Ryan,Defender,,https://athletics.ithaca.edu/sports/mens-soccer/roster,Senior
Ithaca,2025-26,D3,85%,11,Ikey Borden,Midfielder,,https://athletics.ithaca.edu/sports/mens-soccer/roster,Graduate Student
John Carroll,2025-26,D3,85%,2,Luka Pranjeta,Midfielder,840,https://jcusports.com/sports/mens-soccer/roster,Senior
John Carroll,2025-26,D3,85%,2,Diego Calixto,Forward/Midfielder,,https://jcusports.com/sports/mens-soccer/roster,Senior
Johns Hopkins,2025-26,D3,85%,8,Liam Bridges,Defender,1419,https://hopkinssports.com/sports/mens-soccer/roster,Senior
Johns Hopkins,2025-26,D3,85%,8,Will Andrus,Defender,994,https://hopkinssports.com/sports/mens-soccer/roster,Senior
Johns Hopkins,2025-26,D3,85%,8,Giulian Laudisa,Forward,352,https://hopkinssports.com/sports/mens-soccer/roster,Senior
Johns Hopkins,2025-26,D3,85%,8,Sean Vaghedi,Forward,939,https://hopkinssports.com/sports/mens-soccer/roster,Graduate Student
Johns Hopkins,2025-26,D3,85%,8,Jackson Shapiro,Midfielder,905,https://hopkinssports.com/sports/mens-soccer/roster,Senior
Johns Hopkins,2025-26,D3,85%,8,Scotty Coleman,Midfield/Forward,1229,https://hopkinssports.com/sports/mens-soccer/roster,Senior
Johns Hopkins,2025-26,D3,85%,8,Javi Ordonez,Midfielder,929,https://hopkinssports.com/sports/mens-soccer/roster,Senior
Johns Hopkins,2025-26,D3,85%,8,Thomas Howlett,Defense/Midfield,366,https://hopkinssports.com/sports/mens-soccer/roster,Graduate Student
Johnson & Wales (Charlotte),2025-26,D3,0%,0,,,,https://charlotte.jwuathletics.com/sports/mens-soccer/roster,Roster data requires JavaScript (JS-rendered SPA)
Johnson & Wales (Providence),2025-26,D3,85%,3,Jevic Perez,Defender,74,https://providence.jwuathletics.com/sports/mens-soccer/roster,Senior
Johnson & Wales (Providence),2025-26,D3,85%,3,Carlos Andrade,Forward,866,https://providence.jwuathletics.com/sports/mens-soccer/roster,Senior
Johnson & Wales (Providence),2025-26,D3,85%,3,Dominic Marino,Defender,148,https://providence.jwuathletics.com/sports/mens-soccer/roster,Senior
Juniata,2025-26,D3,85%,5,Jackson Gamel,Goalkeeper,,https://www.juniatasports.net/sports/msoc/2025-26/roster,Senior
Juniata,2025-26,D3,85%,5,Nathan Weick,Forward,,https://www.juniatasports.net/sports/msoc/2025-26/roster,Senior
Juniata,2025-26,D3,85%,5,Brandon Marzula,Midfielder,,https://www.juniatasports.net/sports/msoc/2025-26/roster,Senior
Juniata,2025-26,D3,85%,5,Gavin Rauhut,Defender,,https://www.juniatasports.net/sports/msoc/2025-26/roster,Senior
Juniata,2025-26,D3,85%,5,Harshaan Grewal,Defender,,https://www.juniatasports.net/sports/msoc/2025-26/roster,Senior
Kalamazoo,2025-26,D3,85%,3,Henry Plumstead,Forward,1328,https://hornets.kzoo.edu/sports/mens-soccer/roster,Senior
Kalamazoo,2025-26,D3,85%,3,AJ Ketterer,Defender,,https://hornets.kzoo.edu/sports/mens-soccer/roster,Senior
Kalamazoo,2025-26,D3,85%,3,Evan Pollens-Voigt,Defender,1208,https://hornets.kzoo.edu/sports/mens-soccer/roster,Senior
Kean,2025-26,D3,85%,8,Daniel Nigro,Defender,1354,https://keanathletics.com/sports/mens-soccer/roster,Senior
Kean,2025-26,D3,85%,8,David Esteban Camargo,Defender,926,https://keanathletics.com/sports/mens-soccer/roster,Senior
Kean,2025-26,D3,85%,8,Marvin Munoz Garcia Jr.,Midfielder,794,https://keanathletics.com/sports/mens-soccer/roster,Senior
Kean,2025-26,D3,85%,8,Jamie Madrid,Midfielder,631,https://keanathletics.com/sports/mens-soccer/roster,Senior
Kean,2025-26,D3,85%,8,Ahad Shabazz-Henry,Defender,968,https://keanathletics.com/sports/mens-soccer/roster,Graduate Student
Kean,2025-26,D3,85%,8,Harrison Shaller,Midfielder,193,https://keanathletics.com/sports/mens-soccer/roster,Senior
Kean,2025-26,D3,85%,8,Kwaku Owusu,Midfielder,1211,https://keanathletics.com/sports/mens-soccer/roster,Senior
Kean,2025-26,D3,85%,8,Edwin Navarro,Defender,502,https://keanathletics.com/sports/mens-soccer/roster,Senior
Keene State,2025-26,D3,85%,5,Eldin Husanovic,Goalkeeper,1124,https://keeneowls.com/sports/mens-soccer/roster,Senior
Keene State,2025-26,D3,85%,5,Elias Stowell-Aleman,Midfielder,816,https://keeneowls.com/sports/mens-soccer/roster,Senior
Keene State,2025-26,D3,85%,5,Dylan Chambers,Defender,1188,https://keeneowls.com/sports/mens-soccer/roster,Senior
Keene State,2025-26,D3,85%,5,Parker Root,Midfielder,55,https://keeneowls.com/sports/mens-soccer/roster,Senior
Keene State,2025-26,D3,85%,5,Nicholas Henao Vasquez,Forward,785,https://keeneowls.com/sports/mens-soccer/roster,Senior
Kenyon,2025-26,D3,85%,5,Robbie Stroebel,Defender,973,https://athletics.kenyon.edu/sports/mens-soccer/roster,Senior
Kenyon,2025-26,D3,85%,5,James Paden,Midfielder,58,https://athletics.kenyon.edu/sports/mens-soccer/roster,Senior
Kenyon,2025-26,D3,85%,5,Isaac Cortez,Midfielder,609,https://athletics.kenyon.edu/sports/mens-soccer/roster,Senior
Kenyon,2025-26,D3,85%,5,Miko Warshaw,Midfielder,95,https://athletics.kenyon.edu/sports/mens-soccer/roster,Senior
Kenyon,2025-26,D3,85%,5,Joaquin Sanchez-Korenfeld,Forward,234,https://athletics.kenyon.edu/sports/mens-soccer/roster,Senior
Keuka,2025-26,D3,85%,8,Tyler Spina,Goalkeeper,529,https://keukaathletics.com/sports/mens-soccer/roster,Senior
Keuka,2025-26,D3,85%,8,Liam Davis,Midfielder,1230,https://keukaathletics.com/sports/mens-soccer/roster,Senior
Keuka,2025-26,D3,85%,8,Cole Santiago,Forward,357,https://keukaathletics.com/sports/mens-soccer/roster,Senior
Keuka,2025-26,D3,85%,8,Brendan Finn,Midfielder,1001,https://keukaathletics.com/sports/mens-soccer/roster,Senior
Keuka,2025-26,D3,85%,8,Anthony Manzari,Defender,363,https://keukaathletics.com/sports/mens-soccer/roster,Senior
Keuka,2025-26,D3,85%,8,Brenden Moquin,Forward,942,https://keukaathletics.com/sports/mens-soccer/roster,Senior
Keuka,2025-26,D3,85%,8,Thomas Stojanov,Defender,379,https://keukaathletics.com/sports/mens-soccer/roster,Senior
Keuka,2025-26,D3,85%,8,Tristan Reed,Forward,479,https://keukaathletics.com/sports/mens-soccer/roster,Senior
Keystone,2025-26,D3,85%,1,Leo Arrieta,Defender,,https://www.gokcgiants.com/sports/mens-soccer/roster,Senior
King's (PA),2025-26,D3,85%,3,Luke Ferre,Defender,900,https://kingscollegeathletics.com/sports/mens-soccer/roster,Senior
King's (PA),2025-26,D3,85%,3,Philip Permyashkin,Midfielder,1531,https://kingscollegeathletics.com/sports/mens-soccer/roster,Senior
King's (PA),2025-26,D3,85%,3,Evan Egnatovich,Midfielder,710,https://kingscollegeathletics.com/sports/mens-soccer/roster,Graduate Student
Knox,2025-26,D3,0%,0,,,,https://prairiefire.knox.edu/,No graduating players found (sidearm)
La Roche,2025-26,D3,85%,5,Anthony Valerio,Defender,,https://www.larochesports.com/sports/msoc/2025-26/roster,Senior
La Roche,2025-26,D3,85%,5,Mario Pinilla,Defender,,https://www.larochesports.com/sports/msoc/2025-26/roster,Senior
La Roche,2025-26,D3,85%,5,Niko Manos,Defender,,https://www.larochesports.com/sports/msoc/2025-26/roster,Senior
La Roche,2025-26,D3,85%,5,Logan Romasco,Defender,,https://www.larochesports.com/sports/msoc/2025-26/roster,Senior
La Roche,2025-26,D3,85%,5,Logan McQueen,Goalkeeper,,https://www.larochesports.com/sports/msoc/2025-26/roster,Senior
LaGrange,2025-26,D3,85%,4,Lucas Duke,Forward,1014,https://lagrangepanthers.com/sports/mens-soccer/roster,Senior
LaGrange,2025-26,D3,85%,4,Tyler Hudson,Defender,236,https://lagrangepanthers.com/sports/mens-soccer/roster,Senior
LaGrange,2025-26,D3,85%,4,Tyler Cunningham,Defender,617,https://lagrangepanthers.com/sports/mens-soccer/roster,Senior
LaGrange,2025-26,D3,85%,4,Dylan Bailey,Forward,857,https://lagrangepanthers.com/sports/mens-soccer/roster,Senior
Lake Forest,2025-26,D3,85%,8,Andrew Swacha,Goalkeeper,315,https://goforesters.com/sports/mens-soccer/roster,Senior
Lake Forest,2025-26,D3,85%,8,Gustavo Machado,Midfielder,839,https://goforesters.com/sports/mens-soccer/roster,Senior
Lake Forest,2025-26,D3,85%,8,Nathan Kostovetsky,Forward,1401,https://goforesters.com/sports/mens-soccer/roster,Senior
Lake Forest,2025-26,D3,85%,8,Eli Drake,Midfielder,323,https://goforesters.com/sports/mens-soccer/roster,Senior
Lake Forest,2025-26,D3,85%,8,Iain McAlister,Midfielder,18,https://goforesters.com/sports/mens-soccer/roster,Senior
Lake Forest,2025-26,D3,85%,8,Chris Morys,Defender,111,https://goforesters.com/sports/mens-soccer/roster,Senior
Lake Forest,2025-26,D3,85%,8,Skye Fanch,Defender,35,https://goforesters.com/sports/mens-soccer/roster,Senior
Lake Forest,2025-26,D3,85%,8,Ollie Francis,Defender,1445,https://goforesters.com/sports/mens-soccer/roster,Senior
Lakeland,2025-26,D3,85%,4,Desmond Pocan,Defender,135,https://lakelandmuskies.com/sports/mens-soccer/roster,Senior
Lakeland,2025-26,D3,85%,4,Omero Cornejo,Defender,1403,https://lakelandmuskies.com/sports/mens-soccer/roster,Graduate Student
Lakeland,2025-26,D3,85%,4,Jordan Davis-Troller,Forward/Midfielder,1646,https://lakelandmuskies.com/sports/mens-soccer/roster,Senior
Lakeland,2025-26,D3,85%,4,Brady Wazny,Goalkeeper,34,https://lakelandmuskies.com/sports/mens-soccer/roster,Senior
Lancaster Bible,2025-26,D3,85%,7,Jackson Clough,Goalkeeper,59,https://lbcchargers.com/sports/mens-soccer/roster,Senior
Lancaster Bible,2025-26,D3,85%,7,Stephen Christner,Midfielder,630,https://lbcchargers.com/sports/mens-soccer/roster,Senior
Lancaster Bible,2025-26,D3,85%,7,Matthew Eufemia,Midfielder,507,https://lbcchargers.com/sports/mens-soccer/roster,Senior
Lancaster Bible,2025-26,D3,85%,7,Ben Nolt,Midfielder,892,https://lbcchargers.com/sports/mens-soccer/roster,Senior
Lancaster Bible,2025-26,D3,85%,7,Lucas Durkin,Defender,1182,https://lbcchargers.com/sports/mens-soccer/roster,Senior
Lancaster Bible,2025-26,D3,85%,7,Sam Eckert,Defender,1181,https://lbcchargers.com/sports/mens-soccer/roster,Senior
Lancaster Bible,2025-26,D3,85%,7,Andrew Cox,Forward,1380,https://lbcchargers.com/sports/mens-soccer/roster,Senior
Lasell,2025-26,D3,85%,7,Dillon Winkelmann,Forward/Defense,,https://laserpride.lasell.edu/sports/msoc/2025-26/roster,Senior
Lasell,2025-26,D3,85%,7,William McFadyen,Defender,,https://laserpride.lasell.edu/sports/msoc/2025-26/roster,Senior
Lasell,2025-26,D3,85%,7,Ryan Klopchin,Midfielder,,https://laserpride.lasell.edu/sports/msoc/2025-26/roster,Senior
Lasell,2025-26,D3,85%,7,Liam Thompson,Midfielder,,https://laserpride.lasell.edu/sports/msoc/2025-26/roster,Senior
Lasell,2025-26,D3,85%,7,Daniel Faynstein,Forward,,https://laserpride.lasell.edu/sports/msoc/2025-26/roster,Graduate Student
Lasell,2025-26,D3,85%,7,Emilio Magdon,Forward,,https://laserpride.lasell.edu/sports/msoc/2025-26/roster,Senior
Lasell,2025-26,D3,85%,7,Chris Contreras,Midfielder,,https://laserpride.lasell.edu/sports/msoc/2025-26/roster,Graduate Student
Lawrence,2025-26,D3,85%,7,Nason Lancina,Goalkeeper,,https://vikings.lawrence.edu/sports/msoc/roster,Senior
Lawrence,2025-26,D3,85%,7,Jack Ginsberg,Defender,,https://vikings.lawrence.edu/sports/msoc/roster,Senior
Lawrence,2025-26,D3,85%,7,Eamon Rougvie,Forward,,https://vikings.lawrence.edu/sports/msoc/roster,Senior
Lawrence,2025-26,D3,85%,7,Salvador Villalobos,Midfielder,,https://vikings.lawrence.edu/sports/msoc/roster,Senior
Lawrence,2025-26,D3,85%,7,Dillon Grade,Forward,,https://vikings.lawrence.edu/sports/msoc/roster,Senior
Lawrence,2025-26,D3,85%,7,Evan Toth,Defender,,https://vikings.lawrence.edu/sports/msoc/roster,Senior
Lawrence,2025-26,D3,85%,7,Akhmed Malsagov,Midfielder,,https://vikings.lawrence.edu/sports/msoc/roster,Senior
LeTourneau,2025-26,D3,85%,7,Octavio Jacquez,Goalkeeper,194,https://letuathletics.com/sports/mens-soccer/roster,Senior
LeTourneau,2025-26,D3,85%,7,Juan Angel Morales,Defender,420,https://letuathletics.com/sports/mens-soccer/roster,Senior
LeTourneau,2025-26,D3,85%,7,Aidan Arcega,Midfielder,1305,https://letuathletics.com/sports/mens-soccer/roster,Senior
LeTourneau,2025-26,D3,85%,7,Nate Bransford,F/M,759,https://letuathletics.com/sports/mens-soccer/roster,Senior
LeTourneau,2025-26,D3,85%,7,Diego Enriquez,Midfielder,1189,https://letuathletics.com/sports/mens-soccer/roster,Senior
LeTourneau,2025-26,D3,85%,7,Esteban Rodriguez,Defender,25,https://letuathletics.com/sports/mens-soccer/roster,Senior
LeTourneau,2025-26,D3,85%,7,Nathan Peterson,Defender,17,https://letuathletics.com/sports/mens-soccer/roster,Senior
Lebanon Valley,2025-26,D3,85%,8,Nathan Prex,Forward,,https://godutchmen.com/sports/mens-soccer/roster,Senior
Lebanon Valley,2025-26,D3,85%,8,Aidan Smith,Forward,,https://godutchmen.com/sports/mens-soccer/roster,Senior
Lebanon Valley,2025-26,D3,85%,8,Nathan Newsom,Midfielder,,https://godutchmen.com/sports/mens-soccer/roster,Senior
Lebanon Valley,2025-26,D3,85%,8,Logan Hicks,Defender,,https://godutchmen.com/sports/mens-soccer/roster,Senior
Lebanon Valley,2025-26,D3,85%,8,Harrison Davis,OB,,https://godutchmen.com/sports/mens-soccer/roster,Senior
Lebanon Valley,2025-26,D3,85%,8,Ben Kolarek,Defender,,https://godutchmen.com/sports/mens-soccer/roster,Senior
Lebanon Valley,2025-26,D3,85%,8,Ethan Groff,Forward,,https://godutchmen.com/sports/mens-soccer/roster,Senior
Lebanon Valley,2025-26,D3,85%,8,LJ Ndaro,Forward,,https://godutchmen.com/sports/mens-soccer/roster,Senior
Lesley,2025-26,D3,85%,6,Adrian Esparragoza,D/M,,https://lesleyathletics.com/sports/msoc/2025-26/roster,Senior
Lesley,2025-26,D3,85%,6,Paul Adebowale,Defender,,https://lesleyathletics.com/sports/msoc/2025-26/roster,Senior
Lesley,2025-26,D3,85%,6,Aidan Stafford,Defender,,https://lesleyathletics.com/sports/msoc/2025-26/roster,Senior
Lesley,2025-26,D3,85%,6,Miles Brajdic,Defender,,https://lesleyathletics.com/sports/msoc/2025-26/roster,Senior
Lesley,2025-26,D3,85%,6,Yik Ka,Midfielder,,https://lesleyathletics.com/sports/msoc/2025-26/roster,Senior
Lesley,2025-26,D3,85%,6,Nick Wadleigh,Forward,,https://lesleyathletics.com/sports/msoc/2025-26/roster,Senior
Lewis & Clark,2025-26,D3,85%,7,Diego Marin,Goalkeeper,1305,https://clarkathletics.com/sports/mens-soccer/roster,Senior
Lewis & Clark,2025-26,D3,85%,7,Henry Kuerbis,Defender,1221,https://clarkathletics.com/sports/mens-soccer/roster,Senior
Lewis & Clark,2025-26,D3,85%,7,Ben Siegel,Forward,978,https://clarkathletics.com/sports/mens-soccer/roster,Senior
Lewis & Clark,2025-26,D3,85%,7,Mauro Perez Colon,Forward,939,https://clarkathletics.com/sports/mens-soccer/roster,Senior
Lewis & Clark,2025-26,D3,85%,7,Luke Sheldon,Forward,612,https://clarkathletics.com/sports/mens-soccer/roster,Senior
Lewis & Clark,2025-26,D3,85%,7,Amechi Aduba,Forward,363,https://clarkathletics.com/sports/mens-soccer/roster,Senior
Lewis & Clark,2025-26,D3,85%,7,Ben Wittlin,Goalkeeper,4,https://clarkathletics.com/sports/mens-soccer/roster,Senior
Linfield,2025-26,D3,85%,10,Aedan Carroll,Defender,1670,https://golinfieldwildcats.com/sports/mens-soccer/roster,Senior
Linfield,2025-26,D3,85%,10,Aidan Crossler,Defender,37,https://golinfieldwildcats.com/sports/mens-soccer/roster,Senior
Linfield,2025-26,D3,85%,10,Sam Haynes,Forward,1008,https://golinfieldwildcats.com/sports/mens-soccer/roster,Senior
Linfield,2025-26,D3,85%,10,David Contreras,Midfielder,,https://golinfieldwildcats.com/sports/mens-soccer/roster,Senior
Linfield,2025-26,D3,85%,10,Reece Gaines,Forward,123,https://golinfieldwildcats.com/sports/mens-soccer/roster,Senior
Linfield,2025-26,D3,85%,10,Ronan Hodge,Forward,221,https://golinfieldwildcats.com/sports/mens-soccer/roster,Senior
Linfield,2025-26,D3,85%,10,Radule Bozovic,Defender,190,https://golinfieldwildcats.com/sports/mens-soccer/roster,Senior
Linfield,2025-26,D3,85%,10,Evan Stafford,Forward,1074,https://golinfieldwildcats.com/sports/mens-soccer/roster,Senior
Linfield,2025-26,D3,85%,10,Nick Reggiani,Defender,427,https://golinfieldwildcats.com/sports/mens-soccer/roster,Senior
Linfield,2025-26,D3,85%,10,Noah Stanley,Defender,51,https://golinfieldwildcats.com/sports/mens-soccer/roster,Senior
Loras,2025-26,D3,0%,0,,,,https://duhawks.com/sports/mens-soccer/roster,Roster data requires JavaScript (JS-rendered SPA)
Luther,2025-26,D3,85%,4,Carlos Hernández,Defender,376,https://wlcsports.com/sports/mens-soccer/roster,Senior
Luther,2025-26,D3,85%,4,Jack Leffel,Defender,1701,https://wlcsports.com/sports/mens-soccer/roster,Senior
Luther,2025-26,D3,85%,4,Blake Maxwell,Midfielder,113,https://wlcsports.com/sports/mens-soccer/roster,Senior
Luther,2025-26,D3,85%,4,Cooper Young,Defender,1180,https://wlcsports.com/sports/mens-soccer/roster,Senior
Lycoming,2025-26,D3,85%,7,Sheadon Ludwig,Goalkeeper,,https://lycomingathletics.com/sports/mens-soccer/roster,Senior
Lycoming,2025-26,D3,85%,7,Cole Sharpnack,Defender,,https://lycomingathletics.com/sports/mens-soccer/roster,Senior
Lycoming,2025-26,D3,85%,7,Chris Djadja,Defender,,https://lycomingathletics.com/sports/mens-soccer/roster,Senior
Lycoming,2025-26,D3,85%,7,Thomas Geyer,Midfielder,,https://lycomingathletics.com/sports/mens-soccer/roster,Senior
Lycoming,2025-26,D3,85%,7,Ken Kouassi,Defender,,https://lycomingathletics.com/sports/mens-soccer/roster,Senior
Lycoming,2025-26,D3,85%,7,Christian Woobay,Forward,,https://lycomingathletics.com/sports/mens-soccer/roster,Senior
Lycoming,2025-26,D3,85%,7,Owen Magee,Forward,,https://lycomingathletics.com/sports/mens-soccer/roster,Senior
Lyon College,2025-26,D3,85%,1,Diego Carmona,Midfielder,,https://lyonscots.com/sports/mens-soccer/roster,Senior
MIT,2025-26,D3,85%,6,Tommy Chyzowych,Goalkeeper,1424,https://hwsathletics.com/sports/mens-soccer/roster,Senior
MIT,2025-26,D3,85%,6,Quinn Phillips,Midfielder,,https://hwsathletics.com/sports/mens-soccer/roster,Senior
MIT,2025-26,D3,85%,6,Nate Krawshuk,Defender,,https://hwsathletics.com/sports/mens-soccer/roster,Senior
MIT,2025-26,D3,85%,6,Matheus Souza,Midfielder,,https://hwsathletics.com/sports/mens-soccer/roster,Senior
MIT,2025-26,D3,85%,6,Brian Sheehan,Defender,,https://hwsathletics.com/sports/mens-soccer/roster,Senior
MIT,2025-26,D3,85%,6,Steven Pickering,Forward,,https://hwsathletics.com/sports/mens-soccer/roster,Senior
Macalester,2025-26,D3,85%,6,Nick Kent,Defender,1553,https://athletics.macalester.edu/sports/mens-soccer/roster,Senior
Macalester,2025-26,D3,85%,6,Daniel Romanenko,Defender,586,https://athletics.macalester.edu/sports/mens-soccer/roster,Senior
Macalester,2025-26,D3,85%,6,Alex Beck-Ruiz,Defender,1635,https://athletics.macalester.edu/sports/mens-soccer/roster,Senior
Macalester,2025-26,D3,85%,6,Ondieki Maina,Midfielder,1348,https://athletics.macalester.edu/sports/mens-soccer/roster,Senior
Macalester,2025-26,D3,85%,6,Tanguy Lesegretain,Midfielder,120,https://athletics.macalester.edu/sports/mens-soccer/roster,Senior
Macalester,2025-26,D3,85%,6,Parker Etzbach,Forward,304,https://athletics.macalester.edu/sports/mens-soccer/roster,Senior
Maine Maritime,2025-26,D3,85%,2,Ronnie Morgan,Defender,1463,https://marinersports.org/sports/mens-soccer/roster,Senior
Maine Maritime,2025-26,D3,85%,2,John-John Dickenson,Forward,842,https://marinersports.org/sports/mens-soccer/roster,Senior
Manchester,2025-26,D3,85%,3,Peter Myers,Goalkeeper,30,https://muspartans.com/sports/mens-soccer/roster,Senior
Manchester,2025-26,D3,85%,3,Cole Spagna,Defender,1452,https://muspartans.com/sports/mens-soccer/roster,Senior
Manchester,2025-26,D3,85%,3,Christian Gearheart,Midfielder,327,https://muspartans.com/sports/mens-soccer/roster,Senior
Manhattanville,2025-26,D3,85%,12,AJ Lucas,Goalkeeper,1716,https://govaliants.com/sports/mens-soccer/roster,Senior
Manhattanville,2025-26,D3,85%,12,Alex Bacchiocchi,Defender,865,https://govaliants.com/sports/mens-soccer/roster,Senior
Manhattanville,2025-26,D3,85%,12,Alex Rojas,Defender,996,https://govaliants.com/sports/mens-soccer/roster,Senior
Manhattanville,2025-26,D3,85%,12,John Castaneda,Midfielder,123,https://govaliants.com/sports/mens-soccer/roster,Senior
Manhattanville,2025-26,D3,85%,12,Nico Del Vescovo,Forward,867,https://govaliants.com/sports/mens-soccer/roster,Senior
Manhattanville,2025-26,D3,85%,12,Matthew Macedo,Midfielder,307,https://govaliants.com/sports/mens-soccer/roster,Senior
Manhattanville,2025-26,D3,85%,12,Johnny Antolino,Midfielder,1478,https://govaliants.com/sports/mens-soccer/roster,Senior
Manhattanville,2025-26,D3,85%,12,Juanma Miyar,Midfielder,57,https://govaliants.com/sports/mens-soccer/roster,Senior
Manhattanville,2025-26,D3,85%,12,Nick Diaz,Defender,290,https://govaliants.com/sports/mens-soccer/roster,Senior
Manhattanville,2025-26,D3,85%,12,Griffin Van Cott,Defender,437,https://govaliants.com/sports/mens-soccer/roster,Senior
Manhattanville,2025-26,D3,85%,12,Benjamin Merritt,Midfielder,,https://govaliants.com/sports/mens-soccer/roster,Graduate Student
Manhattanville,2025-26,D3,85%,12,Christian Zita,Defender,3,https://govaliants.com/sports/mens-soccer/roster,Graduate Student
Marian (WI),2025-26,D3,85%,8,Nathan Espinosa,Goalkeeper,60,https://sabreathletics.com/sports/mens-soccer/roster,Senior
Marian (WI),2025-26,D3,85%,8,Emmett Marckese,Midfielder,920,https://sabreathletics.com/sports/mens-soccer/roster,Senior
Marian (WI),2025-26,D3,85%,8,Levi Olson,Defender,85,https://sabreathletics.com/sports/mens-soccer/roster,Senior
Marian (WI),2025-26,D3,85%,8,Vince Sanchez,Midfielder,1045,https://sabreathletics.com/sports/mens-soccer/roster,Senior
Marian (WI),2025-26,D3,85%,8,Owen Holevas,Defender,1466,https://sabreathletics.com/sports/mens-soccer/roster,Senior
Marian (WI),2025-26,D3,85%,8,Reyes Martinez Vera,Midfielder,358,https://sabreathletics.com/sports/mens-soccer/roster,Senior
Marian (WI),2025-26,D3,85%,8,Nathan Blazenko,Midfielder,1598,https://sabreathletics.com/sports/mens-soccer/roster,Senior
Marian (WI),2025-26,D3,85%,8,Payton Fox,Forward,151,https://sabreathletics.com/sports/mens-soccer/roster,Senior
Marietta,2025-26,D3,85%,8,Will Freson,Defender,41,https://pioneers.marietta.edu/sports/mens-soccer/roster,Senior
Marietta,2025-26,D3,85%,8,Parker Bolin,Forward,1494,https://pioneers.marietta.edu/sports/mens-soccer/roster,Senior
Marietta,2025-26,D3,85%,8,Petar Mijic-Barisic,Midfielder,784,https://pioneers.marietta.edu/sports/mens-soccer/roster,Senior
Marietta,2025-26,D3,85%,8,Alec Ellis,Midfielder,815,https://pioneers.marietta.edu/sports/mens-soccer/roster,Senior
Marietta,2025-26,D3,85%,8,Sam Holthaus,Defender,1649,https://pioneers.marietta.edu/sports/mens-soccer/roster,Senior
Marietta,2025-26,D3,85%,8,Lee Miller,Midfielder,1158,https://pioneers.marietta.edu/sports/mens-soccer/roster,Senior
Marietta,2025-26,D3,85%,8,Braulio Rosas-Clouse,Midfielder,394,https://pioneers.marietta.edu/sports/mens-soccer/roster,Senior
Marietta,2025-26,D3,85%,8,Mohammed Cherif,Midfielder,4,https://pioneers.marietta.edu/sports/mens-soccer/roster,Senior
Martin Luther,2025-26,D3,85%,7,Isaiah Heins,Defender,1122,https://mlcknights.com/sports/mens-soccer/roster,Senior
Martin Luther,2025-26,D3,85%,7,Stephen Wietzke,B/MID,1019,https://mlcknights.com/sports/mens-soccer/roster,Senior
Martin Luther,2025-26,D3,85%,7,Joshua Felsing,FW/MID,104,https://mlcknights.com/sports/mens-soccer/roster,Senior
Martin Luther,2025-26,D3,85%,7,Owen Heiman,Midfielder,1021,https://mlcknights.com/sports/mens-soccer/roster,Senior
Martin Luther,2025-26,D3,85%,7,Matthew Koelpin,Midfielder,1033,https://mlcknights.com/sports/mens-soccer/roster,Senior
Martin Luther,2025-26,D3,85%,7,Johannes Bourman,M/F,1126,https://mlcknights.com/sports/mens-soccer/roster,Senior
Martin Luther,2025-26,D3,85%,7,Joshua Kallies,Goalkeeper,1080,https://mlcknights.com/sports/mens-soccer/roster,Senior
Mary Baldwin,2025-26,D3,85%,7,Tucker Speak,Goalkeeper,,https://marybaldwinathletics.com/sports/mens-soccer/roster,Senior
Mary Baldwin,2025-26,D3,85%,7,Brandon Murphy,Midfielder,,https://marybaldwinathletics.com/sports/mens-soccer/roster,Senior
Mary Baldwin,2025-26,D3,85%,7,Cohen Croslin,Forward,,https://marybaldwinathletics.com/sports/mens-soccer/roster,Senior
Mary Baldwin,2025-26,D3,85%,7,Dominic Duron,Midfielder,,https://marybaldwinathletics.com/sports/mens-soccer/roster,Senior
Mary Baldwin,2025-26,D3,85%,7,Isaiah Williams,Forward,,https://marybaldwinathletics.com/sports/mens-soccer/roster,Senior
Mary Baldwin,2025-26,D3,85%,7,Edward Headley,Forward,,https://marybaldwinathletics.com/sports/mens-soccer/roster,Senior
Mary Baldwin,2025-26,D3,85%,7,Brandon Kincaid,Defender,,https://marybaldwinathletics.com/sports/mens-soccer/roster,Senior
Marymount (VA),2025-26,D3,85%,5,Bayron Banegas,Goalkeeper,1657,https://marymountsaints.com/sports/mens-soccer/roster,Senior
Marymount (VA),2025-26,D3,85%,5,Daniel Yi,Defender,1424,https://marymountsaints.com/sports/mens-soccer/roster,Senior
Marymount (VA),2025-26,D3,85%,5,Dylan Hirmas,Defender,1258,https://marymountsaints.com/sports/mens-soccer/roster,Senior
Marymount (VA),2025-26,D3,85%,5,Merlin Torres,Midfielder,1007,https://marymountsaints.com/sports/mens-soccer/roster,Senior
Marymount (VA),2025-26,D3,85%,5,Drew Franco,Midfielder,80,https://marymountsaints.com/sports/mens-soccer/roster,Senior
Maryville (TN),2025-26,D3,85%,8,Uli Quinones,Defender,161,https://mcscots.com/sports/mens-soccer/roster,Senior
Maryville (TN),2025-26,D3,85%,8,Will Gallaher,Defender,1546,https://mcscots.com/sports/mens-soccer/roster,Senior
Maryville (TN),2025-26,D3,85%,8,Will Brush,Defender,1527,https://mcscots.com/sports/mens-soccer/roster,Senior
Maryville (TN),2025-26,D3,85%,8,Andrew Thomas,Midfielder,39,https://mcscots.com/sports/mens-soccer/roster,Senior
Maryville (TN),2025-26,D3,85%,8,Ben Slay,Forward,2,https://mcscots.com/sports/mens-soccer/roster,Senior
Maryville (TN),2025-26,D3,85%,8,Hyatt MacDonald,Midfielder,,https://mcscots.com/sports/mens-soccer/roster,Senior
Maryville (TN),2025-26,D3,85%,8,Jacob Brabson,Defender,732,https://mcscots.com/sports/mens-soccer/roster,Senior
Maryville (TN),2025-26,D3,85%,8,Drew Moore,Defender,526,https://mcscots.com/sports/mens-soccer/roster,Senior
Marywood,2025-26,D3,85%,1,Jason Tordy,Forward,,https://marywoodpacers.com/sports/mens-soccer/roster,Senior
Massachusetts College of Liberal Arts,2025-26,D3,85%,3,Jacob Malburg,Forward,,https://athletics.mcla.edu/sports/msoc/2025-26/roster,Senior
Massachusetts College of Liberal Arts,2025-26,D3,85%,3,Marcos Lopez,Midfielder,,https://athletics.mcla.edu/sports/msoc/2025-26/roster,Senior
Massachusetts College of Liberal Arts,2025-26,D3,85%,3,Michael Harris,Goalkeeper,,https://athletics.mcla.edu/sports/msoc/2025-26/roster,Senior
Massachusetts Maritime,2025-26,D3,85%,3,Luke Twomey,Forward,,https://mmabucs.com/sports/msoc/2025-26/roster,Senior
Massachusetts Maritime,2025-26,D3,85%,3,PJ Cullivan,Defender,,https://mmabucs.com/sports/msoc/2025-26/roster,Senior
Massachusetts Maritime,2025-26,D3,85%,3,Harry Cooley,Midfielder,,https://mmabucs.com/sports/msoc/2025-26/roster,Senior
McDaniel,2025-26,D3,85%,6,Noah Rodriguez,Defense/Midfield,1578,https://mcdanielathletics.com/sports/mens-soccer/roster,Senior
McDaniel,2025-26,D3,85%,6,Conor O'Brien,Forward,541,https://mcdanielathletics.com/sports/mens-soccer/roster,Senior
McDaniel,2025-26,D3,85%,6,Carver Neary,Midfielder,1538,https://mcdanielathletics.com/sports/mens-soccer/roster,Senior
McDaniel,2025-26,D3,85%,6,Jake Kegley,Midfielder,1537,https://mcdanielathletics.com/sports/mens-soccer/roster,Senior
McDaniel,2025-26,D3,85%,6,Conor Najera,Midfielder,834,https://mcdanielathletics.com/sports/mens-soccer/roster,Senior
McDaniel,2025-26,D3,85%,6,Chase Osborn,Defender,1573,https://mcdanielathletics.com/sports/mens-soccer/roster,Senior
McMurry,2025-26,D3,0%,0,,,,https://mcmurrysports.com/sports/mens-soccer/roster,No graduating players found (sidearm)
Messiah,2025-26,D3,85%,6,Ethan Gregory,Midfielder,778,https://gomessiah.com/sports/mens-soccer/roster,Senior
Messiah,2025-26,D3,85%,6,Isaac Schmitke,Midfielder,764,https://gomessiah.com/sports/mens-soccer/roster,Senior
Messiah,2025-26,D3,85%,6,Patrick Lee,Forward,1460,https://gomessiah.com/sports/mens-soccer/roster,Senior
Messiah,2025-26,D3,85%,6,Harrison Keator,Defender,,https://gomessiah.com/sports/mens-soccer/roster,Senior
Messiah,2025-26,D3,85%,6,Jordan Gilman,Defender,567,https://gomessiah.com/sports/mens-soccer/roster,Senior
Messiah,2025-26,D3,85%,6,Davis Pagett,Midfielder,1511,https://gomessiah.com/sports/mens-soccer/roster,Senior
Methodist,2025-26,D3,85%,5,Matthew Walker,Goalkeeper,210,https://mumonarchs.com/sports/mens-soccer/roster,Senior
Methodist,2025-26,D3,85%,5,Harrison Broome,Midfielder,115,https://mumonarchs.com/sports/mens-soccer/roster,Senior
Methodist,2025-26,D3,85%,5,Sean Laney,Forward,54,https://mumonarchs.com/sports/mens-soccer/roster,Senior
Methodist,2025-26,D3,85%,5,Matthew Manzano,Midfielder,1516,https://mumonarchs.com/sports/mens-soccer/roster,Senior
Methodist,2025-26,D3,85%,5,Kaleb Thomas,Defender,763,https://mumonarchs.com/sports/mens-soccer/roster,Senior
Middlebury,2025-26,D3,85%,6,Joey Waterman,Goalkeeper,1323,https://athletics.middlebury.edu/sports/mens-soccer/roster,Senior
Middlebury,2025-26,D3,85%,6,Eduardo Casanova,Midfielder,1002,https://athletics.middlebury.edu/sports/mens-soccer/roster,Senior
Middlebury,2025-26,D3,85%,6,Alem Muris Hadzic,Forward,77,https://athletics.middlebury.edu/sports/mens-soccer/roster,Senior
Middlebury,2025-26,D3,85%,6,Daniel Kaye,Forward,130,https://athletics.middlebury.edu/sports/mens-soccer/roster,Senior
Middlebury,2025-26,D3,85%,6,Tyler Milne,Defender,5,https://athletics.middlebury.edu/sports/mens-soccer/roster,Senior
Middlebury,2025-26,D3,85%,6,Gavin Randolph,M/F,1132,https://athletics.middlebury.edu/sports/mens-soccer/roster,Senior
Millikin,2025-26,D3,85%,7,Olav Kaldahl,Forward,999,https://athletics.millikin.edu/sports/mens-soccer/roster,Senior
Millikin,2025-26,D3,85%,7,Nico Mosca,Defender,718,https://athletics.millikin.edu/sports/mens-soccer/roster,Senior
Millikin,2025-26,D3,85%,7,Javan Grooms,Defender,1352,https://athletics.millikin.edu/sports/mens-soccer/roster,Senior
Millikin,2025-26,D3,85%,7,Kyle Borcherding,Forward,391,https://athletics.millikin.edu/sports/mens-soccer/roster,Senior
Millikin,2025-26,D3,85%,7,Alex Kannow,Midfielder,36,https://athletics.millikin.edu/sports/mens-soccer/roster,Senior
Millikin,2025-26,D3,85%,7,Bryce Davis,Forward,1145,https://athletics.millikin.edu/sports/mens-soccer/roster,Senior
Millikin,2025-26,D3,85%,7,Aaron Zoellner,Goalkeeper,12,https://athletics.millikin.edu/sports/mens-soccer/roster,Senior
Millsaps,2025-26,D3,85%,6,Gavin Pocasangre,Goalkeeper,,https://gomajors.com/sports/mens-soccer/roster,Senior
Millsaps,2025-26,D3,85%,6,Braden Walters,Midfielder,1127,https://gomajors.com/sports/mens-soccer/roster,Senior
Millsaps,2025-26,D3,85%,6,Ethan Pratt,Forward,399,https://gomajors.com/sports/mens-soccer/roster,Senior
Millsaps,2025-26,D3,85%,6,Ian  Woodrey,Defender,35,https://gomajors.com/sports/mens-soccer/roster,Senior
Millsaps,2025-26,D3,85%,6,Bryon Shepard,Defender,378,https://gomajors.com/sports/mens-soccer/roster,Senior
Millsaps,2025-26,D3,85%,6,Ryan  Hoover,Midfielder,21,https://gomajors.com/sports/mens-soccer/roster,Senior
Monmouth (IL),2025-26,D3,85%,1,Parker Davis,Midfielder,894,https://monmouthscots.com/sports/mens-soccer/roster,Senior
Montclair State,2025-26,D3,85%,6,Diesel Fiore,Goalkeeper,836,https://montclairathletics.com/sports/mens-soccer/roster,Graduate Student
Montclair State,2025-26,D3,85%,6,Kenet Lopez,Midfielder,1299,https://montclairathletics.com/sports/mens-soccer/roster,Senior
Montclair State,2025-26,D3,85%,6,Danny Tobon,Forward,1108,https://montclairathletics.com/sports/mens-soccer/roster,Senior
Montclair State,2025-26,D3,85%,6,Chris Fontanazza,Midfielder,397,https://montclairathletics.com/sports/mens-soccer/roster,Senior
Montclair State,2025-26,D3,85%,6,Noah Dinnal,Defender,217,https://montclairathletics.com/sports/mens-soccer/roster,Senior
Montclair State,2025-26,D3,85%,6,Jackson Perata,Defender,1585,https://montclairathletics.com/sports/mens-soccer/roster,Senior
Moravian,2025-26,D3,85%,5,Casey Prajzner,Goalkeeper,,https://moraviansports.com/sports/msoc/2025-26/roster,Senior
Moravian,2025-26,D3,85%,5,Aidan Niggeman,Goalkeeper,,https://moraviansports.com/sports/msoc/2025-26/roster,Graduate Student
Moravian,2025-26,D3,85%,5,Matt Benolken,Midfielder,,https://moraviansports.com/sports/msoc/2025-26/roster,Senior
Moravian,2025-26,D3,85%,5,Tyler King,Midfielder,,https://moraviansports.com/sports/msoc/2025-26/roster,Senior
Moravian,2025-26,D3,85%,5,Nathan Bonvallet,Midfielder,,https://moraviansports.com/sports/msoc/2025-26/roster,Senior
Mount St. Joseph,2025-26,D3,85%,5,Eric Slavey,Forward,953,https://msjlions.com/sports/mens-soccer/roster,Senior
Mount St. Joseph,2025-26,D3,85%,5,Derek Rolfes,Midfielder,863,https://msjlions.com/sports/mens-soccer/roster,Senior
Mount St. Joseph,2025-26,D3,85%,5,Presley Boyle,Midfielder,1054,https://msjlions.com/sports/mens-soccer/roster,Senior
Mount St. Joseph,2025-26,D3,85%,5,JT Roden,Forward,,https://msjlions.com/sports/mens-soccer/roster,Senior
Mount St. Joseph,2025-26,D3,85%,5,Lawrence White,Forward,,https://msjlions.com/sports/mens-soccer/roster,Senior
Mount Union,2025-26,D3,85%,10,Jacob Wieland,Goalkeeper,112,https://athletics.mountunion.edu/sports/mens-soccer/roster,Senior
Mount Union,2025-26,D3,85%,10,Aiden Strand-Fox,Forward,1624,https://athletics.mountunion.edu/sports/mens-soccer/roster,Senior
Mount Union,2025-26,D3,85%,10,Fergus DeLeon,Midfielder,14,https://athletics.mountunion.edu/sports/mens-soccer/roster,Senior
Mount Union,2025-26,D3,85%,10,Braedon Kennedy,Midfielder,820,https://athletics.mountunion.edu/sports/mens-soccer/roster,Senior
Mount Union,2025-26,D3,85%,10,Luka Dedic,Midfielder,164,https://athletics.mountunion.edu/sports/mens-soccer/roster,Senior
Mount Union,2025-26,D3,85%,10,Reese Utter,Midfielder,1457,https://athletics.mountunion.edu/sports/mens-soccer/roster,Senior
Mount Union,2025-26,D3,85%,10,Zander Plizga,Midfielder,1487,https://athletics.mountunion.edu/sports/mens-soccer/roster,Senior
Mount Union,2025-26,D3,85%,10,Nyiles  Spann,Forward,565,https://athletics.mountunion.edu/sports/mens-soccer/roster,Senior
Mount Union,2025-26,D3,85%,10,Kaden Kocin,Defender,457,https://athletics.mountunion.edu/sports/mens-soccer/roster,Senior
Mount Union,2025-26,D3,85%,10,AJ Jaber,Defender,1691,https://athletics.mountunion.edu/sports/mens-soccer/roster,Senior
Muhlenberg,2025-26,D3,85%,8,Ben Mulford,Goalkeeper,1613,https://muhlenbergsports.com/sports/mens-soccer/roster,Senior
Muhlenberg,2025-26,D3,85%,8,Trevor Mikuta,Defender,1596,https://muhlenbergsports.com/sports/mens-soccer/roster,Senior
Muhlenberg,2025-26,D3,85%,8,Sim Dorsey,Forward,834,https://muhlenbergsports.com/sports/mens-soccer/roster,Senior
Muhlenberg,2025-26,D3,85%,8,Sebastian Tis,Midfielder,944,https://muhlenbergsports.com/sports/mens-soccer/roster,Senior
Muhlenberg,2025-26,D3,85%,8,Elie Khalil,Midfielder,1208,https://muhlenbergsports.com/sports/mens-soccer/roster,Senior
Muhlenberg,2025-26,D3,85%,8,Omar Lopez,Midfielder,876,https://muhlenbergsports.com/sports/mens-soccer/roster,Senior
Muhlenberg,2025-26,D3,85%,8,Jack Scuro,Defender,1466,https://muhlenbergsports.com/sports/mens-soccer/roster,Senior
Muhlenberg,2025-26,D3,85%,8,Taye Edwards,Goalkeeper,195,https://muhlenbergsports.com/sports/mens-soccer/roster,Senior
Muskingum,2025-26,D3,85%,5,Keaton Taylor,M/F,,https://www.fightingmuskies.com/sports/msoc/2025-26/roster,Senior
Muskingum,2025-26,D3,85%,5,Colton Cunningham,Forward,,https://www.fightingmuskies.com/sports/msoc/2025-26/roster,Senior
Muskingum,2025-26,D3,85%,5,Morgan McKenna,M/F,,https://www.fightingmuskies.com/sports/msoc/2025-26/roster,Senior
Muskingum,2025-26,D3,85%,5,Jacob Gulu,M/F,,https://www.fightingmuskies.com/sports/msoc/2025-26/roster,Senior
Muskingum,2025-26,D3,85%,5,Evan Laraba,Forward,,https://www.fightingmuskies.com/sports/msoc/2025-26/roster,Senior
Nazareth,2025-26,D3,85%,6,Mahmoud Radwan,Goalkeeper,16,https://nazathletics.com/sports/mens-soccer/roster,Senior
Nazareth,2025-26,D3,85%,6,Sam Romanosky,Defender,,https://nazathletics.com/sports/mens-soccer/roster,Senior
Nazareth,2025-26,D3,85%,6,Robert  Weitzman,Midfielder,,https://nazathletics.com/sports/mens-soccer/roster,Senior
Nazareth,2025-26,D3,85%,6,Quentin Herrmann,Defender,,https://nazathletics.com/sports/mens-soccer/roster,Senior
Nazareth,2025-26,D3,85%,6,Gibson Spector,Forward,,https://nazathletics.com/sports/mens-soccer/roster,Senior
Nazareth,2025-26,D3,85%,6,Owen Hughes,Midfielder,,https://nazathletics.com/sports/mens-soccer/roster,Senior
New England,2025-26,D3,85%,7,Matt Spruill,Defender,955,https://wnegoldenbears.com/sports/mens-soccer/roster,Senior
New England,2025-26,D3,85%,7,Jonathan Xavier,Defender,122,https://wnegoldenbears.com/sports/mens-soccer/roster,Senior
New England,2025-26,D3,85%,7,Jayden Montagna,Midfielder,1317,https://wnegoldenbears.com/sports/mens-soccer/roster,Senior
New England,2025-26,D3,85%,7,Shay O'Neill,Midfielder,1480,https://wnegoldenbears.com/sports/mens-soccer/roster,Senior
New England,2025-26,D3,85%,7,Jack Leland,Defender,1712,https://wnegoldenbears.com/sports/mens-soccer/roster,Senior
New England,2025-26,D3,85%,7,Andrew Macca,Defender,102,https://wnegoldenbears.com/sports/mens-soccer/roster,Senior
New England,2025-26,D3,85%,7,Josh Gstell,Defender,122,https://wnegoldenbears.com/sports/mens-soccer/roster,Senior
New England College,2025-26,D3,85%,6,Patrick Tewksbury,Central Midfielder,1310,https://athletics.nec.edu/sports/mens-soccer/roster,Senior
New England College,2025-26,D3,85%,6,Anthony Aguiar,Midfielder,317,https://athletics.nec.edu/sports/mens-soccer/roster,Senior
New England College,2025-26,D3,85%,6,Noel Huliselan,Forward,876,https://athletics.nec.edu/sports/mens-soccer/roster,Senior
New England College,2025-26,D3,85%,6,Anthony Ruggiero,Forward,331,https://athletics.nec.edu/sports/mens-soccer/roster,Senior
New England College,2025-26,D3,85%,6,Wyatt Flibbert,Midfielder,1339,https://athletics.nec.edu/sports/mens-soccer/roster,Senior
New England College,2025-26,D3,85%,6,Anthony Galdi,Defender,1344,https://athletics.nec.edu/sports/mens-soccer/roster,Senior
New Jersey City,2025-26,D3,0%,0,,,,https://tcnjathletics.com/sports/mens-soccer/roster,No graduating players found (sidearm)
New York University,2025-26,D3,85%,6,Felix Dyckerhoff,Defender,,https://gonyuathletics.com/sports/msoc/roster,Senior
New York University,2025-26,D3,85%,6,Felipe Remon,Defender,,https://gonyuathletics.com/sports/msoc/roster,Senior
New York University,2025-26,D3,85%,6,Terra Nagai,Midfielder,,https://gonyuathletics.com/sports/msoc/roster,Senior
New York University,2025-26,D3,85%,6,Connor Koschineg,Defender,,https://gonyuathletics.com/sports/msoc/roster,Graduate Student
New York University,2025-26,D3,85%,6,Ethan Zarka,Forward,,https://gonyuathletics.com/sports/msoc/roster,Graduate Student
New York University,2025-26,D3,85%,6,Giulio Potenti,Forward,,https://gonyuathletics.com/sports/msoc/roster,Graduate Student
Nichols,2025-26,D3,85%,5,William Pugliese-Savage,Forward,837,https://nicholsathletics.com/sports/mens-soccer/roster,Graduate Student
Nichols,2025-26,D3,85%,5,Carl Headges-Small,Midfielder,1142,https://nicholsathletics.com/sports/mens-soccer/roster,Senior
Nichols,2025-26,D3,85%,5,Mick Tarozzi,Midfielder,518,https://nicholsathletics.com/sports/mens-soccer/roster,Senior
Nichols,2025-26,D3,85%,5,Cody Porter,Defender,127,https://nicholsathletics.com/sports/mens-soccer/roster,Senior
Nichols,2025-26,D3,85%,5,Derek Axon,Goalkeeper,1035,https://nicholsathletics.com/sports/mens-soccer/roster,Senior
North Carolina Wesleyan,2025-26,D3,85%,6,Facundo  Boismoreau,Goalkeeper,202,https://ncwsports.com/sports/mens-soccer/roster,Senior
North Carolina Wesleyan,2025-26,D3,85%,6,Adrian Racedo Perdomo,LWB,34,https://ncwsports.com/sports/mens-soccer/roster,Senior
North Carolina Wesleyan,2025-26,D3,85%,6,Jonathan Donan-Cordon,Midfielder,,https://ncwsports.com/sports/mens-soccer/roster,Senior
North Carolina Wesleyan,2025-26,D3,85%,6,Nicolas Sautua,Midfielder,998,https://ncwsports.com/sports/mens-soccer/roster,Senior
North Carolina Wesleyan,2025-26,D3,85%,6,Matias De Miguel,Midfielder,,https://ncwsports.com/sports/mens-soccer/roster,Senior
North Carolina Wesleyan,2025-26,D3,85%,6,Israel Monsanto,Forward,873,https://ncwsports.com/sports/mens-soccer/roster,Senior
North Central (IL),2025-26,D3,85%,6,Trysten Vasquez,Defender,1276,https://athletics.central.edu/sports/mens-soccer/roster,Senior
North Central (IL),2025-26,D3,85%,6,Spencer Taylor,Defender,1301,https://athletics.central.edu/sports/mens-soccer/roster,Senior
North Central (IL),2025-26,D3,85%,6,Alejo Marcon,Defender,1592,https://athletics.central.edu/sports/mens-soccer/roster,Senior
North Central (IL),2025-26,D3,85%,6,Ryan Anhalt,Midfielder,14,https://athletics.central.edu/sports/mens-soccer/roster,Senior
North Central (IL),2025-26,D3,85%,6,Derek Beiner,Forward,191,https://athletics.central.edu/sports/mens-soccer/roster,Senior
North Central (IL),2025-26,D3,85%,6,Breyton Schwenker,Goalkeeper,,https://athletics.central.edu/sports/mens-soccer/roster,Senior
North Park,2025-26,D3,85%,10,Glen McGowean,Midfielder,8,https://athletics.northpark.edu/sports/mens-soccer/roster,Senior
North Park,2025-26,D3,85%,10,Leon Ottesen,Midfielder,70,https://athletics.northpark.edu/sports/mens-soccer/roster,Senior
North Park,2025-26,D3,85%,10,Christian Vaaland,Defender,1249,https://athletics.northpark.edu/sports/mens-soccer/roster,Graduate Student
North Park,2025-26,D3,85%,10,Benhur Kidane,Midfielder,60,https://athletics.northpark.edu/sports/mens-soccer/roster,Senior
North Park,2025-26,D3,85%,10,Hugo Neborg,Defender,1200,https://athletics.northpark.edu/sports/mens-soccer/roster,Senior
North Park,2025-26,D3,85%,10,Gio Resendez,Midfielder,94,https://athletics.northpark.edu/sports/mens-soccer/roster,Senior
North Park,2025-26,D3,85%,10,Adam Hamad,Forward,400,https://athletics.northpark.edu/sports/mens-soccer/roster,Senior
North Park,2025-26,D3,85%,10,Vidar Rydell,Midfielder,1389,https://athletics.northpark.edu/sports/mens-soccer/roster,Senior
North Park,2025-26,D3,85%,10,Angel Arismendiz,Forward / Midfielder,563,https://athletics.northpark.edu/sports/mens-soccer/roster,Senior
North Park,2025-26,D3,85%,10,Daniel Mejia,Midfielder,,https://athletics.northpark.edu/sports/mens-soccer/roster,Senior
Oberlin,2025-26,D3,85%,5,Vince Fortuna,Center Midfield,405,https://goyeo.com/sports/mens-soccer/roster,Senior
Oberlin,2025-26,D3,85%,5,Leo Pelizzari-Astle,Midfielder,1367,https://goyeo.com/sports/mens-soccer/roster,Senior
Oberlin,2025-26,D3,85%,5,Enrique Porras Jr.,Forward,870,https://goyeo.com/sports/mens-soccer/roster,Senior
Oberlin,2025-26,D3,85%,5,Jack Kaplan,Defender,667,https://goyeo.com/sports/mens-soccer/roster,Senior
Oberlin,2025-26,D3,85%,5,Michael Dolton,Defender,1276,https://goyeo.com/sports/mens-soccer/roster,Senior
Oglethorpe,2025-26,D3,85%,6,Anthony Rouse,Midfielder,1089,https://gopetrels.com/sports/mens-soccer/roster,Graduate Student
Oglethorpe,2025-26,D3,85%,6,Lashawn Brown,Midfielder,601,https://gopetrels.com/sports/mens-soccer/roster,Senior
Oglethorpe,2025-26,D3,85%,6,Daniel Gardner,Midfielder,936,https://gopetrels.com/sports/mens-soccer/roster,Senior
Oglethorpe,2025-26,D3,85%,6,Alex Tapia,Defender,748,https://gopetrels.com/sports/mens-soccer/roster,Graduate Student
Oglethorpe,2025-26,D3,85%,6,Owen VanMarter,Defender,610,https://gopetrels.com/sports/mens-soccer/roster,Senior
Oglethorpe,2025-26,D3,85%,6,Andreas Tate,Goalkeeper,13,https://gopetrels.com/sports/mens-soccer/roster,Senior
Ohio Northern,2025-26,D3,85%,9,Joe Roberts,Defender,,https://www.onusports.com/sports/msoc/2025-26/roster,Senior
Ohio Northern,2025-26,D3,85%,9,Tanner Locke,Defender,,https://www.onusports.com/sports/msoc/2025-26/roster,Sr.-5
Ohio Northern,2025-26,D3,85%,9,Jake Davis,Defender,,https://www.onusports.com/sports/msoc/2025-26/roster,Senior
Ohio Northern,2025-26,D3,85%,9,Gage Foster,Midfielder,,https://www.onusports.com/sports/msoc/2025-26/roster,Senior
Ohio Northern,2025-26,D3,85%,9,Quinn Berry,Defender,,https://www.onusports.com/sports/msoc/2025-26/roster,Senior
Ohio Northern,2025-26,D3,85%,9,Blake Engle,Defender,,https://www.onusports.com/sports/msoc/2025-26/roster,Senior
Ohio Northern,2025-26,D3,85%,9,Grant Israel,Midfielder,,https://www.onusports.com/sports/msoc/2025-26/roster,Senior
Ohio Northern,2025-26,D3,85%,9,Chase Lorenzen,Defender,,https://www.onusports.com/sports/msoc/2025-26/roster,Senior
Ohio Northern,2025-26,D3,85%,9,Alex Shaffer,Midfielder,,https://www.onusports.com/sports/msoc/2025-26/roster,Senior
Ohio Wesleyan,2025-26,D3,85%,9,Sam Whitman,Goalkeeper,1566,https://battlingbishops.com/sports/mens-soccer/roster,Senior
Ohio Wesleyan,2025-26,D3,85%,9,Tristan Ruiz de Somocurcio,Midfielder-Forward,,https://battlingbishops.com/sports/mens-soccer/roster,Senior
Ohio Wesleyan,2025-26,D3,85%,9,Mitchell Cosler,Midfielder,,https://battlingbishops.com/sports/mens-soccer/roster,Senior
Ohio Wesleyan,2025-26,D3,85%,9,Gabe O’Reilly,Defender,,https://battlingbishops.com/sports/mens-soccer/roster,Senior
Ohio Wesleyan,2025-26,D3,85%,9,Rowan Kriebel,Forward,,https://battlingbishops.com/sports/mens-soccer/roster,Senior
Ohio Wesleyan,2025-26,D3,85%,9,Aiden Wightman,Forward,,https://battlingbishops.com/sports/mens-soccer/roster,Senior
Ohio Wesleyan,2025-26,D3,85%,9,Ryan Betts,Midfielder,,https://battlingbishops.com/sports/mens-soccer/roster,Senior
Ohio Wesleyan,2025-26,D3,85%,9,Mathias Koo,Midfielder,,https://battlingbishops.com/sports/mens-soccer/roster,Senior
Ohio Wesleyan,2025-26,D3,85%,9,Jake Lash,Forward,,https://battlingbishops.com/sports/mens-soccer/roster,Senior
Olivet,2025-26,D3,85%,14,Logan Rice,Defender,,https://www.olivetcomets.com/sports/msoc/2025-26/roster,Senior
Olivet,2025-26,D3,85%,14,Jaden Cantu,Defender,,https://www.olivetcomets.com/sports/msoc/2025-26/roster,Senior
Olivet,2025-26,D3,85%,14,Noah Herring,Defender,,https://www.olivetcomets.com/sports/msoc/2025-26/roster,Senior
Olivet,2025-26,D3,85%,14,Aidan Reynolds,Midfielder,,https://www.olivetcomets.com/sports/msoc/2025-26/roster,Senior
Olivet,2025-26,D3,85%,14,Kyle Buchan,Midfielder,,https://www.olivetcomets.com/sports/msoc/2025-26/roster,Senior
Olivet,2025-26,D3,85%,14,Ethan Collins,Defender,,https://www.olivetcomets.com/sports/msoc/2025-26/roster,Senior
Olivet,2025-26,D3,85%,14,Braden Abbott,Forward,,https://www.olivetcomets.com/sports/msoc/2025-26/roster,Senior
Olivet,2025-26,D3,85%,14,William Myrick,Midfielder,,https://www.olivetcomets.com/sports/msoc/2025-26/roster,Senior
Olivet,2025-26,D3,85%,14,Tyler Brooks,Defender,,https://www.olivetcomets.com/sports/msoc/2025-26/roster,Senior
Olivet,2025-26,D3,85%,14,Nolan McCrillis,Defender,,https://www.olivetcomets.com/sports/msoc/2025-26/roster,Senior
Olivet,2025-26,D3,85%,14,Carter Scheel,Defender,,https://www.olivetcomets.com/sports/msoc/2025-26/roster,Senior
Olivet,2025-26,D3,85%,14,Joshua Maes,Defender,,https://www.olivetcomets.com/sports/msoc/2025-26/roster,Senior
Olivet,2025-26,D3,85%,14,Andrew Simmons,Defender,,https://www.olivetcomets.com/sports/msoc/2025-26/roster,Senior
Olivet,2025-26,D3,85%,14,Ryan Ganger,Defender,,https://www.olivetcomets.com/sports/msoc/2025-26/roster,Senior
Otterbein,2025-26,D3,85%,8,Nate Erre,Defender,,https://otterbeincardinals.com/sports/mens-soccer/roster,Graduate Student
Otterbein,2025-26,D3,85%,8,Colm Oneacre,Midfielder,,https://otterbeincardinals.com/sports/mens-soccer/roster,Senior
Otterbein,2025-26,D3,85%,8,Nick Isaac,Forward,,https://otterbeincardinals.com/sports/mens-soccer/roster,Senior
Otterbein,2025-26,D3,85%,8,Jacob Irani,Defender,,https://otterbeincardinals.com/sports/mens-soccer/roster,Senior
Otterbein,2025-26,D3,85%,8,Drew Boettcher,Midfielder,,https://otterbeincardinals.com/sports/mens-soccer/roster,Senior
Otterbein,2025-26,D3,85%,8,Michael Wynn,Defender,,https://otterbeincardinals.com/sports/mens-soccer/roster,Senior
Otterbein,2025-26,D3,85%,8,Kasdin Hale,Forward,,https://otterbeincardinals.com/sports/mens-soccer/roster,Senior
Otterbein,2025-26,D3,85%,8,Patrick Ahrens,Defender,,https://otterbeincardinals.com/sports/mens-soccer/roster,Senior
Pacific Lutheran,2025-26,D3,85%,9,Chris Jamrok,Goalkeeper,206,https://golutes.com/sports/mens-soccer/roster,Senior
Pacific Lutheran,2025-26,D3,85%,9,Hiro Nagahama-Sequera,M/D,3,https://golutes.com/sports/mens-soccer/roster,Senior
Pacific Lutheran,2025-26,D3,85%,9,Mattias Anderson,Defender,794,https://golutes.com/sports/mens-soccer/roster,Senior
Pacific Lutheran,2025-26,D3,85%,9,Quinn Bieber,Midfielder,297,https://golutes.com/sports/mens-soccer/roster,Senior
Pacific Lutheran,2025-26,D3,85%,9,Logan Krum,Forward,281,https://golutes.com/sports/mens-soccer/roster,Senior
Pacific Lutheran,2025-26,D3,85%,9,Andrei Cruz-Gonzalez,M/F,4,https://golutes.com/sports/mens-soccer/roster,Senior
Pacific Lutheran,2025-26,D3,85%,9,Caleb Gienger,M/F,67,https://golutes.com/sports/mens-soccer/roster,Senior
Pacific Lutheran,2025-26,D3,85%,9,Alex Coope,M/F,1643,https://golutes.com/sports/mens-soccer/roster,Senior
Pacific Lutheran,2025-26,D3,85%,9,Daniele Meloni,Forward,89,https://golutes.com/sports/mens-soccer/roster,Senior
Penn State Behrend,2025-26,D3,85%,6,Cole Thomas,Midfielder,,https://www.psblions.com/sports/msoc/2025-26/roster,Senior
Penn State Behrend,2025-26,D3,85%,6,Reilly Nickles,D/M,,https://www.psblions.com/sports/msoc/2025-26/roster,Senior
Penn State Behrend,2025-26,D3,85%,6,Dominic DelleCurti,Defender,,https://www.psblions.com/sports/msoc/2025-26/roster,Senior
Penn State Behrend,2025-26,D3,85%,6,Brock Kiefer,Defender,,https://www.psblions.com/sports/msoc/2025-26/roster,Senior
Penn State Behrend,2025-26,D3,85%,6,Mason Le,Forward,,https://www.psblions.com/sports/msoc/2025-26/roster,Senior
Penn State Behrend,2025-26,D3,85%,6,Jac Caputo,Midfielder,,https://www.psblions.com/sports/msoc/2025-26/roster,Senior
Penn State Harrisburg,2025-26,D3,85%,8,Ethan Smith,Goalkeeper,753,https://psuharrisburgsports.com/sports/mens-soccer/roster,Graduate Student
Penn State Harrisburg,2025-26,D3,85%,8,Colin O'Hara,Forward,1026,https://psuharrisburgsports.com/sports/mens-soccer/roster,Senior
Penn State Harrisburg,2025-26,D3,85%,8,Kristopher Lage,Midfielder,973,https://psuharrisburgsports.com/sports/mens-soccer/roster,Senior
Penn State Harrisburg,2025-26,D3,85%,8,Addis Tafese,Forward,541,https://psuharrisburgsports.com/sports/mens-soccer/roster,Senior
Penn State Harrisburg,2025-26,D3,85%,8,Alden Reeves,Defender,435,https://psuharrisburgsports.com/sports/mens-soccer/roster,Senior
Penn State Harrisburg,2025-26,D3,85%,8,Pat Rocha,Defender,290,https://psuharrisburgsports.com/sports/mens-soccer/roster,Senior
Penn State Harrisburg,2025-26,D3,85%,8,Brandon Axton,Forward,661,https://psuharrisburgsports.com/sports/mens-soccer/roster,Graduate Student
Penn State Harrisburg,2025-26,D3,85%,8,Tai Bhalla,Midfielder,369,https://psuharrisburgsports.com/sports/mens-soccer/roster,Senior
Plattsburgh State,2025-26,D3,85%,7,Colter Cheney-Seymour,Defender,486,https://gocardinalsports.com/sports/mens-soccer/roster,Senior
Plattsburgh State,2025-26,D3,85%,7,Justin Siegel,Defender,322,https://gocardinalsports.com/sports/mens-soccer/roster,Senior
Plattsburgh State,2025-26,D3,85%,7,Mariano Marra,Midfielder,164,https://gocardinalsports.com/sports/mens-soccer/roster,Senior
Plattsburgh State,2025-26,D3,85%,7,Danny Perry,Defender,1387,https://gocardinalsports.com/sports/mens-soccer/roster,Senior
Plattsburgh State,2025-26,D3,85%,7,Santiago Vargas,Midfielder,1249,https://gocardinalsports.com/sports/mens-soccer/roster,Senior
Plattsburgh State,2025-26,D3,85%,7,Randall Ashong,Defender,1383,https://gocardinalsports.com/sports/mens-soccer/roster,Senior
Plattsburgh State,2025-26,D3,85%,7,Tony Kochelev,Defender,750,https://gocardinalsports.com/sports/mens-soccer/roster,Senior
Plymouth State,2025-26,D3,85%,8,Scott Danroth,Goalkeeper,295,https://athletics.plymouth.edu/sports/mens-soccer/roster,Senior
Plymouth State,2025-26,D3,85%,8,Nils Skogestig,Defender,1322,https://athletics.plymouth.edu/sports/mens-soccer/roster,Senior
Plymouth State,2025-26,D3,85%,8,Koffi Kadjo,Defender,1454,https://athletics.plymouth.edu/sports/mens-soccer/roster,Senior
Plymouth State,2025-26,D3,85%,8,Lucas McCarthy,Midfielder,217,https://athletics.plymouth.edu/sports/mens-soccer/roster,Senior
Plymouth State,2025-26,D3,85%,8,Griffin Gamache,Defender,787,https://athletics.plymouth.edu/sports/mens-soccer/roster,Senior
Plymouth State,2025-26,D3,85%,8,Will Haney,Defender,422,https://athletics.plymouth.edu/sports/mens-soccer/roster,Senior
Plymouth State,2025-26,D3,85%,8,Massimo Korcsog,Defender,1403,https://athletics.plymouth.edu/sports/mens-soccer/roster,Senior
Plymouth State,2025-26,D3,85%,8,Hunter Holland,Defender,1160,https://athletics.plymouth.edu/sports/mens-soccer/roster,Senior
Pomona-Pitzer,2025-26,D3,85%,8,Will Brooks,Goalkeeper,178,https://sagehens.com/sports/mens-soccer/roster,Senior
Pomona-Pitzer,2025-26,D3,85%,8,Jasper Broad,Goalkeeper,1399,https://sagehens.com/sports/mens-soccer/roster,Senior
Pomona-Pitzer,2025-26,D3,85%,8,Chris Chow,Defender,1589,https://sagehens.com/sports/mens-soccer/roster,Senior
Pomona-Pitzer,2025-26,D3,85%,8,Niclas Ulrich,Defender,1620,https://sagehens.com/sports/mens-soccer/roster,Senior
Pomona-Pitzer,2025-26,D3,85%,8,Alex Greenstein,Forward,564,https://sagehens.com/sports/mens-soccer/roster,Senior
Pomona-Pitzer,2025-26,D3,85%,8,Colin Eugster,Defender,256,https://sagehens.com/sports/mens-soccer/roster,Senior
Pomona-Pitzer,2025-26,D3,85%,8,Erick Estrada,Defender,11,https://sagehens.com/sports/mens-soccer/roster,Senior
Pomona-Pitzer,2025-26,D3,85%,8,Gabriel Stevens,Goalkeeper,11,https://sagehens.com/sports/mens-soccer/roster,Senior
Puget Sound,2025-26,D3,85%,5,Noah Fiske,Defender,9,https://loggerathletics.com/sports/mens-soccer/roster,Senior
Puget Sound,2025-26,D3,85%,5,Etienne Polak,Defender,391,https://loggerathletics.com/sports/mens-soccer/roster,Senior
Puget Sound,2025-26,D3,85%,5,Kody Carmel,Defender,1676,https://loggerathletics.com/sports/mens-soccer/roster,Senior
Puget Sound,2025-26,D3,85%,5,Connor Barnes,Defender,1685,https://loggerathletics.com/sports/mens-soccer/roster,Senior
Puget Sound,2025-26,D3,85%,5,Miguel Angel Davila,Defender,,https://loggerathletics.com/sports/mens-soccer/roster,Senior
Randolph-Macon,2025-26,D3,85%,8,Wiley Eubank,Defender,1577,https://rmcathletics.com/sports/mens-soccer/roster,Senior
Randolph-Macon,2025-26,D3,85%,8,Grant Counts,Defender,1057,https://rmcathletics.com/sports/mens-soccer/roster,Senior
Randolph-Macon,2025-26,D3,85%,8,Bryce Kuberek,Midfielder,1492,https://rmcathletics.com/sports/mens-soccer/roster,Senior
Randolph-Macon,2025-26,D3,85%,8,Zach Richards,Forward,1262,https://rmcathletics.com/sports/mens-soccer/roster,Senior
Randolph-Macon,2025-26,D3,85%,8,Ethan Eshelman,Defender,14,https://rmcathletics.com/sports/mens-soccer/roster,Senior
Randolph-Macon,2025-26,D3,85%,8,Grayson Woods,Midfielder,1161,https://rmcathletics.com/sports/mens-soccer/roster,Senior
Randolph-Macon,2025-26,D3,85%,8,Kevin Sprince,Defender,922,https://rmcathletics.com/sports/mens-soccer/roster,Senior
Randolph-Macon,2025-26,D3,85%,8,Ian Edwards,Forward,509,https://rmcathletics.com/sports/mens-soccer/roster,Senior
Rensselaer,2025-26,D3,85%,2,Owen Schnur,Midfield/Defense,553,https://rpiathletics.com/sports/mens-soccer/roster,Senior
Rensselaer,2025-26,D3,85%,2,Thomas Corcoran,Forward,580,https://rpiathletics.com/sports/mens-soccer/roster,Senior
Rhode Island College,2025-26,D3,85%,8,Ahrian Vasquez,Defender,1173,http://www.goanchormen.com/sports/mens-soccer/roster,Senior
Rhode Island College,2025-26,D3,85%,8,Benjamin Morales,Defender,415,http://www.goanchormen.com/sports/mens-soccer/roster,Senior
Rhode Island College,2025-26,D3,85%,8,Lucas Duquette,Defender,1665,http://www.goanchormen.com/sports/mens-soccer/roster,Senior
Rhode Island College,2025-26,D3,85%,8,Daniel Grzybacz,Defender,1025,http://www.goanchormen.com/sports/mens-soccer/roster,Senior
Rhode Island College,2025-26,D3,85%,8,Izaiah Karweh,Forward,573,http://www.goanchormen.com/sports/mens-soccer/roster,Senior
Rhode Island College,2025-26,D3,85%,8,Alexander Bautista,Defender,489,http://www.goanchormen.com/sports/mens-soccer/roster,Senior
Rhode Island College,2025-26,D3,85%,8,Aidan Moriarty,Defender,647,http://www.goanchormen.com/sports/mens-soccer/roster,Senior
Rhode Island College,2025-26,D3,85%,8,Jacob Holland,Midfielder,584,http://www.goanchormen.com/sports/mens-soccer/roster,Senior
Rhodes,2025-26,D3,85%,8,Luke Grant,Midfielder,937,https://rhodeslynx.com/sports/mens-soccer/roster,Senior
Rhodes,2025-26,D3,85%,8,Max Sosa,Defender,1254,https://rhodeslynx.com/sports/mens-soccer/roster,Senior
Rhodes,2025-26,D3,85%,8,Ben Novello,Forward,723,https://rhodeslynx.com/sports/mens-soccer/roster,Senior
Rhodes,2025-26,D3,85%,8,Gerardo Favela,Midfielder,277,https://rhodeslynx.com/sports/mens-soccer/roster,Senior
Rhodes,2025-26,D3,85%,8,Pierce Miller,F/D,759,https://rhodeslynx.com/sports/mens-soccer/roster,Senior
Rhodes,2025-26,D3,85%,8,Thomas Richard,Defender,223,https://rhodeslynx.com/sports/mens-soccer/roster,Senior
Rhodes,2025-26,D3,85%,8,Cooper Hudson,Defender,241,https://rhodeslynx.com/sports/mens-soccer/roster,Senior
Rhodes,2025-26,D3,85%,8,Howie Eldridge,M/F,720,https://rhodeslynx.com/sports/mens-soccer/roster,Senior
Ripon,2025-26,D3,85%,6,Finley Manning,Forward,,https://riponredhawks.com/sports/mens-soccer/roster,Senior
Ripon,2025-26,D3,85%,6,Andre Robertson,Forward,,https://riponredhawks.com/sports/mens-soccer/roster,Senior
Ripon,2025-26,D3,85%,6,Matthew Hegge,Midfielder,,https://riponredhawks.com/sports/mens-soccer/roster,Senior
Ripon,2025-26,D3,85%,6,Connor Handrick,Defender,,https://riponredhawks.com/sports/mens-soccer/roster,Senior
Ripon,2025-26,D3,85%,6,Connor Reiner,Defender,,https://riponredhawks.com/sports/mens-soccer/roster,Senior
Ripon,2025-26,D3,85%,6,Austin Stevens,Forward,,https://riponredhawks.com/sports/mens-soccer/roster,Senior
Roanoke,2025-26,D3,85%,10,Adam Shaia,Defender,561,https://roanokemaroons.com/sports/mens-soccer/roster,Senior
Roanoke,2025-26,D3,85%,10,Kyle Butcher,Forward,426,https://roanokemaroons.com/sports/mens-soccer/roster,Senior
Roanoke,2025-26,D3,85%,10,Will Fatzinger,Defender,1439,https://roanokemaroons.com/sports/mens-soccer/roster,Senior
Roanoke,2025-26,D3,85%,10,Keegan Peat,Midfielder,279,https://roanokemaroons.com/sports/mens-soccer/roster,Senior
Roanoke,2025-26,D3,85%,10,Ryan Pidgeon,Midfielder,1258,https://roanokemaroons.com/sports/mens-soccer/roster,Graduate Student
Roanoke,2025-26,D3,85%,10,Carter Laatsch,Midfielder,842,https://roanokemaroons.com/sports/mens-soccer/roster,Senior
Roanoke,2025-26,D3,85%,10,Harrison Kraus,Forward,732,https://roanokemaroons.com/sports/mens-soccer/roster,Graduate Student
Roanoke,2025-26,D3,85%,10,Lucas Pace,Defender,1172,https://roanokemaroons.com/sports/mens-soccer/roster,Senior
Roanoke,2025-26,D3,85%,10,Cameron Viator,Defender,349,https://roanokemaroons.com/sports/mens-soccer/roster,Graduate Student
Roanoke,2025-26,D3,85%,10,Aidan McHugh,Goalkeeper,1254,https://roanokemaroons.com/sports/mens-soccer/roster,Senior
Rochester,2025-26,D3,85%,10,Ben Ziegler,Goalkeeper,1620,https://uofrathletics.com/sports/mens-soccer/roster,Graduate Student
Rochester,2025-26,D3,85%,10,Kol Bassuk,Defender,1149,https://uofrathletics.com/sports/mens-soccer/roster,Senior
Rochester,2025-26,D3,85%,10,Mikey Burke,Defender,1443,https://uofrathletics.com/sports/mens-soccer/roster,Senior
Rochester,2025-26,D3,85%,10,Tyler Moran,Midfielder,1448,https://uofrathletics.com/sports/mens-soccer/roster,Graduate Student
Rochester,2025-26,D3,85%,10,Juan Lucena Fois,Midfielder,98,https://uofrathletics.com/sports/mens-soccer/roster,Senior
Rochester,2025-26,D3,85%,10,Ashton Prescott,Midfielder,988,https://uofrathletics.com/sports/mens-soccer/roster,Senior
Rochester,2025-26,D3,85%,10,EliJose Araujo,Forward,346,https://uofrathletics.com/sports/mens-soccer/roster,Senior
Rochester,2025-26,D3,85%,10,Phillip Davis,Forward,22,https://uofrathletics.com/sports/mens-soccer/roster,Senior
Rochester,2025-26,D3,85%,10,Kamal Ibrahim,Forward,794,https://uofrathletics.com/sports/mens-soccer/roster,Graduate Student
Rochester,2025-26,D3,85%,10,Maciej Nowak,Defender,13,https://uofrathletics.com/sports/mens-soccer/roster,Senior
Rochester Institute of Technology,2025-26,D3,85%,9,Connor Cronin,Goalkeeper,16,https://ritathletics.com/sports/mens-soccer/roster,Senior
Rochester Institute of Technology,2025-26,D3,85%,9,Mauricio Gonzalez,Defender,1169,https://ritathletics.com/sports/mens-soccer/roster,Senior
Rochester Institute of Technology,2025-26,D3,85%,9,Bryce Hoang,Defender,303,https://ritathletics.com/sports/mens-soccer/roster,Senior
Rochester Institute of Technology,2025-26,D3,85%,9,Gabriel Zaninetti,Midfielder,982,https://ritathletics.com/sports/mens-soccer/roster,Senior
Rochester Institute of Technology,2025-26,D3,85%,9,Selorm Dake,Midfielder,1005,https://ritathletics.com/sports/mens-soccer/roster,Senior
Rochester Institute of Technology,2025-26,D3,85%,9,David Brassie,Midfielder,285,https://ritathletics.com/sports/mens-soccer/roster,Senior
Rochester Institute of Technology,2025-26,D3,85%,9,Chris Lee,Midfielder,1122,https://ritathletics.com/sports/mens-soccer/roster,Graduate Student
Rochester Institute of Technology,2025-26,D3,85%,9,Tate Pottle,Midfielder,340,https://ritathletics.com/sports/mens-soccer/roster,Senior
Rochester Institute of Technology,2025-26,D3,85%,9,Krzysztof Antiporowicz,Defender,81,https://ritathletics.com/sports/mens-soccer/roster,Senior
Roger Williams,2025-26,D3,85%,9,Tommy Bowen,Midfielder,,https://rwuhawks.com/sports/mens-soccer/roster,Graduate Student
Roger Williams,2025-26,D3,85%,9,Sebastian Headrick,Midfielder,,https://rwuhawks.com/sports/mens-soccer/roster,Graduate Student
Roger Williams,2025-26,D3,85%,9,Max Patenaude,Midfielder,,https://rwuhawks.com/sports/mens-soccer/roster,Senior
Roger Williams,2025-26,D3,85%,9,Liam Blaisdell,Forward,,https://rwuhawks.com/sports/mens-soccer/roster,Senior
Roger Williams,2025-26,D3,85%,9,Jorge Beltran,Midfielder,,https://rwuhawks.com/sports/mens-soccer/roster,Senior
Roger Williams,2025-26,D3,85%,9,Will Schiffer,Midfielder,,https://rwuhawks.com/sports/mens-soccer/roster,Senior
Roger Williams,2025-26,D3,85%,9,Murphy Malone,Forward,,https://rwuhawks.com/sports/mens-soccer/roster,Senior
Roger Williams,2025-26,D3,85%,9,Liam Jones,Defender,,https://rwuhawks.com/sports/mens-soccer/roster,Senior
Roger Williams,2025-26,D3,85%,9,Liam Farrell,Defender,,https://rwuhawks.com/sports/mens-soccer/roster,Senior
Rose-Hulman,2025-26,D3,85%,7,Andrew Cameron,Defender,133,https://athletics.rose-hulman.edu/sports/mens-soccer/roster,Senior
Rose-Hulman,2025-26,D3,85%,7,Aidan Kriek,Defender,1577,https://athletics.rose-hulman.edu/sports/mens-soccer/roster,Senior
Rose-Hulman,2025-26,D3,85%,7,William Wittich,Defender,333,https://athletics.rose-hulman.edu/sports/mens-soccer/roster,Senior
Rose-Hulman,2025-26,D3,85%,7,Weston Seybold,Forward,594,https://athletics.rose-hulman.edu/sports/mens-soccer/roster,Senior
Rose-Hulman,2025-26,D3,85%,7,Jacob Pohl,Defender,1611,https://athletics.rose-hulman.edu/sports/mens-soccer/roster,Senior
Rose-Hulman,2025-26,D3,85%,7,Wil Bell,Defender,111,https://athletics.rose-hulman.edu/sports/mens-soccer/roster,Senior
Rose-Hulman,2025-26,D3,85%,7,Peter Borger,Defender,1079,https://athletics.rose-hulman.edu/sports/mens-soccer/roster,Senior
Rowan,2025-26,D3,0%,0,,,,https://www.rowan.edu/,No graduating players found (unknown)
Rutgers-Camden,2025-26,D3,85%,10,Jordan Brickner,Goalkeeper,,https://scarletraptors.com/sports/mens-soccer/roster,Senior
Rutgers-Camden,2025-26,D3,85%,10,Tommy Monaghan,Midfielder/Defender,1124,https://scarletraptors.com/sports/mens-soccer/roster,Senior
Rutgers-Camden,2025-26,D3,85%,10,Brandon Valeri,Midfielder,1599,https://scarletraptors.com/sports/mens-soccer/roster,Senior
Rutgers-Camden,2025-26,D3,85%,10,Eric Swen,Forward/Defender,1272,https://scarletraptors.com/sports/mens-soccer/roster,Senior
Rutgers-Camden,2025-26,D3,85%,10,Ethan Steinbiss,Forward,535,https://scarletraptors.com/sports/mens-soccer/roster,Senior
Rutgers-Camden,2025-26,D3,85%,10,Evan Isenbarger,Defender,1098,https://scarletraptors.com/sports/mens-soccer/roster,Senior
Rutgers-Camden,2025-26,D3,85%,10,Joseph Lodise,Midfielder,1118,https://scarletraptors.com/sports/mens-soccer/roster,Senior
Rutgers-Camden,2025-26,D3,85%,10,Jason Garwood,Defender,1082,https://scarletraptors.com/sports/mens-soccer/roster,Senior
Rutgers-Camden,2025-26,D3,85%,10,Jason Stearn,Defender,162,https://scarletraptors.com/sports/mens-soccer/roster,Senior
Rutgers-Camden,2025-26,D3,85%,10,Grant Williams,Forward/Defender,544,https://scarletraptors.com/sports/mens-soccer/roster,Senior
Rutgers-Newark,2025-26,D3,85%,6,Pedro Flores,Goalkeeper,720,https://rutgersnewarkathletics.com/sports/mens-soccer/roster,Senior
Rutgers-Newark,2025-26,D3,85%,6,Gerson Gonzalez-Quevedo,Midfielder,1148,https://rutgersnewarkathletics.com/sports/mens-soccer/roster,Senior
Rutgers-Newark,2025-26,D3,85%,6,Jake Milne,M/F,374,https://rutgersnewarkathletics.com/sports/mens-soccer/roster,Senior
Rutgers-Newark,2025-26,D3,85%,6,Pablo Moreno,Midfielder,1151,https://rutgersnewarkathletics.com/sports/mens-soccer/roster,Senior
Rutgers-Newark,2025-26,D3,85%,6,Esteban Hidalgo,Forward,471,https://rutgersnewarkathletics.com/sports/mens-soccer/roster,Senior
Rutgers-Newark,2025-26,D3,85%,6,Chris Osorio-Rodriguez,M/F,264,https://rutgersnewarkathletics.com/sports/mens-soccer/roster,Senior
SCAD,2025-26,D3,85%,3,Nils Vallotto,Midfielder,1298,https://savannah.scadathletics.com/sports/mens-soccer/roster,Senior
SCAD,2025-26,D3,85%,3,Mario Goic,Forward,1406,https://savannah.scadathletics.com/sports/mens-soccer/roster,Graduate Student
SCAD,2025-26,D3,85%,3,Carlos Sue,Midfielder,,https://savannah.scadathletics.com/sports/mens-soccer/roster,Senior
SUNY Cortland,2025-26,D3,85%,7,Jordan Ott,Goalkeeper,1941,https://www.cortlandreddragons.com/sports/mens-soccer/roster,Senior
SUNY Cortland,2025-26,D3,85%,7,Jairo Ulloa,Midfielder,,https://www.cortlandreddragons.com/sports/mens-soccer/roster,Senior
SUNY Cortland,2025-26,D3,85%,7,Jordan Regis,Forward,,https://www.cortlandreddragons.com/sports/mens-soccer/roster,Senior
SUNY Cortland,2025-26,D3,85%,7,Josh Carroll,Forward,,https://www.cortlandreddragons.com/sports/mens-soccer/roster,Senior
SUNY Cortland,2025-26,D3,85%,7,Scott Schuyler,Midfielder,,https://www.cortlandreddragons.com/sports/mens-soccer/roster,Senior
SUNY Cortland,2025-26,D3,85%,7,Nolan Weik,Midfielder,,https://www.cortlandreddragons.com/sports/mens-soccer/roster,Senior
SUNY Cortland,2025-26,D3,85%,7,Aaron Moretta,Defender,,https://www.cortlandreddragons.com/sports/mens-soccer/roster,Senior
SUNY Geneseo,2025-26,D3,85%,5,Connor Guercia,Midfielder,1579,https://geneseoknights.com/sports/mens-soccer/roster,Senior
SUNY Geneseo,2025-26,D3,85%,5,Eric Famularo,Defender,1018,https://geneseoknights.com/sports/mens-soccer/roster,Senior
SUNY Geneseo,2025-26,D3,85%,5,Dylan Thody,Forward,1600,https://geneseoknights.com/sports/mens-soccer/roster,Senior
SUNY Geneseo,2025-26,D3,85%,5,Kyle Arraiano,Forward,565,https://geneseoknights.com/sports/mens-soccer/roster,Senior
SUNY Geneseo,2025-26,D3,85%,5,Nathan Shin,Defender,616,https://geneseoknights.com/sports/mens-soccer/roster,Senior
SUNY New Paltz,2025-26,D3,85%,8,Cody Baker,Goalkeeper,46,https://nphawks.com/sports/mens-soccer/roster,Senior
SUNY New Paltz,2025-26,D3,85%,8,Zack Beach,Defender,479,https://nphawks.com/sports/mens-soccer/roster,Senior
SUNY New Paltz,2025-26,D3,85%,8,Alex  Wyant,Midfielder,1294,https://nphawks.com/sports/mens-soccer/roster,Senior
SUNY New Paltz,2025-26,D3,85%,8,Luca  Giammarino,Defender,96,https://nphawks.com/sports/mens-soccer/roster,Senior
SUNY New Paltz,2025-26,D3,85%,8,Colin Brant,Forward,964,https://nphawks.com/sports/mens-soccer/roster,Senior
SUNY New Paltz,2025-26,D3,85%,8,David  Acker,Midfielder,539,https://nphawks.com/sports/mens-soccer/roster,Senior
SUNY New Paltz,2025-26,D3,85%,8,Alejandro Londono,Midfielder,396,https://nphawks.com/sports/mens-soccer/roster,Senior
SUNY New Paltz,2025-26,D3,85%,8,Ryan Bochenski,Defender,1375,https://nphawks.com/sports/mens-soccer/roster,Senior
SUNY Old Westbury,2025-26,D3,85%,1,Ashel Santos,Defender,1411,https://www.oldwestburypanthers.com/sports/mens-soccer/roster,Senior
SUNY Oneonta,2025-26,D3,85%,8,Kevin Butler,Defender,296,https://oneontaathletics.com/sports/mens-soccer/roster,Senior
SUNY Oneonta,2025-26,D3,85%,8,Zach Rabadi,Midfielder,1654,https://oneontaathletics.com/sports/mens-soccer/roster,Senior
SUNY Oneonta,2025-26,D3,85%,8,Sam Rogers,Forward,1281,https://oneontaathletics.com/sports/mens-soccer/roster,Senior
SUNY Oneonta,2025-26,D3,85%,8,Milton Mancias Magana,Forward,1279,https://oneontaathletics.com/sports/mens-soccer/roster,Senior
SUNY Oneonta,2025-26,D3,85%,8,Joe Holder,Forward,757,https://oneontaathletics.com/sports/mens-soccer/roster,Senior
SUNY Oneonta,2025-26,D3,85%,8,Iyare Harris,Forward,285,https://oneontaathletics.com/sports/mens-soccer/roster,Senior
SUNY Oneonta,2025-26,D3,85%,8,Braeden Morrison,Defender,879,https://oneontaathletics.com/sports/mens-soccer/roster,Senior
SUNY Oneonta,2025-26,D3,85%,8,Dillon Kelly,Defender,1666,https://oneontaathletics.com/sports/mens-soccer/roster,Senior
SUNY Oswego,2025-26,D3,85%,9,Andre Bourjolly,Goalkeeper,33,https://oswegolakers.com/sports/mens-soccer/roster,Senior
SUNY Oswego,2025-26,D3,85%,9,Benjamin Brooks,Midfielder,1138,https://oswegolakers.com/sports/mens-soccer/roster,Senior
SUNY Oswego,2025-26,D3,85%,9,Derek Rivera,Midfielder,398,https://oswegolakers.com/sports/mens-soccer/roster,Graduate Student
SUNY Oswego,2025-26,D3,85%,9,Ethan Caruana,Midfielder,479,https://oswegolakers.com/sports/mens-soccer/roster,Senior
SUNY Oswego,2025-26,D3,85%,9,Scout McCumiskey,Midfielder,1403,https://oswegolakers.com/sports/mens-soccer/roster,Senior
SUNY Oswego,2025-26,D3,85%,9,Marcus Baker,Midfielder,219,https://oswegolakers.com/sports/mens-soccer/roster,Senior
SUNY Oswego,2025-26,D3,85%,9,Cerixey  Lindsay,Midfielder,629,https://oswegolakers.com/sports/mens-soccer/roster,Senior
SUNY Oswego,2025-26,D3,85%,9,Azariah Raveneau,Defender,32,https://oswegolakers.com/sports/mens-soccer/roster,Senior
SUNY Oswego,2025-26,D3,85%,9,Jason Wuytack,Midfielder,687,https://oswegolakers.com/sports/mens-soccer/roster,Senior
SUNY Potsdam,2025-26,D3,85%,2,Ian Schwartz,Goalkeeper,770,https://potsdambears.com/sports/mens-soccer/roster,Senior
SUNY Potsdam,2025-26,D3,85%,2,Jason Martinez,Defender,607,https://potsdambears.com/sports/mens-soccer/roster,Senior
Saint Francis (PA),2025-26,D3,85%,3,Braeden Sorenson,Goalkeeper,360,https://sfuathletics.com/sports/mens-soccer/roster,Senior
Saint Francis (PA),2025-26,D3,85%,3,Andre Isreal,Forward,1566,https://sfuathletics.com/sports/mens-soccer/roster,Senior
Saint Francis (PA),2025-26,D3,85%,3,Thiago Pires,Midfielder,629,https://sfuathletics.com/sports/mens-soccer/roster,Graduate Student
Saint John Fisher,2025-26,D3,85%,10,Tommy Mullane,Midfielder,972,https://sjfathletics.com/sports/mens-soccer/roster,Senior
Saint John Fisher,2025-26,D3,85%,10,Reese Powers,Midfielder,1092,https://sjfathletics.com/sports/mens-soccer/roster,Senior
Saint John Fisher,2025-26,D3,85%,10,Nick Rippe,Midfielder,1362,https://sjfathletics.com/sports/mens-soccer/roster,Senior
Saint John Fisher,2025-26,D3,85%,10,Nik Linder,M/F,464,https://sjfathletics.com/sports/mens-soccer/roster,Senior
Saint John Fisher,2025-26,D3,85%,10,Aidan Furmansky,Midfielder,114,https://sjfathletics.com/sports/mens-soccer/roster,Senior
Saint John Fisher,2025-26,D3,85%,10,Nicolas LaRosa,Midfielder,1030,https://sjfathletics.com/sports/mens-soccer/roster,Senior
Saint John Fisher,2025-26,D3,85%,10,Daniel Millson,Forward,388,https://sjfathletics.com/sports/mens-soccer/roster,Senior
Saint John Fisher,2025-26,D3,85%,10,Sam Emerson,Defender,417,https://sjfathletics.com/sports/mens-soccer/roster,Senior
Saint John Fisher,2025-26,D3,85%,10,Connor Dziulko,Defender,508,https://sjfathletics.com/sports/mens-soccer/roster,Senior
Saint John Fisher,2025-26,D3,85%,10,Jacob Neupert,Goalkeeper,,https://sjfathletics.com/sports/mens-soccer/roster,Senior
Saint Joseph's (ME),2025-26,D3,85%,7,Andres Diosa,Goalkeeper,,https://www.usjbluejays.com/sports/msoc/2025-26/roster,Senior
Saint Joseph's (ME),2025-26,D3,85%,7,Jeremy Gibbs,Defender,,https://www.usjbluejays.com/sports/msoc/2025-26/roster,Senior
Saint Joseph's (ME),2025-26,D3,85%,7,Eduardo Chavez-Baez,Defender,,https://www.usjbluejays.com/sports/msoc/2025-26/roster,Senior
Saint Joseph's (ME),2025-26,D3,85%,7,Jason Moleiro,Midfielder,,https://www.usjbluejays.com/sports/msoc/2025-26/roster,Senior
Saint Joseph's (ME),2025-26,D3,85%,7,Emmanuel Ofori,Forward,,https://www.usjbluejays.com/sports/msoc/2025-26/roster,Senior
Saint Joseph's (ME),2025-26,D3,85%,7,Nicholas Simpson,Defender,,https://www.usjbluejays.com/sports/msoc/2025-26/roster,Senior
Saint Joseph's (ME),2025-26,D3,85%,7,Joseph Fineboy,Midfielder,,https://www.usjbluejays.com/sports/msoc/2025-26/roster,Senior
Saint Lawrence,2025-26,D3,85%,7,Jackson Malary,Defender,,https://saintsathletics.com/sports/mens-soccer/roster,Senior
Saint Lawrence,2025-26,D3,85%,7,Ben Lee,Defender,,https://saintsathletics.com/sports/mens-soccer/roster,Senior
Saint Lawrence,2025-26,D3,85%,7,Aidan Fauth,Midfielder,,https://saintsathletics.com/sports/mens-soccer/roster,Senior
Saint Lawrence,2025-26,D3,85%,7,Ryan Campbell,Midfielder,,https://saintsathletics.com/sports/mens-soccer/roster,Senior
Saint Lawrence,2025-26,D3,85%,7,Ravi Pavana,Forward,,https://saintsathletics.com/sports/mens-soccer/roster,Senior
Saint Lawrence,2025-26,D3,85%,7,Henry Hart,Midfielder,,https://saintsathletics.com/sports/mens-soccer/roster,Senior
Saint Lawrence,2025-26,D3,85%,7,Jeremy Ogango,Midfield/Defense,,https://saintsathletics.com/sports/mens-soccer/roster,Senior
Saint Mary's (MN),2025-26,D3,85%,5,Lars Bergo,Defender,469,https://saintmaryssports.com/sports/mens-soccer/roster,Senior
Saint Mary's (MN),2025-26,D3,85%,5,Amarr  Adam,CM / CB,159,https://saintmaryssports.com/sports/mens-soccer/roster,Senior
Saint Mary's (MN),2025-26,D3,85%,5,Cohan Hare,Forward,1218,https://saintmaryssports.com/sports/mens-soccer/roster,Senior
Saint Mary's (MN),2025-26,D3,85%,5,Aldo Campagne,Midfielder,218,https://saintmaryssports.com/sports/mens-soccer/roster,Senior
Saint Mary's (MN),2025-26,D3,85%,5,Alex Garcia,Defender,39,https://saintmaryssports.com/sports/mens-soccer/roster,Senior
Saint Olaf,2025-26,D3,85%,7,Jack Hobday,Goalkeeper,1625,https://athletics.stolaf.edu/sports/mens-soccer/roster,Senior
Saint Olaf,2025-26,D3,85%,7,Dimitri Nair,Forward,759,https://athletics.stolaf.edu/sports/mens-soccer/roster,Senior
Saint Olaf,2025-26,D3,85%,7,Aidan Hillis,Defender,2257,https://athletics.stolaf.edu/sports/mens-soccer/roster,Senior
Saint Olaf,2025-26,D3,85%,7,Robi Buzakovic,Midfielder,1836,https://athletics.stolaf.edu/sports/mens-soccer/roster,Senior
Saint Olaf,2025-26,D3,85%,7,Caspar Olseth,Defender,2029,https://athletics.stolaf.edu/sports/mens-soccer/roster,Senior
Saint Olaf,2025-26,D3,85%,7,Aaron  Rutherford,Midfielder,447,https://athletics.stolaf.edu/sports/mens-soccer/roster,Senior
Saint Olaf,2025-26,D3,85%,7,Ben Beckman,Defender,1755,https://athletics.stolaf.edu/sports/mens-soccer/roster,Senior
Saint Vincent,2025-26,D3,85%,11,Kameron Rock,Goalkeeper,1653,https://athletics.stvincent.edu/sports/mens-soccer/roster,Senior
Saint Vincent,2025-26,D3,85%,11,Jose Hurtado,,757,https://athletics.stvincent.edu/sports/mens-soccer/roster,Senior
Saint Vincent,2025-26,D3,85%,11,Cesar Guerrero,Midfielder,44,https://athletics.stvincent.edu/sports/mens-soccer/roster,Senior
Saint Vincent,2025-26,D3,85%,11,Antonio Mendes,Midfielder,514,https://athletics.stvincent.edu/sports/mens-soccer/roster,Senior
Saint Vincent,2025-26,D3,85%,11,Kevin Amouzou,Forward,,https://athletics.stvincent.edu/sports/mens-soccer/roster,Senior
Saint Vincent,2025-26,D3,85%,11,Ben Bethke,Midfielder,297,https://athletics.stvincent.edu/sports/mens-soccer/roster,Senior
Saint Vincent,2025-26,D3,85%,11,Will LaBruno,Midfielder,1233,https://athletics.stvincent.edu/sports/mens-soccer/roster,Senior
Saint Vincent,2025-26,D3,85%,11,Coeurich Pierre,Midfielder,360,https://athletics.stvincent.edu/sports/mens-soccer/roster,Senior
Saint Vincent,2025-26,D3,85%,11,Jalani Campbell,Defender,582,https://athletics.stvincent.edu/sports/mens-soccer/roster,Senior
Saint Vincent,2025-26,D3,85%,11,Ethan Bridges,Defender,363,https://athletics.stvincent.edu/sports/mens-soccer/roster,Senior
Saint Vincent,2025-26,D3,85%,11,Chrystiaan Sexton,Goalkeeper,30,https://athletics.stvincent.edu/sports/mens-soccer/roster,Senior
Salisbury,2025-26,D3,85%,6,David Peters,Forward,436,https://suseagulls.com/sports/mens-soccer/roster,Senior
Salisbury,2025-26,D3,85%,6,Joseph Ennas,Defender,98,https://suseagulls.com/sports/mens-soccer/roster,Senior
Salisbury,2025-26,D3,85%,6,Gavin Miller,Midfielder,1404,https://suseagulls.com/sports/mens-soccer/roster,Senior
Salisbury,2025-26,D3,85%,6,Joseph Sircus,Defender,424,https://suseagulls.com/sports/mens-soccer/roster,Senior
Salisbury,2025-26,D3,85%,6,Connor Pyles,Midfielder,653,https://suseagulls.com/sports/mens-soccer/roster,Senior
Salisbury,2025-26,D3,85%,6,Jacob Rarig,M/D,677,https://suseagulls.com/sports/mens-soccer/roster,Senior
Salve Regina,2025-26,D3,85%,6,Aaron Muncaster,Midfielder,1008,https://salveathletics.com/sports/mens-soccer/roster,Senior
Salve Regina,2025-26,D3,85%,6,Ben Tomas,Midfielder,490,https://salveathletics.com/sports/mens-soccer/roster,Senior
Salve Regina,2025-26,D3,85%,6,Emmet Schuele,Midfielder,429,https://salveathletics.com/sports/mens-soccer/roster,Senior
Salve Regina,2025-26,D3,85%,6,Brandon Frank,Forward,704,https://salveathletics.com/sports/mens-soccer/roster,Senior
Salve Regina,2025-26,D3,85%,6,Joe Logue,Defender,1346,https://salveathletics.com/sports/mens-soccer/roster,Senior
Salve Regina,2025-26,D3,85%,6,Sawyer Beyer,Midfielder,605,https://salveathletics.com/sports/mens-soccer/roster,Senior
Scranton,2025-26,D3,85%,14,Charlie Smith,Goalkeeper,1751,https://athletics.scranton.edu/sports/mens-soccer/roster,Senior
Scranton,2025-26,D3,85%,14,Denis McBride Jr.,Defender,60,https://athletics.scranton.edu/sports/mens-soccer/roster,Senior
Scranton,2025-26,D3,85%,14,Owen Barlow,D/M,1258,https://athletics.scranton.edu/sports/mens-soccer/roster,Senior
Scranton,2025-26,D3,85%,14,Logan Campbell,Defender,1740,https://athletics.scranton.edu/sports/mens-soccer/roster,Senior
Scranton,2025-26,D3,85%,14,Lucas Patino,Midfielder,47,https://athletics.scranton.edu/sports/mens-soccer/roster,Senior
Scranton,2025-26,D3,85%,14,Nick Suraci,Midfielder,639,https://athletics.scranton.edu/sports/mens-soccer/roster,Senior
Scranton,2025-26,D3,85%,14,Dylan Matamala,M/D,112,https://athletics.scranton.edu/sports/mens-soccer/roster,Senior
Scranton,2025-26,D3,85%,14,Tyler Colton,Forward,1087,https://athletics.scranton.edu/sports/mens-soccer/roster,Senior
Scranton,2025-26,D3,85%,14,Dean Finan,F/M,833,https://athletics.scranton.edu/sports/mens-soccer/roster,Senior
Scranton,2025-26,D3,85%,14,Justin Curran,Forward,414,https://athletics.scranton.edu/sports/mens-soccer/roster,Senior
Scranton,2025-26,D3,85%,14,Max MacCaull,F/M,455,https://athletics.scranton.edu/sports/mens-soccer/roster,Senior
Scranton,2025-26,D3,85%,14,Gavin Scavino,Forward,,https://athletics.scranton.edu/sports/mens-soccer/roster,Senior
Scranton,2025-26,D3,85%,14,Paul Flaherty,Defender,193,https://athletics.scranton.edu/sports/mens-soccer/roster,Senior
Scranton,2025-26,D3,85%,14,Preston Rushmore,Midfielder,1038,https://athletics.scranton.edu/sports/mens-soccer/roster,Senior
Shenandoah,2025-26,D3,85%,3,Aaron Yancey,Defender,87,https://suhornets.com/sports/mens-soccer/roster,Senior
Shenandoah,2025-26,D3,85%,3,Tarick Kamara,Midfielder,443,https://suhornets.com/sports/mens-soccer/roster,Senior
Shenandoah,2025-26,D3,85%,3,Xavier Thompson,Forward,102,https://suhornets.com/sports/mens-soccer/roster,Senior
Simpson (IA),2025-26,D3,85%,2,Mitchell Dickson,Forward,,https://simpsonathletics.com/sports/msoc/2025-26/roster,Senior
Simpson (IA),2025-26,D3,85%,2,Arya Nowroozi,Midfielder,,https://simpsonathletics.com/sports/msoc/2025-26/roster,Senior
Skidmore,2025-26,D3,85%,8,Will Devall,Goalkeeper,1169,https://skidmoreathletics.com/sports/mens-soccer/roster,Senior
Skidmore,2025-26,D3,85%,8,Carter Capodanno,Defender,1099,https://skidmoreathletics.com/sports/mens-soccer/roster,Senior
Skidmore,2025-26,D3,85%,8,Dillon Nelson,Defender,895,https://skidmoreathletics.com/sports/mens-soccer/roster,Senior
Skidmore,2025-26,D3,85%,8,Cole Rogan,Midfielder,608,https://skidmoreathletics.com/sports/mens-soccer/roster,Senior
Skidmore,2025-26,D3,85%,8,Josh Hocheiser,Defender,112,https://skidmoreathletics.com/sports/mens-soccer/roster,Senior
Skidmore,2025-26,D3,85%,8,Rumi Schemmerer,Midfielder,151,https://skidmoreathletics.com/sports/mens-soccer/roster,Senior
Skidmore,2025-26,D3,85%,8,Tobias Catizone,Midfield/Forward,996,https://skidmoreathletics.com/sports/mens-soccer/roster,Senior
Skidmore,2025-26,D3,85%,8,Connor Mansfield,Forward/Defense,696,https://skidmoreathletics.com/sports/mens-soccer/roster,Senior
Southern Maine,2025-26,D3,85%,9,Colin Albert,Midfielder,1146,https://southernmainehuskies.com/sports/mens-soccer/roster,Senior
Southern Maine,2025-26,D3,85%,9,Brian Balch,Forward,419,https://southernmainehuskies.com/sports/mens-soccer/roster,Senior
Southern Maine,2025-26,D3,85%,9,Samir Sayed,Forward,146,https://southernmainehuskies.com/sports/mens-soccer/roster,Senior
Southern Maine,2025-26,D3,85%,9,Kia Dilamini,Forward,374,https://southernmainehuskies.com/sports/mens-soccer/roster,Senior
Southern Maine,2025-26,D3,85%,9,Pashalis Pashalidis,Forward,311,https://southernmainehuskies.com/sports/mens-soccer/roster,Senior
Southern Maine,2025-26,D3,85%,9,Nathan Brown,Defender,280,https://southernmainehuskies.com/sports/mens-soccer/roster,Senior
Southern Maine,2025-26,D3,85%,9,Asa Farley,Defender,22,https://southernmainehuskies.com/sports/mens-soccer/roster,Senior
Southern Maine,2025-26,D3,85%,9,Kurtis Voter,Defender,461,https://southernmainehuskies.com/sports/mens-soccer/roster,Senior
Southern Maine,2025-26,D3,85%,9,Paul Liwanga,Defender,567,https://southernmainehuskies.com/sports/mens-soccer/roster,Senior
Southern Virginia,2025-26,D3,85%,1,Ben Steiger,Center-Back,106,https://knightathletics.com/sports/mens-soccer/roster,Senior
Southwestern (TX),2025-26,D3,85%,3,Raghav Sharma,Defender,1714,https://southwesternpirates.com/sports/mens-soccer/roster,Senior
Southwestern (TX),2025-26,D3,85%,3,Greyson Pinto,Forward,1183,https://southwesternpirates.com/sports/mens-soccer/roster,Senior
Southwestern (TX),2025-26,D3,85%,3,Scott Johnson,Goalkeeper,1756,https://southwesternpirates.com/sports/mens-soccer/roster,Senior
Springfield,2025-26,D3,85%,6,Noah Pote,Goalkeeper,,https://springfieldcollegepride.com/sports/msoc/roster,Senior
Springfield,2025-26,D3,85%,6,Louis Likens,Goalkeeper,,https://springfieldcollegepride.com/sports/msoc/roster,Senior
Springfield,2025-26,D3,85%,6,Cyrus Ng,Midfielder,,https://springfieldcollegepride.com/sports/msoc/roster,Senior
Springfield,2025-26,D3,85%,6,Parker Thornton,Forward,,https://springfieldcollegepride.com/sports/msoc/roster,Senior
Springfield,2025-26,D3,85%,6,Paul Aguillon,Midfielder,,https://springfieldcollegepride.com/sports/msoc/roster,Graduate Student
Springfield,2025-26,D3,85%,6,Ryan Berecz,Defender,,https://springfieldcollegepride.com/sports/msoc/roster,Senior
St. Joseph's (NY),2025-26,D3,85%,2,Pablo Mejia,Midfielder,1035,https://sjbkathletics.com/sports/mens-soccer/roster,Senior
St. Joseph's (NY),2025-26,D3,85%,2,Lorenzo LaRosa,M/F,1200,https://sjbkathletics.com/sports/mens-soccer/roster,Senior
St. Mary's College of Maryland,2025-26,D3,85%,11,Jordon Eckman,Goalkeeper,900,https://smcmathletics.com/sports/mens-soccer/roster,Senior
St. Mary's College of Maryland,2025-26,D3,85%,11,Ethan Wright,Defender,1326,https://smcmathletics.com/sports/mens-soccer/roster,Senior
St. Mary's College of Maryland,2025-26,D3,85%,11,Mark Adja,Defender,393,https://smcmathletics.com/sports/mens-soccer/roster,Senior
St. Mary's College of Maryland,2025-26,D3,85%,11,Lucas Evans,Forward,887,https://smcmathletics.com/sports/mens-soccer/roster,Senior
St. Mary's College of Maryland,2025-26,D3,85%,11,Trey Magnaye,Defender,1250,https://smcmathletics.com/sports/mens-soccer/roster,Senior
St. Mary's College of Maryland,2025-26,D3,85%,11,Franco Reyes,Forward,761,https://smcmathletics.com/sports/mens-soccer/roster,Senior
St. Mary's College of Maryland,2025-26,D3,85%,11,Bryce Webster,Midfielder,415,https://smcmathletics.com/sports/mens-soccer/roster,Senior
St. Mary's College of Maryland,2025-26,D3,85%,11,Braden Kindred,Midfielder,424,https://smcmathletics.com/sports/mens-soccer/roster,Senior
St. Mary's College of Maryland,2025-26,D3,85%,11,Jake Robey,Defender,418,https://smcmathletics.com/sports/mens-soccer/roster,Senior
St. Mary's College of Maryland,2025-26,D3,85%,11,Tyler Foti,Midfielder,1383,https://smcmathletics.com/sports/mens-soccer/roster,Senior
St. Mary's College of Maryland,2025-26,D3,85%,11,Zack Reed,Goalkeeper,720,https://smcmathletics.com/sports/mens-soccer/roster,Senior
St. Norbert,2025-26,D3,85%,8,Adan Martinez-Ponce,Goalkeeper,280,https://athletics.snc.edu/sports/mens-soccer/roster,Senior
St. Norbert,2025-26,D3,85%,8,Luke Behringer,Midfielder,32,https://athletics.snc.edu/sports/mens-soccer/roster,Senior
St. Norbert,2025-26,D3,85%,8,Kevin Ramirez,Midfielder,959,https://athletics.snc.edu/sports/mens-soccer/roster,Senior
St. Norbert,2025-26,D3,85%,8,Brock Stephens,Forward,128,https://athletics.snc.edu/sports/mens-soccer/roster,Senior
St. Norbert,2025-26,D3,85%,8,Payton Schilz,Forward,400,https://athletics.snc.edu/sports/mens-soccer/roster,Senior
St. Norbert,2025-26,D3,85%,8,Dominic Lagona,D/M,1397,https://athletics.snc.edu/sports/mens-soccer/roster,Senior
St. Norbert,2025-26,D3,85%,8,Jack Swicionis,Midfielder,255,https://athletics.snc.edu/sports/mens-soccer/roster,Senior
St. Norbert,2025-26,D3,85%,8,Peter Straus,Defender,1,https://athletics.snc.edu/sports/mens-soccer/roster,Senior
St. Scholastica,2025-26,D3,85%,7,Ben  Hallberg,Goalkeeper,1400,https://csssaints.com/sports/mens-soccer/roster,Senior
St. Scholastica,2025-26,D3,85%,7,Aiden  Olson,Defender,1297,https://csssaints.com/sports/mens-soccer/roster,Senior
St. Scholastica,2025-26,D3,85%,7,Luc Bollback,Defender,712,https://csssaints.com/sports/mens-soccer/roster,Senior
St. Scholastica,2025-26,D3,85%,7,Fabian  Andrade,Midfielder,1263,https://csssaints.com/sports/mens-soccer/roster,Senior
St. Scholastica,2025-26,D3,85%,7,David Lopez,Defender,1115,https://csssaints.com/sports/mens-soccer/roster,Senior
St. Scholastica,2025-26,D3,85%,7,Kyle  Schmidt,Defender,,https://csssaints.com/sports/mens-soccer/roster,Senior
St. Scholastica,2025-26,D3,85%,7,Aidan Moore,Goalkeeper,21,https://csssaints.com/sports/mens-soccer/roster,Senior
Stevens Tech,2025-26,D3,0%,0,,,,https://stevensducks.com/sports/mens-soccer/roster,Roster data requires JavaScript (JS-rendered SPA)
Stevenson,2025-26,D3,85%,11,Ryan Peterson,Goalkeeper,86,https://gomustangsports.com/sports/mens-soccer/roster,Senior
Stevenson,2025-26,D3,85%,11,Nolen Olson-Warwick,Goalkeeper,1631,https://gomustangsports.com/sports/mens-soccer/roster,Senior
Stevenson,2025-26,D3,85%,11,Nick Sirasky,Forward,189,https://gomustangsports.com/sports/mens-soccer/roster,Senior
Stevenson,2025-26,D3,85%,11,Tyler Wood,Defender,1583,https://gomustangsports.com/sports/mens-soccer/roster,Senior
Stevenson,2025-26,D3,85%,11,PJ Cera,Forward,996,https://gomustangsports.com/sports/mens-soccer/roster,Senior
Stevenson,2025-26,D3,85%,11,Zack Reightler,Forward,774,https://gomustangsports.com/sports/mens-soccer/roster,Senior
Stevenson,2025-26,D3,85%,11,Gianfranco Vitella,Midfielder,1240,https://gomustangsports.com/sports/mens-soccer/roster,Senior
Stevenson,2025-26,D3,85%,11,Ellis Amo,Forward,821,https://gomustangsports.com/sports/mens-soccer/roster,Senior
Stevenson,2025-26,D3,85%,11,Caleb Carpenter,Forward,149,https://gomustangsports.com/sports/mens-soccer/roster,Senior
Stevenson,2025-26,D3,85%,11,Patrick Caulden,Midfielder,1526,https://gomustangsports.com/sports/mens-soccer/roster,Senior
Stevenson,2025-26,D3,85%,11,Levin Logan,Midfielder,119,https://gomustangsports.com/sports/mens-soccer/roster,Senior
Stockton,2025-26,D3,85%,6,Thomas Trimble,Defender,,https://stocktonathletics.com/sports/mens-soccer/roster,Senior
Stockton,2025-26,D3,85%,6,Aiden Hoenisch,Forward,,https://stocktonathletics.com/sports/mens-soccer/roster,Senior
Stockton,2025-26,D3,85%,6,Dawson Joseph,Defender,,https://stocktonathletics.com/sports/mens-soccer/roster,Senior
Stockton,2025-26,D3,85%,6,Solo Doumbouya,Defender,,https://stocktonathletics.com/sports/mens-soccer/roster,Senior
Stockton,2025-26,D3,85%,6,Uche Wokocha,Midfielder,,https://stocktonathletics.com/sports/mens-soccer/roster,Senior
Stockton,2025-26,D3,85%,6,Kyle Birmingham,Goalkeeper,637,https://stocktonathletics.com/sports/mens-soccer/roster,Senior
Suffolk,2025-26,D3,85%,10,Faisal Bajunaid,Midfielder,,https://www.gosuffolkrams.com/sports/msoc/2025-26/roster,Graduate Student
Suffolk,2025-26,D3,85%,10,Matthew Moreno,Midfielder,,https://www.gosuffolkrams.com/sports/msoc/2025-26/roster,Senior
Suffolk,2025-26,D3,85%,10,Ford Lee,Midfielder,,https://www.gosuffolkrams.com/sports/msoc/2025-26/roster,Senior
Suffolk,2025-26,D3,85%,10,Diego Pierantozzi,Forward,,https://www.gosuffolkrams.com/sports/msoc/2025-26/roster,Senior
Suffolk,2025-26,D3,85%,10,Ryan Chamberlain,Defender,,https://www.gosuffolkrams.com/sports/msoc/2025-26/roster,Senior
Suffolk,2025-26,D3,85%,10,Emiliano Esquer,Defender,,https://www.gosuffolkrams.com/sports/msoc/2025-26/roster,Senior
Suffolk,2025-26,D3,85%,10,Matthew Belluardo,Defender,,https://www.gosuffolkrams.com/sports/msoc/2025-26/roster,Senior
Suffolk,2025-26,D3,85%,10,Jeremy Cooke,Midfielder,,https://www.gosuffolkrams.com/sports/msoc/2025-26/roster,Senior
Suffolk,2025-26,D3,85%,10,Tommy Kurz,Forward,,https://www.gosuffolkrams.com/sports/msoc/2025-26/roster,Senior
Suffolk,2025-26,D3,85%,10,Carter Van,Midfielder,,https://www.gosuffolkrams.com/sports/msoc/2025-26/roster,Senior
Susquehanna,2025-26,D3,85%,8,Hayden Swinehart,Forward,,https://suriverhawks.com/sports/mens-soccer/roster,Senior
Susquehanna,2025-26,D3,85%,8,Sam Netzley,Midfielder,,https://suriverhawks.com/sports/mens-soccer/roster,Senior
Susquehanna,2025-26,D3,85%,8,Aaron Mowrer,Defender,,https://suriverhawks.com/sports/mens-soccer/roster,Senior
Susquehanna,2025-26,D3,85%,8,John Kuderka,Defender,,https://suriverhawks.com/sports/mens-soccer/roster,Senior
Susquehanna,2025-26,D3,85%,8,Marcello Pannone,Forward,,https://suriverhawks.com/sports/mens-soccer/roster,Senior
Susquehanna,2025-26,D3,85%,8,Angelo Zografos,Forward/Midfielder,,https://suriverhawks.com/sports/mens-soccer/roster,Senior
Susquehanna,2025-26,D3,85%,8,Josh Higgins,Midfielder,,https://suriverhawks.com/sports/mens-soccer/roster,Senior
Susquehanna,2025-26,D3,85%,8,Liam Raney,Defender,,https://suriverhawks.com/sports/mens-soccer/roster,Senior
Swarthmore,2025-26,D3,0%,0,,,,https://swarthmoreathletics.com/sports/mens-soccer/roster,Roster data requires JavaScript (JS-rendered SPA)
Trine,2025-26,D3,85%,7,Ryan Cote,Defender,743,https://trinethunder.com/sports/mens-soccer/roster,Senior
Trine,2025-26,D3,85%,7,Alex Elliott,Defender,389,https://trinethunder.com/sports/mens-soccer/roster,Senior
Trine,2025-26,D3,85%,7,Liam Millership,Defender,1173,https://trinethunder.com/sports/mens-soccer/roster,Senior
Trine,2025-26,D3,85%,7,Jarick Aguilar,Midfielder,1439,https://trinethunder.com/sports/mens-soccer/roster,Senior
Trine,2025-26,D3,85%,7,Mohamed Aljably,Midfielder,1133,https://trinethunder.com/sports/mens-soccer/roster,Senior
Trine,2025-26,D3,85%,7,Vaughn Klein,Defender,627,https://trinethunder.com/sports/mens-soccer/roster,Senior
Trine,2025-26,D3,85%,7,Gavin Hardy,Defender,1244,https://trinethunder.com/sports/mens-soccer/roster,Senior
Trinity (CT),2025-26,D3,85%,9,Adam Knutson,Midfielder,1670,https://trinitytigers.com/sports/mens-soccer/roster,Senior
Trinity (CT),2025-26,D3,85%,9,Luke Chandler,Defender,1324,https://trinitytigers.com/sports/mens-soccer/roster,Senior
Trinity (CT),2025-26,D3,85%,9,Cade Dougan,Midfielder,1541,https://trinitytigers.com/sports/mens-soccer/roster,Senior
Trinity (CT),2025-26,D3,85%,9,Zach Anderson,Midfielder,1545,https://trinitytigers.com/sports/mens-soccer/roster,Senior
Trinity (CT),2025-26,D3,85%,9,Aiden Perales,Forward,215,https://trinitytigers.com/sports/mens-soccer/roster,Senior
Trinity (CT),2025-26,D3,85%,9,Rylee Hawes,M/F,69,https://trinitytigers.com/sports/mens-soccer/roster,Senior
Trinity (CT),2025-26,D3,85%,9,Alex Ramirez,Midfielder,608,https://trinitytigers.com/sports/mens-soccer/roster,Senior
Trinity (CT),2025-26,D3,85%,9,Clayton Holmes,M/F,129,https://trinitytigers.com/sports/mens-soccer/roster,Senior
Trinity (CT),2025-26,D3,85%,9,Filippo Gambacorta,Defender,85,https://trinitytigers.com/sports/mens-soccer/roster,Senior
Trinity (TX),2025-26,D3,85%,9,Adam Knutson,Midfielder,1670,https://trinitytigers.com/sports/mens-soccer/roster,Senior
Trinity (TX),2025-26,D3,85%,9,Luke Chandler,Defender,1324,https://trinitytigers.com/sports/mens-soccer/roster,Senior
Trinity (TX),2025-26,D3,85%,9,Cade Dougan,Midfielder,1541,https://trinitytigers.com/sports/mens-soccer/roster,Senior
Trinity (TX),2025-26,D3,85%,9,Zach Anderson,Midfielder,1545,https://trinitytigers.com/sports/mens-soccer/roster,Senior
Trinity (TX),2025-26,D3,85%,9,Aiden Perales,Forward,215,https://trinitytigers.com/sports/mens-soccer/roster,Senior
Trinity (TX),2025-26,D3,85%,9,Rylee Hawes,M/F,69,https://trinitytigers.com/sports/mens-soccer/roster,Senior
Trinity (TX),2025-26,D3,85%,9,Alex Ramirez,Midfielder,608,https://trinitytigers.com/sports/mens-soccer/roster,Senior
Trinity (TX),2025-26,D3,85%,9,Clayton Holmes,M/F,129,https://trinitytigers.com/sports/mens-soccer/roster,Senior
Trinity (TX),2025-26,D3,85%,9,Filippo Gambacorta,Defender,85,https://trinitytigers.com/sports/mens-soccer/roster,Senior
Tufts,2025-26,D3,85%,12,Sammy Kao,Goalkeeper,49,https://gotuftsjumbos.com/sports/mens-soccer/roster,Senior
Tufts,2025-26,D3,85%,12,Nikola Antic,Goalkeeper,2114,https://gotuftsjumbos.com/sports/mens-soccer/roster,Senior
Tufts,2025-26,D3,85%,12,James Flagg,Defender,510,https://gotuftsjumbos.com/sports/mens-soccer/roster,Senior
Tufts,2025-26,D3,85%,12,Mateo Bargagna,Defender,1790,https://gotuftsjumbos.com/sports/mens-soccer/roster,Senior
Tufts,2025-26,D3,85%,12,James Gunn,Midfielder,623,https://gotuftsjumbos.com/sports/mens-soccer/roster,Senior
Tufts,2025-26,D3,85%,12,Daniel Yanez,Midfielder,1577,https://gotuftsjumbos.com/sports/mens-soccer/roster,Senior
Tufts,2025-26,D3,85%,12,Henry Perkins,Forward,756,https://gotuftsjumbos.com/sports/mens-soccer/roster,Senior
Tufts,2025-26,D3,85%,12,Luke Randolph,Midfielder,167,https://gotuftsjumbos.com/sports/mens-soccer/roster,Senior
Tufts,2025-26,D3,85%,12,Mason Shultz,Forward,749,https://gotuftsjumbos.com/sports/mens-soccer/roster,Senior
Tufts,2025-26,D3,85%,12,Taylor Feinberg,Defender,862,https://gotuftsjumbos.com/sports/mens-soccer/roster,Graduate Student
Tufts,2025-26,D3,85%,12,Ben Pensky,Midfielder,1424,https://gotuftsjumbos.com/sports/mens-soccer/roster,Senior
Tufts,2025-26,D3,85%,12,Andres Rosas,Midfielder,21,https://gotuftsjumbos.com/sports/mens-soccer/roster,Graduate Student
Union (NY),2025-26,D3,85%,10,Jacob Wieland,Goalkeeper,112,https://athletics.mountunion.edu/sports/mens-soccer/roster,Senior
Union (NY),2025-26,D3,85%,10,Aiden Strand-Fox,Forward,1624,https://athletics.mountunion.edu/sports/mens-soccer/roster,Senior
Union (NY),2025-26,D3,85%,10,Fergus DeLeon,Midfielder,14,https://athletics.mountunion.edu/sports/mens-soccer/roster,Senior
Union (NY),2025-26,D3,85%,10,Braedon Kennedy,Midfielder,820,https://athletics.mountunion.edu/sports/mens-soccer/roster,Senior
Union (NY),2025-26,D3,85%,10,Luka Dedic,Midfielder,164,https://athletics.mountunion.edu/sports/mens-soccer/roster,Senior
Union (NY),2025-26,D3,85%,10,Reese Utter,Midfielder,1457,https://athletics.mountunion.edu/sports/mens-soccer/roster,Senior
Union (NY),2025-26,D3,85%,10,Zander Plizga,Midfielder,1487,https://athletics.mountunion.edu/sports/mens-soccer/roster,Senior
Union (NY),2025-26,D3,85%,10,Nyiles  Spann,Forward,565,https://athletics.mountunion.edu/sports/mens-soccer/roster,Senior
Union (NY),2025-26,D3,85%,10,Kaden Kocin,Defender,457,https://athletics.mountunion.edu/sports/mens-soccer/roster,Senior
Union (NY),2025-26,D3,85%,10,AJ Jaber,Defender,1691,https://athletics.mountunion.edu/sports/mens-soccer/roster,Senior
University of Chicago,2025-26,D3,85%,7,William Raenden,Defender,31,https://athletics.uchicago.edu/sports/mens-soccer/roster,Senior
University of Chicago,2025-26,D3,85%,7,Austin Murawski,Forward,,https://athletics.uchicago.edu/sports/mens-soccer/roster,Graduate Student
University of Chicago,2025-26,D3,85%,7,Jedd  Horowitz,Forward,12,https://athletics.uchicago.edu/sports/mens-soccer/roster,Senior
University of Chicago,2025-26,D3,85%,7,Jadyn Hsieh-Bailey,Forward,951,https://athletics.uchicago.edu/sports/mens-soccer/roster,Senior
University of Chicago,2025-26,D3,85%,7,Max Weene,Defender,1392,https://athletics.uchicago.edu/sports/mens-soccer/roster,Senior
University of Chicago,2025-26,D3,85%,7,Nick Lorr,Defender,1373,https://athletics.uchicago.edu/sports/mens-soccer/roster,Senior
University of Chicago,2025-26,D3,85%,7,Evan Kanellos,Midfielder,1588,https://athletics.uchicago.edu/sports/mens-soccer/roster,Senior
University of New England,2025-26,D3,85%,7,Mattie Calver,Midfielder,,https://athletics.une.edu/sports/mens-soccer/roster,Senior
University of New England,2025-26,D3,85%,7,Keigan Shea,Defender,,https://athletics.une.edu/sports/mens-soccer/roster,Senior
University of New England,2025-26,D3,85%,7,Brandon Machel,Midfielder,,https://athletics.une.edu/sports/mens-soccer/roster,Senior
University of New England,2025-26,D3,85%,7,Nick Reffel,Midfielder,,https://athletics.une.edu/sports/mens-soccer/roster,Senior
University of New England,2025-26,D3,85%,7,Conor Lynch,Defender,,https://athletics.une.edu/sports/mens-soccer/roster,Senior
University of New England,2025-26,D3,85%,7,Zade Tincher,Midfielder,,https://athletics.une.edu/sports/mens-soccer/roster,Senior
University of New England,2025-26,D3,85%,7,Jared Trainor,Forward,,https://athletics.une.edu/sports/mens-soccer/roster,Senior
Ursinus,2025-26,D3,85%,7,AJ Torres,Defender,824,https://ursinusathletics.com/sports/mens-soccer/roster,Senior
Ursinus,2025-26,D3,85%,7,Reed Grant,Midfielder,126,https://ursinusathletics.com/sports/mens-soccer/roster,Senior
Ursinus,2025-26,D3,85%,7,Colin Deal,M/F,271,https://ursinusathletics.com/sports/mens-soccer/roster,Senior
Ursinus,2025-26,D3,85%,7,Jack Schmidt,D/M,754,https://ursinusathletics.com/sports/mens-soccer/roster,Senior
Ursinus,2025-26,D3,85%,7,Enver Desic,M/F,791,https://ursinusathletics.com/sports/mens-soccer/roster,Senior
Ursinus,2025-26,D3,85%,7,Marko Balic,M/F,50,https://ursinusathletics.com/sports/mens-soccer/roster,Senior
Ursinus,2025-26,D3,85%,7,Julian Faust,Midfielder,,https://ursinusathletics.com/sports/mens-soccer/roster,Senior
Utica,2025-26,D3,85%,6,Brandon  Pender,Defender,1466,https://uticapioneers.com/sports/mens-soccer/roster,Senior
Utica,2025-26,D3,85%,6,Noah Scranton,Defender,1661,https://uticapioneers.com/sports/mens-soccer/roster,Graduate Student
Utica,2025-26,D3,85%,6,Noah  Nassberg,Midfielder,1430,https://uticapioneers.com/sports/mens-soccer/roster,Senior
Utica,2025-26,D3,85%,6,Byamungu Mugushu,Forward,1293,https://uticapioneers.com/sports/mens-soccer/roster,Graduate Student
Utica,2025-26,D3,85%,6,Connor  Hillis,Defender,28,https://uticapioneers.com/sports/mens-soccer/roster,Senior
Utica,2025-26,D3,85%,6,Maximilian Pawlowski,Midfielder,999,https://uticapioneers.com/sports/mens-soccer/roster,Senior
Virginia Wesleyan,2025-26,D3,85%,6,Josh Nadison,Goalkeeper,115,https://athletics.wesleyan.edu/sports/mens-soccer/roster,Senior
Virginia Wesleyan,2025-26,D3,85%,6,Carrigan Cullinan,Defender,283,https://athletics.wesleyan.edu/sports/mens-soccer/roster,Senior
Virginia Wesleyan,2025-26,D3,85%,6,Josh LaCorte,Defender,1207,https://athletics.wesleyan.edu/sports/mens-soccer/roster,Senior
Virginia Wesleyan,2025-26,D3,85%,6,Will Martin,Midfielder,704,https://athletics.wesleyan.edu/sports/mens-soccer/roster,Senior
Virginia Wesleyan,2025-26,D3,85%,6,Will Geballe,Defender,46,https://athletics.wesleyan.edu/sports/mens-soccer/roster,Senior
Virginia Wesleyan,2025-26,D3,85%,6,Mathis Blanc,Goalkeeper,1595,https://athletics.wesleyan.edu/sports/mens-soccer/roster,Senior
Wartburg,2025-26,D3,85%,4,Alima Mmunga,Forward,1243,https://go-knights.net/sports/mens-soccer/roster,Senior
Wartburg,2025-26,D3,85%,4,Lwings Kabula,Forward,1106,https://go-knights.net/sports/mens-soccer/roster,Senior
Wartburg,2025-26,D3,85%,4,Princewill Abey,Defender,,https://go-knights.net/sports/mens-soccer/roster,Senior
Wartburg,2025-26,D3,85%,4,Tristan Howard,Defender,31,https://go-knights.net/sports/mens-soccer/roster,Senior
Washington & Jefferson,2025-26,D3,85%,6,Chris Glendenning,Defender,1216,https://washcollsports.com/sports/mens-soccer/roster,Senior
Washington & Jefferson,2025-26,D3,85%,6,Ryan Sharpley,Defender,1398,https://washcollsports.com/sports/mens-soccer/roster,Senior
Washington & Jefferson,2025-26,D3,85%,6,Tyler Davidson,Midfielder,1539,https://washcollsports.com/sports/mens-soccer/roster,Senior
Washington & Jefferson,2025-26,D3,85%,6,Michael Daniello,Midfielder,334,https://washcollsports.com/sports/mens-soccer/roster,Senior
Washington & Jefferson,2025-26,D3,85%,6,Grant Sopa,Midfielder,1009,https://washcollsports.com/sports/mens-soccer/roster,Senior
Washington & Jefferson,2025-26,D3,85%,6,Dylan Gargulinski,Defender,86,https://washcollsports.com/sports/mens-soccer/roster,Senior
Washington & Lee,2025-26,D3,85%,6,Chris Glendenning,Defender,1216,https://washcollsports.com/sports/mens-soccer/roster,Senior
Washington & Lee,2025-26,D3,85%,6,Ryan Sharpley,Defender,1398,https://washcollsports.com/sports/mens-soccer/roster,Senior
Washington & Lee,2025-26,D3,85%,6,Tyler Davidson,Midfielder,1539,https://washcollsports.com/sports/mens-soccer/roster,Senior
Washington & Lee,2025-26,D3,85%,6,Michael Daniello,Midfielder,334,https://washcollsports.com/sports/mens-soccer/roster,Senior
Washington & Lee,2025-26,D3,85%,6,Grant Sopa,Midfielder,1009,https://washcollsports.com/sports/mens-soccer/roster,Senior
Washington & Lee,2025-26,D3,85%,6,Dylan Gargulinski,Defender,86,https://washcollsports.com/sports/mens-soccer/roster,Senior
Washington (MO),2025-26,D3,85%,3,Will Joseph,Goalkeeper,1485,https://generalssports.com/sports/mens-soccer/roster,Senior
Washington (MO),2025-26,D3,85%,3,Buster Couhig,F/M,1475,https://generalssports.com/sports/mens-soccer/roster,Senior
Washington (MO),2025-26,D3,85%,3,Willy Hall,Defender,1624,https://generalssports.com/sports/mens-soccer/roster,Senior
Washington College (MD),2025-26,D3,85%,6,Chris Glendenning,Defender,1216,https://washcollsports.com/sports/mens-soccer/roster,Senior
Washington College (MD),2025-26,D3,85%,6,Ryan Sharpley,Defender,1398,https://washcollsports.com/sports/mens-soccer/roster,Senior
Washington College (MD),2025-26,D3,85%,6,Tyler Davidson,Midfielder,1539,https://washcollsports.com/sports/mens-soccer/roster,Senior
Washington College (MD),2025-26,D3,85%,6,Michael Daniello,Midfielder,334,https://washcollsports.com/sports/mens-soccer/roster,Senior
Washington College (MD),2025-26,D3,85%,6,Grant Sopa,Midfielder,1009,https://washcollsports.com/sports/mens-soccer/roster,Senior
Washington College (MD),2025-26,D3,85%,6,Dylan Gargulinski,Defender,86,https://washcollsports.com/sports/mens-soccer/roster,Senior
Waynesburg,2025-26,D3,85%,6,Noah Merrill,Forward,58,https://waynesburgsports.com/sports/mens-soccer/roster,Senior
Waynesburg,2025-26,D3,85%,6,Beau Hawkins,Defender/Midfielder,413,https://waynesburgsports.com/sports/mens-soccer/roster,Senior
Waynesburg,2025-26,D3,85%,6,Tyler Martin,Midfielder,169,https://waynesburgsports.com/sports/mens-soccer/roster,Senior
Waynesburg,2025-26,D3,85%,6,Michael Kanu,Forward,392,https://waynesburgsports.com/sports/mens-soccer/roster,Senior
Waynesburg,2025-26,D3,85%,6,Taylor McFarland,Defender,130,https://waynesburgsports.com/sports/mens-soccer/roster,Senior
Waynesburg,2025-26,D3,85%,6,Nick Bryan,Midfielder,994,https://waynesburgsports.com/sports/mens-soccer/roster,Senior
Webster,2025-26,D3,85%,6,Luke Dillon,Goalkeeper,1053,https://websterathletics.com/sports/mens-soccer/roster,Senior
Webster,2025-26,D3,85%,6,Ian Meyer,Midfielder,1363,https://websterathletics.com/sports/mens-soccer/roster,Senior
Webster,2025-26,D3,85%,6,Marcos Gonzales-Collado,Forward,,https://websterathletics.com/sports/mens-soccer/roster,Graduate Student
Webster,2025-26,D3,85%,6,Danny Nusinovic,Defender,1371,https://websterathletics.com/sports/mens-soccer/roster,Senior
Webster,2025-26,D3,85%,6,Hayden Hatley,Forward,895,https://websterathletics.com/sports/mens-soccer/roster,Senior
Webster,2025-26,D3,85%,6,Ty Baudendistel,Goalkeeper,53,https://websterathletics.com/sports/mens-soccer/roster,Senior
Wentworth,2025-26,D3,85%,6,Sam Biafore,Midfielder,,https://www.wentworthathletics.com/sports/msoc/2025-26/roster,Senior
Wentworth,2025-26,D3,85%,6,Sam Wong,Defender,,https://www.wentworthathletics.com/sports/msoc/2025-26/roster,Senior
Wentworth,2025-26,D3,85%,6,Ryan Dunbar,Defender,,https://www.wentworthathletics.com/sports/msoc/2025-26/roster,Senior
Wentworth,2025-26,D3,85%,6,Jake Silva,Midfielder,,https://www.wentworthathletics.com/sports/msoc/2025-26/roster,Senior
Wentworth,2025-26,D3,85%,6,Elan Mendivil,Defender,,https://www.wentworthathletics.com/sports/msoc/2025-26/roster,Senior
Wentworth,2025-26,D3,85%,6,Giovanni Ruggeri,Goalkeeper,,https://www.wentworthathletics.com/sports/msoc/2025-26/roster,Senior
Wesley,2025-26,D3,85%,8,Brenden Zuerlein,Defender,,https://nwusports.com/sports/mens-soccer/roster,Senior
Wesley,2025-26,D3,85%,8,Henry Spethman,Defender,,https://nwusports.com/sports/mens-soccer/roster,Senior
Wesley,2025-26,D3,85%,8,Hayden Byarlay,Midfielder,,https://nwusports.com/sports/mens-soccer/roster,Senior
Wesley,2025-26,D3,85%,8,Owen Glogowski,Midfielder,,https://nwusports.com/sports/mens-soccer/roster,Senior
Wesley,2025-26,D3,85%,8,Max Matthies,Forward,,https://nwusports.com/sports/mens-soccer/roster,Senior
Wesley,2025-26,D3,85%,8,Wil Tobaben,Defender,,https://nwusports.com/sports/mens-soccer/roster,Senior
Wesley,2025-26,D3,85%,8,Franklyn Herasme,Midfielder,,https://nwusports.com/sports/mens-soccer/roster,Senior
Wesley,2025-26,D3,85%,8,Thomas Pisasale,Defender,,https://nwusports.com/sports/mens-soccer/roster,Senior
Wesleyan (CT),2025-26,D3,85%,8,Brenden Zuerlein,Defender,,https://nwusports.com/sports/mens-soccer/roster,Senior
Wesleyan (CT),2025-26,D3,85%,8,Henry Spethman,Defender,,https://nwusports.com/sports/mens-soccer/roster,Senior
Wesleyan (CT),2025-26,D3,85%,8,Hayden Byarlay,Midfielder,,https://nwusports.com/sports/mens-soccer/roster,Senior
Wesleyan (CT),2025-26,D3,85%,8,Owen Glogowski,Midfielder,,https://nwusports.com/sports/mens-soccer/roster,Senior
Wesleyan (CT),2025-26,D3,85%,8,Max Matthies,Forward,,https://nwusports.com/sports/mens-soccer/roster,Senior
Wesleyan (CT),2025-26,D3,85%,8,Wil Tobaben,Defender,,https://nwusports.com/sports/mens-soccer/roster,Senior
Wesleyan (CT),2025-26,D3,85%,8,Franklyn Herasme,Midfielder,,https://nwusports.com/sports/mens-soccer/roster,Senior
Wesleyan (CT),2025-26,D3,85%,8,Thomas Pisasale,Defender,,https://nwusports.com/sports/mens-soccer/roster,Senior
Western Connecticut,2025-26,D3,85%,9,Zachary Benson,Goalkeeper,296,https://westconnathletics.com/sports/mens-soccer/roster,Senior
Western Connecticut,2025-26,D3,85%,9,Damian Reyes,Defender,172,https://westconnathletics.com/sports/mens-soccer/roster,Senior
Western Connecticut,2025-26,D3,85%,9,Nikolas Chevres,Defender,1618,https://westconnathletics.com/sports/mens-soccer/roster,Senior
Western Connecticut,2025-26,D3,85%,9,Luca Winterton,Midfielder,154,https://westconnathletics.com/sports/mens-soccer/roster,Senior
Western Connecticut,2025-26,D3,85%,9,Zachary Guilherme,Midfielder,66,https://westconnathletics.com/sports/mens-soccer/roster,Senior
Western Connecticut,2025-26,D3,85%,9,Christos Argyros,Midfielder,58,https://westconnathletics.com/sports/mens-soccer/roster,Senior
Western Connecticut,2025-26,D3,85%,9,Maximus Vigo,Forward,799,https://westconnathletics.com/sports/mens-soccer/roster,Senior
Western Connecticut,2025-26,D3,85%,9,Ayoob Musanovic,Midfielder,68,https://westconnathletics.com/sports/mens-soccer/roster,Senior
Western Connecticut,2025-26,D3,85%,9,Ian Mounts,M/F,768,https://westconnathletics.com/sports/mens-soccer/roster,Senior
Western New England,2025-26,D3,85%,7,Matt Spruill,Defender,955,https://wnegoldenbears.com/sports/mens-soccer/roster,Senior
Western New England,2025-26,D3,85%,7,Jonathan Xavier,Defender,122,https://wnegoldenbears.com/sports/mens-soccer/roster,Senior
Western New England,2025-26,D3,85%,7,Jayden Montagna,Midfielder,1317,https://wnegoldenbears.com/sports/mens-soccer/roster,Senior
Western New England,2025-26,D3,85%,7,Shay O'Neill,Midfielder,1480,https://wnegoldenbears.com/sports/mens-soccer/roster,Senior
Western New England,2025-26,D3,85%,7,Jack Leland,Defender,1712,https://wnegoldenbears.com/sports/mens-soccer/roster,Senior
Western New England,2025-26,D3,85%,7,Andrew Macca,Defender,102,https://wnegoldenbears.com/sports/mens-soccer/roster,Senior
Western New England,2025-26,D3,85%,7,Josh Gstell,Defender,122,https://wnegoldenbears.com/sports/mens-soccer/roster,Senior
Westfield State,2025-26,D3,85%,10,Ryan Denehy,Defender,,https://www.westfieldstateowls.com/sports/msoc/2025-26/roster,Senior
Westfield State,2025-26,D3,85%,10,Sonny Mazza,Midfield/Forward,,https://www.westfieldstateowls.com/sports/msoc/2025-26/roster,Senior
Westfield State,2025-26,D3,85%,10,Carter Daughdrill,Defender,,https://www.westfieldstateowls.com/sports/msoc/2025-26/roster,Senior
Westfield State,2025-26,D3,85%,10,Aidan Ferguson,Midfield/Forward,,https://www.westfieldstateowls.com/sports/msoc/2025-26/roster,Senior
Westfield State,2025-26,D3,85%,10,Enzo Mazza,Midfield/Forward,,https://www.westfieldstateowls.com/sports/msoc/2025-26/roster,Senior
Westfield State,2025-26,D3,85%,10,Dominic Cirelli,Midfield/Forward,,https://www.westfieldstateowls.com/sports/msoc/2025-26/roster,Senior
Westfield State,2025-26,D3,85%,10,Matias Otero,Forward,,https://www.westfieldstateowls.com/sports/msoc/2025-26/roster,Senior
Westfield State,2025-26,D3,85%,10,Jesse Njamnshi,Forward,,https://www.westfieldstateowls.com/sports/msoc/2025-26/roster,Senior
Westfield State,2025-26,D3,85%,10,Cairn Bright,Defender,,https://www.westfieldstateowls.com/sports/msoc/2025-26/roster,Senior
Westfield State,2025-26,D3,85%,10,Carter Hebert,Midfield/Forward,,https://www.westfieldstateowls.com/sports/msoc/2025-26/roster,Senior
Westminster (MO),2025-26,D3,85%,4,Hunter Deeken,Goalkeeper,1019,https://wcbluejays.wcmo.edu/sports/mens-soccer/roster,Senior
Westminster (MO),2025-26,D3,85%,4,Nathan Naumann,Forward,849,https://wcbluejays.wcmo.edu/sports/mens-soccer/roster,Senior
Westminster (MO),2025-26,D3,85%,4,Noah Naumann,Midfielder,869,https://wcbluejays.wcmo.edu/sports/mens-soccer/roster,Senior
Westminster (MO),2025-26,D3,85%,4,Jacob Milam,Defender,,https://wcbluejays.wcmo.edu/sports/mens-soccer/roster,Senior
Westminster (PA),2025-26,D3,0%,0,,,,https://athletics.westminster.edu/splash.aspx?id=splash_15,Roster data requires JavaScript (JS-rendered SPA)
Wheaton (IL),2025-26,D3,85%,11,Jack Krahel,Goalkeeper,1620,https://athletics.wheaton.edu/sports/mens-soccer/roster,Graduate Student
Wheaton (IL),2025-26,D3,85%,11,Kyle Johnson,Forward,265,https://athletics.wheaton.edu/sports/mens-soccer/roster,Senior
Wheaton (IL),2025-26,D3,85%,11,Timmy Jones,Midfielder,1361,https://athletics.wheaton.edu/sports/mens-soccer/roster,Senior
Wheaton (IL),2025-26,D3,85%,11,Caleb Davis,Forward/Midfielder,413,https://athletics.wheaton.edu/sports/mens-soccer/roster,Senior
Wheaton (IL),2025-26,D3,85%,11,Mason Louth,Midfielder/Forward,1114,https://athletics.wheaton.edu/sports/mens-soccer/roster,Senior
Wheaton (IL),2025-26,D3,85%,11,Nick Rodriguez,Forward,39,https://athletics.wheaton.edu/sports/mens-soccer/roster,Senior
Wheaton (IL),2025-26,D3,85%,11,Wes Seneff,Defender,1086,https://athletics.wheaton.edu/sports/mens-soccer/roster,Senior
Wheaton (IL),2025-26,D3,85%,11,Sam Grotelueschen,Defender,1238,https://athletics.wheaton.edu/sports/mens-soccer/roster,Senior
Wheaton (IL),2025-26,D3,85%,11,Andrew Heeringa,Defender,568,https://athletics.wheaton.edu/sports/mens-soccer/roster,Senior
Wheaton (IL),2025-26,D3,85%,11,Jack Jacquet,Midfielder,387,https://athletics.wheaton.edu/sports/mens-soccer/roster,Senior
Wheaton (IL),2025-26,D3,85%,11,Caleb Ryan,Defender,274,https://athletics.wheaton.edu/sports/mens-soccer/roster,Senior
Wheaton (MA),2025-26,D3,85%,11,Jack Krahel,Goalkeeper,1620,https://athletics.wheaton.edu/sports/mens-soccer/roster,Graduate Student
Wheaton (MA),2025-26,D3,85%,11,Kyle Johnson,Forward,265,https://athletics.wheaton.edu/sports/mens-soccer/roster,Senior
Wheaton (MA),2025-26,D3,85%,11,Timmy Jones,Midfielder,1361,https://athletics.wheaton.edu/sports/mens-soccer/roster,Senior
Wheaton (MA),2025-26,D3,85%,11,Caleb Davis,Forward/Midfielder,413,https://athletics.wheaton.edu/sports/mens-soccer/roster,Senior
Wheaton (MA),2025-26,D3,85%,11,Mason Louth,Midfielder/Forward,1114,https://athletics.wheaton.edu/sports/mens-soccer/roster,Senior
Wheaton (MA),2025-26,D3,85%,11,Nick Rodriguez,Forward,39,https://athletics.wheaton.edu/sports/mens-soccer/roster,Senior
Wheaton (MA),2025-26,D3,85%,11,Wes Seneff,Defender,1086,https://athletics.wheaton.edu/sports/mens-soccer/roster,Senior
Wheaton (MA),2025-26,D3,85%,11,Sam Grotelueschen,Defender,1238,https://athletics.wheaton.edu/sports/mens-soccer/roster,Senior
Wheaton (MA),2025-26,D3,85%,11,Andrew Heeringa,Defender,568,https://athletics.wheaton.edu/sports/mens-soccer/roster,Senior
Wheaton (MA),2025-26,D3,85%,11,Jack Jacquet,Midfielder,387,https://athletics.wheaton.edu/sports/mens-soccer/roster,Senior
Wheaton (MA),2025-26,D3,85%,11,Caleb Ryan,Defender,274,https://athletics.wheaton.edu/sports/mens-soccer/roster,Senior
Whitman,2025-26,D3,85%,3,Jude Clum-Stockton,Defender/Midfield,1378,https://whitmanblues.com/sports/mens-soccer/roster,Senior
Whitman,2025-26,D3,85%,3,Lucas McAllister,Midfield/Forward,1455,https://whitmanblues.com/sports/mens-soccer/roster,Senior
Whitman,2025-26,D3,85%,3,Adrian Valencia,Defender,1842,https://whitmanblues.com/sports/mens-soccer/roster,Senior
Whitworth,2025-26,D3,85%,10,Aiden Chase,Goalkeeper,1080,https://whitworthpirates.com/sports/mens-soccer/roster,Senior
Whitworth,2025-26,D3,85%,10,Reeves Oakman,Defender,864,https://whitworthpirates.com/sports/mens-soccer/roster,Graduate Student
Whitworth,2025-26,D3,85%,10,Dominic Gusman,Defender,1293,https://whitworthpirates.com/sports/mens-soccer/roster,Graduate Student
Whitworth,2025-26,D3,85%,10,Ralph Borromeo,Midfielder,386,https://whitworthpirates.com/sports/mens-soccer/roster,Senior
Whitworth,2025-26,D3,85%,10,Keegan Davis,Midfielder,858,https://whitworthpirates.com/sports/mens-soccer/roster,Senior
Whitworth,2025-26,D3,85%,10,Jordan Voigt,Forward,644,https://whitworthpirates.com/sports/mens-soccer/roster,Senior
Whitworth,2025-26,D3,85%,10,Ben Hippauf,Midfielder,705,https://whitworthpirates.com/sports/mens-soccer/roster,Senior
Whitworth,2025-26,D3,85%,10,Johnny Finnegan,Defender,1254,https://whitworthpirates.com/sports/mens-soccer/roster,Senior
Whitworth,2025-26,D3,85%,10,Connor Bly,Defender,265,https://whitworthpirates.com/sports/mens-soccer/roster,Senior
Whitworth,2025-26,D3,85%,10,Adrian Petrillo,Midfielder,91,https://whitworthpirates.com/sports/mens-soccer/roster,Senior
Widener,2025-26,D3,85%,10,Bryce Deshaies,Defender,,https://widenerpride.com/sports/mens-soccer/roster,Senior
Widener,2025-26,D3,85%,10,Bryan Gaviria,Forward,,https://widenerpride.com/sports/mens-soccer/roster,Senior
Widener,2025-26,D3,85%,10,Hector Suriel,Midfield/Forward,,https://widenerpride.com/sports/mens-soccer/roster,Senior
Widener,2025-26,D3,85%,10,Tumi Sekhampu,Midfield/Forward,,https://widenerpride.com/sports/mens-soccer/roster,Graduate Student
Widener,2025-26,D3,85%,10,Ryan Toporowski,Midfielder,,https://widenerpride.com/sports/mens-soccer/roster,Senior
Widener,2025-26,D3,85%,10,Ryan Davis,Defender,,https://widenerpride.com/sports/mens-soccer/roster,Senior
Widener,2025-26,D3,85%,10,Michael Burckley,Forward,,https://widenerpride.com/sports/mens-soccer/roster,Senior
Widener,2025-26,D3,85%,10,Ricky Venegas Banuelos,Defender,,https://widenerpride.com/sports/mens-soccer/roster,Senior
Widener,2025-26,D3,85%,10,Carter Hoover,Midfielder,,https://widenerpride.com/sports/mens-soccer/roster,Senior
Widener,2025-26,D3,85%,10,Aiden Sommers,Midfielder,,https://widenerpride.com/sports/mens-soccer/roster,Graduate Student
Wilkes,2025-26,D3,85%,7,Brett Sanders,Defender,599,https://gowilkesu.com/sports/mens-soccer/roster,Senior
Wilkes,2025-26,D3,85%,7,Seth Marsteller,Midfielder,1240,https://gowilkesu.com/sports/mens-soccer/roster,Senior
Wilkes,2025-26,D3,85%,7,Will Wagstaff,Midfielder,949,https://gowilkesu.com/sports/mens-soccer/roster,Senior
Wilkes,2025-26,D3,85%,7,Elhadji Kallo,Midfielder,502,https://gowilkesu.com/sports/mens-soccer/roster,Senior
Wilkes,2025-26,D3,85%,7,Josey Williamson,Midfield/Defender,477,https://gowilkesu.com/sports/mens-soccer/roster,Senior
Wilkes,2025-26,D3,85%,7,Luke Ferrarese,Midfielder,1246,https://gowilkesu.com/sports/mens-soccer/roster,Senior
Wilkes,2025-26,D3,85%,7,Nick Romas,Midfield/Forward,718,https://gowilkesu.com/sports/mens-soccer/roster,Graduate Student
Williams,2025-26,D3,85%,9,Tommy Bowen,Midfielder,,https://rwuhawks.com/sports/mens-soccer/roster,Graduate Student
Williams,2025-26,D3,85%,9,Sebastian Headrick,Midfielder,,https://rwuhawks.com/sports/mens-soccer/roster,Graduate Student
Williams,2025-26,D3,85%,9,Max Patenaude,Midfielder,,https://rwuhawks.com/sports/mens-soccer/roster,Senior
Williams,2025-26,D3,85%,9,Liam Blaisdell,Forward,,https://rwuhawks.com/sports/mens-soccer/roster,Senior
Williams,2025-26,D3,85%,9,Jorge Beltran,Midfielder,,https://rwuhawks.com/sports/mens-soccer/roster,Senior
Williams,2025-26,D3,85%,9,Will Schiffer,Midfielder,,https://rwuhawks.com/sports/mens-soccer/roster,Senior
Williams,2025-26,D3,85%,9,Murphy Malone,Forward,,https://rwuhawks.com/sports/mens-soccer/roster,Senior
Williams,2025-26,D3,85%,9,Liam Jones,Defender,,https://rwuhawks.com/sports/mens-soccer/roster,Senior
Williams,2025-26,D3,85%,9,Liam Farrell,Defender,,https://rwuhawks.com/sports/mens-soccer/roster,Senior
Wilmington (OH),2025-26,D3,85%,2,Kaden Young,Forward,1499,https://wilmingtonquakers.com/sports/mens-soccer/roster,Senior
Wilmington (OH),2025-26,D3,85%,2,Connor Neidemire,Defender,1625,https://wilmingtonquakers.com/sports/mens-soccer/roster,Senior
Wisconsin-Eau Claire,2025-26,D3,85%,4,Owen Williams,Forward,860,https://blugolds.com/sports/mens-soccer/roster,Senior
Wisconsin-Eau Claire,2025-26,D3,85%,4,Carson Kowalski,Midfield/Defense,1759,https://blugolds.com/sports/mens-soccer/roster,Senior
Wisconsin-Eau Claire,2025-26,D3,85%,4,Ramzi Ouro,Defense/Forward,1471,https://blugolds.com/sports/mens-soccer/roster,Senior
Wisconsin-Eau Claire,2025-26,D3,85%,4,Devan Barragan-Briseno,Goalkeeper,7,https://blugolds.com/sports/mens-soccer/roster,Senior
Wisconsin-Oshkosh,2025-26,D3,0%,0,,,,https://uwoshkoshtitans.com/sports/mens-soccer/roster,Roster data requires JavaScript (JS-rendered SPA)
Wisconsin-Platteville,2025-26,D3,85%,10,Seth Aiken,Goalkeeper,1590,https://letsgopioneers.com/sports/mens-soccer/roster,Senior
Wisconsin-Platteville,2025-26,D3,85%,10,Ethan Dietrich,Forward,910,https://letsgopioneers.com/sports/mens-soccer/roster,Senior
Wisconsin-Platteville,2025-26,D3,85%,10,Christian Diaz,Forward,221,https://letsgopioneers.com/sports/mens-soccer/roster,Senior
Wisconsin-Platteville,2025-26,D3,85%,10,Sebastian Carranza,Forward,1030,https://letsgopioneers.com/sports/mens-soccer/roster,Senior
Wisconsin-Platteville,2025-26,D3,85%,10,Brock Jurinek,F/M,763,https://letsgopioneers.com/sports/mens-soccer/roster,Senior
Wisconsin-Platteville,2025-26,D3,85%,10,Danny Gutzwiller,Midfielder,1230,https://letsgopioneers.com/sports/mens-soccer/roster,Senior
Wisconsin-Platteville,2025-26,D3,85%,10,Keith Gardner,Defender,585,https://letsgopioneers.com/sports/mens-soccer/roster,Senior
Wisconsin-Platteville,2025-26,D3,85%,10,Zac Monnett,Forward,522,https://letsgopioneers.com/sports/mens-soccer/roster,Senior
Wisconsin-Platteville,2025-26,D3,85%,10,Alester Dawson,Defender,1539,https://letsgopioneers.com/sports/mens-soccer/roster,Senior
Wisconsin-Platteville,2025-26,D3,85%,10,Cael Harris,Defender,1197,https://letsgopioneers.com/sports/mens-soccer/roster,Senior
Wisconsin-River Falls,2025-26,D3,85%,2,Josh Bates,Goalkeeper,1217,https://uwrfsports.com/sports/mens-soccer/roster,Graduate Student
Wisconsin-River Falls,2025-26,D3,85%,2,Kellen Richardson,Midfielder,512,https://uwrfsports.com/sports/mens-soccer/roster,Senior
Wisconsin-Stevens Point,2025-26,D3,85%,3,Cameron Jochimsen,Midfielder,1484,https://athletics.uwsp.edu/sports/mens-soccer/roster,Graduate Student
Wisconsin-Stevens Point,2025-26,D3,85%,3,Noah Johnson,Midfielder,1090,https://athletics.uwsp.edu/sports/mens-soccer/roster,Senior
Wisconsin-Stevens Point,2025-26,D3,85%,3,Keegan Bell,Defender,71,https://athletics.uwsp.edu/sports/mens-soccer/roster,Senior
Wisconsin-Stout,2025-26,D3,85%,3,Jack Wasmund,Midfielder,28,https://stoutbluedevils.com/sports/mens-soccer/roster,Senior
Wisconsin-Stout,2025-26,D3,85%,3,Dawson Green,Defender,1,https://stoutbluedevils.com/sports/mens-soccer/roster,Senior
Wisconsin-Stout,2025-26,D3,85%,3,Lucas Biederman,Goalkeeper,180,https://stoutbluedevils.com/sports/mens-soccer/roster,Senior
Wisconsin-Superior,2025-26,D3,85%,6,Melvin Andersson,Midfielder,298,https://uwsyellowjackets.com/sports/mens-soccer/roster,Senior
Wisconsin-Superior,2025-26,D3,85%,6,Adam Kaffel,Defender,1031,https://uwsyellowjackets.com/sports/mens-soccer/roster,Senior
Wisconsin-Superior,2025-26,D3,85%,6,Jacob Wyles,Defender,1488,https://uwsyellowjackets.com/sports/mens-soccer/roster,Senior
Wisconsin-Superior,2025-26,D3,85%,6,Orlando Fertleman,Midfielder,1330,https://uwsyellowjackets.com/sports/mens-soccer/roster,Senior
Wisconsin-Superior,2025-26,D3,85%,6,Rowan Wagner,Defender,1599,https://uwsyellowjackets.com/sports/mens-soccer/roster,Senior
Wisconsin-Superior,2025-26,D3,85%,6,Harvey  McLoughlin,Midfielder,1300,https://uwsyellowjackets.com/sports/mens-soccer/roster,Senior
Wisconsin-Whitewater,2025-26,D3,85%,3,Zeke Healy,Defender,1640,https://uwwsports.com/sports/mens-soccer/roster,Senior
Wisconsin-Whitewater,2025-26,D3,85%,3,Cooper  Re,Forward,1374,https://uwwsports.com/sports/mens-soccer/roster,Senior
Wisconsin-Whitewater,2025-26,D3,85%,3,Adam Kaup,Defender,320,https://uwwsports.com/sports/mens-soccer/roster,Senior
Worcester Polytechnic,2025-26,D3,85%,7,Floris Huiskers,Goalkeeper,315,https://athletics.wpi.edu/sports/mens-soccer/roster,Senior
Worcester Polytechnic,2025-26,D3,85%,7,Edward Zazzali,Defender,1715,https://athletics.wpi.edu/sports/mens-soccer/roster,Senior
Worcester Polytechnic,2025-26,D3,85%,7,Aidan McLoughlin,M/B,769,https://athletics.wpi.edu/sports/mens-soccer/roster,Senior
Worcester Polytechnic,2025-26,D3,85%,7,Tora Ito,Midfielder,780,https://athletics.wpi.edu/sports/mens-soccer/roster,Senior
Worcester Polytechnic,2025-26,D3,85%,7,Fabio Bastida-Andreu,Forward,842,https://athletics.wpi.edu/sports/mens-soccer/roster,Senior
Worcester Polytechnic,2025-26,D3,85%,7,Evan Haas,Defender,1537,https://athletics.wpi.edu/sports/mens-soccer/roster,Senior
Worcester Polytechnic,2025-26,D3,85%,7,Anthony Coutts,Midfielder,1152,https://athletics.wpi.edu/sports/mens-soccer/roster,Senior
Yeshiva,2025-26,D3,85%,10,Lotan Sapir,Defender,847,https://yumacs.com/sports/mens-soccer/roster,Graduate Student
Yeshiva,2025-26,D3,85%,10,Ilan Ganem,Defense/Goalkeeper,776,https://yumacs.com/sports/mens-soccer/roster,Senior
Yeshiva,2025-26,D3,85%,10,David Abittan,Midfielder,656,https://yumacs.com/sports/mens-soccer/roster,Senior
Yeshiva,2025-26,D3,85%,10,Nadav Ohayon,Defender,404,https://yumacs.com/sports/mens-soccer/roster,Senior
Yeshiva,2025-26,D3,85%,10,Kfir Slonimski,Defender,124,https://yumacs.com/sports/mens-soccer/roster,Senior
Yeshiva,2025-26,D3,85%,10,Israel Bussu,Midfielder,320,https://yumacs.com/sports/mens-soccer/roster,Senior
Yeshiva,2025-26,D3,85%,10,Eli Suli,Defender,65,https://yumacs.com/sports/mens-soccer/roster,Senior
Yeshiva,2025-26,D3,85%,10,Synatra Tarenyika,Midfielder,130,https://yumacs.com/sports/mens-soccer/roster,Graduate Student
Yeshiva,2025-26,D3,85%,10,Tanaka Maramba,Forward,343,https://yumacs.com/sports/mens-soccer/roster,Graduate Student
Yeshiva,2025-26,D3,85%,10,Aiden Zrihen,Goalkeeper,496,https://yumacs.com/sports/mens-soccer/roster,Senior
York (PA),2025-26,D3,85%,8,Cody Baker,Goalkeeper,46,https://nphawks.com/sports/mens-soccer/roster,Senior
York (PA),2025-26,D3,85%,8,Zack Beach,Defender,479,https://nphawks.com/sports/mens-soccer/roster,Senior
York (PA),2025-26,D3,85%,8,Alex  Wyant,Midfielder,1294,https://nphawks.com/sports/mens-soccer/roster,Senior
York (PA),2025-26,D3,85%,8,Luca  Giammarino,Defender,96,https://nphawks.com/sports/mens-soccer/roster,Senior
York (PA),2025-26,D3,85%,8,Colin Brant,Forward,964,https://nphawks.com/sports/mens-soccer/roster,Senior
York (PA),2025-26,D3,85%,8,David  Acker,Midfielder,539,https://nphawks.com/sports/mens-soccer/roster,Senior
York (PA),2025-26,D3,85%,8,Alejandro Londono,Midfielder,396,https://nphawks.com/sports/mens-soccer/roster,Senior
York (PA),2025-26,D3,85%,8,Ryan Bochenski,Defender,1375,https://nphawks.com/sports/mens-soccer/roster,Senior
Anna Maria,2025-26,D3,0%,0,,,,,Website blocks scrapers (403)
Cazenovia,2025-26,D3,0%,0,,,,,College closed June 2023
Eastern Nazarene,2025-26,D3,0%,0,,,,,Website blocks scrapers (403)
Fontbonne,2025-26,D3,0%,0,,,,,Roster page not found (404)
Wells,2025-26,D3,0%,0,,,,,Domain not resolving
Wisconsin-La Crosse,2025-26,D3,0%,0,,,,,No mens soccer program found
Bob Jones,2025-26,D3,85%,1,Rhys Solomon,Midfielder,1071,https://www.bjubruins.com/sports/mens-soccer/roster,Senior
Worcester State,2025-26,D3,85%,6,Brendan Lower,Defender,,https://www.wsulancers.com/sports/msoc/2025-26/roster,Sr./Jr.
Worcester State,2025-26,D3,85%,6,Brady Iovanni,Forward,,https://www.wsulancers.com/sports/msoc/2025-26/roster,Senior
Worcester State,2025-26,D3,85%,6,Wilber Garcia,Midfielder,,https://www.wsulancers.com/sports/msoc/2025-26/roster,Senior
Worcester State,2025-26,D3,85%,6,Tazir Kaba,Midfielder,,https://www.wsulancers.com/sports/msoc/2025-26/roster,Senior
Worcester State,2025-26,D3,85%,6,Kwaku Bonsu,Forward,,https://www.wsulancers.com/sports/msoc/2025-26/roster,Senior
Worcester State,2025-26,D3,85%,6,Taylor Gavaletz,Forward/Midfield,,https://www.wsulancers.com/sports/msoc/2025-26/roster,Senior
Wittenberg,2025-26,D3,85%,7,Sam Nitzberg,Goalkeeper,,https://wittenbergtigers.com/sports/msoc/2025-26/roster,Senior
Wittenberg,2025-26,D3,85%,7,Jackson Miller,Defender,,https://wittenbergtigers.com/sports/msoc/2025-26/roster,Senior
Wittenberg,2025-26,D3,85%,7,Kyler Hagstrom,Defender,,https://wittenbergtigers.com/sports/msoc/2025-26/roster,Senior
Wittenberg,2025-26,D3,85%,7,Christopher Meyer,Midfielder,,https://wittenbergtigers.com/sports/msoc/2025-26/roster,Senior
Wittenberg,2025-26,D3,85%,7,Ryan Shindeldecker,Defender,,https://wittenbergtigers.com/sports/msoc/2025-26/roster,Senior
Wittenberg,2025-26,D3,85%,7,Jack Pascoal,Forward,,https://wittenbergtigers.com/sports/msoc/2025-26/roster,Senior
Wittenberg,2025-26,D3,85%,7,Leroy Dannemiller,Defender,,https://wittenbergtigers.com/sports/msoc/2025-26/roster,Senior
