school_id,school,sport,division,conference,conf_tier,nickname,nickname_plural,mascot,primary_color,secondary_color,logo_url,athletics_domain,conference_champion_2025,conference_champion_name,soccer_score_v6,soccer_score_rank,within_div_strength,academic_rating,2022_W,2022_L,2022_D,2023_W,2023_L,2023_D,2024_W,2024_L,2024_D,2025_W,2025_L,2025_D,2022_ps,2023_ps,2024_ps,2025_ps,head_coach,head_coach_title,head_coach_email,head_coach_email_type,roster_url_2025,graduating_seniors_2025,data_sources,identity_source,identity_notes,conference_champion_source,conference_champion_notes,coach_source_url
abilene_christian,Abilene Christian,womens-soccer,D1,UAC,d1t4,Wildcats,1,Willie the Wildcat,,,https://upload.wikimedia.org/wikipedia/commons/1/11/Abilene_Christian_University_wordmark_hz_logo.svg?utm_source=commons.wikimedia.org&utm_campaign=imageinfo&utm_content=original,,,,63.43,347,0.1873,5.6,4,10,4,7,9,2,2,7,8,6,11,3,,,,,Stephen Salas,Head Coach,stephen.salas@acu.edu,personal,,,records+db+v6+coach+grads,wikipedia:Abilene Christian University,,,,https://acusports.com/sports/womens-soccer/coaches
air_force,Air Force,womens-soccer,D1,Mountain West,d1t3,Falcons,1,,,,,,,,69.39,210,0.3198,8.8,7,7,4,6,9,3,5,10,3,8,7,4,,,,,Laura Busby,Head Coach,laura.busby@afacademy.af.edu,personal,,,records+db+v6+coach+grads,athletics-domain:goairforcefalcons.com,"nickname recovered from the school's own athletics hostname; its Wikipedia article states none. Confirmed by that site's title (""Air Force Academy Athletics - Official Athletics Website"").",,,https://goairforcefalcons.com/sports/womens-soccer/coaches
akron,Akron,womens-soccer,D1,MAC,d1t3,Zips,1,Zippy the Kangaroo,#041E42,#A89968,https://upload.wikimedia.org/wikipedia/commons/1/16/University_of_Akron_logo.svg?utm_source=commons.wikimedia.org&utm_campaign=imageinfo&utm_content=original,,,,64.62,324,0.2139,3.3,3,9,4,3,14,1,5,9,4,5,9,4,,,,,Maggie Kuhn,Head Coach,,,,,records+db+v6+coach+grads,wikipedia:University of Akron,,,,https://gozips.com/sports/womens-soccer/coaches
alabama,Alabama,womens-soccer,D1,SEC,d1t1,Crimson Tide,0,Big Al,#9E1B32,#FFFFFF,https://upload.wikimedia.org/wikipedia/commons/0/0d/University_of_Alabama_logo.svg?utm_source=commons.wikimedia.org&utm_campaign=imageinfo&utm_content=original,,,,87.92,24,0.7316,6.7,23,3,1,12,5,5,10,6,5,11,9,2,semi,r32,,r32,Wes Hart,Head Coach,whart@ia.ua.edu,inferred,,,records+db+v6+coach+grads,wikipedia:University of Alabama,,,,pattern_inference:high
alabama_a_m,Alabama A&M,womens-soccer,D1,SWAC,d1t4,Bulldogs,1,Butch,#862633,#FFFFFF,https://upload.wikimedia.org/wikipedia/commons/1/10/Alternative_Alabama_A%26M_logo.png?utm_source=commons.wikimedia.org&utm_campaign=imageinfo&utm_content=original,,,,65.98,288,0.2440,1.7,4,12,2,,,,7,11,1,9,9,1,,,,,Prince Borde,Head Coach,prince.borde@aamu.edu,personal,,,records+db+v6+coach+grads,wikipedia:Alabama A&M University,,,,https://aamusports.com/sports/womens-soccer/coaches
alabama_state,Alabama State,womens-soccer,D1,SWAC,d1t4,Hornets,1,,#000000,#F0A40F,https://upload.wikimedia.org/wikipedia/commons/2/29/Alabama_State_University_wordmark.svg?utm_source=commons.wikimedia.org&utm_campaign=imageinfo&utm_content=original,,,,59.87,408,0.1083,2.5,6,8,4,2,12,3,5,8,3,2,17,1,,,,,Alicia Wilson,Head Women's Soccer Coach,awilson1678@alasu.edu,personal,,,records+db+v6+coach+grads,wikipedia:Alabama State University,,,,https://bamastatesports.com/sports/womens-soccer/coaches
albany,Albany,womens-soccer,D1,America East,d1t3,Great Danes,1,Great Danes,,,https://upload.wikimedia.org/wikipedia/en/3/3d/Logo_for_the_University_at_Albany_2.png?utm_source=en.wikipedia.org&utm_campaign=imageinfo&utm_content=original,,,,62.27,368,0.1617,6.0,7,8,5,4,10,2,3,12,1,2,13,2,,,,,Sade Ayinde,Head Coach,sthomas-ayinde@albany.edu,personal,,,records+db+v6+coach+grads,wikipedia:University at Albany,,,,https://ualbanysports.com/sports/womens-soccer/coaches
alcorn_state,Alcorn State,womens-soccer,D1,SWAC,d1t4,Braves,1,Bravehawk,#512D6D,#CC8A00,https://upload.wikimedia.org/wikipedia/en/7/76/Alcorn_State_University_logo.svg?utm_source=en.wikipedia.org&utm_campaign=imageinfo&utm_content=original,,,,63.99,333,0.1997,2.8,5,9,4,5,11,1,,,,5,8,4,,,,,Ken Kabiru,Head Coach,kkabiru@alcorn.edu,personal,,,records+db+v6+coach+grads,wikipedia:Alcorn State University,,,,https://alcornsports.com/sports/womens-soccer/coaches
american,American,womens-soccer,D1,Patriot,d1t3,Eagles,1,Clawed Z. Eagle,#ED193A,#004FA2,https://upload.wikimedia.org/wikipedia/commons/c/c6/American_University_logo.svg?utm_source=commons.wikimedia.org&utm_campaign=imageinfo&utm_content=original,,,,65.47,303,0.2328,8.2,3,6,6,3,9,4,6,6,3,3,10,4,,,,,Phil Casella,Head Coach,pcasella@american.edu,personal,,,records+db+v6+coach+grads,wikipedia:American University,,,,https://aueagles.com/sports/womens-soccer/coaches
appalachian_state,Appalachian State,womens-soccer,D1,Sun Belt,d1t3,Mountaineers,1,Yosef,,,https://upload.wikimedia.org/wikipedia/en/c/c1/Appalachian_State_University_logo.png?utm_source=en.wikipedia.org&utm_campaign=imageinfo&utm_content=original,,,,71.37,176,0.3637,5.9,6,9,4,9,6,3,7,7,5,7,7,3,,,,,Aimee Haywood,Head Coach,,,,,records+db+v6+coach+grads,wikipedia:Appalachian State University,,,,https://appstatesports.com/sports/womens-soccer/coaches
arizona,Arizona,womens-soccer,D1,Big 12,d1t1,Wildcats,1,Wilbur and Wilma T. Wildcat,,,https://upload.wikimedia.org/wikipedia/commons/b/b6/University_of_Arizona_logo.svg?utm_source=commons.wikimedia.org&utm_campaign=imageinfo&utm_content=original,,,,79.52,68,0.5449,6.6,8,7,3,6,8,5,11,6,2,7,11,1,,,,,Becca Moros,Head Coach,rmoros@arizona.edu,personal,,,records+db+v6+coach+grads,wikipedia:University of Arizona,,,,https://arizonawildcats.com/sports/womens-soccer/coaches
arizona_state,Arizona State,womens-soccer,D1,Big 12,d1t1,Sun Devils,1,Sparky the Sun Devil,#8C1D40,#FFC627,https://upload.wikimedia.org/wikipedia/commons/b/b3/Arizona_State_University_logo.svg?utm_source=commons.wikimedia.org&utm_campaign=imageinfo&utm_content=original,,,,83.81,44,0.6403,6.5,9,6,3,10,7,4,8,8,3,10,5,4,appearance,appearance,,,Graham Winkworth,Head Coach,Graham.Winkworth@asu.edu,personal,,,records+db+v6+coach+grads,wikipedia:Arizona State University,,,,https://thesundevils.com/sports/womens-soccer/coaches
arkansas,Arkansas,womens-soccer,D1,SEC,d1t1,Razorbacks,1,Sue E. / Tusk / Big Red,#9D2235,#FFFFFF,https://upload.wikimedia.org/wikipedia/en/2/25/University_of_Arkansas_logo.svg?utm_source=en.wikipedia.org&utm_campaign=imageinfo&utm_content=original,,,,92.07,11,0.8237,5.8,11,3,3,12,3,2,13,1,2,10,6,4,quarter,r32,r16,r32,Colby Hale,Head Coach,cah013@uark.edu,personal,,,records+db+v6+coach+grads,wikipedia:University of Arkansas,"academic_rating voided 2026-08-24: a fuzzy name match had assigned Central Arkansas score of 4.8; needs a real 70/30 US News and Niche rating; academic_rating 7.4 interpolated 2026-08-24 from US News #183 in National Universities, against verified anchors (#24 Emory 10, #59 Penn State 8.7, #158 Louisville 7.8, #222 West Virginia 6.8)",,,https://directory.uark.edu/people/cah013
arkansas_state,Arkansas State,womens-soccer,D1,Sun Belt,d1t3,Red Wolves,1,Howl and Scarlet,,,https://upload.wikimedia.org/wikipedia/commons/f/f4/AState_Logo.png?utm_source=commons.wikimedia.org&utm_campaign=imageinfo&utm_content=original,,,,68.06,243,0.2901,3.6,9,6,3,4,8,4,4,6,6,4,7,4,,,,,Brian Dooley,Head Coach,bdooley@astate.edu,personal,,,records+db+v6+coach+grads,wikipedia:Arkansas State University,,,,https://astateredwolves.com/sports/womens-soccer/coaches
arkansas_pine_bluff,Arkansas-Pine Bluff,womens-soccer,D1,SWAC,d1t4,,,Golden Lions,#FDB913,,https://upload.wikimedia.org/wikipedia/en/0/07/University_of_Arkansas_at_Pine_Bluff_logo.svg?utm_source=en.wikipedia.org&utm_campaign=imageinfo&utm_content=original,,,,63.34,348,0.1853,2.8,9,10,1,9,11,1,1,12,2,,,,,,,,Fred Locario,Head Soccer Coach,locariof@uapb.edu,personal,,,records+db+v6+coach+grads,wikipedia:University of Arkansas at Pine Bluff,,,,https://uapblionsroar.com/sports/womens-soccer/coaches
army,Army,womens-soccer,D1,Patriot,d1t3,Black Knights,1,Mule,#000000,#BE9969,https://upload.wikimedia.org/wikipedia/commons/b/b9/United_States_Military_Academy_wordmark.svg?utm_source=commons.wikimedia.org&utm_campaign=imageinfo&utm_content=original,,1,Patriot,77.69,84,0.5043,9.0,9,4,7,10,6,4,12,6,1,14,6,2,,,,appearance,Tracy Chao,Head Women's Soccer Coach,tracy.chao@westpoint.edu,personal,,,records+db+v6+coach+grads,wikipedia:United States Military Academy,corrected from this school's men's row: had been matched to a different institution of a similar name (wikipedia:Army University),wikipedia:2025 NCAA Division I women's soccer tournament,,https://goarmywestpoint.com/sports/womens-soccer/coaches
auburn,Auburn,womens-soccer,D1,SEC,d1t1,Tigers,1,Aubie the Tiger,#E86100,#0B2341,,aumathletics.com,,,84.78,37,0.6619,7.3,6,6,6,8,7,5,13,4,4,,,,,,r32,,James Armstrong,Head Coach,,,,,records+db+v6+coach+grads,wikipedia:Auburn University,,,,https://auburntigers.com/staff-directory
austin_peay,Austin Peay,womens-soccer,D1,UAC,d1t4,,,Governors,,,https://upload.wikimedia.org/wikipedia/commons/1/1c/Austin_Peay_State_University_wordmark.svg?utm_source=commons.wikimedia.org&utm_campaign=imageinfo&utm_content=original,,,,61.71,374,0.1491,3.3,3,9,6,5,11,5,7,6,6,0,11,7,,,,,Kim McGowan,Head Coach,mcgowank@apsu.edu,personal,,,records+db+v6+coach+grads,wikipedia:Austin Peay State University,,,,https://letsgopeay.com/sports/womens-soccer/coaches
byu,BYU,womens-soccer,D1,Big 12,d1t1,Cougars,1,Cosmo the Cougar,#002E5D,#FFFFFF,https://upload.wikimedia.org/wikipedia/commons/0/0c/BYU_Header.svg?utm_source=commons.wikimedia.org&utm_campaign=imageinfo&utm_content=original,,1,Big 12,87.70,26,0.7267,8.0,11,3,7,20,3,3,9,7,5,11,7,6,r16,semi,appearance,r16,Jennifer Rockwood,Head Women's Soccer Coach,jrockwood@byu.edu,personal,,,records+db+v6+coach+grads,wikipedia:Brigham Young University,,wikipedia:2025 NCAA Division I women's soccer tournament,,https://byucougars.com/staff-directory/department/womens-soccer
ball_state,Ball State,womens-soccer,D1,MAC,d1t3,Cardinals,1,Charlie Cardinal,#BA0C2F,#FFFFFF,,,,,72.37,152,0.3859,5.2,7,5,8,8,8,3,7,8,3,10,7,3,,,,,Andy Stoots,Head Coach,andrew.stoots@bsu.edu,personal,,,records+db+v6+coach+grads,wikipedia:Ball State University,,,,https://ballstatesports.com/sports/womens-soccer/coaches
baylor,Baylor,womens-soccer,D1,Big 12,d1t1,Bears,1,Judge Indy and Judge Belle (live bears) / Bruiser and Marigold (costumed),,,https://upload.wikimedia.org/wikipedia/commons/f/fe/Baylor_University_logo.svg?utm_source=commons.wikimedia.org&utm_campaign=imageinfo&utm_content=original,,,,83.28,48,0.6284,7.8,4,11,2,9,7,3,8,8,5,14,5,4,,,,r16,Michelle Lenard,Head Coach,Michelle_Lenard@baylor.edu,inferred,,,records+db+v6+coach+grads,wikipedia:Baylor University,,,,pattern_inference:medium
bellarmine,Bellarmine,womens-soccer,D1,ASUN,d1t3,Knights,1,Valor the Knight,#660000,#CCCCCC,https://upload.wikimedia.org/wikipedia/commons/3/31/BellarmineWaterMark.png?utm_source=commons.wikimedia.org&utm_campaign=imageinfo&utm_content=original,,,,68.81,223,0.3068,5.7,1,7,9,4,9,5,5,12,3,11,6,3,,,,,Steve Bornhoffer,"Head Coach, Women's Soccer",sbornhoffer@bellarmine.edu,personal,,,records+db+v6+coach+grads,wikipedia:Bellarmine University,,,,https://athletics.bellarmine.edu/sports/womens-soccer/coaches
belmont,Belmont,womens-soccer,D1,Missouri Valley,d1t3,Bruins,1,Bruiser the Bruin,#001D54,#B21029,https://upload.wikimedia.org/wikipedia/en/0/02/Belmont_University_Full_Color_Logo.png?utm_source=en.wikipedia.org&utm_campaign=imageinfo&utm_content=original,abbeyathletics.com,,,67.82,247,0.2849,7.1,5,6,6,3,9,7,9,10,2,4,6,7,,,,,Kelsey Cameron,Head Coach,kelsey.cameron@belmont.edu,inferred,,,records+db+v6+coach+grads,wikipedia:Belmont University,,,,pattern_inference:high
binghamton,Binghamton,womens-soccer,D1,America East,d1t3,Bearcats,1,Baxter the Bearcat,#005A43,,https://upload.wikimedia.org/wikipedia/commons/6/67/Binghamton_University_logo.svg?utm_source=commons.wikimedia.org&utm_campaign=imageinfo&utm_content=original,,,,75.06,114,0.4458,7.8,9,5,5,6,5,6,7,6,5,10,2,5,,,,,Neel Bhattacharjee,Head Women's Soccer Coach,nbhatta@binghamton.edu,personal,,,records+db+v6+coach+grads,wikipedia:Binghamton University,,,,https://binghamtonbearcats.com/sports/womens-soccer/coaches
boise_state,Boise State,womens-soccer,D1,Pac-12,d1t3,Broncos,1,Buster Bronco,#0033A0,#D64309,https://upload.wikimedia.org/wikipedia/commons/2/2d/Boise_State_University_logo.svg?utm_source=commons.wikimedia.org&utm_campaign=imageinfo&utm_content=original,,,,78.21,79,0.5157,3.9,8,5,7,11,4,6,16,4,2,10,3,8,,,,,Jim Thomas,Head Coach,jimthomas@boisestate.edu,personal,,,records+db+v6+coach+grads,wikipedia:Boise State University,,,,https://broncosports.com/sports/womens-soccer/coaches
boston_college,Boston College,womens-soccer,D1,ACC,d1t1,Eagles,1,Baldwin the Eagle,#8A100B,#b29d6c,https://upload.wikimedia.org/wikipedia/commons/2/21/Boston_College_Logotype.svg?utm_source=commons.wikimedia.org&utm_campaign=imageinfo&utm_content=original,,,,77.63,85,0.5028,9.0,5,8,5,3,9,6,12,5,2,5,8,5,,,,,Chris Watkins,Head Coach,watkinsc@bc.edu,inferred,,,records+db+v6+coach+grads,wikipedia:Boston College,,,,pattern_inference:low
boston_university,Boston University,womens-soccer,D1,Patriot,d1t3,Terriers,1,Rhett the Boston Terrier,#CC0000,,https://upload.wikimedia.org/wikipedia/commons/3/31/Boston_University_wordmark.svg?utm_source=commons.wikimedia.org&utm_campaign=imageinfo&utm_content=original,,,,73.12,144,0.4026,9.0,11,8,1,7,7,6,6,8,7,11,5,3,,,appearance,,Megan Burke,Head Coach,megburke@bu.edu,personal,,,records+db+v6+coach+grads,wikipedia:Boston University,,,,https://goterriers.com/sports/womens-soccer/coaches
bowling_green,Bowling Green,womens-soccer,D1,MAC,d1t3,Falcons,1,Freddie and Frieda Falcon,#FD5000,#4F2C1D,https://upload.wikimedia.org/wikipedia/commons/3/3f/Bowling_Green_State_University_wordmark.svg?utm_source=commons.wikimedia.org&utm_campaign=imageinfo&utm_content=original,,,,74.74,117,0.4388,4.7,9,5,5,10,6,2,7,7,4,10,3,9,,,,,Chris Fox,Head Coach,,,,,records+db+v6+coach+grads,wikipedia:Bowling Green State University,,,,https://bgsufalcons.com/sports/womens-soccer/coaches
brown,Brown,womens-soccer,D1,Ivy League,d1t3,Bears,1,Bruno the Bear,,,https://upload.wikimedia.org/wikipedia/commons/a/a1/Brown_University_logo.svg?utm_source=commons.wikimedia.org&utm_campaign=imageinfo&utm_content=original,,,,77.98,81,0.5107,9.7,13,2,3,12,3,2,7,5,5,9,4,4,r32,r32,,,Kia McNeill,Messing Family Head Coach for Brown Varsity Women's Soccer,kia_mcneill@brown.edu,personal,,,records+db+v6+coach+grads,wikipedia:Brown University,,,,https://brownbears.com/sports/wsoc/coaches
bryant,Bryant,womens-soccer,D1,America East,d1t3,Bulldogs,1,Tupper the Bulldog,#231F20,#B09863,https://upload.wikimedia.org/wikipedia/commons/5/50/Bryant_University_logo.svg?utm_source=commons.wikimedia.org&utm_campaign=imageinfo&utm_content=original,,,,68.47,231,0.2993,6.9,3,10,4,7,5,4,5,9,4,5,5,8,,,,,Andy Biggs,Head Coach,abiggs@bryant.edu,personal,,,records+db+v6+coach+grads,wikipedia:Bryant University,,,,https://bryantbulldogs.com/sports/womens-soccer/coaches
bucknell,Bucknell,womens-soccer,D1,Patriot,d1t3,Bison,0,Bucky the Bison,,,https://upload.wikimedia.org/wikipedia/commons/1/1f/Bucknell_University_logo.svg?utm_source=commons.wikimedia.org&utm_campaign=imageinfo&utm_content=original,,,,72.91,147,0.3981,9.1,8,6,6,12,4,5,12,4,3,3,9,6,appearance,appearance,,,Kelly Cook,Head Coach,kelly.kuss@bucknell.edu,personal,,,records+db+v6+coach+grads,wikipedia:Bucknell University,,,,https://bucknellbison.com/sports/womens-soccer/coaches
buffalo,Buffalo,womens-soccer,D1,MAC,d1t3,Bulls,1,Victor E. Bull,#005BBB,#FFFFFF,https://upload.wikimedia.org/wikipedia/commons/3/33/University_at_Buffalo_logo.svg?utm_source=commons.wikimedia.org&utm_campaign=imageinfo&utm_content=original,,,,78.63,74,0.5251,7.7,15,2,4,7,5,6,11,2,7,12,5,2,appearance,,,,Shawn Burke,Head Coach,shawnbur@buffalo.edu,personal,,,records+db+v6+coach+grads,wikipedia:University at Buffalo,,,,https://ubbulls.com/sports/womens-soccer/coaches
butler,Butler,womens-soccer,D1,Big East,d1t2,Bulldogs,1,Butler Blue IV<br />Hink,,,https://upload.wikimedia.org/wikipedia/commons/5/57/Butler_University_logo.svg?utm_source=commons.wikimedia.org&utm_campaign=imageinfo&utm_content=original,,,,76.45,96,0.4766,7.9,7,7,5,6,8,6,10,4,5,5,4,8,,,,,Tari St. John,Co-Head Coach,tstjohn@butler.edu,personal,,,records+db+v6+coach+grads,wikipedia:Butler University,,,,https://butlersports.com/sports/womens-soccer/coaches
cal_poly,Cal Poly,womens-soccer,D1,Big West,d1t3,Broncos,1,Billy Bronco,#005030,#ffb81c,https://upload.wikimedia.org/wikipedia/commons/7/77/Calpoly_pomona_univ_logo.png?utm_source=commons.wikimedia.org&utm_campaign=imageinfo&utm_content=original,,1,Big West,72.42,151,0.3872,7.2,9,7,3,10,8,3,5,11,3,10,3,9,,,,appearance,Bernardo Silva,Head Coach,bsilva05@calpoly.edu,personal,,,records+db+v6+coach+grads,"wikipedia:California State Polytechnic University, Pomona",,wikipedia:2025 NCAA Division I women's soccer tournament,,https://gopoly.com/sports/womens-soccer/coaches
cal_state_bakersfield,Cal State Bakersfield,womens-soccer,D1,Big West,d1t3,Roadrunners,1,,,,https://upload.wikimedia.org/wikipedia/en/a/a5/CSU_Bakersfield_logo.jpg?utm_source=en.wikipedia.org&utm_campaign=imageinfo&utm_content=original,,,,68.03,244,0.2896,2.4,4,8,6,3,10,4,8,10,5,8,9,2,,,,,Martin Navarro Jr.,Interim Head Coach,mnavarro28@csub.edu,personal,,,records+db+v6+coach+grads,"wikipedia:California State University, Bakersfield",,,,https://gorunners.com/sports/womens-soccer/coaches
cal_state_fullerton,Cal State Fullerton,womens-soccer,D1,Big West,d1t3,Titans,1,Tuffy the Titan,#00274C,#E17000,https://upload.wikimedia.org/wikipedia/commons/a/a2/California_State_University%2C_Fullerton_logo.svg?utm_source=commons.wikimedia.org&utm_campaign=imageinfo&utm_content=original,,,,75.40,109,0.4533,3.1,9,6,5,8,5,7,6,9,4,14,3,3,,,,,Demian Brown,Head Coach,demianbrown@fullerton.edu,personal,,,records+db+v6+coach+grads,"wikipedia:California State University, Fullerton",,,,https://fullertontitans.com/sports/womens-soccer/coaches
cal_state_northridge,Cal State Northridge,womens-soccer,D1,Big West,d1t3,Matadors,1,Matty the Matador,#D22030,#000000,https://upload.wikimedia.org/wikipedia/commons/4/4e/CSU_Northridge_logo.svg?utm_source=commons.wikimedia.org&utm_campaign=imageinfo&utm_content=original,,,,65.24,313,0.2275,3.2,3,15,1,1,13,5,5,11,3,8,7,5,,,,,Gina Brewer,Head Coach,gina.brewer@csun.edu,personal,,,records+db+v6+coach+grads,"wikipedia:California State University, Northridge",,,,https://gomatadors.com/sports/womens-soccer/coaches
california,California,womens-soccer,D1,ACC,d1t1,Golden Bears,1,Oski the Bear,#002676,#FDB515,https://upload.wikimedia.org/wikipedia/en/8/85/University_of_California%2C_Berkeley_Logo_2024.svg?utm_source=en.wikipedia.org&utm_campaign=imageinfo&utm_content=original,,,,85.30,36,0.6734,8.1,10,5,6,7,6,6,13,6,2,8,3,8,appearance,,r32,,Neil McGuire,Head Coach,nmcguire@berkeley.edu,personal,,,records+db+v6+coach+grads,"wikipedia:University of California, Berkeley",,,,https://calbears.com/sports/womens-soccer/coaches
california_baptist,California Baptist,womens-soccer,D1,Big West,d1t3,Lancers,1,,,,https://upload.wikimedia.org/wikipedia/en/e/e8/California_Baptist_University_logo.svg?utm_source=en.wikipedia.org&utm_campaign=imageinfo&utm_content=original,,1,WAC,74.64,119,0.4365,4.2,8,5,5,11,2,6,10,7,3,10,9,4,,,appearance,appearance,Kristen St. Clair,Head Women's Soccer Coach,kstclair@calbaptist.edu,personal,,,records+db+v6+coach+grads,wikipedia:California Baptist University,,wikipedia:2025 NCAA Division I women's soccer tournament,,https://cbulancers.com/sports/womens-soccer/coaches
campbell,Campbell,womens-soccer,D1,CAA,d1t3,Fighting Camels,1,Gaylord the Camel,#1E252B,#EA7125,https://upload.wikimedia.org/wikipedia/en/3/3b/Campbell_University_logo.svg?utm_source=en.wikipedia.org&utm_campaign=imageinfo&utm_content=original,,,,69.24,213,0.3164,5.6,11,3,4,4,6,7,6,9,3,4,7,5,,,,,Jeff Gross,Head Coach,jgross@campbell.edu,inferred,,,records+db+v6+coach+grads,wikipedia:Campbell University,,,,pattern_inference:medium
canisius,Canisius,womens-soccer,D1,Metro,d1t3,Golden Griffins,1,Petey the Griffin,,,https://upload.wikimedia.org/wikipedia/en/4/40/Canisius_University_Logo.png?utm_source=en.wikipedia.org&utm_campaign=imageinfo&utm_content=original,,,,74.42,126,0.4316,6.2,5,5,10,9,4,5,12,4,3,8,8,3,,,,,Ryan Louis,Head Coach,louisr@canisius.edu,personal,,,records+db+v6+coach+grads,wikipedia:Canisius University,,,,https://gogriffs.com/sports/womens-soccer/coaches
central_arkansas,Central Arkansas,womens-soccer,D1,UAC,d1t4,Sugar Bears,1,Bruce D. Bear,#4F2D7F,#818A8F,https://upload.wikimedia.org/wikipedia/en/9/91/University_of_Central_Arkansas_logo.svg?utm_source=en.wikipedia.org&utm_campaign=imageinfo&utm_content=original,,,,67.25,259,0.2722,4.0,6,9,4,8,7,5,9,7,2,6,9,2,,,,,Derek Nichols,Head Women's Soccer Coach,dnichols@uca.edu,personal,,,records+db+v6+coach+grads,wikipedia:University of Central Arkansas,,,,https://ucasports.com/sports/womens-soccer/coaches
central_connecticut,Central Connecticut,womens-soccer,D1,NEC,d1t4,Blue Devils,1,Kizer the Blue Devil,,,https://upload.wikimedia.org/wikipedia/en/8/85/Central_Connecticut_State_University_Logo.png?utm_source=en.wikipedia.org&utm_campaign=imageinfo&utm_content=original,,,,68.37,233,0.2972,3.4,9,5,2,9,4,4,5,10,2,7,6,5,,appearance,,,Mick D'Arcy,Head Coach,darcym@ccsu.edu,personal,,,records+db+v6+coach+grads,wikipedia:Central Connecticut State University,,,,https://ccsubluedevils.com/sports/wsoc/coaches/d-arcy_mick00
central_michigan,Central Michigan,womens-soccer,D1,MAC,d1t3,Chippewas,1,,#6a0032,#ffc82e,https://upload.wikimedia.org/wikipedia/commons/e/ed/Central_Michigan_University_wordmark.svg?utm_source=commons.wikimedia.org&utm_campaign=imageinfo&utm_content=original,,,,61.44,381,0.1431,4.0,2,11,5,2,8,6,5,8,5,1,14,3,,,,,James DeCosemo,Head Coach,decos1jv@cmich.edu,personal,,,records+db+v6+coach+grads,wikipedia:Central Michigan University,,,,https://cmuchippewas.com/sports/womens-soccer/coaches
charleston,Charleston,womens-soccer,D1,CAA,d1t3,Golden Eagles,1,,#61162d,#f2ae00,https://upload.wikimedia.org/wikipedia/commons/7/7d/UC_FULL_-_General_Horizontal_Maroon.jpg?utm_source=commons.wikimedia.org&utm_campaign=imageinfo&utm_content=original,,,,72.17,158,0.3815,5.8,8,7,3,2,10,5,11,4,5,8,6,3,,,,,Christian Michner,Head Coach,michnercm@cofc.edu,personal,,,records+db+v6+coach+grads,wikipedia:University of Charleston,,,,https://cofcsports.com/sports/womens-soccer/coaches
charleston_southern,Charleston Southern,womens-soccer,D1,Big South,d1t3,Buccaneers,1,Bucky,#002855,#A89968,https://upload.wikimedia.org/wikipedia/en/4/49/Charleston_Southern_University_logo.svg?utm_source=en.wikipedia.org&utm_campaign=imageinfo&utm_content=original,,,,70.04,198,0.3343,3.0,5,8,4,9,5,4,5,7,3,6,8,4,,,,,Dr. Jose Gomez,Head Coach,jgomez@csuniv.edu,personal,,,records+db+v6+coach+grads,wikipedia:Charleston Southern University,,,,https://csusports.com/sports/womens-soccer/coaches
charlotte,Charlotte,womens-soccer,D1,American,d1t2,49ers,1,Norm the Niner,#005035,#FFFFFF,https://upload.wikimedia.org/wikipedia/commons/5/57/UNC_Charlotte_Main_Horizontal.png?utm_source=commons.wikimedia.org&utm_campaign=imageinfo&utm_content=original,,,,75.11,112,0.4469,6.0,4,11,4,9,7,4,4,8,7,10,6,2,,,,,Sinead Byrne,Head Coach,,,,,records+db+v6+coach+grads,wikipedia:University of North Carolina at Charlotte,,,,https://charlotte49ers.com/sports/womens-soccer/coaches
chattanooga,Chattanooga,womens-soccer,D1,Southern,d1t3,Mocs,1,Scrappy the Mocking Bird,#00386B,#E0AA0F,https://upload.wikimedia.org/wikipedia/en/4/40/UTChattanooga_logo.png?utm_source=en.wikipedia.org&utm_campaign=imageinfo&utm_content=original,,,,73.90,135,0.4200,4.1,8,5,5,10,7,1,7,9,3,10,5,4,,,,,Gavin McKinney,Head Coach,gavin-mckinney@utc.edu,personal,,,records+db+v6+coach+grads,wikipedia:University of Tennessee at Chattanooga,,,,http://web.archive.org/web/20240413011146/https://gomocs.com/sports/womens-soccer/coaches
chicago_state,Chicago State,womens-soccer,D1,NEC,d1t4,Cougars,1,Southside T. Cougar,#115740,#003D6E,https://upload.wikimedia.org/wikipedia/commons/a/ae/Chicago_st_univ_textlogo.png?utm_source=commons.wikimedia.org&utm_campaign=imageinfo&utm_content=original,,,,58.79,426,0.0842,4.9,3,14,1,1,17,1,1,13,2,5,9,5,,,,,Kevin Larry,"Head Coach, Women's Soccer",klarry24@csu.edu,personal,,,records+db+v6+coach+grads,wikipedia:Chicago State University,,,,https://www.gocsucougars.com/sports/womens-soccer/coaches
cincinnati,Cincinnati,womens-soccer,D1,Big 12,d1t1,Bearcats,1,The Bearcat,,,https://upload.wikimedia.org/wikipedia/en/5/59/University_of_Cincinnati_logo.svg?utm_source=en.wikipedia.org&utm_campaign=imageinfo&utm_content=original,,,,75.09,113,0.4465,6.9,7,3,7,4,8,7,6,9,4,5,8,6,,,,,Erica Demers,Head Coach,demersea@ucmail.uc.edu,personal,,,records+db+v6+coach+grads,wikipedia:University of Cincinnati,,,,https://gobearcats.com/sports/womens-soccer/roster
clemson,Clemson,womens-soccer,D1,ACC,d1t1,Tigers,1,,#F66733,#522D80,https://upload.wikimedia.org/wikipedia/commons/4/47/Clemson_University_Wordmark.svg?utm_source=commons.wikimedia.org&utm_campaign=imageinfo&utm_content=original,,,,84.54,40,0.6564,8.1,8,5,5,18,4,4,6,8,3,8,6,5,appearance,semi,,r32,Eddie Radwanski,Head Coach,eradwan@clemson.edu,personal,,,records+db+v6+coach+grads,wikipedia:Clemson University,,,,https://clemsontigers.com/staff-directory
cleveland_state,Cleveland State,womens-soccer,D1,Horizon,d1t3,Vikings,1,Magnus,#006A4D,#69BE28,https://upload.wikimedia.org/wikipedia/en/7/7e/Logo_of_CSU_%282023%29.png?utm_source=en.wikipedia.org&utm_campaign=imageinfo&utm_content=original,,,,64.81,320,0.2181,4.5,7,6,4,4,10,3,2,14,1,4,6,7,,,,,Mark Sappington,Head Coach,,,,,records+db+v6+coach+grads,wikipedia:Cleveland State University,,,,https://csuvikings.com/sports/womens-soccer/coaches
coastal_carolina,Coastal Carolina,womens-soccer,D1,Sun Belt,d1t3,Chanticleers,1,Chauncey the Chanticleer,,,https://upload.wikimedia.org/wikipedia/en/1/17/Coastal_Carolina_University_logo.svg?utm_source=en.wikipedia.org&utm_campaign=imageinfo&utm_content=original,,,,66.49,273,0.2553,4.1,3,10,4,3,12,2,8,7,6,3,5,8,,,,,Pete Cuadrado,Head Women's Soccer Coach,pcuadrado@coastal.edu,personal,,,records+db+v6+coach+grads,wikipedia:Coastal Carolina University,,,,https://goccusports.com/sports/womens-soccer/coaches
colgate,Colgate,womens-soccer,D1,Patriot,d1t3,Raiders,1,Raider,#821019,,https://upload.wikimedia.org/wikipedia/commons/e/ea/Colgate_University_Wordmark_2018.svg?utm_source=commons.wikimedia.org&utm_campaign=imageinfo&utm_content=original,,,,67.98,246,0.2885,9.4,3,10,4,5,13,2,5,10,4,9,6,4,,,,,Lyndse Hokanson,Head Women's Soccer Coach,lhokanson@colgate.edu,personal,,,records+db+v6+coach+grads,wikipedia:Colgate University,,,,https://colgateathletics.com/sports/womens-soccer/coaches
colorado,Colorado,womens-soccer,D1,Big 12,d1t1,Buffaloes,1,Ralphie (bison) / Chip (costume),,,https://upload.wikimedia.org/wikipedia/commons/e/e4/UC_Boulder_logo.svg?utm_source=commons.wikimedia.org&utm_campaign=imageinfo&utm_content=original,gothunderwolves.com,,,90.65,13,0.7922,7.7,8,7,5,13,5,3,12,5,5,17,4,3,,appearance,r32,r16,Danny Sanchez,Head Coach,danny.sanchez@colorado.edu,personal,,,records+db+v6+coach+grads,wikipedia:University of Colorado Boulder,,,,https://cubuffs.com/sports/womens-soccer/coaches
colorado_college,Colorado College,womens-soccer,D1,Mountain West,d1t3,Tigers,1,RoCCy,#000000,#D09B2C,https://upload.wikimedia.org/wikipedia/commons/3/34/Colorado_College_logo.svg?utm_source=commons.wikimedia.org&utm_campaign=imageinfo&utm_content=original,,,,67.81,248,0.2847,8.9,7,7,5,3,13,2,8,9,3,5,6,7,,,,,Keri Sanchez,Head Coach,ksanchez@coloradocollege.edu,personal,,,records+db+v6+coach+grads,wikipedia:Colorado College,,,,https://cctigers.com/sports/womens-soccer/coaches
colorado_state,Colorado State,womens-soccer,D1,Pac-12,d1t3,Rams,1,CAM the Ram,,,https://upload.wikimedia.org/wikipedia/commons/9/95/Colorado_State_University_logo.svg?utm_source=commons.wikimedia.org&utm_campaign=imageinfo&utm_content=original,gothunderwolves.com,,,75.87,101,0.4638,6.2,4,7,8,12,6,4,12,5,4,10,4,5,,,,,Keeley Hagen,Head Coach,keeley.hagen@colostate.edu,inferred,,,records+db+v6+coach+grads,wikipedia:Colorado State University,,,,pattern_inference:high
columbia,Columbia,womens-soccer,D1,Ivy League,d1t3,Lions,1,Roar-ee the Lion,,,https://upload.wikimedia.org/wikipedia/commons/1/10/Columbia_University_1754.svg?utm_source=commons.wikimedia.org&utm_campaign=imageinfo&utm_content=original,,,,73.31,140,0.4070,9.3,7,5,3,11,5,3,7,5,4,6,7,3,,r32,,,Tracey Bartholomew,Head Coach,,,,,records+db+v6+coach+grads,wikipedia:Columbia University,,,,https://gocolumbialions.com/sports/womens-soccer/coaches
cornell,Cornell,womens-soccer,D1,Ivy League,d1t3,Big Red,0,Touchdown the Bear (unofficial),,,https://upload.wikimedia.org/wikipedia/commons/4/4b/Cornell_University_logo.svg?utm_source=commons.wikimedia.org&utm_campaign=imageinfo&utm_content=original,cornellrams.com,,,66.76,267,0.2614,9.6,4,7,5,4,5,6,3,9,4,5,7,4,,,,,Rob Ferguson,Head Coach,,,,,records+db+v6+coach+grads,wikipedia:Cornell University,,,,https://cornellbigred.com/sports/womens-soccer/coaches
creighton,Creighton,womens-soccer,D1,Big East,d1t2,Bluejays,1,Billy Bluejay,#0054A6,,https://upload.wikimedia.org/wikipedia/commons/b/b3/Creighton_University_logo.svg?utm_source=commons.wikimedia.org&utm_campaign=imageinfo&utm_content=original,,,,74.48,123,0.4329,8.2,8,4,8,4,9,5,8,7,2,7,8,4,,,,,Jimmy Walker,Head Coach,jameswalker@creighton.edu,personal,,,records+db+v6+coach+grads,wikipedia:Creighton University,,,,https://gocreighton.com/sports/womens-soccer/coaches
dartmouth,Dartmouth,womens-soccer,D1,Ivy League,d1t3,Big Green,0,,,,https://upload.wikimedia.org/wikipedia/commons/f/f1/Dartmouth_College_logo.svg?utm_source=commons.wikimedia.org&utm_campaign=imageinfo&utm_content=original,,1,Ivy,75.56,107,0.4568,9.6,8,7,2,7,3,5,7,6,3,11,4,4,,,,appearance,Taylor Schram,Head Coach (Stacy Branca '94 Family Head Coach of Women's Soccer),taylor.m.schram@dartmouth.edu,personal,,,records+db+v6+coach+grads,wikipedia:Dartmouth College,,wikipedia:2025 NCAA Division I women's soccer tournament,,https://dartmouthsports.com/sports/womens-soccer/coaches
davidson,Davidson,womens-soccer,D1,Atlantic 10,d1t3,Wildcats,1,Roary the Wildcat,#D42121,#000000,https://upload.wikimedia.org/wikipedia/commons/6/63/Davidson_College_Primary_Logo.png?utm_source=commons.wikimedia.org&utm_campaign=imageinfo&utm_content=original,,,,71.32,178,0.3627,9.3,13,3,4,4,11,2,8,8,3,7,7,3,,,,,Riley Piechnick,Head Coach,ripiechnick@davidson.edu,personal,,,records+db+v6+coach+grads,wikipedia:Davidson College,,,,https://davidsonwildcats.com/sports/womens-soccer/coaches
dayton,Dayton,womens-soccer,D1,Atlantic 10,d1t3,Flyers,1,Rudy Flyer,,,,,1,Atlantic 10,82.25,56,0.6056,7.7,16,4,1,13,2,5,14,4,2,15,4,3,,,,appearance,Eric Golz,Head Coach,egolz1@udayton.edu,inferred,,,records+db+v6+coach+grads,wikipedia:University of Dayton,,wikipedia:2025 NCAA Division I women's soccer tournament,,pattern_inference:medium
depaul,DePaul,womens-soccer,D1,Big East,d1t2,Blue Demons,1,D.I.B.S. (Demon In a Blue Suit),,,https://upload.wikimedia.org/wikipedia/en/b/ba/Depaul_U_Logo.svg?utm_source=en.wikipedia.org&utm_campaign=imageinfo&utm_content=original,,,,68.45,232,0.2989,6.5,3,12,1,6,7,4,5,8,7,4,12,2,,,,,Michele O'Brien,Head Coach,mobrie41@depaul.edu,personal,,,records+db+v6+coach+grads,wikipedia:DePaul University,,,,https://depaulbluedemons.com/sports/womens-soccer/coaches
delaware,Delaware,womens-soccer,D1,CUSA,d1t3,Fightin' Blue Hens,1,YoUDee,#00539F,#FFD200,https://upload.wikimedia.org/wikipedia/commons/b/b3/University_of_Delaware_wordmark.svg?utm_source=commons.wikimedia.org&utm_campaign=imageinfo&utm_content=original,athletics.delval.edu,,,71.65,170,0.3699,8.2,2,11,5,5,5,8,6,7,6,10,2,6,,,,,Kelly Lawrence,Head Women's Soccer Coach,,,,,records+db+v6+coach+grads,wikipedia:University of Delaware,,,,https://bluehens.com/sports/wsoc/coaches
delaware_state,Delaware State,womens-soccer,D1,NEC,d1t4,Hornets,1,Too Fly,#72CDF4,#EE3124,https://upload.wikimedia.org/wikipedia/en/4/48/Delaware_State_University_logo.svg?utm_source=en.wikipedia.org&utm_campaign=imageinfo&utm_content=original,,,,57.79,447,0.0621,1.9,2,14,2,0,15,1,0,17,1,6,10,3,,,,,Ousmane Camara,Head Coach,ocamara@desu.edu,personal,,,records+db+v6+coach+grads,wikipedia:Delaware State University,,,,https://dsuhornets.com/sports/womens-soccer/coaches
denver,Denver,womens-soccer,D1,West Coast,d1t2,Pioneers,1,,,,https://upload.wikimedia.org/wikipedia/en/d/d4/University_of_Denver_logo.svg?utm_source=en.wikipedia.org&utm_campaign=imageinfo&utm_content=original,roadrunnersathletics.com,,,82.44,54,0.6098,8.1,11,4,4,9,2,7,11,6,2,9,5,4,,,,,Julianne Sitch,Head Coach,julianne.sitch@du.edu,personal,,,records+db+v6+coach+grads,wikipedia:University of Denver,,,,https://denverpioneers.com/sports/womens-soccer/coaches
detroit_mercy,Detroit Mercy,womens-soccer,D1,Horizon,d1t3,Titans,1,Tommy Titan,,,https://upload.wikimedia.org/wikipedia/commons/0/07/University_of_Detroit_Mercy_new_logo.svg?utm_source=commons.wikimedia.org&utm_campaign=imageinfo&utm_content=original,mercyathletics.com,,,66.76,268,0.2613,6.0,6,10,1,7,9,3,10,8,2,2,13,3,,,,,Steve Shelton,Head Women's Soccer Coach,sheltosf@udmercy.edu,personal,,,records+db+v6+coach+grads,wikipedia:University of Detroit Mercy,,,,https://detroittitans.com/sports/womens-soccer/coaches
drake,Drake,womens-soccer,D1,Missouri Valley,d1t3,Bulldogs,1,,#003B73,,https://upload.wikimedia.org/wikipedia/commons/e/e4/Drake_University_logo.svg?utm_source=commons.wikimedia.org&utm_campaign=imageinfo&utm_content=original,,,,73.90,134,0.4201,7.6,5,8,6,13,4,3,8,7,6,9,6,4,,,,,Lindsey Horner,Head Coach,lindsey.horner@drake.edu,personal,,,records+db+v6+coach+grads,wikipedia:Drake University,,,,http://web.archive.org/web/20230108001444/https://godrakebulldogs.com/sports/womens-soccer/coaches
drexel,Drexel,womens-soccer,D1,CAA,d1t3,Dragons,1,Mario the Magnificent,,,https://upload.wikimedia.org/wikipedia/en/e/ea/Drexel_University_logo.svg?utm_source=en.wikipedia.org&utm_campaign=imageinfo&utm_content=original,,,,68.36,234,0.2969,8.1,11,3,5,7,8,3,4,9,4,3,7,8,,,,,Shannon Grogan,Head Women's Soccer Coach,svg43@drexel.edu,personal,,,records+db+v6+coach+grads,wikipedia:Drexel University,,,,https://drexeldragons.com/sports/womens-soccer/coaches
duke,Duke,womens-soccer,D1,ACC,d1t1,Blue Devils,1,Blue Devil,#012169,#FFFFFF,https://upload.wikimedia.org/wikipedia/commons/e/e6/Duke_University_logo.svg?utm_source=commons.wikimedia.org&utm_campaign=imageinfo&utm_content=original,,,,93.56,8,0.8568,9.8,15,5,3,6,7,3,18,3,1,17,5,1,quarter,,semi,semi,Kieran Hall,Head Coach,kieran.hall@duke.edu,inferred,,,records+db+v6+coach+grads,wikipedia:Duke University,,,,pattern_inference:high
duquesne,Duquesne,womens-soccer,D1,Atlantic 10,d1t3,Dukes,1,The Duke,,,https://upload.wikimedia.org/wikipedia/commons/d/d6/Duqlogo.png?utm_source=commons.wikimedia.org&utm_campaign=imageinfo&utm_content=original,,,,74.90,115,0.4422,7.4,6,7,3,8,8,4,9,7,1,12,5,2,,,,,Jessica Giegucz,Head Coach,gieguczj@duq.edu,personal,,,records+db+v6+coach+grads,wikipedia:Duquesne University,,,,https://goduquesne.com/sports/womens-soccer/coaches
east_carolina,East Carolina,womens-soccer,D1,American,d1t2,Pirates,1,PeeDee the Pirate,,,https://upload.wikimedia.org/wikipedia/commons/d/d7/East_Carolina_University_logo.svg?utm_source=commons.wikimedia.org&utm_campaign=imageinfo&utm_content=original,,,,77.36,89,0.4969,5.5,8,8,3,9,5,5,10,4,7,6,8,4,,,appearance,,Emily Buccilla,Head Coach,Buccillae18@ecu.edu,personal,,,records+db+v6+coach+grads,wikipedia:East Carolina University,,,,https://ecupirates.com/sports/womens-soccer/coaches
east_tennessee_state,East Tennessee State,womens-soccer,D1,Southern,d1t3,Buccaneers,1,Bucky,,,https://upload.wikimedia.org/wikipedia/commons/2/2c/East_Tennessee_State_University_logo.svg?utm_source=commons.wikimedia.org&utm_campaign=imageinfo&utm_content=original,,,,73.15,143,0.4033,4.6,5,6,6,11,3,5,4,8,4,9,4,6,,,,,Jay Yelton,Head Coach,,,,,records+db+v6+coach+grads,wikipedia:East Tennessee State University,,,,https://etsubucs.com/sports/womens-soccer/coaches
east_texas_a_m,East Texas A&M,womens-soccer,D1,Southland,d1t4,Lions,1,The Lions,,,https://upload.wikimedia.org/wikipedia/en/3/31/East_Texas_A%26M_University_logo.svg?utm_source=en.wikipedia.org&utm_campaign=imageinfo&utm_content=original,,,,67.79,249,0.2843,2.4,9,9,2,9,7,3,9,10,3,7,8,4,,,,,Ashley Gordon,Head Coach,ashley.gordon@etamu.edu,personal,,,records+db+v6+coach+grads,wikipedia:East Texas A&M University,,,,https://lionathletics.com/sports/womens-soccer/coaches
eastern_illinois,Eastern Illinois,womens-soccer,D1,Ohio Valley,d1t4,Panthers,1,Billy the Panther,#004C97,#75787B,https://upload.wikimedia.org/wikipedia/en/1/1f/Eastern_Illinois_University_logo.svg?utm_source=en.wikipedia.org&utm_campaign=imageinfo&utm_content=original,,,,65.06,315,0.2236,3.0,2,6,8,4,9,4,5,8,6,8,8,3,,,,,Dirk Bennett,Head Coach,debennett@eiu.edu,personal,,,records+db+v6+coach+grads,wikipedia:Eastern Illinois University,,,,https://eiupanthers.com/sports/womens-soccer/coaches
eastern_kentucky,Eastern Kentucky,womens-soccer,D1,UAC,d1t4,Colonels,1,Colonels,#5E213B,#FFFFFF,https://upload.wikimedia.org/wikipedia/commons/5/59/Eastern_Kentucky_University_wordmark.svg?utm_source=commons.wikimedia.org&utm_campaign=imageinfo&utm_content=original,,,,70.17,194,0.3372,3.7,9,7,2,5,8,6,12,8,3,10,4,5,,,,,Matt Cosinuke,Head Coach,matthew.cosinuke@eku.edu,personal,,,records+db+v6+coach+grads,wikipedia:Eastern Kentucky University,,,,https://ekusports.com/sports/womens-soccer/coaches
eastern_michigan,Eastern Michigan,womens-soccer,D1,MAC,d1t3,Eagles,1,Swoop,,,https://upload.wikimedia.org/wikipedia/commons/9/9f/Eastern_Michigan_University_primary_wordmark.svg?utm_source=commons.wikimedia.org&utm_campaign=imageinfo&utm_content=original,,,,66.30,280,0.2512,3.2,3,11,4,1,12,6,7,6,5,6,8,4,,,,,Taylor Clarke,Head Coach,tclarke5@emich.edu,personal,,,records+db+v6+coach+grads,wikipedia:Eastern Michigan University,,,,https://emueagles.com/sports/womens-soccer/coaches
eastern_washington,Eastern Washington,womens-soccer,D1,Big Sky,d1t4,Eagles,1,Swoop,#B7142E,,https://upload.wikimedia.org/wikipedia/en/7/75/Eastern_Washington_University_%28logo%29.svg?utm_source=en.wikipedia.org&utm_campaign=imageinfo&utm_content=original,,,,66.24,282,0.2499,3.2,5,8,5,2,14,1,9,5,5,8,7,4,,,,,Missy Strasburg,Head Coach,mstrasburg1@ewu.edu,personal,,,records+db+v6+coach+grads,wikipedia:Eastern Washington University,,,,https://goeags.com/sports/womens-soccer/coaches
elon,Elon,womens-soccer,D1,CAA,d1t3,Phoenix,0,Phoenix,#73000A,#B59A57,https://upload.wikimedia.org/wikipedia/en/7/7f/Elon_University_logo.svg?utm_source=en.wikipedia.org&utm_campaign=imageinfo&utm_content=original,,1,CAA,75.76,103,0.4614,7.4,9,6,3,3,9,5,13,4,1,11,3,7,,,,appearance,Neil Payne,Head Women's Soccer Coach,npayne4@elon.edu,personal,,,records+db+v6+coach+grads,wikipedia:Elon University,,wikipedia:2025 NCAA Division I women's soccer tournament,,https://elonphoenix.com/sports/womens-soccer/coaches
evansville,Evansville,womens-soccer,D1,Missouri Valley,d1t3,Purple Aces,1,Ace Purple,#4C2683,#FFFFFF,,,,,65.77,295,0.2393,7.1,2,9,5,1,7,9,2,7,7,7,7,2,,,,,Chris Pfau,Head Women's Soccer Coach,cp60@evansville.edu,personal,,,records+db+v6+coach+grads,wikipedia:University of Evansville,,,,https://gopurpleaces.com/sports/womens-soccer/coaches
fiu,FIU,womens-soccer,D1,CUSA,d1t3,Panthers,1,Roary the Panther,#081E3F,#D1a644,https://upload.wikimedia.org/wikipedia/commons/7/76/Florida_International_University_logo.svg?utm_source=commons.wikimedia.org&utm_campaign=imageinfo&utm_content=original,,,,73.74,137,0.4164,5.4,3,8,4,8,6,4,13,5,2,7,6,4,,,appearance,,Mat Dunn,Head Coach,madunn@fiu.edu,personal,,,records+db+v6+coach+grads,wikipedia:Florida International University,,,,https://fiusports.com/sports/womens-soccer/coaches
fairfield,Fairfield,womens-soccer,D1,Metro,d1t3,Stags,1,Lucas the Stag,#E0143E,#FFFFFF,https://upload.wikimedia.org/wikipedia/en/c/c7/Fairfield_University.svg?utm_source=en.wikipedia.org&utm_campaign=imageinfo&utm_content=original,,,,83.29,47,0.6287,8.3,14,4,0,10,6,4,18,3,1,15,2,2,,,appearance,,David Barrett,Head Women's Soccer Coach,dbarrett@fairfield.edu,personal,,,records+db+v6+coach+grads,wikipedia:Fairfield University,,,,https://fairfieldstags.com/sports/womens-soccer/coaches
fairleigh_dickinson,Fairleigh Dickinson,womens-soccer,D1,NEC,d1t4,Knights,1,Knightro / Ian the Devil,#074C81,#9D1536,https://upload.wikimedia.org/wikipedia/en/7/74/Fairleigh_Dickinson_University_logo.svg?utm_source=en.wikipedia.org&utm_campaign=imageinfo&utm_content=original,dickinsonathletics.com,,,68.75,224,0.3056,3.6,8,11,3,,,,8,6,6,9,6,5,appearance,,,,Eric Teepe,Head Coach,eteepe@fdu.edu,personal,,,records+db+v6+coach+grads,wikipedia:Fairleigh Dickinson University,,,,https://fduknights.com/sports/womens-soccer/coaches
florida,Florida,womens-soccer,D1,SEC,d1t1,Gators,1,Albert and Alberta Gator,#FA4616,#0021A5,https://upload.wikimedia.org/wikipedia/commons/8/8e/University_of_Florida_logo.svg?utm_source=commons.wikimedia.org&utm_campaign=imageinfo&utm_content=original,,,,73.99,131,0.4220,8.7,2,14,1,6,5,6,4,8,6,6,7,5,,,,,Nick Zimmerman,Head Soccer Coach,Nickz@gators.ufl.edu,personal,,,records+db+v6+coach+grads,wikipedia:University of Florida,"academic_rating voided 2026-08-24: a fuzzy name match had assigned Florida Atlantic score of 6.4; needs a real 70/30 US News and Niche rating; academic_rating 9.7 interpolated 2026-08-24 from US News #30 in National Universities, against verified anchors (#24 Emory 10, #59 Penn State 8.7, #158 Louisville 7.8, #222 West Virginia 6.8)",,,https://floridagators.com/sports/womens-soccer/coaches
florida_atlantic,Florida Atlantic,womens-soccer,D1,American,d1t2,Owls,1,,,,https://upload.wikimedia.org/wikipedia/commons/b/b3/Florida_Atlantic_University_logo.svg?utm_source=commons.wikimedia.org&utm_campaign=imageinfo&utm_content=original,,,,69.99,200,0.3330,4.5,11,8,3,8,7,5,3,11,4,4,12,3,,,,,Patrick Baker,Head Coach,bakerp@fau.edu,personal,,,records+db+v6+coach+grads,wikipedia:Florida Atlantic University,,,,https://fausports.com/sports/womens-soccer/coaches
florida_gulf_coast,Florida Gulf Coast,womens-soccer,D1,ASUN,d1t3,Eagles,1,Azul the Eagle,#004785,#00794C,https://upload.wikimedia.org/wikipedia/en/8/89/Florida_gcu_logo.png?utm_source=en.wikipedia.org&utm_campaign=imageinfo&utm_content=original,,,,77.82,83,0.5071,3.7,12,6,2,12,5,5,11,6,2,11,5,2,appearance,appearance,,,Jim Blankenship,Head Coach,jblanken@fgcu.edu,personal,,,records+db+v6+coach+grads,wikipedia:Florida Gulf Coast University,,,,https://fgcuathletics.com/sports/womens-soccer/coaches
florida_state,Florida State,womens-soccer,D1,ACC,d1t1,Seminoles,1,Osceola and Renegade / Cimarron,,,https://upload.wikimedia.org/wikipedia/commons/a/a2/Florida_State_University_logo.svg?utm_source=commons.wikimedia.org&utm_campaign=imageinfo&utm_content=original,efsctitans.com,,,100.00,1,1.0000,7.9,17,3,3,22,0,1,15,2,4,16,2,4,semi,champion,r32,champion,Brian Pensky,Head Coach,bpensky@fsu.edu,personal,,,records+db+v6+coach+grads,wikipedia:Florida State University,,,,https://seminoles.com/sports/womens-soccer/coaches
fordham,Fordham,womens-soccer,D1,Atlantic 10,d1t3,Rams,1,The Ram,#900028,#FFFFFF,https://upload.wikimedia.org/wikipedia/commons/a/a0/Fordham_University_logo_2025.png?utm_source=commons.wikimedia.org&utm_campaign=imageinfo&utm_content=original,,,,71.65,169,0.3700,8.6,5,11,1,4,10,4,10,5,4,10,7,3,,,,,Magnus Nilerud,Head Coach,mnilerud@fordham.edu,personal,,,records+db+v6+coach+grads,wikipedia:Fordham University,,,,https://fordhamsports.com/sports/womens-soccer/coaches
fresno_state,Fresno State,womens-soccer,D1,Pac-12,d1t3,Bulldogs,1,Victor E. Bulldog,,,https://upload.wikimedia.org/wikipedia/commons/7/75/California_State_University%2C_Fresno_logo.svg?utm_source=commons.wikimedia.org&utm_campaign=imageinfo&utm_content=original,,,,67.71,252,0.2825,3.7,1,14,4,5,9,6,7,9,3,7,6,5,,,,,Gabriel Bolton,Head Coach,bolton@mail.fresnostate.edu,personal,,,records+db+v6+coach+grads,"wikipedia:California State University, Fresno",,,,https://gobulldogs.com/sports/womens-soccer/coaches
furman,Furman,womens-soccer,D1,Southern,d1t3,Paladins,1,Paladin,#582C83,#FFFFFF,https://upload.wikimedia.org/wikipedia/en/3/34/Furman_Logo.png?utm_source=en.wikipedia.org&utm_campaign=imageinfo&utm_content=original,,,,74.41,127,0.4314,8.7,8,9,2,7,5,7,10,7,3,10,4,5,,,,,Andrew Burr,Head Coach,Andrew.Burr@Furman.edu,personal,,,records+db+v6+coach+grads,wikipedia:Furman University,,,,https://furmanpaladins.com/sports/womens-soccer/coaches
gardner_webb,Gardner-Webb,womens-soccer,D1,Big South,d1t3,Runnin' Bulldogs,1,Mac and Lulu (costumed bulldogs) and Bo is the Live mascot,#A6192E,#231F20,https://upload.wikimedia.org/wikipedia/en/a/a9/Gardner-Webb_University_logo.svg?utm_source=en.wikipedia.org&utm_campaign=imageinfo&utm_content=original,,,,64.89,318,0.2197,4.6,9,7,5,4,12,2,4,11,4,4,11,3,,,,,Samantha Thomsit,Head Coach,sthomsit@gardner-webb.edu,personal,,,records+db+v6+coach+grads,wikipedia:Gardner–Webb University,,,,https://gwusports.com/sports/womens-soccer/coaches
george_mason,George Mason,womens-soccer,D1,Atlantic 10,d1t3,Patriots,1,The Patriot,#006633,#FFCC33,https://upload.wikimedia.org/wikipedia/en/3/38/George_Mason_University_Logo_2024.png?utm_source=en.wikipedia.org&utm_campaign=imageinfo&utm_content=original,,,,63.88,337,0.1973,6.4,1,10,7,,,,,,,4,10,4,,,,,Aaron Brunner,Head Coach,rbrunner@gmu.edu,personal,,,records+db+v6+coach+grads,wikipedia:George Mason University,,,,https://gomason.com/sports/womens-soccer/coaches
george_washington,George Washington,womens-soccer,D1,Atlantic 10,d1t3,Revolutionaries,1,George,#AA9868,#033C5A,https://upload.wikimedia.org/wikipedia/commons/d/da/George_Washington_University_wordmark.svg?utm_source=commons.wikimedia.org&utm_campaign=imageinfo&utm_content=original,,,,65.92,290,0.2428,8.4,7,5,6,4,11,3,4,11,3,5,9,4,,,,,Jeremy Williams,Head Coach,jwilliams4@gwu.edu,personal,,,records+db+v6+coach+grads,wikipedia:George Washington University,,,,https://gwsports.com/sports/womens-soccer/coaches
georgetown,Georgetown,womens-soccer,D1,Big East,d1t2,Hoyas,1,Jack the Bulldog,#041E42,#63666A,,guhoyas.com,,,88.02,23,0.7337,8.9,15,2,5,13,2,7,13,4,4,16,4,3,r32,r32,r32,r16,Dave Nolan,Head Coach,dmn@georgetown.edu,personal,,,records+db+v6+coach+grads,wikipedia:Georgetown University,,,,https://guhoyas.com/sports/womens-soccer/coaches
georgia,Georgia,womens-soccer,D1,SEC,d1t1,Bulldogs,1,Uga XI (live English Bulldog),,,https://upload.wikimedia.org/wikipedia/en/d/d0/University_of_Georgia_logo.svg?utm_source=en.wikipedia.org&utm_campaign=imageinfo&utm_content=original,,,,85.59,35,0.6798,8.1,13,6,3,13,4,6,8,7,6,10,5,6,r32,r16,appearance,appearance,Keidane McAlpine,Head Coach,kmcalpine@sports.uga.edu,inferred,,,records+db+v6+coach+grads,wikipedia:University of Georgia,"academic_rating voided 2026-08-24: a fuzzy name match had assigned Georgia State score of 6.1; needs a real 70/30 US News and Niche rating; academic_rating 9.1 interpolated 2026-08-24 from US News #46 in National Universities, against verified anchors (#24 Emory 10, #59 Penn State 8.7, #158 Louisville 7.8, #222 West Virginia 6.8)",,,pattern_inference:high
georgia_southern,Georgia Southern,womens-soccer,D1,Sun Belt,d1t3,Eagles,1,,,,https://upload.wikimedia.org/wikipedia/en/2/2d/Georgia_Southern_University_logo.svg?utm_source=en.wikipedia.org&utm_campaign=imageinfo&utm_content=original,,,,68.53,229,0.3006,2.9,8,4,5,12,6,1,6,11,2,2,10,6,,,,,Chris Adams,Head Coach,cadams@georgiasouthern.edu,personal,,,records+db+v6+coach+grads,wikipedia:Georgia Southern University,,,,https://gseagles.com/sports/womens-soccer/coaches
georgia_state,Georgia State,womens-soccer,D1,Sun Belt,d1t3,Panthers,1,Pounce the Blue Panther,,,https://upload.wikimedia.org/wikipedia/commons/6/6c/Georgia_State_University_Logo.svg?utm_source=commons.wikimedia.org&utm_campaign=imageinfo&utm_content=original,mgaknights.com,,,71.91,163,0.3758,3.0,9,7,5,9,5,6,5,7,7,9,8,2,,,,,Ed Joyce,Head Coach,edj@gsu.edu,personal,,,records+db+v6+coach+grads,wikipedia:Georgia State University,,,,https://georgiastatesports.com/sports/womens-soccer/coaches
gonzaga,Gonzaga,womens-soccer,D1,Pac-12,d1t3,Bulldogs,1,Spike the Bulldog,#06274F,#FFFFFF,https://upload.wikimedia.org/wikipedia/en/6/65/Gonzaga_University_Logo.svg?utm_source=en.wikipedia.org&utm_campaign=imageinfo&utm_content=original,,,,75.53,108,0.4562,8.0,10,3,5,14,4,2,10,7,2,8,9,2,,r32,,,Katie Benz,Head Coach,benz@gonzaga.edu,personal,,,records+db+v6+coach+grads,wikipedia:Gonzaga University,,,,https://gozags.com/sports/womens-soccer/coaches
grambling_state,Grambling State,womens-soccer,D1,SWAC,d1t4,Tigers,1,,#191919,#E5AE26,https://upload.wikimedia.org/wikipedia/en/1/11/Grambling_State_University_logo.svg?utm_source=en.wikipedia.org&utm_campaign=imageinfo&utm_content=original,,1,SWAC,71.27,179,0.3616,1.8,12,8,3,15,5,4,9,8,4,11,7,5,,appearance,,appearance,Chris Logan,Head Coach,loganc@gram.edu,inferred,,,records+db+v6+coach+grads,wikipedia:Grambling State University,,wikipedia:2025 NCAA Division I women's soccer tournament,,pattern_inference:medium
grand_canyon,Grand Canyon,womens-soccer,D1,Mountain West,d1t3,Antelopes,1,Thunder the Antelope,,,https://upload.wikimedia.org/wikipedia/commons/3/34/Grand_Canyon_University_%28Redesigned%29.svg?utm_source=commons.wikimedia.org&utm_campaign=imageinfo&utm_content=original,,,,75.60,105,0.4577,1.9,11,7,2,14,5,4,11,6,3,8,8,2,,appearance,,,Chris Cissell,Head Coach,chris.cissell@gcu.edu,personal,,,records+db+v6+coach+grads,wikipedia:Grand Canyon University,,,,https://gculopes.com/sports/womens-soccer/coaches
green_bay,Green Bay,womens-soccer,D1,Horizon,d1t3,Phoenix,0,Phlash the Phoenix,#0F5640,#FFFFFF,https://upload.wikimedia.org/wikipedia/en/0/00/UW-Green_Bay_Logo_2018.svg?utm_source=en.wikipedia.org&utm_campaign=imageinfo&utm_content=original,,,,65.36,307,0.2303,3.3,3,11,2,0,11,5,4,8,5,8,9,4,,,,,Matt Kagan,Head Coach,kaganm@uwgb.edu,personal,,,records+db+v6+coach+grads,wikipedia:University of Wisconsin–Green Bay,,,,https://greenbayphoenix.com/sports/womens-soccer/coaches
hampton,Hampton,womens-soccer,D1,CAA,d1t3,Pirates,1,,#00216E,,https://upload.wikimedia.org/wikipedia/en/4/41/Hampton_University_logo.png?utm_source=en.wikipedia.org&utm_campaign=imageinfo&utm_content=original,,,,61.68,375,0.1484,4.4,1,14,1,,,,3,14,1,5,12,1,,,,,Sam Cain,Head Coach,samuel.cain@hamptonu.edu,personal,,,records+db+v6+coach+grads,wikipedia:Hampton University,,,,https://hamptonpirates.com/sports/womens-soccer/coaches
harvard,Harvard,womens-soccer,D1,Ivy League,d1t3,Crimson,0,John Harvard,,,https://upload.wikimedia.org/wikipedia/commons/7/70/Harvard_University_logo.svg?utm_source=commons.wikimedia.org&utm_campaign=imageinfo&utm_content=original,,,,75.91,100,0.4646,9.7,12,2,3,13,4,2,7,4,5,5,6,3,r32,r32,,,Chris Hamblin,The Branca Family Head Coach for Harvard Women's Soccer,,,,,records+db+v6+coach+grads,wikipedia:Harvard University,,,,https://gocrimson.com/sports/womens-soccer/coaches
hawaii,Hawaii,womens-soccer,D1,Mountain West,d1t3,Rainbow Wāhine,1,,#024731,#FFFFFF,,hiloathletics.com,,,69.86,203,0.3302,5.2,6,6,3,5,8,3,12,8,1,4,8,8,,,,,Michele Nagamine,Head Coach,mnaga@hawaii.edu,personal,,,records+db+v6+coach+grads,wikipedia:University of Hawaiʻi at Mānoa,,,,https://hawaiiathletics.com/sports/womens-soccer/coaches
high_point,High Point,womens-soccer,D1,Big South,d1t3,Panthers,1,Prowler the Panther,,,https://upload.wikimedia.org/wikipedia/en/1/10/High_Point_University_logo.png?utm_source=en.wikipedia.org&utm_campaign=imageinfo&utm_content=original,,1,Big South,68.97,220,0.3104,7.3,5,10,3,6,5,7,9,7,3,5,10,5,,,,appearance,Aaron McGuiness,Head Coach,,,,,records+db+v6+coach+grads,wikipedia:High Point University,,wikipedia:2025 NCAA Division I women's soccer tournament,,https://highpointpanthers.com/sports/womens-soccer/coaches
hofstra,Hofstra,womens-soccer,D1,CAA,d1t3,Pride,0,Kate & Willie Pride,,,https://upload.wikimedia.org/wikipedia/commons/f/f5/Hofstra_University_logo_wide.svg?utm_source=commons.wikimedia.org&utm_campaign=imageinfo&utm_content=original,,,,73.95,133,0.4211,7.3,10,8,4,12,5,1,8,5,6,6,5,7,appearance,,,,Simon Riddiough,Head Coach,simon.riddiough@hofstra.edu,personal,,,records+db+v6+coach+grads,wikipedia:Hofstra University,,,,https://gohofstra.com/sports/womens-soccer/coaches
holy_cross,Holy Cross,womens-soccer,D1,Patriot,d1t3,Crusaders,1,,,,https://upload.wikimedia.org/wikipedia/en/f/f9/College_of_the_Holy_Cross_logo.svg?utm_source=en.wikipedia.org&utm_campaign=imageinfo&utm_content=original,,,,66.67,270,0.2592,8.9,2,11,4,5,7,5,5,11,2,6,7,6,,,,,Ben Graham,Head Coach,bgraham@holycross.edu,personal,,,records+db+v6+coach+grads,wikipedia:College of the Holy Cross,,,,https://goholycross.com/sports/womens-soccer/coaches
houston,Houston,womens-soccer,D1,Big 12,d1t1,Cougars,1,Shasta and Sasha,#C8102E,#FFFFFF,https://upload.wikimedia.org/wikipedia/commons/d/db/University_of_Houston_full_logo.svg?utm_source=commons.wikimedia.org&utm_campaign=imageinfo&utm_content=original,,,,77.35,90,0.4966,6.0,6,7,3,8,8,2,4,12,1,7,4,7,,,,,Ben Williams,Head Coach,bjwill20@central.uh.edu,personal,,,records+db+v6+coach+grads,wikipedia:University of Houston,"academic_rating voided 2026-08-24: a fuzzy name match had assigned Houston Christian score of 3.8; needs a real 70/30 US News and Niche rating; academic_rating 8 interpolated 2026-08-24 from US News #132 in National Universities, against verified anchors (#24 Emory 10, #59 Penn State 8.7, #158 Louisville 7.8, #222 West Virginia 6.8)",,,https://uhcougars.com/sports/womens-soccer/coaches
houston_christian,Houston Christian,womens-soccer,D1,Southland,d1t4,Huskies,1,"Wakiza III (Live), Mingo (Animated)",#273A80,#F05123,https://upload.wikimedia.org/wikipedia/en/2/23/Houston_Christian_University_primary_logo.svg?utm_source=en.wikipedia.org&utm_campaign=imageinfo&utm_content=original,,1,Southland,67.08,260,0.2684,2.8,7,10,3,7,11,0,5,9,5,12,9,2,,,,appearance,Nick Whiting,Head Coach,nwhiting@hc.edu,personal,,,records+db+v6+coach+grads,wikipedia:Houston Christian University,,wikipedia:2025 NCAA Division I women's soccer tournament,,https://hcuhuskies.com/sports/womens-soccer/coaches
howard,Howard,womens-soccer,D1,NEC,d1t4,Bison,0,Bison,#003A63,#E51937,https://upload.wikimedia.org/wikipedia/en/2/21/Howard_University_logo.svg?utm_source=en.wikipedia.org&utm_campaign=imageinfo&utm_content=original,,,,70.16,196,0.3369,6.6,3,11,2,12,6,2,11,5,5,9,7,3,,,appearance,,Brent Leiba,Head Coach,bleiba@howard.edu,personal,,,records+db+v6+coach+grads,wikipedia:Howard University,,,,https://hubison.com/sports/womens-soccer/coaches
iu_indy,IU Indy,womens-soccer,D1,Horizon,d1t3,Jaguars,1,"Jawz, Jinx, and Jazzy",#fff,#7D110C,,,,,69.24,212,0.3165,5.3,9,4,6,11,3,5,5,11,3,4,11,3,,,,,Angela Berry White,Head Coach,aberrywh@iu.edu,personal,,,records+db+v6+coach+grads,wikipedia:Indiana University Indianapolis,,,,https://iuindyjags.com/sports/womens-soccer/coaches
idaho,Idaho,womens-soccer,D1,Big Sky,d1t4,Vandals,1,Joe Vandal,,,https://upload.wikimedia.org/wikipedia/commons/a/ac/University_of_Idaho_logo.svg?utm_source=commons.wikimedia.org&utm_campaign=imageinfo&utm_content=original,,,,71.91,162,0.3758,5.0,12,3,3,12,5,2,12,5,3,6,5,9,,appearance,,,Jeremy Clevenger,Head Coach,jclevenger@uidaho.edu,personal,,,records+db+v6+coach+grads,wikipedia:University of Idaho,,,,https://govandals.com/sports/womens-soccer/coaches
idaho_state,Idaho State,womens-soccer,D1,Big Sky,d1t4,Bengals,1,Benny the Bengal,,,https://upload.wikimedia.org/wikipedia/commons/0/0e/Idaho_State_University_logo.svg?utm_source=commons.wikimedia.org&utm_campaign=imageinfo&utm_content=original,,,,61.47,379,0.1438,4.4,3,11,2,4,13,2,2,10,5,5,8,4,,,,,Dustin Downey,Head Coach,dustindowney@isu.edu,inferred,,,records+db+v6+coach+grads,wikipedia:Idaho State University,,,,pattern_inference:medium
illinois,Illinois,womens-soccer,D1,Big Ten,d1t1,Fighting Illini,0,,,,https://upload.wikimedia.org/wikipedia/commons/a/a6/University_of_Illinois_at_Urbana-Champaign_Wordmark.svg?utm_source=commons.wikimedia.org&utm_campaign=imageinfo&utm_content=original,,,,83.19,49,0.6264,8.1,7,7,4,6,8,3,8,8,2,13,6,2,,,,appearance,Katie Hultin,Head Coach,khultin@illinois.edu,personal,,,records+db+v6+coach+grads,wikipedia:University of Illinois Urbana-Champaign,"academic_rating voided 2026-08-24: a fuzzy name match had assigned Eastern Illinois score of 4.3; needs a real 70/30 US News and Niche rating; academic_rating 9.4 interpolated 2026-08-24 from US News #36 in National Universities, against verified anchors (#24 Emory 10, #59 Penn State 8.7, #158 Louisville 7.8, #222 West Virginia 6.8)",,,https://fightingillini.com/sports/womens-soccer/roster/coaches/katie-hultin/2376
illinois_state,Illinois State,womens-soccer,D1,Missouri Valley,d1t3,Redbirds,1,Reggie Redbird,#CE1126,#FFFFFF,https://upload.wikimedia.org/wikipedia/commons/e/eb/Illinois_State_University_logo.svg?utm_source=commons.wikimedia.org&utm_campaign=imageinfo&utm_content=original,,,,67.38,257,0.2750,4.3,3,14,1,3,9,4,6,10,4,8,6,8,,,,,Raleigh DeRose,Head Coach,,,,,records+db+v6+coach+grads,wikipedia:Illinois State University,,,,https://goredbirds.com/sports/womens-soccer/roster/coaches/raleigh-derose/2903
incarnate_word,Incarnate Word,womens-soccer,D1,Southland,d1t4,Cardinals,1,Red the Cardinal,,,https://upload.wikimedia.org/wikipedia/en/6/64/University_of_Incarnate_Word_logo.svg?utm_source=en.wikipedia.org&utm_campaign=imageinfo&utm_content=original,,,,64.91,317,0.2202,3.2,3,10,3,6,8,2,8,8,3,4,8,4,,,,,Jake Plant,Head Women's Soccer Coach,jplant@uiwtx.edu,personal,,,records+db+v6+coach+grads,wikipedia:University of the Incarnate Word,,,,https://uiwcardinals.com/sports/womens-soccer/coaches
indiana,Indiana,womens-soccer,D1,Big Ten,d1t1,Hoosiers,1,Hoosier the Bison,#EDEBEB,#990000,https://upload.wikimedia.org/wikipedia/commons/7/7e/Indiana_University_logotype.svg?utm_source=commons.wikimedia.org&utm_campaign=imageinfo&utm_content=original,indianatechwarriors.com,,,78.83,73,0.5295,7.7,3,7,7,12,4,4,6,9,2,5,6,6,,appearance,,,Josh Rife,Head Coach,,,,,records+db+v6+coach+grads,wikipedia:Indiana University Bloomington,,,,https://iuhoosiers.com/sports/womens-soccer/coaches
indiana_state,Indiana State,womens-soccer,D1,Missouri Valley,d1t3,Sycamores,1,Sycamore Sam,#0066B3,#FFFFFF,https://upload.wikimedia.org/wikipedia/commons/7/71/Indiana_State_University_logo.svg?utm_source=commons.wikimedia.org&utm_campaign=imageinfo&utm_content=original,,,,69.96,202,0.3324,2.7,2,11,3,2,6,10,10,6,5,8,6,6,,,,,Paul Lawrence,Head Coach,paul.lawrence@indstate.edu,personal,,,records+db+v6+coach+grads,wikipedia:Indiana State University,,,,https://gosycamores.com/sports/womens-soccer/coaches
iona,Iona,womens-soccer,D1,Metro,d1t3,Gaels,1,Killian,#910026,#FDB913,,,,,65.55,301,0.2345,5.5,8,7,4,1,15,3,6,10,4,6,10,3,,,,,Todd Plourde,Head Coach,tplourde@iona.edu,personal,,,records+db+v6+coach+grads,wikipedia:Iona University,,,,https://ionagaels.com/sports/womens-soccer/coaches
iowa,Iowa,womens-soccer,D1,Big Ten,d1t1,Hawkeyes,1,Herky the Hawk,,,,,,,88.88,18,0.7529,6.9,5,6,7,9,4,4,13,2,3,12,5,4,,r32,r16,r32,Dean Ward,Head Coach,dean-ward@uiowa.edu,personal,,,records+db+v6+coach+grads,wikipedia:University of Iowa,,,,https://hawkeyesports.com/staff-directory
iowa_state,Iowa State,womens-soccer,D1,Big 12,d1t1,Cyclones,1,Cy the Cardinal,#C8102E,#F1BE48,https://upload.wikimedia.org/wikipedia/commons/1/15/Iowa_State_University_wordmark.svg?utm_source=commons.wikimedia.org&utm_campaign=imageinfo&utm_content=original,,,,70.36,192,0.3413,6.6,3,10,4,6,11,1,3,9,6,4,9,4,,,,,Matt Fannon,Head Coach,,,,,records+db+v6+coach+grads,wikipedia:Iowa State University,,,,https://cyclones.com/sports/womens-soccer/coaches
jackson_state,Jackson State,womens-soccer,D1,SWAC,d1t4,Tigers,1,Bengal Tiger,#000080,#FFFFFF,https://upload.wikimedia.org/wikipedia/commons/3/36/Jackson_State_University_logo.png?utm_source=commons.wikimedia.org&utm_campaign=imageinfo&utm_content=original,,,,66.97,262,0.2661,2.9,11,8,1,,,,2,9,5,9,7,3,appearance,,,,Dr. Ted Flogaites,Head Coach,theodore.j.flogaites@jsums.edu,personal,,,records+db+v6+coach+grads,wikipedia:Jackson State University,,,,https://gojsutigers.com/sports/womens-soccer/coaches
jacksonville,Jacksonville,womens-soccer,D1,ASUN,d1t3,Dolphins,1,Nellie,#004d40,,https://upload.wikimedia.org/wikipedia/commons/9/90/Jacksonville_University_wordmark.svg?utm_source=commons.wikimedia.org&utm_campaign=imageinfo&utm_content=original,,,,68.84,222,0.3074,4.9,6,5,5,3,11,4,4,10,4,9,5,5,,,,,Ryan Moon,Head Coach,rmoon2@ju.edu,personal,,,records+db+v6+coach+grads,wikipedia:Jacksonville University,,,,https://judolphins.com/sports/womens-soccer/coaches
jacksonville_state,Jacksonville State,womens-soccer,D1,CUSA,d1t3,Gamecocks,1,,#CC0000,#FFFFFF,https://upload.wikimedia.org/wikipedia/commons/5/5c/Jacksonville_State_University_2023.png?utm_source=commons.wikimedia.org&utm_campaign=imageinfo&utm_content=original,,,,67.74,251,0.2831,2.8,3,13,2,6,9,2,8,9,2,6,9,3,,,,,Corey Smith,Head Soccer Coach,coreysmith@jsu.edu,personal,,,records+db+v6+coach+grads,wikipedia:Jacksonville State University,,,,https://jaxstatesports.com/sports/womens-soccer/coaches
james_madison,James Madison,womens-soccer,D1,Sun Belt,d1t3,Dukes,1,Duke Dog,,,,,,,76.55,94,0.4789,6.6,12,4,5,9,5,8,12,4,5,9,4,6,,appearance,appearance,,"Joshua Walters, Sr.",Head Coach,walte4js@jmu.edu,personal,,,records+db+v6+coach+grads,wikipedia:James Madison University,,,,https://jmusports.com/sports/womens-soccer/coaches
kansas,Kansas,womens-soccer,D1,Big 12,d1t1,Jayhawks,1,Big Jay / Baby Jay / Jay Doc (Medical Center),,,https://upload.wikimedia.org/wikipedia/commons/4/4c/University_of_Kansas_wordmark.svg?utm_source=commons.wikimedia.org&utm_campaign=imageinfo&utm_content=original,,,,85.71,34,0.6825,6.6,9,9,2,4,8,6,13,6,4,16,6,3,,,appearance,r16,Nate Lie,Head Coach,lien@ku.edu,personal,,,records+db+v6+coach+grads,wikipedia:University of Kansas,"academic_rating 7.9 interpolated 2026-08-24 from US News #143 in National Universities, against verified anchors (#24 Emory 10, #59 Penn State 8.7, #158 Louisville 7.8, #222 West Virginia 6.8)",,,https://kuathletics.com/sports/womens-soccer/coaches
kansas_city,Kansas City,womens-soccer,D1,Summit,d1t4,Roos,1,Kasey the Kangaroo,#0066CC,#FFDD00,,,,,65.65,296,0.2367,5.6,2,11,5,3,7,8,7,8,3,9,8,3,,,,,Jess Smith,Head Coach,jessicasmith@umkc.edu,personal,,,records+db+v6+coach+grads,wikipedia:University of Missouri–Kansas City,"corrected: had been matched to a different institution of a similar name; the school's own athletics domain implies ""Roos""",,,https://kcroos.com/sports/womens-soccer/coaches
kansas_state,Kansas State,womens-soccer,D1,Big 12,d1t1,Wildcats,1,Willie the Wildcat,#512888,,https://upload.wikimedia.org/wikipedia/commons/5/59/Kansas_State_University_wordmark.svg?utm_source=commons.wikimedia.org&utm_campaign=imageinfo&utm_content=original,,,,72.22,156,0.3828,6.0,6,10,3,3,12,3,3,12,3,7,6,5,,,,,Colleen Corbin,Head Coach,ccorbin@kstatesports.com,inferred,,,records+db+v6+coach+grads,wikipedia:Kansas State University,,,,pattern_inference:high
kennesaw_state,Kennesaw State,womens-soccer,D1,CUSA,d1t3,Owls,1,Scrappy the Owl,#2D2926,#FFC629,https://upload.wikimedia.org/wikipedia/en/d/da/Kennesaw_State_University.svg?utm_source=en.wikipedia.org&utm_campaign=imageinfo&utm_content=original,,,,63.57,344,0.1904,3.1,7,9,3,4,8,7,3,10,4,2,11,4,,,,,Chris Cahill,Head Coach,,,,,records+db+v6+coach+grads,wikipedia:Kennesaw State University,,,,https://ksuowls.com/sports/womens-soccer/coaches
kent_state,Kent State,womens-soccer,D1,MAC,d1t3,Golden Flashes,1,Flash the Golden Eagle,#003976,#EBAB21,https://upload.wikimedia.org/wikipedia/commons/a/a9/Kent_State_University_logo.svg?utm_source=commons.wikimedia.org&utm_campaign=imageinfo&utm_content=original,,,,72.97,145,0.3993,4.1,4,7,7,12,7,2,9,7,3,8,6,6,,,,,Rob Marinaro,Head Coach,,,,,records+db+v6+coach+grads,wikipedia:Kent State University,,,,https://kentstatesports.com/sports/womens-soccer/coaches
kentucky,Kentucky,womens-soccer,D1,SEC,d1t1,Wildcats,1,,,,https://upload.wikimedia.org/wikipedia/commons/c/c4/University_of_Kentucky_logo.svg?utm_source=commons.wikimedia.org&utm_campaign=imageinfo&utm_content=original,,,,86.58,31,0.7018,6.6,7,9,2,9,4,6,11,5,5,12,4,5,,,r32,appearance,Troy Fabiano,Head Coach,,,,,records+db+v6+coach+grads,wikipedia:University of Kentucky,,,,https://ukathletics.com/sports/wsoc/roster/coach/troy-fabiano/
liu,LIU,womens-soccer,D1,NEC,d1t4,Sharks,1,,#69B3E7,#FFC72C,,,,,65.89,292,0.2420,5.7,4,12,3,7,8,2,5,10,1,7,5,5,,,,,Jim O'Brien,Head Coach,james.obrien@liu.edu,personal,,,records+db+v6+coach+grads,wikipedia:Long Island University,,,,https://www.liuathletics.com/sports/womens-soccer/coaches
lsu,LSU,womens-soccer,D1,SEC,d1t1,Tigers,1,Mike the Tiger,,,https://upload.wikimedia.org/wikipedia/commons/6/6a/Louisiana_State_University_%28logo%29.svg?utm_source=commons.wikimedia.org&utm_campaign=imageinfo&utm_content=original,,1,SEC,85.77,33,0.6838,6.6,7,3,4,8,7,3,8,7,3,15,6,4,r32,appearance,appearance,r16,Sian Hudson,Head Coach,shudson@lsu.edu,personal,,,records+db+v6+coach+grads,wikipedia:Louisiana State University,,wikipedia:2025 NCAA Division I women's soccer tournament,,https://lsusports.net/staff-directory/
la_salle,La Salle,womens-soccer,D1,Atlantic 10,d1t3,Explorers,1,The Explorer,,,,,,,73.19,142,0.4042,4.5,8,8,2,12,6,3,8,5,5,7,8,3,,,,,Paul Royal,Head Coach,royal@lasalle.edu,personal,,,records+db+v6+coach+grads,wikipedia:La Salle University,,,,https://goexplorers.com/sports/womens-soccer/coaches
lafayette,Lafayette,womens-soccer,D1,Patriot,d1t3,Leopards,1,,#822433,,https://upload.wikimedia.org/wikipedia/en/6/6c/University_of_Louisiana_at_Lafayette_logo.svg?utm_source=en.wikipedia.org&utm_campaign=imageinfo&utm_content=original,,,,67.66,255,0.2814,9.1,3,11,3,7,8,1,5,6,4,5,8,7,,,,,Mick Statham,Head Coach,stathamm@lafayette.edu,personal,,,records+db+v6+coach+grads,wikipedia:Lafayette College,"corrected: had been matched to a different institution of a similar name; the school's own athletics domain implies ""Leopards""",,,https://goleopards.com/sports/womens-soccer/coaches
lamar,Lamar,womens-soccer,D1,Southland,d1t4,Cardinals,1,Big Red and LU,#DC0031,#FFFFFF,https://upload.wikimedia.org/wikipedia/commons/e/ef/Lamar_University_logo.svg?utm_source=commons.wikimedia.org&utm_campaign=imageinfo&utm_content=original,,,,70.50,191,0.3444,2.4,15,2,2,15,3,3,5,8,6,7,8,5,appearance,appearance,,,Nathan Kogut,Head Coach,nkogut@lamar.edu,personal,,,records+db+v6+coach+grads,wikipedia:Lamar University,,,,https://lamarcardinals.com/sports/womens-soccer/coaches
le_moyne,Le Moyne,womens-soccer,D1,NEC,d1t4,Dolphins,1,Iggy the Dolphin,#CFB53B,,https://upload.wikimedia.org/wikipedia/commons/9/9c/Le_Moyne_College.svg?utm_source=commons.wikimedia.org&utm_campaign=imageinfo&utm_content=original,,,,58.46,433,0.0769,7.0,5,8,3,2,12,4,2,15,2,2,13,4,,,,,Taylor Van Fleet,Head Coach,vanfletb@lemoyne.edu,personal,,,records+db+v6+coach+grads,wikipedia:Le Moyne College,,,,https://lemoynedolphins.com/sports/womens-soccer/coaches
lehigh,Lehigh,womens-soccer,D1,Patriot,d1t3,Mountain Hawks,1,Clutch the Mountain Hawk,#663700,,https://upload.wikimedia.org/wikipedia/en/e/ef/LUwithShield-CMYK.svg?utm_source=en.wikipedia.org&utm_campaign=imageinfo&utm_content=original,,,,66.30,281,0.2511,9.1,8,7,3,7,5,5,3,9,5,3,11,3,,,,,Lauren Calabrese,Head Coach,lnc3@lehigh.edu,personal,,,records+db+v6+coach+grads,wikipedia:Lehigh University,,,,https://lehighsports.com/sports/womens-soccer/coaches
liberty,Liberty,womens-soccer,D1,CUSA,d1t3,Flames,1,Sparky the Eagle,,,,hilltoppersports.com,1,C-USA,82.71,50,0.6158,4.8,14,3,4,16,3,1,15,2,4,14,4,4,,appearance,,appearance,Lang Wedemeyer,Head Coach,flwedemeyer@liberty.edu,personal,,,records+db+v6+coach+grads,wikipedia:Liberty University,,wikipedia:2025 NCAA Division I women's soccer tournament,,https://libertyflames.com/sports/womens-soccer/coaches
lindenwood,Lindenwood,womens-soccer,D1,Ohio Valley,d1t4,Lions,1,Leo the Lion,,,https://upload.wikimedia.org/wikipedia/commons/c/c1/Lindenwood_University_logo.svg?utm_source=commons.wikimedia.org&utm_campaign=imageinfo&utm_content=original,,,,68.57,227,0.3016,4.8,6,8,6,3,13,1,11,5,4,10,5,5,,,,,Dave Musso,Head Coach,dmusso@lindenwood.edu,personal,,,records+db+v6+coach+grads,wikipedia:Lindenwood University,,,,https://lindenwoodlions.com/sports/womens-soccer/coaches
lipscomb,Lipscomb,womens-soccer,D1,ASUN,d1t3,Bisons,1,Lou the Bison,#331E54,#F4AA00,https://upload.wikimedia.org/wikipedia/en/9/99/Lipscomb_Logo.svg?utm_source=en.wikipedia.org&utm_campaign=imageinfo&utm_content=original,,1,ASUN,80.17,65,0.5593,6.6,11,5,3,14,5,1,14,4,4,15,6,2,,,appearance,r32,Kathleen Paulsen,Head Coach,kpaulsen@lipscomb.edu,personal,,,records+db+v6+coach+grads,wikipedia:Lipscomb University,,wikipedia:2025 NCAA Division I women's soccer tournament,,https://lipscombsports.com/sports/womens-soccer/coaches
little_rock,Little Rock,womens-soccer,D1,UAC,d1t4,Trojans,1,,#6E2639,#A7A9AC,https://upload.wikimedia.org/wikipedia/en/a/a0/University_of_Arkansas_at_Little_Rock.svg?utm_source=en.wikipedia.org&utm_campaign=imageinfo&utm_content=original,,,,68.16,240,0.2924,3.4,5,7,5,7,5,8,7,7,5,7,4,6,,,,,Kelly Farrell,Head Coach,kafarrell@ualr.edu,personal,,,records+db+v6+coach+grads,wikipedia:University of Arkansas at Little Rock,,,,https://lrtrojans.com/sports/womens-soccer/roster
long_beach_state,Long Beach State,womens-soccer,D1,Big West,d1t3,Beach,0,Elbee,#000000,#ECAA00,https://upload.wikimedia.org/wikipedia/commons/9/94/California_State_University%2C_Long_Beach.svg?utm_source=commons.wikimedia.org&utm_campaign=imageinfo&utm_content=original,,,,69.97,201,0.3328,4.3,8,7,6,10,6,4,6,9,3,5,8,5,,,,,Mauricio Ingrassia,Head Coach,Mauricio.Ingrassia@csulb.edu,personal,,,records+db+v6+coach+grads,"wikipedia:California State University, Long Beach",,,,https://longbeachstate.com/sports/womens-soccer/coaches
longwood,Longwood,womens-soccer,D1,Big South,d1t3,Lancers,1,Elwood,,,https://upload.wikimedia.org/wikipedia/en/1/15/Longwood_University_logo.svg?utm_source=en.wikipedia.org&utm_campaign=imageinfo&utm_content=original,,,,69.08,219,0.3128,5.1,5,9,4,5,7,5,4,9,6,9,7,3,,,,,Todd Dyer,Head Coach,dyerbt@longwood.edu,personal,,,records+db+v6+coach+grads,wikipedia:Longwood University,,,,https://longwoodlancers.com/sports/womens-soccer/coaches
louisiana,Louisiana,womens-soccer,D1,Sun Belt,d1t3,Ragin' Cajuns,1,,,,https://upload.wikimedia.org/wikipedia/en/6/6c/University_of_Louisiana_at_Lafayette_logo.svg?utm_source=en.wikipedia.org&utm_campaign=imageinfo&utm_content=original,,,,70.17,195,0.3371,4.8,3,9,5,7,9,2,7,5,8,7,6,5,,,,,Chris McBride,Head Coach,christopher.mcbride@louisiana.edu,personal,,,records+db+v6+coach+grads,wikipedia:University of Louisiana at Lafayette,,,,https://ragincajuns.com/sports/womens-soccer/coaches
louisiana_tech,Louisiana Tech,womens-soccer,D1,Sun Belt,d1t3,Lady Techsters,1,Champ & Tech,,,https://upload.wikimedia.org/wikipedia/commons/d/df/Louisiana_Tech_University_wordmark.png?utm_source=commons.wikimedia.org&utm_campaign=imageinfo&utm_content=original,,,,63.93,336,0.1985,4.8,7,9,3,6,11,3,2,10,5,4,13,2,,,,,Matt Lodge,Head Coach,mlodge@latech.edu,personal,,,records+db+v6+coach+grads,wikipedia:Louisiana Tech University,,,,https://latechsports.com/sports/womens-soccer/roster/coaches/matt-lodge/3257
louisiana_monroe,Louisiana-Monroe,womens-soccer,D1,Sun Belt,d1t3,Warhawks,1,Ace the Warhawk,,,https://upload.wikimedia.org/wikipedia/en/9/95/University_of_Louisiana_at_Monroe_logo.svg?utm_source=en.wikipedia.org&utm_campaign=imageinfo&utm_content=original,,,,77.21,91,0.4935,3.7,10,6,3,9,2,8,9,8,3,13,3,4,,,,,Antony Blackburn,Head Soccer Coach,ablackburn@ulm.edu,personal,,,records+db+v6+coach+grads,wikipedia:University of Louisiana at Monroe,,,,https://ulmwarhawks.com/sports/womens-soccer/coaches
louisville,Louisville,womens-soccer,D1,ACC,d1t1,Cardinals,1,Louie the Cardinal,#AD0000,#000000,https://upload.wikimedia.org/wikipedia/en/7/7c/University_of_Louisville_logo.svg?utm_source=en.wikipedia.org&utm_campaign=imageinfo&utm_content=original,,,,82.07,57,0.6016,5.5,6,8,2,4,9,5,7,6,5,13,5,3,,,,r32,Hunter Norton,Head Coach,hunter@GoCards.com,personal,,,records+db+v6+coach+grads,wikipedia:University of Louisville,,,,https://gocards.com/sports/womens-soccer/coaches
loyola_md,Loyola (MD),womens-soccer,D1,Patriot,d1t3,Greyhounds,1,,#0D4B34,#C8C8C8,https://upload.wikimedia.org/wikipedia/commons/e/ef/Loyola_University_Maryland_wordmark.svg?utm_source=commons.wikimedia.org&utm_campaign=imageinfo&utm_content=original,,,,70.60,188,0.3466,7.9,6,8,4,,,,8,6,5,5,5,8,,,,,Joe Mallia,Head Coach,jmallia@loyola.edu,personal,,,records+db+v6+coach+grads,wikipedia:Loyola University Maryland,,,,https://loyolagreyhounds.com/sports/womens-soccer/coaches
loyola_chicago,Loyola Chicago,womens-soccer,D1,Atlantic 10,d1t3,Ramblers,1,Lu Wolf,#8D0034,#FEBC18,https://upload.wikimedia.org/wikipedia/en/6/62/Loyola_University_Chicago_logo.svg?utm_source=en.wikipedia.org&utm_campaign=imageinfo&utm_content=original,,,,73.90,136,0.4199,7.2,8,8,3,7,7,4,9,5,5,9,4,6,,,,,Jon Sandoval,Head Coach,jsandoval11@luc.edu,personal,,,records+db+v6+coach+grads,wikipedia:Loyola University Chicago,,,,https://loyolaramblers.com/sports/womens-soccer/coaches
loyola_marymount,Loyola Marymount,womens-soccer,D1,West Coast,d1t2,Lions,1,Iggy the Lion,,,https://upload.wikimedia.org/wikipedia/en/e/e8/Loyola_Marymount_University_logo.png?utm_source=en.wikipedia.org&utm_campaign=imageinfo&utm_content=original,,,,74.43,125,0.4317,8.1,3,8,6,6,10,3,11,5,2,5,7,5,,,,,Chris Chamides,Head Coach,chris.chamides@lmu.edu,inferred,,,records+db+v6+coach+grads,wikipedia:Loyola Marymount University,,,,pattern_inference:high
maine,Maine,womens-soccer,D1,America East,d1t3,Black Bears,1,Bananas T. Bear,,,https://upload.wikimedia.org/wikipedia/en/3/3a/University_of_Maine_logo.svg?utm_source=en.wikipedia.org&utm_campaign=imageinfo&utm_content=original,,1,America East,76.59,93,0.4798,5.1,9,3,5,11,2,6,13,2,3,6,8,4,,appearance,appearance,appearance,Scott Atherley,Head Coach,atherley@maine.edu,personal,,,records+db+v6+coach+grads,wikipedia:University of Maine,,wikipedia:2025 NCAA Division I women's soccer tournament,,https://goblackbears.com/sports/womens-soccer/coaches
manhattan,Manhattan,womens-soccer,D1,Metro,d1t3,Jaspers,1,,#00703C,#FFFFFF,https://upload.wikimedia.org/wikipedia/en/7/71/Manhattan_College_logo.svg?utm_source=en.wikipedia.org&utm_campaign=imageinfo&utm_content=original,,,,70.80,185,0.3512,6.5,3,7,5,4,7,4,10,7,3,7,6,5,,,,,Brendan Lawler,Head Coach,brendan.lawler@manhattan.edu,personal,,,records+db+v6+coach+grads,wikipedia:Manhattan University,,,,https://gojaspers.com/sports/womens-soccer/coaches
marist,Marist,womens-soccer,D1,Metro,d1t3,Red Foxes,1,Red Fox,#C8102E,#FFFFFF,https://upload.wikimedia.org/wikipedia/commons/6/65/Marist_College_wordmark.svg?utm_source=commons.wikimedia.org&utm_campaign=imageinfo&utm_content=original,,,,65.37,306,0.2305,7.3,5,7,5,2,9,5,3,11,3,6,8,5,,,,,Nicole Pacapelli Ciano,Head Coach,nicole.pacapelli@marist.edu,personal,,,records+db+v6+coach+grads,wikipedia:Marist University,,,,https://goredfoxes.com/sports/womens-soccer/coaches
marquette,Marquette,womens-soccer,D1,Big East,d1t2,Golden Eagles,1,Iggy the Golden Eagle,#003366,#FFCC00,https://upload.wikimedia.org/wikipedia/en/a/a2/Marquette_University.svg?utm_source=en.wikipedia.org&utm_campaign=imageinfo&utm_content=original,,,,72.35,153,0.3856,7.7,7,7,4,5,10,4,6,11,3,7,7,4,,,,,Chris Allen,Head Coach,chris.allen@marquette.edu,personal,,,records+db+v6+coach+grads,wikipedia:Marquette University,,,,https://gomarquette.com/sports/womens-soccer/coaches
marshall,Marshall,womens-soccer,D1,Sun Belt,d1t3,Thundering Herd,0,Marco the Bison,#00B140,#FFFFFF,https://upload.wikimedia.org/wikipedia/commons/5/51/Marshall_University_logo.svg?utm_source=commons.wikimedia.org&utm_campaign=imageinfo&utm_content=original,godiplomats.com,,,69.15,216,0.3144,3.5,4,10,5,7,9,1,3,8,5,8,5,4,,,,,Rafa Simoes,Head Women's Soccer Coach,simoes@marshall.edu,personal,,,records+db+v6+coach+grads,wikipedia:Marshall University,,,,https://herdzone.com/sports/womens-soccer/coaches
maryland,Maryland,womens-soccer,D1,Big Ten,d1t1,Terrapins,1,Testudo the Terrapin,,,https://upload.wikimedia.org/wikipedia/commons/d/df/University_of_Maryland_wordmark.svg?utm_source=commons.wikimedia.org&utm_campaign=imageinfo&utm_content=original,,,,70.89,183,0.3531,8.5,4,8,5,3,10,5,4,10,5,6,11,1,,,,,Michael Marchiano,Head Women's Soccer Coach,mmarch@umd.edu,personal,,,records+db+v6+coach+grads,"wikipedia:University of Maryland, College Park",,,,https://umterps.com/sports/womens-soccer/coaches
mcneese,McNeese,womens-soccer,D1,Southland,d1t4,Cowboys,1,Rowdy,#00529B,#FFD204,https://upload.wikimedia.org/wikipedia/commons/9/9d/McNeese_State_University_logo.svg?utm_source=commons.wikimedia.org&utm_campaign=imageinfo&utm_content=original,,,,62.74,356,0.1719,2.9,5,9,4,9,8,4,4,14,1,4,12,4,,,,,Alexsis Cable,Head Coach,acable@mcneese.edu,personal,,,records+db+v6+coach+grads,wikipedia:McNeese State University,,,,https://mcneesesports.com/sports/womens-soccer/coaches
memphis,Memphis,womens-soccer,D1,American,d1t2,Tigers,1,,#003087,#898D8D,https://upload.wikimedia.org/wikipedia/commons/e/e8/University_of_Memphis_wordmark.svg?utm_source=commons.wikimedia.org&utm_campaign=imageinfo&utm_content=original,,,,90.01,15,0.7781,3.5,11,5,6,,,,13,2,4,17,1,3,r16,r16,,r32,Brooks Monaghan,Head Women's Coach,bmonaghn@memphis.edu,personal,,,records+db+v6+coach+grads,wikipedia:University of Memphis,,,,https://gotigersgo.com/sports/womens-soccer/coaches
mercer,Mercer,womens-soccer,D1,Southern,d1t3,Bears,1,,#222222,#F76800,https://upload.wikimedia.org/wikipedia/commons/d/d0/Mercer_University_logo.png?utm_source=commons.wikimedia.org&utm_campaign=imageinfo&utm_content=original,,,,75.57,106,0.4571,7.5,9,4,7,10,6,5,11,5,3,10,7,3,,,,,Tony Economopoulos,Head Coach,,,,,records+db+v6+coach+grads,wikipedia:Mercer University,,,,https://mercerbears.com/sports/womens-soccer/coaches
mercyhurst,Mercyhurst,womens-soccer,D1,NEC,d1t4,Lakers,1,Luke the Laker,#125D55,#FFFFFF,https://upload.wikimedia.org/wikipedia/commons/9/95/Mercyhurst_logo_from_NCAA.svg?utm_source=commons.wikimedia.org&utm_campaign=imageinfo&utm_content=original,,,,65.96,289,0.2436,4.8,10,6,4,16,4,1,4,11,4,3,13,3,,,,,Dale White,Head Coach,dwhite@mercyhurst.edu,personal,,,records+db+v6+coach+grads,wikipedia:Mercyhurst University,,,,https://hurstathletics.com/sports/womens-soccer/coaches
merrimack,Merrimack,womens-soccer,D1,Metro,d1t3,Warriors,1,Mack the Warrior,#00337F,,https://upload.wikimedia.org/wikipedia/en/6/61/Merrimack_College_logo.svg?utm_source=en.wikipedia.org&utm_campaign=imageinfo&utm_content=original,,,,69.10,218,0.3133,5.0,8,8,3,10,4,4,7,9,3,4,12,2,,,,,Gabe Mejail,Head Women's Soccer Coach,mejailg@merrimack.edu,personal,,,records+db+v6+coach+grads,wikipedia:Merrimack College,,,,https://merrimackathletics.com/sports/womens-soccer/coaches
miami_fl,Miami (FL),womens-soccer,D1,ACC,d1t1,Hurricanes,1,Sebastian the Ibis,#F47321,#FFFFFF,https://upload.wikimedia.org/wikipedia/commons/0/0a/University_of_Miami_logo.svg?utm_source=commons.wikimedia.org&utm_campaign=imageinfo&utm_content=original,,,,74.33,128,0.4296,8.7,5,8,3,3,10,4,5,8,4,7,8,3,,,,,Ken Masuhr,Head Coach,,,,,records+db+v6+coach,wikipedia:University of Miami,,,,https://miamihurricanes.com/sports/soc/roster/
miami_oh,Miami (OH),womens-soccer,D1,MAC,d1t3,,,,,,,,,,74.49,122,0.4332,7.6,9,5,6,8,10,1,8,5,6,11,5,3,,,,,Courtney Sirmans,Head Coach,sirmancj@miamioh.edu,personal,,,records+db+v6+coach+grads,,No usable Wikipedia infobox found for this name,,,https://miamiredhawks.com/sports/womens-soccer/coaches
michigan,Michigan,womens-soccer,D1,Big Ten,d1t1,Wolverines,1,,,,https://upload.wikimedia.org/wikipedia/commons/c/c1/University_of_Michigan_logo.svg?utm_source=commons.wikimedia.org&utm_campaign=imageinfo&utm_content=original,nmuwildcats.com,,,73.99,132,0.4220,9.0,7,8,3,7,7,4,3,13,2,6,8,4,,appearance,,,Dave DiIanni,Head Coach,diianni@umich.edu,personal,,,records+db+v6+coach+grads,wikipedia:University of Michigan,,,,https://mgoblue.com/sports/womens-soccer/coaches
michigan_state,Michigan State,womens-soccer,D1,Big Ten,d1t1,Spartans,1,Sparty,#18453B,#FFFFFF,https://upload.wikimedia.org/wikipedia/commons/7/7a/Michigan_State_University_wordmark.svg?utm_source=commons.wikimedia.org&utm_campaign=imageinfo&utm_content=original,,,,93.03,9,0.8450,7.8,17,3,3,14,5,3,14,3,5,15,4,6,r32,r16,r16,quarter,Jeff Hosler,Head Coach,hosler@ath.msu.edu,personal,,,records+db+v6+coach+grads,wikipedia:Michigan State University,,,,https://msuspartans.com/sports/womens-soccer/coaches
middle_tennessee,Middle Tennessee,womens-soccer,D1,CUSA,d1t3,Blue Raiders,1,Lightning,#0066CC,#ffffff,,,,,70.73,187,0.3495,4.4,2,12,3,6,9,3,8,10,1,11,6,3,,,,,Aston Rhoden,Head Soccer Coach,aston.rhoden@mtsu.edu,personal,,,records+db+v6+coach+grads,wikipedia:Middle Tennessee State University,,,,https://goblueraiders.com/sports/womens-soccer/coaches
milwaukee,Milwaukee,womens-soccer,D1,Horizon,d1t3,Panthers,1,Pounce Panther,#000000,#FFBD00,https://upload.wikimedia.org/wikipedia/commons/b/bf/UWM-logo-2024.svg?utm_source=commons.wikimedia.org&utm_campaign=imageinfo&utm_content=original,,1,Horizon,78.84,72,0.5299,3.5,12,4,3,12,3,5,12,7,2,13,5,3,appearance,appearance,appearance,appearance,Kevin Boyd,Head Coach,boydk@uwm.edu,personal,,,records+db+v6+coach+grads,wikipedia:University of Wisconsin–Milwaukee,,wikipedia:2025 NCAA Division I women's soccer tournament,,https://mkepanthers.com/sports/womens-soccer/coaches
minnesota,Minnesota,womens-soccer,D1,Big Ten,d1t1,Golden Gophers,1,Goldy Gopher,#7A0019,#FFCC33,https://upload.wikimedia.org/wikipedia/commons/6/6a/University_of_Minnesota_Logo.svg?utm_source=commons.wikimedia.org&utm_campaign=imageinfo&utm_content=original,,,,82.61,52,0.6137,8.3,8,8,3,7,6,4,14,5,3,6,8,3,,,r16,,Erin Chastain,Head Coach,chastain@umn.edu,personal,,,records+db+v6+coach+grads,wikipedia:University of Minnesota,,,,https://gophersports.com/sports/womens-soccer/roster/coaches/erin-chastain/3736
mississippi_state,Mississippi State,womens-soccer,D1,SEC,d1t1,Bulldogs,1,Bully the Bulldog,,,https://upload.wikimedia.org/wikipedia/commons/6/69/Mississippi_State_University_logo.svg?utm_source=commons.wikimedia.org&utm_campaign=imageinfo&utm_content=original,,,,87.18,28,0.7151,5.9,12,6,4,12,6,5,,,,12,7,1,r32,r16,r16,appearance,Kevin O'Brien,Head Soccer Coach,kobrien@athletics.msstate.edu,inferred,,,records+db+v6+coach+grads,wikipedia:Mississippi State University,,,,pattern_inference:high
missouri,Missouri,womens-soccer,D1,SEC,d1t1,Tigers,1,Truman the Tiger,,,https://upload.wikimedia.org/wikipedia/commons/4/4a/University_of_Missouri_logo.svg?utm_source=commons.wikimedia.org&utm_campaign=imageinfo&utm_content=original,,,,71.79,166,0.3731,7.0,5,8,4,5,9,3,5,10,2,4,10,3,,,,,Stefanie Golan,Head Coach,sgolan@missouri.edu,personal,,,records+db+v6+coach+grads,wikipedia:University of Missouri,"academic_rating voided 2026-08-24: a fuzzy name match had assigned Missouri State score of 5.8; needs a real 70/30 US News and Niche rating; academic_rating 8.2 interpolated 2026-08-24 from US News #102 in National Universities, against verified anchors (#24 Emory 10, #59 Penn State 8.7, #158 Louisville 7.8, #222 West Virginia 6.8)",,,https://mutigers.com/sports/womens-soccer/roster
missouri_state,Missouri State,womens-soccer,D1,CUSA,d1t3,Bears,1,Boomer Bear,#5E0009,,https://upload.wikimedia.org/wikipedia/commons/d/db/Missouri_State_University.svg?utm_source=commons.wikimedia.org&utm_campaign=imageinfo&utm_content=original,,,,75.70,104,0.4599,4.1,12,7,2,12,2,5,13,5,3,7,9,4,appearance,,appearance,,Kirk Nelson,Head Coach,KirkNelson@missouristate.edu,personal,,,records+db+v6+coach+grads,wikipedia:Missouri State University,,,,https://missouristatebears.com/sports/womens-soccer/coaches
monmouth,Monmouth,womens-soccer,D1,CAA,d1t3,Hawks,1,Shadow The Hawk,,,https://upload.wikimedia.org/wikipedia/en/f/f4/MonmouthUniversityLogo.svg?utm_source=en.wikipedia.org&utm_campaign=imageinfo&utm_content=original,monmouthscots.com,,,78.56,75,0.5236,7.1,13,2,3,11,6,2,12,3,5,10,6,2,,,,,Kylee Flynn,Head Coach,kprossi@monmouth.edu,personal,,,records+db+v6+coach+grads,wikipedia:Monmouth University,,,,https://monmouthhawks.com/sports/womens-soccer/coaches
montana,Montana,womens-soccer,D1,Big Sky,d1t4,Lady Griz,0,Monte,#70002e,#6B6B6B,https://upload.wikimedia.org/wikipedia/commons/3/3d/University_of_Montana_logo_%282013%29.svg?utm_source=commons.wikimedia.org&utm_campaign=imageinfo&utm_content=original,umwbulldogs.com,1,Big Sky,74.05,129,0.4233,4.6,7,7,6,13,3,3,12,2,5,11,4,5,,,,appearance,Stuart Gore,Head Coach,stuart.gore@mso.umt.edu,personal,,,records+db+v6+coach+grads,wikipedia:University of Montana,,wikipedia:2025 NCAA Division I women's soccer tournament,,https://gogriz.com/sports/womens-soccer/coaches
morehead_state,Morehead State,womens-soccer,D1,Ohio Valley,d1t4,Eagles,1,Beaker,#005EB8,#FFCF00,https://upload.wikimedia.org/wikipedia/commons/c/cb/Morehead_State_University_logo.svg?utm_source=commons.wikimedia.org&utm_campaign=imageinfo&utm_content=original,,,,65.38,305,0.2306,4.2,7,7,4,9,6,5,9,8,6,3,13,2,,appearance,appearance,,Paul Cox,Head Coach,pcox@moreheadstate.edu,personal,,,records+db+v6+coach+grads,wikipedia:Morehead State University,,,,https://msueagles.com/sports/womens-soccer/coaches
mount_st_mary_s,Mount St. Mary's,womens-soccer,D1,Metro,d1t3,Mountaineers,1,Emmit S. Burg,#002855,#ffffff,https://upload.wikimedia.org/wikipedia/en/4/4a/Mount_St_Mary%27s_University_Logo.svg?utm_source=en.wikipedia.org&utm_campaign=imageinfo&utm_content=original,,,,65.59,299,0.2352,5.8,3,6,7,7,9,3,6,9,3,3,12,2,,,,,Liis Abbott,Head Coach,l.e.abbott@msmary.edu,personal,,,records+db+v6+coach+grads,wikipedia:Mount St. Mary's University (Maryland),,,,https://mountathletics.com/sports/womens-soccer/coaches
murray_state,Murray State,womens-soccer,D1,Missouri Valley,d1t3,Racers,1,Racer One (live mascot) / Dunker (costumed),,,https://upload.wikimedia.org/wikipedia/commons/d/d8/Murray_State_University_logo.svg?utm_source=commons.wikimedia.org&utm_campaign=imageinfo&utm_content=original,,,,70.99,181,0.3554,4.8,7,12,3,6,8,6,5,8,5,10,4,5,,,,,Ben Madsen,Head Coach,bmadsen@murraystate.edu,personal,,,records+db+v6+coach+grads,wikipedia:Murray State University,,,,https://goracers.com/sports/womens-soccer/coaches
nc_state,NC State,womens-soccer,D1,ACC,d1t1,Wolfpack,0,Mr. Wuf & Mrs. Wuf,#CC0000,#FFFFFF,https://upload.wikimedia.org/wikipedia/commons/5/59/North_Carolina_State_University_logo.svg?utm_source=commons.wikimedia.org&utm_campaign=imageinfo&utm_content=original,,,,72.14,159,0.3808,8.4,7,7,6,3,9,6,4,10,4,5,9,4,appearance,,,,Gary Higgins,Head Women's Soccer Coach,grhiggin@ncsu.edu,personal,,,records+db+v6+coach+grads,wikipedia:North Carolina State University,,,,https://gopack.com/sports/womens-soccer/coaches
njit,NJIT,womens-soccer,D1,America East,d1t3,Highlanders,1,The Highlander,#CC0000,#FFFFFF,https://upload.wikimedia.org/wikipedia/commons/4/40/New_Jersey_IT_logo.svg?utm_source=commons.wikimedia.org&utm_campaign=imageinfo&utm_content=original,,,,69.15,215,0.3144,7.2,5,8,6,7,7,5,4,10,3,7,5,6,,,,,Ally Nick,Head Coach,nick@njit.edu,personal,,,records+db+v6+coach+grads,wikipedia:New Jersey Institute of Technology,,,,https://njithighlanders.com/sports/womens-soccer/coaches
navy,Navy,womens-soccer,D1,Patriot,d1t3,Midshipmen,1,,,,,,,,72.74,148,0.3943,8.8,8,8,3,9,7,3,9,10,2,9,6,4,,,,,Carin Gabarra,Women's Soccer Head Coach,gabarra@usna.edu,personal,,,records+db+v6+coach+grads,athletics-domain:navysports.com,confirmed on navysports.com (43 mentions); the Wikipedia article states no sports nickname,,,https://navysports.com/sports/womens-soccer/coaches
nebraska,Nebraska,womens-soccer,D1,Big Ten,d1t1,Cornhuskers,1,Herbie Husker / Lil' Red,,,https://upload.wikimedia.org/wikipedia/commons/7/70/University_of_Nebraska%E2%80%93Lincoln_logo.svg?utm_source=commons.wikimedia.org&utm_campaign=imageinfo&utm_content=original,,,,83.98,42,0.6440,6.2,8,7,5,17,4,3,6,10,1,8,5,5,,quarter,,,John Walker,Head Coach,jwalker@huskers.com,personal,,,records+db+v6+coach+grads,wikipedia:University of Nebraska–Lincoln,,,,https://huskers.com/staff-directory/department/soccer
nevada,Nevada,womens-soccer,D1,Mountain West,d1t3,Wolf Pack,0,Alphie / Wolfie Jr. / Luna,#041E42,#74767B,https://upload.wikimedia.org/wikipedia/commons/c/c7/University_of_Nevada%2C_Reno_logo.svg?utm_source=commons.wikimedia.org&utm_campaign=imageinfo&utm_content=original,csncoyotes.com,,,62.70,358,0.1711,5.4,3,12,3,6,10,5,6,13,2,2,14,2,,,,,Jeremy Evans,Head Coach,jeremyevans@unr.edu,personal,,,records+db+v6+coach+grads,"wikipedia:University of Nevada, Reno",,,,https://nevadawolfpack.com/sports/womens-soccer/coaches
new_hampshire,New Hampshire,womens-soccer,D1,America East,d1t3,Wildcats,1,Wild E. Cat and Gnarlz,,,https://upload.wikimedia.org/wikipedia/commons/6/65/University_of_New_Hampshire_logo.svg?utm_source=commons.wikimedia.org&utm_campaign=imageinfo&utm_content=original,snhupenmen.com,,,72.94,146,0.3987,6.6,9,6,3,6,5,5,12,5,1,4,6,7,appearance,,,,Steve Welham,Head Coach,steve.welham@unh.edu,personal,,,records+db+v6+coach+grads,wikipedia:University of New Hampshire,,,,https://unhwildcats.com/sports/womens-soccer/coaches
new_haven,New Haven,womens-soccer,D1,NEC,d1t4,Chargers,1,Charlie the Charger,#003366,#FFCC33,https://upload.wikimedia.org/wikipedia/commons/0/0b/University_of_New_Haven_logo.png?utm_source=commons.wikimedia.org&utm_campaign=imageinfo&utm_content=original,,,,58.06,442,0.0679,4.6,5,10,3,3,13,0,3,9,6,0,15,1,,,,,Laura Duncan,Head Women's Soccer Coach,lduncan@newhaven.edu,personal,,,records+db+v6+coach+grads,wikipedia:University of New Haven,,,,https://newhavenchargers.com/sports/womens-soccer/coaches
new_mexico,New Mexico,womens-soccer,D1,Mountain West,d1t3,Lobos,1,Lobo Louie & Lobo Lucy,,,https://upload.wikimedia.org/wikipedia/commons/9/9d/University_of_New_Mexico_logo.svg?utm_source=commons.wikimedia.org&utm_campaign=imageinfo&utm_content=original,,,,72.19,157,0.3819,4.0,7,3,8,5,6,6,7,6,5,8,5,6,,,,,Karley Nelson,Head Coach,karleyn@unm.edu,personal,,,records+db+v6+coach+grads,wikipedia:University of New Mexico,,,,https://golobos.com/staff-directory/department/soccer-womens
new_mexico_state,New Mexico State,womens-soccer,D1,CUSA,d1t3,Aggies,1,Pistol Pete,#8C0B42,#FFFFFF,https://upload.wikimedia.org/wikipedia/commons/6/6b/New_Mexico_State_University_logo.svg?utm_source=commons.wikimedia.org&utm_campaign=imageinfo&utm_content=original,,,,71.07,180,0.3571,3.4,13,5,3,10,6,3,11,6,3,2,12,4,appearance,,,,Rob Baarts,Head Coach,baarts@nmsu.edu,personal,,,records+db+v6+coach+grads,wikipedia:New Mexico State University,,,,https://nmstatesports.com/sports/womens-soccer/coaches
niagara,Niagara,womens-soccer,D1,Metro,d1t3,Purple Eagles,1,Monte,#582C83,#FFFFFF,https://upload.wikimedia.org/wikipedia/en/2/26/Niagara_University_wordmark.svg?utm_source=en.wikipedia.org&utm_campaign=imageinfo&utm_content=original,ncccathletics.com,,,68.92,221,0.3093,6.1,11,8,1,5,10,3,5,8,4,6,8,2,,,,,Donny George,Head Coach,donnyg@niagara.edu,personal,,,records+db+v6+coach+grads,wikipedia:Niagara University,,,,https://purpleeagles.com/sports/womens-soccer/coaches
nicholls,Nicholls,womens-soccer,D1,Southland,d1t4,Colonels,1,,#A6192E,#7C858C,https://upload.wikimedia.org/wikipedia/commons/5/5a/Nicholls_State_University_logo.png?utm_source=commons.wikimedia.org&utm_campaign=imageinfo&utm_content=original,,,,58.25,437,0.0723,3.5,2,16,1,1,17,1,2,13,1,4,9,5,,,,,Kristy Helmers,Head Coach,kristy.helmers@nicholls.edu,personal,,,records+db+v6+coach+grads,wikipedia:Nicholls State University,,,,https://geauxcolonels.com/sports/womens-soccer/coaches
north_alabama,North Alabama,womens-soccer,D1,UAC,d1t4,Lions,1,Leo & Una,,,https://upload.wikimedia.org/wikipedia/en/f/fd/University_of_North_Alabama_logo.svg?utm_source=en.wikipedia.org&utm_campaign=imageinfo&utm_content=original,,,,66.68,269,0.2596,3.2,5,8,5,11,5,6,3,14,0,8,5,6,,,,,Chris Walker,Head Coach,cwalker7@una.edu,personal,,,records+db+v6+coach+grads,wikipedia:University of North Alabama,,,,https://roarlions.com/sports/womens-soccer/coaches
north_carolina,North Carolina,womens-soccer,D1,ACC,d1t1,Tar Heels,1,Rameses,#4B9CD3,#FFFFFF,https://upload.wikimedia.org/wikipedia/commons/1/1d/University_of_North_Carolina_at_Chapel_Hill_logo%2C_2025.svg?utm_source=commons.wikimedia.org&utm_campaign=imageinfo&utm_content=original,ncwsports.com,,,94.56,5,0.8791,8.9,20,5,1,13,2,8,22,5,0,13,6,2,final,quarter,champion,r16,Damon Nahas,Head Coach,dnahas@email.unc.edu,personal,,,records+db+v6+coach+grads,wikipedia:University of North Carolina at Chapel Hill,,,,https://goheels.com/sports/womens-soccer/coaches
north_dakota,North Dakota,womens-soccer,D1,Summit,d1t4,Fighting Hawks,1,The Fighting Hawk,#009A44,#FFF,https://upload.wikimedia.org/wikipedia/commons/b/b7/University_of_North_Dakota_Logo.svg?utm_source=commons.wikimedia.org&utm_campaign=imageinfo&utm_content=original,,,,66.09,284,0.2465,6.2,7,9,4,5,7,6,4,8,6,8,7,3,,,,,Henrik Sohn,Head Coach,henrik.sohn@und.edu,personal,,,records+db+v6+coach+grads,wikipedia:University of North Dakota,,,,https://fightinghawks.com/sports/womens-soccer/coaches
north_dakota_state,North Dakota State,womens-soccer,D1,Summit,d1t4,Bison,0,Thundar,,,https://upload.wikimedia.org/wikipedia/commons/9/9c/North_Dakota_State_University_wordmark.svg?utm_source=commons.wikimedia.org&utm_campaign=imageinfo&utm_content=original,gojacks.com,,,66.46,274,0.2546,5.5,8,9,3,5,6,6,10,5,4,5,12,1,,,,,Mike Regan,Head Coach,Michael.R.Regan@ndsu.edu,personal,,,records+db+v6+coach+grads,wikipedia:North Dakota State University,,,,https://gobison.com/sports/womens-soccer/coaches
north_florida,North Florida,womens-soccer,D1,ASUN,d1t3,Ospreys,1,Ozzie Osprey,#003886,#929497,https://upload.wikimedia.org/wikipedia/en/5/59/University_of_North_Florida.svg?utm_source=en.wikipedia.org&utm_campaign=imageinfo&utm_content=original,,,,70.56,189,0.3457,5.2,4,7,5,4,9,5,9,4,7,9,9,4,,,,,Eric Faulconer,Head Coach,eric.faulconer@unf.edu,personal,,,records+db+v6+coach+grads,wikipedia:University of North Florida,,,,https://unfospreys.com/sports/womens-soccer/coaches
north_texas,North Texas,womens-soccer,D1,American,d1t2,Mean Green,0,Scrappy the Eagle,#059033,#FFFFFF,https://upload.wikimedia.org/wikipedia/commons/b/b6/University_of_North_Texas_wordmark.svg?utm_source=commons.wikimedia.org&utm_campaign=imageinfo&utm_content=original,,,,75.87,102,0.4637,3.8,12,6,2,8,5,3,7,6,6,6,10,4,,,,,John Hedlund,Head Coach,John.Hedlund@unt.edu,personal,,,records+db+v6+coach+grads,wikipedia:University of North Texas,,,,https://meangreensports.com/sports/womens-soccer/coaches
northeastern,Northeastern,womens-soccer,D1,CAA,d1t3,Huskies,1,Paws the Husky,#C8102E,,https://upload.wikimedia.org/wikipedia/commons/0/02/Northeastern_Wordmark.svg?utm_source=commons.wikimedia.org&utm_campaign=imageinfo&utm_content=original,goriverhawksgo.com,,,68.02,245,0.2892,8.7,10,6,4,8,4,6,2,9,7,3,7,6,,,,,Ashley Phillips,Head Coach,a.phillips@northeastern.edu,personal,,,records+db+v6+coach+grads,wikipedia:Northeastern University,,,,https://nuhuskies.com/sports/womens-soccer/coaches
northern_arizona,Northern Arizona,womens-soccer,D1,Big Sky,d1t4,Lumberjacks,1,Louie the Lumberjack,#003466,#FFD200,https://upload.wikimedia.org/wikipedia/commons/2/26/NAU_Primary_Logo.png?utm_source=commons.wikimedia.org&utm_campaign=imageinfo&utm_content=original,,,,67.67,254,0.2815,4.4,8,6,6,11,6,3,4,7,6,6,6,7,appearance,,,,Alan Berrios,Head Coach,alan.berrios@nau.edu,personal,,,records+db+v6+coach+grads,wikipedia:Northern Arizona University,,,,https://nauathletics.com/sports/womens-soccer/coaches
northern_colorado,Northern Colorado,womens-soccer,D1,Big Sky,d1t4,Bears,1,Klawz the Bear,,,https://upload.wikimedia.org/wikipedia/en/e/ed/University_of_Northern_Colorado_logo.svg?utm_source=en.wikipedia.org&utm_campaign=imageinfo&utm_content=original,,,,59.60,415,0.1023,3.4,4,11,3,1,13,4,4,14,1,3,10,6,,,,,Tim Barrera,Head Soccer Coach,tim.barrera@unco.edu,personal,,,records+db+v6+coach+grads,wikipedia:University of Northern Colorado,,,,https://uncbears.com/sports/womens-soccer/coaches
northern_illinois,Northern Illinois,womens-soccer,D1,Horizon,d1t3,Huskies,1,,#C8102E,#000000,https://upload.wikimedia.org/wikipedia/en/6/6d/Northern_Illinois_University_logo.svg?utm_source=en.wikipedia.org&utm_campaign=imageinfo&utm_content=original,,,,69.59,206,0.3242,4.4,6,8,4,8,8,3,9,5,5,4,10,3,,,,,Michael O'Neill,Head Coach,moneill1@niu.edu,personal,,,records+db+v6+coach+grads,wikipedia:Northern Illinois University,,,,https://niuhuskies.com/sports/womens-soccer/coaches
northern_iowa,Northern Iowa,womens-soccer,D1,Missouri Valley,d1t3,Panthers,1,TC Panther (male) & TK Panther (female),#4B116F,#FFCC00,https://upload.wikimedia.org/wikipedia/commons/9/96/University_of_Northern_Iowa_wordmark.svg?utm_source=commons.wikimedia.org&utm_campaign=imageinfo&utm_content=original,,,,72.00,161,0.3779,5.0,6,6,8,13,5,1,9,6,4,4,9,3,,,,,Alex Place Thomas,Head Coach,alex.placethomas@uni.edu,personal,,,records+db+v6+coach+grads,wikipedia:University of Northern Iowa,,,,https://unipanthers.com/sports/womens-soccer/coaches
northern_kentucky,Northern Kentucky,womens-soccer,D1,Horizon,d1t3,Norse,0,Victor E. Viking,#FFC72C,#000000,https://upload.wikimedia.org/wikipedia/en/7/7d/Northern_Kentucky_University_wordmark.svg?utm_source=en.wikipedia.org&utm_campaign=imageinfo&utm_content=original,,,,74.61,120,0.4359,3.3,2,11,2,8,4,8,12,7,1,10,3,6,,,,,Bob Sheehan,Head Coach,sheehanr@nku.edu,personal,,,records+db+v6+coach+grads,wikipedia:Northern Kentucky University,,,,https://nkunorse.com/sports/womens-soccer/coaches
northwestern,Northwestern,womens-soccer,D1,Big Ten,d1t1,Wildcats,1,Willie the Wildcat,#4E2A84,#FFFFFF,https://upload.wikimedia.org/wikipedia/commons/0/05/Northwestern_University_wordmark.svg?utm_source=commons.wikimedia.org&utm_campaign=imageinfo&utm_content=original,,,,83.53,45,0.6340,9.6,16,5,2,9,5,4,6,10,3,9,4,8,r16,,,appearance,Michael Moynihan,Head Coach,michael.moynihan@northwestern.edu,inferred,,,records+db+v6+coach+grads,wikipedia:Northwestern University,,,,pattern_inference:high
northwestern_state,Northwestern State,womens-soccer,D1,Southland,d1t4,Demons,1,Vic the Demon,#663399,#FFFFFF,https://upload.wikimedia.org/wikipedia/commons/a/ad/Northwestern_State_University_logo.svg?utm_source=commons.wikimedia.org&utm_campaign=imageinfo&utm_content=original,,,,71.52,173,0.3671,2.7,12,4,3,6,10,3,11,8,2,13,5,3,,,,,Ian Brophy,Head Coach,brophyi@nsula.edu,personal,,,records+db+v6+coach+grads,wikipedia:Northwestern State University of Louisiana,,,,https://nsudemons.com/sports/womens-soccer/coaches
notre_dame,Notre Dame,womens-soccer,D1,ACC,d1t1,Fighting Irish,1,Leprechaun,#0C2340,#AE9142,,,,,95.00,4,0.8889,9.6,17,3,3,12,4,4,14,4,4,15,2,3,quarter,r32,quarter,r32,Nate Norman,Head Coach (Doug and Lisa Jones Family Head Women's Soccer Coach),,,,,records+db+v6+coach+grads,wikipedia:University of Notre Dame,,,,https://fightingirish.com/sports/wsoc/roster/
oakland,Oakland,womens-soccer,D1,Horizon,d1t3,Golden Grizzlies,1,Grizz,,,https://upload.wikimedia.org/wikipedia/commons/7/74/Oakland_University_wordmark.svg?utm_source=commons.wikimedia.org&utm_campaign=imageinfo&utm_content=original,,,,66.05,285,0.2455,4.2,8,4,7,5,6,7,3,14,2,4,8,8,,,,,Devin Zvosec,Head Coach,devinzvosec@oakland.edu,personal,,,records+db+v6+coach+grads,wikipedia:Oakland University,,,,https://goldengrizzlies.com/sports/womens-soccer/coaches
ohio,Ohio,womens-soccer,D1,MAC,d1t3,Bobcats,1,Rufus the Bobcat,#00694E,#FFFFFF,https://upload.wikimedia.org/wikipedia/en/5/5e/Ohio_University_logo_2026.png?utm_source=en.wikipedia.org&utm_campaign=imageinfo&utm_content=original,,,,71.90,164,0.3757,5.8,10,7,2,9,8,5,11,5,4,5,9,5,,appearance,,,Aaron Rodgers,Head Coach,rodgersa@ohio.edu,personal,,,records+db+v6+coach+grads,wikipedia:Ohio University,"academic_rating voided 2026-08-24: a fuzzy name match had assigned Ohio State score of 8.9; needs a real 70/30 US News and Niche rating; academic_rating 7.1 interpolated 2026-08-24 from US News #198 in National Universities, against verified anchors (#24 Emory 10, #59 Penn State 8.7, #158 Louisville 7.8, #222 West Virginia 6.8)",,,https://ohiobobcats.com/sports/womens-soccer/coaches
ohio_state,Ohio State,womens-soccer,D1,Big Ten,d1t1,Buckeyes,1,Brutus Buckeye,,,https://upload.wikimedia.org/wikipedia/commons/f/fa/Ohio_State_University_horizontal_logo.svg?utm_source=commons.wikimedia.org&utm_campaign=imageinfo&utm_content=original,,,,86.69,29,0.7041,8.5,11,6,3,9,8,2,14,6,3,11,5,6,r32,appearance,r16,quarter,Lori Walker-Hock,Head Coach,,,,,records+db+v6+coach+grads,wikipedia:Ohio State University,,,,https://ohiostatebuckeyes.com/sports/womens-soccer/coaches
oklahoma,Oklahoma,womens-soccer,D1,SEC,d1t1,Sooners,1,Sooner Schooner,,,https://upload.wikimedia.org/wikipedia/commons/3/3c/University_of_Oklahoma_logo.svg?utm_source=commons.wikimedia.org&utm_campaign=imageinfo&utm_content=original,oceagles.com,,,83.49,46,0.6331,7.1,9,8,3,8,10,2,10,7,1,10,5,4,,,,,Matt Mott,Head Coach,mattmott@ou.edu,personal,,,records+db+v6+coach+grads,wikipedia:University of Oklahoma,,,,https://soonersports.com/sports/womens-soccer/coaches
oklahoma_state,Oklahoma State,womens-soccer,D1,Big 12,d1t1,Cowboys,1,Pistol Pete,,,https://upload.wikimedia.org/wikipedia/commons/0/01/Oklahoma_State_University_system_logo.svg?utm_source=commons.wikimedia.org&utm_campaign=imageinfo&utm_content=original,,,,80.36,63,0.5635,5.4,11,4,4,,,,14,5,3,4,13,2,,,appearance,,Colin Carmichael,Head Coach,colin.carmichael@okstate.edu,personal,,,records+db+v6+coach+grads,wikipedia:Oklahoma State University,,,,https://okstate.com/sports/womens-soccer/coaches
old_dominion,Old Dominion,womens-soccer,D1,Sun Belt,d1t3,Monarchs,1,Big Blue,,,https://upload.wikimedia.org/wikipedia/en/e/e7/Old_Dominion_University.svg?utm_source=en.wikipedia.org&utm_campaign=imageinfo&utm_content=original,,,,77.53,86,0.5006,5.2,9,9,3,13,3,5,10,6,4,11,3,4,appearance,appearance,,,Will Roberts,Head Coach,whrobert@odu.edu,personal,,,records+db+v6+coach+grads,wikipedia:Old Dominion University,,,,https://odusports.com/sports/womens-soccer/roster
ole_miss,Ole Miss,womens-soccer,D1,SEC,d1t1,Rebels,1,,,,https://upload.wikimedia.org/wikipedia/commons/3/35/University_of_Mississippi_Full_Logo.svg?utm_source=commons.wikimedia.org&utm_campaign=imageinfo&utm_content=original,,,,74.48,124,0.4328,6.4,9,7,4,7,7,3,5,13,1,4,8,3,,,,,Todd Shulenberger,Head Coach,tpshulen@olemiss.edu,personal,,,records+db+v6+coach+grads,wikipedia:University of Mississippi,,,,https://olemisssports.com/sports/womens-soccer/coaches
omaha,Omaha,womens-soccer,D1,Summit,d1t4,Mavericks,1,Durango,,,https://upload.wikimedia.org/wikipedia/commons/7/73/Nebraska%E2%80%93Omaha_wordmark.svg?utm_source=commons.wikimedia.org&utm_campaign=imageinfo&utm_content=original,,,,68.19,239,0.2932,3.6,7,9,6,7,5,7,10,3,5,6,9,4,appearance,,,,Tim Walters,Head Coach,twaltersii@omavs.com,personal,,,records+db+v6+coach+grads,wikipedia:University of Nebraska Omaha,,,,https://omavs.com/sports/womens-soccer/coaches
oral_roberts,Oral Roberts,womens-soccer,D1,Summit,d1t4,Golden Eagles,1,,#002f60,#CFB67C,https://upload.wikimedia.org/wikipedia/commons/d/da/Oral_Roberts_University_logo.png?utm_source=commons.wikimedia.org&utm_campaign=imageinfo&utm_content=original,,,,70.91,182,0.3535,4.3,10,9,3,8,7,4,9,8,5,13,5,2,,,,,Austin Risenhoover,Head Coach,arisenhoover@oru.edu,personal,,,records+db+v6+coach+grads,wikipedia:Oral Roberts University,,,,https://oruathletics.com/sports/womens-soccer/coaches
oregon,Oregon,womens-soccer,D1,Big Ten,d1t1,Ducks,1,The Oregon Duck,,,https://upload.wikimedia.org/wikipedia/commons/3/3c/University_of_Oregon_logo.svg?utm_source=commons.wikimedia.org&utm_campaign=imageinfo&utm_content=original,,,,66.64,272,0.2586,7.1,4,8,7,0,16,3,5,11,2,3,10,5,,,,,Tracy Joyner,Head Coach,tjoyner@uoregon.edu,personal,,,records+db+v6+coach+grads,wikipedia:University of Oregon,"academic_rating voided 2026-08-24: a fuzzy name match had assigned Oregon State score of 7.8; needs a real 70/30 US News and Niche rating; academic_rating 8.1 interpolated 2026-08-24 from US News #110 in National Universities, against verified anchors (#24 Emory 10, #59 Penn State 8.7, #158 Louisville 7.8, #222 West Virginia 6.8)",,,https://goducks.com/sports/womens-soccer/coaches
oregon_state,Oregon State,womens-soccer,D1,Pac-12,d1t3,Beavers,1,Benny Beaver,,,https://upload.wikimedia.org/wikipedia/en/1/17/Oregon_State_University_primary_logo.svg?utm_source=en.wikipedia.org&utm_campaign=imageinfo&utm_content=original,,,,64.63,322,0.2141,6.9,5,10,4,4,8,7,7,9,2,2,12,5,,,,,Caroline Kelly,Head Coach,caroline.kelly@oregonstate.edu,personal,,,records+db+v6+coach+grads,wikipedia:Oregon State University,,,,https://osubeavers.com/sports/womens-soccer/coaches
pacific,Pacific,womens-soccer,D1,West Coast,d1t2,Tigers,1,Powercat,#FF671D,,https://upload.wikimedia.org/wikipedia/en/4/40/Pacific_University_Oregon_hz_logo.svg?utm_source=en.wikipedia.org&utm_campaign=imageinfo&utm_content=original,golutes.com,,,68.71,226,0.3046,7.7,7,3,10,9,9,1,2,17,1,4,9,6,,,,,Jeff Freeman,Head Coach,jfreeman@pacific.edu,personal,,,records+db+v6+coach+grads,wikipedia:University of the Pacific (United States),"corrected: had been matched to a different institution of a similar name; the school's own athletics domain implies ""Tigers""",,,https://pacifictigers.com/sports/womens-soccer/coaches
penn,Penn,womens-soccer,D1,Ivy League,d1t3,Quakers,1,The Quaker,,,,centralpennknights.com,,,67.71,253,0.2824,9.6,3,6,7,6,7,3,2,8,6,5,4,6,,,,,Dr. Krissy Turner,Douglas N. Brush Head Coach,,,,,records+db+v6+coach+grads,wikipedia:University of Pennsylvania,,,,https://pennathletics.com/sports/womens-soccer/coaches
penn_state,Penn State,womens-soccer,D1,Big Ten,d1t1,Nittany Lions,1,Nittany Lion,,,https://upload.wikimedia.org/wikipedia/en/6/6b/Pennsylvania_State_University_logo.svg?utm_source=en.wikipedia.org&utm_campaign=imageinfo&utm_content=original,,,,89.05,17,0.7568,8.2,15,5,3,16,3,4,15,7,3,10,8,3,r16,quarter,quarter,r32,Erica Dambach,Head Coach,emw13@psu.edu,personal,,,records+db+v6+coach+grads,wikipedia:Pennsylvania State University,,,,https://gopsusports.com/sports/womens-soccer/roster
pepperdine,Pepperdine,womens-soccer,D1,West Coast,d1t2,Waves,1,Willie the Wave,#00205C,#C25700,,,1,West Coast,82.05,58,0.6010,7.7,9,4,5,9,5,5,12,4,5,11,7,2,,appearance,appearance,appearance,Tim Ward,Head Coach,,,,,records+db+v6+coach+grads,wikipedia:Pepperdine University,,wikipedia:2025 NCAA Division I women's soccer tournament,,https://pepperdinewaves.com/sports/womens-soccer/coaches
pittsburgh,Pittsburgh,womens-soccer,D1,ACC,d1t1,Panthers,1,Roc the Panther,,,https://upload.wikimedia.org/wikipedia/en/d/dc/University_of_Pittsburgh_logo.svg?utm_source=en.wikipedia.org&utm_campaign=imageinfo&utm_content=original,,,,84.66,38,0.6591,8.6,14,5,3,17,6,1,9,6,3,6,10,2,r16,quarter,,,Ben Waldrum,Head Coach,bwaldrum@athletics.pitt.edu,personal,,,records+db+v6+coach+grads,wikipedia:University of Pittsburgh,,,,https://pittsburghpanthers.com/sports/womens-soccer/coaches
portland,Portland,womens-soccer,D1,West Coast,d1t2,Pilots,1,Wally Pilot,#1E1656,#FFFFFF,https://upload.wikimedia.org/wikipedia/en/c/ca/University_of_Portland_logo.svg?utm_source=en.wikipedia.org&utm_campaign=imageinfo&utm_content=original,,,,82.64,51,0.6143,7.8,12,5,4,10,4,3,9,5,6,10,3,6,r32,,,,Michelle French,Head Coach,french@up.edu,inferred,,,records+db+v6+coach+grads,wikipedia:University of Portland,,,,pattern_inference:medium
portland_state,Portland State,womens-soccer,D1,Big Sky,d1t4,Vikings,1,Victor E. Viking,#6d8d24,#FFFFFF,https://upload.wikimedia.org/wikipedia/en/b/b3/Portland_State_University_Logo.svg?utm_source=en.wikipedia.org&utm_campaign=imageinfo&utm_content=original,,,,64.13,330,0.2028,3.9,5,8,5,8,8,2,4,9,5,4,9,4,,,,,Maureen Whitney,Head Coach,maureen6@pdx.edu,personal,,,records+db+v6+coach+grads,wikipedia:Portland State University,,,,https://goviks.com/sports/womens-soccer/coaches
prairie_view_a_m,Prairie View A&M,womens-soccer,D1,SWAC,d1t4,Panthers,1,Panther,#330066,#FFCC00,https://upload.wikimedia.org/wikipedia/en/b/b0/Prairie_View_A%26M_University_logo.svg?utm_source=en.wikipedia.org&utm_campaign=imageinfo&utm_content=original,,,,59.65,413,0.1033,2.5,2,11,0,3,12,1,1,12,4,5,11,2,,,,,Abe Garcia,Head Soccer Coach,ragarcia@pvamu.edu,personal,,,records+db+v6+coach+grads,wikipedia:Prairie View A&M University,,,,https://pvpanthers.com/sports/womens-soccer/coaches
presbyterian,Presbyterian,womens-soccer,D1,Big South,d1t3,Blue Hose,0,,,,,,,,64.78,321,0.2173,5.0,2,12,3,3,10,3,7,6,5,3,10,3,,,,,Matt Smith,Head Women's Soccer Coach,mrsmith@presby.edu,personal,,,records+db+v6+coach+grads,athletics-domain:gobluehose.com,"confirmed on gobluehose.com (20 mentions); unique nickname, so the table-derived vocabulary could not recover it",,,https://gobluehose.com/sports/womens-soccer/coaches
princeton,Princeton,womens-soccer,D1,Ivy League,d1t3,Tigers,1,The Tiger,,,https://upload.wikimedia.org/wikipedia/en/0/0e/Princeton_logo.svg?utm_source=en.wikipedia.org&utm_campaign=imageinfo&utm_content=original,,,,74.56,121,0.4346,9.7,9,7,1,10,5,4,,,,8,6,3,,r32,appearance,,Sean Driscoll,Head Coach,,,,,records+db+v6+coach+grads,wikipedia:Princeton University,,,,https://goprincetontigers.com/sports/womens-soccer/coaches
providence,Providence,womens-soccer,D1,Big East,d1t2,Friars,1,Friar Dom,#041e42,#3dae2b,https://upload.wikimedia.org/wikipedia/commons/d/d8/Providence_univ_montana_logo.png?utm_source=commons.wikimedia.org&utm_campaign=imageinfo&utm_content=original,friars.com,,,74.66,118,0.4369,8.3,4,9,5,10,5,5,6,9,3,6,6,4,,appearance,,,Sam Lopes,Head Coach,slopes@providence.edu,inferred,,,records+db+v6+coach+grads,athletics-domain:friars.com,"Providence College (RI, Big East). Had been matched to the University of Providence (MT), a different institution, whose Argonauts remain correct on the Providence (MT) row.",,,pattern_inference:low
purdue,Purdue,womens-soccer,D1,Big Ten,d1t1,Boilermakers,1,Boilermaker Special / Purdue Pete,,,https://upload.wikimedia.org/wikipedia/commons/f/f7/Purdue_University_system_logo.svg?utm_source=commons.wikimedia.org&utm_campaign=imageinfo&utm_content=original,pnwathletics.com,,,71.81,165,0.3735,8.4,3,11,3,3,13,2,7,9,2,6,10,3,,,,,Richard Moodie,Head Coach,rmoodie@purdue.edu,personal,,,records+db+v6+coach+grads,wikipedia:Purdue University,"academic_rating voided 2026-08-24: a fuzzy name match had assigned Purdue Fort Wayne score of 4.8; needs a real 70/30 US News and Niche rating; academic_rating 9.1 interpolated 2026-08-24 from US News #46 in National Universities, against verified anchors (#24 Emory 10, #59 Penn State 8.7, #158 Louisville 7.8, #222 West Virginia 6.8)",,,https://purduesports.com/sports/soccer/roster
purdue_fort_wayne,Purdue Fort Wayne,womens-soccer,D1,Horizon,d1t3,Mastodons,1,Don the Mastodon,,,https://upload.wikimedia.org/wikipedia/commons/a/aa/Purdue-FW-Logo-LinkPreview.png?utm_source=commons.wikimedia.org&utm_campaign=imageinfo&utm_content=original,,,,66.38,276,0.2529,3.6,9,4,6,5,7,6,9,10,1,2,15,1,,,,,Jason Burr,Head Coach,burrj@pfw.edu,personal,,,records+db+v6+coach+grads,wikipedia:Purdue University Fort Wayne,,,,https://gomastodons.com/sports/womens-soccer/coaches
queens,Queens,womens-soccer,D1,ASUN,d1t3,Royals,1,Rex the Royal,#0F2B5B,#857040,https://upload.wikimedia.org/wikipedia/commons/8/84/Queens_University_of_Charlotte_wordmark_blue.svg?utm_source=commons.wikimedia.org&utm_campaign=imageinfo&utm_content=original,queensathletics.com,,,64.40,328,0.2088,5.9,3,8,5,4,7,8,5,10,4,3,11,5,,,,,Shannon Neely Noel,Head Women's Soccer Coach,,,,,records+db+v6+coach+grads,wikipedia:Queens University of Charlotte,,,,https://queensathletics.com/sports/womens-soccer/coaches
quinnipiac,Quinnipiac,womens-soccer,D1,Metro,d1t3,Bobcats,1,Boomer the Bobcat,#0b233f,#fdb427,https://upload.wikimedia.org/wikipedia/commons/0/0d/Quinnipiac_University_logo_%282017%29.svg?utm_source=commons.wikimedia.org&utm_campaign=imageinfo&utm_content=original,,,,80.27,64,0.5616,6.9,15,3,1,13,4,1,14,5,1,8,3,6,appearance,appearance,,,Dave Clarke,Head Coach,david.clarke@qu.edu,personal,,,records+db+v6+coach+grads,wikipedia:Quinnipiac University,,,,https://gobobcats.com/sports/womens-soccer/coaches
radford,Radford,womens-soccer,D1,Big South,d1t3,Highlanders,1,The Highlander,#C2011B,#003C71,https://upload.wikimedia.org/wikipedia/commons/9/91/Radford_University_Logo.svg?utm_source=commons.wikimedia.org&utm_campaign=imageinfo&utm_content=original,,,,77.83,82,0.5073,3.6,12,4,4,12,6,2,9,4,5,10,5,1,appearance,appearance,,,Ben Sohrabi,Head Women's Soccer Coach,bsohrabi@radford.edu,personal,,,records+db+v6+coach+grads,wikipedia:Radford University,,,,https://radfordathletics.com/sports/womens-soccer/coaches
rhode_island,Rhode Island,womens-soccer,D1,Atlantic 10,d1t3,Rams,1,Rhody the Ram,#002147,#75b2dd,https://upload.wikimedia.org/wikipedia/commons/c/cd/University_of_Rhode_Island_logo.svg?utm_source=commons.wikimedia.org&utm_campaign=imageinfo&utm_content=original,goanchormen.com,,,71.78,167,0.3729,5.5,3,9,6,4,9,6,7,8,3,13,5,3,,,,,Megan Jessee,Head Coach,megan_jessee@uri.edu,personal,,,records+db+v6+coach+grads,wikipedia:University of Rhode Island,,,,https://gorhody.com/sports/womens-soccer/coaches
rice,Rice,womens-soccer,D1,American,d1t2,Owls,1,Sammy the Owl,,,https://upload.wikimedia.org/wikipedia/en/7/7d/Rice_Logo_280_Blue.svg?utm_source=en.wikipedia.org&utm_campaign=imageinfo&utm_content=original,,,,78.38,78,0.5196,9.7,11,8,1,3,13,2,12,6,2,10,4,6,,,,,Brian Lee,Head Coach,bgl1@rice.edu,personal,,,records+db+v6+coach+grads,wikipedia:Rice University,,,,https://riceowls.com/sports/womens-soccer/coaches
richmond,Richmond,womens-soccer,D1,Atlantic 10,d1t3,Spiders,1,WebstUR the Spider,,,https://upload.wikimedia.org/wikipedia/commons/d/d0/UR_Shield.svg?utm_source=commons.wikimedia.org&utm_campaign=imageinfo&utm_content=original,,,,64.38,329,0.2085,9.1,3,10,4,3,11,4,4,10,3,4,7,7,,,,,Adam Denton,Head Coach,adam.denton@richmond.edu,personal,,,records+db+v6+coach+grads,wikipedia:University of Richmond,,,,https://richmondspiders.com/sports/womens-soccer/coaches
rider,Rider,womens-soccer,D1,Metro,d1t3,Broncs,1,,#981E32,#6C6F70,https://upload.wikimedia.org/wikipedia/commons/d/d8/Rider_University_wordmark.svg?utm_source=commons.wikimedia.org&utm_campaign=imageinfo&utm_content=original,,,,66.84,266,0.2632,5.9,8,7,3,7,9,2,4,9,4,3,8,7,,,,,Drayson Hounsome,Head Coach,dhounsome@rider.edu,personal,,,records+db+v6+coach+grads,wikipedia:Rider University,,,,https://gobroncs.com/sports/womens-soccer/coaches
robert_morris,Robert Morris,womens-soccer,D1,Horizon,d1t3,Colonials,1,RoMo,#14234B,#FFFFFF,https://upload.wikimedia.org/wikipedia/commons/9/95/Robert_Morris_University_wordmark.svg?utm_source=commons.wikimedia.org&utm_campaign=imageinfo&utm_content=original,,,,70.29,193,0.3397,5.6,7,7,4,12,5,3,6,7,6,4,9,4,,,,,Michelle Rick,Head Coach,,,,,records+db+v6+coach+grads,wikipedia:Robert Morris University,,,,https://rmucolonials.com/sports/womens-soccer/coaches
rutgers,Rutgers,womens-soccer,D1,Big Ten,d1t1,Scarlet Knights,1,"Sir Henry, the Scarlet Knight",#CC0033,,,,,,82.35,55,0.6078,8.0,13,5,2,9,7,4,11,5,5,4,7,5,appearance,appearance,appearance,,Mike O'Neill,Head Coach,moneill@scarletknights.com,personal,,,records+db+v6+coach+grads,wikipedia:Rutgers University,,,,https://scarletknights.com/sports/womens-soccer/coaches
siu_edwardsville,SIU Edwardsville,womens-soccer,D1,Ohio Valley,d1t4,Cougars,1,Eddie the Cougar #57,#CC0000,#FFFFFF,,,,,62.81,354,0.1735,4.4,8,6,4,5,6,6,2,7,7,3,12,5,appearance,,,,Derek Burton,Head Coach,deburto@siue.edu,personal,,,records+db+v6+coach+grads,wikipedia:Southern Illinois University Edwardsville,,,,https://siuecougars.com/sports/womens-soccer/coaches
smu,SMU,womens-soccer,D1,ACC,d1t1,Mustangs,1,Peruna,#CC0035,#354CA1,https://upload.wikimedia.org/wikipedia/en/6/6d/Southern_Methodist_University_logo.svg?utm_source=en.wikipedia.org&utm_campaign=imageinfo&utm_content=original,,,,81.93,60,0.5984,8.6,10,4,5,11,6,1,6,9,2,8,8,2,,,,,Nicole Nelson,Head Coach,nnelson@smu.edu,inferred,,,records+db+v6+coach+grads,wikipedia:Southern Methodist University,,,,pattern_inference:medium
sacramento_state,Sacramento State,womens-soccer,D1,Big West,d1t3,Hornets,1,Herky the Hornet,,,https://upload.wikimedia.org/wikipedia/commons/c/cc/California_State_University%2C_Sacramento_logo.svg?utm_source=commons.wikimedia.org&utm_campaign=imageinfo&utm_content=original,,,,66.34,277,0.2519,3.2,4,9,5,4,9,5,5,7,9,6,11,1,,,appearance,,Tim Strader,Head Coach,t.strader@csus.edu,personal,,,records+db+v6+coach+grads,"wikipedia:California State University, Sacramento",,,,https://hornetsports.com/sports/womens-soccer/coaches
sacred_heart,Sacred Heart,womens-soccer,D1,Metro,d1t3,Pioneers,1,"""Big Red"" the Pioneer",#DC143C,#FFFFFF,https://upload.wikimedia.org/wikipedia/commons/7/7c/Sacred_Heart_University_logo.png?utm_source=commons.wikimedia.org&utm_campaign=imageinfo&utm_content=original,,1,MAAC,70.04,199,0.3343,6.3,11,5,5,6,9,4,3,11,5,11,9,2,,,,appearance,Matt Micros,Head Coach,microsm@sacredheart.edu,personal,,,records+db+v6+coach+grads,wikipedia:Sacred Heart University,,wikipedia:2025 NCAA Division I women's soccer tournament,,https://sacredheartpioneers.com/sports/womens-soccer/coaches
saint_joseph_s,Saint Joseph's,womens-soccer,D1,Atlantic 10,d1t3,Hawks,1,The Hawk,#9E1b32,#6C6F70,https://upload.wikimedia.org/wikipedia/en/5/54/Saint_Joseph%27s_University_logo.svg?utm_source=en.wikipedia.org&utm_campaign=imageinfo&utm_content=original,,,,68.50,230,0.3000,7.6,5,8,7,4,9,6,9,4,7,5,10,3,,,,,Jess Mannella,Head Coach,jmannell@sju.edu,personal,,,records+db+v6+coach+grads,wikipedia:Saint Joseph's University,,,,https://sjuhawks.com/sports/womens-soccer/coaches
saint_louis,Saint Louis,womens-soccer,D1,Atlantic 10,d1t3,Billikens,1,,#003DA5,#FFFFFF,https://upload.wikimedia.org/wikipedia/en/4/4b/Saint_Louis_University_logo.svg?utm_source=en.wikipedia.org&utm_campaign=imageinfo&utm_content=original,,,,84.13,41,0.6474,8.1,20,2,0,19,3,2,15,2,6,14,4,2,appearance,r16,r32,,Katie Shields,Head Coach,katie.shields@slu.edu,personal,,,records+db+v6+coach+grads,wikipedia:Saint Louis University,,,,https://slubillikens.com/sports/womens-soccer/coaches
saint_mary_s,Saint Mary's,womens-soccer,D1,West Coast,d1t2,Belles,1,Belle,,,https://upload.wikimedia.org/wikipedia/commons/2/26/SMC_Logo_CMYK.svg?utm_source=commons.wikimedia.org&utm_campaign=imageinfo&utm_content=original,,,,81.44,61,0.5875,6.9,5,6,7,10,5,3,7,7,4,12,2,4,,,,,Theresa Romagnolo,Head Coach,romagnolo@stmarys-ca.edu,personal,,,records+db+v6+coach+grads,wikipedia:Saint Mary's College (Indiana),,,,https://smcgaels.com/sports/womens-soccer/coaches
saint_peter_s,Saint Peter's,womens-soccer,D1,Metro,d1t3,Peacocks,1,Peter the Peacock,#003C71,#0072CE,https://upload.wikimedia.org/wikipedia/en/3/3b/Saint_Peter%27s_University_logo.svg?utm_source=en.wikipedia.org&utm_campaign=imageinfo&utm_content=original,,,,65.57,300,0.2350,3.0,4,13,1,,,,4,11,2,6,9,3,,,,,Sammy Adjei,Head Women's Soccer Coach,sadjei@saintpeters.edu,personal,,,records+db+v6+coach+grads,wikipedia:Saint Peter's University,,,,https://saintpeterspeacocks.com/sports/womens-soccer/coaches
sam_houston,Sam Houston,womens-soccer,D1,CUSA,d1t3,Bearkats,1,Sammy Bearkat,,,https://upload.wikimedia.org/wikipedia/commons/c/cf/Sam_Houston_State_University_logo.svg?utm_source=commons.wikimedia.org&utm_campaign=imageinfo&utm_content=original,,,,70.84,184,0.3521,3.0,3,11,2,6,7,4,8,7,3,8,6,3,,,,,Kendall Ayers,Head Coach,kja055@shsu.edu,personal,,,records+db+v6+coach+grads,wikipedia:Sam Houston State University,,,,https://gobearkats.com/sports/womens-soccer/coaches
samford,Samford,womens-soccer,D1,Southern,d1t3,Bulldogs,1,Sam,,,https://upload.wikimedia.org/wikipedia/en/1/17/Official_Samford_University_logo_-_2016.png?utm_source=en.wikipedia.org&utm_campaign=imageinfo&utm_content=original,,1,SoCon,78.46,77,0.5214,7.2,11,4,7,12,4,5,12,7,3,13,3,5,appearance,,appearance,appearance,Todd Yelton,Head Coach,atyelton@samford.edu,personal,,,records+db+v6+coach+grads,wikipedia:Samford University,,wikipedia:2025 NCAA Division I women's soccer tournament,,https://samfordsports.com/sports/womens-soccer/coaches
san_diego,San Diego,womens-soccer,D1,West Coast,d1t2,Tritons,1,King Triton,#182B49,#00629B,https://upload.wikimedia.org/wikipedia/commons/c/cc/University_of_California%2C_San_Diego_logo.svg?utm_source=commons.wikimedia.org&utm_campaign=imageinfo&utm_content=original,,,,64.63,323,0.2139,7.7,2,12,5,1,15,2,3,11,5,4,7,7,,,,,Greg LaPorte,Head Coach,glaporte@sandiego.edu,personal,,,records+db+v6+coach+grads,"wikipedia:University of California, San Diego",,,,https://usdtoreros.com/sports/womens-soccer/coaches
san_diego_state,San Diego State,womens-soccer,D1,Pac-12,d1t3,Aztecs,1,Aztec warrior,#D41736,#000000,https://upload.wikimedia.org/wikipedia/commons/5/59/San_Diego_State_University_primary_logo.svg?utm_source=commons.wikimedia.org&utm_campaign=imageinfo&utm_content=original,,,,75.34,110,0.4520,5.1,7,6,8,14,3,3,9,8,4,9,4,7,,,,,Mike Friesen,Head Coach,mfriesen@sdsu.edu,inferred,,,records+db+v6+coach+grads,wikipedia:San Diego State University,,,,pattern_inference:medium
san_francisco,San Francisco,womens-soccer,D1,West Coast,d1t2,Dons,1,"The Don, a Spanish nobleman",#00543C,#FDBB30,https://upload.wikimedia.org/wikipedia/en/0/0a/University_of_San_Francisco_%28logo%29.png?utm_source=en.wikipedia.org&utm_campaign=imageinfo&utm_content=original,sfstategators.com,,,69.19,214,0.3154,7.4,8,5,6,6,9,3,5,11,2,3,11,4,,,,,Alexis Mata,Interim Head Coach,amata4@usfca.edu,personal,,,records+db+v6+coach+grads,wikipedia:University of San Francisco,,,,https://usfdons.com/sports/womens-soccer/coaches
san_jose_state,San Jose State,womens-soccer,D1,Mountain West,d1t3,Spartans,1,Sammy Spartan,#0055A2,#E5A823,https://upload.wikimedia.org/wikipedia/commons/0/00/San_Jose_State_University_logo.svg?utm_source=commons.wikimedia.org&utm_campaign=imageinfo&utm_content=original,,,,60.80,391,0.1288,5.1,8,7,7,3,10,6,1,13,5,1,14,3,appearance,,,,Sonia Curvelo,Head Coach,sonia.curvelo@sjsu.edu,personal,,,records+db+v6+coach+grads,wikipedia:San Jose State University,,,,https://sjsuspartans.com/staff-directory/
santa_clara,Santa Clara,womens-soccer,D1,West Coast,d1t2,Broncos,1,Bucky Bronco,,,https://upload.wikimedia.org/wikipedia/commons/3/35/Santa_Clara_University_Text_Logo_Stacked.png?utm_source=commons.wikimedia.org&utm_campaign=imageinfo&utm_content=original,,,,82.61,53,0.6135,8.8,11,7,3,14,5,2,13,4,4,8,6,5,r32,r32,r32,,Jerry Smith,Head Coach,jsmith@scu.edu,personal,,,records+db+v6+coach+grads,wikipedia:Santa Clara University,,,,https://santaclarabroncos.com/sports/womens-soccer/coaches
seattle,Seattle,womens-soccer,D1,West Coast,d1t2,Redhawks,1,Rudy the Redhawk,,,https://upload.wikimedia.org/wikipedia/commons/e/eb/Seattle_University_Logo_red_background.svg?utm_source=commons.wikimedia.org&utm_campaign=imageinfo&utm_content=original,,,,81.98,59,0.5996,7.8,11,6,3,10,9,2,10,3,6,10,3,6,,,,,Julie Woodward,Head Coach,woodward@seattleu.edu,personal,,,records+db+v6+coach+grads,wikipedia:Seattle University,,,,https://goseattleu.com/sports/womens-soccer/roster
seton_hall,Seton Hall,womens-soccer,D1,Big East,d1t2,Pirates,1,Pirate,#004488,#A2AAAD,https://upload.wikimedia.org/wikipedia/en/e/e6/Seton_Hall_University_Logotype.svg?utm_source=en.wikipedia.org&utm_campaign=imageinfo&utm_content=original,,,,67.76,250,0.2835,7.4,5,10,3,6,7,5,4,12,3,3,10,5,,,,,Josh Osit,Head Coach,joshua.osit@shu.edu,personal,,,records+db+v6+coach+grads,wikipedia:Seton Hall University,,,,https://shupirates.com/sports/womens-soccer/coaches
siena,Siena,womens-soccer,D1,Metro,d1t3,Saints,1,"Bernie ""Saint"" Bernard (St. Bernard Dog)",#008933,#FFC91F,,shusaints.com,,,70.54,190,0.3454,6.7,2,11,5,4,9,4,10,8,2,9,5,6,,,,,Steve Karbowski,Head Coach,skarbowski@siena.edu,personal,,,records+db+v6+coach+grads,wikipedia:Siena University (New York),,,,https://sienasaints.com/sports/womens-soccer/coaches
south_alabama,South Alabama,womens-soccer,D1,Sun Belt,d1t3,Jaguars,1,South Paw / Miss Pawla,,,https://upload.wikimedia.org/wikipedia/commons/a/a1/University_of_South_Alabama_wordmark.svg?utm_source=commons.wikimedia.org&utm_campaign=imageinfo&utm_content=original,,,,79.50,69,0.5445,4.5,11,2,7,16,1,3,10,6,3,10,4,4,,,,,Chris Hennessey,Head Coach,chennessey@southalabama.edu,personal,,,records+db+v6+coach+grads,wikipedia:University of South Alabama,,,,https://usajaguars.com/sports/womens-soccer/coaches
south_carolina,South Carolina,womens-soccer,D1,SEC,d1t1,Gamecocks,1,Cocky,,,https://upload.wikimedia.org/wikipedia/en/5/56/University_of_South_Carolina_horizontal_logo.svg?utm_source=en.wikipedia.org&utm_campaign=imageinfo&utm_content=original,pacersports.com,,,88.52,21,0.7448,7.3,15,4,5,12,3,6,11,4,7,10,5,5,r16,r32,r32,appearance,Shelley Smith,Head Coach,smithsa7@mailbox.sc.edu,personal,,,records+db+v6+coach+grads,wikipedia:University of South Carolina,,,,https://gamecocksonline.com/staff-directory/
south_carolina_state,South Carolina State,womens-soccer,D1,Independent,d1t4,Bulldogs,1,,#993333,#003366,,,,,55.00,495,0.0000,2.2,2,18,0,0,13,1,1,14,0,2,14,0,,,,,Andrew Richardson,Head Women's Soccer Coach,aricha41@scsu.edu,personal,,,records+db+v6+coach+grads,wikipedia:South Carolina State University,,,,https://www.scsuathletics.com/sports/womens-soccer/coaches
south_dakota,South Dakota,womens-soccer,D1,Summit,d1t4,Coyotes,1,Charlie Coyote,#AD0000,#FFFFFF,https://upload.wikimedia.org/wikipedia/commons/9/98/University_of_South_Dakota_logo.svg?utm_source=commons.wikimedia.org&utm_campaign=imageinfo&utm_content=original,gorockers.com,,,65.36,309,0.2301,4.9,4,9,5,7,7,4,3,9,6,7,6,6,,,,,Michael Thomas,Head Coach,Michael.K.Thomas@usd.edu,personal,,,records+db+v6+coach+grads,wikipedia:University of South Dakota,,,,https://goyotes.com/sports/womens-soccer/coaches
south_dakota_state,South Dakota State,womens-soccer,D1,Summit,d1t4,Jackrabbits,1,Jack the Jackrabbit,#FFD100,#0033A0,https://upload.wikimedia.org/wikipedia/en/e/e7/SDSU_South_Dakota_State_University_Logo.png?utm_source=en.wikipedia.org&utm_campaign=imageinfo&utm_content=original,gojacks.com,1,Summit League,75.99,99,0.4665,4.7,13,1,5,13,4,3,15,5,2,13,3,6,,appearance,appearance,appearance,Brock Thompson,Head Coach,Brock.Thompson@sdstate.edu,personal,,,records+db+v6+coach+grads,wikipedia:South Dakota State University,,wikipedia:2025 NCAA Division I women's soccer tournament,,https://gojacks.com/sports/womens-soccer/coaches
south_florida,South Florida,womens-soccer,D1,American,d1t2,Bulls,1,Rocky D. Bull,,,https://upload.wikimedia.org/wikipedia/en/3/3b/University_of_South_Florida_logo.svg?utm_source=en.wikipedia.org&utm_campaign=imageinfo&utm_content=original,,,,81.41,62,0.5869,6.5,,,,10,6,2,12,2,5,9,8,3,,,,,Chris Brown,Head Coach,chrisbrown@usf.edu,personal,,,records+db+v6+coach+grads,wikipedia:University of South Florida,,,,https://gousfbulls.com/sports/womens-soccer/coaches
southeast_missouri_state,Southeast Missouri State,womens-soccer,D1,Ohio Valley,d1t4,Redhawks,1,Rowdy the Redhawk,#C8102E,#000000,,,,,61.88,372,0.1528,2.7,8,6,3,7,6,6,3,11,3,2,15,2,,,,,John Klein,Head Coach,jklein@semo.edu,personal,,,records+db+v6+coach+grads,wikipedia:Southeast Missouri State University,,,,https://semoredhawks.com/sports/womens-soccer/coaches
southeastern_louisiana,Southeastern Louisiana,womens-soccer,D1,Southland,d1t4,Lions,1,Roomie the Lion,#1B5633,#FFC629,https://upload.wikimedia.org/wikipedia/commons/a/af/Southeastern_Louisiana_University_logo.png?utm_source=commons.wikimedia.org&utm_campaign=imageinfo&utm_content=original,,,,65.63,297,0.2361,2.8,7,7,3,6,10,2,6,9,2,6,8,4,,,,,Nathan Gillespie,Head Women's Soccer Coach,nathan.gillespie@southeastern.edu,personal,,,records+db+v6+coach+grads,wikipedia:Southeastern Louisiana University,,,,https://lionsports.net/sports/womens-soccer/coaches
southern,Southern,womens-soccer,D1,SWAC,d1t4,Jaguars,1,,,,https://upload.wikimedia.org/wikipedia/commons/e/e9/Southern_University_wordmark.svg?utm_source=commons.wikimedia.org&utm_campaign=imageinfo&utm_content=original,,,,65.36,308,0.2302,1.9,9,9,2,8,6,4,9,10,2,3,12,1,,,appearance,,Jeremy Fontenot,Head Coach,jeremy.fontenot@sus.edu,personal,,,records+db+v6+coach+grads,wikipedia:Southern University,"academic_rating voided 2026-08-24: a fuzzy name match had assigned Georgia Southern score of 5.5; needs a real 70/30 US News and Niche rating; academic_rating still absent 2026-08-24: Southern University is ranked by US News under Regional Universities South, not National Universities, so the anchors used for the other flagships do not apply",,,https://gojagsports.com/sports/womens-soccer/coaches
southern_illinois,Southern Illinois,womens-soccer,D1,Missouri Valley,d1t3,Salukis,1,Saluki,#6c0633,#171717,https://upload.wikimedia.org/wikipedia/commons/2/2b/Southern_Illinois_University_Carbondale.svg?utm_source=commons.wikimedia.org&utm_campaign=imageinfo&utm_content=original,,,,70.05,197,0.3346,4.8,8,5,4,1,11,5,6,8,5,10,6,3,,,,,Graeme Orr,Head Coach,graeme.orr@siu.edu,personal,,,records+db+v6+coach+grads,wikipedia:Southern Illinois University Carbondale,,,,https://siusalukis.com/sports/womens-soccer/coaches
southern_indiana,Southern Indiana,womens-soccer,D1,Ohio Valley,d1t4,Screaming Eagles,1,Archibald Eagle (Archie),#C41E3A,#1D2951,https://upload.wikimedia.org/wikipedia/commons/1/18/University_of_Southern_Indiana_Logo.svg?utm_source=commons.wikimedia.org&utm_campaign=imageinfo&utm_content=original,,,,65.86,294,0.2414,4.4,5,8,4,4,8,7,5,9,5,9,7,5,,,,,Eric Schoenstein,Women's Soccer Head Coach,emschoenst@usi.edu,personal,,,records+db+v6+coach+grads,wikipedia:University of Southern Indiana,,,,https://usiscreamingeagles.com/sports/womens-soccer/coaches
southern_miss,Southern Miss,womens-soccer,D1,Sun Belt,d1t3,Golden Eagles,1,Seymour d'Campus,,,https://upload.wikimedia.org/wikipedia/en/2/2b/University_of_Southern_Mississippi_logo.svg?utm_source=en.wikipedia.org&utm_campaign=imageinfo&utm_content=original,,,,62.51,365,0.1670,4.6,2,10,4,6,9,3,3,7,5,2,14,1,,,,,Danny Owens,Head Coach,Danny.Owens@usm.edu,personal,,,records+db+v6+coach+grads,wikipedia:University of Southern Mississippi,,,,https://southernmiss.com/sports/womens-soccer/coaches
southern_utah,Southern Utah,womens-soccer,D1,Big Sky,d1t4,Thunderbirds,1,,#E91D2D,#FFFFFF,https://upload.wikimedia.org/wikipedia/commons/0/0e/SUU_Academic_Logo_2016.png?utm_source=commons.wikimedia.org&utm_campaign=imageinfo&utm_content=original,,,,61.23,386,0.1383,3.9,9,6,2,3,11,5,2,10,5,3,12,3,,,,,Steven Lindquist,Head Coach,stevenlindquist@suu.edu,personal,,,records+db+v6+coach+grads,wikipedia:Southern Utah University,,,,https://suutbirds.com/sports/womens-soccer/coaches
st_bonaventure,St. Bonaventure,womens-soccer,D1,Atlantic 10,d1t3,Bonnies,1,The Bona Wolf,,,,,,,61.44,380,0.1432,5.7,3,8,6,3,8,6,2,13,3,3,13,2,,,,,Ray Leone,Head Women's Soccer Coach,rleone@sbu.edu,personal,,,records+db+v6+coach+grads,wikipedia:St. Bonaventure University,,,,https://gobonnies.com/sports/womens-soccer/coaches
st_john_s,St. John's,womens-soccer,D1,Big East,d1t2,Red Storm,0,,,,https://upload.wikimedia.org/wikipedia/commons/5/54/StJohns_logo.svg?utm_source=commons.wikimedia.org&utm_campaign=imageinfo&utm_content=original,,,,73.22,141,0.4050,6.4,7,5,7,10,6,3,6,7,5,3,9,5,,,,,Ian Stone,Head Coach,stonei@stjohns.edu,personal,,,records+db+v6+coach+grads,wikipedia:St. John's University (New York City),,,,https://redstormsports.com/sports/womens-soccer/coaches
st_thomas,St. Thomas,womens-soccer,D1,Summit,d1t4,Tommies,1,Tommie the Tomcat,#663399,#999999,https://upload.wikimedia.org/wikipedia/en/5/52/University_of_St._Thomas-Minnesota_Academic_Wordmark.png?utm_source=en.wikipedia.org&utm_campaign=imageinfo&utm_content=original,,,,64.12,331,0.2027,7.5,6,8,3,3,7,5,5,9,3,,,,,,,,Gretta Macdonald,Head Coach,gretta.macdonald@stthomas.edu,personal,,,records+db+v6+coach+grads,wikipedia:University of St. Thomas (Minnesota),,,,https://tommiesports.com/staff-directory
stanford,Stanford,womens-soccer,D1,ACC,d1t1,Cardinal,0,Stanford Tree (unofficial),#8C1515,,https://upload.wikimedia.org/wikipedia/commons/a/a9/Stanford_wordmark_%282012%29.svg?utm_source=commons.wikimedia.org&utm_campaign=imageinfo&utm_content=original,,1,ACC,99.79,2,0.9953,9.8,17,2,3,20,1,4,16,5,2,21,2,2,r32,final,appearance,final,Paul Ratcliffe,Head Coach (The Knowles Family Director of Women's Soccer),pratclif@stanford.edu,personal,,,records+db+v6+coach+grads,wikipedia:Stanford University,,wikipedia:2025 NCAA Division I women's soccer tournament,,https://gostanford.com/sports/womens-soccer/roster
stephen_f_austin,Stephen F. Austin,womens-soccer,D1,Southland,d1t4,Lumberjacks,1,Lumberjack,,,https://upload.wikimedia.org/wikipedia/en/6/6d/Stephen_F_Austin_State_University_2024_logo.svg?utm_source=en.wikipedia.org&utm_campaign=imageinfo&utm_content=original,,,,68.24,238,0.2943,3.4,6,11,1,2,14,2,14,4,2,8,4,10,,,appearance,,Ashley Whittemore,Head Coach,Ashley.Whittemore@sfasu.edu,personal,,,records+db+v6+coach+grads,wikipedia:Stephen F. Austin State University,,,,https://sfajacks.com/sports/womens-soccer/coaches
stetson,Stetson,womens-soccer,D1,ASUN,d1t3,Hatters,1,John B.,#3D8E33,#FFFFFF,https://upload.wikimedia.org/wikipedia/commons/9/96/Stetson_University_wordmark.svg?utm_source=commons.wikimedia.org&utm_campaign=imageinfo&utm_content=original,,,,64.85,319,0.2189,6.1,6,11,1,3,12,3,8,11,0,5,14,0,,,,,Jamie Souza,Head Coach,jsouza1@stetson.edu,personal,,,records+db+v6+coach+grads,wikipedia:Stetson University,,,,https://gohatters.com/sports/womens-soccer/coaches
stonehill,Stonehill,womens-soccer,D1,NEC,d1t4,Skyhawks,1,"""Ace"" the Skyhawk",#4F2684,#FFFFFF,https://upload.wikimedia.org/wikipedia/en/4/42/Stonehill_College_logo.png?utm_source=en.wikipedia.org&utm_campaign=imageinfo&utm_content=original,,,,63.46,345,0.1881,7.3,4,13,1,2,13,3,8,10,1,6,8,4,,,,,Alex Wilson,Head Coach,awilson@stonehill.edu,personal,,,records+db+v6+coach+grads,wikipedia:Stonehill College,,,,https://stonehillskyhawks.com/sports/womens-soccer/coaches
stony_brook,Stony Brook,womens-soccer,D1,CAA,d1t3,Seawolves,1,Wolfie the Seawolf,#990000,,https://upload.wikimedia.org/wikipedia/commons/6/63/Stony_Brook_U_logo_horizontal.svg?utm_source=commons.wikimedia.org&utm_campaign=imageinfo&utm_content=original,,,,76.25,98,0.4722,7.7,7,8,4,6,6,6,14,4,3,12,6,2,,,appearance,,Tobias Bischof,Head Coach,tobias.bischof@stonybrook.edu,personal,,,records+db+v6+coach+grads,wikipedia:Stony Brook University,,,,https://stonybrookathletics.com/sports/womens-soccer/coaches
syracuse,Syracuse,womens-soccer,D1,ACC,d1t1,Orange,0,Otto the Orange,#F76900,,https://upload.wikimedia.org/wikipedia/commons/4/44/Syracuse_University_wordmark.svg?utm_source=commons.wikimedia.org&utm_campaign=imageinfo&utm_content=original,,,,72.01,160,0.3780,8.3,8,7,3,2,14,2,6,10,2,5,9,4,,,,,Nicky Thrasher Adams,Head Coach,nmadams@syr.edu,personal,,,records+db+v6+coach+grads,wikipedia:Syracuse University,,,,https://cuse.com/sports/womens-soccer/coaches
tcu,TCU,womens-soccer,D1,Big 12,d1t1,Horned Frogs,1,Horned Frog,,,https://upload.wikimedia.org/wikipedia/commons/a/aa/Texas_Christian_University_wordmark.svg?utm_source=commons.wikimedia.org&utm_campaign=imageinfo&utm_content=original,,,,94.22,6,0.8715,8.4,14,5,5,10,6,3,17,4,2,18,3,3,r16,,r32,semi,Eric Bell,Head Coach,eric.bell@tcu.edu,inferred,,,records+db+v6+coach+grads,wikipedia:Texas Christian University,,,,pattern_inference:medium
tarleton_state,Tarleton State,womens-soccer,D1,UAC,d1t4,Texans,1,,#4F2D7F,#FFFFFF,https://upload.wikimedia.org/wikipedia/en/e/e2/Tarleton_State_University_logo.svg?utm_source=en.wikipedia.org&utm_campaign=imageinfo&utm_content=original,,,,66.01,286,0.2448,2.5,6,9,3,4,12,3,9,8,3,7,7,6,,,,,Erik Solberg,Head Women's Soccer Coach,esolberg@tarleton.edu,personal,,,records+db+v6+coach+grads,wikipedia:Tarleton State University,,,,https://tarletonsports.com/sports/wsoc/coaches
temple,Temple,womens-soccer,D1,American,d1t2,Owls,1,,#A41E35,#FFFFFF,https://upload.wikimedia.org/wikipedia/commons/3/39/Temple_University_logo.svg?utm_source=commons.wikimedia.org&utm_campaign=imageinfo&utm_content=original,,,,62.37,367,0.1638,7.4,1,11,4,2,13,3,,,,,,,,,,,Chris Shaw,Head Coach,shaw@temple.edu,personal,,,records+db+v6+coach+grads,wikipedia:Temple University,,,,https://owlsports.com/sports/womens-soccer/coaches
tennessee,Tennessee,womens-soccer,D1,SEC,d1t1,Volunteers,1,Smokey XI,#FF8200,#FFFFFF,https://upload.wikimedia.org/wikipedia/commons/5/5f/UT_Knoxville_logo_left.svg?utm_source=commons.wikimedia.org&utm_campaign=imageinfo&utm_content=original,,,,86.38,32,0.6974,7.3,11,6,2,9,7,4,9,7,4,12,4,3,appearance,r32,appearance,appearance,Joe Kirt,Head Coach,,,,,records+db+v6+coach+grads,wikipedia:University of Tennessee,,,,https://utsports.com/sports/womens-soccer/coaches
tennessee_tech,Tennessee Tech,womens-soccer,D1,Southern,d1t3,Golden Eagles,1,Awesome Eagle,#4F2984,#FFDD00,https://upload.wikimedia.org/wikipedia/en/c/c8/Tennessee_Technological_University_logo.svg?utm_source=en.wikipedia.org&utm_campaign=imageinfo&utm_content=original,,1,Ohio Valley,71.60,172,0.3689,4.8,8,5,5,9,6,4,6,8,6,,,,,,,appearance,Corey Boyd,Head Coach,cboyd@tntech.edu,personal,,,records+db+v6+coach+grads,wikipedia:Tennessee Technological University,,wikipedia:2025 NCAA Division I women's soccer tournament,,https://ttusports.com/sports/wsoc/coaches/Corey_Boyd
texas,Texas,womens-soccer,D1,SEC,d1t1,Longhorns,1,Bevo / Hook 'em,,,https://upload.wikimedia.org/wikipedia/commons/7/77/University_of_Texas_at_Austin_logo.svg?utm_source=commons.wikimedia.org&utm_campaign=imageinfo&utm_content=original,,,,87.28,27,0.7173,8.5,15,3,4,17,5,2,17,4,2,4,12,1,r32,r16,r32,,Margueritte Bates,Head Coach,margueritte.bates@athletics.utexas.edu,inferred,,,records+db+v6+coach+grads,wikipedia:University of Texas at Austin,,,,pattern_inference:high
texas_a_m,Texas A&M,womens-soccer,D1,SEC,d1t1,Aggies,1,Reveille X,,,https://upload.wikimedia.org/wikipedia/commons/7/7c/Texas_A%26M_University_wordmark.svg?utm_source=commons.wikimedia.org&utm_campaign=imageinfo&utm_content=original,,,,78.97,71,0.5326,8.0,9,7,5,10,8,4,8,9,2,5,7,5,appearance,r32,,,Bobby Shuttleworth,Head Coach,bshuttleworth@athletics.tamu.edu,personal,,,records+db+v6+coach+grads,wikipedia:Texas A&M University,,,,https://12thman.com/staff-directory
texas_a_m_corpus_christi,Texas A&M-Corpus Christi,womens-soccer,D1,Southland,d1t4,Islanders,1,Izzy the Islander,#0067C5,#007F3E,https://upload.wikimedia.org/wikipedia/en/e/e1/Texas_A%26M%E2%80%93Corpus_Christi_logo.svg?utm_source=en.wikipedia.org&utm_campaign=imageinfo&utm_content=original,,,,67.44,256,0.2765,2.9,8,9,1,7,8,4,10,5,5,5,8,6,,,,,Daniel Clitnovici,Head Women's Soccer Coach,daniel.clitnovici@tamucc.edu,personal,,,records+db+v6+coach+grads,wikipedia:Texas A&M University–Corpus Christi,,,,https://goislanders.com/sports/womens-soccer/coaches
texas_southern,Texas Southern,womens-soccer,D1,SWAC,d1t4,Tigers,1,Tiger,,,https://upload.wikimedia.org/wikipedia/commons/7/7e/Texas_Southern_University_wordmark.svg?utm_source=commons.wikimedia.org&utm_campaign=imageinfo&utm_content=original,,,,66.65,271,0.2588,1.8,5,10,3,7,13,1,9,9,2,8,7,4,,,,,Danesha Adams,Head Coach,Danesha.adams@tsu.edu,personal,,,records+db+v6+coach+grads,wikipedia:Texas Southern University,,,,https://tsusports.com/sports/womens-soccer/coaches
texas_state,Texas State,womens-soccer,D1,Pac-12,d1t3,Bobcats,1,Boko the Bobcat,,,,,1,Sun Belt,76.32,97,0.4737,3.6,12,5,2,9,7,4,12,5,5,10,4,7,,,,appearance,Steve Holeman,Head Coach,,,,,records+db+v6+coach+grads,wikipedia:Texas State University,,wikipedia:2025 NCAA Division I women's soccer tournament,,https://txst.com/sports/womens-soccer/coaches
texas_tech,Texas Tech,womens-soccer,D1,Big 12,d1t1,Red Raiders,1,Masked Rider / Raider Red,,,https://upload.wikimedia.org/wikipedia/commons/8/8c/Texas_Tech_New_Logo.svg?utm_source=commons.wikimedia.org&utm_campaign=imageinfo&utm_content=original,,,,93.87,7,0.8638,5.6,9,4,6,16,2,5,15,5,2,14,2,5,,r16,r32,r32,Tom Stone,Head Coach,tom.stone@ttu.edu,personal,,,records+db+v6+coach+grads,wikipedia:Texas Tech University,,,,https://texastech.com/sports/womens-soccer/roster/coaches/tom-stone/4286
the_citadel,The Citadel,womens-soccer,D1,Southern,d1t3,Bulldogs,1,Spike / Live Mascots: General 3 (affectionately known as G3),,,https://upload.wikimedia.org/wikipedia/en/4/4f/TheCitadellogo.png?utm_source=en.wikipedia.org&utm_campaign=imageinfo&utm_content=original,,,,66.15,283,0.2477,6.6,10,9,0,3,9,6,4,11,3,5,9,3,,,,,Ciaran Traquair,Head Coach,tciaran@citadel.edu,personal,,,records+db+v6+coach+grads,wikipedia:The Citadel,,,,https://citadelsports.com/sports/womens-soccer/coaches
toledo,Toledo,womens-soccer,D1,MAC,d1t3,Rockets,1,Rocky the Rocket & Rocksy the Rockette,#003E7E,#FFD200,,,,,66.96,263,0.2657,6.0,2,10,6,7,9,2,6,7,5,4,8,6,,,,,Mark Batman,Head Women's Soccer Coach,mark.batman@utoledo.edu,personal,,,records+db+v6+coach+grads,wikipedia:University of Toledo,,,,https://utrockets.com/sports/womens-soccer/coaches
towson,Towson,womens-soccer,D1,CAA,d1t3,Tigers,1,Doc the Tiger,#000000,#FFCC00,https://upload.wikimedia.org/wikipedia/commons/6/69/Towson_University_logo_horiz_2019.png?utm_source=commons.wikimedia.org&utm_campaign=imageinfo&utm_content=original,,,,75.32,111,0.4515,4.4,12,3,5,15,3,2,6,4,9,5,5,6,,appearance,,,Katherine Vettori,Head Coach,kvettori@towson.edu,personal,,,records+db+v6+coach+grads,wikipedia:Towson University,,,,https://towsontigers.com/sports/womens-soccer/coaches
troy,Troy,womens-soccer,D1,Sun Belt,d1t3,Trojans,1,T-Roy,,,https://upload.wikimedia.org/wikipedia/commons/5/55/Troy_University_logo.png?utm_source=commons.wikimedia.org&utm_campaign=imageinfo&utm_content=original,,,,66.31,279,0.2513,3.0,3,9,4,6,10,2,5,9,3,5,9,3,,,,,Jake Wyman,Head Coach,wymanj@troy.edu,personal,,,records+db+v6+coach+grads,wikipedia:Troy University,,,,https://troytrojans.com/sports/womens-soccer/coaches
tulsa,Tulsa,womens-soccer,D1,American,d1t2,Golden Hurricane,0,Gus T.,#0A2240,#C2A01E,https://upload.wikimedia.org/wikipedia/en/9/99/University_of_Tulsa_logo.svg?utm_source=en.wikipedia.org&utm_campaign=imageinfo&utm_content=original,fctulsa.com,,,74.88,116,0.4418,8.3,7,7,3,5,9,5,7,9,4,9,6,5,,,,,Jim Rhein,Head Coach,jim-rhein@utulsa.edu,personal,,,records+db+v6+coach+grads,wikipedia:University of Tulsa,,,,https://tulsahurricane.com/sports/womens-soccer/coaches
uab,UAB,womens-soccer,D1,American,d1t2,Blazers,1,Blaze the Dragon,#1a5632,#fdB913,https://upload.wikimedia.org/wikipedia/commons/f/f5/UAB_Core_Logo_Centered_Full_Color.svg?utm_source=commons.wikimedia.org&utm_campaign=imageinfo&utm_content=original,,,,76.66,92,0.4812,6.8,9,4,5,6,7,5,7,5,5,7,6,6,,,,,Lisa Mann,Head Coach,mannl@uab.edu,personal,,,records+db+v6+coach+grads,wikipedia:University of Alabama at Birmingham,,,,https://uabsports.com/sports/womens-soccer/coaches
uc_davis,UC Davis,womens-soccer,D1,Mountain West,d1t3,Aggies,1,Gunrock the Mustang,#002851,#FFBF00,https://upload.wikimedia.org/wikipedia/commons/0/09/UC_Davis_wordmark.svg?utm_source=commons.wikimedia.org&utm_campaign=imageinfo&utm_content=original,,,,71.45,174,0.3655,7.8,9,6,4,10,7,2,13,5,2,3,12,4,,,,,Kat Mertz,Head Coach,kmertz@ucdavis.edu,personal,,,records+db+v6+coach+grads,"wikipedia:University of California, Davis",,,,https://ucdavisaggies.com/sports/womens-soccer/coaches
uc_irvine,UC Irvine,womens-soccer,D1,Big West,d1t3,Anteaters,1,Peter the Anteater,,,https://upload.wikimedia.org/wikipedia/commons/8/8f/University_of_California%2C_Irvine_logo.svg?utm_source=commons.wikimedia.org&utm_campaign=imageinfo&utm_content=original,,,,72.34,154,0.3854,7.9,11,6,7,10,8,6,6,7,6,8,5,7,r16,r16,,,Scott Juniper,Head Coach,sjuniper@uci.edu,personal,,,records+db+v6+coach+grads,"wikipedia:University of California, Irvine",,,,https://ucirvinesports.com/sports/womens-soccer/coaches
uc_riverside,UC Riverside,womens-soccer,D1,Big West,d1t3,Highlanders,1,Scotty Highlander,,,https://upload.wikimedia.org/wikipedia/commons/a/aa/UC_Riverside_logo.svg?utm_source=commons.wikimedia.org&utm_campaign=imageinfo&utm_content=original,gohighlanders.com,,,58.24,438,0.0720,6.9,2,9,7,2,10,7,2,13,4,0,16,2,,,,,Mike Dibbini,Head Women's Soccer Coach,mike.dibbini@ucr.edu,personal,,,records+db+v6+coach+grads,"wikipedia:University of California, Riverside",,,,https://gohighlanders.com/sports/womens-soccer/coaches
uc_san_diego,UC San Diego,womens-soccer,D1,Big West,d1t3,Tritons,1,King Triton,#182B49,#00629B,https://upload.wikimedia.org/wikipedia/commons/c/cc/University_of_California%2C_San_Diego_logo.svg?utm_source=commons.wikimedia.org&utm_campaign=imageinfo&utm_content=original,,,,65.51,302,0.2336,8.0,3,10,6,5,8,5,3,12,4,5,6,8,,,,,Kristin Jones,Head Coach,k3jones@ucsd.edu,personal,,,records+db+v6+coach+grads,"wikipedia:University of California, San Diego",,,,https://ucsdtritons.com/sports/womens-soccer/coaches
uc_santa_barbara,UC Santa Barbara,womens-soccer,D1,Big West,d1t3,Gauchos,1,Olé the Gaucho,#003660,#FEBC11,https://upload.wikimedia.org/wikipedia/commons/6/6e/University_of_California%2C_Santa_Barbara_logo.svg?utm_source=commons.wikimedia.org&utm_campaign=imageinfo&utm_content=original,,,,72.31,155,0.3847,7.4,5,9,6,4,8,7,8,6,9,13,5,5,,,appearance,,Paul Stumpf,Head Coach,Paul.Stumpf@athletics.ucsb.edu,personal,,,records+db+v6+coach+grads,"wikipedia:University of California, Santa Barbara",,,,https://ucsbgauchos.com/sports/womens-soccer/coaches
ucf,UCF,womens-soccer,D1,Big 12,d1t1,Knights,1,,#FFC904,,https://upload.wikimedia.org/wikipedia/en/9/99/University_of_Central_Florida_logo.svg?utm_source=en.wikipedia.org&utm_campaign=imageinfo&utm_content=original,,,,84.66,39,0.6590,6.4,9,2,7,10,7,1,3,6,6,12,4,5,r32,,,r32,Tiffany Roberts Sahaydak,Head Coach,trsahaydak@athletics.ucf.edu,personal,,,records+db+v6+coach+grads,wikipedia:University of Central Florida,,,,https://ucfknights.com/staff-directory
ucla,UCLA,womens-soccer,D1,Big Ten,d1t1,Bruins,1,,#2774AE,#FFD100,https://upload.wikimedia.org/wikipedia/commons/6/6c/University_of_California%2C_Los_Angeles_logo.svg?utm_source=commons.wikimedia.org&utm_campaign=imageinfo&utm_content=original,,,,95.90,3,0.9089,8.3,22,2,1,16,2,1,17,4,3,12,5,4,champion,appearance,r32,r32,Gof Boyoko,Head Coach,gboyoko@athletics.ucla.edu,inferred,,,records+db+v6+coach+grads,"wikipedia:University of California, Los Angeles",,,,pattern_inference:high
uconn,UConn,womens-soccer,D1,Big East,d1t2,Huskies,1,Jonathan the Husky,,,https://upload.wikimedia.org/wikipedia/commons/8/8f/University_of_Connecticut_logo.svg?utm_source=commons.wikimedia.org&utm_campaign=imageinfo&utm_content=original,,,,83.82,43,0.6405,7.9,8,6,4,10,4,5,14,5,4,11,4,3,,,r32,,Margaret Rodriguez,Head Coach,margaret.rodriguez@uconn.edu,personal,,,records+db+v6+coach+grads,wikipedia:University of Connecticut,,,,https://uconnhuskies.com/sports/womens-soccer/coaches
uic,UIC,womens-soccer,D1,Missouri Valley,d1t3,Flames,1,Sparky,,,,,1,Missouri Valley,69.78,204,0.3285,6.5,5,6,6,6,8,5,8,10,2,8,8,6,,,,appearance,David Nikolic,Head Coach,dnikolic@uic.edu,personal,,,records+db+v6+coach+grads,wikipedia:University of Illinois Chicago,,wikipedia:2025 NCAA Division I women's soccer tournament,,https://uicflames.com/sports/womens-soccer/coaches
umbc,UMBC,womens-soccer,D1,America East,d1t3,Retrievers,1,True Grit the Retriever,#000000,#FDB515,https://upload.wikimedia.org/wikipedia/commons/b/b0/University_of_Maryland%2C_Baltimore_County_logo.svg?utm_source=commons.wikimedia.org&utm_campaign=imageinfo&utm_content=original,,,,65.87,293,0.2415,7.0,5,8,4,3,11,4,5,12,1,6,8,4,,,,,Rick Stainton,Head Coach,rrstaint@umbc.edu,personal,,,records+db+v6+coach+grads,"wikipedia:University of Maryland, Baltimore County",,,,https://umbcretrievers.com/sports/womens-soccer/coaches
umass,UMass,womens-soccer,D1,MAC,d1t3,Minutewomen,1,,,,https://upload.wikimedia.org/wikipedia/commons/3/3b/University_of_Massachusetts_wordmark.svg?utm_source=commons.wikimedia.org&utm_campaign=imageinfo&utm_content=original,,,,72.60,149,0.3911,8.2,5,9,5,9,5,4,13,5,3,5,8,4,,,,,Jason Dowiak,Head Coach,jdowiak@umass.edu,personal,,,records+db+v6+coach+grads,wikipedia:University of Massachusetts,women's form confirmed on umassathletics.com (women's soccer pages say Minutewomen); the Wikipedia infobox gave only 'UMass',,,https://umassathletics.com/sports/womens-soccer/coaches
umass_lowell,UMass Lowell,womens-soccer,D1,America East,d1t3,River Hawks,1,Rowdy the River Hawk,,,,,,,69.51,207,0.3225,6.5,7,7,4,5,6,7,6,10,3,6,5,6,,,,,Mira Novak,Head Coach,Miroslav_Novak@uml.edu,personal,,,records+db+v6+coach+grads,wikipedia:University of Massachusetts Lowell,,,,https://goriverhawks.com/sports/womens-soccer/coaches
unc_asheville,UNC Asheville,womens-soccer,D1,Big South,d1t3,Bulldogs,1,Rocky,#003da5,,https://upload.wikimedia.org/wikipedia/commons/3/3d/Unc_asheville_logo.png?utm_source=commons.wikimedia.org&utm_campaign=imageinfo&utm_content=original,,,,66.38,275,0.2530,6.1,4,10,3,7,6,4,4,12,1,5,9,3,,,,,Andy McNab,Head Coach,amcnab@unca.edu,personal,,,records+db+v6+coach+grads,wikipedia:University of North Carolina at Asheville,,,,https://uncabulldogs.com/sports/womens-soccer/coaches
unc_greensboro,UNC Greensboro,womens-soccer,D1,Southern,d1t3,Spartans,1,"""Spiro"" the Spartan",#FFCC00,#FFFFFF,https://upload.wikimedia.org/wikipedia/en/f/f1/University_of_North_Carolina_at_Greensboro_logo.svg?utm_source=en.wikipedia.org&utm_campaign=imageinfo&utm_content=original,greensborocollegesports.com,,,66.99,261,0.2665,5.1,10,7,4,7,9,3,5,9,5,4,12,3,,,,,Stefani Workman,Head Coach,snworkma@uncg.edu,personal,,,records+db+v6+coach+grads,wikipedia:University of North Carolina at Greensboro,,,,https://uncgspartans.com/sports/womens-soccer/coaches
unc_wilmington,UNC Wilmington,womens-soccer,D1,CAA,d1t3,Seahawks,1,Sammy C. Hawk,#007680,#003366,https://upload.wikimedia.org/wikipedia/commons/5/59/Uncwlogo.svg?utm_source=commons.wikimedia.org&utm_campaign=imageinfo&utm_content=original,,,,71.77,168,0.3727,6.5,7,7,3,5,9,3,4,9,5,11,3,4,,,,,Chris Neal,Head Coach,nealc@uncw.edu,personal,,,records+db+v6+coach+grads,wikipedia:University of North Carolina Wilmington,,,,https://uncwsports.com/sports/womens-soccer/coaches
unlv,UNLV,womens-soccer,D1,Mountain West,d1t3,Rebels,1,,#B10202,,https://upload.wikimedia.org/wikipedia/commons/9/9f/University_of_Nevada%2C_Las_Vegas_logo.svg?utm_source=commons.wikimedia.org&utm_campaign=imageinfo&utm_content=original,,,,66.95,264,0.2656,4.3,5,9,5,7,7,6,7,11,2,4,10,5,,,,,Kacey Bingham,Head Coach,kacey.bingham@unlv.edu,personal,,,records+db+v6+coach+grads,"wikipedia:University of Nevada, Las Vegas",,,,https://unlvrebels.com/sports/womens-soccer/coaches
usc,USC,womens-soccer,D1,Big Ten,d1t1,Trojans,1,Traveler / Tommy Trojan (unofficial),#990000,#FFCC00,https://upload.wikimedia.org/wikipedia/en/7/70/University_of_Southern_California_Logo.svg?utm_source=en.wikipedia.org&utm_campaign=imageinfo&utm_content=original,,,,90.34,14,0.7854,9.1,12,3,3,11,5,3,18,1,4,7,7,3,appearance,r32,quarter,,Jane Alukonis,Head Coach,,,,,records+db+v6+coach+grads,wikipedia:University of Southern California,"academic_rating voided 2026-08-24: a fuzzy name match had assigned USC Upstate score of 4.8; needs a real 70/30 US News and Niche rating; academic_rating 9.7 interpolated 2026-08-24 from US News #29 in National Universities, against verified anchors (#24 Emory 10, #59 Penn State 8.7, #158 Louisville 7.8, #222 West Virginia 6.8)",,,https://usctrojans.com/sports/womens-soccer/coaches
usc_upstate,USC Upstate,womens-soccer,D1,Big South,d1t3,Spartans,1,,#00833e,#373a36,https://upload.wikimedia.org/wikipedia/commons/f/ff/COLOR_HOR_BLK_Upstate_Logo.png?utm_source=commons.wikimedia.org&utm_campaign=imageinfo&utm_content=original,,,,76.49,95,0.4777,3.1,9,5,4,11,4,4,10,5,4,10,6,3,,,appearance,,Sam Odell,Head Coach,SO25@uscupstate.edu,personal,,,records+db+v6+coach+grads,wikipedia:University of South Carolina Upstate,,,,https://upstatespartans.com/sports/womens-soccer/coaches
ut_martin,UT Martin,womens-soccer,D1,Ohio Valley,d1t4,Skyhawks,1,Captain Skyhawk,#0A223E,#FF8200,https://upload.wikimedia.org/wikipedia/en/f/fe/University_of_Tennessee_at_Martin_logo.png?utm_source=en.wikipedia.org&utm_campaign=imageinfo&utm_content=original,,,,62.66,361,0.1703,4.1,4,9,5,5,8,6,4,11,3,3,7,9,,,,,Mike Varga,Head Coach,mvarga3@utm.edu,personal,,,records+db+v6+coach+grads,wikipedia:University of Tennessee at Martin,,,,https://utmsports.com/sports/womens-soccer/coaches
ut_rio_grande_valley,UT Rio Grande Valley,womens-soccer,D1,Southland,d1t4,Vaqueros,1,Vaqueros,#F05023,#646469,https://upload.wikimedia.org/wikipedia/commons/5/56/University_of_Texas_Rio_Grande_Valley_logo.svg?utm_source=commons.wikimedia.org&utm_campaign=imageinfo&utm_content=original,,,,63.78,342,0.1951,2.7,3,12,3,3,10,4,7,7,5,6,10,2,,,,,Nataki Stewart,Head Coach,nataki.stewart@utrgv.edu,personal,,,records+db+v6+coach+grads,wikipedia:University of Texas Rio Grande Valley,,,,https://goutrgv.com/sports/womens-soccer/coaches
utep,UTEP,womens-soccer,D1,Mountain West,d1t3,Miners,1,Paydirt Pete,,,,,,,63.85,338,0.1966,2.4,4,11,3,2,11,4,5,8,4,3,9,5,,,,,Gibbs Keeton,Head Coach,gckeeton@utep.edu,personal,,,records+db+v6+coach+grads,wikipedia:University of Texas at El Paso,,,,https://utepminers.com/sports/womens-soccer/coaches
utsa,UTSA,womens-soccer,D1,American,d1t2,Roadrunners,1,Rowdy the Roadrunner,#0C2340,#F15A22,https://upload.wikimedia.org/wikipedia/commons/7/72/UT_San_Antonio_Logo.svg?utm_source=commons.wikimedia.org&utm_campaign=imageinfo&utm_content=original,,1,American,78.54,76,0.5231,3.3,12,6,4,7,7,4,8,7,3,10,6,6,appearance,,,appearance,Derek Pittman,Head Coach,derek.pittman@utsa.edu,personal,,,records+db+v6+coach+grads,wikipedia:University of Texas at San Antonio,,wikipedia:2025 NCAA Division I women's soccer tournament,,http://web.archive.org/web/2025/https://goutsa.com/sports/womens-soccer/coaches
utah,Utah,womens-soccer,D1,Big 12,d1t1,Utes,1,Swoop,#CC0000,#FFFFFF,https://upload.wikimedia.org/wikipedia/commons/3/30/University_of_Utah_horizontal_logo.svg?utm_source=commons.wikimedia.org&utm_campaign=imageinfo&utm_content=original,,,,77.46,87,0.4991,6.9,6,7,6,6,8,6,8,6,5,7,10,3,,,,,Hideki Nakada,Head Coach,h.nakada@utah.edu,personal,,,records+db+v6+coach+grads,wikipedia:University of Utah,"academic_rating voided 2026-08-24: a fuzzy name match had assigned Utah Tech score of 4.5; needs a real 70/30 US News and Niche rating; academic_rating 7.8 interpolated 2026-08-24 from US News #151 in National Universities, against verified anchors (#24 Emory 10, #59 Penn State 8.7, #158 Louisville 7.8, #222 West Virginia 6.8)",,,https://utahutes.com/sports/womens-soccer/coaches
utah_state,Utah State,womens-soccer,D1,Pac-12,d1t3,Aggies,1,Big Blue,#0F2439,#FFFFFF,https://upload.wikimedia.org/wikipedia/en/2/27/Utah_State_University_logo.svg?utm_source=en.wikipedia.org&utm_campaign=imageinfo&utm_content=original,,1,Mountain West,78.00,80,0.5111,5.7,8,5,8,14,8,1,18,1,5,10,6,7,,appearance,appearance,appearance,Manny Martins,Head Coach,manny.martins@usu.edu,personal,,,records+db+v6+coach+grads,wikipedia:Utah State University,,wikipedia:2025 NCAA Division I women's soccer tournament,,https://utahstateaggies.com/sports/womens-soccer/coaches
utah_tech,Utah Tech,womens-soccer,D1,Big Sky,d1t4,Trailblazers,1,"""Brooks the Bison""",,,https://upload.wikimedia.org/wikipedia/commons/8/89/Utah_Tech_University_monogram.svg?utm_source=commons.wikimedia.org&utm_campaign=imageinfo&utm_content=original,,,,68.07,242,0.2903,1.5,10,6,2,8,7,5,5,7,5,8,7,5,,,,,Lexi Brown,Head Coach,lexi.brown1@utahtech.edu,personal,,,records+db+v6+coach+grads,wikipedia:Utah Tech University,,,,https://utahtechtrailblazers.com/sports/womens-soccer/coaches
utah_valley,Utah Valley,womens-soccer,D1,Big West,d1t3,Wolverines,1,Willy the Wolverine,#275D38,#FFFFFF,https://upload.wikimedia.org/wikipedia/commons/0/00/UVU-Institutional-Square-Mark-2016.svg?utm_source=commons.wikimedia.org&utm_campaign=imageinfo&utm_content=original,,,,79.24,70,0.5387,1.9,14,5,3,10,4,5,12,5,2,14,5,3,appearance,,,appearance,Chris Lemay,Head Coach,chris.lemay@uvu.edu,personal,,,records+db+v6+coach+grads,wikipedia:Utah Valley University,,,,https://gouvu.com/sports/womens-soccer/coaches
vcu,VCU,womens-soccer,D1,Atlantic 10,d1t3,Rams,1,Rodney the Ram,,,https://upload.wikimedia.org/wikipedia/commons/8/8c/VCU_typeface.svg?utm_source=commons.wikimedia.org&utm_campaign=imageinfo&utm_content=original,,,,68.10,241,0.2912,5.5,8,3,8,5,9,4,4,9,5,7,10,3,,,,,Lauryn Hutchinson,Women's Soccer Head Coach,,,,,records+db+v6+coach+grads,wikipedia:Virginia Commonwealth University,,,,https://vcuathletics.com/sports/womens-soccer/coaches
vmi,VMI,womens-soccer,D1,Southern,d1t3,Keydets,1,Moe the Kangaroo,,,https://upload.wikimedia.org/wikipedia/commons/7/7c/Virginia_Military_Institute_full_logo.png?utm_source=commons.wikimedia.org&utm_campaign=imageinfo&utm_content=original,,,,59.14,423,0.0919,8.1,1,17,2,2,17,0,6,11,2,2,17,1,,,,,Jim Robbins,Women's Soccer Head Coach,robbinsjc@vmi.edu,personal,,,records+db+v6+coach+grads,wikipedia:Virginia Military Institute,,,,https://vmikeydets.com/sports/womens-soccer/coaches
valparaiso,Valparaiso,womens-soccer,D1,Missouri Valley,d1t3,Beacons,1,,#381E0E,#FFCC00,https://upload.wikimedia.org/wikipedia/en/4/44/Valparaiso_University_logo.svg?utm_source=en.wikipedia.org&utm_campaign=imageinfo&utm_content=original,,,,68.72,225,0.3049,6.2,8,7,4,11,6,6,4,13,1,5,8,4,,appearance,,,John Marovich,Head Coach,John.Marovich@valpo.edu,personal,,,records+db+v6+coach+grads,wikipedia:Valparaiso University,,,,https://valpoathletics.com/sports/womens-soccer/coaches
vanderbilt,Vanderbilt,womens-soccer,D1,SEC,d1t1,Commodores,1,Mr. Commodore (Mr. C),,,https://upload.wikimedia.org/wikipedia/commons/d/d0/Vanderbilt_University_logo.svg?utm_source=commons.wikimedia.org&utm_campaign=imageinfo&utm_content=original,,,,92.01,12,0.8224,9.6,11,3,3,8,5,5,9,2,6,18,4,2,r32,,r16,quarter,Darren Ambrose,Head Coach,darren.ambrose@vanderbilt.edu,inferred,,,records+db+v6+coach+grads,wikipedia:Vanderbilt University,,,,pattern_inference:medium
vermont,Vermont,womens-soccer,D1,America East,d1t3,Catamounts,1,Rally Catamount,,,https://upload.wikimedia.org/wikipedia/commons/f/f4/University_of_Vermont_Primary_Horizontal_Wordmark.svg?utm_source=commons.wikimedia.org&utm_campaign=imageinfo&utm_content=original,,,,73.40,138,0.4089,7.9,4,9,3,10,7,1,8,5,5,8,4,6,,,,,Kristi Huizenga,Head Coach,Kristi.Lefebvre@uvm.edu,personal,,,records+db+v6+coach+grads,wikipedia:University of Vermont,,,,https://uvmathletics.com/sports/womens-soccer/coaches
villanova,Villanova,womens-soccer,D1,Big East,d1t2,Wildcats,1,Will D. Cat (current)<br />Count Villan (former),#002664,#FFFFFF,https://upload.wikimedia.org/wikipedia/en/c/c8/Villanova_University_logo.svg?utm_source=en.wikipedia.org&utm_campaign=imageinfo&utm_content=original,,,,73.34,139,0.4075,8.9,4,8,4,4,7,7,5,7,6,9,8,1,,,,,Samar Azem,Head Coach,samar.azem@villanova.edu,personal,,,records+db+v6+coach+grads,wikipedia:Villanova University,,,,https://villanova.com/sports/womens-soccer/coaches
virginia,Virginia,womens-soccer,D1,ACC,d1t1,Cavaliers,1,Cavalier,#E57200,#232D4B,,,,,92.15,10,0.8257,9.2,16,4,3,8,3,6,13,5,1,14,3,5,quarter,,r32,r16,Steve Swanson,Women's Soccer Head Coach,ss4ub@virginia.edu,personal,,,records+db+v6+coach+grads,wikipedia:University of Virginia,,,,https://virginiasports.com/sports/womens-soccer/roster
virginia_tech,Virginia Tech,womens-soccer,D1,ACC,d1t1,Hokies,1,HokieBird,,,https://upload.wikimedia.org/wikipedia/commons/8/8f/Virginia_Tech_logo.svg?utm_source=commons.wikimedia.org&utm_campaign=imageinfo&utm_content=original,,,,80.07,66,0.5572,8.3,10,7,2,7,8,3,14,6,3,4,10,4,appearance,,quarter,,"Charles ""Chugger"" Adair",Head Coach,,,,,records+db+v6+coach+grads,wikipedia:Virginia Tech,,,,https://hokiesports.com/sports/womens-soccer/roster
wagner,Wagner,womens-soccer,D1,NEC,d1t4,,,,,,,,1,Northeast,69.72,205,0.3272,7.0,4,12,1,8,8,4,8,5,6,11,3,6,,,,appearance,Fred King,Head Coach,fred.king@wagner.edu,personal,,,records+db+v6+coach+grads,,No usable Wikipedia infobox found for this name,wikipedia:2025 NCAA Division I women's soccer tournament,,https://wagnerathletics.com/sports/womens-soccer/coaches
wake_forest,Wake Forest,womens-soccer,D1,ACC,d1t1,Demon Deacons,1,The Demon Deacon,#9E7E38,#000000,https://upload.wikimedia.org/wikipedia/en/b/b9/Wake_Forest_University_logo.svg?utm_source=en.wikipedia.org&utm_campaign=imageinfo&utm_content=original,,,,89.49,16,0.7665,9.1,9,7,3,10,3,5,16,4,4,11,5,4,appearance,,final,r32,Tony da Luz,Head Coach,daluz@wfu.edu,personal,,,records+db+v6+coach+grads,wikipedia:Wake Forest University,,,,https://godeacs.com/sports/womens-soccer/coaches
washington,Washington,womens-soccer,D1,Big Ten,d1t1,Huskies,1,,#4B2E83,#B7A57A,https://upload.wikimedia.org/wikipedia/commons/f/f7/University_of_Washington_signature.svg?utm_source=commons.wikimedia.org&utm_campaign=imageinfo&utm_content=original,,,,87.76,25,0.7280,8.1,10,6,3,9,5,5,10,7,4,15,3,7,,,r32,quarter,Nicole Van Dyke,Head Coach,nvandyke@uw.edu,personal,,,records+db+v6+coach+grads,wikipedia:University of Washington,,,,https://gohuskies.com/sports/womens-soccer/coaches
washington_state,Washington State,womens-soccer,D1,Pac-12,d1t3,Cougars,1,Butch T. Cougar,#A60F2D,#4D4D4D,https://upload.wikimedia.org/wikipedia/commons/2/2b/Washington_State_University_signature.svg?utm_source=commons.wikimedia.org&utm_campaign=imageinfo&utm_content=original,,,,72.49,150,0.3886,5.9,8,7,4,9,6,4,8,5,6,7,7,5,,,,,Chris Citowicki,Head Coach,chris.citowicki@wsu.edu,inferred,,,records+db+v6+coach+grads,wikipedia:Washington State University,,,,pattern_inference:medium
weber_state,Weber State,womens-soccer,D1,Big Sky,d1t4,Wildcats,1,,#492365,#FFFFFF,https://upload.wikimedia.org/wikipedia/en/8/8e/Weber_State_University_logo.svg?utm_source=en.wikipedia.org&utm_campaign=imageinfo&utm_content=original,,,,65.13,314,0.2251,3.2,,,,1,9,5,2,13,5,12,6,2,,,,,Kyle Christensen,Head Coach,kylechristensen1@weber.edu,personal,,,records+db+v6+coach+grads,wikipedia:Weber State University,,,,https://weberstatesports.com/sports/womens-soccer/coaches
west_florida,West Florida,womens-soccer,D1,ASUN,d1t3,Argonauts,1,Argie the Argonaut,#00205B,#00A346,https://upload.wikimedia.org/wikipedia/en/6/64/University_of_West_Florida_Logo.svg?utm_source=en.wikipedia.org&utm_campaign=imageinfo&utm_content=original,goargos.com,,,86.60,30,0.7021,4.4,18,4,1,15,3,1,17,1,4,18,1,2,,,,,Nick Zimmerman,Head Soccer Coach,Nickz@gators.ufl.edu,personal,,,records+db+v6+coach+grads,wikipedia:University of West Florida,,,,https://floridagators.com/sports/womens-soccer/coaches
west_georgia,West Georgia,womens-soccer,D1,UAC,d1t4,Wolves,1,Wolfie,#DB1A21,#0033A1,https://upload.wikimedia.org/wikipedia/commons/5/5c/UWG_Shield_Logo.png?utm_source=commons.wikimedia.org&utm_campaign=imageinfo&utm_content=original,,,,61.51,378,0.1446,2.3,6,7,5,6,7,4,2,14,1,4,13,2,,,,,Mallory Sayre,Head Coach,msayre@westga.edu,personal,,,records+db+v6+coach+grads,wikipedia:University of West Georgia,,,,https://uwgathletics.com/sports/womens-soccer/roster/coaches/mallory-sayre/889
west_virginia,West Virginia,womens-soccer,D1,Big 12,d1t1,Mountaineers,1,The Mountaineer,,,https://upload.wikimedia.org/wikipedia/commons/8/87/West_Virginia_University_logo.svg?utm_source=commons.wikimedia.org&utm_campaign=imageinfo&utm_content=original,wesleyanbobcats.com,,,88.47,22,0.7437,5.2,11,5,7,7,8,4,12,5,3,14,3,4,r32,,appearance,r32,Nikki Izzo-Brown,Head Coach,,,,,records+db+v6+coach+grads,wikipedia:West Virginia University,,,,https://wvusports.com/sports/womens-soccer/coaches
western_carolina,Western Carolina,womens-soccer,D1,Southern,d1t3,Catamounts,1,,,,https://upload.wikimedia.org/wikipedia/commons/7/71/Western_Carolina_University_Logo.svg?utm_source=commons.wikimedia.org&utm_campaign=imageinfo&utm_content=original,,,,77.38,88,0.4974,4.8,5,8,5,13,5,3,15,3,3,10,6,4,,appearance,,,Chad Miller,Head Coach,millerc@email.wcu.edu,personal,,,records+db+v6+coach+grads,wikipedia:Western Carolina University,,,,https://catamountsports.com/sports/womens-soccer/coaches
western_illinois,Western Illinois,womens-soccer,D1,Ohio Valley,d1t4,Leathernecks,1,"Colonel Rock (Live Bulldog), Rocky (Costumed Bulldog)",,,https://upload.wikimedia.org/wikipedia/commons/7/7f/Western_Illinois_University_logo.png?utm_source=commons.wikimedia.org&utm_campaign=imageinfo&utm_content=original,,,,57.10,459,0.0466,3.3,4,10,3,3,8,5,1,14,1,1,17,1,,,,,Ross Henderson,Head Coach,rg-henderson@wiu.edu,personal,,,records+db+v6+coach+grads,wikipedia:Western Illinois University,,,,https://goleathernecks.com/sports/womens-soccer/coaches
western_kentucky,Western Kentucky,womens-soccer,D1,CUSA,d1t3,Lady Toppers,1,Big Red,#B01E24,,https://upload.wikimedia.org/wikipedia/en/0/04/WKU_logo.svg?utm_source=en.wikipedia.org&utm_campaign=imageinfo&utm_content=original,,,,70.80,186,0.3510,2.7,7,9,3,6,5,7,3,8,5,9,5,3,,,,,Jason Neidell,Head Coach,jason.neidell@wku.edu,personal,,,records+db+v6+coach+grads,wikipedia:Western Kentucky University,,,,https://wkusports.com/sports/womens-soccer/coaches
western_michigan,Western Michigan,womens-soccer,D1,MAC,d1t3,Broncos,1,Buster Bronco,#532E1F,#F1C500,https://upload.wikimedia.org/wikipedia/en/3/31/Western_Michigan_University_Primary_Logo.svg?utm_source=en.wikipedia.org&utm_campaign=imageinfo&utm_content=original,,1,MAC,79.96,67,0.5547,4.5,5,9,5,12,4,3,13,2,6,16,4,1,,,appearance,appearance,Lewis Robinson,Head Coach,lewis.robinson@wmich.edu,personal,,,records+db+v6+coach+grads,wikipedia:Western Michigan University,,wikipedia:2025 NCAA Division I women's soccer tournament,,https://wmubroncos.com/sports/womens-soccer/coaches
william_mary,William & Mary,womens-soccer,D1,CAA,d1t3,Tribe,0,The Griffin,#115740,#B9975B,,,,,71.64,171,0.3699,8.8,7,8,4,9,4,7,8,10,0,7,7,4,,,,,Julie Shackford,Head Women's Soccer Coach,jcshackford@wm.edu,personal,,,records+db+v6+coach+grads,wikipedia:College of William & Mary,,,,https://tribeathletics.com/sports/womens-soccer/coaches
winthrop,Winthrop,womens-soccer,D1,Big South,d1t3,Eagles,1,Big Stuff,#660000,#F0B323,https://upload.wikimedia.org/wikipedia/en/f/f9/Winthrop_University_logo_2018.svg?utm_source=en.wikipedia.org&utm_campaign=imageinfo&utm_content=original,,,,66.31,278,0.2514,4.5,4,8,3,4,8,2,3,7,4,4,6,6,,,,,Spencer Smith,Head Soccer Coach,smithsl@winthrop.edu,personal,,,records+db+v6+coach+grads,wikipedia:Winthrop University,,,,https://winthropeagles.com/sports/womens-soccer/coaches
wisconsin,Wisconsin,womens-soccer,D1,Big Ten,d1t1,Badgers,1,Bucky Badger,,,https://upload.wikimedia.org/wikipedia/en/e/e0/University_of_Wisconsin-Madison_logo.svg?utm_source=en.wikipedia.org&utm_campaign=imageinfo&utm_content=original,,,,88.88,19,0.7529,8.7,11,5,3,14,5,4,10,6,5,14,6,2,,r32,r16,r32,Paula Wilkins,Head Coach,PLW@athletics.wisc.edu,personal,,,records+db+v6+coach+grads,wikipedia:University of Wisconsin–Madison,,,,https://uwbadgers.com/sports/womens-soccer/coaches
wofford,Wofford,womens-soccer,D1,Southern,d1t3,Terriers,1,Terrier,#886E4C,#000000,https://upload.wikimedia.org/wikipedia/commons/d/d8/Wofford-Stacked-Black.png?utm_source=commons.wikimedia.org&utm_campaign=imageinfo&utm_content=original,,,,67.26,258,0.2724,8.0,9,8,3,5,11,4,6,12,2,6,9,6,,,,,Kevin Dempsey,Head Women's Soccer Coach,dempseyke@wofford.edu,personal,,,records+db+v6+coach+grads,wikipedia:Wofford College,,,,https://woffordterriers.com/sports/womens-soccer/coaches
wright_state,Wright State,womens-soccer,D1,Horizon,d1t3,Raiders,1,"Gray Wolf, Raider personified as Rowdy Raider",#026937,#CEA052,https://upload.wikimedia.org/wikipedia/en/b/bd/Wright_State_University_logo.svg?utm_source=en.wikipedia.org&utm_campaign=imageinfo&utm_content=original,,,,69.45,208,0.3211,3.2,8,7,3,6,7,5,5,10,2,7,7,5,,,,,Travis Sobers,Head Coach,travis.sobers@wright.edu,personal,,,records+db+v6+coach+grads,wikipedia:Wright State University,,,,https://wsuraiders.com/sports/womens-soccer/coaches
wyoming,Wyoming,womens-soccer,D1,Mountain West,d1t3,Cowboys,1,Cowboy Joe (live horse) / Pistol Pete,#492F24,#FFC425,https://upload.wikimedia.org/wikipedia/commons/1/18/University_of_Wyoming_logo.svg?utm_source=commons.wikimedia.org&utm_campaign=imageinfo&utm_content=original,,,,69.41,209,0.3202,6.7,,,,6,8,5,4,6,9,7,6,6,,,,,Josh Purdum,Head Coach,jpurdum1@uwyo.edu,personal,,,records+db+v6+coach+grads,wikipedia:University of Wyoming,,,,https://gowyo.com/sports/womens-soccer/coaches
xavier,Xavier,womens-soccer,D1,Big East,d1t2,Musketeers,1,D'Artagnan the Musketeer<br />The Blue Blob,,,https://upload.wikimedia.org/wikipedia/en/a/a6/Xavier_University_Shield_banner.svg?utm_source=en.wikipedia.org&utm_campaign=imageinfo&utm_content=original,goxavier.com,1,Big East,88.59,20,0.7465,6.4,14,4,5,14,4,4,15,4,2,16,4,2,r32,appearance,,r32,Katy Etelman,Head Coach,etelmank@xavier.edu,personal,,,records+db+v6+coach+grads,wikipedia:Xavier University,,wikipedia:2025 NCAA Division I women's soccer tournament,,https://goxavier.com/sports/womens-soccer/coaches
yale,Yale,womens-soccer,D1,Ivy League,d1t3,Bulldogs,1,Handsome Dan,#00356B,,,,,,68.28,237,0.2950,9.5,7,5,3,5,6,5,8,7,1,3,11,1,,,,,Sarah Martinez,Loring Family Head Coach of Women's Soccer,sarah.martinez@yale.edu,personal,,,records+db+v6+coach+grads,wikipedia:Yale University,,,,https://yalebulldogs.com/sports/womens-soccer/coaches
youngstown_state,Youngstown State,womens-soccer,D1,Horizon,d1t3,Penguins,1,Pete the Penguin,#a71930,,https://upload.wikimedia.org/wikipedia/commons/3/3b/YSUWordmarkNew.svg?utm_source=commons.wikimedia.org&utm_campaign=imageinfo&utm_content=original,,,,69.26,211,0.3170,4.0,9,8,3,7,7,3,5,11,2,8,10,2,,,,,Rich Wall,Women's Soccer Head Coach,rjwall@ysu.edu,personal,,,records+db+v6+coach+grads,wikipedia:Youngstown State University,,,,https://ysusports.com/sports/womens-soccer/coaches
adams_state,Adams State,womens-soccer,D2,Rocky Mountain Athletic Conference,d2t2,Grizzlies,1,Grizzly bear,#007a53,,https://upload.wikimedia.org/wikipedia/en/a/ae/Adams_State_University_logo.png?utm_source=en.wikipedia.org&utm_campaign=imageinfo&utm_content=original,asugrizzlies.com,,,48.40,663,0.2888,2.5,4,11,1,3,9,5,3,12,2,9,8,3,,,,,Victoria Bonilla,Women's Soccer Interim Head Coach,vbonilla@adams.edu,personal,,,records+db+v6+coach+grads,wikipedia:Adams State University,,,,https://asugrizzlies.com/sports/womens-soccer/coaches
adelphi,Adelphi,womens-soccer,D2,Northeast-10 Conference,d2t1,Panthers,1,Panther,#4F2C1D,#FFB500,https://upload.wikimedia.org/wikipedia/commons/f/f5/Adelphi_University_wordmark.svg?utm_source=commons.wikimedia.org&utm_campaign=imageinfo&utm_content=original,,,,65.63,298,0.7674,6.3,12,6,2,15,4,5,12,4,1,10,6,1,,,,,,,,,,,records+db+v6+grads,wikipedia:Adelphi University,,,,
alabama_huntsville,Alabama Huntsville,womens-soccer,D2,Gulf South Conference,d2t2,Chargers,1,Charger Blue,#0077C8,#FFFFFF,https://upload.wikimedia.org/wikipedia/commons/1/1e/Alabama-Huntsville_UAH_logo.svg?utm_source=commons.wikimedia.org&utm_campaign=imageinfo&utm_content=original,uwaathletics.com,,,51.01,591,0.3614,6.2,5,7,5,8,6,3,5,8,3,6,9,2,,,,,,,,,,,records+db+v6+grads,wikipedia:University of Alabama in Huntsville,,,,
allen,Allen,womens-soccer,D2,Independent,d2t2,Yellow Jackets,1,Yellow Jacket,#025399,#f3cf3e,https://upload.wikimedia.org/wikipedia/en/0/0d/Allen_University_logo.png?utm_source=en.wikipedia.org&utm_campaign=imageinfo&utm_content=original,goneosho.com,,,42.89,842,0.1358,1.6,,,,6,11,1,0,10,1,0,5,1,,,,,,,,,,,records+db+v6,wikipedia:Allen University,,,,
american_international,American International,womens-soccer,D2,Northeast-10 Conference,d2t1,Yellow Jackets,1,,,,,aicyellowjackets.com,,,51.74,570,0.3816,2.5,5,8,3,7,7,1,5,7,4,3,10,2,,,,,Sam Mitchell,Head Women's Soccer Coach,Sam.Mitchell@aic.edu,personal,,,records+db+v6+coach+grads,athletics-domain:aicyellowjackets.com,"nickname recovered from the school's own athletics hostname; its Wikipedia article states none. Confirmed by that site's title (""American International College - Official Athletics Website"").",,,https://aicyellowjackets.com/sports/womens-soccer/coaches
anderson_sc,Anderson (SC),womens-soccer,D2,South Atlantic Conference,d2t1,Trojans,1,Troy the Trojan,#BCA270,#983141,https://upload.wikimedia.org/wikipedia/en/c/c0/Seal_of_Anderson_University%2C_SC.jpg?utm_source=en.wikipedia.org&utm_campaign=imageinfo&utm_content=original,autrojans.com,,,61.43,383,0.6509,5.7,10,4,4,8,7,2,9,7,2,11,6,2,,,,,Sarah Jacobs,Head Coach,sjacobs@andersonuniversity.edu,personal,,,records+db+v6+coach+grads,wikipedia:Anderson University (South Carolina),,,,https://autrojans.com/sports/womens-soccer/coaches
angelo_state,Angelo State,womens-soccer,D2,Lone Star Conference,d2t1,Rams,1,Dominic the Ram <small>(live)</small> / Roscoe and Bella <small>(costumed)</small>,#245397,#F0C33B,https://upload.wikimedia.org/wikipedia/commons/5/59/Angelostate_univ_logo.png?utm_source=commons.wikimedia.org&utm_campaign=imageinfo&utm_content=original,,,,63.84,339,0.7177,2.9,13,4,3,9,7,4,14,2,5,9,5,5,,,,,Mike Erwin,Head Women's Soccer Coach,merwin@angelo.edu,personal,,,records+db+v6+coach+grads,wikipedia:Angelo State University,,,,https://angelosports.com/sports/womens-soccer/coaches
ashland,Ashland,womens-soccer,D2,Great Midwest Athletic Conference,d2t2,Eagles,1,Tuffy the Eagle,#4F2170,#FFC72C,https://upload.wikimedia.org/wikipedia/commons/c/ce/Ashland_University_logo.svg?utm_source=commons.wikimedia.org&utm_campaign=imageinfo&utm_content=original,,1,GMAC,65.40,304,0.7612,4.4,15,3,3,19,1,4,17,2,2,14,3,5,,,,,Cayleb Paulino,Head Women's Soccer Coach,cpaulino@ashland.edu,personal,,,records+db+v6+coach+grads,wikipedia:Ashland University,,agent-research:2025-womens-soccer,"won 2025 G-MAC tournament, beating Findlay 3-0 in the final (back-to-back title)",https://goashlandeagles.com/staff-directory/cayleb-paulino/207
assumption,Assumption,womens-soccer,D2,Northeast-10 Conference,d2t1,Greyhounds,1,Pierre the Greyhound,,,https://upload.wikimedia.org/wikipedia/commons/c/c1/Assumpt_univ_textlogo.png?utm_source=commons.wikimedia.org&utm_campaign=imageinfo&utm_content=original,,,,55.74,482,0.4928,6.8,5,6,6,3,4,9,7,5,6,6,6,3,,,,,Chip Warner,Head Coach,Al.warner@assumption.edu,personal,,,records+db+v6+coach+grads,wikipedia:Assumption University (Worcester),,,,https://assumptiongreyhounds.com/sports/womens-soccer/coaches
auburn_montgomery,Auburn Montgomery,womens-soccer,D2,Gulf South Conference,d2t2,Warhawks,1,Curtiss,#000000,#FA4616,https://upload.wikimedia.org/wikipedia/commons/a/a5/Auburn_univ_montgomery_logo_horiz.png?utm_source=commons.wikimedia.org&utm_campaign=imageinfo&utm_content=original,aumathletics.com,,,43.03,836,0.1399,3.0,3,11,2,4,12,2,4,10,2,1,13,2,,,,,,,,,,,records+db+v6+grads,wikipedia:Auburn University at Montgomery,,,,
augustana_sd,Augustana (SD),womens-soccer,D2,Northern Sun Intercollegiate Conference,d2t2,Vikings,1,Ole the Viking,,,https://upload.wikimedia.org/wikipedia/commons/b/bc/Augustana_University_wordmark.svg?utm_source=commons.wikimedia.org&utm_campaign=imageinfo&utm_content=original,,,,57.73,448,0.5482,6.7,11,7,2,9,7,3,10,5,4,11,5,3,,,,,Brandon Barkus,Head Coach,brandon.barkus@augie.edu,personal,,,records+db+v6+coach+grads,wikipedia:Augustana University,,,,https://goaugie.com/sports/womens-soccer/coaches
barry,Barry,womens-soccer,D2,Sunshine State Conference,d2t1,Buccaneers,1,Bucky the Parrot,#ac1f2d,#000000,https://upload.wikimedia.org/wikipedia/commons/6/64/Barry_university_florida_logo.png?utm_source=commons.wikimedia.org&utm_campaign=imageinfo&utm_content=original,gobarrybucs.com,,,56.51,467,0.5142,2.7,8,5,4,6,7,3,8,7,2,5,5,9,,,,,Jay Harris,Head Coach,jaharris@barry.edu,personal,,,records+db+v6+coach+grads,wikipedia:Barry University,,,,https://gobarrybucs.com/sports/womens-soccer/coaches
barton,Barton,womens-soccer,D2,Conference Carolinas,d2t2,Bulldogs,1,,,,,bartonbulldogs.com,,,48.90,642,0.3028,3.9,5,8,2,7,6,5,5,8,5,4,11,1,,,,,Jason Hamilton,Head Women's Soccer Coach,jshamilton1@barton.edu,personal,,,records+db+v6+coach+grads,athletics-domain:bartonbulldogs.com,"nickname recovered from the school's own athletics hostname; its Wikipedia article states none. Confirmed by that site's title (""Summer Camp Page - Barton College - Official Athletics Website"").",,,https://bartonbulldogs.com/sports/womens-soccer/coaches
belmont_abbey,Belmont Abbey,womens-soccer,D2,Conference Carolinas,d2t2,Crusaders,1,Mr. Crusader,#B7202E,#FFFFFF,https://upload.wikimedia.org/wikipedia/en/5/5f/Belmont_Abbey_College_logo.svg?utm_source=en.wikipedia.org&utm_campaign=imageinfo&utm_content=original,abbeyathletics.com,1,Conference Carolinas,61.23,385,0.6452,3.2,10,8,2,11,3,4,12,4,4,16,5,1,,,,,Mike Lynch,Head Coach,michaellynch@bac.edu,personal,,,records+db+v6+coach+grads,wikipedia:Belmont Abbey College,,agent-research:2025-womens-soccer,"won 2025 Conference Carolinas tournament, beating Francis Marion 2-1 in the final",https://abbeyathletics.com/sports/womens-soccer/coaches
bemidji_state,Bemidji State,womens-soccer,D2,Northern Sun Intercollegiate Conference,d2t2,Beavers,1,Bucky the Beaver,#004D44,#FFFFFF,https://upload.wikimedia.org/wikipedia/commons/5/5d/Bemidji_state_univ_logo.png?utm_source=commons.wikimedia.org&utm_campaign=imageinfo&utm_content=original,,,,60.53,397,0.6258,3.3,16,3,6,13,4,6,9,7,3,14,3,4,,,,,Jim Stone,Head Coach,,,,,records+db+v6+coach+grads,wikipedia:Bemidji State University,,,,https://bsubeavers.com/sports/womens-soccer/coaches
bentley,Bentley,womens-soccer,D2,Northeast-10 Conference,d2t1,Falcons,1,Flex the Falcon,#0075BE,#2B4566,https://upload.wikimedia.org/wikipedia/commons/1/14/Bentley_Wordmark_Stacked.png?utm_source=commons.wikimedia.org&utm_campaign=imageinfo&utm_content=original,,,,56.23,475,0.5063,8.2,7,8,3,5,7,4,8,4,7,6,7,4,,,,,Tim Mason,Head Women's Soccer Coach,tmason@bentley.edu,personal,,,records+db+v6+coach+grads,wikipedia:Bentley University,,,,https://bentleyfalcons.com/sports/womens-soccer/coaches
biola,Biola,womens-soccer,D2,Pacific West Conference,d2t2,Eagles,1,,#cc0000,#fff,,athletics.biola.edu,,,48.27,666,0.2852,7.1,4,11,2,5,9,3,5,8,5,3,5,9,,,,,Brett Croft,Head Women's Soccer Coach,brett.croft@biola.edu,inferred,,,records+db+v6+coach+grads,wikipedia:Biola University,,,,pattern_inference:high
black_hills_state,Black Hills State,womens-soccer,D2,Rocky Mountain Athletic Conference,d2t2,Yellow Jackets,1,Sting the Yellow Jacket,#006233,#FFC726,https://upload.wikimedia.org/wikipedia/commons/b/b3/Black_Hills_State_University_logo.svg?utm_source=commons.wikimedia.org&utm_campaign=imageinfo&utm_content=original,,,,44.37,774,0.1769,2.6,1,13,2,3,12,2,3,11,4,4,9,5,,,,,John Hutchison,Head Coach,John.Hutchison@bhsu.edu,personal,,,records+db+v6+coach+grads,wikipedia:Black Hills State University,,,,https://bhsuathletics.com/sports/womens-soccer/coaches
bluefield_state,Bluefield State,womens-soccer,D2,Independent,d2t2,Big Blue,0,Sir Blue,#102c52,#c1a458,https://upload.wikimedia.org/wikipedia/commons/5/5a/BStateLogo.png?utm_source=commons.wikimedia.org&utm_campaign=imageinfo&utm_content=original,,,,47.40,689,0.2611,2.0,7,7,3,5,12,1,3,6,3,4,11,1,,,,,,,,,,,records+db+v6,wikipedia:Bluefield State University,,,,
bridgeport,Bridgeport,womens-soccer,D2,Central Atlantic Collegiate Conference,d2t2,Purple Knights,1,Purple Knight,#634298,#FFFFFF,https://upload.wikimedia.org/wikipedia/commons/c/c1/Bridgeport_univ_textlogo.png?utm_source=commons.wikimedia.org&utm_campaign=imageinfo&utm_content=original,ubknights.com,,,52.60,545,0.4055,2.1,13,3,5,10,8,3,7,8,3,4,9,5,,,,,Tania Armellino,Head Women's Soccer Coach,tarme@bridgeport.edu,personal,,,records+db+v6+coach+grads,wikipedia:University of Bridgeport,,,,https://www.ubknights.com/sports/wsoc/coaches/Tania_Armellino
cal_poly_humboldt,Cal Poly Humboldt,womens-soccer,D2,California Collegiate Athletic Association,d2t2,Lumberjacks,1,Lucky Logger,#046A38,#FFC72C,https://upload.wikimedia.org/wikipedia/commons/5/5a/Cal_poly_humboldt_mark.svg?utm_source=commons.wikimedia.org&utm_campaign=imageinfo&utm_content=original,humboldtathletics.com,1,CCAA,55.21,490,0.4782,4.1,7,5,6,13,5,2,8,8,3,8,6,8,,,,,Grant Landy,Head Women's Soccer Coach,gl127@humboldt.edu,personal,,,records+db+v6+coach+grads,"wikipedia:California State Polytechnic University, Humboldt",,agent-research:2025-womens-soccer,"won 2025 CCAA tournament, beating Chico State 1-0 in the final",https://humboldtathletics.com/sports/womens-soccer/coaches
cal_poly_pomona,Cal Poly Pomona,womens-soccer,D2,California Collegiate Athletic Association,d2t2,Broncos,1,Billy Bronco,#005030,#ffb81c,https://upload.wikimedia.org/wikipedia/commons/7/77/Calpoly_pomona_univ_logo.png?utm_source=commons.wikimedia.org&utm_campaign=imageinfo&utm_content=original,broncoathletics.com,,,64.00,332,0.7222,4.3,6,9,3,11,5,3,22,1,2,18,3,3,,,champion,,Jay Mason,Head Coach,mason@cpp.edu,personal,,,records+db+v6+coach+grads,"wikipedia:California State Polytechnic University, Pomona",,,,https://broncoathletics.com/sports/womens-soccer/coaches
cal_state_dominguez_hills,Cal State Dominguez Hills,womens-soccer,D2,California Collegiate Athletic Association,d2t2,Toros,1,,,,https://upload.wikimedia.org/wikipedia/commons/e/e2/Csu_dh_logo.png?utm_source=commons.wikimedia.org&utm_campaign=imageinfo&utm_content=original,gotoros.com,,,45.06,754,0.1960,2.4,1,13,4,1,15,2,5,6,6,5,11,2,,,,,Adriana Valdez Lopez,Head Coach,avaldezlopez@csudh.edu,personal,,,records+db+v6+coach+grads,"wikipedia:California State University, Dominguez Hills",,,,https://gotoros.com/sports/womens-soccer/coaches
cal_state_east_bay,Cal State East Bay,womens-soccer,D2,California Collegiate Athletic Association,d2t2,Pioneers,1,,,,https://upload.wikimedia.org/wikipedia/commons/5/55/CSUEB_wordmark.svg?utm_source=commons.wikimedia.org&utm_campaign=imageinfo&utm_content=original,eastbaypioneers.com,,,52.41,552,0.4004,2.6,2,12,3,7,6,4,11,6,3,7,9,3,,,,,Anne Whipple,Head Women's Soccer Coach,anne.whipple@csueastbay.edu,personal,,,records+db+v6+coach+grads,"wikipedia:California State University, East Bay",,,,https://eastbaypioneers.com/sports/womens-soccer/coaches
cal_state_los_angeles,Cal State Los Angeles,womens-soccer,D2,California Collegiate Athletic Association,d2t2,Golden Eagles,1,Eddie the Golden Eagle,#000000,#FFCE00,https://upload.wikimedia.org/wikipedia/commons/4/41/Cal_state_la_textlogo.png?utm_source=commons.wikimedia.org&utm_campaign=imageinfo&utm_content=original,,,,56.50,468,0.5138,2.9,11,4,6,9,3,9,9,4,5,7,5,6,,,,,,,,,,,records+db+v6+grads,"wikipedia:California State University, Los Angeles",,,,
cal_state_monterey_bay,Cal State Monterey Bay,womens-soccer,D2,California Collegiate Athletic Association,d2t2,Otters,1,Monte Rey Otter,#002A4E,#446A59,https://upload.wikimedia.org/wikipedia/commons/f/fa/Cal_state_monterey_bay_logo.png?utm_source=commons.wikimedia.org&utm_campaign=imageinfo&utm_content=original,,,,51.27,583,0.3687,4.2,7,6,5,4,8,5,7,4,8,6,9,3,,,,,Laura VanWart,Head Women's Soccer Coach,lvanwart@csumb.edu,personal,,,records+db+v6+coach+grads,"wikipedia:California State University, Monterey Bay",,,,https://otterathletics.com/sports/womens-soccer/coaches
cal_state_san_bernardino,Cal State San Bernardino,womens-soccer,D2,California Collegiate Athletic Association,d2t2,Coyotes,1,Cody the Coyote,,,https://upload.wikimedia.org/wikipedia/commons/2/2d/CSU_sanbernardino_univ_logo.svg?utm_source=commons.wikimedia.org&utm_campaign=imageinfo&utm_content=original,gotoros.com,,,53.51,522,0.4307,2.4,7,6,4,8,6,4,5,6,6,8,6,5,,,,,Mark Peters,Head Coach,mpeters@csusb.edu,personal,,,records+db+v6+coach+grads,"wikipedia:California State University, San Bernardino",,,,https://csusbathletics.com/sports/womens-soccer/coaches
cal_state_san_marcos,Cal State San Marcos,womens-soccer,D2,California Collegiate Athletic Association,d2t2,Cougars,1,,#1E2A5B,#222021,https://upload.wikimedia.org/wikipedia/en/c/c9/CSU_San_Marcos_logo.svg?utm_source=en.wikipedia.org&utm_campaign=imageinfo&utm_content=original,csusmcougars.com,,,55.28,488,0.4800,3.0,6,5,7,11,3,6,7,6,5,7,5,5,,,,,Bobby Renneisen,Head Women's Soccer Coach,brenneis@csusm.edu,personal,,,records+db+v6+coach+grads,"wikipedia:California State University, San Marcos",,,,https://csusmcougars.com/sports/womens-soccer/coaches
cal_state_stanislaus,Cal State Stanislaus,womens-soccer,D2,California Collegiate Athletic Association,d2t2,Warriors,1,Titus,#D13239,#F5C400,https://upload.wikimedia.org/wikipedia/commons/5/55/Csu_stanislaus_shield_logo.svg?utm_source=commons.wikimedia.org&utm_campaign=imageinfo&utm_content=original,,,,56.96,461,0.5268,3.6,10,4,4,8,6,5,10,8,2,11,5,4,,,,,Adam James,"Head Coach, Women's Soccer",ajames11@csustan.edu,personal,,,records+db+v6+coach+grads,"wikipedia:California State University, Stanislaus",,,,https://warriorathletics.com/sports/womens-soccer/coaches
caldwell,Caldwell,womens-soccer,D2,Central Atlantic Collegiate Conference,d2t2,Cougars,1,Cooper the Cougar,,,https://upload.wikimedia.org/wikipedia/en/1/13/Caldwell_University_logo.png?utm_source=en.wikipedia.org&utm_campaign=imageinfo&utm_content=original,caldwellathletics.com,,,59.25,421,0.5902,5.9,7,7,5,7,4,5,12,5,2,13,3,4,,,,,Kate Pellegrino,Head Coach,kpellegrino@caldwell.edu,personal,,,records+db+v6+coach+grads,wikipedia:Caldwell University,,,,https://caldwellathletics.com/sports/womens-soccer/coaches
carson_newman,Carson-Newman,womens-soccer,D2,South Atlantic Conference,d2t1,Eagles,1,,#0C2340,#FF671F,https://upload.wikimedia.org/wikipedia/commons/8/88/Carson-Newman_University_Logo%2C_August_2022.png?utm_source=commons.wikimedia.org&utm_campaign=imageinfo&utm_content=original,cneagles.com,,,61.08,390,0.6411,3.8,9,4,4,,,,,,,,,,,,,,Simon Duffy,Head Coach,sduffy@cn.edu,personal,,,records+db+v6+coach+grads,wikipedia:Carson–Newman University,,,,https://www.cneagles.com/sports/w-soccer/coaches/SimonDuffy
catawba,Catawba,womens-soccer,D2,South Atlantic Conference,d2t1,Indians,1,Blue,#004990,,https://upload.wikimedia.org/wikipedia/en/1/18/Logo_of_Catawba_College.png?utm_source=en.wikipedia.org&utm_campaign=imageinfo&utm_content=original,app.teampass.com,1,SAC,71.35,177,0.9263,4.4,16,3,3,19,3,1,11,3,5,17,1,4,,,,,Nick Brown,Head Coach,dnbrown@catawba.edu,personal,,,records+db+v6+coach+grads,wikipedia:Catawba College,,agent-research:2025-womens-soccer,"won 2025 SAC tournament, beating Lenoir-Rhyne 3-2 in OT in the final",https://catawbaathletics.com/sports/womens-soccer/coaches
cedarville,Cedarville,womens-soccer,D2,Great Midwest Athletic Conference,d2t2,Yellow Jackets,1,Yellow Jacket,,,https://upload.wikimedia.org/wikipedia/en/f/fb/Cedarville_University_Logo_Vertical_Orientation.png?utm_source=en.wikipedia.org&utm_campaign=imageinfo&utm_content=original,yellowjackets.cedarville.edu,,,61.22,387,0.6450,6.0,17,4,1,16,5,1,11,6,3,12,3,7,,,,,Jonathan Meade,Head Coach,jonathanmeade@cedarville.edu,personal,,,records+db+v6+coach+grads,wikipedia:Cedarville University,,,,https://yellowjackets.cedarville.edu/sports/womens-soccer/coaches
central_missouri,Central Missouri,womens-soccer,D2,Mid-America Intercollegiate Athletics Association,d2t2,Mules,1,Mo the Mule,,,https://upload.wikimedia.org/wikipedia/en/7/7a/University_of_Central_Missouri_logo.svg?utm_source=en.wikipedia.org&utm_campaign=imageinfo&utm_content=original,,,,62.13,370,0.6702,3.6,19,2,2,16,5,2,17,5,2,11,6,4,,,,,Lewis Theobald,Head Women's Soccer Coach,theobald@ucmo.edu,personal,,,records+db+v6+coach+grads,wikipedia:University of Central Missouri,,,,https://ucmathletics.com/sports/womens-soccer/coaches
central_oklahoma,Central Oklahoma,womens-soccer,D2,Mid-America Intercollegiate Athletics Association,d2t2,Bronchos,1,Buddy Broncho and Buck Broncho,,,https://upload.wikimedia.org/wikipedia/commons/e/e7/University_central_oklahoma_logo.png?utm_source=commons.wikimedia.org&utm_campaign=imageinfo&utm_content=original,,,,55.92,478,0.4979,3.3,11,5,4,6,7,6,12,7,4,10,6,5,,,,,Amel Muhamedagic,Head Soccer Coach,amuhamedagic@uco.edu,personal,,,records+db+v6+coach+grads,wikipedia:University of Central Oklahoma,,,,https://bronchosports.com/sports/womens-soccer/coaches
central_washington,Central Washington,womens-soccer,D2,Great Northwest Athletic Conference,d2t2,Wildcats,1,Wellington P. Wildcat,#AB0032,#2C2A29,https://upload.wikimedia.org/wikipedia/commons/8/8f/Cwu_university_logo.svg?utm_source=commons.wikimedia.org&utm_campaign=imageinfo&utm_content=original,,,,44.73,766,0.1869,4.0,3,11,4,3,12,4,1,11,5,4,7,6,,,,,John Hawks,Head Women's Soccer Coach,john.hawks@cwu.edu,personal,,,records+db+v6+coach+grads,wikipedia:Central Washington University,,,,https://wildcatsports.com/sports/womens-soccer/coaches
chaminade,Chaminade,womens-soccer,D2,Pacific West Conference,d2t2,Silverswords,1,,,,https://upload.wikimedia.org/wikipedia/commons/4/4d/Chaminade_univ_text_logo.png?utm_source=commons.wikimedia.org&utm_campaign=imageinfo&utm_content=original,goswords.com,,,51.26,584,0.3683,4.2,7,6,3,7,4,5,6,5,5,1,5,8,,,,,Michelle Richardson,Head Coach,michelle.richardson@chaminade.edu,inferred,,,records+db+v6+coach+grads,wikipedia:Chaminade University of Honolulu,,,,pattern_inference:high
charleston_wv,Charleston (WV),womens-soccer,D2,Mountain East Conference,d2t2,,,,,,,,,,59.55,416,0.5987,2.7,,,,18,1,3,,,,10,8,3,,,,,Sarah Leiby,Head Coach,sarahleiby@ucwv.edu,personal,,,records+db+v6+coach+grads,,No usable Wikipedia infobox found for this name,,,https://ucgoldeneagles.com/sports/womens-soccer/coaches
chestnut_hill,Chestnut Hill,womens-soccer,D2,Central Atlantic Collegiate Conference,d2t2,Griffins,1,Griffin,,,https://upload.wikimedia.org/wikipedia/commons/c/c2/Chestnut_hill_college_textlogo.png?utm_source=commons.wikimedia.org&utm_campaign=imageinfo&utm_content=original,griffinathletics.com,,,52.36,554,0.3990,3.6,9,6,5,5,9,2,5,8,2,9,8,1,,,,,Jonathan Geist,Head Coach,geistj@chc.edu,personal,,,records+db+v6+coach+grads,wikipedia:Chestnut Hill College,,,,https://griffinathletics.com/sports/womens-soccer/coaches
chico_state,Chico State,womens-soccer,D2,California Collegiate Athletic Association,d2t2,Wildcats,1,Willie the Wildcat,#9D2235,#75787B,https://upload.wikimedia.org/wikipedia/commons/b/b8/Chico-State-Single-Line-Wordmark.svg?utm_source=commons.wikimedia.org&utm_campaign=imageinfo&utm_content=original,,,,55.75,481,0.4930,4.0,9,5,5,11,7,1,6,6,6,10,6,4,,,,,Halle Meadows,Head Women's Soccer Coach,hmeadows@csuchico.edu,inferred,,,records+db+v6+coach+grads,"wikipedia:California State University, Chico",,,,pattern_inference:low
chowan,Chowan,womens-soccer,D2,Conference Carolinas,d2t2,Hawks,1,Murf the Hawk,#4E83B3,,https://upload.wikimedia.org/wikipedia/commons/3/3c/Chowan_univ_textlogo.png?utm_source=commons.wikimedia.org&utm_campaign=imageinfo&utm_content=original,gocuhawks.com,,,48.83,644,0.3007,3.4,5,10,2,3,7,5,4,9,3,7,9,1,,,,,Fernando Zuniga,Head Women's Soccer Coach,FZuniga@chowan.edu,personal,,,records+db+v6+coach+grads,wikipedia:Chowan University,,,,https://gocuhawks.com/sports/womens-soccer/coaches
christian_brothers,Christian Brothers,womens-soccer,D2,Gulf South Conference,d2t2,Buccaneers,1,The Buccaneer,#CC092F,#A49791,https://upload.wikimedia.org/wikipedia/en/8/8f/Christian_Brothers_University_logo.png?utm_source=en.wikipedia.org&utm_campaign=imageinfo&utm_content=original,,,,44.81,763,0.1892,4.6,9,6,3,6,9,3,0,15,1,3,12,1,,,,,Christopher B. Tadley,Head Women's Soccer Coach,Ctadley@cbu.edu,personal,,,records+db+v6+coach+grads,wikipedia:Christian Brothers University,,,,https://cbubucs.com/sports/womens-soccer/coaches
clayton_state,Clayton State,womens-soccer,D2,Peach Belt Conference,d2t1,Lakers,1,,#092C74,#fC6719,https://upload.wikimedia.org/wikipedia/commons/3/3c/Clayton_state_university_textlogo.png?utm_source=commons.wikimedia.org&utm_campaign=imageinfo&utm_content=original,claytonstatesports.com,,,53.60,520,0.4333,1.9,3,10,2,7,7,3,8,3,6,4,11,2,,,,,Ricky Clarke,Head Women's Soccer Coach,rickyclarke@clayton.edu,personal,,,records+db+v6+coach+grads,wikipedia:Clayton State University,,,,https://claytonstatesports.com/sports/wsoc/coaches
coker,Coker,womens-soccer,D2,South Atlantic Conference,d2t1,Cobras,1,,#00457C,#5FAAD8,https://upload.wikimedia.org/wikipedia/commons/5/55/Coker_college_wordmark_blue.png?utm_source=commons.wikimedia.org&utm_campaign=imageinfo&utm_content=original,catawbaathletics.com,,,57.04,460,0.5289,2.6,4,8,3,7,8,2,9,6,2,,,,,,,,Michael Donald,Head Coach,mdonald@coker.edu,personal,,,records+db+v6+coach+grads,wikipedia:Coker University,,,,https://www.cokercobras.com/information/directory/bios/MDonald
colorado_christian,Colorado Christian,womens-soccer,D2,Rocky Mountain Athletic Conference,d2t2,,,Cougars,,,,,,,46.63,706,0.2397,3.4,3,13,0,3,10,4,6,8,4,3,8,6,,,,,Caleb Cole,Head Coach | Director of Soccer,cacole@ccu.edu,personal,,,records+db+v6+coach+grads,wikipedia:Colorado Christian University,,,,https://ccucougars.com/sports/womens-soccer/coaches
colorado_mesa,Colorado Mesa,womens-soccer,D2,Rocky Mountain Athletic Conference,d2t2,Mavericks,1,,,,https://upload.wikimedia.org/wikipedia/commons/5/55/Colorado_Mesa_University_logo.svg?utm_source=commons.wikimedia.org&utm_campaign=imageinfo&utm_content=original,,,,63.26,351,0.7016,2.6,10,8,1,18,4,1,14,2,4,14,4,2,,,,,Jody Lingafeldt,Head Women's Soccer Coach,jlingafeldt@coloradomesa.edu,personal,,,records+db+v6+coach+grads,wikipedia:Colorado Mesa University,,,,https://cmumavericks.com/sports/womens-soccer/coaches
colorado_school_of_mines,Colorado School of Mines,womens-soccer,D2,Rocky Mountain Athletic Conference,d2t2,Orediggers,1,Marvin the Miner<br />Blaster the Burro,,,https://upload.wikimedia.org/wikipedia/commons/6/67/Colorado_School_of_Mines_wordmark_%282023%29.svg?utm_source=commons.wikimedia.org&utm_campaign=imageinfo&utm_content=original,,1,RMAC,65.92,291,0.7756,8.1,18,2,3,15,4,3,20,1,2,14,2,5,,,,,Kevin Fickes,Head Coach,kfickes@mines.edu,personal,,,records+db+v6+coach+grads,wikipedia:Colorado School of Mines,,agent-research:2025-womens-soccer,"won 2025 RMAC tournament, beating Colorado Mesa 1-0 in the final",https://minesathletics.com/sports/womens-soccer/coaches
colorado_state_pueblo,Colorado State-Pueblo,womens-soccer,D2,Rocky Mountain Athletic Conference,d2t2,ThunderWolves,1,Wolfie (costume)<br />Tundra (living mascot),#00205b,#cc0033,https://upload.wikimedia.org/wikipedia/commons/f/f5/Csu_pueblo_univ_textlogo.png?utm_source=commons.wikimedia.org&utm_campaign=imageinfo&utm_content=original,gothunderwolves.com,,,48.24,667,0.2846,2.8,5,12,2,7,5,6,4,10,4,4,9,6,,,,,,,,,,,records+db+v6+grads,wikipedia:Colorado State University Pueblo,,,,
columbus_state,Columbus State,womens-soccer,D2,Peach Belt Conference,d2t1,Cougars,1,Cody Cougar,#003359,#c60c30,https://upload.wikimedia.org/wikipedia/commons/b/b8/Columbus_st_univ_simplelogo.png?utm_source=commons.wikimedia.org&utm_campaign=imageinfo&utm_content=original,,1,PBC,71.38,175,0.9272,2.0,19,3,2,15,4,2,22,1,2,14,6,1,,,,,Jay Entlich,Head Coach,entlich_jay@columbusstate.edu,personal,,,records+db+v6+coach+grads,wikipedia:Columbus State University,,agent-research:2025-womens-soccer,"won 2025 PBC tournament, beating North Georgia 1-0 in the final (third straight title)",https://csucougars.com/sports/womens-soccer/coaches
commonwealth_university_bloomsburg,Commonwealth University-Bloomsburg,womens-soccer,D2,Pennsylvania State Athletic Conference,d2t2,Huskies,1,Roongo,,,https://upload.wikimedia.org/wikipedia/en/c/c1/Bloomsburg_University_logo.png?utm_source=en.wikipedia.org&utm_campaign=imageinfo&utm_content=original,bloomsburgathletics.com,,,56.96,462,0.5266,3.8,14,5,2,8,6,5,9,5,5,10,7,2,,,,,Matt Haney,Head Coach,mhaney@bloomu.edu,personal,,,records+db+v6+coach+grads,wikipedia:Commonwealth University-Bloomsburg,,,,https://bloomsburgathletics.com/sports/womens-soccer/coaches
commonwealth_university_lock_haven,Commonwealth University-Lock Haven,womens-soccer,D2,Pennsylvania State Athletic Conference,d2t2,Bald Eagles,1,Talon the Bald Eagle,#ffffff,,https://upload.wikimedia.org/wikipedia/en/0/06/Lockhaven_University_logo.png?utm_source=en.wikipedia.org&utm_campaign=imageinfo&utm_content=original,lockhavenathletics.com,,,44.96,759,0.1933,3.8,3,10,5,4,13,1,3,11,4,4,10,2,,,,,Jesse Urquhart,Head Coach,Jurquhart@lockhaven.edu,personal,,,records+db+v6+coach+grads,wikipedia:Commonwealth University-Lock Haven,,,,https://www.lockhavenathletics.com/sports/womens-soccer/coaches
commonwealth_university_mansfield,Commonwealth University-Mansfield,womens-soccer,D2,Pennsylvania State Athletic Conference,d2t2,Mountaineers,1,The Mountie,#AF1E2D,#000000,https://upload.wikimedia.org/wikipedia/en/b/b2/Mansfield_University_logo.svg?utm_source=en.wikipedia.org&utm_campaign=imageinfo&utm_content=original,,,,40.54,915,0.0705,3.8,2,14,2,3,12,3,0,15,3,,,,,,,,Spencer Reinford,Head Coach,sreinford@mansfield.edu,personal,,,records+db+v6+coach+grads,wikipedia:Commonwealth University-Mansfield,,,,https://gomounties.com/sports/womens-soccer/coaches
concord,Concord,womens-soccer,D2,Mountain East Conference,d2t2,Mountain Lions,1,Roar,,,https://upload.wikimedia.org/wikipedia/commons/3/34/Concord_u_logo_wmark.png?utm_source=commons.wikimedia.org&utm_campaign=imageinfo&utm_content=original,cumountainlions.com,,,58.42,436,0.5671,2.3,12,5,2,12,7,2,11,7,1,11,6,3,,,,,Noah Rhodes,Head Coach,njrhodes@concord.edu,personal,,,records+db+v6+coach+grads,wikipedia:Concord University,,,,https://cumountainlions.com/sports/womens-soccer/coaches
,Concordia (Cal.),womens-soccer,D2,,,,,,,,,,,,,,,,,,,,,,,,,,,,,,,,Chris Gould,Head Coach,chris.gould@cui.edu,personal,,,coach,,,,,https://cuigoldeneagles.com/sports/womens-soccer/coaches
concordia_irvine,Concordia Irvine,womens-soccer,D2,Pacific West Conference,d2t2,,,Golden Eagles,,,https://upload.wikimedia.org/wikipedia/en/1/16/CU_Irvine_logo.svg?utm_source=en.wikipedia.org&utm_campaign=imageinfo&utm_content=original,gomatadors.com,,,62.56,363,0.6821,5.3,14,5,2,13,3,2,13,3,2,10,3,4,,,,,,,,,,,records+db+v6,wikipedia:Concordia University Irvine,,,,
concordia_st_paul,Concordia-St. Paul,womens-soccer,D2,Northern Sun Intercollegiate Conference,d2t2,Bears,1,Golden Bears,,,https://upload.wikimedia.org/wikipedia/commons/5/52/Concordia_sp_univ_logo.png?utm_source=commons.wikimedia.org&utm_campaign=imageinfo&utm_content=original,,,,58.68,427,0.5746,2.0,7,7,5,9,7,4,13,4,4,12,3,5,,,,,Steve Bellis,Head Coach,bellis@csp.edu,personal,,,records+db+v6+coach+grads,athletics-domain:cspbears.com,"nickname recovered from the school's own athletics hostname; its Wikipedia article states none. Confirmed by that site's title (""Concordia University, St. Paul Athletics"").",,,https://cspbears.com/sports/womens-soccer/coaches
converse,Converse,womens-soccer,D2,Conference Carolinas,d2t2,Valkyries,1,Val the Valkyrie,,,https://upload.wikimedia.org/wikipedia/en/2/23/Convere_University_Logo_2023.png?utm_source=en.wikipedia.org&utm_campaign=imageinfo&utm_content=original,govalkyries.com,,,50.89,595,0.3580,5.3,4,12,1,5,7,4,9,7,3,7,10,3,,,,,Colin Wylie,Head Coach,colin.wylie@converse.edu,personal,,,records+db+v6+coach+grads,wikipedia:Converse University,,,,https://govalkyries.com/sports/womens-soccer/coaches
dyouville,D'Youville,womens-soccer,D2,East Coast Conference,d2t2,Saints,1,Saint Bernard,,,https://upload.wikimedia.org/wikipedia/commons/f/ff/Dyouville_university_logo.png?utm_source=commons.wikimedia.org&utm_campaign=imageinfo&utm_content=original,dyusaints.com,,,42.71,849,0.1307,5.4,3,12,1,4,9,3,1,12,2,2,11,3,,,,,Angela Nicholas-Tolsma,Head Coach,nicholaa@dyu.edu,personal,,,records+db+v6+coach+grads,wikipedia:D'Youville University,,,,https://dyusaints.com/sports/womens-soccer/coaches
,DBU,womens-soccer,D2,,,,,,,,,,,,,,,,,,,,,,,,,,,,,,,,Marcus Wood,Head Women's Soccer Coach,marcusw@dbu.edu,personal,,,coach,,,,,https://dbupatriots.com/sports/womens-soccer/coaches
daemen,Daemen,womens-soccer,D2,East Coast Conference,d2t2,Wildcats,1,Willie the Wildcat,,,https://upload.wikimedia.org/wikipedia/commons/d/df/RosaryHall.jpg?utm_source=commons.wikimedia.org&utm_campaign=imageinfo&utm_content=original,,,,55.81,480,0.4947,4.2,5,10,2,9,5,3,9,9,0,11,6,1,,,,,Dan Dolan,Head Coach,ddolan@daemen.edu,personal,,,records+db+v6+coach+grads,wikipedia:Daemen University,,,,https://daemenwildcats.com/sports/womens-soccer/coaches
dallas_baptist,Dallas Baptist,womens-soccer,D2,Lone Star Conference,d2t1,Patriots,1,,#C41230,#FFFFFF,https://upload.wikimedia.org/wikipedia/commons/4/49/Dallas_baptist_univ_simple_logo.png?utm_source=commons.wikimedia.org&utm_campaign=imageinfo&utm_content=original,dbupatriots.com,1,LSC,74.00,130,1.0000,4.7,17,2,1,14,1,4,16,3,3,20,2,0,,,,,,,,,,,records+db+v6+grads,wikipedia:Dallas Baptist University,,agent-research:2025-womens-soccer,"won 2025 LSC tournament, beating Texas Woman's 3-2 in the final",
davenport,Davenport,womens-soccer,D2,Great Lakes Intercollegiate Athletic Conference,d2t2,Panthers,1,Pounce,#ee3124,,https://upload.wikimedia.org/wikipedia/commons/3/35/Davenport_university_logo.png?utm_source=commons.wikimedia.org&utm_campaign=imageinfo&utm_content=original,dupanthers.com,,,49.18,633,0.3105,3.0,4,10,5,5,7,6,8,4,8,4,12,3,,,,,Joe White,Head Coach,joe.white@davenport.edu,personal,,,records+db+v6+coach+grads,wikipedia:Davenport University,,,,https://dupanthers.com/sports/womens-soccer/coaches
davis_and_elkins,Davis & Elkins,womens-soccer,D2,Mountain East Conference,d2t2,Senators,1,,,,https://upload.wikimedia.org/wikipedia/commons/7/73/Daviselkins_college_logo.png?utm_source=commons.wikimedia.org&utm_campaign=imageinfo&utm_content=original,senatornation.com,,,43.25,822,0.1460,3.8,9,8,1,2,14,2,2,15,1,2,11,5,,,,,Keenan Schaeffer,Head Women's Soccer Coach,schaefferk@dewv.edu,personal,,,records+db+v6+coach+grads,wikipedia:Davis & Elkins College,,,,https://senatornation.com/sports/womens-soccer/coaches
delta_state,Delta State,womens-soccer,D2,Gulf South Conference,d2t2,Lady Statesmen,1,,#00753E,#FFFFFF,,gostatesmen.com,,,51.68,571,0.3799,3.2,10,7,2,4,12,2,5,5,6,7,6,4,,,,,Chloe Kane,Head Coach,ckane@deltastate.edu,personal,,,records+db+v6+coach+grads,wikipedia:Delta State University,,,,https://gostatesmen.com/sports/womens-soccer/coaches
dominican_ca,Dominican (CA),womens-soccer,D2,Pacific West Conference,d2t2,Penguins,1,Chilly the Penguin,,,https://upload.wikimedia.org/wikipedia/commons/2/2d/Dominican_univ_california_logo.png?utm_source=commons.wikimedia.org&utm_campaign=imageinfo&utm_content=original,,,,52.67,542,0.4074,7.2,5,8,5,5,10,3,7,10,1,9,2,9,,,,,Kelly Coffey,Head Women's Soccer Coach,kelly.coffey@dominican.edu,personal,,,records+db+v6+coach+grads,wikipedia:Dominican University of California,,,,https://dominicanathletics.com/sports/womens-soccer/coaches
dominican_ny,Dominican (NY),womens-soccer,D2,Central Atlantic Collegiate Conference,d2t2,Chargers,1,,,,https://upload.wikimedia.org/wikipedia/commons/5/54/StJohns_logo.svg?utm_source=commons.wikimedia.org&utm_campaign=imageinfo&utm_content=original,dominicansports.com,,,49.63,619,0.3231,3.6,7,8,2,6,7,3,7,8,2,4,11,3,,,,,Christopher Nichol,Head Coach,christopher.nichol@duny.edu,inferred,,,records+db+v6+coach,athletics-domain:chargerathletics.com,"Dominican University New York. Had been matched to ST. JOHN'S University (New York City) — a different institution. Confirmed by chargerathletics.com, title ""Dominican University New York Athletics"".",,,pattern_inference:high
drury,Drury,womens-soccer,D2,Great Lakes Valley Conference,d2t2,Panthers,1,,#B80007,#9E9388,https://upload.wikimedia.org/wikipedia/commons/4/41/Drury_University_logo.svg?utm_source=commons.wikimedia.org&utm_campaign=imageinfo&utm_content=original,,1,GLVC,60.19,403,0.6163,6.3,6,3,8,12,4,3,16,3,4,10,3,8,,,,,Justin Olson,"Head Coach, Women's Soccer",jolson003@drury.edu,personal,,,records+db+v6+coach+grads,wikipedia:Drury University,,agent-research:2025-womens-soccer,"won 2025 GLVC tournament, beating McKendree 0-0 (3-2 PKs) in the final",https://drurypanthers.com/sports/womens-soccer/coaches
east_central,East Central,womens-soccer,D2,Great American Conference,d2t2,Tigers,1,Roary the Tiger,,,https://upload.wikimedia.org/wikipedia/commons/b/b6/East_central_univ_logo.png?utm_source=commons.wikimedia.org&utm_campaign=imageinfo&utm_content=original,ecccathletics.com,,,42.90,841,0.1362,2.6,3,10,5,1,12,5,5,10,3,1,13,4,,,,,Joseph Quiray,Head Soccer Coach,jquiray@ecok.edu,personal,,,records+db+v6+coach+grads,wikipedia:East Central University,,,,https://ecutigers.com/sports/womens-soccer/coaches
east_stroudsburg,East Stroudsburg,womens-soccer,D2,Pennsylvania State Athletic Conference,d2t2,Warriors,1,,#000000,#db0437,https://upload.wikimedia.org/wikipedia/commons/4/44/East_stroudsburg_univ_logo.png?utm_source=commons.wikimedia.org&utm_campaign=imageinfo&utm_content=original,,,,54.00,513,0.4444,2.7,9,7,3,10,5,4,8,3,7,5,9,3,,,,,Tayler Jamison,Head Coach,tjamison1@esu.edu,personal,,,records+db+v6+coach+grads,wikipedia:East Stroudsburg University,,,,https://esuwarriors.com/sports/womens-soccer/coaches
eastern_new_mexico,Eastern New Mexico,womens-soccer,D2,Lone Star Conference,d2t1,Greyhounds,1,,#166904,#A7A9AC,https://upload.wikimedia.org/wikipedia/commons/5/5b/Enmu_wordmark_2024.png?utm_source=commons.wikimedia.org&utm_campaign=imageinfo&utm_content=original,goeasternathletics.com,,,45.38,739,0.2050,2.1,5,10,2,1,12,5,3,13,1,,,,,,,,Nona Borden,Head Women's Soccer Coach,nona.borden@enmu.edu,personal,,,records+db+v6+coach+grads,wikipedia:Eastern New Mexico University,,,,https://goeasternathletics.com/sports/womens-soccer/coaches
eckerd,Eckerd,womens-soccer,D2,Sunshine State Conference,d2t1,Tritons,1,,#008080,#000080,https://upload.wikimedia.org/wikipedia/commons/2/25/Eckerd_college_gulfcoast_logo.png?utm_source=commons.wikimedia.org&utm_campaign=imageinfo&utm_content=original,eckerdtritons.com,,,57.16,457,0.5323,7.1,5,5,4,10,7,2,4,6,6,7,5,5,,,,,Luke Sheekey '10,Head Coach,sheekeyl@eckerd.edu,personal,,,records+db+v6+coach+grads,wikipedia:Eckerd College,,,,https://eckerdtritons.com/sports/womens-soccer/coaches
edward_waters,Edward Waters,womens-soccer,D2,Independent,d2t2,Tigers,1,Tiger,,,https://upload.wikimedia.org/wikipedia/commons/8/8f/Ewu_logo_purple.png?utm_source=commons.wikimedia.org&utm_campaign=imageinfo&utm_content=original,ewutigerpride.com,,,50.57,601,0.3491,2.5,3,11,1,9,6,2,6,7,2,6,11,1,,,,,,,,,,,records+db+v6,wikipedia:Edward Waters University,,,,
embry–riddle_aeronautical,Embry–Riddle Aeronautical,womens-soccer,D2,Sunshine State Conference,d2t1,Eagles,1,Ernie the Eagle,,,https://upload.wikimedia.org/wikipedia/commons/8/86/ERAU.svg?utm_source=commons.wikimedia.org&utm_campaign=imageinfo&utm_content=original,erauathletics.com,,,62.67,360,0.6854,6.7,14,1,5,14,2,3,8,8,3,6,3,9,,,,,Liam McIlhatton,Head Coach,mcilh6f5@erau.edu,personal,,,records+db+v6+coach+grads,wikipedia:Embry–Riddle Aeronautical University,,,,https://erauathletics.com/sports/womens-soccer/coaches
emmanuel_ga,Emmanuel (GA),womens-soccer,D2,Conference Carolinas,d2t2,Lions,1,The Lion,#132e52,#C41E3A,https://upload.wikimedia.org/wikipedia/commons/b/bd/Emmanuel_logo.png?utm_source=commons.wikimedia.org&utm_campaign=imageinfo&utm_content=original,goeulions.com,,,50.20,607,0.3390,1.8,9,8,2,5,10,1,5,10,2,6,7,4,,,,,Ged O'Connor,Head Coach,ged.oconnor@ec.edu,personal,,,records+db+v6+coach+grads,wikipedia:Emmanuel University,,,,https://goeulions.com/sports/womens-soccer/coaches
emory_and_henry,Emory & Henry,womens-soccer,D2,South Atlantic Conference,d2t1,Wasps,1,Wasp,#1b3d75,#d5ad28,https://upload.wikimedia.org/wikipedia/commons/3/30/Emory_and_henry_univ_logo.png?utm_source=commons.wikimedia.org&utm_campaign=imageinfo&utm_content=original,gowasps.com,,,54.00,512,0.4446,5.5,3,11,2,3,9,5,7,8,2,8,6,3,,,,,Filipe Barateiro,Head Women's Soccer Coach,fbarateiro@emoryhenry.edu,personal,,,records+db+v6+coach+grads,wikipedia:Emory & Henry University,,,,https://www.gowasps.com/sports/wsoc/coaches/index_wsoc
emporia_state,Emporia State,womens-soccer,D2,Mid-America Intercollegiate Athletics Association,d2t2,Hornets,1,Corky the Hornet,,,https://upload.wikimedia.org/wikipedia/commons/5/52/Emporia_State_University_wordmark.svg?utm_source=commons.wikimedia.org&utm_campaign=imageinfo&utm_content=original,,,,55.98,477,0.4995,4.5,13,6,5,14,6,4,6,8,3,9,6,5,,,,,Jane Grimley-Gunn,Head Soccer Coach,jgrimley@emporia.edu,personal,,,records+db+v6+coach+grads,wikipedia:Emporia State University,,,,https://esuhornets.com/sports/womens-soccer/coaches
erskine,Erskine,womens-soccer,D2,Conference Carolinas,d2t2,Flying Fleet,0,,,,https://upload.wikimedia.org/wikipedia/commons/3/3d/Erskine_College_wordmark.svg?utm_source=commons.wikimedia.org&utm_campaign=imageinfo&utm_content=original,erskinesports.com,,,40.54,916,0.0705,3.1,0,16,1,0,15,1,2,10,1,3,10,2,,,,,Lucy Hutto,Head Women's Soccer Coach,hutto@erskine.edu,personal,,,records+db+v6+coach+grads,wikipedia:Erskine College,,,,https://erskinesports.com/sports/womens-soccer/coaches
fairmont_state,Fairmont State,womens-soccer,D2,Mountain East Conference,d2t2,Falcons,1,Freddie,#860038,,https://upload.wikimedia.org/wikipedia/commons/0/03/Fairmont_State_University_wordmark.svg?utm_source=commons.wikimedia.org&utm_campaign=imageinfo&utm_content=original,,1,MEC,60.31,401,0.6198,2.7,12,4,5,7,10,2,12,7,1,17,2,3,,,,,Alex Zaroyan,Head Women's Soccer Coach,azaroyan@fairmontstate.edu,personal,,,records+db+v6+coach+grads,wikipedia:Fairmont State University,,agent-research:2025-womens-soccer,"won 2025 MEC tournament, beating Charleston 4-1 in the final",https://fightingfalcons.com/sports/womens-soccer/coaches
felician,Felician,womens-soccer,D2,Central Atlantic Collegiate Conference,d2t2,Golden Falcons,1,,,,https://upload.wikimedia.org/wikipedia/commons/f/f9/Felician_univ_logo.png?utm_source=commons.wikimedia.org&utm_campaign=imageinfo&utm_content=original,,,,43.73,800,0.1590,2.2,2,14,2,1,12,3,2,12,3,4,7,7,,,,,Scott Maloney,Head Coach,MaloneyS@felician.edu,personal,,,records+db+v6+coach+grads,wikipedia:Felician University,,,,https://felicianuathletics.com/sports/womens-soccer/coaches
ferris_state,Ferris State,womens-soccer,D2,Great Lakes Intercollegiate Athletic Conference,d2t2,Bulldogs,1,Brutus the Bulldog,#BA0C2F,#FFD043,https://upload.wikimedia.org/wikipedia/commons/2/29/Ferris_State_University_logo.svg?utm_source=commons.wikimedia.org&utm_campaign=imageinfo&utm_content=original,,,,54.63,498,0.4619,2.8,14,6,5,7,9,4,8,7,4,8,5,6,,,,,Greg Henson,Head Coach,GregoryHenson@ferris.edu,personal,,,records+db+v6+coach+grads,wikipedia:Ferris State University,,,,https://www.ferrisstatebulldogs.com/sports/wsoc/coaches/index-all
ferrum,Ferrum,womens-soccer,D2,Conference Carolinas,d2t2,Panthers,1,Panther,#000000,#998744,https://upload.wikimedia.org/wikipedia/commons/2/23/Ferrum_college_logo.png?utm_source=commons.wikimedia.org&utm_campaign=imageinfo&utm_content=original,ferrumpanthers.com,,,54.62,499,0.4616,3.9,6,9,2,7,9,1,13,5,1,8,9,2,,,,,Erin Saleeby,Head Women's Soccer Coach,esaleeby@ferrum.edu,personal,,,records+db+v6+coach+grads,wikipedia:Ferrum College,,,,https://ferrumpanthers.com/sports/womens-soccer/coaches
findlay,Findlay,womens-soccer,D2,Great Midwest Athletic Conference,d2t2,Oilers,1,Derrick the Oiler,#F47920,#414042,https://upload.wikimedia.org/wikipedia/en/9/96/University_of_Findlay_Academic_Logo.png?utm_source=en.wikipedia.org&utm_campaign=imageinfo&utm_content=original,,,,59.16,422,0.5878,5.1,10,6,3,11,5,4,10,5,3,12,4,4,,,,,Sierra Tom,Head Coach,perrys1@findlay.edu,personal,,,records+db+v6+coach+grads,wikipedia:University of Findlay,,,,https://findlayoilers.com/sports/womens-soccer/coaches
flagler,Flagler,womens-soccer,D2,Peach Belt Conference,d2t1,Saints,1,,#a33038,#ffb608,https://upload.wikimedia.org/wikipedia/commons/d/d4/Flagler_College_wordmark_%28stacked%29.svg?utm_source=commons.wikimedia.org&utm_campaign=imageinfo&utm_content=original,,,,62.54,364,0.6817,3.7,14,3,4,11,5,3,8,4,6,10,7,3,,,,,Ashley Martin,Head Women's Soccer Coach,amartin@flagler.edu,personal,,,records+db+v6+coach+grads,wikipedia:Flagler College,,,,https://flaglerathletics.com/sports/womens-soccer/coaches
florida_southern,Florida Southern,womens-soccer,D2,Sunshine State Conference,d2t1,Moccasins,1,Water Moccasin,#FFFFFF,,https://upload.wikimedia.org/wikipedia/en/e/ea/Florida_Southern_College_logo.png?utm_source=en.wikipedia.org&utm_campaign=imageinfo&utm_content=original,fscmocs.com,,,60.68,394,0.6301,7.1,13,2,4,9,7,3,5,7,5,9,3,6,,,,,Maddi Moon,Head Women's Soccer Coach,mmoon@flsouthern.edu,personal,,,records+db+v6+coach+grads,wikipedia:Florida Southern College,,,,https://fscmocs.com/sports/womens-soccer/coaches
florida_tech,Florida Tech,womens-soccer,D2,Sunshine State Conference,d2t1,Panthers,1,Pete the Panther,,,https://upload.wikimedia.org/wikipedia/commons/0/03/Florida_tech_star_wordmark.png?utm_source=commons.wikimedia.org&utm_campaign=imageinfo&utm_content=original,floridasports.com,,,68.35,235,0.8432,6.3,8,6,3,17,3,3,13,3,3,17,3,6,,,,champion,Katy Freels,Head Coach,kfreels@fit.edu,personal,,,records+db+v6+coach+grads,wikipedia:Florida Institute of Technology,,,,https://floridatechsports.com/sports/womens-soccer/coaches
fort_hays_state,Fort Hays State,womens-soccer,D2,Mid-America Intercollegiate Athletics Association,d2t2,Tigers,1,Victor E. Tiger,,,https://upload.wikimedia.org/wikipedia/en/9/9a/Fort_Hays_State_University_logo.svg?utm_source=en.wikipedia.org&utm_campaign=imageinfo&utm_content=original,fhsuathletics.com,,,52.57,546,0.4047,2.9,11,3,7,13,5,3,7,8,4,3,11,3,,,,,Alex Hagan,Head Women's Soccer Coach,alhagan@fhsu.edu,personal,,,records+db+v6+coach+grads,wikipedia:Fort Hays State University,,,,https://fhsuathletics.com/sports/womens-soccer/coaches
fort_lewis,Fort Lewis,womens-soccer,D2,Rocky Mountain Athletic Conference,d2t2,Skyhawks,1,Skyler the Skyhawk,#000066,#0066CC,https://upload.wikimedia.org/wikipedia/commons/d/df/Fort_lewis_college_simpletext.png?utm_source=commons.wikimedia.org&utm_campaign=imageinfo&utm_content=original,goskyhawks.com,,,57.18,456,0.5328,3.5,,,,9,4,6,9,6,6,11,5,3,,,,,Damian Clarke,Head Women's Soccer Coach,clarke_d@fortlewis.edu,personal,,,records+db+v6+coach+grads,wikipedia:Fort Lewis College,,,,https://goskyhawks.com/sports/womens-soccer/coaches
francis_marion,Francis Marion,womens-soccer,D2,Conference Carolinas,d2t2,Patriots,1,Patriot,#003882,#cf142b,https://upload.wikimedia.org/wikipedia/commons/4/46/Francis_marion_univ_full_logo.png?utm_source=commons.wikimedia.org&utm_campaign=imageinfo&utm_content=original,,,,56.29,474,0.5080,3.1,4,9,3,8,6,4,12,3,4,,,,,,,,Sam Holmes,Head Coach,sam.holmes@fmarion.edu,personal,,,records+db+v6+coach+grads,wikipedia:Francis Marion University,,,,https://fmupatriots.com/sports/womens-soccer/coaches
franklin_pierce,Franklin Pierce,womens-soccer,D2,Northeast-10 Conference,d2t1,Ravens,1,Rocky the Raven,#6F1931,#6D6E71,https://upload.wikimedia.org/wikipedia/commons/3/32/Franklin_pierce_university_logo.png?utm_source=commons.wikimedia.org&utm_campaign=imageinfo&utm_content=original,fpuravens.com,,,68.53,228,0.8481,5.1,16,4,3,7,5,6,20,4,1,17,3,5,,,,final,Matt Johnson,Director of Athletics / Head Women's Soccer Coach,johnsonma@franklinpierce.edu,personal,,,records+db+v6+coach+grads,wikipedia:Franklin Pierce University,,,,https://fpuravens.com/sports/womens-soccer/coaches
fresno_pacific,Fresno Pacific,womens-soccer,D2,California Collegiate Athletic Association,d2t2,Sunbirds,1,Sunbird,,,https://upload.wikimedia.org/wikipedia/en/7/71/Fresno_pacific_log.png?utm_source=en.wikipedia.org&utm_campaign=imageinfo&utm_content=original,,,,47.28,694,0.2577,4.3,8,7,2,2,13,2,4,8,4,4,8,5,,,,,Jaime Ramirez,Head Coach,jaime.ramirez@fresno.edu,personal,,,records+db+v6+coach+grads,wikipedia:Fresno Pacific University,,,,https://www.fpusunbirds.com/sports/womens-soccer/coaches
frostburg_state,Frostburg State,womens-soccer,D2,Mountain East Conference,d2t2,Bobcats,1,Bob Cat,#f00,#000,https://upload.wikimedia.org/wikipedia/commons/e/e2/Frostburg_state_univ_textlogo.svg?utm_source=commons.wikimedia.org&utm_campaign=imageinfo&utm_content=original,frostburgsports.com,,,63.00,352,0.6946,3.6,18,2,2,17,3,2,15,4,2,10,5,4,,,,,Brian Parker,Head Women's Soccer Coach,bparker@frostburg.edu,personal,,,records+db+v6+coach+grads,wikipedia:Frostburg State University,,,,https://frostburgsports.com/sports/womens-soccer/coaches
gannon,Gannon,womens-soccer,D2,Pennsylvania State Athletic Conference,d2t2,Golden Knights,1,Victor E. Knight,#993333,#F9CF62,https://upload.wikimedia.org/wikipedia/commons/4/49/Gannon_university_logo.png?utm_source=commons.wikimedia.org&utm_campaign=imageinfo&utm_content=original,gannonsports.com,,,64.54,326,0.7372,5.3,15,4,4,17,5,3,16,2,4,16,3,2,,,,,Colin Petersen,Head Women's Soccer Coach,petersen001@gannon.edu,personal,,,records+db+v6+coach+grads,wikipedia:Gannon University,,,,https://gannonsports.com/sports/womens-soccer/coaches
georgia_college,Georgia College,womens-soccer,D2,Peach Belt Conference,d2t1,Bobcats,1,Thunder the Bobcat,#003399,#006633,,,,,56.87,463,0.5243,4.7,5,8,3,8,8,2,9,7,3,7,7,4,,,,,Jack Marchant,Head Coach,jack.marchant@gcsu.edu,personal,,,records+db+v6+coach+grads,wikipedia:Georgia College & State University,,,,https://gcsubobcats.com/sports/womens-soccer/coaches
georgia_southwestern,Georgia Southwestern,womens-soccer,D2,Peach Belt Conference,d2t1,Hurricanes,1,"""Surge""",#00205b,#c69214,,gswcanes.com,,,52.69,541,0.4081,2.2,4,8,4,6,9,3,7,8,1,4,8,3,,,,,Jacob Crawford,Head Coach,jacob.crawford@gsw.edu,personal,,,records+db+v6+coach+grads,wikipedia:Georgia Southwestern State University,,,,https://www.gswcanes.com/sports/wsoc/coaches
georgian_court,Georgian Court,womens-soccer,D2,Central Atlantic Collegiate Conference,d2t2,Lions,1,Roary the Lion,,,https://upload.wikimedia.org/wikipedia/commons/d/d2/Georgian_court_univ_logo.png?utm_source=commons.wikimedia.org&utm_campaign=imageinfo&utm_content=original,gculions.com,,,52.53,548,0.4035,4.1,4,7,7,6,7,6,12,6,2,6,10,1,,,,,James Moore,Head Coach,jmoore@georgian.edu,personal,,,records+db+v6+coach+grads,wikipedia:Georgian Court University,,,,https://gculions.com/sports/womens-soccer/coaches
,Glenville State,womens-soccer,D2,,,,,,,,,,,,,,,2.2,,,,,,,,,,,,,,,,,Nathaniel Wilkes,Head Coach,Nat.Wilkes@glenville.edu,personal,,,db+coach+grads,,Added for coaching-contact coverage; soccer_score/academic_rating are placeholders,,,https://gstatepioneers.com/sports/womens-soccer/coaches
goldey_beacom,Goldey-Beacom,womens-soccer,D2,Central Atlantic Collegiate Conference,d2t2,Lightning,0,Strike,#00214C,#E7D565,https://upload.wikimedia.org/wikipedia/commons/7/78/Goldey_beacom_college_logo.png?utm_source=commons.wikimedia.org&utm_campaign=imageinfo&utm_content=original,gbcathletics.com,,,49.57,622,0.3213,3.7,9,8,1,4,7,6,5,11,1,6,9,3,,,,,Heather Faasse,Head Women's Soccer Coach,faasseh@gbc.edu,personal,,,records+db+v6+coach+grads,wikipedia:Goldey–Beacom College,,,,https://www.gbcathletics.com/sports/womens-soccer/coaches
grand_valley_state,Grand Valley State,womens-soccer,D2,Great Lakes Intercollegiate Athletic Conference,d2t2,Lakers,1,Louie the Laker,#0032A0,,,,1,GLIAC,65.06,316,0.7518,4.2,16,2,5,14,4,6,15,1,8,19,2,1,,,,,Katelyn Longino,Head Coach,longinok@gvsu.edu,personal,,,records+db+v6+coach+grads,wikipedia:Grand Valley State University,,agent-research:2025-womens-soccer,won 2025 GLIAC women's soccer tournament,https://gvsulakers.com/sports/womens-soccer/coaches
harding,Harding,womens-soccer,D2,Great American Conference,d2t2,Bisons,1,,#000000,#EEB111,,hardingsports.com,1,GAC,52.40,553,0.4000,5.9,2,10,6,4,8,6,7,8,3,12,7,2,,,,,Audrey Adkison,Head Women's Soccer Coach,aadkison1@harding.edu,personal,,,records+db+v6+coach+grads,wikipedia:Harding University,,agent-research:2025-womens-soccer,"won 2025 GAC tournament, beating Ouachita Baptist 1-0 in the final",https://hardingsports.com/sports/womens-soccer/roster/coaches/audrey-adkison/1364
,Hawai'i Hilo,womens-soccer,D2,,,,,,,,,,,,,,,,,,,,,,,,,,,,,,,,Gene Okamura,Head Coach,geneo@hawaii.edu,personal,,,coach,,,,,https://hiloathletics.com/sports/womens-soccer/coaches
hawaii_hilo,Hawaii Hilo,womens-soccer,D2,Pacific West Conference,d2t2,Vulcans,1,Vulcan,#DA291C,#000000,,hiloathletics.com,,,61.80,373,0.6611,3.7,13,1,3,10,2,3,14,3,3,8,3,6,,,,,,,,,,,records+db+v6+grads,wikipedia:University of Hawaiʻi at Hilo,Cleared on audit: previous match (University of Hawaiʻi at Hilo) failed re-verification,,,
hawaii_pacific,Hawaii Pacific,womens-soccer,D2,Pacific West Conference,d2t2,Sharks,1,Sharky the Shark,#007298,#50748A,https://upload.wikimedia.org/wikipedia/commons/9/9b/Hawaii_pacific_univ_logo.png?utm_source=commons.wikimedia.org&utm_campaign=imageinfo&utm_content=original,,,,45.09,752,0.1968,2.8,5,8,3,1,9,5,3,8,2,2,8,5,,,,,,,,,,,records+db+v6+grads,wikipedia:Hawaii Pacific University,,,,
holy_family,Holy Family,womens-soccer,D2,Central Atlantic Collegiate Conference,d2t2,Tigers,1,Blue the Tiger,#004c97,#00a3e0,,athletics.holyfamily.edu,,,48.69,649,0.2969,3.3,7,5,8,7,8,4,6,10,1,3,11,3,,,,,Jill Reeves,Head Women's Soccer Coach,jkehan@holyfamily.edu,personal,,,records+db+v6+coach+grads,wikipedia:Holy Family University,,,,https://athletics.holyfamily.edu/sports/womens-soccer/roster/coaches/jill-reeves/550
iup,IUP,womens-soccer,D2,Pennsylvania State Athletic Conference,d2t2,Crimson Hawks,1,,,,https://upload.wikimedia.org/wikipedia/commons/2/20/IUP_logo.svg?utm_source=commons.wikimedia.org&utm_campaign=imageinfo&utm_content=original,,,,58.56,432,0.5711,3.8,5,4,8,5,9,4,11,3,4,14,3,2,,,,,Kernell Borneo,Head Coach,kborneo@iup.edu,personal,,,records+db+v6+coach+grads,wikipedia:Indiana University of Pennsylvania,,,,https://iupathletics.com/sports/womens-soccer/coaches
indianapolis,Indianapolis,womens-soccer,D2,Great Lakes Valley Conference,d2t2,Greyhounds,1,,#990033,#666666,https://upload.wikimedia.org/wikipedia/commons/a/ae/Uindy_logo_black_horiz.png?utm_source=commons.wikimedia.org&utm_campaign=imageinfo&utm_content=original,iuindyjags.com,,,47.07,702,0.2518,5.6,5,7,5,4,8,5,8,9,1,1,11,4,,,,,Nick Smith,Head Coach,npsmith@uindy.edu,personal,,,records+db+v6+coach+grads,wikipedia:University of Indianapolis,,,,https://athletics.uindy.edu/sports/womens-soccer/coaches
jamestown,Jamestown,womens-soccer,D2,Northern Sun Intercollegiate Conference,d2t2,Jimmies,1,Jimmie,#f74902,,https://upload.wikimedia.org/wikipedia/commons/b/b9/UofJ_Logo_69-98%2Bk.jpg?utm_source=commons.wikimedia.org&utm_campaign=imageinfo&utm_content=original,jimmiepride.com,,,50.16,608,0.3378,4.8,14,6,2,5,9,3,10,8,0,2,13,2,,,,,Nick Becker,Head Coach,nbecker@uj.edu,personal,,,records+db+v6+coach+grads,wikipedia:University of Jamestown,,,,https://jimmiepride.com/sports/womens-soccer/coaches
jefferson,Jefferson,womens-soccer,D2,Central Atlantic Collegiate Conference,d2t2,Rams,1,Phil the Ram,#152456,#59B7df,https://upload.wikimedia.org/wikipedia/en/0/0d/Thomas_Jefferson_University_logo.svg?utm_source=en.wikipedia.org&utm_campaign=imageinfo&utm_content=original,,,,65.24,312,0.7566,7.1,11,7,1,13,4,3,19,1,3,17,3,1,,,,,Michelle Jacquette,Head Coach,Michelle.Jacquette@jefferson.edu,personal,,,records+db+v6+coach+grads,wikipedia:Thomas Jefferson University,,,,https://jeffersonrams.com/sports/womens-soccer/coaches
jessup,Jessup,womens-soccer,D2,Pacific West Conference,d2t2,Warriors,1,,#0f2c47,#00addb,https://upload.wikimedia.org/wikipedia/commons/e/e6/Jessup_univ_full_logo.png?utm_source=commons.wikimedia.org&utm_campaign=imageinfo&utm_content=original,jessupathletics.com,,,44.61,768,0.1835,4.3,3,9,2,5,10,2,4,12,2,1,9,5,,,,,Amsalu Fantahun,Head Coach,afantahun@jessup.edu,personal,,,records+db+v6+coach+grads,wikipedia:Jessup University,,,,https://jessupathletics.com/sports/womens-soccer/coaches
kentucky_wesleyan,Kentucky Wesleyan,womens-soccer,D2,Great Midwest Athletic Conference,d2t2,Panthers,1,Panthers,,,https://upload.wikimedia.org/wikipedia/en/a/ae/Kentucky_Wesleyan_College_logo.png?utm_source=en.wikipedia.org&utm_campaign=imageinfo&utm_content=original,,,,41.20,887,0.0888,2.5,,,,2,13,1,,,,1,14,3,,,,,Ty Stauffer,Head Women's Soccer Coach,tyler.stauffer@kwc.edu,personal,,,records+db+v6+coach+grads,athletics-domain:kwcpanthers.com,"nickname recovered from the school's own athletics hostname; its Wikipedia article states none. Confirmed by that site's title (""Kentucky Wesleyan College Athletics - Official Athletics Website"").",,,https://kwcpanthers.com/sports/womens-soccer/coaches
king_tn,King (TN),womens-soccer,D2,Conference Carolinas,d2t2,The Tornado,0,Twister the Lion,#1a428a,#cf102d,,kingtornado.com,,,46.56,709,0.2379,3.5,1,12,3,6,10,1,2,10,3,6,9,1,,,,,Christian Castro,Head Coach,cacastro@king.edu,personal,,,records+db+v6+coach+grads,wikipedia:King University,,,,https://www.kingtornado.com/sports/womens-soccer/coaches
kutztown,Kutztown,womens-soccer,D2,Pennsylvania State Athletic Conference,d2t2,Golden Bears,1,,#701931,#B6A268,https://upload.wikimedia.org/wikipedia/en/1/19/Kutztown_University_logo.png?utm_source=en.wikipedia.org&utm_campaign=imageinfo&utm_content=original,,,,60.42,398,0.6228,5.0,11,6,4,15,2,5,12,5,6,13,6,1,,,,,Erik Burstein,Head Women's Soccer Coach,burstein@kutztown.edu,personal,,,records+db+v6+coach+grads,wikipedia:Kutztown University,,,,https://kubears.com/sports/womens-soccer/coaches
lake_erie,Lake Erie,womens-soccer,D2,Great Midwest Athletic Conference,d2t2,Storm,0,Stormy the Cyclone,#004833,,,lakeeriestorm.com,,,47.77,679,0.2713,2.7,1,14,2,3,14,1,3,13,2,10,5,4,,,,,Carl Contrascier,Head Coach,ccontrascier@lec.edu,personal,,,records+db+v6+coach+grads,wikipedia:Lake Erie College,,,,https://lakeeriestorm.com/sports/womens-soccer/coaches
lander,Lander,womens-soccer,D2,Peach Belt Conference,d2t1,Bearcats,1,,,,https://upload.wikimedia.org/wikipedia/commons/2/2f/Lander_univ_textlogoooo.png?utm_source=commons.wikimedia.org&utm_campaign=imageinfo&utm_content=original,,,,64.55,325,0.7375,2.4,7,5,6,10,4,4,9,4,5,14,4,2,,,,,Chris Ayer,Head Women's Soccer Coach,cayer@lander.edu,personal,,,records+db+v6+coach+grads,wikipedia:Lander Bearcats,"corrected: had been matched to a different institution of a similar name; the school's own athletics domain implies ""Bearcats""",,,https://landerbearcats.com/sports/womens-soccer/coaches
lee_tn,Lee (TN),womens-soccer,D2,Gulf South Conference,d2t2,Flames,1,Flames,,,https://upload.wikimedia.org/wikipedia/commons/d/dd/Lee_university_tenn_logo.png?utm_source=commons.wikimedia.org&utm_campaign=imageinfo&utm_content=original,leeuflames.com,,,60.36,399,0.6212,4.9,12,4,5,16,1,4,7,5,6,11,4,3,,,,,Lee Hughes,Head Coach,lhughes@leeuniversity.edu,personal,,,records+db+v6+coach+grads,wikipedia:Lee University,,,,https://leeuflames.com/sports/womens-soccer/coaches
lees_mcrae,Lees-McRae,womens-soccer,D2,Conference Carolinas,d2t2,Bobcats,1,Wily the Bobcat,,,,lmcbobcats.com,,,53.91,516,0.4419,3.1,8,6,4,3,8,6,10,2,4,8,9,2,,,,,Cally Morrill,Head Women's Soccer Coach,morrillc@lmc.edu,personal,,,records+db+v6+coach+grads,wikipedia:Lees–McRae College,,,,https://lmcbobcats.com/sports/womens-soccer/coaches
lenoir_rhyne,Lenoir-Rhyne,womens-soccer,D2,South Atlantic Conference,d2t1,Bears,1,Joe Bear,,,https://upload.wikimedia.org/wikipedia/commons/8/8c/Lenoir-Rhyne_University_logo.png?utm_source=commons.wikimedia.org&utm_campaign=imageinfo&utm_content=original,lrbears.com,,,68.32,236,0.8421,4.9,12,4,3,17,1,5,13,2,5,13,5,3,,,,,Justin Maullin,Head Women's Soccer Coach,justin.maullin@lr.edu,personal,,,records+db+v6+coach+grads,wikipedia:Lenoir–Rhyne University,,,,https://lrbears.com/sports/womens-soccer/coaches
lewis,Lewis,womens-soccer,D2,Great Lakes Valley Conference,d2t2,Flyers,1,,,,https://upload.wikimedia.org/wikipedia/commons/b/bf/Lewis_univ_logo.png?utm_source=commons.wikimedia.org&utm_campaign=imageinfo&utm_content=original,,,,51.50,577,0.3751,4.5,9,6,2,9,6,6,3,13,1,7,6,5,,,,,Chris Koenig,Head Coach,koenigch@lewisu.edu,personal,,,records+db+v6+coach+grads,wikipedia:Lewis University,,,,https://lewisflyers.com/sports/womens-soccer/coaches
lincoln_mo,Lincoln (MO),womens-soccer,D2,Great Lakes Valley Conference,d2t2,,,,,,,lubluetigers.com,,,44.31,776,0.1754,2.7,,,,,,,5,13,0,1,10,4,,,,,Leah Stringer,Head Women's Soccer Coach,StringerL@lincolnu.edu,personal,,,records+db+v6+coach+grads,,No usable Wikipedia infobox found for this name,,,https://lubluetigers.com/sports/womens-soccer/coaches
lincoln_pa,Lincoln (PA),womens-soccer,D2,Central Atlantic Collegiate Conference,d2t2,Lions,1,Luther the Lincoln Lion,#FF7F00,#003366,https://upload.wikimedia.org/wikipedia/commons/e/e8/Lincoln-university-wordmark-trans.png?utm_source=commons.wikimedia.org&utm_campaign=imageinfo&utm_content=original,,,,38.98,965,0.0271,3.0,1,13,0,1,11,2,3,12,0,0,15,1,,,,,Sal Minor,Head Women's Soccer Coach,sminor@lincoln.edu,personal,,,records+db+v6+coach,wikipedia:Lincoln University (Pennsylvania),,,,https://lulions.com/sports/womens-soccer/coaches
lincoln_memorial,Lincoln Memorial,womens-soccer,D2,South Atlantic Conference,d2t1,Railsplitters,1,Abe,#002d72,#bfbab5,https://upload.wikimedia.org/wikipedia/commons/4/4c/Logo_of_LMU_2023.svg?utm_source=commons.wikimedia.org&utm_campaign=imageinfo&utm_content=original,lmurailsplitters.com,,,58.46,434,0.5683,4.1,4,11,0,8,7,3,10,5,3,8,6,4,,,,,Tasha Flynn,Head Coach,tasha.flynn@lmunet.edu,personal,,,records+db+v6+coach+grads,wikipedia:Lincoln Memorial University,,,,https://lmurailsplitters.com/sports/womens-soccer/coaches
lubbock_christian,Lubbock Christian,womens-soccer,D2,Lone Star Conference,d2t1,Lady Chaps,1,Chaparral,#1a468d,,https://upload.wikimedia.org/wikipedia/commons/1/15/Lubbock_Christian_University_logo.svg?utm_source=commons.wikimedia.org&utm_campaign=imageinfo&utm_content=original,lcuchaps.com,,,58.22,439,0.5616,3.5,8,3,8,7,7,3,8,7,3,8,7,3,,,,,Alistair Caldwell,Head Coach,Alistair.caldwell@lcu.edu,personal,,,records+db+v6+coach+grads,wikipedia:Lubbock Christian University,,,,https://lcuchaps.com/sports/womens-soccer/coaches
lynn,Lynn,womens-soccer,D2,Sunshine State Conference,d2t1,Fighting Knights,1,Lance the Fighting Knight,#002366,#FFFFFF,https://upload.wikimedia.org/wikipedia/commons/1/18/Lynn_university_logo.png?utm_source=commons.wikimedia.org&utm_campaign=imageinfo&utm_content=original,,,,50.59,600,0.3498,3.6,6,8,1,7,9,1,4,6,7,2,10,4,,,,,John Markey,Head Women's Soccer Coach,jmarkey@lynn.edu,personal,,,records+db+v6+coach+grads,wikipedia:Lynn University,,,,https://lynnfightingknights.com/sports/womens-soccer/coaches
,MSU Moorhead,womens-soccer,D2,,,,,,,,,,,,,,,,,,,,,,,,,,,,,,,,Scott Forster,Head Coach,scott.forster@mnstate.edu,personal,,,coach,,,,,https://www.msumdragons.com/sports/womens-soccer/coaches
malone,Malone,womens-soccer,D2,Great Midwest Athletic Conference,d2t2,Pioneers,1,,,,,malonepioneers.com,,,49.59,620,0.3219,2.8,1,11,4,,,,9,8,1,5,9,3,,,,,Bailey Shattell,Head Coach,bshattell@malone.edu,personal,,,records+db+v6+coach+grads,wikipedia:Malone University,,,,https://malonepioneers.com/sports/womens-soccer/coaches
mars_hill,Mars Hill,womens-soccer,D2,South Atlantic Conference,d2t1,Lions,1,,#002d72,#90754d,https://upload.wikimedia.org/wikipedia/en/3/36/Mars_Hill_University_Seal.png?utm_source=en.wikipedia.org&utm_campaign=imageinfo&utm_content=original,marshilllions.com,,,44.30,778,0.1749,4.9,4,8,3,4,7,6,1,13,1,1,12,1,,,,,Gene Smith,Head Coach,gene_smith@mhu.edu,personal,,,records+db+v6+coach+grads,wikipedia:Mars Hill University,,,,https://www.marshilllions.com/sports/wsoc/coaches/Smith
mary,Mary,womens-soccer,D2,Northern Sun Intercollegiate Conference,d2t2,Marauders,1,Maximus,,,https://upload.wikimedia.org/wikipedia/commons/6/66/Univ_of_mary_blue_logo.png?utm_source=commons.wikimedia.org&utm_campaign=imageinfo&utm_content=original,marybaldwinathletics.com,,,56.34,472,0.5095,5.3,10,5,4,10,8,3,11,4,4,8,7,4,,,,,Sarah Cook,Head Coach,secook@umary.edu,personal,,,records+db+v6+coach+grads,wikipedia:University of Mary,,,,https://goumary.com/sports/womens-soccer/coaches
maryville_mo,Maryville (MO),womens-soccer,D2,Great Lakes Valley Conference,d2t2,Saints,1,"""Louie"" the Saint Bernard<br>and ""LJ"" Louie Jr.",#C8102E,#000000,https://upload.wikimedia.org/wikipedia/commons/6/6f/Maryville_University.svg?utm_source=commons.wikimedia.org&utm_campaign=imageinfo&utm_content=original,maryvillesaints.com,,,63.34,349,0.7038,3.7,12,3,6,14,3,4,16,1,3,13,3,6,,,,,Lori Lawson,Head Coach,llawson@maryville.edu,personal,,,records+db+v6+coach+grads,wikipedia:Maryville University,,,,https://maryvillesaints.com/sports/womens-soccer/coaches
mckendree,McKendree,womens-soccer,D2,Great Lakes Valley Conference,d2t2,Bearcats,1,Bogey,,,https://upload.wikimedia.org/wikipedia/commons/a/af/Mckendree_University_Logo.png?utm_source=commons.wikimedia.org&utm_campaign=imageinfo&utm_content=original,,,,63.81,340,0.7168,3.2,13,2,5,16,2,3,16,5,1,13,2,6,,,,,Tim Strange,Head Coach,tstrange@mckendree.edu,personal,,,records+db+v6+coach+grads,wikipedia:McKendree University,,,,https://mckbearcats.com/sports/womens-soccer/coaches
menlo,Menlo,womens-soccer,D2,California Collegiate Athletic Association,d2t2,Oaks,1,,#00396f,#aaaaaa,,,,,48.21,669,0.2836,4.6,8,5,3,4,7,2,3,11,2,3,6,7,,,,,Matthew Kemp,Head Coach,matthew.kemp@menlo.edu,personal,,,records+db+v6+coach+grads,wikipedia:Menlo College,,,,https://menloathletics.com/sports/womens-soccer/coaches
mercy,Mercy,womens-soccer,D2,East Coast Conference,d2t2,Mavericks,1,Maverick or Mav,,,https://upload.wikimedia.org/wikipedia/commons/4/49/Mercy_university_ny_logo.png?utm_source=commons.wikimedia.org&utm_campaign=imageinfo&utm_content=original,mercyathletics.com,,,59.91,407,0.6087,2.8,14,3,2,9,5,3,10,8,2,14,4,3,,,,,Jack Nicholson,Head Coach,jnicholson2@mercy.edu,personal,,,records+db+v6+coach+grads,wikipedia:Mercy University,,,,https://mercyathletics.com/sports/womens-soccer/coaches
metro_state_denver,Metro State Denver,womens-soccer,D2,Rocky Mountain Athletic Conference,d2t2,Roadrunners,1,Rowdy the Roadrunner,,,https://upload.wikimedia.org/wikipedia/en/1/16/Metropolitan_State_University_of_Denver_PNG_logo.png?utm_source=en.wikipedia.org&utm_campaign=imageinfo&utm_content=original,roadrunnersathletics.com,,,52.51,549,0.4031,2.5,12,4,4,7,6,6,10,4,7,2,9,7,,,,,,,,,,,records+db+v6+grads,wikipedia:Metropolitan State University of Denver,,,,
michigan_tech,Michigan Tech,womens-soccer,D2,Great Lakes Intercollegiate Athletic Conference,d2t2,Huskies,1,Blizzard T. Husky,#8A8B8C,#FFCD00,https://upload.wikimedia.org/wikipedia/commons/1/14/Michigan_tech_univ_husky_logo.png?utm_source=commons.wikimedia.org&utm_campaign=imageinfo&utm_content=original,,,,47.29,693,0.2580,6.8,7,9,3,8,5,7,6,11,1,2,15,1,,,,,Melissa Kuhar,Head Coach,makuhar@mtu.edu,personal,,,records+db+v6+coach+grads,wikipedia:Michigan Technological University,,,,https://michigantechhuskies.com/sports/womens-soccer/coaches
middle_georgia_state,Middle Georgia State,womens-soccer,D2,Peach Belt Conference,d2t1,Knights,1,Duke,#633393,#B0B6BB,https://upload.wikimedia.org/wikipedia/en/4/42/Middle_Georgia_State_University_logo.png?utm_source=en.wikipedia.org&utm_campaign=imageinfo&utm_content=original,mgaknights.com,,,52.31,557,0.3976,2.4,10,7,2,4,11,3,8,11,0,4,9,5,,,,,Vinny Gill,Head Women's Soccer Coach,vincent.gill@mga.edu,personal,,,records+db+v6+coach+grads,wikipedia:Middle Georgia State University,,,,https://mgaknights.com/sports/womens-soccer/coaches
midwestern_state,Midwestern State,womens-soccer,D2,Lone Star Conference,d2t1,Mustangs,1,Maverick T. Mustang,#660000,#ECAC00,https://upload.wikimedia.org/wikipedia/commons/f/ff/Msu_texas_map_logo.png?utm_source=commons.wikimedia.org&utm_campaign=imageinfo&utm_content=original,,,,62.63,362,0.6841,3.0,9,9,2,10,5,5,11,5,5,11,3,6,,,,,Ryan Spence,Head Women's Soccer Coach,ryan.spence@msutexas.edu,personal,,,records+db+v6+coach+grads,wikipedia:Midwestern State University,,,,https://msumustangs.com/sports/womens-soccer/coaches
millersville,Millersville,womens-soccer,D2,Pennsylvania State Athletic Conference,d2t2,Marauders,1,Millersville Marauder and Skully (Marauders),#000000,#EEB211,https://upload.wikimedia.org/wikipedia/commons/5/55/Millersville_logo.svg?utm_source=commons.wikimedia.org&utm_campaign=imageinfo&utm_content=original,millersvilleathletics.com,,,52.24,562,0.3954,4.0,3,8,6,6,8,3,6,6,5,9,7,3,,,,,Matt Procopio,Head Coach,mprocopio@millersville.edu,personal,,,records+db+v6+coach+grads,wikipedia:Millersville University,,,,https://millersvilleathletics.com/sports/womens-soccer/coaches
minnesota_crookston,Minnesota Crookston,womens-soccer,D2,Northern Sun Intercollegiate Conference,d2t2,Golden Eagles,1,Regal the Eagle,#7A0019,#FFCC33,https://upload.wikimedia.org/wikipedia/commons/f/f9/Minnesota_crookston_univ_wordmark.png?utm_source=commons.wikimedia.org&utm_campaign=imageinfo&utm_content=original,,,,40.54,914,0.0706,3.8,2,15,1,,,,1,15,2,2,13,3,,,,,Danny Burstein,Head Soccer Coach,burstein@umn.edu,personal,,,records+db+v6+coach+grads,wikipedia:University of Minnesota Crookston,,,,https://goldeneaglesports.com/sports/womens-soccer/coaches
minnesota_duluth,Minnesota Duluth,womens-soccer,D2,Northern Sun Intercollegiate Conference,d2t2,Bulldogs,1,Champ the Bulldog,#7A0019,#FFCC33,https://upload.wikimedia.org/wikipedia/commons/a/a2/Minn_duluth_logo_motto.png?utm_source=commons.wikimedia.org&utm_campaign=imageinfo&utm_content=original,,,,48.93,639,0.3035,6.1,8,7,3,6,7,6,2,12,3,6,8,4,,,,,Greg Cane,Head Coach,gcane1@d.umn.edu,personal,,,records+db+v6+coach+grads,wikipedia:University of Minnesota Duluth,,,,https://umdbulldogs.com/sports/womens-soccer/coaches
minnesota_state_mankato,Minnesota State Mankato,womens-soccer,D2,Northern Sun Intercollegiate Conference,d2t2,Mavericks,1,Stomper,#480059,#F7E400,https://upload.wikimedia.org/wikipedia/commons/b/bf/Minnesota_state_univ_mankato_simple.png?utm_source=commons.wikimedia.org&utm_campaign=imageinfo&utm_content=original,,1,NSIC,64.42,327,0.7340,4.1,14,2,6,11,4,5,18,2,7,18,1,4,,,final,,Brian Bahl,Head Coach,brian.bahl@mnsu.edu,personal,,,records+db+v6+coach+grads,"wikipedia:Minnesota State University, Mankato",,agent-research:2025-womens-soccer,"won 2025 NSIC tournament, beating St. Cloud State 2-1 in double OT",https://msumavericks.com/sports/womens-soccer/coaches
minnesota_state_moorhead,Minnesota State Moorhead,womens-soccer,D2,Northern Sun Intercollegiate Conference,d2t2,Dragons,1,,#A6192E,#FFFFFF,https://upload.wikimedia.org/wikipedia/commons/7/74/Minnesota_state_moorhead_univ_logo.svg?utm_source=commons.wikimedia.org&utm_campaign=imageinfo&utm_content=original,,,,41.91,872,0.1087,3.7,2,11,3,3,10,5,1,14,3,3,14,1,,,,,Brian Bahl,Head Coach,brian.bahl@mnsu.edu,personal,,,records+db+v6+coach+grads,wikipedia:Minnesota State University Moorhead,,,,https://msumavericks.com/sports/womens-soccer/coaches
minot_state,Minot State,womens-soccer,D2,Northern Sun Intercollegiate Conference,d2t2,Beavers,1,Buckshot the Beaver,,,https://upload.wikimedia.org/wikipedia/commons/6/6a/Minot_State_University_Logo_-_Red.svg?utm_source=commons.wikimedia.org&utm_campaign=imageinfo&utm_content=original,,,,56.19,476,0.5052,3.3,9,3,9,6,8,4,11,4,5,9,5,5,,,,,,,,,,,records+db+v6+grads,wikipedia:Minot State University,,,,
mississippi_christian,Mississippi Christian,womens-soccer,D2,Gulf South Conference,d2t2,Choctaws,1,,#0C2340,#C99700,https://upload.wikimedia.org/wikipedia/en/7/78/Mississppi_Christian_University_Primary_Logo.svg?utm_source=en.wikipedia.org&utm_campaign=imageinfo&utm_content=original,,,,56.68,464,0.5188,3.9,15,4,2,11,4,2,8,6,3,8,9,3,,,,,,,,,,,records+db+v6,wikipedia:Mississippi Christian University,,,,
,Mississippi College,womens-soccer,D2,,,Choctaws,1,,#0C2340,#C99700,https://upload.wikimedia.org/wikipedia/en/7/78/Mississppi_Christian_University_Primary_Logo.svg?utm_source=en.wikipedia.org&utm_campaign=imageinfo&utm_content=original,gochoctaws.com,,,,,,3.9,,,,,,,,,,,,,,,,,Darryl Longabaugh,Head Coach / Women's Soccer,longabau@mc.edu,personal,,,db+xsport+coach+grads,"wikipedia:Mississippi Christian University | borrowed from the mens-soccer row: primary_color,secondary_color,logo_url",Mississippi College and Mississippi Christian University are ONE school (a rename); both share gochoctaws.com.,,,https://gochoctaws.com/sports/womens-soccer/coaches
missouri_sandt,Missouri S&T,womens-soccer,D2,Great Lakes Valley Conference,d2t2,Miners,1,Joe Miner,#B3B4B2,#D9AB28,https://upload.wikimedia.org/wikipedia/commons/7/70/Missouri_st_logo_horiz.png?utm_source=commons.wikimedia.org&utm_campaign=imageinfo&utm_content=original,minerathletics.com,,,50.78,597,0.3551,7.1,3,8,4,6,8,3,4,11,2,9,6,4,,,,,Matthew Perry,Head Women's Soccer Coach,mperry@mst.edu,personal,,,records+db+v6+coach+grads,wikipedia:Missouri University of Science and Technology,,,,https://minerathletics.com/sports/womens-soccer/coaches
missouri_southern,Missouri Southern,womens-soccer,D2,Mid-America Intercollegiate Athletics Association,d2t2,Lions,1,Roary the Lion,,,https://upload.wikimedia.org/wikipedia/en/5/57/Missouri_Southern_State_University_logo.svg?utm_source=en.wikipedia.org&utm_campaign=imageinfo&utm_content=original,,,,40.43,921,0.0674,2.7,2,14,1,0,15,3,2,12,4,2,13,3,,,,,Elliot Chadderton,Head Women's Soccer Coach,Chadderton-E@mssu.edu,personal,,,records+db+v6+coach+grads,wikipedia:Missouri Southern State University,,,,https://mssulions.com/sports/womens-soccer/coaches
missouri_western,Missouri Western,womens-soccer,D2,Mid-America Intercollegiate Athletics Association,d2t2,Griffons,1,Max the Griffon,,,https://upload.wikimedia.org/wikipedia/en/c/c7/Missouri_Western_State_University_logo.svg?utm_source=en.wikipedia.org&utm_campaign=imageinfo&utm_content=original,,1,MIAA,57.62,450,0.5450,2.4,5,10,4,5,8,6,16,3,3,12,3,7,,,,,Jacob Plocher,Head Coach,jplocher@missouriwestern.edu,personal,,,records+db+v6+coach+grads,wikipedia:Missouri Western State University,,agent-research:2025-womens-soccer,"won 2025 MIAA tournament, beating Central Oklahoma 2-1 in OT in the final",https://gogriffons.com/sports/womens-soccer/coaches
molloy,Molloy,womens-soccer,D2,East Coast Conference,d2t2,Lions,1,Victor E. Lion,#960423,#D6C173,https://upload.wikimedia.org/wikipedia/en/f/f7/Molloy_University_logo.png?utm_source=en.wikipedia.org&utm_campaign=imageinfo&utm_content=original,molloy.edu,,,60.55,396,0.6264,5.7,12,4,3,12,5,5,12,5,2,11,3,4,,,,,Steve Price,Head Women's Soccer Coach,sprice@molloy.edu,personal,,,records+db+v6+coach+grads,wikipedia:Molloy University,,,,https://molloylions.com/sports/womens-soccer/coaches
montana_state_billings,Montana State Billings,womens-soccer,D2,Great Northwest Athletic Conference,d2t2,Yellowjackets,1,Buzz the Yellowjacket,#17336d,#f7c02f,,,,,45.70,732,0.2138,2.6,3,12,4,5,9,3,6,8,4,3,15,0,,,,,Abiye Jack,Head Women's Soccer Coach,abiye.jack@msubillings.edu,personal,,,records+db+v6+coach+grads,wikipedia:Montana State University Billings,,,,https://msubsports.com/sports/womens-soccer/coaches
montevallo,Montevallo,womens-soccer,D2,Gulf South Conference,d2t2,Falcons,1,Freddie the Falcon,#59118e,#ffc61e,https://upload.wikimedia.org/wikipedia/commons/a/a3/University_of_Montevallo_logo.svg?utm_source=commons.wikimedia.org&utm_campaign=imageinfo&utm_content=original,montevallofalcons.com,,,60.00,404,0.6111,5.0,12,3,3,12,5,3,14,6,3,13,7,2,,,,,Trey Gregory,Head Coach,wgregory@montevallo.edu,personal,,,records+db+v6+coach+grads,wikipedia:University of Montevallo,,,,https://montevallofalcons.com/sports/womens-soccer/coaches
mount_olive,Mount Olive,womens-soccer,D2,Conference Carolinas,d2t2,Trojans,1,Trojan (Official),#00693E,,https://upload.wikimedia.org/wikipedia/commons/e/e3/Mountolive_univ_logo.png?utm_source=commons.wikimedia.org&utm_campaign=imageinfo&utm_content=original,umotrojans.com,,,50.81,596,0.3558,3.1,,,,6,5,7,7,5,5,5,11,3,,,,,Glad Bugariu,Head Coach,tbugariu@umo.edu,personal,,,records+db+v6+coach+grads,wikipedia:University of Mount Olive,,,,https://umotrojans.com/sports/womens-soccer/coaches
nebraska_at_kearney,Nebraska at Kearney,womens-soccer,D2,Mid-America Intercollegiate Athletics Association,d2t2,Lopers,1,Louie the Loper,,,https://upload.wikimedia.org/wikipedia/commons/0/0d/University_of_Nebraska_at_Kearney_logo.svg?utm_source=commons.wikimedia.org&utm_campaign=imageinfo&utm_content=original,,,,46.24,715,0.2290,4.5,0,15,3,3,13,2,8,6,5,3,9,5,,,,,Rob Breton,Head Women's Soccer Coach,bretonr@unk.edu,personal,,,records+db+v6+coach+grads,wikipedia:University of Nebraska at Kearney,,,,https://lopers.com/sports/womens-soccer/coaches
new_mexico_highlands,New Mexico Highlands,womens-soccer,D2,Rocky Mountain Athletic Conference,d2t2,Cowboys,1,,,,https://upload.wikimedia.org/wikipedia/commons/f/fb/Newmexico_highlands_univ_logo.png?utm_source=commons.wikimedia.org&utm_campaign=imageinfo&utm_content=original,,,,38.26,988,0.0073,3.7,1,15,0,0,14,2,2,14,2,1,15,0,,,,,Amanda Evans,Head Women's Soccer Coach,amevans@nmhu.edu,personal,,,records+db+v6+coach+grads,wikipedia:New Mexico Highlands University,,,,https://nmhucowboys.com/sports/womens-soccer/coaches
newberry,Newberry,womens-soccer,D2,South Atlantic Conference,d2t1,Wolves,1,,,,https://upload.wikimedia.org/wikipedia/en/0/0e/Logo_of_Newberry_College.png?utm_source=en.wikipedia.org&utm_campaign=imageinfo&utm_content=original,,,,53.07,530,0.4186,2.9,5,11,1,5,11,2,6,6,4,5,6,4,,,,,Deedee Alexander,Head Coach,diana.alexander@newberry.edu,personal,,,records+db+v6+coach+grads,wikipedia:Newberry College,,,,http://web.archive.org/web/20260112203039/https://newberrywolves.com/sports/womens-soccer/coaches
newman,Newman,womens-soccer,D2,Mid-America Intercollegiate Athletics Association,d2t2,Jets,1,Johnny Jet,,,https://upload.wikimedia.org/wikipedia/commons/9/92/Newman_University%2C_Wichita_logo.svg?utm_source=commons.wikimedia.org&utm_campaign=imageinfo&utm_content=original,newmanjets.com,,,38.77,975,0.0213,4.3,1,15,2,2,15,1,0,17,1,2,14,2,,,,,Dylan Gruntzel,Head Women's Soccer Coach,gruntzeld@newmanu.edu,personal,,,records+db+v6+coach+grads,wikipedia:Newman University (Kansas),,,,https://newmanjets.com/sports/womens-soccer/coaches
north_georgia,North Georgia,womens-soccer,D2,Peach Belt Conference,d2t1,Nighthawks,1,,#003893,#FFC82E,https://upload.wikimedia.org/wikipedia/commons/b/b1/University_of_North_Georgia_logo.png?utm_source=commons.wikimedia.org&utm_campaign=imageinfo&utm_content=original,ungathletics.com,,,69.13,217,0.8647,2.7,10,5,3,14,4,4,13,4,3,18,3,1,,,,,Kayley Ralton,Head Women's Soccer Coach,kayley.ralton@ung.edu,personal,,,records+db+v6+coach+grads,wikipedia:University of North Georgia,,,,https://ungathletics.com/sports/womens-soccer/coaches
north_greenville,North Greenville,womens-soccer,D2,Conference Carolinas,d2t2,Trailblazers,1,,#bf2226,,https://upload.wikimedia.org/wikipedia/en/e/e6/North_Greenville_Uni_logo.png?utm_source=en.wikipedia.org&utm_campaign=imageinfo&utm_content=original,nguathletics.com,,,51.55,575,0.3764,4.4,13,4,1,11,5,2,2,10,5,5,10,3,,,,,Stephen Fite,Head Coach,Stephen.Fite@ngu.edu,personal,,,records+db+v6+coach+grads,wikipedia:North Greenville University,,,,https://nguathletics.com/sports/womens-soccer/coaches
northeastern_state,Northeastern State,womens-soccer,D2,Mid-America Intercollegiate Athletics Association,d2t2,RiverHawks,1,Rowdy the RiverHawk,#008265,#343434,https://upload.wikimedia.org/wikipedia/en/2/2d/Northeastern_State_University_logo.svg?utm_source=en.wikipedia.org&utm_campaign=imageinfo&utm_content=original,goriverhawksgo.com,,,55.16,491,0.4768,2.8,7,4,8,6,9,4,,,,12,7,1,,,,,Chase Wooten,Head Coach,wooten01@nsuok.edu,personal,,,records+db+v6+coach+grads,wikipedia:Northeastern State University,,,,https://goriverhawksgo.com/sports/womens-soccer/coaches
northern_michigan,Northern Michigan,womens-soccer,D2,Great Lakes Intercollegiate Athletic Conference,d2t2,Wildcats,1,Wildcat Willy,#095339,#FFC425,,nmuwildcats.com,,,59.01,424,0.5835,3.3,13,4,5,16,2,4,14,4,4,7,8,5,,,,,Erin Egolf,Head Coach,eegolf@nmu.edu,personal,,,records+db+v6+coach+grads,wikipedia:Northern Michigan University,,,,https://nmuwildcats.com/sports/womens-soccer/coaches
northern_state,Northern State,womens-soccer,D2,Northern Sun Intercollegiate Conference,d2t2,Wolves,1,Thunder the Wolf,#990033,#FFCC66,https://upload.wikimedia.org/wikipedia/commons/f/fc/Northern_st_univ_full_logo.png?utm_source=commons.wikimedia.org&utm_campaign=imageinfo&utm_content=original,,,,53.24,525,0.4235,3.7,9,5,5,9,4,5,7,7,4,6,9,4,,,,,Bob Casper,Head Coach,Bob.Casper@northern.edu,personal,,,records+db+v6+coach+grads,wikipedia:Northern State University,,,,https://nsuwolves.com/sports/womens-soccer/coaches
northwest_missouri_state,Northwest Missouri State,womens-soccer,D2,Mid-America Intercollegiate Athletics Association,d2t2,Bearcats,1,Bobby Bearcat,#006747,,https://upload.wikimedia.org/wikipedia/en/b/b9/Northwest_Missouri_State_University_logo.svg?utm_source=en.wikipedia.org&utm_campaign=imageinfo&utm_content=original,,,,56.39,470,0.5110,3.7,13,5,3,8,5,6,7,6,6,10,6,2,,,,,Marc Gordon,Head Coach,mgordon@nwmissouri.edu,personal,,,records+db+v6+coach+grads,wikipedia:Northwest Missouri State University,,,,https://bearcatsports.com/sports/womens-soccer/coaches
northwest_nazarene,Northwest Nazarene,womens-soccer,D2,Great Northwest Athletic Conference,d2t2,Nighthawks,1,Nighthawks,,,https://upload.wikimedia.org/wikipedia/commons/e/e2/Northwest_nazarene_univ_logo.png?utm_source=commons.wikimedia.org&utm_campaign=imageinfo&utm_content=original,nnusports.com,,,51.67,572,0.3798,5.4,12,4,4,6,5,7,,,,5,11,2,,,,,Jenny Jaggard,Head Coach,jjaggard@nnu.edu,personal,,,records+db+v6+coach+grads,wikipedia:Northwest Nazarene University,,,,https://nnusports.com/sports/womens-soccer/coaches
northwestern_oklahoma_state,Northwestern Oklahoma State,womens-soccer,D2,Great American Conference,d2t2,Rangers,1,Rowdy Ranger,,,https://upload.wikimedia.org/wikipedia/commons/f/f5/Nwosu_simple_logo.png?utm_source=commons.wikimedia.org&utm_campaign=imageinfo&utm_content=original,,,,50.61,599,0.3503,2.2,7,5,7,2,8,8,2,9,7,10,6,3,,,,,Carla Briscoe,Head Women's Soccer Coach,cdbriscoe@nwosu.edu,personal,,,records+db+v6+coach+grads,wikipedia:Northwestern Oklahoma State University,,,,https://riderangersride.com/sports/womens-soccer/coaches
northwood,Northwood,womens-soccer,D2,Great Midwest Athletic Conference,d2t2,Timberwolves,1,"""Woody"" Timberwolf",#081e3f,#0076bb,https://upload.wikimedia.org/wikipedia/commons/e/ef/Northwood_univ_logo.png?utm_source=commons.wikimedia.org&utm_campaign=imageinfo&utm_content=original,gonorthwood.com,,,62.80,355,0.6890,3.4,10,5,4,14,2,2,12,2,5,10,1,5,,,,,Mike Korhonen,Head Coach,korhonen@northwood.edu,personal,,,records+db+v6+coach+grads,wikipedia:Northwood University,,,,https://timberwolves.gonorthwood.com/sports/wsoc/coaches
nova_southeastern,Nova Southeastern,womens-soccer,D2,Sunshine State Conference,d2t1,Sharks,1,Razor the Shortfin Mako Shark,,,https://upload.wikimedia.org/wikipedia/commons/f/fd/Nova_Southeastern_University_wordmark.svg?utm_source=commons.wikimedia.org&utm_campaign=imageinfo&utm_content=original,nsusharks.com,1,SSC,66.89,265,0.8025,5.4,9,3,4,12,5,1,8,6,4,16,1,4,,,,,Stephen Burgess,Interim Women's Soccer Head Coach,sburgess@nova.edu,personal,,,records+db+v6+coach+grads,wikipedia:Nova Southeastern University,,agent-research:2025-womens-soccer,"won 2025 SSC tournament, beating Florida Tech 1-1 (6-5 PKs)",https://nsusharks.com/sports/womens-soccer/coaches
ohio_dominican,Ohio Dominican,womens-soccer,D2,Great Midwest Athletic Conference,d2t2,Panthers,1,,#000000,#FFC72C,https://upload.wikimedia.org/wikipedia/en/7/76/Ohio_Dominican_University_logo.jpg?utm_source=en.wikipedia.org&utm_campaign=imageinfo&utm_content=original,ohiodominicanpanthers.com,,,48.57,655,0.2936,3.7,5,8,4,5,8,6,5,7,6,4,9,5,,,,,Tony Daniels,Head Coach,danielst3@ohiodominican.edu,personal,,,records+db+v6+coach+grads,wikipedia:Ohio Dominican University,,,,https://ohiodominicanpanthers.com/sports/womens-soccer/coaches
oklahoma_baptist,Oklahoma Baptist,womens-soccer,D2,Great American Conference,d2t2,Bison,0,,#255f2b,#fcaf17,https://upload.wikimedia.org/wikipedia/commons/c/c6/Obu_simple_logo.png?utm_source=commons.wikimedia.org&utm_campaign=imageinfo&utm_content=original,,,,48.90,641,0.3029,3.2,7,9,4,9,9,2,6,6,7,2,11,5,,,,,Mike White,Head Coach,michael.white@okbu.edu,personal,,,records+db+v6+coach+grads,wikipedia:Oklahoma Baptist University,,,,https://obubison.com/sports/womens-soccer/coaches
oklahoma_christian,Oklahoma Christian,womens-soccer,D2,Lone Star Conference,d2t1,Eagles,1,Eagle,#660000,#cccccc,https://upload.wikimedia.org/wikipedia/commons/0/0c/OC-Logo-MedMark1-Maroon.png?utm_source=commons.wikimedia.org&utm_campaign=imageinfo&utm_content=original,oceagles.com,,,55.86,479,0.4960,3.5,4,8,5,6,5,6,10,5,4,6,10,2,,,,,Evan Dresel,Head Coach,evan.dresel@oc.edu,personal,,,records+db+v6+coach+grads,wikipedia:Oklahoma Christian University,,,,https://oceagles.com/sports/womens-soccer/coaches
ouachita_baptist,Ouachita Baptist,womens-soccer,D2,Great American Conference,d2t2,Tigers,1,Tiger,#552988,#FFC627,https://upload.wikimedia.org/wikipedia/en/1/16/Ouachita_Baptist_University_horizontal_wordmark_2025.png?utm_source=en.wikipedia.org&utm_campaign=imageinfo&utm_content=original,obutigers.com,,,55.11,493,0.4753,6.1,9,5,5,11,3,7,8,8,4,8,7,5,,,,,Kevin Wright,Head Coach,wrightk@obu.edu,personal,,,records+db+v6+coach+grads,wikipedia:Ouachita Baptist University,,,,https://obutigers.com/sports/womens-soccer/coaches
pace,Pace,womens-soccer,D2,Northeast-10 Conference,d2t1,Setters,1,Setter,#00337F,#FFC61E,https://upload.wikimedia.org/wikipedia/commons/7/7d/Pace_University_wordmark.svg?utm_source=commons.wikimedia.org&utm_campaign=imageinfo&utm_content=original,,,,54.61,500,0.4614,6.5,6,8,3,7,7,2,4,8,5,8,9,1,,,,,Brittany Soto,Head Coach,bsoto@pace.edu,personal,,,records+db+v6+coach+grads,wikipedia:Pace University,academic_rating aligned to the divisional fill 2026-08-24: the two sport rows disagreed and neither value was a measurement,,,https://paceuathletics.com/sports/womens-soccer/coaches
palm_beach_atlantic,Palm Beach Atlantic,womens-soccer,D2,Sunshine State Conference,d2t1,Sailfish,0,,#002a5c,,https://upload.wikimedia.org/wikipedia/en/c/cc/Palm_Beach_Atlantic_Univ._logo.png?utm_source=en.wikipedia.org&utm_campaign=imageinfo&utm_content=original,pbasailfish.com,,,49.23,629,0.3120,4.4,2,10,3,1,10,4,7,7,2,3,8,5,,,,,Stephanie Cradduck,Head Coach,stephanie_cradduck@pba.edu,personal,,,records+db+v6+coach+grads,wikipedia:Palm Beach Atlantic University,,,,https://pbasailfish.com/sports/womens-soccer/coaches
pennwest_california,PennWest California,womens-soccer,D2,Pennsylvania State Athletic Conference,d2t2,Vulcans,1,Blaze,,,https://upload.wikimedia.org/wikipedia/commons/8/8b/PennWest_california_wordmark.png?utm_source=commons.wikimedia.org&utm_campaign=imageinfo&utm_content=original,,,,43.81,798,0.1614,3.6,6,8,3,2,13,3,4,12,2,2,12,3,,,,,,,,,,,records+db+v6+grads,wikipedia:PennWest California,,,,
pennwest_clarion,PennWest Clarion,womens-soccer,D2,Pennsylvania State Athletic Conference,d2t2,Golden Eagles,1,,#003366,#97824A,,,,,44.14,783,0.1706,3.6,4,11,3,4,10,4,2,14,1,4,12,3,,,,,Jason Edwards,Head Coach,edwards_j@pennwest.edu,personal,,,records+db+v6+coach+grads,wikipedia:PennWest Clarion,,,,https://clariongoldeneagles.com/sports/womens-soccer/coaches
pennwest_edinboro,PennWest Edinboro,womens-soccer,D2,Pennsylvania State Athletic Conference,d2t2,Fighting Scots,1,"MacCato, the Fighting Scot",#990000,#ffffff,https://upload.wikimedia.org/wikipedia/commons/5/51/PennWest_Lockup_Edinboro_FINAL_SM.svg?utm_source=commons.wikimedia.org&utm_campaign=imageinfo&utm_content=original,,,,49.84,613,0.3289,3.6,2,9,7,5,9,4,5,7,4,8,9,1,,,,,Gary Kagiavas,Head Women's Soccer Coach,gkagiavas@pennwest.edu,personal,,,records+db+v6+coach+grads,wikipedia:PennWest Edinboro,,,,https://gofightingscots.com/sports/womens-soccer/coaches
pitt_johnstown,Pitt-Johnstown,womens-soccer,D2,Pennsylvania State Athletic Conference,d2t2,Mountain Cats,1,,#003594,#FFB81C,https://upload.wikimedia.org/wikipedia/en/3/3e/University-of-Pittsburgh-at-Johnstown-new.svg?utm_source=en.wikipedia.org&utm_campaign=imageinfo&utm_content=original,,,,47.36,690,0.2600,4.5,4,10,4,3,10,5,8,7,2,2,9,5,,,,,Aideen O'Donoghue,Head Coach,aro82@pitt.edu,personal,,,records+db+v6+coach+grads,wikipedia:University of Pittsburgh at Johnstown,,,,https://pittjohnstownathletics.com/sports/womens-soccer/coaches
,Pittsburg State,womens-soccer,D2,,,,,,,,,,,,,,,,,,,,,,,,,,,,,,,,Wes Branstetter,Head Coach,wes.branstetter@pittstate.edu,personal,,,coach,,,,,https://pittstategorillas.com/sports/womens-soccer/coaches
point_loma_nazarene,Point Loma Nazarene,womens-soccer,D2,Pacific West Conference,d2t2,Sea Lions,1,Splash the Sea Lion,,,https://upload.wikimedia.org/wikipedia/en/d/dc/Point_Loma_Nazarene_University_logo.svg?utm_source=en.wikipedia.org&utm_campaign=imageinfo&utm_content=original,plnusealions.com,1,PacWest,63.43,346,0.7065,7.4,13,3,4,17,3,1,17,3,1,10,4,5,,champion,,,Kristi Kiely,Head Coach,kkiely@pointloma.edu,personal,,,records+db+v6+coach+grads,wikipedia:Point Loma Nazarene University,,agent-research:2025-womens-soccer,"won 2025 PacWest tournament, beating Dominican 2-1 in double OT",https://plnusealions.com/sports/womens-soccer/coaches
point_park,Point Park,womens-soccer,D2,Mountain East Conference,d2t2,Pioneers,1,Black Diamond II the Bison,#007c57,#e3d479,https://upload.wikimedia.org/wikipedia/commons/3/30/Point_park_univ_logo.png?utm_source=commons.wikimedia.org&utm_campaign=imageinfo&utm_content=original,pointparksports.com,,,53.15,528,0.4208,4.7,10,6,2,11,5,4,3,10,5,8,7,4,,,,,Colin Baker,Head Women's Soccer Coach,colin.baker@pointpark.edu,personal,,,records+db+v6+coach+grads,wikipedia:Point Park University,,,,https://pointparksports.com/sports/womens-soccer/coaches
post,Post,womens-soccer,D2,Central Atlantic Collegiate Conference,d2t2,Eagles,1,"""Swoop"" the Eagle",#632D50,#FF8300,,,,,43.57,811,0.1547,1.1,9,9,1,4,9,3,2,13,0,1,13,2,,,,,Meagan Ryan,Head Coach,mryan@post.edu,personal,,,records+db+v6+coach+grads,wikipedia:Post University,,,,https://posteagles.com/sports/womens-soccer/coaches
puerto_rico_bayamón,Puerto Rico-Bayamón,womens-soccer,D2,Independent,d2t2,,,,,,,,,,,,,,,,,,,,,,,,,,,,,,,,,,,,records,,,,,
puerto_rico_río_piedras,Puerto Rico-Río Piedras,womens-soccer,D2,Independent,d2t2,,,,,,,,,,,,,,,,,,,,,,,,,,,,,,,,,,,,records,,,,,
purdue_northwest,Purdue Northwest,womens-soccer,D2,Great Lakes Intercollegiate Athletic Conference,d2t2,Pride,0,Lion (named Leo),#E6B10E,#000000,https://upload.wikimedia.org/wikipedia/commons/2/29/Purdue_nw_univ_logo.png?utm_source=commons.wikimedia.org&utm_campaign=imageinfo&utm_content=original,pnwathletics.com,,,45.98,726,0.2216,2.9,0,18,1,2,14,3,7,7,5,6,11,2,,,,,Mary Whisler,Head Women's Soccer Coach,mwhisler@pnw.edu,personal,,,records+db+v6+coach+grads,wikipedia:Purdue University Northwest,,,,https://pnwathletics.com/sports/womens-soccer/coaches
queens_cuny,Queens (CUNY),womens-soccer,D2,East Coast Conference,d2t2,Knights,1,Knight,,,https://upload.wikimedia.org/wikipedia/commons/e/e7/Queens_college_logo.png?utm_source=commons.wikimedia.org&utm_campaign=imageinfo&utm_content=original,queensathletics.com,,,49.23,630,0.3120,4.0,2,10,3,6,7,4,10,7,1,2,9,6,,,,,Shannon Neely Noel,Head Women's Soccer Coach,,,,,records+db+v6+coach+grads,"wikipedia:Queens College, City University of New York",,,,https://queensathletics.com/sports/wsoc/coaches
quincy,Quincy,womens-soccer,D2,Great Lakes Valley Conference,d2t2,Hawks,1,Victor E. Hawk,#3D141A,,https://upload.wikimedia.org/wikipedia/commons/6/6e/Quince_univ_logo_text.png?utm_source=commons.wikimedia.org&utm_campaign=imageinfo&utm_content=original,quhawks.com,,,51.02,590,0.3618,3.1,2,7,7,4,10,3,4,10,3,10,4,4,,,,,Taylor Reis,Head Coach,reista@quincy.edu,personal,,,records+db+v6+coach+grads,wikipedia:Quincy University,,,,https://quhawks.com/sports/womens-soccer/coaches
regis_co,Regis (CO),womens-soccer,D2,Rocky Mountain Athletic Conference,d2t2,Rangers,1,Regi the Ranger,#33556D,#F1C400,https://upload.wikimedia.org/wikipedia/commons/4/46/Regis_univ_denver_logo.svg?utm_source=commons.wikimedia.org&utm_campaign=imageinfo&utm_content=original,,,,56.65,465,0.5182,5.7,12,7,2,14,5,1,6,10,3,10,5,4,,,,,Jeff Frykholm,Head Women's Soccer Coach,jfrykholm@regis.edu,personal,,,records+db+v6+coach+grads,wikipedia:Regis University,,,,https://regisrangers.com/sports/womens-soccer/coaches
roberts_wesleyan,Roberts Wesleyan,womens-soccer,D2,East Coast Conference,d2t2,Redhawks,1,Reggie the Redhawk,,,,robertsredhawks.com,1,ECC,57.97,445,0.5548,5.7,14,4,2,10,3,3,5,10,1,11,3,5,,,,,Bobby McColl,Head Coach,mccoll_bobby@roberts.edu,personal,,,records+db+v6+coach+grads,wikipedia:Roberts Wesleyan University,,agent-research:2025-womens-soccer,"won 2025 ECC tournament, beating Mercy 1-0 in the final",https://robertsredhawks.com/sports/womens-soccer/coaches
rockhurst,Rockhurst,womens-soccer,D2,Great Lakes Valley Conference,d2t2,Hawks,1,Hawk,#0055AF,#FFFFFF,https://upload.wikimedia.org/wikipedia/commons/e/ed/Rockhurst_University_logo.png?utm_source=commons.wikimedia.org&utm_campaign=imageinfo&utm_content=original,rockhursthawks.com,,,57.29,454,0.5358,4.8,11,3,3,8,6,4,12,6,1,8,6,4,,,,,Greg Herdlick,"Head Coach, Women's Soccer",greg.herdlick@rockhurst.edu,personal,,,records+db+v6+coach+grads,wikipedia:Rockhurst University,,,,https://rockhursthawks.com/sports/womens-soccer/coaches
rogers_state,Rogers State,womens-soccer,D2,Mid-America Intercollegiate Athletics Association,d2t2,Hillcats,1,Hunter the Hillcat,,,https://upload.wikimedia.org/wikipedia/en/5/5f/Rogers_State_University_logo.svg?utm_source=en.wikipedia.org&utm_campaign=imageinfo&utm_content=original,rsuhillcats.com,,,46.60,707,0.2389,1.4,5,7,6,7,9,2,3,12,3,2,8,7,,,,,Alex Latorre,Head Coach,alatorre@rsu.edu,personal,,,records+db+v6+coach+grads,wikipedia:Rogers State University,,,,https://rsuhillcats.com/sports/womens-soccer/coaches
rollins,Rollins,womens-soccer,D2,Sunshine State Conference,d2t1,Tars,1,Tommy Tar,#0071BA,#FACF00,,rollinssports.com,,,58.13,440,0.5592,7.6,5,8,3,9,7,3,8,5,3,7,6,4,,,,,Alicia Schuck,Head Coach,aschuck@rollins.edu,personal,,,records+db+v6+coach+grads,wikipedia:Rollins College,,,,https://rollinssports.com/sports/womens-soccer/coaches
roosevelt,Roosevelt,womens-soccer,D2,Great Lakes Intercollegiate Athletic Conference,d2t2,Lakers,1,Fala the Laker,#00843d,,https://upload.wikimedia.org/wikipedia/commons/a/ad/Roosevelt_University_Logo.svg?utm_source=commons.wikimedia.org&utm_campaign=imageinfo&utm_content=original,rooseveltlakers.com,,,45.23,747,0.2008,2.5,5,7,4,6,10,0,0,13,4,5,12,1,,,,,Tom Czop,Head Coach,tczop@roosevelt.edu,personal,,,records+db+v6+coach+grads,wikipedia:Roosevelt University,,,,https://rooseveltlakers.com/sports/womens-soccer/coaches
saginaw_valley_state,Saginaw Valley State,womens-soccer,D2,Great Lakes Intercollegiate Athletic Conference,d2t2,Cardinals,1,,#003663,#990000,https://upload.wikimedia.org/wikipedia/commons/e/e2/Saginaw_Valley_State_University_logo.svg?utm_source=commons.wikimedia.org&utm_campaign=imageinfo&utm_content=original,svsucardinals.com,,,57.68,449,0.5466,2.7,11,6,3,9,5,5,9,6,6,13,6,2,,,,,Tyler Channell,Women's Soccer Head Coach,ttchanne@svsu.edu,personal,,,records+db+v6+coach+grads,wikipedia:Saginaw Valley State University,,,,https://svsucardinals.com/sports/womens-soccer/coaches
saint_anselm,Saint Anselm,womens-soccer,D2,Northeast-10 Conference,d2t1,Hawks,1,,#143E5F,,https://upload.wikimedia.org/wikipedia/commons/6/6b/Saint_Anselm_College_wordmark.svg?utm_source=commons.wikimedia.org&utm_campaign=imageinfo&utm_content=original,saintanselmhawks.com,1,Northeast-10,59.92,406,0.6089,6.9,10,7,2,7,6,5,5,4,10,10,3,5,,,,,Lee Moyce,Head Coach,lmoyce@anselm.edu,personal,,,records+db+v6+coach+grads,wikipedia:Saint Anselm College,,agent-research:2025-womens-soccer,"won 2025 NE10 tournament on PKs (1-1, won 4-3) over Franklin Pierce",https://saintanselmhawks.com/sports/womens-soccer/coaches
saint_leo,Saint Leo,womens-soccer,D2,Sunshine State Conference,d2t1,Lions,1,"""Fritz""",#008000,#FFCC00,https://upload.wikimedia.org/wikipedia/en/e/e9/Saint_Leo_University_logo.svg?utm_source=en.wikipedia.org&utm_campaign=imageinfo&utm_content=original,saintleolions.com,,,54.31,506,0.4530,1.8,8,6,2,4,7,5,9,5,5,3,9,3,,,,,Alex Greco,Head Coach,alexander.greco@saintleo.edu,personal,,,records+db+v6+coach+grads,wikipedia:Saint Leo University,,,,https://saintleolions.com/sports/womens-soccer/coaches
saint_martins,Saint Martin's,womens-soccer,D2,Great Northwest Athletic Conference,d2t2,Saints,1,,,,https://upload.wikimedia.org/wikipedia/en/a/ab/Saint_martin_univ_logo.png?utm_source=en.wikipedia.org&utm_campaign=imageinfo&utm_content=original,smusaints.com,,,44.01,790,0.1669,3.7,5,10,2,3,8,7,3,13,3,2,12,4,,,,,Scott Ford,Head Women's Soccer Coach,sford@stmartin.edu,personal,,,records+db+v6+coach+grads,wikipedia:Saint Martin's University,,,,https://smusaints.com/sports/womens-soccer/coaches
saint_michaels,Saint Michael's,womens-soccer,D2,Northeast-10 Conference,d2t1,Purple Knights,1,,#652d8a,#cfab7a,https://upload.wikimedia.org/wikipedia/commons/3/3c/St_michaels_college_logo.png?utm_source=commons.wikimedia.org&utm_campaign=imageinfo&utm_content=original,,,,65.28,311,0.7577,7.2,5,5,5,7,6,4,11,4,4,16,3,1,,,,,Wendy Elles,Head Coach,welles@smcvt.edu,personal,,,records+db+v6+coach+grads,wikipedia:Saint Michael's College,,,,https://smcathletics.com/sports/womens-soccer/coaches
salem,Salem,womens-soccer,D2,Independent,d2t2,Tigers,1,Tiger,,,https://upload.wikimedia.org/wikipedia/commons/2/29/Salem_University_logo_green.svg?utm_source=commons.wikimedia.org&utm_campaign=imageinfo&utm_content=original,,,,38.82,970,0.0228,1.3,3,11,3,0,14,1,,,,1,17,0,,,,,,,,,,,records+db+v6+grads,athletics-domain:salemtigers.com,"nickname recovered from the school's own athletics hostname; its Wikipedia article states none. Confirmed by that site's title (""Salem University Athletics - Official Athletics Website"").",,,
san_francisco_state,San Francisco State,womens-soccer,D2,California Collegiate Athletic Association,d2t2,Gators,1,Gator,#231161,#CD9700,,sfstategators.com,,,42.06,865,0.1128,3.5,4,9,5,3,13,2,3,13,2,1,14,3,,,,,John DeMartini,Head Coach,jdemartini@sfsu.edu,personal,,,records+db+v6+coach+grads,wikipedia:San Francisco State University,,,,https://sfstategators.com/sports/womens-soccer/coaches
seattle_pacific,Seattle Pacific,womens-soccer,D2,Great Northwest Athletic Conference,d2t2,Falcons,1,Talon the Falcon,,,https://upload.wikimedia.org/wikipedia/commons/0/05/Seattle_pacific_univ_logo.png?utm_source=commons.wikimedia.org&utm_campaign=imageinfo&utm_content=original,,,,57.55,451,0.5431,6.2,11,6,2,13,4,5,9,3,7,8,5,7,,,,,Arby Busey,Women's Soccer Head Coach,buseyr@spu.edu,personal,,,records+db+v6+coach+grads,wikipedia:Seattle Pacific University,,,,https://spufalcons.com/sports/womens-soccer/coaches
seton_hill,Seton Hill,womens-soccer,D2,Pennsylvania State Athletic Conference,d2t2,Griffins,1,Griffin,,,https://upload.wikimedia.org/wikipedia/commons/8/84/Seton_hill_univ_logo.png?utm_source=commons.wikimedia.org&utm_campaign=imageinfo&utm_content=original,setonhill.edu,,,48.68,650,0.2966,5.2,8,4,7,7,11,1,5,6,6,3,12,2,,,,,Riley Butler,Head Coach,rbutler@setonhill.edu,personal,,,records+db+v6+coach+grads,wikipedia:Seton Hill University,,,,https://athletics.setonhill.edu/sports/womens-soccer/coaches
shaw,Shaw,womens-soccer,D2,Independent,d2t2,Bears,1,The Bear,,,https://upload.wikimedia.org/wikipedia/commons/8/87/Shaw_university_logo.png?utm_source=commons.wikimedia.org&utm_campaign=imageinfo&utm_content=original,,,,58.60,429,0.5723,2.3,6,8,3,16,4,1,11,6,1,8,5,3,,,,,,,,,,,records+db+v6,wikipedia:Shaw University,,,,
shawnee_state,Shawnee State,womens-soccer,D2,Mountain East Conference,d2t2,Bears,1,,#013e7d,#c5c6c8,https://upload.wikimedia.org/wikipedia/en/1/13/ShawneeStateU.PNG?utm_source=en.wikipedia.org&utm_campaign=imageinfo&utm_content=original,ssubears.com,,,48.11,670,0.2810,2.4,11,9,1,8,10,1,3,9,4,4,13,1,,,,,,,,,,,records+db+v6+grads,wikipedia:Shawnee State University,,,,
shepherd,Shepherd,womens-soccer,D2,Pennsylvania State Athletic Conference,d2t2,Rams,1,JC the Ram,#FABD00,#011e41,https://upload.wikimedia.org/wikipedia/commons/e/ed/Sheph_university_brand_logo.png?utm_source=commons.wikimedia.org&utm_campaign=imageinfo&utm_content=original,shepherdrams.com,1,PSAC,60.60,395,0.6278,2.7,7,7,4,7,5,6,18,2,4,12,2,6,,,,,Bob Meals,Head Women's Soccer Coach,rmeals@shepherd.edu,personal,,,records+db+v6+coach+grads,wikipedia:Shepherd University,,agent-research:2025-womens-soccer,"won 2025 PSAC tournament, beating Kutztown 4-1 in the final",https://shepherdrams.com/sports/womens-soccer/coaches
shippensburg,Shippensburg,womens-soccer,D2,Pennsylvania State Athletic Conference,d2t2,Raiders,1,Big Red and Shippo the Hippo,,,https://upload.wikimedia.org/wikipedia/commons/8/80/Shippensburg_university_textlogo.png?utm_source=commons.wikimedia.org&utm_campaign=imageinfo&utm_content=original,,,,48.92,640,0.3033,4.4,6,6,6,,,,5,8,5,4,9,3,,,,,Rob Fulton,Head Coach,RWFult@ship.edu,personal,,,records+db+v6+coach+grads,wikipedia:Shippensburg University,,,,https://shipraiders.com/sports/womens-soccer/coaches
shorter,Shorter,womens-soccer,D2,Conference Carolinas,d2t2,Hawks,1,Alfred the Hawk,,,https://upload.wikimedia.org/wikipedia/commons/0/02/Shorter_univ_simplelogo.png?utm_source=commons.wikimedia.org&utm_campaign=imageinfo&utm_content=original,goshorterhawks.com,,,38.00,997,0.0000,2.9,0,17,1,1,16,0,1,14,1,1,12,2,,,,,Alissa Gembach,Head Women's Soccer Coach,agembach@shorter.edu,personal,,,records+db+v6+coach+grads,wikipedia:Shorter University,,,,https://goshorterhawks.com/sports/womens-soccer/coaches
simon_fraser,Simon Fraser,womens-soccer,D2,Great Northwest Athletic Conference,d2t2,Red Leafs,1,Red Leafs,#CC0633,#A6192E,https://upload.wikimedia.org/wikipedia/en/9/97/Simon_Fraser_University_Logo.svg?utm_source=en.wikipedia.org&utm_campaign=imageinfo&utm_content=original,,1,GNAC,59.32,419,0.5921,7.2,5,7,7,8,5,6,14,4,3,14,3,5,,,,,Carlo Basso,"Head Coach, Women's Soccer",carlo_basso@sfu.ca,personal,,,records+db+v6+coach+grads,wikipedia:Simon Fraser University,,agent-research:2025-womens-soccer,"won 2025 GNAC tournament, beating Western Washington 1-0 (5-4 PKs) in the final",https://athletics.sfu.ca/sports/womens-soccer/coaches
sioux_falls,Sioux Falls,womens-soccer,D2,Northern Sun Intercollegiate Conference,d2t2,Cougars,1,,#4c3391,,https://upload.wikimedia.org/wikipedia/commons/6/6c/Usf_sioux_falls_full_logo.png?utm_source=commons.wikimedia.org&utm_campaign=imageinfo&utm_content=original,,,,44.05,785,0.1682,4.9,0,12,6,3,11,3,2,15,1,6,10,2,,,,,Andy Janssen,Head Coach,Andy.Janssen@USiouxFalls.edu,personal,,,records+db+v6+coach+grads,wikipedia:University of Sioux Falls,,,,https://usfcougars.com/sports/womens-soccer/coaches
slippery_rock,Slippery Rock,womens-soccer,D2,Pennsylvania State Athletic Conference,d2t2,,,Rocky – The Pride of the Rock,,,https://upload.wikimedia.org/wikipedia/commons/3/3b/Slippery_rock_univ_logo.png?utm_source=commons.wikimedia.org&utm_campaign=imageinfo&utm_content=original,rockathletics.com,,,59.25,420,0.5903,4.3,7,4,8,12,4,3,9,6,4,12,4,1,,,,,Noreen Herlihy,Head Coach,noreen.herlihy@sru.edu,personal,,,records+db+v6+coach+grads,wikipedia:Slippery Rock University,,,,https://rockathletics.com/sports/womens-soccer/coaches
south_carolina_aiken,South Carolina Aiken,womens-soccer,D2,Peach Belt Conference,d2t1,Pacers,1,Ace the Pacer,#002341,#FF0039,,pacersports.com,,,52.25,560,0.3960,3.5,7,4,4,1,8,3,3,12,2,8,7,3,,,,,,,,,,,records+db+v6+grads,wikipedia:University of South Carolina Aiken,,,,
south_carolina_beaufort,South Carolina Beaufort,womens-soccer,D2,Peach Belt Conference,d2t1,Sand Sharks,1,Finnegan,,,https://upload.wikimedia.org/wikipedia/en/3/3c/USC_Beaufort_logo.png?utm_source=en.wikipedia.org&utm_campaign=imageinfo&utm_content=original,,,,61.61,376,0.6559,2.2,11,7,1,13,4,2,7,6,4,9,6,4,,,,,,,,,,,records+db+v6+grads,wikipedia:University of South Carolina Beaufort,,,,
southern_connecticut_state,Southern Connecticut State,womens-soccer,D2,Northeast-10 Conference,d2t1,Owls,1,Otus the Owl,#003399,#FFFFFF,https://upload.wikimedia.org/wikipedia/commons/5/5f/Scsu_univ_textlogo.png?utm_source=commons.wikimedia.org&utm_campaign=imageinfo&utm_content=original,scsuowls.com,,,52.55,547,0.4042,2.8,7,7,3,5,7,5,6,6,6,3,9,3,,,,,Adam Cohen,Head Women's Soccer Coach,cohena3@southernct.edu,personal,,,records+db+v6+coach+grads,wikipedia:Southern Connecticut State University,,,,https://scsuowls.com/sports/womens-soccer/coaches
southern_nazarene,Southern Nazarene,womens-soccer,D2,Great American Conference,d2t2,Crimson Storm,0,,#a20b35,#FFFFFF,https://upload.wikimedia.org/wikipedia/commons/f/f5/Southern_nazarene_univ_logo.png?utm_source=commons.wikimedia.org&utm_campaign=imageinfo&utm_content=original,,,,52.20,563,0.3945,3.6,5,11,2,10,4,5,6,5,7,6,9,3,,,,,Jovan Petrovic,Head Coach,jpetrovic@mail.snu.edu,personal,,,records+db+v6+coach+grads,wikipedia:Southern Nazarene University,,,,https://snuathletics.com/sports/womens-soccer/coaches
southern_new_hampshire,Southern New Hampshire,womens-soccer,D2,Northeast-10 Conference,d2t1,Penmen,1,Petey Penmen,#001E60,#F2A900,https://upload.wikimedia.org/wikipedia/en/9/97/Logo_of_SNHU.svg?utm_source=en.wikipedia.org&utm_campaign=imageinfo&utm_content=original,snhupenmen.com,,,58.92,425,0.5811,2.7,6,6,5,10,5,5,10,2,6,5,8,3,,,,,Elie Monteiro,Head Women's Soccer Coach,e.monteiro@snhu.edu,personal,,,records+db+v6+coach+grads,wikipedia:Southern New Hampshire University,,,,https://snhupenmen.com/sports/womens-soccer/coaches
southern_wesleyan,Southern Wesleyan,womens-soccer,D2,Conference Carolinas,d2t2,Warriors,1,Ty the Warrior,,,https://upload.wikimedia.org/wikipedia/commons/9/98/South_wesleyan_univ_logo.png?utm_source=commons.wikimedia.org&utm_campaign=imageinfo&utm_content=original,swuathletics.com,,,47.94,674,0.2760,4.3,3,12,1,2,12,2,6,7,4,6,8,3,,,,,Al Meneses,Women's Soccer Head Coach,ameneses@swu.edu,personal,,,records+db+v6+coach+grads,wikipedia:Southern Wesleyan University,,,,https://swuathletics.com/sports/womens-soccer/coaches
southwest_baptist,Southwest Baptist,womens-soccer,D2,Great Lakes Valley Conference,d2t2,Bearcats,1,,,,https://upload.wikimedia.org/wikipedia/commons/f/f5/South_baptist_univ_logo.png?utm_source=commons.wikimedia.org&utm_campaign=imageinfo&utm_content=original,sbubearcats.com,,,43.23,825,0.1452,3.8,1,10,5,4,11,3,2,12,3,3,12,3,,,,,Debbie Pekel,Head Women's Soccer Coach,deborah.pekel@sbuniv.edu,personal,,,records+db+v6+coach+grads,wikipedia:Southwest Baptist University,,,,https://www.sbubearcats.com/sports/womens-soccer/coaches
southwest_minnesota_state,Southwest Minnesota State,womens-soccer,D2,Northern Sun Intercollegiate Conference,d2t2,Mustangs,1,,#3A1807,#BCAA71,https://upload.wikimedia.org/wikipedia/commons/9/9d/Southwest_msu_logo.svg?utm_source=commons.wikimedia.org&utm_campaign=imageinfo&utm_content=original,,,,45.11,748,0.1975,2.3,3,8,7,6,10,1,2,14,2,,,,,,,,Clay Glasgow,Head Women's Soccer Coach,clayson.glasgow@smsu.edu,personal,,,records+db+v6+coach+grads,wikipedia:Southwest Minnesota State University,,,,https://smsumustangs.com/sports/womens-soccer/coaches
southwestern_oklahoma_state,Southwestern Oklahoma State,womens-soccer,D2,Great American Conference,d2t2,Bulldogs,1,,#1B365D,#ffffff,https://upload.wikimedia.org/wikipedia/commons/a/a7/Swosu_oklahoma_logo.png?utm_source=commons.wikimedia.org&utm_campaign=imageinfo&utm_content=original,,,,53.41,524,0.4280,2.7,9,5,7,5,11,3,5,8,5,11,5,3,,,,,Mark Persson,Head Soccer Coach,mark.persson@swosu.edu,personal,,,records+db+v6+coach+grads,wikipedia:Southwestern Oklahoma State University,,,,https://swosuathletics.com/sports/womens-soccer/coaches
spring_hill,Spring Hill,womens-soccer,D2,Gulf South Conference,d2t2,Badgers,1,Beaumont,,,,shcbadgers.com,,,50.14,610,0.3372,3.9,1,14,1,5,11,2,7,8,3,7,4,7,,,,,Samantha Thomsit,"Head Coach, Women's Soccer",sthomsit@shc.edu,personal,,,records+db+v6+coach+grads,wikipedia:Spring Hill College,,,,https://shcbadgers.com/sports/womens-soccer/coaches
st_cloud_state,St. Cloud State,womens-soccer,D2,Northern Sun Intercollegiate Conference,d2t2,Huskies,1,Blizzard T. Husky,#CD1041,#000000,https://upload.wikimedia.org/wikipedia/commons/4/46/St._Cloud_State_University_logo.svg?utm_source=commons.wikimedia.org&utm_campaign=imageinfo&utm_content=original,scsuhuskies.com,,,60.77,392,0.6325,3.0,7,7,4,14,5,2,11,4,5,16,3,5,,,,,Maggie Sherman,Women's Soccer Head Coach,maggie.sherman@stcloudstate.edu,personal,,,records+db+v6+coach+grads,wikipedia:St. Cloud State University,,,,https://scsuhuskies.com/sports/womens-soccer/coaches
st_edwards,St. Edward's,womens-soccer,D2,Lone Star Conference,d2t1,Hilltoppers,1,Mountain goat,,,https://upload.wikimedia.org/wikipedia/en/5/5f/St_Edwards_University_Written_Logo.png?utm_source=en.wikipedia.org&utm_campaign=imageinfo&utm_content=original,,,,56.39,471,0.5109,5.0,9,6,4,6,7,3,9,7,3,7,10,3,,,,,Nuno Gourgel,Head Women's Soccer Coach,ngourgel@stedwards.edu,personal,,,records+db+v6+coach+grads,wikipedia:St. Edward's University,,,,https://gohilltoppers.com/sports/womens-soccer/coaches
st_marys_tx,St. Mary's (TX),womens-soccer,D2,Lone Star Conference,d2t1,Rattlers,1,Rattler Man,#F2BF49,#003366,,gosmst.com,,,61.08,389,0.6412,4.7,12,5,4,11,6,5,9,7,3,9,6,3,,,,,Kevin Driggs,Head Women's Soccer Coach,kdriggs@stmarytx.edu,personal,,,records+db+v6+coach+grads,"wikipedia:St. Mary's University, Texas",,,,https://rattlerathletics.com/sports/womens-soccer/coaches
st_thomas_aquinas,St. Thomas Aquinas,womens-soccer,D2,East Coast Conference,d2t2,,,Spartans,,,https://upload.wikimedia.org/wikipedia/commons/3/3b/St_thomas_aquinas_college_logotext.png?utm_source=commons.wikimedia.org&utm_campaign=imageinfo&utm_content=original,stacathletics.com,,,42.88,843,0.1357,3.0,5,10,3,2,12,1,3,10,3,1,11,3,,,,,Fredy Guiran,Women's Soccer Head Coach,fguiran@stac.edu,personal,,,records+db+v6+coach+grads,wikipedia:St. Thomas Aquinas College,,,,https://stacathletics.com/sports/wsoc/coaches
staten_island,Staten Island,womens-soccer,D2,East Coast Conference,d2t2,Dolphins,1,Danny the Dolphin,#79BDE8,#6A737B,https://upload.wikimedia.org/wikipedia/commons/e/e1/Staten_island_college_logo.svg?utm_source=commons.wikimedia.org&utm_campaign=imageinfo&utm_content=original,csidolphins.com,,,43.23,824,0.1454,2.4,2,9,3,4,7,4,0,12,3,3,11,2,,,,,Joseph Odumewu,Interim Head Coach,Joseph.Odumewu@csi.cuny.edu,personal,,,records+db+v6+coach+grads,wikipedia:College of Staten Island,,,,https://csidolphins.com/sports/womens-soccer/coaches
sul_ross_state,Sul Ross State,womens-soccer,D2,Lone Star Conference,d2t1,Lobos,1,Sully,#BC0107,#5C5C5C,https://upload.wikimedia.org/wikipedia/commons/6/6a/Sul_Ross_State_University_wordmark.png?utm_source=commons.wikimedia.org&utm_campaign=imageinfo&utm_content=original,srlobos.com,,,43.25,823,0.1457,2.4,5,8,2,3,12,1,2,14,0,2,16,0,,,,,John Dominguez,Head Women's Soccer Coach,john.dominguez@sulross.edu,personal,,,records+db+v6+coach+grads,wikipedia:Sul Ross State University,,,,https://srlobos.com/sports/womens-soccer/coaches
tampa,Tampa,womens-soccer,D2,Sunshine State Conference,d2t1,Spartans,1,Spartacus,,,https://upload.wikimedia.org/wikipedia/en/e/ef/UT_logo_notag_small_web.png?utm_source=en.wikipedia.org&utm_campaign=imageinfo&utm_content=original,tampaprepathletics.org,,,55.24,489,0.4789,5.6,6,6,5,5,5,6,5,3,7,5,7,4,,,,,Erin Switalski,Head Coach,eswitalski@ut.edu,personal,,,records+db+v6+coach+grads,wikipedia:University of Tampa,,,,https://tampaspartans.com/sports/wsoc/2025-26/coach/switalski_erin_xiyf
texas_aandm_international,Texas A&M International,womens-soccer,D2,Lone Star Conference,d2t1,Dustdevils,1,Dusty the Dustdevil,#61162d,#cccccc,https://upload.wikimedia.org/wikipedia/commons/6/6c/Texas_A%26M_International_University_logo.svg?utm_source=commons.wikimedia.org&utm_campaign=imageinfo&utm_content=original,godustdevils.com,,,52.77,538,0.4102,2.1,5,6,6,8,5,5,4,8,6,4,9,4,,,,,,,,,,,records+db+v6+grads,wikipedia:Texas A&M International University,,,,
texas_womans,Texas Woman's,womens-soccer,D2,Lone Star Conference,d2t1,Pioneers,1,"Oakley, the Barn Owl",,,https://upload.wikimedia.org/wikipedia/commons/c/c5/Texas_woman_univ_logo.png?utm_source=commons.wikimedia.org&utm_campaign=imageinfo&utm_content=original,,,,63.98,334,0.7216,3.7,1,10,6,11,4,4,11,4,4,16,4,3,,,,,Babak Abouzar,Head Coach,babouzar@twu.edu,personal,,,records+db+v6+coach+grads,wikipedia:Texas Woman's University,,,,https://twuathletics.com/sports/womens-soccer/coaches
thomas_more,Thomas More,womens-soccer,D2,Great Midwest Athletic Conference,d2t2,Saints,1,Tommy Mo,#00549f,#848689,https://upload.wikimedia.org/wikipedia/commons/6/65/Thomas_more_univ_logo.png?utm_source=commons.wikimedia.org&utm_campaign=imageinfo&utm_content=original,thomasmoresaints.com,,,52.35,555,0.3986,3.8,12,6,2,8,9,2,6,8,3,7,10,2,,,,,Marquis Walker,Head Coach,walkerm@thomasmore.edu,personal,,,records+db+v6+coach+grads,wikipedia:Thomas More University,,,,https://thomasmoresaints.com/sports/womens-soccer/coaches
tiffin,Tiffin,womens-soccer,D2,Great Midwest Athletic Conference,d2t2,Dragons,1,Blaze the Dragon,#006235,#fff200,https://upload.wikimedia.org/wikipedia/commons/3/38/Tiffin_University_logo.svg?utm_source=commons.wikimedia.org&utm_campaign=imageinfo&utm_content=original,gotiffindragons.com,,,43.98,792,0.1660,2.2,8,8,2,3,9,5,1,15,2,3,12,3,,,,,Rudy Brownell,Director of Soccer Operations,rbrownel@tiffin.edu,personal,,,records+db+v6+coach+grads,wikipedia:Tiffin University,,,,https://gotiffindragons.com/sports/womens-soccer/coaches
trevecca_nazarene,Trevecca Nazarene,womens-soccer,D2,Gulf South Conference,d2t2,Trojans,1,Troy Trevecca,,,https://upload.wikimedia.org/wikipedia/commons/6/6f/Trevecca_nazarene_univ_logo.png?utm_source=commons.wikimedia.org&utm_campaign=imageinfo&utm_content=original,tnutrojans.com,,,50.22,606,0.3395,3.8,9,6,4,6,7,5,4,8,3,4,7,5,,,,,Matheus Mello,Head Coach,mtellesdearaujomello@trevecca.edu,personal,,,records+db+v6+coach+grads,wikipedia:Trevecca Nazarene University,,,,https://tnutrojans.com/sports/womens-soccer/coaches
truman_state,Truman State,womens-soccer,D2,Great Lakes Valley Conference,d2t2,Bulldogs,1,Spike,#510B76,#FFFFFF,https://upload.wikimedia.org/wikipedia/commons/6/61/Truman_state_univ_logo_horiz.png?utm_source=commons.wikimedia.org&utm_campaign=imageinfo&utm_content=original,trumanbulldogs.com,,,49.09,635,0.3079,7.4,3,6,7,4,8,5,5,9,4,5,6,5,,,,,Mike Cannon,Head Women's Soccer Coach,mcannon@truman.edu,personal,,,records+db+v6+coach+grads,wikipedia:Truman State University,,,,https://trumanbulldogs.com/sports/womens-soccer/coaches
tusculum,Tusculum,womens-soccer,D2,South Atlantic Conference,d2t1,Pioneers,1,Pioneers,#FF671b,,https://upload.wikimedia.org/wikipedia/commons/e/e1/TusculumUniv_Logo.png?utm_source=commons.wikimedia.org&utm_campaign=imageinfo&utm_content=original,tusculumpioneers.com,,,52.77,537,0.4103,1.8,9,4,5,2,10,4,,,,,,,,,,,Vanessa Fyffe,Head Women's Soccer Coach,vfyffe@tusculum.edu,personal,,,records+db+v6+coach+grads,athletics-domain:tusculumpioneers.com,"nickname recovered from the school's own athletics hostname; its Wikipedia article states none. Confirmed by that site's title (""Tusculum Pioneers"").",,,https://tusculumpioneers.com/sports/wsoc/coaches
tuskegee,Tuskegee,womens-soccer,D2,Independent,d2t2,Golden Tigers,1,,#7B0707,#F2BD2C,https://upload.wikimedia.org/wikipedia/commons/c/c5/Tuskegee_univ_wordmark.png?utm_source=commons.wikimedia.org&utm_campaign=imageinfo&utm_content=original,,,,,,,5.1,,,,,,,,,,,,,,,,,,,,,,,records+db,wikipedia:Tuskegee University,,,,
,UAH,womens-soccer,D2,,,,,,,,,,,,,,,,,,,,,,,,,,,,,,,,James Ballamy,Head Coach,jb0111@uah.edu,personal,,,coach,,,,,https://uahchargers.com/sports/womens-soccer/coaches
uc_merced,UC Merced,womens-soccer,D2,California Collegiate Athletic Association,d2t2,Golden Bobcats,1,Rufus the Bobcat,#002856,#daa900,https://upload.wikimedia.org/wikipedia/commons/e/ee/Uc_merced_logo.png?utm_source=commons.wikimedia.org&utm_campaign=imageinfo&utm_content=original,ucmercedbobcats.com,,,58.43,435,0.5675,5.9,10,6,3,16,3,0,12,4,2,6,8,4,,,,,Roman DuChateau,Head Coach,rduchateau@ucmerced.edu,personal,,,records+db+v6+coach+grads,"wikipedia:University of California, Merced",,,,https://ucmercedbobcats.com/sports/womens-soccer/coaches
uccs,UCCS,womens-soccer,D2,Rocky Mountain Athletic Conference,d2t2,Mountain Lions,1,Clyde,#000000,#CFB87C,https://upload.wikimedia.org/wikipedia/en/7/73/UC_Colorado_Springs_logo.svg?utm_source=en.wikipedia.org&utm_campaign=imageinfo&utm_content=original,gomountainlions.com,,,60.32,400,0.6199,4.1,14,4,4,15,5,3,10,8,2,14,3,6,,,,,J. B. Belzer,Head Women's Soccer Coach,jbelzer@uccs.edu,personal,,,records+db+v6+coach+grads,wikipedia:University of Colorado Colorado Springs,,,,https://gomountainlions.com/sports/womens-soccer/coaches
uis,UIS,womens-soccer,D2,Great Lakes Valley Conference,d2t2,Prairie Stars,1,Orion,#003366,#FFFFFF,https://upload.wikimedia.org/wikipedia/commons/1/1d/UIS_Wordmark.png?utm_source=commons.wikimedia.org&utm_campaign=imageinfo&utm_content=original,,,,52.51,550,0.4030,3.7,10,7,3,7,5,6,8,7,3,5,9,3,,,,,,,,,,,records+db+v6+grads,wikipedia:University of Illinois Springfield,,,,
umsl,UMSL,womens-soccer,D2,Great Lakes Valley Conference,d2t2,Tritons,1,Louie,#981E32,#EAAB00,https://upload.wikimedia.org/wikipedia/commons/8/86/Umsl_missouri_st_louis_univ_horiz_logo.png?utm_source=commons.wikimedia.org&utm_campaign=imageinfo&utm_content=original,umsltritons.com,,,59.67,412,0.6020,5.1,6,7,5,8,6,3,14,4,3,15,5,2,,,,,,,,,,,records+db+v6+grads,wikipedia:University of Missouri–St. Louis,,,,
unc_pembroke,UNC Pembroke,womens-soccer,D2,Conference Carolinas,d2t2,Braves,1,BraveHawk the Red-Tailed Hawk,#000000,#8D734A,https://upload.wikimedia.org/wikipedia/commons/7/77/University_of_North_Carolina_at_Pembroke_logo.svg?utm_source=commons.wikimedia.org&utm_campaign=imageinfo&utm_content=original,,,,59.73,411,0.6036,2.6,16,3,2,12,4,3,9,4,4,10,7,1,,,,,Lars Andersson,Head Coach,lars.andersson@uncp.edu,personal,,,records+db+v6+coach+grads,wikipedia:University of North Carolina at Pembroke,,,,https://uncpbraves.com/sports/womens-soccer/coaches
ut_dallas,UT Dallas,womens-soccer,D2,Lone Star Conference,d2t1,Comets,1,Temoc,,,https://upload.wikimedia.org/wikipedia/commons/9/98/Ut_dallas_univ_wordmark.svg?utm_source=commons.wikimedia.org&utm_campaign=imageinfo&utm_content=original,uttylerpatriots.com,,,63.33,350,0.7035,7.0,7,7,2,9,2,7,8,7,1,12,3,3,,,,,Stephen Shirley,Head Coach,stephen.shirley@utdallas.edu,personal,,,records+db+v6+coach+grads,wikipedia:University of Texas at Dallas,,,,https://utdcomets.com/sports/womens-soccer/coaches
ut_permian_basin,UT Permian Basin,womens-soccer,D2,Lone Star Conference,d2t1,Falcons,1,,#F37D35,,https://upload.wikimedia.org/wikipedia/commons/1/10/UT_Permian_Basin_logo_2021.svg?utm_source=commons.wikimedia.org&utm_campaign=imageinfo&utm_content=original,,,,49.19,632,0.3110,2.9,5,8,3,4,7,6,4,10,3,3,10,3,,,,,Garrett Kull,Head Women's Soccer Coach,kull_g@utpb.edu,personal,,,records+db+v6+coach+grads,wikipedia:University of Texas Permian Basin,,,,https://utpbfalcons.com/sports/womens-soccer/coaches
ut_tyler,UT Tyler,womens-soccer,D2,Lone Star Conference,d2t1,Patriots,1,Eagle,#E65300,#FFFFFF,https://upload.wikimedia.org/wikipedia/en/e/ed/UTTyler_Primary_Academic_Mark.png?utm_source=en.wikipedia.org&utm_campaign=imageinfo&utm_content=original,,,,61.41,384,0.6503,4.8,7,5,5,3,5,9,10,4,3,11,3,5,,,,,Stefani Webb,Women's Soccer Head Coach,swebb@uttyler.edu,personal,,,records+db+v6+coach+grads,wikipedia:University of Texas at Tyler,,,,https://uttylerpatriots.com/sports/womens-soccer/coaches
union_tn,Union (TN),womens-soccer,D2,Gulf South Conference,d2t2,Bulldogs,1,,,,https://upload.wikimedia.org/wikipedia/en/d/d8/Union_University_crest.svg?utm_source=en.wikipedia.org&utm_campaign=imageinfo&utm_content=original,,,,51.81,568,0.3837,7.1,4,11,1,8,9,1,10,6,2,4,7,4,,,,,Josh Alford,Head Coach,jalford@uu.edu,personal,,,records+db+v6+coach+grads,wikipedia:Union University,,,,https://uuathletics.com/sports/womens-soccer/coaches
upper_iowa,Upper Iowa,womens-soccer,D2,Great Lakes Valley Conference,d2t2,Peacocks,1,,#007FFF,,https://upload.wikimedia.org/wikipedia/commons/b/b4/Upper_iowa_univ_logo.png?utm_source=commons.wikimedia.org&utm_campaign=imageinfo&utm_content=original,upperiowaathletics.com,,,44.36,775,0.1767,2.7,2,12,4,2,13,2,4,8,4,4,12,2,,,,,Patrick Ritter,Head Women's Soccer Coach,ritterp@uiu.edu,personal,,,records+db+v6+coach+grads,wikipedia:Upper Iowa University,,,,https://uiupeacocks.com/sports/womens-soccer/coaches
ursuline,Ursuline,womens-soccer,D2,Great Midwest Athletic Conference,d2t2,Arrows,1,Arrows,#0d77b5,#f1b51c,https://upload.wikimedia.org/wikipedia/commons/d/d2/Ursuline_College_logo_blue.svg?utm_source=commons.wikimedia.org&utm_campaign=imageinfo&utm_content=original,,,,46.13,720,0.2257,4.5,7,7,2,2,12,3,4,8,5,4,12,1,,,,,Jason Kubbins,Head Soccer Coach,jkubbins@ursuline.edu,personal,,,records+db+v6+coach+grads,wikipedia:Ursuline College,,,,http://web.archive.org/web/2025/https://ursulinearrows.com/sports/womens-soccer/coaches
valdosta_state,Valdosta State,womens-soccer,D2,Gulf South Conference,d2t2,Blazers,1,Blaze,#CC0000,#000000,https://upload.wikimedia.org/wikipedia/commons/b/b7/Valdosta_university_logo.png?utm_source=commons.wikimedia.org&utm_campaign=imageinfo&utm_content=original,,,,51.83,567,0.3843,2.2,4,11,1,8,6,4,8,7,3,6,8,4,,,,,Stephen Andrew,Head Women's Soccer Coach,sandrew@valdosta.edu,personal,,,records+db+v6+coach+grads,wikipedia:Valdosta State University,,,,https://vstateblazers.com/sports/womens-soccer/coaches
vanguard,Vanguard,womens-soccer,D2,Pacific West Conference,d2t2,Lions,1,,#003767,#ffc522,https://upload.wikimedia.org/wikipedia/commons/b/bf/Vanguard_univ_full_logo.png?utm_source=commons.wikimedia.org&utm_campaign=imageinfo&utm_content=original,vanguardlions.com,,,51.17,586,0.3659,4.5,7,6,4,8,5,4,3,10,2,6,7,3,,,,,Emily Reynolds,Head Coach,emily.reynolds@vanguard.edu,inferred,,,records+db+v6+coach+grads,wikipedia:Vanguard University,,,,pattern_inference:medium
virginia_state,Virginia State,womens-soccer,D2,Independent,d2t2,Trojans,1,,#EA6D26,#00358E,https://upload.wikimedia.org/wikipedia/commons/9/95/Virginia_state_univ_logo.png?utm_source=commons.wikimedia.org&utm_campaign=imageinfo&utm_content=original,govsutrojans.com,,,46.05,723,0.2236,3.0,,,,2,11,2,1,10,4,7,10,1,,,,,Jacob Edwards,Head Coach | Women's Soccer,jacob.edwards@wvstateu.edu,personal,,,records+db+v6+coach+grads,wikipedia:Virginia State University,,,,https://wvsuyellowjackets.com/sports/womens-soccer/coaches
walsh,Walsh,womens-soccer,D2,Great Midwest Athletic Conference,d2t2,Cavaliers,1,Sir Walter the Cavalier,,,https://upload.wikimedia.org/wikipedia/commons/5/53/Walsh_univ_ohio_textlogo.png?utm_source=commons.wikimedia.org&utm_campaign=imageinfo&utm_content=original,athletics.walsh.edu,,,54.23,509,0.4508,5.4,9,7,3,9,7,2,10,7,1,6,8,3,,,,,Hannah Brown,Head Women's Soccer Coach,hbrown@walsh.edu,personal,,,records+db+v6+coach+grads,wikipedia:Walsh University,,,,https://athletics.walsh.edu/sports/womens-soccer/coaches
washburn,Washburn,womens-soccer,D2,Mid-America Intercollegiate Athletics Association,d2t2,Ichabods,1,The Ichabod,,,https://upload.wikimedia.org/wikipedia/commons/8/89/Washburn_University_wordmark.svg?utm_source=commons.wikimedia.org&utm_campaign=imageinfo&utm_content=original,,,,62.49,366,0.6804,4.4,11,6,2,21,4,1,14,4,3,14,4,6,,final,,,Davy Phillips,Head Women's Soccer Coach,davy.phillips@washburn.edu,personal,,,records+db+v6+coach+grads,wikipedia:Washburn University,,,,https://wusports.com/sports/womens-soccer/coaches
wayne_state_mi,Wayne State (MI),womens-soccer,D2,Great Lakes Intercollegiate Athletic Conference,d2t2,,,,,,,,,,,,,5.2,,,,,,,,,,,,,,,,,,,,,,,records+db,,No usable Wikipedia infobox found for this name,,,
wayne_state_ne,Wayne State (NE),womens-soccer,D2,Northern Sun Intercollegiate Conference,d2t2,,,,,,,,,,50.50,603,0.3472,2.8,3,11,4,7,8,3,7,7,5,6,8,4,,,,,,,,,,,records+db+v6+grads,,No usable Wikipedia infobox found for this name,,,
,Wayne State (Neb.),womens-soccer,D2,,,,,,,,,,,,,,,,,,,,,,,,,,,,,,,,Emily Hester,Head Women's Soccer Coach,emheste1@wsc.edu,personal,,,coach,,,,,https://wscwildcats.com/sports/womens-soccer/coaches
west_alabama,West Alabama,womens-soccer,D2,Gulf South Conference,d2t2,Tigers,1,LUie the Tiger,,,https://upload.wikimedia.org/wikipedia/commons/0/00/Uwa_logo_horizontal.png?utm_source=commons.wikimedia.org&utm_campaign=imageinfo&utm_content=original,,,,54.21,510,0.4502,1.7,10,5,3,7,10,2,3,9,3,11,4,3,,,,,Sam Wilson,Head Women's Soccer Coach,swilson@uwa.edu,personal,,,records+db+v6+coach+grads,wikipedia:University of West Alabama,,,,https://uwaathletics.com/sports/womens-soccer/coaches
west_chester,West Chester,womens-soccer,D2,Pennsylvania State Athletic Conference,d2t2,Golden Rams,1,Rammy,#45156B,#FDC423,https://upload.wikimedia.org/wikipedia/commons/2/26/West_Chester_University_logo.png?utm_source=commons.wikimedia.org&utm_campaign=imageinfo&utm_content=original,wcupagoldenrams.com,,,63.78,341,0.7161,5.3,23,1,1,16,3,4,10,7,1,16,3,4,final,,,,Betty Ann Kempf Townsley,Head Coach,ekempf@wcupa.edu,inferred,,,records+db+v6+coach+grads,wikipedia:West Chester University,,,,pattern_inference:medium
west_liberty,West Liberty,womens-soccer,D2,Mountain East Conference,d2t2,Hilltoppers,1,Topper the Bear,,,https://upload.wikimedia.org/wikipedia/commons/7/7c/West_Liberty_University_Logo.png?utm_source=commons.wikimedia.org&utm_campaign=imageinfo&utm_content=original,hilltoppersports.com,,,47.10,698,0.2527,3.4,5,12,1,7,8,4,6,11,2,4,14,1,,,,,Pete McMenemy,Head Women's Soccer Coach,pmcmenemy@westliberty.edu,personal,,,records+db+v6+coach+grads,wikipedia:West Liberty University,,,,https://hilltoppersports.com/sports/womens-soccer/coaches
west_texas_aandm,West Texas A&M,womens-soccer,D2,Lone Star Conference,d2t1,Buffaloes or Buffs,1,Buffalo,#581818,,https://upload.wikimedia.org/wikipedia/commons/0/0c/West_Texas_A%26M_University_wordmark.svg?utm_source=commons.wikimedia.org&utm_campaign=imageinfo&utm_content=original,gobuffsgo.com,,,53.86,517,0.4407,3.3,14,4,4,1,10,6,6,10,2,7,9,2,,,,,Turk Ozturk,Head Coach,bozturk@wtamu.edu,personal,,,records+db+v6+coach+grads,wikipedia:West Texas A&M University,,,,https://gobuffsgo.com/sports/womens-soccer/coaches
west_virginia_state,West Virginia State,womens-soccer,D2,Mountain East Conference,d2t2,Yellow Jackets,1,Stinger,#000000,#CFAB2B,https://upload.wikimedia.org/wikipedia/en/f/f9/West_Virginia_State_logo.png?utm_source=en.wikipedia.org&utm_campaign=imageinfo&utm_content=original,govsutrojans.com,,,62.72,357,0.6866,2.0,17,3,2,11,6,3,16,4,3,15,5,1,,,,,Jacob Edwards,Head Coach | Women's Soccer,jacob.edwards@wvstateu.edu,personal,,,records+db+v6+coach+grads,wikipedia:West Virginia State University,,,,https://wvsuyellowjackets.com/sports/womens-soccer/coaches
west_virginia_wesleyan,West Virginia Wesleyan,womens-soccer,D2,Mountain East Conference,d2t2,Bobcats,1,Bobcat,#FF6600,,https://upload.wikimedia.org/wikipedia/commons/e/e0/Wv_wesleyan_college_logo.png?utm_source=commons.wikimedia.org&utm_campaign=imageinfo&utm_content=original,wesleyanbobcats.com,,,49.01,637,0.3058,3.6,6,11,1,4,13,1,6,10,3,7,8,2,,,,,Holden Talton,Head Coach,talton.h@wvwc.edu,personal,,,records+db+v6+coach+grads,wikipedia:West Virginia Wesleyan College,,,,https://bobcats.wvwc.edu/sports/womens-soccer/coaches
western_colorado,Western Colorado,womens-soccer,D2,Rocky Mountain Athletic Conference,d2t2,Mountaineers,1,,#A71930,#6F737A,https://upload.wikimedia.org/wikipedia/en/e/e1/Western_State_Colorado_University_logo.svg?utm_source=en.wikipedia.org&utm_campaign=imageinfo&utm_content=original,,,,45.05,755,0.1957,5.2,6,10,2,4,11,3,4,10,4,2,12,5,,,,,Joshua Alcala,Head Women's Soccer Coach,jalcala@western.edu,inferred,,,records+db+v6+coach+grads,wikipedia:Western Colorado University,,,,pattern_inference:medium
western_oregon,Western Oregon,womens-soccer,D2,Great Northwest Athletic Conference,d2t2,Wolves,1,Wolfie,#E31837,,https://upload.wikimedia.org/wikipedia/en/d/d5/WesternOregonSignature.png?utm_source=en.wikipedia.org&utm_campaign=imageinfo&utm_content=original,,,,55.11,492,0.4754,3.5,7,6,5,8,5,6,6,6,8,11,5,5,,,,,Nate Ulness,Head Coach,ulnessn@wou.edu,personal,,,records+db+v6+coach+grads,wikipedia:Western Oregon University,,,,https://wouwolves.com/sports/womens-soccer/coaches
western_washington,Western Washington,womens-soccer,D2,Great Northwest Athletic Conference,d2t2,Vikings,1,Victor E. Viking,#00285e,#5387bd,https://upload.wikimedia.org/wikipedia/commons/8/8f/West_washington_univ_logo.svg?utm_source=commons.wikimedia.org&utm_campaign=imageinfo&utm_content=original,,,,62.69,359,0.6857,6.4,19,2,4,12,5,4,14,4,5,14,1,7,champion,,,,Travis Connell,Head Coach,travis.connell@wwu.edu,personal,,,records+db+v6+coach+grads,wikipedia:Western Washington University,,,,https://wwuvikings.com/sports/womens-soccer/coaches
westminster_ut,Westminster (UT),womens-soccer,D2,Rocky Mountain Athletic Conference,d2t2,Griffins,1,,#4a245e,#947750,https://upload.wikimedia.org/wikipedia/commons/6/61/Westminster_univ_logo.png?utm_source=commons.wikimedia.org&utm_campaign=imageinfo&utm_content=original,westminstergriffins.com,,,54.26,507,0.4517,7.1,10,6,2,7,9,3,7,6,4,7,4,6,,,,,Allie Lieshout,Head Coach,alieshout@westminsteru.edu,personal,,,records+db+v6+coach+grads,wikipedia:Westminster University (Utah),,,,https://westminstergriffins.com/sports/womens-soccer/coaches
westmont,Westmont,womens-soccer,D2,Pacific West Conference,d2t2,Warriors,1,Warrior,,,https://upload.wikimedia.org/wikipedia/commons/4/46/Westmont_college_textlogo.png?utm_source=commons.wikimedia.org&utm_campaign=imageinfo&utm_content=original,athletics.westmont.edu,,,54.41,502,0.4558,7.7,16,1,3,7,4,5,9,8,2,5,11,0,,,,,Lauren Matthias,Women's Soccer Head Coach,lmatthias@westmont.edu,inferred,,,records+db+v6+coach+grads,wikipedia:Westmont College,,,,pattern_inference:high
wheeling,Wheeling,womens-soccer,D2,Mountain East Conference,d2t2,Cardinals,1,Iggy the Cardinal,,,https://upload.wikimedia.org/wikipedia/commons/d/df/Wheeling_university_logo.png?utm_source=commons.wikimedia.org&utm_campaign=imageinfo&utm_content=original,wucardinals.com,,,45.81,728,0.2171,2.2,6,11,1,5,11,2,5,13,1,3,11,4,,,,,Jaclyn Ketter,Head Women's Soccer Coach,jketter@wheeling.edu,personal,,,records+db+v6+coach+grads,wikipedia:Wheeling University,,,,https://wucardinals.com/sports/womens-soccer/coaches
william_jewell,William Jewell,womens-soccer,D2,Great Lakes Valley Conference,d2t2,Cardinals,1,,,,https://upload.wikimedia.org/wikipedia/commons/b/b6/Jewell_college_textlogo.png?utm_source=commons.wikimedia.org&utm_campaign=imageinfo&utm_content=original,jewellcardinals.com,,,42.00,871,0.1110,5.6,1,13,2,1,14,1,4,11,2,2,11,4,,,,,Thomas Bledsoe,Head Women's Soccer Coach,bledsoet@william.jewell.edu,personal,,,records+db+v6+coach+grads,wikipedia:William Jewell College,,,,https://jewellcardinals.com/sports/womens-soccer/coaches
wilmington_de,Wilmington (DE),womens-soccer,D2,Central Atlantic Collegiate Conference,d2t2,Wildcats,1,Wiley D. Wildcat,#008751,#FFFFFF,https://upload.wikimedia.org/wikipedia/en/0/0b/Logo-of-Wilmington-University.svg?utm_source=en.wikipedia.org&utm_campaign=imageinfo&utm_content=original,uncwsports.com,1,CACC,59.62,414,0.6006,1.9,5,8,5,11,2,4,12,4,1,9,2,6,,,,,Bryan Thorp,Head Coach,bryan.c.thorp@wilmu.edu,personal,,,records+db+v6+coach+grads,wikipedia:Wilmington University,,agent-research:2025-womens-soccer,"won 2025 CACC tournament, beating Caldwell 2-0 in the final",https://wildcats.athletics.wilmu.edu/sports/wsoc/coaches
wingate,Wingate,womens-soccer,D2,South Atlantic Conference,d2t1,Bulldogs,1,Victor E. Bulldog,,,https://upload.wikimedia.org/wikipedia/commons/2/28/Wingate_univ_flag.png?utm_source=commons.wikimedia.org&utm_campaign=imageinfo&utm_content=original,,,,63.95,335,0.7207,3.6,11,5,4,14,4,2,12,4,3,9,8,1,,,,,Katie Mitchell,Head Women's Soccer Coach,k.mitchell@wingate.edu,personal,,,records+db+v6+coach+grads,wikipedia:Wingate University,,,,https://wingatebulldogs.com/sports/womens-soccer/coaches
winona_state,Winona State,womens-soccer,D2,Northern Sun Intercollegiate Conference,d2t2,Warriors,1,Wazoo,#4B08A1,,https://upload.wikimedia.org/wikipedia/commons/4/4c/Winona_State_University_wordmark.svg?utm_source=commons.wikimedia.org&utm_campaign=imageinfo&utm_content=original,,,,51.90,566,0.3862,4.1,9,6,4,3,7,7,6,8,2,7,6,4,,,,,Delaney Marier,Head Women's Soccer Coach,,,,,records+db+v6+coach+grads,wikipedia:Winona State University,,,,https://winonastatewarriors.com/sports/womens-soccer/coaches
wisconsin_parkside,Wisconsin-Parkside,womens-soccer,D2,Great Lakes Intercollegiate Athletic Conference,d2t2,Rangers,1,Ranger Bear,#00693E,#231F20,https://upload.wikimedia.org/wikipedia/commons/7/75/UWParkside_logo.png?utm_source=commons.wikimedia.org&utm_campaign=imageinfo&utm_content=original,parksiderangers.com,,,52.20,564,0.3944,2.9,7,11,1,8,8,4,5,9,5,10,8,2,,,,,Brittany Nikolic,Head Women's Soccer Coach,nikolic@uwp.edu,personal,,,records+db+v6+coach+grads,wikipedia:University of Wisconsin–Parkside,,,,https://parksiderangers.com/sports/womens-soccer/coaches
young_harris,Young Harris,womens-soccer,D2,Conference Carolinas,d2t2,Mountain Lions,1,,,,https://upload.wikimedia.org/wikipedia/commons/5/5e/Young_harris_college_logo.png?utm_source=commons.wikimedia.org&utm_campaign=imageinfo&utm_content=original,yhcathletics.com,,,55.55,484,0.4875,3.4,4,11,0,9,6,4,9,6,3,11,6,3,,,,,Wes Anania,Head Coach,waanania@yhc.edu,personal,,,records+db+v6+coach+grads,wikipedia:Young Harris College,,,,https://yhcathletics.com/sports/womens-soccer/coaches
adrian_college,Adrian College,womens-soccer,D3,Michigan Intercollegiate Athletic Association,d3t2,Bulldogs,1,Bruiser,#D4AF37,,https://upload.wikimedia.org/wikipedia/commons/6/60/Adrian_college_logo_black.png?utm_source=commons.wikimedia.org&utm_campaign=imageinfo&utm_content=original,,,,39.33,950,0.4342,2.6,8,6,5,8,6,3,12,5,1,6,11,2,,,,,Nathan Kronewetter,Head Women's Soccer Coach,nkronewetter@adrian.edu,personal,,,records+db+v6+coach+grads,wikipedia:Adrian College,,,,https://adrianbulldogs.com/sports/womens-soccer/coaches
agnes_scott_college,Agnes Scott College,womens-soccer,D3,Collegiate Conference of the South,d3t2,Scotties,1,Scottish Terrier,,,https://upload.wikimedia.org/wikipedia/commons/5/54/Agnes_Scott_College_wordmark.svg?utm_source=commons.wikimedia.org&utm_campaign=imageinfo&utm_content=original,,,,30.27,1171,0.1598,7.6,2,12,1,3,11,3,2,13,0,5,11,2,,,,,,,,,,,records+db+v6,wikipedia:Agnes Scott College,,,,
albertus_magnus,Albertus Magnus,womens-soccer,D3,Great Northeast Athletic Conference,d3t2,Falcons,1,,#003D98,#FFFFFF,https://upload.wikimedia.org/wikipedia/commons/1/18/Albertus_magnus_college_textlogo.png?utm_source=commons.wikimedia.org&utm_campaign=imageinfo&utm_content=original,,,,45.48,736,0.6205,3.2,,,,,,,,,,14,3,3,,,,,,,,,,,records+db+xsport+v6+grads,"wikipedia:Albertus Magnus College | borrowed from the mens-soccer row: nickname,nickname_plural,primary_color,secondary_color,logo_url",Added for coaching-contact coverage; soccer_score/academic_rating are placeholders; academic_rating aligned to the divisional fill 2026-08-24: the two sport rows disagreed and neither value was a measurement,,,
albion_college,Albion College,womens-soccer,D3,Michigan Intercollegiate Athletic Association,d3t2,Britons,1,Brit the Briton,#4B306A,#FFC845,https://upload.wikimedia.org/wikipedia/commons/e/ec/Albiion_college_full_logo.png?utm_source=commons.wikimedia.org&utm_campaign=imageinfo&utm_content=original,,,,39.16,958,0.4291,7.0,7,5,5,6,2,10,4,10,3,10,5,2,,,,,Ron Rainey,Head Coach,rrainey@albion.edu,personal,,,records+db+v6+coach+grads,wikipedia:Albion College,,,,https://gobrits.com/sports/womens-soccer/coaches
albright_college,Albright College,womens-soccer,D3,Middle Atlantic Conference (Commonwealth),d3t2,Lions,1,,,,https://upload.wikimedia.org/wikipedia/commons/d/d1/Albright_college_penn_logo.png?utm_source=commons.wikimedia.org&utm_campaign=imageinfo&utm_content=original,,,,28.76,1188,0.1141,5.1,3,12,4,4,12,2,2,13,2,2,14,3,,,,,Shamus Matthews-Brady,Head Women's Soccer Coach,smatthews@albright.edu,personal,,,records+db+v6+coach+grads,wikipedia:Albright College,,,,https://albrightathletics.com/sports/womens-soccer/coaches
alfred_university,Alfred University,womens-soccer,D3,Empire 8,d3t2,Saxons,1,,#550D8A,#F5AA01,https://upload.wikimedia.org/wikipedia/en/8/89/Alfredunilogo.png?utm_source=en.wikipedia.org&utm_campaign=imageinfo&utm_content=original,gosaxons.com,,,37.03,1031,0.3646,7.0,6,7,5,4,6,7,7,4,6,7,10,2,,,,,Craig Yanni,Head Coach,yanni@alfred.edu,personal,,,records+db+v6+coach+grads,wikipedia:Alfred University,,,,https://gosaxons.com/sports/womens-soccer/coaches
allegheny_college,Allegheny College,womens-soccer,D3,Presidents' Athletic Conference,d3t2,Gators,1,Chompers,,,https://upload.wikimedia.org/wikipedia/en/9/91/Alleghenycollegelogo.png?utm_source=en.wikipedia.org&utm_campaign=imageinfo&utm_content=original,alleghenysports.com,,,37.24,1022,0.3710,7.9,4,9,4,6,10,1,12,7,1,6,9,5,,,,,Lacey Phillips,Head Women's Soccer Coach,lphillips@allegheny.edu,personal,,,records+db+v6+coach+grads,wikipedia:Allegheny College,,,,https://alleghenygators.com/sports/womens-soccer/coaches
alma_college,Alma College,womens-soccer,D3,Michigan Intercollegiate Athletic Association,d3t2,Scots,1,Scotty,,,https://upload.wikimedia.org/wikipedia/commons/1/1e/Stacked_2_Maroon.png?utm_source=commons.wikimedia.org&utm_campaign=imageinfo&utm_content=original,almascots.com,,,32.95,1122,0.2409,4.9,4,7,2,1,12,1,1,12,1,9,8,1,,,,,Sam Sibilski,Head Women's Soccer Coach,sibilskis@alma.edu,personal,,,records+db+v6+coach+grads,wikipedia:Alma College,,,,https://almascots.com/sports/womens-soccer/coaches
alvernia_university,Alvernia University,womens-soccer,D3,Middle Atlantic Conference (Commonwealth),d3t2,Wolves,1,Golden Wolves,,,https://upload.wikimedia.org/wikipedia/commons/b/b5/Alvernia_University_Logo.PNG?utm_source=commons.wikimedia.org&utm_campaign=imageinfo&utm_content=original,auwolves.com,,,32.50,1130,0.2272,4.8,4,9,5,2,13,3,6,11,2,4,8,6,,,,,Amanda Bezner,Head Soccer Coach,amanda.bezner@alvernia.edu,personal,,,records+db+v6+coach+grads,athletics-domain:auwolves.com,"copied from this school's other row (Alvernia), same division; that row's nickname was recovered from the school's own athletics site",,,https://auwolves.com/sports/womens-soccer/coaches
alverno_college,Alverno College,womens-soccer,D3,Northern Athletics Collegiate Conference,d3t2,Inferno,0,Blaze the Inferno,#90002E,#FDB714,https://upload.wikimedia.org/wikipedia/commons/d/dc/Alverno_college_logo.svg?utm_source=commons.wikimedia.org&utm_campaign=imageinfo&utm_content=original,,,,27.86,1196,0.0867,3.5,0,14,1,,,,,,,,,,,,,,,,,,,,records+db+v6,wikipedia:Alverno College,,,,
amherst_college,Amherst College,womens-soccer,D3,New England Small College Athletic Conference,d3t1,,,Mammoths,#3f1f69,#FFFFFF,https://upload.wikimedia.org/wikipedia/commons/a/a8/Amherst_College_logo.svg?utm_source=commons.wikimedia.org&utm_campaign=imageinfo&utm_content=original,athletics.amherst.edu,,,53.68,519,0.8691,9.7,18,3,0,18,2,1,14,2,6,11,5,2,,,,,Jen Hughes,Head Coach,jhughes@amherst.edu,personal,,,records+db+v6+coach+grads,wikipedia:Amherst College,,,,https://athletics.amherst.edu/sports/womens-soccer/coaches
,Anderson (Ind.),womens-soccer,D3,,,,,,,,,,,,,,,,,,,,,,,,,,,,,,,,Adam Christensen,Head Coach,ajchristensen@anderson.edu,personal,,,coach,,,,,https://athletics.anderson.edu/sports/wsoc/coaches-index
anderson_university_in,Anderson University (IN),womens-soccer,D3,Heartland Collegiate Athletic Conference,d3t2,Ravens,1,Rodney the Raven,#F57501,,https://upload.wikimedia.org/wikipedia/commons/7/7b/Anderson_univ_indiana_logo.png?utm_source=commons.wikimedia.org&utm_campaign=imageinfo&utm_content=original,autrojans.com,,,38.92,967,0.4219,4.1,10,4,4,7,8,2,7,8,3,,,,,,,,,,,,,,records+db+v6,wikipedia:Anderson University (Indiana),,,,
anna_maria_college,Anna Maria College,womens-soccer,D3,Massachusetts State Collegiate Athletic Conference,d3t2,Amcats,1,,#A52238,,https://upload.wikimedia.org/wikipedia/en/a/ae/Anna_Maria_College_logo.png?utm_source=en.wikipedia.org&utm_campaign=imageinfo&utm_content=original,goamcats.com,,,29.55,1181,0.1377,2.4,,,,,,,,,,1,13,2,,,,,,,,,,,records+db+v6,wikipedia:Anna Maria College,,,,
arcadia_university,Arcadia University,womens-soccer,D3,Middle Atlantic Conference (Freedom),d3t2,Knights,1,Archie,#FF2400,#808080,https://upload.wikimedia.org/wikipedia/commons/8/84/Arcadia_univ_logo.png?utm_source=commons.wikimedia.org&utm_campaign=imageinfo&utm_content=original,arcadiaknights.com,,,39.34,949,0.4347,5.6,7,9,3,9,11,0,7,11,2,11,4,3,,,,,Rick Brownell,Head Coach,brownelr@arcadia.edu,personal,,,records+db+v6+coach+grads,wikipedia:Arcadia University,,,,https://arcadiaknights.com/sports/womens-soccer/coaches
asbury_university,Asbury University,womens-soccer,D3,Collegiate Conference of the South,d3t2,Eagles,1,Eagle,,,,asburyeagles.com,,,36.46,1044,0.3472,5.0,3,14,2,2,9,4,9,8,5,11,9,4,,,,,,,,,,,records+db+v6,athletics-domain:asburyeagles.com,"copied from this school's other row (Asbury), same division; that row's nickname was recovered from the school's own athletics site",,,
augsburg_university,Augsburg University,womens-soccer,D3,Minnesota Intercollegiate Athletic Conference,d3t2,Auggies,1,Eagle,,,https://upload.wikimedia.org/wikipedia/commons/f/f8/Augsburg_University_wordmark.svg?utm_source=commons.wikimedia.org&utm_campaign=imageinfo&utm_content=original,athletics.augsburg.edu,,,40.71,908,0.4760,4.2,6,10,2,11,4,4,8,5,5,10,8,1,,,,,Danielle Mendez,Head Coach,mendezd@augsburg.edu,personal,,,records+db+v6+coach+grads,wikipedia:Augsburg University,,,,https://athletics.augsburg.edu/sports/womens-soccer/coaches
,Augustana (IL),womens-soccer,D3,,,Vikings,1,Vikings,#002F6C,#FFDD00,https://upload.wikimedia.org/wikipedia/commons/3/31/Augustana_College_wordmark.svg?utm_source=commons.wikimedia.org&utm_campaign=imageinfo&utm_content=original,athletics.augustana.edu,,,,,,,,,,,,,,,,,,,,,,,Scott Mejia,Head Coach,scottmejia@augustana.edu,personal,,,coach+xsport,"wikipedia:Augustana College (Illinois) | borrowed from the mens-soccer row: nickname,nickname_plural,mascot,primary_color,secondary_color,logo_url",,,,https://athletics.augustana.edu/sports/womens-soccer/coaches
augustana_college,Augustana College,womens-soccer,D3,College Conference of Illinois & Wisconsin,d3t2,Vikings,1,Vikings,#002F6C,#FFDD00,https://upload.wikimedia.org/wikipedia/commons/3/31/Augustana_College_wordmark.svg?utm_source=commons.wikimedia.org&utm_campaign=imageinfo&utm_content=original,,,,37.13,1027,0.3675,6.2,9,6,4,10,5,4,9,6,4,3,13,2,,,,,,,,,,,records+db+v6,wikipedia:Augustana College (Illinois),,,,
aurora_university,Aurora University,womens-soccer,D3,Northern Athletics Collegiate Conference,d3t2,Spartans,1,,#00467F,#47AA42,https://upload.wikimedia.org/wikipedia/commons/f/fe/Aurora_univ_logo.png?utm_source=commons.wikimedia.org&utm_campaign=imageinfo&utm_content=original,athletics.aurora.edu,,,33.18,1115,0.2478,3.0,6,8,4,6,6,5,2,11,5,5,12,1,,,,,Courtney Naber,Head Coach,cnaber@aurora.edu,personal,,,records+db+v6+coach+grads,wikipedia:Aurora University,,,,https://athletics.aurora.edu/sports/womens-soccer/coaches
austin_college,Austin College,womens-soccer,D3,Southern Collegiate Athletic Conference,d3t2,"Kangaroos, The Fighting 'Roos",1,Rowdy 'Roo,#981E32,#FDB913,,acroos.com,,,28.72,1189,0.1127,7.0,1,15,1,,,,,,,,,,,,,,Kevin Gregory,Head Women's Soccer Coach,kgregory@austincollege.edu,personal,,,records+db+v6+coach+grads,wikipedia:Austin College,,,,https://acroos.com/sports/wsoc/coaches/Kevin_Gregory
averett_university,Averett University,womens-soccer,D3,Old Dominion Athletic Conference,d3t2,Cougars,1,Ave and Rett,#002856,#FFB81D,https://upload.wikimedia.org/wikipedia/en/b/bc/Averett_stacked_logo.png?utm_source=en.wikipedia.org&utm_campaign=imageinfo&utm_content=original,averettcougars.com,,,32.42,1131,0.2248,4.2,5,9,2,6,10,2,4,9,3,3,12,1,,,,,Colton Dutchess,Head Coach,cmdutchess@averett.edu,personal,,,records+db+v6+coach+grads,wikipedia:Averett University,,,,https://averettcougars.com/sports/womens-soccer/coaches
azusa_pacific_university,Azusa Pacific University,womens-soccer,D3,Southern California Intercollegiate Athletic Conference,d3t1,Cougars,1,Freddy the Cougar,#A8353A,#000000,,,,,49.00,638,0.7274,6.0,9,4,4,8,4,6,12,4,1,12,4,5,,,,,,,,,,,records+db+v6+grads,wikipedia:Azusa Pacific University,,,,
babson_college,Babson College,womens-soccer,D3,New England Women's and Men's Athletic Conference,d3t2,Beavers,1,Biz E. Beaver,,,https://upload.wikimedia.org/wikipedia/commons/d/db/Logo-Babson-College-Horizontal-RGB_%282%29.svg?utm_source=commons.wikimedia.org&utm_campaign=imageinfo&utm_content=original,,,,41.58,880,0.5024,9.1,14,4,1,12,7,3,8,7,5,8,5,5,,,,,Kerry Baldwin,Head Coach,kbaldwin@babson.edu,personal,,,records+db+v6+coach+grads,wikipedia:Babson College,,,,https://babsonathletics.com/sports/womens-soccer/coaches
baldwin_wallace_university,Baldwin Wallace University,womens-soccer,D3,Ohio Athletic Conference,d3t2,Yellow Jackets,1,Stinger,#654321,,https://upload.wikimedia.org/wikipedia/commons/7/78/Baldwin_Wallace_University.svg?utm_source=commons.wikimedia.org&utm_campaign=imageinfo&utm_content=original,bwyellowjackets.com,,,35.39,1069,0.3149,6.2,9,9,1,8,8,4,7,10,3,4,11,4,,,,,Jim Wojtkun,Head Coach,jwojtkun@bw.edu,personal,,,records+db+v6+coach+grads,wikipedia:Baldwin Wallace University,,,,https://bwyellowjackets.com/sports/womens-soccer/coaches
bard_college,Bard College,womens-soccer,D3,Liberty League,d3t1,Raptors,1,,#BE0F34,,https://upload.wikimedia.org/wikipedia/commons/5/54/Bard_College_Logo.png?utm_source=commons.wikimedia.org&utm_campaign=imageinfo&utm_content=original,,,,31.74,1149,0.2044,8.1,3,13,1,4,10,1,3,13,1,3,12,0,,,,,Jen Clark,Head Coach,jclark@bard.edu,personal,,,records+db+v6+coach+grads,wikipedia:Bard College,,,,https://bardathletics.com/sports/womens-soccer/coaches
bates_college,Bates College,womens-soccer,D3,New England Small College Athletic Conference,d3t1,Bobcats,1,,#881124,,https://upload.wikimedia.org/wikipedia/commons/0/0e/Bates_College_wordmark.svg?utm_source=commons.wikimedia.org&utm_campaign=imageinfo&utm_content=original,gobatesbobcats.com,,,36.85,1035,0.3590,9.3,5,6,4,3,8,4,5,9,1,4,8,3,,,,,Joe Vari,Head Coach,jvari@bates.edu,personal,,,records+db+v6+coach+grads,wikipedia:Bates College,,,,http://web.archive.org/web/2025/https://gobatesbobcats.com/staff-directory/joe-vari/110
batten_university,Batten University,womens-soccer,D3,Old Dominion Athletic Conference,d3t2,Marlins,1,Bob Marlin,#003e69,#7e929f,https://upload.wikimedia.org/wikipedia/en/2/24/Virginia_Wesleyan_University_logo.png?utm_source=en.wikipedia.org&utm_campaign=imageinfo&utm_content=original,,,,46.60,708,0.6546,4.0,18,3,4,17,4,2,10,6,3,15,4,3,,,,,,,,,,,records+db+v6,wikipedia:Batten University,,,,
bay_path_university,Bay Path University,womens-soccer,D3,New England Collegiate Conference,d3t2,,,,,,,,,,,,,,,,,,,,,,,,,,,,,,,,,,,,records,,,,,
belhaven_university,Belhaven University,womens-soccer,D3,Collegiate Conference of the South,d3t2,Blazers,1,,#093D2D,#FED100,https://upload.wikimedia.org/wikipedia/commons/0/05/Belhaven_University_wordmark.svg?utm_source=commons.wikimedia.org&utm_campaign=imageinfo&utm_content=original,blazers.belhaven.edu,1,CCS,44.96,758,0.6050,3.1,9,7,3,13,4,2,13,6,1,14,5,3,,,,,,,,,,,records+db+v6,wikipedia:Belhaven University,,agent-research:2025-womens-soccer,beat Asbury 2-1 for the program's first CCS title,
beloit_college,Beloit College,womens-soccer,D3,Midwest Conference,d3t2,,,"Buccaneer (official), Turtle (unofficial)",#00365c,#cd8829,https://upload.wikimedia.org/wikipedia/commons/5/5f/Beloit_Logo.png?utm_source=commons.wikimedia.org&utm_campaign=imageinfo&utm_content=original,beloitcollegeathletics.com,,,34.12,1094,0.2765,7.3,9,5,2,5,9,5,5,11,3,4,11,2,,,,,,,,,,,records+db+v6,wikipedia:Beloit College,,,,
,Benedictine (IL),womens-soccer,D3,,,,,,,,,benueagles.com,,,,,,,,,,,,,,,,,,,,,,,Katie McCue,Head Coach,kmccue@ben.edu,personal,,,coach,,,,,https://benueagles.com/sports/womens-soccer/coaches
benedictine_university,Benedictine University,womens-soccer,D3,Northern Athletics Collegiate Conference,d3t2,Eagles,1,"Eagle, / Redhawk",#ba0c2c,,https://upload.wikimedia.org/wikipedia/commons/0/01/Benedictine_univ_logo.png?utm_source=commons.wikimedia.org&utm_campaign=imageinfo&utm_content=original,,,,28.83,1187,0.1161,2.9,6,10,3,4,10,4,0,12,7,2,16,0,,,,,,,,,,,records+db+v6+grads,wikipedia:Benedictine University,,,,
berea_college,Berea College,womens-soccer,D3,Heartland Collegiate Athletic Conference,d3t2,Mountaineers,1,,#005A8B,,https://upload.wikimedia.org/wikipedia/commons/2/20/Berea_college_full_logo.png?utm_source=commons.wikimedia.org&utm_campaign=imageinfo&utm_content=original,bereaathletics.com,,,31.93,1143,0.2101,7.2,2,14,2,2,13,3,3,13,3,8,9,2,,,,,Joe Saleem II,Head Coach | Athletics Diversity and Inclusion Designee,saleemj@berea.edu,personal,,,records+db+v6+coach+grads,wikipedia:Berea College,,,,https://bereaathletics.com/sports/womens-soccer/coaches
berry_college,Berry College,womens-soccer,D3,Southern Athletic Association,d3t1,Vikings,1,Victor the Viking,#A2AAAD,,https://upload.wikimedia.org/wikipedia/commons/8/8e/BerryCollegeLogo.svg?utm_source=commons.wikimedia.org&utm_campaign=imageinfo&utm_content=original,berry.edu,,,42.28,861,0.5237,7.1,10,5,2,5,10,1,6,7,4,7,4,5,,,,,Kathy Brown,Head Coach,kinselbrown@berry.edu,personal,,,records+db+v6+coach+grads,athletics-domain:berryvikings.com,"copied from this school's other row (Berry), same division; that row's nickname was recovered from the school's own athletics site",,,https://berryvikings.com/sports/womens-soccer/coaches
bethany_college_wv,Bethany College (WV),womens-soccer,D3,Presidents' Athletic Conference,d3t2,Bison,0,Boomer The Bison,,,https://upload.wikimedia.org/wikipedia/en/c/c9/Bethany_College_WV_logo.jpg?utm_source=en.wikipedia.org&utm_campaign=imageinfo&utm_content=original,blcvikings.com,,,33.66,1107,0.2623,4.2,10,6,3,3,10,3,8,7,3,2,14,0,,,,,Olivia Wilkerson,Head Women's Soccer Coach,olivia.wilkerson@bethanywv.edu,personal,,,records+db+v6+coach+grads,wikipedia:Bethany College (West Virginia),,,,https://bethanybison.com/sports/womens-soccer/coaches
bethany_lutheran_college,Bethany Lutheran College,womens-soccer,D3,Upper Midwest Athletic Conference,d3t2,Vikings,1,Viking,#9b121f,#ffffff,https://upload.wikimedia.org/wikipedia/commons/2/29/Logo_of_Bethany_Lutheran_College_%282024%29.png?utm_source=commons.wikimedia.org&utm_campaign=imageinfo&utm_content=original,blcvikings.com,,,40.99,894,0.4847,4.7,11,7,1,11,6,2,9,7,3,9,8,2,,,,,Morgan Philliber,Head Women's Soccer Coach,mphilliber@blc.edu,personal,,,records+db+v6+coach+grads,athletics-domain:blcvikings.com,"copied from this school's other row (Bethany Lutheran), same division; that row's nickname was recovered from the school's own athletics site",,,https://blcvikings.com/sports/womens-soccer/coaches
bethel_university_mn,Bethel University (MN),womens-soccer,D3,Minnesota Intercollegiate Athletic Conference,d3t2,Royals,1,Roy the Lion,#000080,#F0C52D,https://upload.wikimedia.org/wikipedia/commons/7/79/Bethel_univ_minn_logo.png?utm_source=commons.wikimedia.org&utm_campaign=imageinfo&utm_content=original,athletics.bethel.edu,,,32.81,1123,0.2366,6.2,5,8,3,4,10,2,6,7,4,3,13,2,,,,,Sheila McGill,Head Women's Soccer Coach,sheila-mcgill@bethel.edu,personal,,,records+db+v6+coach+grads,wikipedia:Bethel University (Minnesota),,,,https://athletics.bethel.edu/sports/womens-soccer/coaches
blackburn_college,Blackburn College,womens-soccer,D3,St. Louis Intercollegiate Athletic Conference,d3t2,Beavers,1,Barney the Beaver and Buzz the Athletic Beaver,,,https://upload.wikimedia.org/wikipedia/commons/e/ed/Blackburn_college_illinois_logo.png?utm_source=commons.wikimedia.org&utm_campaign=imageinfo&utm_content=original,blackburnbeavers.com,,,29.61,1179,0.1398,4.1,,,,4,8,4,0,13,1,,,,,,,,Chris Anzalone,Head Women's Soccer Coach,chris.anzalone@blackburn.edu,personal,,,records+db+v6+coach+grads,wikipedia:Blackburn College (Illinois),,,,https://www.blackburnbeavers.com/sports/wsoc/coaches/Chris_Anzalone
bluffton_university,Bluffton University,womens-soccer,D3,Heartland Collegiate Athletic Conference,d3t2,Beavers,1,J. Denny and Jenny Beaver,,,https://upload.wikimedia.org/wikipedia/en/9/97/Bluffton_University_logo.svg?utm_source=en.wikipedia.org&utm_campaign=imageinfo&utm_content=original,bluffton.edu,,,33.21,1114,0.2488,3.3,,,,3,11,3,5,9,3,,,,,,,,Zach Hammon,Head Coach,hammonz@bluffton.edu,personal,,,records+db+v6+coach+grads,wikipedia:Bluffton University,,,,https://blufftonbeavers.com/sports/wsoc/coaches/index
bowdoin_college,Bowdoin College,womens-soccer,D3,New England Small College Athletic Conference,d3t1,Polar Bears,1,Peary the Polar Bear,,,https://upload.wikimedia.org/wikipedia/commons/0/09/Bowdoin_college_blacklogo.png?utm_source=commons.wikimedia.org&utm_campaign=imageinfo&utm_content=original,athletics.bowdoin.edu,,,44.59,769,0.5935,9.6,10,4,3,11,5,5,2,7,6,10,6,0,,,,,Brianne Smithson,Head Coach,smithson@bowdoin.edu,personal,,,records+db+v6+coach+grads,wikipedia:Bowdoin College,,,,https://athletics.bowdoin.edu/sports/womens-soccer/coaches
brandeis_university,Brandeis University,womens-soccer,D3,University Athletic Association,d3t1,Judges,1,The Judge and Ollie the Owl (named for Justice Oliver Wendell Holmes Jr.),#003478,,https://upload.wikimedia.org/wikipedia/commons/a/a6/Brandeis-University-Word-Mark.svg?utm_source=commons.wikimedia.org&utm_campaign=imageinfo&utm_content=original,,,,43.32,817,0.5553,9.0,7,8,2,6,8,3,9,7,1,8,5,4,,,,,Mary Leary,Head Coach,mleary@brandeis.edu,personal,,,records+db+v6+coach+grads,wikipedia:Brandeis University,,,,https://brandeisjudges.com/sports/womens-soccer/coaches
brevard_college,Brevard College,womens-soccer,D3,USA South Athletic Conference,d3t2,Tornados,1,Tornado,#003b75,,https://upload.wikimedia.org/wikipedia/en/7/7d/Brevard_College_Logo.jpg?utm_source=en.wikipedia.org&utm_campaign=imageinfo&utm_content=original,bctornados.com,1,USA South,49.69,616,0.7482,3.5,10,5,5,13,5,3,15,0,3,18,1,1,,,,,Juan Mascaro Jr.,Head Coach,mascarju@brevard.edu,personal,,,records+db+v6+coach+grads,wikipedia:Brevard College,,agent-research:2025-womens-soccer,beat Southern Virginia 5-4 on PKs (0-0) for its first USA South tournament title,https://bctornados.com/sports/womens-soccer/coaches
,Bridgewater (VA),womens-soccer,D3,,,,,,,,,bridgewatereagles.com,,,,,,,,,,,,,,,,,,,,,,,Mike Van Horn,Head Coach,mvanhorn@bridgewater.edu,personal,,,coach,,,,,https://bridgewatereagles.com/sports/womens-soccer/coaches
bridgewater_college,Bridgewater College,womens-soccer,D3,Old Dominion Athletic Conference,d3t2,Eagles,1,,#990022,#b5985a,https://upload.wikimedia.org/wikipedia/commons/b/bf/Bridgewater_college_logo.png?utm_source=commons.wikimedia.org&utm_campaign=imageinfo&utm_content=original,,,,43.96,793,0.5744,4.8,13,4,1,12,6,1,7,7,5,15,6,0,,,,,,,,,,,records+db+v6+grads,wikipedia:Bridgewater College,,,,
bridgewater_state_university,Bridgewater State University,womens-soccer,D3,Massachusetts State Collegiate Athletic Conference,d3t2,Bears,1,,,,https://upload.wikimedia.org/wikipedia/en/f/f3/Bridgewater_State_University_logo.svg?utm_source=en.wikipedia.org&utm_campaign=imageinfo&utm_content=original,athletics.middlebury.edu,,,40.63,910,0.4737,5.0,10,6,2,11,6,1,12,5,3,5,8,5,,,,,Yasmina Carvalho,Head Coach,yasmina.carvalho@bridgew.edu,personal,,,records+db+v6+coach+grads,wikipedia:Bridgewater State University,,,,https://www.bsubears.com/sports/wsoc/coaches/Carvalho_Yasmina
bryn_athyn_college_of_the_new_church,Bryn Athyn College of the New Church,womens-soccer,D3,United East Conference,d3t2,,,Lion,,,,brynathynathletics.com,,,43.73,801,0.5674,7.3,14,3,1,13,3,1,7,9,1,,,,,,,,,,,,,,records+db+v6,wikipedia:Bryn Athyn College,,,,
bryn_mawr_college,Bryn Mawr College,womens-soccer,D3,Centennial Conference,d3t2,,,Owl,#FFC600,#FFFFFF,https://upload.wikimedia.org/wikipedia/commons/e/e2/Bryn_Mawr_College_logo.svg?utm_source=commons.wikimedia.org&utm_campaign=imageinfo&utm_content=original,,,,31.22,1155,0.1885,8.9,1,13,3,3,10,3,4,10,3,5,12,1,,,,,Claire Scanlan,Head Coach,cjscanlan@brynmawr.edu,personal,,,records+db+v6+coach+grads,wikipedia:Bryn Mawr College,,,,https://gobrynmawr.com/sports/womens-soccer/coaches
buena_vista_university,Buena Vista University,womens-soccer,D3,American Rivers Conference,d3t2,,,Beavers,#002244,#FECB00,https://upload.wikimedia.org/wikipedia/en/5/50/Buena_Vista_University_logo.png?utm_source=en.wikipedia.org&utm_campaign=imageinfo&utm_content=original,bvuathletics.com,,,33.10,1116,0.2454,4.4,4,12,1,,,,7,10,1,4,12,2,,,,,,,,,,,records+db+v6,wikipedia:Buena Vista University,,,,
,CCNY,womens-soccer,D3,,,,,,,,,,,,,,,,,,,,,,,,,,,,,,,,Yanique Newman,Head Coach - Women's Soccer,ynewman1@ccny.cuny.edu,personal,,,coach,,,,,https://ccnyathletics.com/coaches.aspx?path=wsoc
cuny_brooklyn_college,CUNY Brooklyn College,womens-soccer,D3,City University of New York Athletic Conference,d3t2,Bulldogs,1,Buster the Bulldog,#861f41,#f1be48,https://upload.wikimedia.org/wikipedia/commons/4/43/Brooklyn_College_Logo.svg?utm_source=commons.wikimedia.org&utm_campaign=imageinfo&utm_content=original,,,,32.02,1139,0.2127,4.3,2,13,0,3,10,2,6,9,3,4,11,1,,,,,Agathangelos Tsantsaridis,Head Coach,a.tsantsaridis@brooklyn.cuny.edu,personal,,,records+db+v6+coach,wikipedia:Brooklyn College,,,,https://www.brooklyncollegeathletics.com/sports/womens-soccer/coaches
cuny_city_college,CUNY City College,womens-soccer,D3,City University of New York Athletic Conference,d3t2,Beavers,1,Benny the Beaver,#7D5CC6,#565A5C,https://upload.wikimedia.org/wikipedia/commons/2/25/CCNY_logo_flush_left.svg?utm_source=commons.wikimedia.org&utm_campaign=imageinfo&utm_content=original,,,,37.03,1030,0.3647,6.0,9,3,1,10,5,0,3,10,2,4,8,3,,,,,,,,,,,records+db+v6,wikipedia:City College of New York,,,,
cuny_john_jay_college_of_criminal_justice,CUNY John Jay College of Criminal Justice,womens-soccer,D3,City University of New York Athletic Conference,d3t2,Bloodhounds,1,Bloodhound,,,,,1,CUNYAC,45.04,756,0.6071,3.6,12,3,2,,,,10,6,1,11,3,3,,,,,Ajani Clunie,Head Coach,aclunie@jjay.cuny.edu,personal,,,records+db+v6+coach+grads,wikipedia:John Jay College of Criminal Justice,,agent-research:2025-womens-soccer,"beat CCNY 3-0 on Nov 8, 2025, 5th CUNYAC title in 6 years",https://johnjayathletics.com/sports/womens-soccer/coaches
cuny_lehman_college,CUNY Lehman College,womens-soccer,D3,City University of New York Athletic Conference,d3t2,Lightning,0,Lightning Bug,,,https://upload.wikimedia.org/wikipedia/en/d/d7/Lehman_College_logo.svg?utm_source=en.wikipedia.org&utm_campaign=imageinfo&utm_content=original,,,,33.94,1098,0.2708,2.9,2,10,1,5,8,1,11,5,0,1,13,0,,,,,Reindorf Kyei,Head Coach,reindorf.kyei@lehman.cuny.edu,personal,,,records+db+v6+coach+grads,wikipedia:Lehman College,,,,https://lehmanathletics.com/staff-directory
cuny_medgar_evers_college,CUNY Medgar Evers College,womens-soccer,D3,City University of New York Athletic Conference,d3t2,Cougars,1,,#231F20,#FDD044,https://upload.wikimedia.org/wikipedia/en/e/e8/Medgar_Evers_College_Logo.jpg?utm_source=en.wikipedia.org&utm_campaign=imageinfo&utm_content=original,,,,25.59,1204,0.0180,2.5,0,4,0,0,6,0,0,13,0,0,0,0,,,,,Kevin Blackstock,Head Coach / Coordinator of Soccer Operations,Blacstoc@gmail.com,personal,,,records+db+v6+coach+grads,wikipedia:Medgar Evers College,,,,https://mecathletics.com/staff-directory/kevin-blackstock/189
cuny_york_college,CUNY York College,womens-soccer,D3,City University of New York Athletic Conference,d3t2,,,Cardinal,,,https://upload.wikimedia.org/wikipedia/en/3/37/York_College%2C_CUNY_Logo.png?utm_source=en.wikipedia.org&utm_campaign=imageinfo&utm_content=original,,,,31.92,1144,0.2098,2.4,,,,,,,4,11,0,3,10,0,,,,,,,,,,,records+db+v6,"wikipedia:York College, City University of New York",,,,
cairn_university,Cairn University,womens-soccer,D3,United East Conference,d3t2,Highlanders,1,,,,https://upload.wikimedia.org/wikipedia/commons/b/bf/Cairn_univ_textlogo.png?utm_source=commons.wikimedia.org&utm_campaign=imageinfo&utm_content=original,cairnhighlanders.com,,,34.85,1081,0.2985,3.8,11,7,1,7,6,4,5,9,1,2,11,2,,,,,Kevin Smith,Head Coach,ksmith@cairn.edu,personal,,,records+db+v6+coach+grads,wikipedia:Cairn University,,,,https://www.cairnhighlanders.com/sports/womens-soccer/coaches
,Cal Lutheran,womens-soccer,D3,,,Regals,1,,#2e1b46,#ffc222,https://upload.wikimedia.org/wikipedia/commons/9/90/California_Lutheran_University_logo_starting_2014.png?utm_source=commons.wikimedia.org&utm_campaign=imageinfo&utm_content=original,,,,,,,7.2,,,,,,,,,,,,,,,,,Frank Marino,Head Coach,fmarino@callutheran.edu,personal,,,db+xsport+coach+grads,"wikipedia:California Lutheran University | borrowed from the mens-soccer row: primary_color,secondary_color,logo_url","Cal Lutheran women are the Regals (men the Kingsmen). This row duplicates California Lutheran University womens-soccer, same division — a naming split, not two programmes.",,,https://clusports.com/sports/womens-soccer/coaches
california_institute_of_technology,California Institute of Technology,womens-soccer,D3,Southern California Intercollegiate Athletic Conference,d3t1,Beavers,1,Bernoulli the Beaver,,,https://upload.wikimedia.org/wikipedia/commons/7/75/Caltech_Logo.svg?utm_source=commons.wikimedia.org&utm_campaign=imageinfo&utm_content=original,,,,29.86,1176,0.1471,9.6,4,8,5,0,12,3,3,12,1,1,11,2,,,,,,,,,,,records+db+v6+grads,wikipedia:California Institute of Technology,,,,
california_lutheran_university,California Lutheran University,womens-soccer,D3,Southern California Intercollegiate Athletic Conference,d3t1,Regals,1,,#2e1b46,#ffc222,https://upload.wikimedia.org/wikipedia/commons/9/90/California_Lutheran_University_logo_starting_2014.png?utm_source=commons.wikimedia.org&utm_campaign=imageinfo&utm_content=original,,1,SCIAC,52.66,543,0.8381,7.2,9,5,5,19,1,6,12,4,4,17,4,2,,,,,,,,,,,records+db+v6+grads,wikipedia:California Lutheran University,,agent-research:2025-womens-soccer,beat Pomona-Pitzer 2-1 for its first SCIAC tournament title since 2011,
,Caltech,womens-soccer,D3,,,Beavers,1,Bernoulli the Beaver,,,https://upload.wikimedia.org/wikipedia/commons/7/75/Caltech_Logo.svg?utm_source=commons.wikimedia.org&utm_campaign=imageinfo&utm_content=original,gocaltech.com,,,,,,,,,,,,,,,,,,,,,,,Scott Wilson,Head Coach,sdwilson@caltech.edu,personal,,,coach+xsport,"wikipedia:California Institute of Technology | borrowed from the mens-soccer row: nickname,nickname_plural,mascot,logo_url",,,,https://gocaltech.com/sports/womens-soccer/coaches
calvin_university,Calvin University,womens-soccer,D3,Michigan Intercollegiate Athletic Association,d3t2,Knights,1,,,,,calvinknights.com,1,MIAA-D3,49.66,618,0.7473,7.3,18,1,1,16,2,3,15,3,2,16,5,0,,,,,Emily Ottenhoff,Head Coach,eao8@calvin.edu,personal,,,records+db+v6+coach+grads,wikipedia:Calvin University,,agent-research:2025-womens-soccer,"beat Hope 2-1 on Nov 8, 2025, 4th straight MIAA tournament title",https://calvinknights.com/sports/womens-soccer/coaches
capital_university,Capital University,womens-soccer,D3,Ohio Athletic Conference,d3t2,Comets,1,,#663399,,https://upload.wikimedia.org/wikipedia/commons/3/3e/Capital_univ_logo_motto.png?utm_source=commons.wikimedia.org&utm_campaign=imageinfo&utm_content=original,athletics.capital.edu,,,40.58,912,0.4721,4.4,12,4,3,10,6,4,7,9,4,9,6,3,,,,,Matt Ogden,Head Women's Soccer Coach,mogden@capital.edu,personal,,,records+db+v6+coach+grads,wikipedia:Capital University,,,,https://athletics.capital.edu/sports/womens-soccer/coaches
carleton_college,Carleton College,womens-soccer,D3,Minnesota Intercollegiate Athletic Conference,d3t2,Knights,1,,#0B5091,#F3B61D,https://upload.wikimedia.org/wikipedia/commons/7/74/Carleton_College_logo.svg?utm_source=commons.wikimedia.org&utm_campaign=imageinfo&utm_content=original,athletics.carleton.edu,1,MIAC,48.59,654,0.7148,9.4,13,2,3,16,3,2,14,2,7,18,3,3,,,,,Jessica Mueller,Head Coach,jjmueller@carleton.edu,personal,,,records+db+v6+coach+grads,wikipedia:Carleton College,,agent-research:2025-womens-soccer,"won the MIAC playoff title on Nov 8, 2025 over St. Catherine",https://athletics.carleton.edu/sports/womens-soccer/coaches
carlow_university,Carlow University,womens-soccer,D3,Allegheny Mountain Collegiate Conference,d3t2,,,Celtics,,,https://upload.wikimedia.org/wikipedia/commons/6/6a/Carlow_univ_logo.png?utm_source=commons.wikimedia.org&utm_campaign=imageinfo&utm_content=original,athletics.carlow.edu,,,37.79,1006,0.3876,4.6,7,8,2,,,,,,,,,,,,,,Adam Hunter,Head Coach,ajhunter6234@carlow.edu,personal,,,records+db+v6+coach+grads,wikipedia:Carlow University,,,,https://athletics.carlow.edu/sports/wsoc/coaches/Adam_Hunter
carnegie_mellon_university,Carnegie Mellon University,womens-soccer,D3,University Athletic Association,d3t1,Tartans,1,Scotty the Scottish Terrier,#CC002B,#000000,https://upload.wikimedia.org/wikipedia/commons/f/f3/Carnegie_Mellon_University_wordmark.svg?utm_source=commons.wikimedia.org&utm_campaign=imageinfo&utm_content=original,,,,50.91,593,0.7852,9.7,12,2,2,11,0,6,11,2,4,9,4,5,,,,,Yon Struble,Head Coach,ystruble@andrew.cmu.edu,personal,,,records+db+v6+coach+grads,wikipedia:Carnegie Mellon University,,,,https://athletics.cmu.edu/sports/wsoc/coaches/index
,Carroll (WI),womens-soccer,D3,,,Pioneers,1,Pio Pete,#F26722,,https://upload.wikimedia.org/wikipedia/commons/5/5a/Carroll_univ_textlogo.png?utm_source=commons.wikimedia.org&utm_campaign=imageinfo&utm_content=original,,,,,,,,,,,,,,,,,,,,,,,,Tom Torres,Head Coach,ttorres@carrollu.edu,personal,,,coach+xsport,"wikipedia:Carroll University | borrowed from the mens-soccer row: nickname,nickname_plural,mascot,primary_color,logo_url",,,,https://gopios.com/staff-directory/tom-torres/372
carroll_university,Carroll University,womens-soccer,D3,College Conference of Illinois & Wisconsin,d3t2,Pioneers,1,Pio Pete,#F26722,,https://upload.wikimedia.org/wikipedia/commons/5/5a/Carroll_univ_textlogo.png?utm_source=commons.wikimedia.org&utm_campaign=imageinfo&utm_content=original,,,,41.50,882,0.4999,5.5,11,4,5,11,6,3,11,4,3,5,6,5,,,,,,,,,,,records+db+v6+grads,wikipedia:Carroll University,,,,
carthage_college,Carthage College,womens-soccer,D3,College Conference of Illinois & Wisconsin,d3t2,Firebirds,1,Ember,#D0202E,,https://upload.wikimedia.org/wikipedia/en/7/7d/Carthage_College_logo.svg?utm_source=en.wikipedia.org&utm_campaign=imageinfo&utm_content=original,athletics.carthage.edu,,,35.77,1060,0.3264,5.0,3,8,5,2,7,7,5,8,4,8,6,5,,,,,Chelsea Davis,Head Women's Soccer Coach,cdavis7@carthage.edu,personal,,,records+db+v6+coach+grads,wikipedia:Carthage College,,,,https://athletics.carthage.edu/sports/womens-soccer/coaches
case_western_reserve_university,Case Western Reserve University,womens-soccer,D3,University Athletic Association,d3t1,Spartans,1,Spartie,,,,,,,52.75,539,0.8408,9.2,20,1,1,12,2,4,9,5,5,14,2,4,final,,,,Alyssa Johnson,Head Coach,afj28@case.edu,personal,,,records+db+v6+coach+grads,wikipedia:Case Western Reserve University,,,,https://athletics.case.edu/sports/womens-soccer/coaches
catholic_university_of_america,Catholic University of America,womens-soccer,D3,Landmark Conference,d3t2,Cardinals,1,Cardinal,#FFC72C,#FFFFFF,https://upload.wikimedia.org/wikipedia/commons/8/82/Catholic_univ_america_full_logo.png?utm_source=commons.wikimedia.org&utm_campaign=imageinfo&utm_content=original,catholicathletics.com,,,40.22,926,0.4612,7.3,3,10,5,12,5,3,8,7,4,11,7,3,,,,,Casey Sommers,Head Coach,sommerscl@cua.edu,personal,,,records+db+v6+coach+grads,wikipedia:Catholic University of America,,,,https://catholicathletics.com/sports/womens-soccer/coaches
cedar_crest_college,Cedar Crest College,womens-soccer,D3,Colonial States Athletic Conference,d3t2,Falcons,1,,#FCC037,,https://upload.wikimedia.org/wikipedia/en/f/f4/Cedar_Crest_College_logo.svg?utm_source=en.wikipedia.org&utm_campaign=imageinfo&utm_content=original,,,,35.39,1070,0.3148,4.1,12,4,2,4,5,7,5,8,2,3,11,0,,,,,Rosie Famolaro,Head Soccer Coach,rosabeth.famolaro@cedarcrest.edu,personal,,,records+db+v6+coach+grads,wikipedia:Cedar Crest College,,,,https://cedarcrestathletics.com/sports/womens-soccer/coaches
,Centenary (NJ),womens-soccer,D3,,,Cyclones,1,Sid the Cyclone,,,https://upload.wikimedia.org/wikipedia/commons/2/26/Centenary_University_logo.svg?utm_source=commons.wikimedia.org&utm_campaign=imageinfo&utm_content=original,,,,,,,,,,,,,,,,,,,,,,,,Kevin Davies,Head Women's Soccer Coach,kevin.davies@centenaryuniversity.edu,personal,,,coach+xsport,"wikipedia:Centenary University | borrowed from the mens-soccer row: nickname,nickname_plural,mascot,logo_url",,,,https://centenarycyclones.com/sports/womens-soccer/coaches
centenary_college_of_louisiana,Centenary College of Louisiana,womens-soccer,D3,Southern Collegiate Athletic Conference,d3t2,Ladies,1,,,,https://upload.wikimedia.org/wikipedia/commons/4/43/Centenary_College.png?utm_source=commons.wikimedia.org&utm_campaign=imageinfo&utm_content=original,,,,29.58,1180,0.1387,5.0,2,16,2,,,,,,,,,,,,,,,,,,,,records+db+v6+grads,wikipedia:Centenary College of Louisiana,,,,
centenary_university,Centenary University,womens-soccer,D3,Atlantic East Conference,d3t2,Cyclones,1,Sid the Cyclone,,,https://upload.wikimedia.org/wikipedia/commons/2/26/Centenary_University_logo.svg?utm_source=commons.wikimedia.org&utm_campaign=imageinfo&utm_content=original,,,,32.51,1128,0.2276,5.4,4,9,2,5,9,2,4,12,0,4,10,3,,,,,,,,,,,records+db+v6+grads,wikipedia:Centenary University,,,,
central_college,Central College,womens-soccer,D3,American Rivers Conference,d3t2,Cardinals,1,Chippy the Cardinal,#BA0C2F,#FFFFFF,https://upload.wikimedia.org/wikipedia/en/f/f3/North_Central_College_logo.svg?utm_source=en.wikipedia.org&utm_campaign=imageinfo&utm_content=original,,,,42.28,862,0.5236,5.9,9,6,3,9,5,4,11,7,2,10,5,3,,,,,,,,,,,records+db+v6+grads,wikipedia:North Central College,,,,
centre_college,Centre College,womens-soccer,D3,Southern Athletic Association,d3t1,Colonels,1,,,,,centrecolonels.com,,,51.36,581,0.7987,8.6,16,3,2,12,2,5,11,5,2,13,5,2,,,,,Jay Hoffman,Head Coach,jay.hoffman@centre.edu,personal,,,records+db+v6+coach+grads,athletics-domain:centrecolonels.com,"copied from this school's other row (Centre), same division; that row's nickname was recovered from the school's own athletics site",,,https://centrecolonels.com/sports/womens-soccer/coaches
chapman_university,Chapman University,womens-soccer,D3,Southern California Intercollegiate Athletic Conference,d3t1,Panthers,1,Pete the Panther,#a50034,#231f20,https://upload.wikimedia.org/wikipedia/commons/f/f4/Chapman_University_logo.svg?utm_source=commons.wikimedia.org&utm_campaign=imageinfo&utm_content=original,chapmanathletics.com,,,40.60,911,0.4727,8.6,4,7,6,6,6,5,6,9,2,8,7,4,,,,,TJ Perez,Head Coach,typerez@chapman.edu,personal,,,records+db+v6+coach+grads,wikipedia:Chapman University,,,,https://athletics.chapman.edu/sports/womens-soccer/coaches
chatham_university,Chatham University,womens-soccer,D3,Presidents' Athletic Conference,d3t2,Cougars,1,Carson the Cougar,#4e2a6e,#686f76,https://upload.wikimedia.org/wikipedia/commons/8/86/Chatham_univ_purplelogo.png?utm_source=commons.wikimedia.org&utm_campaign=imageinfo&utm_content=original,gochathamcougars.com,,,38.77,976,0.4171,6.5,11,3,4,2,11,3,8,9,2,10,6,3,,,,,Betsy Warren,Head Women's Soccer Coach,bwarren@chatham.edu,personal,,,records+db+v6+coach+grads,wikipedia:Chatham University,,,,https://gochathamcougars.com/sports/womens-soccer/coaches
christopher_newport_university,Christopher Newport University,womens-soccer,D3,Coast-to-Coast Athletic Conference,d3t2,Captains,1,Captain Chris,#003366,#D8D8D8,https://upload.wikimedia.org/wikipedia/commons/0/0c/Christopher_Newport_University_%28logo%29.svg?utm_source=commons.wikimedia.org&utm_campaign=imageinfo&utm_content=original,www.cnusports.com,1,C2C,51.59,574,0.8058,5.9,19,0,3,19,0,3,19,2,2,14,2,3,,,,,Jamie Gunderson,Head Coach,james.gunderson@cnu.edu,personal,,,records+db+v6+coach+grads,wikipedia:Christopher Newport University,,agent-research:2025-womens-soccer,"beat UC Santa Cruz 1-0 (OT) on Nov 9, 2025 in the C2C final",https://www.cnusports.com/sports/womens-soccer/coaches
claremont_mckenna_college,Claremont McKenna College,womens-soccer,D3,Southern California Intercollegiate Athletic Conference,d3t1,Claremont-Mudd-Scripps Stags,1,,#981A31,#231F20,https://upload.wikimedia.org/wikipedia/en/d/d9/Claremont_McKenna_College_logo.svg?utm_source=en.wikipedia.org&utm_campaign=imageinfo&utm_content=original,,,,48.45,659,0.7105,9.6,9,6,6,7,7,3,13,4,3,13,4,3,,,,,,,,,,,records+db+v6,wikipedia:Claremont McKenna College,,,,
,Claremont-Mudd-Scripps,womens-soccer,D3,,,,,,,,,cmsathletics.org,,,,,,9.6,,,,,,,,,,,,,,,,,David Nolan,Head Coach,david.nolan@cms.claremont.edu,personal,,,db+coach+grads,,Added for coaching-contact coverage; soccer_score/academic_rating are placeholders; academic_rating taken from this university's mens row 2026-08-24; this row held a placeholder,,,https://cmsathletics.org/sports/womens-soccer/coaches
,Clark (Mass.),womens-soccer,D3,,,,,,,,,,,,,,,,,,,,,,,,,,,,,,,,Brienne Smith,Head Coach,briesmith@clarku.edu,personal,,,coach,,,,,https://clarkathletics.com/sports/womens-soccer/coaches
clark_university,Clark University,womens-soccer,D3,New England Women's and Men's Athletic Conference,d3t2,Cougars,1,Jonas,#CC0000,#FFFFFF,https://upload.wikimedia.org/wikipedia/commons/f/ff/Clark_University_wordmark.svg?utm_source=commons.wikimedia.org&utm_campaign=imageinfo&utm_content=original,,,,38.06,994,0.3957,8.7,12,6,2,8,7,4,5,11,2,7,6,5,,,,,,,,,,,records+db+v6+grads,wikipedia:Clark University,,,,
clarkson_university,Clarkson University,womens-soccer,D3,Liberty League,d3t1,Golden Knights,1,The Golden Knight,#004E42,#FDDA24,https://upload.wikimedia.org/wikipedia/commons/5/53/Clarkson-university-logo-green.png?utm_source=commons.wikimedia.org&utm_campaign=imageinfo&utm_content=original,,,,40.55,913,0.4711,7.8,9,6,4,11,5,2,5,7,5,3,9,3,,,,,Zac Shaw,Head Coach - Women's Soccer,zshaw@clarkson.edu,personal,,,records+db+v6+coach+grads,wikipedia:Clarkson University,,,,https://clarksonathletics.com/sports/womens-soccer/coaches
coe_college,Coe College,womens-soccer,D3,American Rivers Conference,d3t2,Kohawks,1,Charlie Kohawk,#880011,#D3902F,https://upload.wikimedia.org/wikipedia/commons/1/10/Coe_college_textlogo.png?utm_source=commons.wikimedia.org&utm_campaign=imageinfo&utm_content=original,kohawkathletics.com,,,29.79,1177,0.1451,6.6,1,15,1,6,9,2,3,13,2,2,12,4,,,,,,,,,,,records+db+v6,wikipedia:Coe College,,,,
colby_college,Colby College,womens-soccer,D3,New England Small College Athletic Conference,d3t1,Mules,1,Morty the Mule,#002878,#E3D7D1,https://upload.wikimedia.org/wikipedia/commons/1/10/Colby_College_logo.svg?utm_source=commons.wikimedia.org&utm_campaign=imageinfo&utm_content=original,colbyathletics.com,,,46.04,724,0.6375,9.3,5,9,1,5,6,4,13,5,3,11,5,3,,,,,Seth Benjamin,Head Women's Soccer Coach,sbenjami@colby.edu,personal,,,records+db+v6+coach+grads,wikipedia:Colby College,,,,https://colbyathletics.com/sports/womens-soccer/coaches
colby_sawyer,Colby-Sawyer,womens-soccer,D3,Great Northeast Athletic Conference,d3t2,,,Chargers (Horse),,,https://upload.wikimedia.org/wikipedia/commons/3/32/Colby_sawyer_logo_motto.png?utm_source=commons.wikimedia.org&utm_campaign=imageinfo&utm_content=original,colbyathletics.com,,,38.64,980,0.4135,5.7,7,10,4,12,7,3,9,4,8,6,9,5,,,,,Anthony Cosky,Head Coach,anthony.cosky@colby-sawyer.edu,personal,,,records+db+xsport+v6+coach+grads,"wikipedia:Colby–Sawyer College | borrowed from the mens-soccer row: mascot,logo_url",Added for coaching-contact coverage; soccer_score/academic_rating are placeholders; academic_rating aligned to the divisional fill 2026-08-24: the two sport rows disagreed and neither value was a measurement,,,https://www.colby-sawyerathletics.com/sports/womens-soccer/roster/coaches/anthony-cosky/1243
college_of_mount_saint_vincent,College of Mount Saint Vincent,womens-soccer,D3,Skyline Conference,d3t2,Dolphins,1,Dolphin,,,https://upload.wikimedia.org/wikipedia/en/f/f7/University_of_Mount_Saint_Vincent_wordmark_2026.png?utm_source=en.wikipedia.org&utm_campaign=imageinfo&utm_content=original,athletics.stvincent.edu,,,44.69,767,0.5968,3.5,,,,13,6,3,11,6,2,13,4,2,,,,,Jason Weisberg,Head Coach,jason.weisberg@umsv.edu,personal,,,records+db+v6+coach+grads,wikipedia:University of Mount Saint Vincent,,,,https://umsvathletics.com/sports/womens-soccer/coaches
college_of_saint_benedict,College of Saint Benedict,womens-soccer,D3,Minnesota Intercollegiate Athletic Conference,d3t2,Bennies,1,,,,,,,,38.09,992,0.3966,6.7,12,5,2,9,6,3,5,8,4,7,11,0,,,,,Steve Kimble,Head Soccer Coach,skimble@csbsju.edu,personal,,,records+db+v6+coach+grads,wikipedia:College of Saint Benedict and Saint John's University,,,,https://gobennies.com/sports/womens-soccer/coaches
concordia_college_moorhead,Concordia College-Moorhead,womens-soccer,D3,Minnesota Intercollegiate Athletic Conference,d3t2,Cobbers,1,Kernel Cobb,#633,#FFD250,https://upload.wikimedia.org/wikipedia/commons/d/d9/Concordia_moorhead_logo.png?utm_source=commons.wikimedia.org&utm_campaign=imageinfo&utm_content=original,,,,37.77,1007,0.3869,5.9,5,10,2,,,,8,7,1,,,,,,,,Jared Rice,Head Coach,jrice1@cord.edu,personal,,,records+db+v6+coach+grads,"wikipedia:Concordia College (Moorhead, Minnesota)",,,,https://gocobbers.com/sports/wsoc/coaches/jaredrice
concordia_university_chicago,Concordia University-Chicago,womens-soccer,D3,Northern Athletics Collegiate Conference,d3t2,,,Charlie T. Cougar,,,https://upload.wikimedia.org/wikipedia/commons/b/b9/Concordia_univ_chicago_textlogo.png?utm_source=commons.wikimedia.org&utm_campaign=imageinfo&utm_content=original,,,,31.94,1142,0.2104,2.7,3,8,5,3,12,3,7,9,4,3,13,3,,,,,Patrick Elster,Interim Head Women's Soccer Coach,Patrick.Elster@cuchicago.edu,personal,,,records+db+v6+coach+grads,wikipedia:Concordia University Chicago,,,,https://www.cucougars.com/sports/womens-soccer/coaches
concordia_university_texas,Concordia University-Texas,womens-soccer,D3,Southern Collegiate Athletic Conference,d3t2,Tornados,1,,#4A1F78,#F2AE22,https://upload.wikimedia.org/wikipedia/commons/1/12/Concordia_univ_texas_textlogo.png?utm_source=commons.wikimedia.org&utm_campaign=imageinfo&utm_content=original,athletics.concordia.edu,,,37.04,1029,0.3647,3.5,9,6,3,2,7,8,9,8,2,7,9,4,,,,,Andy Tunnicliffe,Head Coach,andy.tunnicliffe@concordia.edu,personal,,,records+db+v6+coach+grads,wikipedia:Concordia University Texas,,,,https://athletics.concordia.edu/sports/womens-soccer/coaches
concordia_university_wisconsin,Concordia University-Wisconsin,womens-soccer,D3,Northern Athletics Collegiate Conference,d3t2,Falcons,1,Freddy the Falcon,#005596,#faa634,https://upload.wikimedia.org/wikipedia/commons/0/01/Concordia_univ_wis_textlogo.png?utm_source=commons.wikimedia.org&utm_campaign=imageinfo&utm_content=original,cuwfalcons.com,,,40.93,901,0.4826,6.2,17,4,2,5,10,3,11,5,3,9,8,3,,,,,Ryan Middendorf,Head Coach,ryan.middendorf@cuw.edu,personal,,,records+db+v6+coach+grads,wikipedia:Concordia University Wisconsin,,,,https://www.cuwfalcons.com/staff-directory
,Conn College,womens-soccer,D3,,,,,,,,,,,,,,,,,,,,,,,,,,,,,,,,Norm Riker,Head Women's Soccer Coach,nriker@conncoll.edu,personal,,,coach,,,,,https://camelathletics.com/sports/womens-soccer/coaches
connecticut_college,Connecticut College,womens-soccer,D3,New England Small College Athletic Conference,d3t1,,,Camel (Dromedary),#002F5F,#FFFFFF,https://upload.wikimedia.org/wikipedia/commons/7/7b/Connecticut_college_textlogo.png?utm_source=commons.wikimedia.org&utm_campaign=imageinfo&utm_content=original,camelathletics.com,,,40.21,927,0.4610,8.4,7,6,3,9,6,1,5,9,2,5,9,1,,,,,,,,,,,records+db+v6,wikipedia:Connecticut College,,,,
cornell_college,Cornell College,womens-soccer,D3,Midwest Conference,d3t2,Rams,1,,,,https://upload.wikimedia.org/wikipedia/commons/5/5e/Cornell_college_textlogo.png?utm_source=commons.wikimedia.org&utm_campaign=imageinfo&utm_content=original,cornellrams.com,,,27.62,1197,0.0794,6.7,4,13,3,1,10,3,2,13,1,2,15,0,,,,,,,,,,,records+db+v6+grads,wikipedia:Cornell College,,,,
covenant_college,Covenant College,womens-soccer,D3,Collegiate Conference of the South,d3t2,Scots,1,,#003399,,https://upload.wikimedia.org/wikipedia/en/5/50/Covenant_College_logo.png?utm_source=en.wikipedia.org&utm_campaign=imageinfo&utm_content=original,athletics.covenant.edu,,,39.03,961,0.4251,7.3,7,5,5,8,5,5,9,6,1,6,9,2,,,,,,,,,,,records+db+v6,wikipedia:Covenant College,,,,
crown_college,Crown College,womens-soccer,D3,Upper Midwest Athletic Conference,d3t2,Polars,1,,,,https://upload.wikimedia.org/wikipedia/commons/3/3e/Crown_college_logo.png?utm_source=commons.wikimedia.org&utm_campaign=imageinfo&utm_content=original,,,,34.48,1089,0.2871,1.8,7,10,4,9,11,3,7,9,3,4,13,4,,,,,Devin Chuba,Head Women's Soccer Coach,chubad@crown.edu,personal,,,records+db+v6+coach+grads,wikipedia:Crown College (Minnesota),,,,https://athletics.crown.edu/sports/womens-soccer/coaches
curry_college,Curry College,womens-soccer,D3,Conference of New England,d3t1,Colonels,1,,,,https://upload.wikimedia.org/wikipedia/commons/3/3e/Curry_college_logo.png?utm_source=commons.wikimedia.org&utm_campaign=imageinfo&utm_content=original,curryathletics.com,,,41.01,892,0.4852,4.6,10,6,3,4,7,7,,,,,,,,,,,Lindsey Garvey,Head Coach,lindsey.garvey@curry.edu,personal,,,records+db+v6+coach+grads,wikipedia:Curry College,,,,https://www.curryathletics.com/information/directory/index
depauw_university,DePauw University,womens-soccer,D3,North Coast Athletic Conference,d3t1,Tigers,1,Tyler the Tiger,,,https://upload.wikimedia.org/wikipedia/en/f/fa/DePauw_University_logo.png?utm_source=en.wikipedia.org&utm_campaign=imageinfo&utm_content=original,,,,47.50,684,0.6818,8.4,10,5,3,11,4,5,12,6,3,10,7,1,,,,,Cristin Allen,Head Coach,cristinallen@depauw.edu,personal,,,records+db+v6+coach+grads,wikipedia:DePauw University,,,,https://depauwtigers.com/sports/womens-soccer/coaches
desales_university,DeSales University,womens-soccer,D3,Middle Atlantic Conference (Freedom),d3t2,Bulldogs,1,Frankie the Bulldog,#000077,#DD0000,,athletics.desales.edu,,,34.68,1085,0.2932,5.9,13,7,2,5,13,1,6,12,2,4,9,3,,,,,Melina Couzis,Head Women's Soccer Coach,Melina.Couzis@desales.edu,personal,,,records+db+v6+coach+grads,wikipedia:DeSales University,,,,https://athletics.desales.edu/sports/womens-soccer/coaches
dean,Dean,womens-soccer,D3,Great Northeast Athletic Conference,d3t2,,,,,,,deanbulldogs.com,,,29.02,1185,0.1219,3.6,2,10,4,4,10,3,2,12,3,2,14,2,,,,,Allie Bezio,Head Coach,Abezio@dean.edu,personal,,,records+db+v6+coach+grads,,Added for coaching-contact coverage; soccer_score/academic_rating are placeholders,,,https://deanbulldogs.com/sports/womens-soccer/coaches
delaware_valley_university,Delaware Valley University,womens-soccer,D3,Middle Atlantic Conference (Freedom),d3t2,Aggies,1,Ram,,,https://upload.wikimedia.org/wikipedia/commons/2/20/Delaware_valley_univ_logo.svg?utm_source=commons.wikimedia.org&utm_campaign=imageinfo&utm_content=original,athletics.delval.edu,,,30.51,1168,0.1671,4.8,6,12,1,7,10,2,2,15,1,3,14,1,,,,,Ben Wilson,Head Women's Soccer Coach,Benjamin.Wilson@delval.edu,personal,,,records+db+v6+coach+grads,wikipedia:Delaware Valley University,,,,https://athletics.delval.edu/sports/womens-soccer/coaches
denison_university,Denison University,womens-soccer,D3,North Coast Athletic Conference,d3t1,Big Red,0,,,,https://upload.wikimedia.org/wikipedia/commons/2/22/Denison-logo.svg?utm_source=commons.wikimedia.org&utm_campaign=imageinfo&utm_content=original,,,,44.96,757,0.6050,8.9,7,9,4,8,5,6,10,5,3,9,5,5,,,,,Sarah Brink,Head Women's Soccer Coach,brinks@denison.edu,personal,,,records+db+v6+coach+grads,wikipedia:Denison University,,,,https://bigred.denison.edu/sports/womens-soccer/coaches
dickinson_college,Dickinson College,womens-soccer,D3,Centennial Conference,d3t2,Red Devils,1,,#C8102E,,https://upload.wikimedia.org/wikipedia/commons/3/39/Dickinson_college_wmark.png?utm_source=commons.wikimedia.org&utm_campaign=imageinfo&utm_content=original,dickinsonathletics.com,,,43.17,828,0.5505,8.6,10,7,2,9,8,1,11,5,3,13,5,3,,,,,Ted Zingman,Head Women's Soccer Coach,zingmant@dickinson.edu,personal,,,records+db+v6+coach+grads,wikipedia:Dickinson College,,,,https://dickinsonathletics.com/sports/womens-soccer/coaches
,Dominican (IL),womens-soccer,D3,,,Stars,1,,#1D3B6E,#007BBB,https://upload.wikimedia.org/wikipedia/commons/5/53/Dominican_univ_il_textlogo.png?utm_source=commons.wikimedia.org&utm_campaign=imageinfo&utm_content=original,dominicanathletics.com,,,,,,,,,,,,,,,,,,,,,,,Carlos Carrillo,Head Women's Soccer Coach,ccarrillo@dom.edu,personal,,,coach+xsport,"wikipedia:Dominican University (Illinois) | borrowed from the mens-soccer row: nickname,nickname_plural,primary_color,secondary_color,logo_url",,,,https://dustars.com/sports/womens-soccer/coaches
dominican_university,Dominican University,womens-soccer,D3,Northern Athletics Collegiate Conference,d3t2,Stars,1,,,,https://upload.wikimedia.org/wikipedia/commons/2/2d/Dominican_univ_california_logo.png?utm_source=commons.wikimedia.org&utm_campaign=imageinfo&utm_content=original,,,,43.28,820,0.5539,3.2,13,4,2,9,7,4,11,6,3,12,6,1,,,,,,,,,,,records+db+v6,athletics-domain:dustars.com,"Dominican University (IL), D3 NACC — same school as the Dominican (IL) row. Had been matched to Dominican University of CALIFORNIA, whose Penguins remain correct on the Dominican (CA) rows. Confirmed on dustars.com (99 mentions).",,,
drew_university,Drew University,womens-soccer,D3,Landmark Conference,d3t2,Rangers,1,,,,https://upload.wikimedia.org/wikipedia/commons/9/94/Drew_University_logo.svg?utm_source=commons.wikimedia.org&utm_campaign=imageinfo&utm_content=original,,,,39.65,943,0.4439,7.1,11,6,2,12,7,1,9,7,4,6,9,3,,,,,Ray Goon,Head Women's Soccer Coach,rgoon@drew.edu,personal,,,records+db+v6+coach+grads,wikipedia:Drew University,,,,https://drewrangers.com/sports/womens-soccer/coaches
earlham_college,Earlham College,womens-soccer,D3,Heartland Collegiate Athletic Conference,d3t2,Quakers,1,Big Earl,#861F41,#FFFFFF,https://upload.wikimedia.org/wikipedia/commons/9/93/Earlham_College_wordmark.svg?utm_source=commons.wikimedia.org&utm_campaign=imageinfo&utm_content=original,goearlham.com,,,32.54,1126,0.2285,7.6,5,7,3,3,10,2,3,8,4,5,12,1,,,,,Lydia Harvey,Head Women's Soccer Coach,ljharvey15@earlham.edu,personal,,,records+db+v6+coach+grads,wikipedia:Earlham College,,,,https://goearlham.com/sports/womens-soccer/coaches
east_texas_baptist_university,East Texas Baptist University,womens-soccer,D3,American Southwest Conference,d3t2,Tigers,1,Tiger,#000080,#ecbc00,https://upload.wikimedia.org/wikipedia/commons/c/cd/Etbu_logo.png?utm_source=commons.wikimedia.org&utm_campaign=imageinfo&utm_content=original,,,,36.15,1053,0.3378,3.3,8,8,2,5,5,6,6,11,1,5,7,3,,,,,Joey Petrich,Head Coach,jpetrich@etbu.edu,personal,,,records+db+v6+coach+grads,athletics-domain:goetbutigers.com,"copied from this school's other row (East Texas Baptist), same division; that row's nickname was recovered from the school's own athletics site",,,https://goetbutigers.com/sports/womens-soccer/coaches
,Eastern (PA),womens-soccer,D3,,,,,Eagle,,,https://upload.wikimedia.org/wikipedia/commons/e/e5/Eastern_univ_penn_logo.png?utm_source=commons.wikimedia.org&utm_campaign=imageinfo&utm_content=original,usueasternathletics.com,,,,,,,,,,,,,,,,,,,,,,,Jess Shanahan,Head Coach,jessica.shanahan@eastern.edu,personal,,,coach+xsport,"wikipedia:Eastern University (United States) | borrowed from the mens-soccer row: mascot,logo_url",,,,https://goeasterneagles.com/sports/womens-soccer/coaches
eastern_connecticut,Eastern Connecticut,womens-soccer,D3,Little East Conference,d3t2,Warriors,1,Willi The Warrior,,,https://upload.wikimedia.org/wikipedia/en/a/a1/Logo_2_of_Eastern_Connecticut_State_University.png?utm_source=en.wikipedia.org&utm_campaign=imageinfo&utm_content=original,gowarriorathletics.com,,,38.31,986,0.4033,4.8,6,6,5,4,7,4,6,10,2,10,5,3,,,,,Sarah Tompkins,Head Women's Soccer Coach,tompkinss@easternct.edu,personal,,,records+db+xsport+v6+coach+grads,"wikipedia:Eastern Connecticut State University | borrowed from the mens-soccer row: nickname,nickname_plural,mascot,logo_url",Added for coaching-contact coverage; soccer_score/academic_rating are placeholders; academic_rating aligned to the divisional fill 2026-08-24: the two sport rows disagreed and neither value was a measurement,,,https://gowarriorathletics.com/sports/womens-soccer/coaches
eastern_mennonite_university,Eastern Mennonite University,womens-soccer,D3,Old Dominion Athletic Conference,d3t2,Royals,1,HeRM (His Royal Majesty) the Lion,,,https://upload.wikimedia.org/wikipedia/commons/2/29/Emu_virginia_logo.png?utm_source=commons.wikimedia.org&utm_campaign=imageinfo&utm_content=original,emuroyals.com,,,30.69,1165,0.1725,7.0,2,13,3,1,13,3,4,13,2,6,11,1,,,,,Leonardo Alcoreza,Head Women's Soccer Coach,leo.alcoreza@emu.edu,personal,,,records+db+v6+coach+grads,wikipedia:Eastern Mennonite University,,,,https://emuroyals.com/sports/womens-soccer/coaches
eastern_university,Eastern University,womens-soccer,D3,Middle Atlantic Conference (Commonwealth),d3t2,Panthers,1,Billy the Panther,#004C97,#75787B,https://upload.wikimedia.org/wikipedia/en/1/1f/Eastern_Illinois_University_logo.svg?utm_source=en.wikipedia.org&utm_campaign=imageinfo&utm_content=original,,,,38.66,979,0.4139,2.6,1,12,5,4,7,6,12,6,3,9,5,5,,,,,,,,,,,records+db+v6,wikipedia:Eastern Illinois University,,,,
edgewood_college,Edgewood College,womens-soccer,D3,Northern Athletics Collegiate Conference,d3t2,Eagles,1,Eddy the Eagle,#BB0000,#000000,,edgewoodeagles.com,,,43.48,812,0.5599,4.4,11,5,2,9,8,4,9,5,5,15,5,1,,,,,Jon Gulrajani,Head Coach,jgulrajani@edgewood.edu,personal,,,records+db+v6+coach+grads,wikipedia:Edgewood University,,,,https://edgewoodeagles.com/sports/womens-soccer/coaches
elizabethtown_college,Elizabethtown College,womens-soccer,D3,Landmark Conference,d3t2,Blue Jays,1,,#0A2240,#3DB5E6,https://upload.wikimedia.org/wikipedia/commons/4/48/Elizabethtown_college_full_logo.png?utm_source=commons.wikimedia.org&utm_campaign=imageinfo&utm_content=original,etownbluejays.com,,,38.51,983,0.4094,6.3,5,9,2,6,9,3,9,5,4,7,5,6,,,,,Ryan Sipe,Head Coach,sipe@etown.edu,personal,,,records+db+v6+coach+grads,wikipedia:Elizabethtown College,,,,https://etownbluejays.com/sports/womens-soccer/coaches
elmhurst_university,Elmhurst University,womens-soccer,D3,College Conference of Illinois & Wisconsin,d3t2,Bluejays,1,Victor E. Bluejay,#102B58,#FFFFFF,https://upload.wikimedia.org/wikipedia/commons/c/c5/Elmhurst_University_logo.svg?utm_source=commons.wikimedia.org&utm_campaign=imageinfo&utm_content=original,elmhurstbluejays.com,,,40.16,930,0.4593,5.1,,,,6,8,4,9,9,2,12,6,3,,,,,Susie McCreery Foster,Head Women's Soccer Coach,susan.foster@elmhurst.edu,personal,,,records+db+v6+coach+grads,wikipedia:Elmhurst University,,,,https://elmhurstbluejays.com/sports/womens-soccer/coaches
elmira_college,Elmira College,womens-soccer,D3,Empire 8,d3t2,,,Soaring Eagle,#3f1e6b,#f1cd44,https://upload.wikimedia.org/wikipedia/commons/4/46/Elmira_College_logo.svg?utm_source=commons.wikimedia.org&utm_campaign=imageinfo&utm_content=original,athletics.elmira.edu,,,31.22,1154,0.1886,6.7,6,9,2,3,10,4,5,10,2,2,13,2,,,,,,,,,,,records+db+v6,wikipedia:Elmira College,,,,
,Elms,womens-soccer,D3,,,Blazers,1,,,,https://upload.wikimedia.org/wikipedia/commons/3/3f/ElmsCollege_TextLogo.svg?utm_source=commons.wikimedia.org&utm_campaign=imageinfo&utm_content=original,ecblazers.com,,,,,,5.2,,,,,,,,,,,,,,,,,Sean Milbier,Head Women's Soccer Coach,milbiers@elms.edu,personal,,,db+xsport+coach+grads,"wikipedia:Elms College | borrowed from the mens-soccer row: nickname,nickname_plural,logo_url",Added for coaching-contact coverage; soccer_score/academic_rating are placeholders; academic_rating aligned to the divisional fill 2026-08-24: the two sport rows disagreed and neither value was a measurement,,,https://www.ecblazers.com/sports/wsoc/Coaches/index
emerson_college,Emerson College,womens-soccer,D3,New England Women's and Men's Athletic Conference,d3t2,Lions,1,Griff the Lion,#62259D,#FFD700,https://upload.wikimedia.org/wikipedia/commons/4/44/Emerson_college_mass_logo.png?utm_source=commons.wikimedia.org&utm_campaign=imageinfo&utm_content=original,,,,40.46,920,0.4686,7.4,12,4,5,10,7,2,7,8,5,9,6,4,,,,,David Suvak,Head Women's Soccer Coach,david_suvak@emerson.edu,personal,,,records+db+v6+coach+grads,wikipedia:Emerson College,,,,https://emersonlions.com/sports/womens-soccer/coaches
,Emmanuel (Mass.),womens-soccer,D3,,,,,,,,,,,,,,,,,,,,,,,,,,,,,,,,Erinn Ring,Head Women's Soccer Coach,ringe@emmanuel.edu,personal,,,coach,,,,,https://goecsaints.com/sports/womens-soccer/coaches
emory_university,Emory University,womens-soccer,D3,University Athletic Association,d3t1,Eagles,1,Swoop the Eagle / Dooley the Skeleton,#012169,#b58500,https://upload.wikimedia.org/wikipedia/en/8/8f/Emory_U_Logo.svg?utm_source=en.wikipedia.org&utm_campaign=imageinfo&utm_content=original,,,,53.21,526,0.8549,9.4,13,5,1,8,5,6,14,4,4,21,2,1,,,,final,Sue Patberg,Head Coach,spatber@emory.edu,personal,,,records+db+v6+coach+grads,wikipedia:Emory University,,,,https://emoryathletics.com/sports/womens-soccer/coaches
endicott_college,Endicott College,womens-soccer,D3,Conference of New England,d3t1,Gulls,1,,#00325D,#007C57,https://upload.wikimedia.org/wikipedia/commons/1/11/Endicott_college_textlogo.png?utm_source=commons.wikimedia.org&utm_campaign=imageinfo&utm_content=original,ecgulls.com,,,44.88,761,0.6023,6.9,,,,,,,10,6,4,,,,,,,,Lauren Pien,Head Coach,lpien@endicott.edu,personal,,,records+db+v6+coach+grads,wikipedia:Endicott College,,,,https://www.ecgulls.com/sports/wsoc/coaches/pien_lauren
eureka_college,Eureka College,womens-soccer,D3,St. Louis Intercollegiate Athletic Conference,d3t2,Red Devils,1,,#862633,#AC8400,https://upload.wikimedia.org/wikipedia/commons/1/1e/Eureka_College_logo.svg?utm_source=commons.wikimedia.org&utm_campaign=imageinfo&utm_content=original,eurekareddevils.com,,,30.95,1162,0.1804,2.4,,,,,,,2,12,1,,,,,,,,Roberto Bucio,Head Coach,rbucio@eureka.edu,personal,,,records+db+v6+coach+grads,wikipedia:Eureka College,,,,https://www.eurekareddevils.com/sports/wsoc/coaches/index
,FDU-Florham,womens-soccer,D3,,,,,,,,,drewrangers.com,,,,,,5.6,,,,,,,,,,,,,,,,,Kristin Giotta,Director of Athletics / Head Women's Soccer Coach / Senior Woman Administrator,k.giotta@fdu.edu,personal,,,db+coach+grads,,Added for coaching-contact coverage; soccer_score/academic_rating are placeholders; academic_rating aligned to the divisional fill 2026-08-24: the two sport rows disagreed and neither value was a measurement,,,https://fdudevils.com/sports/womens-soccer/coaches
fairleigh_dickinson_university_florham,Fairleigh Dickinson University-Florham,womens-soccer,D3,Middle Atlantic Conference (Freedom),d3t2,Knights,1,Knightro / Ian the Devil,#074C81,#9D1536,https://upload.wikimedia.org/wikipedia/en/7/74/Fairleigh_Dickinson_University_logo.svg?utm_source=en.wikipedia.org&utm_campaign=imageinfo&utm_content=original,dickinsonathletics.com,,,39.66,942,0.4442,5.6,17,5,1,11,9,1,9,10,2,6,8,4,,,,,Ted Zingman,Head Women's Soccer Coach,zingmant@dickinson.edu,personal,,,records+db+v6+coach+grads,wikipedia:Fairleigh Dickinson University,,,,https://dickinsonathletics.com/sports/womens-soccer/coaches
farmingdale_state_college,Farmingdale State College,womens-soccer,D3,Skyline Conference,d3t2,Rams,1,Ram-bo,#00493f,,https://upload.wikimedia.org/wikipedia/commons/1/1e/SUNY_Farmingdale_wordmark.svg?utm_source=commons.wikimedia.org&utm_campaign=imageinfo&utm_content=original,,,,38.66,978,0.4140,3.9,10,9,4,9,9,2,11,8,4,8,10,3,,,,,Chris Roche,Head Women's Soccer Coach,rochec@farmingdale.edu,personal,,,records+db+v6+coach+grads,wikipedia:Farmingdale State College,,,,https://farmingdalesports.com/sports/womens-soccer/coaches
fitchburg_state_university,Fitchburg State University,womens-soccer,D3,Massachusetts State Collegiate Athletic Conference,d3t2,Falcons,1,Falcon,#00563F,#E9AF2F,https://upload.wikimedia.org/wikipedia/commons/a/ac/Fichburg_st_univ_logo.png?utm_source=commons.wikimedia.org&utm_campaign=imageinfo&utm_content=original,fitchburgfalcons.com,,,32.39,1132,0.2241,4.5,10,7,3,4,11,4,4,12,3,3,12,4,,,,,Jeb Booth,Head Coach,jbooth6@fitchburgstate.edu,personal,,,records+db+v6+coach+grads,wikipedia:Fitchburg State University,,,,https://www.fitchburgfalcons.com/sports/wsoc/coaches/Jeb_Booth
framingham_state_university,Framingham State University,womens-soccer,D3,Massachusetts State Collegiate Athletic Conference,d3t2,Rams,1,Sam the Ram,#EBAB00,#000000,https://upload.wikimedia.org/wikipedia/commons/4/4b/Framingham_st_univ_logo.png?utm_source=commons.wikimedia.org&utm_campaign=imageinfo&utm_content=original,bantamsports.com,,,31.37,1153,0.1929,4.4,4,13,1,1,12,2,4,15,1,6,9,5,,,,,Michael LaFrancesca,Head Women's Soccer Coach,mlafrancesca@framingham.edu,personal,,,records+db+v6+coach+grads,wikipedia:Framingham State University,,,,https://www.fsurams.com/sports/wsoc/coaches/index
franciscan_university_of_steubenville,Franciscan University of Steubenville,womens-soccer,D3,Presidents' Athletic Conference,d3t2,Barons,1,Baron von Steuben,#014421,#C4B454,https://upload.wikimedia.org/wikipedia/commons/8/85/Franciscan_univ_motto_logo.png?utm_source=commons.wikimedia.org&utm_campaign=imageinfo&utm_content=original,,,,36.44,1045,0.3466,6.2,12,5,2,8,8,2,4,12,1,6,9,4,,,,,Nick Miller,Head Women's Soccer Coach,nmiller@franciscan.edu,personal,,,records+db+v6+coach+grads,wikipedia:Franciscan University of Steubenville,,,,https://franciscanathletics.com/sports/womens-soccer/coaches
franklin_and_marshall_college,Franklin & Marshall College,womens-soccer,D3,Centennial Conference,d3t2,Diplomats,1,Ben and John,#0035AD,#73CFFF,https://upload.wikimedia.org/wikipedia/commons/8/82/Franklin_marshall_college_logo.svg?utm_source=commons.wikimedia.org&utm_campaign=imageinfo&utm_content=original,godiplomats.com,,,43.39,815,0.5573,8.8,10,3,5,12,4,4,10,5,6,11,5,4,,,,,John Sumoski,Head Coach,jsumoski@fandm.edu,personal,,,records+db+v6+coach+grads,wikipedia:Franklin & Marshall College,,,,https://godiplomats.com/sports/womens-soccer/coaches
franklin_college,Franklin College,womens-soccer,D3,Heartland Collegiate Athletic Conference,d3t2,Grizzlies,1,,#000080,#CFB53B,https://upload.wikimedia.org/wikipedia/commons/3/32/Franklin_pierce_university_logo.png?utm_source=commons.wikimedia.org&utm_campaign=imageinfo&utm_content=original,franklingrizzlies.com,,,31.00,1161,0.1819,5.2,3,12,1,4,9,6,5,9,3,2,13,2,,,,,Jennifer Jackson,Head Women's Soccer Coach,jjackson@franklincollege.edu,personal,,,records+db+v6+coach+grads,wikipedia:Franklin College (Indiana),corrected from this school's men's row: had been matched to a different institution of a similar name (wikipedia:Franklin College (Indiana)),,,https://franklingrizzlies.com/sports/womens-soccer/coaches
geneva_college,Geneva College,womens-soccer,D3,Presidents' Athletic Conference,d3t2,Golden Tornadoes,1,Turbo the Tornado,#C99A2C,#353535,https://upload.wikimedia.org/wikipedia/en/a/ab/Geneva_College_logo.svg?utm_source=en.wikipedia.org&utm_campaign=imageinfo&utm_content=original,athletics.geneva.edu,,,33.47,1110,0.2565,5.1,4,11,3,5,9,2,3,13,1,6,7,5,,,,,Micah Fitz,Head Women's Soccer Coach,mdfitz@geneva.edu,personal,,,records+db+v6+coach+grads,wikipedia:Geneva College,,,,https://athletics.geneva.edu/sports/womens-soccer/coaches
george_fox_university,George Fox University,womens-soccer,D3,Northwest Conference,d3t2,Bruins,1,,,,https://upload.wikimedia.org/wikipedia/commons/4/4c/George_fox_univ_fulllogo.png?utm_source=commons.wikimedia.org&utm_campaign=imageinfo&utm_content=original,athletics.georgefox.edu,,,32.95,1121,0.2410,5.7,10,4,4,6,9,5,6,11,3,0,12,7,,,,,Brooke Alteneder,Head Coach,balteneder@georgefox.edu,personal,,,records+db+v6+coach+grads,wikipedia:George Fox University,,,,https://athletics.georgefox.edu/sports/womens-soccer/coaches
gettysburg_college,Gettysburg College,womens-soccer,D3,Centennial Conference,d3t2,Bullets,1,,#23336E,,https://upload.wikimedia.org/wikipedia/commons/4/4a/Gettysburg_College_Logo.svg?utm_source=commons.wikimedia.org&utm_campaign=imageinfo&utm_content=original,gettysburgsports.com,,,35.47,1067,0.3172,8.5,6,7,5,8,7,2,2,10,5,7,9,3,,,,,Rebecca Quimby,Head Coach,rquimby@gettysburg.edu,personal,,,records+db+v6+coach+grads,wikipedia:Gettysburg College,,,,https://gettysburgsports.com/sports/womens-soccer/coaches
gordon_college,Gordon College,womens-soccer,D3,Conference of New England,d3t1,Fighting Scots,1,Scottish Lion Rampant,#003882,#FFFFFF,https://upload.wikimedia.org/wikipedia/commons/4/4b/Gordon_college_textlogo.png?utm_source=commons.wikimedia.org&utm_campaign=imageinfo&utm_content=original,,,,42.28,860,0.5238,6.7,9,5,3,10,5,4,10,6,5,4,10,4,,,,,Chuck Breton,Head Women's Soccer Coach,Chuck.Breton@gordon.edu,personal,,,records+db+v6+coach+grads,wikipedia:Gordon College (Massachusetts),,,,https://athletics.gordon.edu/sports/womens-soccer/coaches
goucher_college,Goucher College,womens-soccer,D3,Landmark Conference,d3t2,Gophers,1,Rowdy,#00214C,#E7D565,https://upload.wikimedia.org/wikipedia/commons/6/64/Goucher_College_Wordmark.svg?utm_source=commons.wikimedia.org&utm_campaign=imageinfo&utm_content=original,athletics.goucher.edu,,,30.57,1167,0.1687,6.6,8,7,3,4,5,8,3,11,4,1,17,0,,,,,Angela Amato,Head Coach,angela.amato@goucher.edu,personal,,,records+db+v6+coach+grads,wikipedia:Goucher College,,,,https://athletics.goucher.edu/sports/wsoc/coaches/Angela_Amato
greensboro_college,Greensboro College,womens-soccer,D3,USA South Athletic Conference,d3t2,,,The Pride,,,https://upload.wikimedia.org/wikipedia/commons/d/d3/Greensboro_college_nc_logo.png?utm_source=commons.wikimedia.org&utm_campaign=imageinfo&utm_content=original,greensborocollegesports.com,,,40.70,909,0.4757,4.4,6,9,4,10,6,4,11,9,1,11,7,2,,,,,Mike Johnston,Head Women's Soccer Coach | Sports Performance Specialist,mike.johnston@greensboro.edu,personal,,,records+db+v6+coach+grads,wikipedia:Greensboro College,,,,https://greensborocollegesports.com/sports/womens-soccer/coaches
greenville_university,Greenville University,womens-soccer,D3,St. Louis Intercollegiate Athletic Conference,d3t2,Panthers,1,Hoguey Panther,,,https://upload.wikimedia.org/wikipedia/commons/5/59/Greenville_univ_textlogo.png?utm_source=commons.wikimedia.org&utm_campaign=imageinfo&utm_content=original,nguathletics.com,,,41.69,878,0.5056,3.0,13,7,2,10,8,3,11,8,2,11,7,2,,,,,Jeff Wardlaw,Head Women's Soccer Coach,jeff.wardlaw@greenville.edu,personal,,,records+db+v6+coach+grads,wikipedia:Greenville University,,,,https://greenvillepanthers.com/sports/womens-soccer/coaches
grinnell_college,Grinnell College,womens-soccer,D3,Midwest Conference,d3t2,Pioneers,1,Squirrel (unofficial),,,https://upload.wikimedia.org/wikipedia/commons/e/e4/Grinnell_College_logo.svg?utm_source=commons.wikimedia.org&utm_campaign=imageinfo&utm_content=original,pioneers.grinnell.edu,,,40.18,929,0.4599,9.3,11,3,5,10,4,5,8,6,3,6,8,4,,,,,,,,,,,records+db+v6,wikipedia:Grinnell College,,,,
grove_city_college,Grove City College,womens-soccer,D3,Presidents' Athletic Conference,d3t2,Wolverines,1,Willie the Wolverine,,,https://upload.wikimedia.org/wikipedia/commons/7/7a/Grove_city_college_penn_logo.png?utm_source=commons.wikimedia.org&utm_campaign=imageinfo&utm_content=original,athletics.gcc.edu,1,PAC,45.60,734,0.6243,7.9,11,7,1,14,5,1,13,4,3,13,5,2,,,,,Melissa Lamie,Head Women's Soccer Coach,mdlamie@gcc.edu,personal,,,records+db+v6+coach+grads,wikipedia:Grove City College,,agent-research:2025-womens-soccer,"beat Waynesburg 1-0 to win the 2025 PAC championship, third straight title",https://athletics.gcc.edu/sports/womens-soccer/coaches
guilford_college,Guilford College,womens-soccer,D3,Old Dominion Athletic Conference,d3t2,Quakers,1,Nathan the Quaker,,,https://upload.wikimedia.org/wikipedia/commons/f/fa/Guilford_college_logo.png?utm_source=commons.wikimedia.org&utm_campaign=imageinfo&utm_content=original,guilfordquakers.com,,,44.18,781,0.5812,3.5,12,5,1,13,2,4,12,5,2,9,7,2,,,,,Dakota Rock '15,Head Women's Soccer Coach,rockdt@guilford.edu,personal,,,records+db+v6+coach+grads,wikipedia:Guilford College,,,,https://guilfordquakers.com/sports/womens-soccer/coaches
gustavus_adolphus_college,Gustavus Adolphus College,womens-soccer,D3,Minnesota Intercollegiate Athletic Conference,d3t2,Golden Gusties,1,Gus the Lion,#000000,#FFD700,https://upload.wikimedia.org/wikipedia/commons/e/e6/Gustavus_adolphus_college_minn_logo.png?utm_source=commons.wikimedia.org&utm_campaign=imageinfo&utm_content=original,gogusties.com,,,39.70,941,0.4453,8.1,7,9,1,9,7,1,9,5,5,7,6,5,,,,,Lauren Johnson,Head Women's Soccer Coach,ljohnson1@gustavus.edu,personal,,,records+db+v6+coach+grads,wikipedia:Gustavus Adolphus College,,,,https://gogusties.com/sports/womens-soccer/coaches
gwynedd_mercy_university,Gwynedd Mercy University,womens-soccer,D3,Atlantic East Conference,d3t2,Griffins,1,M.E.R.V,#C1131E,#B28A00,https://upload.wikimedia.org/wikipedia/commons/9/97/Gmercy_u_logo.png?utm_source=commons.wikimedia.org&utm_campaign=imageinfo&utm_content=original,gwyneddathletics.com,,,37.27,1021,0.3718,3.8,2,12,3,7,5,6,6,10,2,11,9,1,,,,,Michael Nelms,Head Women's Soccer Coach,Nelms.m@gmercyu.edu,personal,,,records+db+v6+coach+grads,wikipedia:Gwynedd Mercy University,,,,https://gwyneddathletics.com/sports/womens-soccer/coaches
hamilton_college,Hamilton College,womens-soccer,D3,New England Small College Athletic Conference,d3t1,Continentals,1,Alex,#002F86,#D6BA8B,https://upload.wikimedia.org/wikipedia/commons/3/35/Hamilton_College_logo.svg?utm_source=commons.wikimedia.org&utm_campaign=imageinfo&utm_content=original,athletics.hamilton.edu,,,44.39,773,0.5875,9.3,7,4,4,8,4,4,6,7,3,8,5,3,,,,,Colette Gilligan,Head Coach,cgilliga@hamilton.edu,personal,,,records+db+v6+coach+grads,wikipedia:Hamilton College,,,,https://athletics.hamilton.edu/sports/womens-soccer/coaches
hamline_university,Hamline University,womens-soccer,D3,Minnesota Intercollegiate Athletic Conference,d3t2,Pipers,1,The Piper,,,,,,,31.40,1152,0.1939,5.0,4,9,4,1,13,2,5,10,5,3,9,7,,,,,Michael Prunty,Head Women's Soccer Coach,mprunty01@hamline.edu,personal,,,records+db+v6+coach+grads,wikipedia:Hamline University,,,,https://hamlineathletics.com/sports/womens-soccer/coaches
hanover_college,Hanover College,womens-soccer,D3,Heartland Collegiate Athletic Conference,d3t2,Panthers,1,Panther,#990000,#02324f,https://upload.wikimedia.org/wikipedia/commons/c/c7/Hanover_college_indiana_logo.svg?utm_source=commons.wikimedia.org&utm_campaign=imageinfo&utm_content=original,,,,43.67,805,0.5656,7.1,12,3,3,14,2,4,12,6,0,8,7,5,,,,,James Watts,Head Women's Soccer Coach,wattsj@hanover.edu,personal,,,records+db+v6+coach+grads,wikipedia:Hanover College,,,,https://athletics.hanover.edu/sports/womens-soccer/coaches
hardin_simmons_university,Hardin-Simmons University,womens-soccer,D3,American Southwest Conference,d3t2,,,Cowboy/Cowgirl,#581483,#ad841f,https://upload.wikimedia.org/wikipedia/commons/2/2a/Hardin_simmons_univ_textlogo.png?utm_source=commons.wikimedia.org&utm_campaign=imageinfo&utm_content=original,hsuathletics.com,1,ASC,48.66,651,0.7170,4.1,12,3,2,17,2,3,17,2,2,11,4,2,,,,,Rusty Oglesby,Head Coach,rusty.oglesby@hsutx.edu,personal,,,records+db+v6+coach+grads,wikipedia:Hardin–Simmons University,,agent-research:2025-womens-soccer,"beat Mary Hardin-Baylor 1-0 (golden goal) on Nov 8, 2025, 27th ASC title",https://hsuathletics.com/sports/womens-soccer/coaches
hartwick_college,Hartwick College,womens-soccer,D3,Empire 8,d3t2,Hawks,1,Swoop,#1560BD,#FFFFFF,,hartwickhawks.com,,,37.33,1020,0.3736,6.1,4,8,5,2,7,6,4,4,8,9,4,6,,,,,Brian Knapp,Head Women's Soccer Coach,knappb@hartwick.edu,personal,,,records+db+v6+coach+grads,wikipedia:Hartwick College,,,,https://www.hartwickhawks.com/sports/womens-soccer/coaches
harvey_mudd_college,Harvey Mudd College,womens-soccer,D3,Southern California Intercollegiate Athletic Conference,d3t1,Athenas,1,,#eaaa00,,https://upload.wikimedia.org/wikipedia/commons/9/95/Harvey_Mudd_College_logo.svg?utm_source=commons.wikimedia.org&utm_campaign=imageinfo&utm_content=original,,,,48.45,660,0.7105,9.6,9,6,6,7,7,3,13,4,3,13,4,3,,,,,,,,,,,records+db+v6,wikipedia:Harvey Mudd College,,,,
haverford_college,Haverford College,womens-soccer,D3,Centennial Conference,d3t2,Fords,1,Black Squirrel,#981E32,,https://upload.wikimedia.org/wikipedia/en/4/41/Haverford_College_logo.svg?utm_source=en.wikipedia.org&utm_campaign=imageinfo&utm_content=original,haverfordathletics.com,,,38.69,977,0.4149,9.4,7,4,5,6,9,2,11,6,2,6,8,4,,,,,Jamie Schneck,Head Coach / SWA / SAAC Liaison,jschneck@haverford.edu,personal,,,records+db+v6+coach+grads,wikipedia:Haverford College,,,,https://haverfordathletics.com/sports/womens-soccer/coaches
heidelberg_university,Heidelberg University,womens-soccer,D3,Ohio Athletic Conference,d3t2,,,The Student Prince,,,https://upload.wikimedia.org/wikipedia/en/b/bb/Heidelberg_University_%28Ohio%29_logo.svg?utm_source=en.wikipedia.org&utm_campaign=imageinfo&utm_content=original,bergathletics.com,,,37.21,1024,0.3700,3.0,6,9,2,4,10,2,10,4,5,5,7,5,,,,,Madalynn McLaughlin,Head Coach - Women's Soccer,mmclaugh@heidelberg.edu,personal,,,records+db+v6+coach+grads,wikipedia:Heidelberg University (Ohio),,,,https://www.bergathletics.com/sports/womens-soccer/coaches
hendrix_college,Hendrix College,womens-soccer,D3,Southern Collegiate Athletic Conference,d3t2,The Warriors,1,Altus the Warrior,,,https://upload.wikimedia.org/wikipedia/commons/8/8b/Hendrix_college_arkansas_logo.svg?utm_source=commons.wikimedia.org&utm_campaign=imageinfo&utm_content=original,hendrixwarriors.com,,,38.88,968,0.4206,7.9,,,,12,7,1,6,5,5,7,9,4,,,,,Jeff Trimble,Head Coach,trimble@hendrix.edu,personal,,,records+db+v6+coach+grads,wikipedia:Hendrix College,,,,https://hendrixwarriors.com/sports/womens-soccer/coaches
hilbert_college,Hilbert College,womens-soccer,D3,Allegheny Mountain Collegiate Conference,d3t2,Hawks,1,Bert the Hawk,#0071CE,#FFC629,https://upload.wikimedia.org/wikipedia/commons/f/f9/Hilbert_college_textlogo.png?utm_source=commons.wikimedia.org&utm_campaign=imageinfo&utm_content=original,hilberthawks.com,,,34.03,1096,0.2736,3.1,6,8,3,7,9,1,1,13,2,6,7,3,,,,,James Hesch,Interim Head Women's Soccer Coach,jhesch@hilbert.edu,personal,,,records+db+v6+coach+grads,wikipedia:Hilbert College,,,,https://hilberthawks.com/sports/womens-soccer/coaches
hiram_college,Hiram College,womens-soccer,D3,Presidents' Athletic Conference,d3t2,Terriers,1,,#032138,#7badd3,https://upload.wikimedia.org/wikipedia/commons/4/42/Hiram_college_ohio_logo.png?utm_source=commons.wikimedia.org&utm_campaign=imageinfo&utm_content=original,hiramterriers.com,,,30.18,1172,0.1569,5.9,2,14,1,4,11,2,3,14,0,5,13,0,,,,,Mike Shiels,Head Women's Soccer Coach,ShielsM@hiram.edu,personal,,,records+db+v6+coach+grads,wikipedia:Hiram College,,,,https://hiramterriers.com/sports/womens-soccer/coaches
hobart_and_william_smith_colleges,Hobart and William Smith Colleges,womens-soccer,D3,Liberty League,d3t1,Herons,1,,#FF6418,#472663,https://upload.wikimedia.org/wikipedia/en/0/02/Hobart_and_William_Smith_Colleges_shields_logo.png?utm_source=en.wikipedia.org&utm_campaign=imageinfo&utm_content=original,,,,53.06,531,0.8503,8.4,14,2,6,14,1,4,17,4,4,11,3,3,,,final,,Laura Burnett-Kurie,Head Coach,BURNETTKURIE@hws.edu,personal,,,records+db+v6+coach+grads,wikipedia:Hobart and William Smith Colleges,,,,https://hwsathletics.com/sports/womens-soccer/coaches
hollins_university,Hollins University,womens-soccer,D3,Old Dominion Athletic Conference,d3t2,,,None,,,https://upload.wikimedia.org/wikipedia/commons/7/75/Hollins_univ_logogreen.png?utm_source=commons.wikimedia.org&utm_campaign=imageinfo&utm_content=original,,,,32.02,1138,0.2129,7.0,,,,,,,,,,3,12,1,,,,,Kat Van Orden,Head Soccer Coach,vanordenk@hollins.edu,personal,,,records+db+v6+coach+grads,wikipedia:Hollins University,,,,https://hollinssports.com/sports/womens-soccer/coaches
hood_college,Hood College,womens-soccer,D3,Middle Atlantic Conference (Commonwealth),d3t2,Blazers,1,Blaze,#005994,#b8afa3,https://upload.wikimedia.org/wikipedia/commons/e/e4/Hood_college_md_logo.png?utm_source=commons.wikimedia.org&utm_campaign=imageinfo&utm_content=original,,,,33.03,1119,0.2433,5.2,6,7,5,4,10,4,4,6,9,4,13,2,,,,,Molly Kovarik,Head Coach,kovarik@hood.edu,personal,,,records+db+v6+coach+grads,wikipedia:Hood College,,,,https://hoodathletics.com/sports/womens-soccer/coaches
hope_college,Hope College,womens-soccer,D3,Michigan Intercollegiate Athletic Association,d3t2,Flying Dutch,0,Dutch,,,https://upload.wikimedia.org/wikipedia/en/5/58/Hope_College_wordmark.svg?utm_source=en.wikipedia.org&utm_campaign=imageinfo&utm_content=original,athletics.hope.edu,,,45.35,741,0.6165,7.3,10,5,2,10,2,6,12,4,2,12,4,3,,,,,Holly Van Noord,Head Coach,vannoord@hope.edu,inferred,,,records+db+v6+coach+grads,wikipedia:Hope College,,,,pattern_inference:low
houghton_university,Houghton University,womens-soccer,D3,Empire 8,d3t2,Highlanders,1,,#1f145d,#b4a76c,https://upload.wikimedia.org/wikipedia/commons/b/b5/Houghton_univ_logotype.png?utm_source=commons.wikimedia.org&utm_campaign=imageinfo&utm_content=original,athletics.houghton.edu,,,39.17,956,0.4295,6.7,6,7,4,7,9,1,7,10,2,12,6,4,,,,,Esther Pellegrino,Head Coach,esther.pellegrino@houghton.edu,personal,,,records+db+v6+coach+grads,wikipedia:Houghton University,,,,https://athletics.houghton.edu/sports/womens-soccer/coaches
howard_payne_university,Howard Payne University,womens-soccer,D3,American Southwest Conference,d3t2,Yellow Jackets,1,,#003976,#FFD046,,hpusports.com,,,37.97,998,0.3929,3.6,6,9,2,10,7,2,8,10,1,7,9,0,,,,,Brandon Badgeley,Head Women's Soccer Coach,bbadgeley@hputx.edu,personal,,,records+db+v6+coach+grads,wikipedia:Howard Payne University,,,,https://hpusports.com/staff-directory/womens-soccer-department/6
huntingdon_college,Huntingdon College,womens-soccer,D3,Collegiate Conference of the South,d3t2,Hawks,1,Hawks,,,https://upload.wikimedia.org/wikipedia/commons/c/c3/Huntingdon_college_logo.png?utm_source=commons.wikimedia.org&utm_campaign=imageinfo&utm_content=original,huntingdonhawks.com,,,36.63,1041,0.3523,4.1,5,7,3,,,,,,,,,,,,,,,,,,,,records+db+v6,athletics-domain:huntingdonhawks.com,"copied from this school's other row (Huntingdon), same division; that row's nickname was recovered from the school's own athletics site",,,
husson_university,Husson University,womens-soccer,D3,North Atlantic Conference,d3t2,Eagles,1,Baldwin,#004C45,#A89968,https://upload.wikimedia.org/wikipedia/commons/1/18/Husson_univ_logo.png?utm_source=commons.wikimedia.org&utm_campaign=imageinfo&utm_content=original,hussoneagles.com,,,43.31,819,0.5550,4.9,11,7,1,12,6,1,13,8,1,11,6,2,,,,,,,,,,,records+db+v6,wikipedia:Husson University,,,,
illinois_college,Illinois College,womens-soccer,D3,Midwest Conference,d3t2,Lady Blues,1,Blueboy,,,https://upload.wikimedia.org/wikipedia/commons/2/2f/Illinois_college_bluelogo.png?utm_source=commons.wikimedia.org&utm_campaign=imageinfo&utm_content=original,illinoiscollegeathletics.com,,,38.42,984,0.4068,4.7,2,13,2,7,9,2,10,6,3,10,8,2,,,,,,,,,,,records+db+v6+grads,wikipedia:Illinois College,,,,
illinois_institute_of_technology,Illinois Institute of Technology,womens-soccer,D3,Northern Athletics Collegiate Conference,d3t2,Scarlet Hawks,1,Talon the Hawk,#cc0000,#8c8984,https://upload.wikimedia.org/wikipedia/commons/9/9b/Illinois_tech_logo.png?utm_source=commons.wikimedia.org&utm_campaign=imageinfo&utm_content=original,,1,NACC,51.23,585,0.7947,7.2,18,3,2,19,3,1,19,3,3,20,2,1,,,,,,,,,,,records+db+v6+grads,wikipedia:Illinois Institute of Technology,,agent-research:2025-womens-soccer,beat Milwaukee School of Engineering 3-1 on Nov 8 to win the 2025 NACC title,
illinois_wesleyan_university,Illinois Wesleyan University,womens-soccer,D3,College Conference of Illinois & Wisconsin,d3t2,Titans,1,,#006633,#FFFFFF,https://upload.wikimedia.org/wikipedia/commons/1/1e/Illinois_wesleyan_univ_logo_horiz.png?utm_source=commons.wikimedia.org&utm_campaign=imageinfo&utm_content=original,iwusports.com,,,35.69,1063,0.3240,7.5,11,5,3,3,13,2,3,12,2,9,7,3,,,,,Oz Bakirdan,Head Women's Soccer Coach,obakirda@iwu.edu,personal,,,records+db+v6+coach+grads,wikipedia:Illinois Wesleyan University,,,,https://www.iwusports.com/sports/womens-soccer/coaches
immaculata_university,Immaculata University,womens-soccer,D3,Atlantic East Conference,d3t2,The Mighty Macs,1,Mac the Scottish Terrier,,,https://upload.wikimedia.org/wikipedia/en/6/6b/Immaculata_University_logo.png?utm_source=en.wikipedia.org&utm_campaign=imageinfo&utm_content=original,gomightymacs.com,,,32.22,1133,0.2188,6.5,3,13,2,3,13,1,7,10,2,4,10,1,,,,,Seamus O'Connor,Head Coach,soconnor2@immaculata.edu,personal,,,records+db+v6+coach+grads,wikipedia:Immaculata University,,,,https://gomightymacs.com/sports/womens-soccer/coaches
ithaca_college,Ithaca College,womens-soccer,D3,Liberty League,d3t1,Bombers,1,,#003B71,#FFBB00,https://upload.wikimedia.org/wikipedia/commons/d/d5/Ithaca_College_logo.svg?utm_source=commons.wikimedia.org&utm_campaign=imageinfo&utm_content=original,ithaca.edu,,,48.79,646,0.7210,7.9,13,4,4,10,3,4,14,3,4,8,6,4,,,,,Mindy Quigg,Head Women's Soccer Coach,mquigg@ithaca.edu,personal,,,records+db+v6+coach+grads,wikipedia:Ithaca College,,,,https://athletics.ithaca.edu/sports/womens-soccer/coaches
john_carroll_university,John Carroll University,womens-soccer,D3,North Coast Athletic Conference,d3t1,Blue Streaks,1,Lobo,,,https://upload.wikimedia.org/wikipedia/commons/5/53/Jcu_university_logo.png?utm_source=commons.wikimedia.org&utm_campaign=imageinfo&utm_content=original,jcusports.com,1,NCAC,49.58,621,0.7448,8.1,10,9,2,16,2,5,12,7,1,13,6,1,,,,,Michael Marich,Head Coach,mmarich@jcu.edu,personal,,,records+db+v6+coach+grads,wikipedia:John Carroll University,,agent-research:2025-womens-soccer,beat Denison 1-0 to win the 2025 NCAC tournament title,https://jcusports.com/sports/womens-soccer/coaches
johns_hopkins_university,Johns Hopkins University,womens-soccer,D3,Centennial Conference,d3t2,Blue Jays,1,Blue Jay,#002D72,#68ACE5,https://upload.wikimedia.org/wikipedia/en/f/fb/Johns_Hopkins_University_logo.svg?utm_source=en.wikipedia.org&utm_campaign=imageinfo&utm_content=original,hopkinssports.com,1,Centennial,49.90,612,0.7546,9.7,23,0,2,16,3,2,18,3,3,17,5,1,champion,,,,Dan Weiler,Head Women's Soccer Coach,dan.weiler@jhu.edu,inferred,,,records+db+v6+coach+grads,wikipedia:Johns Hopkins University,,agent-research:2025-womens-soccer,"beat Swarthmore 2-1 on Nov 9, 2025 in the Centennial final",pattern_inference:low
johnson_and_wales_university_charlotte,Johnson & Wales University-Charlotte,womens-soccer,D3,Coast-to-Coast Athletic Conference,d3t2,Wildcats,1,Wildcat Willie,#153683,#ffffff,https://upload.wikimedia.org/wikipedia/en/2/27/Johnson_%26_Wales_University_Logo.svg?utm_source=en.wikipedia.org&utm_campaign=imageinfo&utm_content=original,,,,37.71,1010,0.3852,3.6,5,9,1,7,5,3,6,9,2,8,8,1,,,,,,,,,,,records+db+v6+grads,wikipedia:Johnson & Wales University,,,,
johnson_and_wales_university_providence,Johnson & Wales University-Providence,womens-soccer,D3,Conference of New England,d3t1,Wildcats,1,Wildcat Willie,#153683,#ffffff,https://upload.wikimedia.org/wikipedia/en/2/27/Johnson_%26_Wales_University_Logo.svg?utm_source=en.wikipedia.org&utm_campaign=imageinfo&utm_content=original,,,,51.51,576,0.8032,4.4,19,3,1,18,3,3,18,4,1,8,8,3,,,,,Chris Flint,Women's Soccer Head Coach / Outside Rentals,chris.flint@jwu.edu,personal,,,records+db+v6+coach,wikipedia:Johnson & Wales University,,,,https://providence.jwuathletics.com/sports/womens-soccer/coaches
juniata_college,Juniata College,womens-soccer,D3,Landmark Conference,d3t2,,,Eagles,,,https://upload.wikimedia.org/wikipedia/en/e/ee/Juniata_College_logo.svg?utm_source=en.wikipedia.org&utm_campaign=imageinfo&utm_content=original,juniatasports.net,,,34.50,1088,0.2880,7.2,2,12,4,4,10,2,8,8,3,5,8,4,,,,,Joseph Alianiello,Head Coach,alianij@juniata.edu,personal,,,records+db+v6+coach+grads,wikipedia:Juniata College,,,,https://www.juniatasports.net/sports/wsoc/coaches/Joseph_Alianiello
kalamazoo_college,Kalamazoo College,womens-soccer,D3,Michigan Intercollegiate Athletic Association,d3t2,Hornets,1,Buzz,#e17000,,https://upload.wikimedia.org/wikipedia/commons/8/82/Kalamazoo_college_logo_stackleft.png?utm_source=commons.wikimedia.org&utm_campaign=imageinfo&utm_content=original,hornets.kzoo.edu,,,38.52,982,0.4096,8.1,6,7,3,8,6,3,5,11,1,10,6,4,,,,,Jill Leibforth,Head Coach,Jill.Leibforth@kzoo.edu,personal,,,records+db+v6+coach+grads,wikipedia:Kalamazoo College,,,,https://hornets.kzoo.edu/sports/womens-soccer/coaches
kean_university,Kean University,womens-soccer,D3,New Jersey Athletic Conference,d3t2,Cougars,1,Keanu the Cougar,#15293F,#3CAFF1,https://upload.wikimedia.org/wikipedia/commons/c/c7/Kean_univ_textlogo.png?utm_source=commons.wikimedia.org&utm_campaign=imageinfo&utm_content=original,,,,36.15,1054,0.3378,2.7,5,7,6,4,10,3,7,9,3,7,7,3,,,,,Brian Doherty,Head Coach,bdoherty@kean.edu,personal,,,records+db+v6+coach+grads,wikipedia:Kean University,,,,https://keanathletics.com/sports/womens-soccer/coaches
,Keene State,womens-soccer,D3,,,Owls,1,Hootie the Owl,#CE1126,#FFFFFF,https://upload.wikimedia.org/wikipedia/commons/b/b7/Keenestate_college_logo.png?utm_source=commons.wikimedia.org&utm_campaign=imageinfo&utm_content=original,keeneowls.com,,,,,,,,,,,,,,,,,,,,,,,Sarah Testo,Head Coach,stesto@keene.edu,personal,,,coach+xsport,"wikipedia:Keene State College | borrowed from the mens-soccer row: nickname,nickname_plural,mascot,primary_color,secondary_color,logo_url",,,,https://keeneowls.com/sports/womens-soccer/coaches
kenyon_college,Kenyon College,womens-soccer,D3,North Coast Athletic Conference,d3t1,,,,,,https://upload.wikimedia.org/wikipedia/commons/9/90/Kenyon_logotype_purple.png?utm_source=commons.wikimedia.org&utm_campaign=imageinfo&utm_content=original,athletics.kenyon.edu,,,41.09,889,0.4875,9.1,7,6,4,7,5,5,1,11,2,9,4,5,,,,,Sarah McClellan,Head Coach,mcclellan2@kenyon.edu,personal,,,records+db+v6+coach+grads,wikipedia:Kenyon College,,,,https://athletics.kenyon.edu/sports/womens-soccer/coaches
keuka_college,Keuka College,womens-soccer,D3,Empire 8,d3t2,Wolves,1,,,,https://upload.wikimedia.org/wikipedia/en/e/e7/Keuka_College_Logo-New.png?utm_source=en.wikipedia.org&utm_campaign=imageinfo&utm_content=original,keukaathletics.com,,,27.56,1199,0.0775,5.1,3,8,5,1,12,2,1,13,2,1,11,4,,,,,,,,,,,records+db+v6,wikipedia:Keuka College,,,,
keystone_college,Keystone College,womens-soccer,D3,United East Conference,d3t2,Giants,1,,,,https://upload.wikimedia.org/wikipedia/commons/0/08/KCLogo.png?utm_source=commons.wikimedia.org&utm_campaign=imageinfo&utm_content=original,gokcgiants.com,,,28.58,1191,0.1086,1.8,6,8,2,3,12,0,3,11,0,0,13,1,,,,,Jesse Novatski,Head Women's Soccer Coach,jesse.novatski@keystone.edu,personal,,,records+db+v6+coach+grads,wikipedia:Keystone College,,,,https://www.gokcgiants.com/sports/womens-soccer/coaches
,King's (PA),womens-soccer,D3,,,Monarchs,1,Leo the Lion,#AD1F2D,,https://upload.wikimedia.org/wikipedia/commons/e/e3/Kings_college_penn_textlogo.png?utm_source=commons.wikimedia.org&utm_campaign=imageinfo&utm_content=original,kingscollegeathletics.com,,,,,,,,,,,,,,,,,,,,,,,Jessica Lingenfelter,Head Women's Soccer Coach,jessicalingenfelter@kings.edu,personal,,,coach+xsport,"wikipedia:King's College (Pennsylvania) | borrowed from the mens-soccer row: nickname,nickname_plural,mascot,primary_color,logo_url",,,,https://kingscollegeathletics.com/sports/womens-soccer/coaches
kings_college,King's College,womens-soccer,D3,Middle Atlantic Conference (Freedom),d3t2,Monarchs,1,Leo the Lion,#AD1F2D,,https://upload.wikimedia.org/wikipedia/commons/e/e3/Kings_college_penn_textlogo.png?utm_source=commons.wikimedia.org&utm_campaign=imageinfo&utm_content=original,,,,33.89,1100,0.2694,5.5,7,6,4,6,9,2,3,10,5,5,11,2,,,,,,,,,,,records+db+v6,wikipedia:King's College (Pennsylvania),,,,
knox_college,Knox College,womens-soccer,D3,Midwest Conference,d3t2,,,"Prairie Fire (nickname), Blaze (mascot)",#6c2dc7,#fdd017,https://upload.wikimedia.org/wikipedia/en/f/f7/Knox_College_Logo_%28Illinois%29.svg?utm_source=en.wikipedia.org&utm_campaign=imageinfo&utm_content=original,knox.edu,,,28.07,1194,0.0931,7.7,1,11,3,0,15,1,1,13,3,4,10,3,,,,,,,,,,,records+db+v6,wikipedia:Knox College (Illinois),,,,
la_roche_university,La Roche University,womens-soccer,D3,Allegheny Mountain Collegiate Conference,d3t2,Redhawks,1,Red Hawk,,,https://upload.wikimedia.org/wikipedia/commons/c/c7/La_roche_univ_logo.png?utm_source=commons.wikimedia.org&utm_campaign=imageinfo&utm_content=original,thielathletics.com,,,36.78,1037,0.3568,3.3,,,,,,,,,,5,7,2,,,,,Miguel Lozano,Head Coach,Miguel.Lozano@LaRoche.edu,personal,,,records+db+v6+coach+grads,wikipedia:La Roche University,,,,https://larochesports.com/sports/wsoc/coaches
lagrange_college,LaGrange College,womens-soccer,D3,Collegiate Conference of the South,d3t2,Panthers,1,Panthers,,,https://upload.wikimedia.org/wikipedia/commons/e/e9/LaGrange_College_Wordmark.png?utm_source=commons.wikimedia.org&utm_campaign=imageinfo&utm_content=original,,,,34.87,1079,0.2989,5.3,8,6,2,6,7,4,6,9,3,4,12,3,,,,,,,,,,,records+db+v6,athletics-domain:lagrangepanthers.com,nickname from the school's own athletics domain; neither the university nor the athletics Wikipedia article states one,,,
lake_forest_college,Lake Forest College,womens-soccer,D3,Midwest Conference,d3t2,Foresters,1,Boomer the Bear,,,,goforesters.com,1,MWC-D3,49.26,628,0.7352,7.9,11,5,3,11,4,5,14,3,3,21,1,0,,,,,,,,,,,records+db+v6,wikipedia:Lake Forest College,,agent-research:2025-womens-soccer,"beat Lawrence 1-0 on Nov 8, 2025, 3rd straight MWC title",
lakeland_university,Lakeland University,womens-soccer,D3,Northern Athletics Collegiate Conference,d3t2,Muskies,1,Musko,#0c233f,#ffc62f,https://upload.wikimedia.org/wikipedia/commons/5/5e/Lakeland_univ_logo.png?utm_source=commons.wikimedia.org&utm_campaign=imageinfo&utm_content=original,lakelandmuskies.com,,,29.97,1175,0.1505,2.4,5,13,0,6,12,0,2,11,3,2,13,2,,,,,Alexander Pagonis,Head Women's Soccer Coach,pagonisa@lakeland.edu,personal,,,records+db+v6+coach+grads,wikipedia:Lakeland University,,,,https://lakelandmuskies.com/sports/womens-soccer/coaches
lancaster_bible_college,Lancaster Bible College,womens-soccer,D3,United East Conference,d3t2,Chargers,1,,#cc2647,#000000,https://upload.wikimedia.org/wikipedia/commons/d/d9/Lancaster_bible_college_logo25.png?utm_source=commons.wikimedia.org&utm_campaign=imageinfo&utm_content=original,lbcchargers.com,,,40.99,895,0.4846,4.5,10,7,0,9,7,2,7,6,4,10,7,0,,,,,Seth Lehman,Head Women's Soccer Coach,slehman@lbc.edu,personal,,,records+db+v6+coach+grads,wikipedia:Lancaster Bible College,,,,https://lbcchargers.com/sports/womens-soccer/coaches
,Lasell,womens-soccer,D3,,,Lasers,1,Boomer the Torchbearer,#001D4E,#75B8E5,https://upload.wikimedia.org/wikipedia/commons/c/c2/Newton_Ma_Lasell_University_.png?utm_source=commons.wikimedia.org&utm_campaign=imageinfo&utm_content=original,laserpride.lasell.edu,,,,,,4.0,,,,,,,,,,,,,,,,,Vito La Francesca,Head Women's Soccer Coach,vlafrancesca@lasell.edu,personal,,,db+xsport+coach+grads,"wikipedia:Lasell University | borrowed from the mens-soccer row: nickname,nickname_plural,mascot,primary_color,secondary_color,logo_url",Added for coaching-contact coverage; soccer_score/academic_rating are placeholders; academic_rating aligned to the divisional fill 2026-08-24: the two sport rows disagreed and neither value was a measurement,,,https://laserpride.lasell.edu/sports/wsoc/coaches/Vito_La_Francesca
lawrence_university,Lawrence University,womens-soccer,D3,Midwest Conference,d3t2,Vikings,1,,,,https://upload.wikimedia.org/wikipedia/en/2/24/Lawrence_University_of_Wisconsin_logo.svg?utm_source=en.wikipedia.org&utm_campaign=imageinfo&utm_content=original,ltuathletics.com,,,42.04,867,0.5165,8.6,8,9,1,6,6,4,15,5,2,10,5,6,,,,,,,,,,,records+db+v6,wikipedia:Lawrence University,,,,
letourneau_university,LeTourneau University,womens-soccer,D3,Southern Collegiate Athletic Conference,d3t2,Yellow Jackets,1,Buzz the YellowJacket,#001e69,#f8b435,https://upload.wikimedia.org/wikipedia/commons/f/fc/Letourneau_univ_textlogo.png?utm_source=commons.wikimedia.org&utm_campaign=imageinfo&utm_content=original,letuathletics.com,,,33.65,1108,0.2622,5.2,2,8,5,6,7,5,1,16,1,8,7,2,,,,,Karrigan Falber,Head Coach,karriganfalber@letu.edu,inferred,,,records+db+v6+coach+grads,wikipedia:LeTourneau University,,,,pattern_inference:medium
lebanon_valley_college,Lebanon Valley College,womens-soccer,D3,Middle Atlantic Conference (Freedom),d3t2,Flying Dutchmen,1,Flying Dutchman,#00305C,#FFFFFF,https://upload.wikimedia.org/wikipedia/commons/e/e4/Lebanon_valley_college_penn_logo.png?utm_source=commons.wikimedia.org&utm_campaign=imageinfo&utm_content=original,godutchmen.com,,,40.94,899,0.4830,6.3,6,7,4,5,8,2,8,8,2,13,4,2,,,,,Sunny Gelnovatch,Head Coach,gelnovat@lvc.edu,personal,,,records+db+v6+coach+grads,wikipedia:Lebanon Valley College,,,,https://godutchmen.com/sports/womens-soccer/coaches
lesley_university,Lesley University,womens-soccer,D3,North Atlantic Conference,d3t2,Lynx,0,,,,https://upload.wikimedia.org/wikipedia/commons/e/e0/Lesley_University_logo.svg?utm_source=commons.wikimedia.org&utm_campaign=imageinfo&utm_content=original,,1,NAC,40.32,923,0.4642,5.8,,,,,,,10,7,3,,,,,,,,,,,,,,records+db+v6,wikipedia:Lesley University,,agent-research:2025-womens-soccer,beat Maine Maritime 3-1 to win the 2025 North Atlantic Conference title,
lewis_and_clark_college,Lewis & Clark College,womens-soccer,D3,Northwest Conference,d3t2,River Otters,1,River Otter,,,https://upload.wikimedia.org/wikipedia/commons/6/61/Lewis_clark_college_stacklogo.png?utm_source=commons.wikimedia.org&utm_campaign=imageinfo&utm_content=original,lcpioneers.com,,,31.88,1146,0.2083,8.1,4,7,8,5,11,4,4,12,4,3,11,6,,,,,Jim Tursi,"Head Women's Soccer Coach, Director of Soccer",tursi@lclark.edu,personal,,,records+db+v6+coach+grads,wikipedia:Lewis & Clark College,,,,https://golcathletics.com/sports/womens-soccer/coaches
linfield_university,Linfield University,womens-soccer,D3,Northwest Conference,d3t2,Wildcats,1,Mack the Wildcat,#441166,#DD1144,,golinfieldwildcats.com,,,38.16,991,0.3988,7.4,5,8,7,6,8,6,6,7,7,10,5,5,,,,,Steve Simmons,"Director of Soccer, Head Women's Soccer Coach",ssimmons2@linfield.edu,personal,,,records+db+v6+coach+grads,wikipedia:Linfield University,,,,https://golinfieldwildcats.com/sports/womens-soccer/coaches
loras_college,Loras College,womens-soccer,D3,American Rivers Conference,d3t2,Duhawks,1,Dewey,#442d7d,#d1b888,https://upload.wikimedia.org/wikipedia/commons/c/c0/Loras_College_wordmark.svg?utm_source=commons.wikimedia.org&utm_campaign=imageinfo&utm_content=original,duhawks.com,1,American Rivers,52.27,558,0.8263,5.8,18,1,3,18,2,1,20,0,2,15,2,2,,,,,,,,,,,records+db+v6,wikipedia:Loras College,,agent-research:2025-womens-soccer,"beat Dubuque 1-0 on Nov 8, 2025 for the conference tournament title",
luther_college,Luther College,womens-soccer,D3,American Rivers Conference,d3t2,Norse,0,,#005a9c,#ffffff,https://upload.wikimedia.org/wikipedia/commons/f/f4/Luther_college_logo.png?utm_source=commons.wikimedia.org&utm_campaign=imageinfo&utm_content=original,mlcknights.com,,,35.82,1058,0.3279,7.3,8,8,4,8,7,4,2,9,7,7,9,2,,,,,,,,,,,records+db+v6+grads,wikipedia:Luther College (Iowa),,,,
lycoming_college,Lycoming College,womens-soccer,D3,Landmark Conference,d3t2,Warriors,1,,#003366,#FF9900,https://upload.wikimedia.org/wikipedia/commons/4/41/Lycoming_college_logo.png?utm_source=commons.wikimedia.org&utm_campaign=imageinfo&utm_content=original,lycomingathletics.com,,,47.08,700,0.6691,6.1,12,6,2,6,5,6,15,3,3,17,2,1,,,,,Kenny Fern,Head Women's Soccer Coach,fern@lycoming.edu,personal,,,records+db+v6+coach+grads,wikipedia:Lycoming College,,,,https://lycomingathletics.com/sports/womens-soccer/coaches
lyon_college,Lyon College,womens-soccer,D3,St. Louis Intercollegiate Athletic Conference,d3t2,Scots,1,,#851c1a,#001632,https://upload.wikimedia.org/wikipedia/commons/3/3a/Lyon_college_textlogo.png?utm_source=commons.wikimedia.org&utm_campaign=imageinfo&utm_content=original,lyonscots.com,1,SLIAC,31.04,1160,0.1831,5.7,1,15,0,4,10,1,4,9,2,3,9,3,,,,,Marc Neddo,Head Coach,marc.neddo@lyon.edu,personal,,,records+db+v6+coach+grads,wikipedia:Lyon College,,agent-research:2025-womens-soccer,won the 2025 SLIAC tournament on Nov 9,https://lyonscots.com/sports/womens-soccer/coaches
,MCLA,womens-soccer,D3,,,,,,,,,,,,,,,,,,,,,,,,,,,,,,,,Deb Raber,Head Coach,deborah.raber@mcla.edu,personal,,,coach,,,,,https://athletics.mcla.edu/sports/wsoc/coaches/Raber_Deb
,MIT,womens-soccer,D3,,,Engineers,1,Tim the Beaver,,,https://upload.wikimedia.org/wikipedia/commons/b/b8/MIT_2023_red_logo.svg?utm_source=commons.wikimedia.org&utm_campaign=imageinfo&utm_content=original,,,,,,,,,,,,,,,,,,,,,,,,Martin Desmarais,Head Coach,mjd@mit.edu,personal,,,coach+xsport,"wikipedia:Massachusetts Institute of Technology | borrowed from the mens-soccer row: nickname,nickname_plural,mascot,logo_url",,,,https://mitathletics.com/sports/womens-soccer/coaches
,MUW,womens-soccer,D3,,,,,,,,,,,,,,,,,,,,,,,,,,,,,,,,Valerie Greer,Interim Head Coach,vlgreer@muw.edu,personal,,,coach,,,,,https://owlsathletics.com/sports/womens-soccer/coaches
macalester_college,Macalester College,womens-soccer,D3,Minnesota Intercollegiate Athletic Conference,d3t2,Scots,1,Coo the Highland Cow,#01426A,#D44420,https://upload.wikimedia.org/wikipedia/commons/8/8a/Macalester_College_Logo.png?utm_source=commons.wikimedia.org&utm_campaign=imageinfo&utm_content=original,athletics.macalester.edu,,,39.31,952,0.4336,9.1,8,6,5,9,7,2,6,8,3,9,7,2,,,,,Marissa Olson-Guillou,Interim Head Women's Soccer Coach,mguillou@macalester.edu,personal,,,records+db+v6+coach+grads,wikipedia:Macalester College,,,,https://athletics.macalester.edu/sports/womens-soccer/coaches
maine_maritime_academy,Maine Maritime Academy,womens-soccer,D3,North Atlantic Conference,d3t2,Mariners,1,,#002F6C,#FFCD00,https://upload.wikimedia.org/wikipedia/commons/7/72/Maine_Maritime_Academy_wordmark.svg?utm_source=commons.wikimedia.org&utm_campaign=imageinfo&utm_content=original,marinersports.org,,,42.34,857,0.5255,5.6,7,9,1,14,5,1,7,5,5,12,7,1,,,,,Melissa McTurk,Head Coach,mguglielmo@sunymaritime.edu,personal,,,records+db+v6+coach+grads,wikipedia:Maine Maritime Academy,,,,https://maritimeathletics.com/sports/womens-soccer/coaches
manchester_university,Manchester University,womens-soccer,D3,Heartland Collegiate Athletic Conference,d3t2,Spartans,1,,,,,muspartans.com,,,25.54,1205,0.0164,4.5,2,14,1,2,14,0,0,14,3,1,15,1,,,,,Jamie Peters,Head Women's Soccer Coach,jpeters@manchester.edu,personal,,,records+db+v6+coach+grads,athletics-domain:muspartans.com,"copied from this school's other row (Manchester), same division; that row's nickname was recovered from the school's own athletics site",,,https://muspartans.com/sports/womens-soccer/coaches
manhattanville_university,Manhattanville University,womens-soccer,D3,Skyline Conference,d3t2,,,Valiant,#A1243F,#FFFFFF,https://upload.wikimedia.org/wikipedia/en/2/25/Manhattanville_College_logo.svg?utm_source=en.wikipedia.org&utm_campaign=imageinfo&utm_content=original,govaliants.com,,,36.77,1038,0.3568,4.5,7,10,2,8,5,3,6,7,4,6,11,0,,,,,Peter Coughlan,Head Women's Soccer Coach,peter.coughlan@mville.edu,personal,,,records+db+v6+coach+grads,wikipedia:Manhattanville University,,,,https://govaliants.com/sports/womens-soccer/coaches
maranatha_baptist_university,Maranatha Baptist University,womens-soccer,D3,Independent,d3t2,,,Sabercats,#081f3f,#eec314,,,,,32.06,1137,0.2139,4.8,2,15,1,5,11,0,9,8,0,2,13,0,,,,,,,,,,,records+db+v6,wikipedia:Maranatha Baptist University,,,,
marian_university_wi,Marian University (WI),womens-soccer,D3,Northern Athletics Collegiate Conference,d3t2,The Sabres,1,Sammy the Sabre,,,https://upload.wikimedia.org/wikipedia/commons/3/36/Marian_univ_wisconsin_logo.png?utm_source=commons.wikimedia.org&utm_campaign=imageinfo&utm_content=original,sabreathletics.com,,,39.20,955,0.4302,3.2,7,7,4,12,4,4,7,9,4,8,8,4,,,,,Chris Gaskin,Head Women's Soccer Coach,ccgaskin95@marianuniversity.edu,personal,,,records+db+v6+coach+grads,wikipedia:Marian University (Wisconsin),,,,https://sabreathletics.com/sports/womens-soccer/coaches
marietta_college,Marietta College,womens-soccer,D3,Ohio Athletic Conference,d3t2,Pioneers,1,,,,https://upload.wikimedia.org/wikipedia/en/a/a7/Marietta_College_logo.svg?utm_source=en.wikipedia.org&utm_campaign=imageinfo&utm_content=original,pioneers.marietta.edu,,,35.73,1062,0.3253,5.4,3,12,1,5,9,2,7,8,3,5,4,9,,,,,Zack Votra,Head Women's Soccer Coach,zav001@marietta.edu,personal,,,records+db+v6+coach+grads,wikipedia:Marietta College,,,,https://pioneers.marietta.edu/sports/womens-soccer/coaches
martin_luther_college,Martin Luther College,womens-soccer,D3,Upper Midwest Athletic Conference,d3t2,Knights,1,,,,https://upload.wikimedia.org/wikipedia/commons/e/e1/MLC-Logo.svg?utm_source=commons.wikimedia.org&utm_campaign=imageinfo&utm_content=original,mlcknights.com,,,34.72,1084,0.2944,5.2,6,9,4,5,11,2,5,11,3,7,9,2,,,,,Tyson Zarnstorff,Head Women's Soccer Coach,zarnsttj@mlc-wels.edu,personal,,,records+db+v6+coach+grads,wikipedia:Martin Luther College,,,,https://mlcknights.com/sports/womens-soccer/coaches
mary_baldwin_university,Mary Baldwin University,womens-soccer,D3,USA South Athletic Conference,d3t2,Fighting Squirrels,1,Baldwin the Fighting Squirrel and Gladys the Squirrel,,,https://upload.wikimedia.org/wikipedia/commons/d/d1/Mary_baldwin_univ_logo.png?utm_source=commons.wikimedia.org&utm_campaign=imageinfo&utm_content=original,marybaldwinathletics.com,,,37.94,1001,0.3920,3.1,13,7,1,4,12,2,4,11,2,11,6,1,,,,,Lionel Karyea,Head Women's Soccer Coach,ldkaryea@marybaldwin.edu,personal,,,records+db+v6+coach+grads,wikipedia:Mary Baldwin University,,,,https://marybaldwinathletics.com/sports/womens-soccer/coaches
,Marymount (VA),womens-soccer,D3,,,Saints,1,Bernie The Dog,#10069F,,https://upload.wikimedia.org/wikipedia/en/4/4f/Marymount_University.svg?utm_source=en.wikipedia.org&utm_campaign=imageinfo&utm_content=original,lmulions.com,,,,,,,,,,,,,,,,,,,,,,,Heather Lipp,Head Women's Soccer Coach,,,,,coach+xsport,"wikipedia:Marymount University | borrowed from the mens-soccer row: nickname,nickname_plural,mascot,primary_color,logo_url",,,,https://marymountsaints.com/sports/womens-soccer/coaches
marymount_university,Marymount University,womens-soccer,D3,Atlantic East Conference,d3t2,Saints,1,Bernie The Dog,#10069F,,https://upload.wikimedia.org/wikipedia/en/4/4f/Marymount_University.svg?utm_source=en.wikipedia.org&utm_campaign=imageinfo&utm_content=original,,1,AEC,37.83,1005,0.3889,3.9,6,9,5,7,10,5,8,9,4,11,9,2,,,,,,,,,,,records+db+v6+grads,wikipedia:Marymount University,,agent-research:2025-womens-soccer,"beat Gwynedd Mercy 4-0 on Nov 8, 2025 to reclaim the AEC title",
maryville_college,Maryville College,womens-soccer,D3,Collegiate Conference of the South,d3t2,Scots,1,Scots,,,https://upload.wikimedia.org/wikipedia/commons/a/ad/Maryville_college_textlogo.png?utm_source=commons.wikimedia.org&utm_campaign=imageinfo&utm_content=original,,,,44.57,770,0.5931,5.0,11,4,5,15,4,3,13,3,4,9,7,1,,,,,,,,,,,records+db+v6,wikipedia:Maryville College,,,,
marywood_university,Marywood University,womens-soccer,D3,Atlantic East Conference,d3t2,Pacers,1,Pacers,,,https://upload.wikimedia.org/wikipedia/commons/f/ff/Marywood_univ_textlogo.png?utm_source=commons.wikimedia.org&utm_campaign=imageinfo&utm_content=original,marywoodpacers.com,,,44.00,791,0.5758,5.4,11,7,2,9,7,2,15,4,2,,,,,,,,Richard Owens,Head Women's Soccer Coach / Coordinator of Sports Performance,rjowens@marywood.edu,personal,,,records+db+v6+coach+grads,wikipedia:Marywood University,,,,https://marywoodpacers.com/sports/womens-soccer/coaches
,Mass. Maritime,womens-soccer,D3,,,,,,,,,,,,,,,,,,,,,,,,,,,,,,,,Mike McKenna,Head Coach,mmckenna@maritime.edu,personal,,,coach,,,,,https://www.mmabucs.com/sports/wsoc/coaches/index
massachusetts_college_of_liberal_arts,Massachusetts College of Liberal Arts,womens-soccer,D3,Massachusetts State Collegiate Athletic Conference,d3t2,Trailblazers,1,Murdock the Mountain Lion,#25408F,#FCB426,https://upload.wikimedia.org/wikipedia/commons/6/60/Mcla_college_logo.png?utm_source=commons.wikimedia.org&utm_campaign=imageinfo&utm_content=original,athletics.mcla.edu,,,30.83,1164,0.1765,6.0,2,10,3,3,9,3,3,13,0,3,8,6,,,,,,,,,,,records+db+v6,wikipedia:Massachusetts College of Liberal Arts,,,,
massachusetts_institute_of_technology,Massachusetts Institute of Technology,womens-soccer,D3,New England Women's and Men's Athletic Conference,d3t2,Engineers,1,Tim the Beaver,,,https://upload.wikimedia.org/wikipedia/commons/b/b8/MIT_2023_red_logo.svg?utm_source=commons.wikimedia.org&utm_campaign=imageinfo&utm_content=original,,1,NEWMAC,51.15,588,0.7925,9.9,15,5,3,21,4,1,21,2,1,22,3,1,,,,,,,,,,,records+db+v6+grads,wikipedia:Massachusetts Institute of Technology,,agent-research:2025-womens-soccer,beat Springfield 3-0 in the 2025 NEWMAC championship game,
massachusetts_maritime_academy,Massachusetts Maritime Academy,womens-soccer,D3,Massachusetts State Collegiate Athletic Conference,d3t2,Buccaneers,1,,#002066,#d4af37,https://upload.wikimedia.org/wikipedia/commons/e/e3/Massachusetts_Maritime_Academy_logo.svg?utm_source=commons.wikimedia.org&utm_campaign=imageinfo&utm_content=original,maritimeathletics.com,,,28.94,1186,0.1195,6.8,2,9,3,2,9,5,2,10,2,2,13,2,,,,,Melissa McTurk,Head Coach,mguglielmo@sunymaritime.edu,personal,,,records+db+v6+coach+grads,wikipedia:Massachusetts Maritime Academy,,,,https://maritimeathletics.com/sports/womens-soccer/coaches
mcdaniel_college,McDaniel College,womens-soccer,D3,Centennial Conference,d3t2,,,Green Terror,,,https://upload.wikimedia.org/wikipedia/commons/e/e8/Mcdaniel_college_logo.png?utm_source=commons.wikimedia.org&utm_campaign=imageinfo&utm_content=original,,,,40.96,897,0.4835,5.0,8,6,5,12,4,5,12,5,3,6,8,4,,,,,Michael Scott,Head Coach,mpscott@mcdaniel.edu,personal,,,records+db+v6+coach+grads,wikipedia:McDaniel College,,,,https://mcdanielathletics.com/sports/womens-soccer/coaches
mcmurry_university,McMurry University,womens-soccer,D3,Southern Collegiate Athletic Conference,d3t2,,,War Hawks,#6F1830,#FFFFFF,https://upload.wikimedia.org/wikipedia/commons/9/93/Mcmurry_univ_logo_horiz.png?utm_source=commons.wikimedia.org&utm_campaign=imageinfo&utm_content=original,mcmurrysports.com,1,SCAC,42.52,856,0.5309,3.3,8,6,4,11,5,4,9,6,3,11,4,5,,,,,Madelyn Wilson,Head Coach,wilson.madelyn@mcm.edu,personal,,,records+db+v6+coach+grads,wikipedia:McMurry University,,agent-research:2025-womens-soccer,beat Concordia 1-0 to win the 2025 SCAC tournament championship,https://mcmurrysports.com/sports/womens-soccer/coaches
meredith_college,Meredith College,womens-soccer,D3,USA South Athletic Conference,d3t2,,,Avenging Angels,,,https://upload.wikimedia.org/wikipedia/commons/6/69/Meredith_college_nc_logo.png?utm_source=commons.wikimedia.org&utm_campaign=imageinfo&utm_content=original,,,,34.76,1083,0.2959,7.1,1,9,3,4,5,7,10,6,3,3,11,4,,,,,Mike Barroqueiro,Head Soccer Coach,mbarroqueiro@meredith.edu,personal,,,records+db+v6+coach+grads,wikipedia:Meredith College,,,,https://goavengingangels.com/sports/womens-soccer/coaches
messiah_university,Messiah University,womens-soccer,D3,Middle Atlantic Conference (Commonwealth),d3t2,Falcons,1,Flex the Falcon,,,,gomessiah.com,1,MAC Commonwealth,52.03,565,0.8191,6.4,20,2,3,21,2,1,18,2,3,22,3,0,,,,,Scott Frey,Head Coach,sfrey@messiah.edu,personal,,,records+db+v6+coach+grads,wikipedia:Messiah University,,agent-research:2025-womens-soccer,"beat Stevenson 4-0 on Nov 8, 2025, 7th straight MAC Commonwealth title",https://gomessiah.com/sports/womens-soccer/coaches
methodist_university,Methodist University,womens-soccer,D3,USA South Athletic Conference,d3t2,Monarchs,1,Lion,#00573C,#CBB676,https://upload.wikimedia.org/wikipedia/commons/f/fe/Methodist_University_png_logo.png?utm_source=commons.wikimedia.org&utm_campaign=imageinfo&utm_content=original,mumonarchs.com,,,42.57,854,0.5325,4.6,16,3,1,12,5,1,,,,5,5,6,,,,,Bryan Madej,Head Women's Soccer Coach,bmadej@methodist.edu,personal,,,records+db+v6+coach+grads,wikipedia:Methodist University,,,,https://www.mumonarchs.com/sports/womens-soccer/coaches
middlebury_college,Middlebury College,womens-soccer,D3,New England Small College Athletic Conference,d3t1,Panthers,1,Panther,,,https://upload.wikimedia.org/wikipedia/en/8/85/Middlebury_College_logo.svg?utm_source=en.wikipedia.org&utm_campaign=imageinfo&utm_content=original,athletics.middlebury.edu,,,48.69,648,0.7179,9.4,10,5,1,6,4,5,8,2,6,13,4,3,,,,,Peter Kim,Head Women's Soccer Coach,pkim@middlebury.edu,inferred,,,records+db+v6+coach+grads,wikipedia:Middlebury College,,,,pattern_inference:medium
millikin_university,Millikin University,womens-soccer,D3,College Conference of Illinois & Wisconsin,d3t2,Big Blue,0,,,,,athletics.millikin.edu,,,38.78,974,0.4176,4.1,5,7,3,7,6,4,14,4,1,4,10,4,,,,,Ian Doherty,Head Women's Soccer Coach,idoherty@millikin.edu,personal,,,records+db+v6+coach+grads,wikipedia:Millikin University,,,,https://athletics.millikin.edu/sports/womens-soccer/coaches
millsaps_college,Millsaps College,womens-soccer,D3,Southern Athletic Association,d3t1,Majors,1,The Millsaps Major,,,https://upload.wikimedia.org/wikipedia/commons/e/ef/Millsaps_College.png?utm_source=commons.wikimedia.org&utm_campaign=imageinfo&utm_content=original,gomajors.com,,,29.10,1183,0.1244,6.3,3,10,2,1,14,2,2,14,2,2,13,2,,,,,Luke Schwarz,Head Women's Soccer Coach,schwalj@millsaps.edu,personal,,,records+db+v6+coach+grads,wikipedia:Millsaps College,,,,https://gomajors.com/sports/womens-soccer/coaches
milwaukee_school_of_engineering,Milwaukee School of Engineering,womens-soccer,D3,Northern Athletics Collegiate Conference,d3t2,Raiders,1,Roscoe Raider,#bb092c,#ffffff,https://upload.wikimedia.org/wikipedia/commons/7/76/Milwaukee_School_of_Engineering_logo.svg?utm_source=commons.wikimedia.org&utm_campaign=imageinfo&utm_content=original,,,,47.09,699,0.6694,6.7,13,4,4,20,2,3,15,5,2,14,6,2,,,,,Rolf Zersen,Head Coach,zersen@msoe.edu,personal,,,records+db+v6+coach+grads,wikipedia:Milwaukee School of Engineering,,,,https://msoeraiders.com/sports/womens-soccer/coaches
misericordia_university,Misericordia University,womens-soccer,D3,Middle Atlantic Conference (Freedom),d3t2,Cougars,1,Archie McGrowl,#0067B1,#C4932A,https://upload.wikimedia.org/wikipedia/commons/c/cc/Misericordia_univ_textlogo.png?utm_source=commons.wikimedia.org&utm_campaign=imageinfo&utm_content=original,,,,50.16,609,0.7623,5.4,21,1,1,16,4,1,19,2,2,15,4,2,,,,,Mark Stauffer,Women's Soccer/Intramurals Director (Head Coach),mstauffer@misericordia.edu,personal,,,records+db+v6+coach+grads,wikipedia:Misericordia University,,,,https://athletics.misericordia.edu/sports/womens-soccer/coaches
mississippi_university_for_women,Mississippi University for Women,womens-soccer,D3,St. Louis Intercollegiate Athletic Conference,d3t2,Owls,1,Ody the Owl,#174074,#75B2DD,https://upload.wikimedia.org/wikipedia/commons/c/c8/Mississippi_univ_for_women_w_logo.png?utm_source=commons.wikimedia.org&utm_campaign=imageinfo&utm_content=original,,,,31.11,1156,0.1851,3.8,8,8,1,5,10,0,4,12,2,1,13,4,,,,,,,,,,,records+db+v6+grads,wikipedia:Mississippi University for Women,,,,
,Mitchell,womens-soccer,D3,,,,,,,,,,,,,,,3.6,,,,,,,,,,,,,,,,,Fiona Walsh,Head Coach,walsh_f@mitchell.edu,personal,,,db+coach+grads,,Added for coaching-contact coverage; soccer_score/academic_rating are placeholders,,,https://www.mitchellathletics.com/sports/wsoc/coaches
monmouth_college,Monmouth College,womens-soccer,D3,Midwest Conference,d3t2,Fighting Scots,1,Big Red,#a40c34,,https://upload.wikimedia.org/wikipedia/en/9/91/Monmouth_College_website_logo.png?utm_source=en.wikipedia.org&utm_campaign=imageinfo&utm_content=original,,,,35.97,1055,0.3325,5.9,3,10,3,5,8,3,5,8,4,7,6,3,,,,,,,,,,,records+db+v6+grads,wikipedia:Monmouth College,,,,
montclair_state_university,Montclair State University,womens-soccer,D3,New Jersey Athletic Conference,d3t2,Red Hawks,1,"Rocky the Red Hawk / (formerly, the Indians)",#D1190D,,https://upload.wikimedia.org/wikipedia/en/6/68/Montclair_State_University_logo.svg?utm_source=en.wikipedia.org&utm_campaign=imageinfo&utm_content=original,montclairathletics.com,1,NJAC,46.47,713,0.6507,3.4,17,3,1,13,3,3,11,6,5,13,1,6,,,,,Patrick Naughter,Head Coach,naughterp@montclair.edu,personal,,,records+db+v6+coach+grads,wikipedia:Montclair State University,,agent-research:2025-womens-soccer,beat Rowan on PKs to win the 2025 NJAC championship,https://montclairathletics.com/sports/womens-soccer/coaches
moravian_university,Moravian University,womens-soccer,D3,Landmark Conference,d3t2,Greyhounds,1,,,,https://upload.wikimedia.org/wikipedia/commons/3/38/Moravian-TwoLineWordmark-MoravianBlue.svg?utm_source=commons.wikimedia.org&utm_campaign=imageinfo&utm_content=original,moraviansports.com,,,40.32,924,0.4642,6.9,,,,,,,9,5,6,,,,,,,,Jeff Ykoruk,Head Women's Soccer Coach,ykorukj@moravian.edu,personal,,,records+db+v6+coach+grads,wikipedia:Moravian University,,,,https://www.moraviansports.com/sports/wsoc/coaches/Ykoruk
mount_aloysius_college,Mount Aloysius College,womens-soccer,D3,Allegheny Mountain Collegiate Conference,d3t2,Mounties,1,Mac the Mountie,#00539b,#f5f5f5,https://upload.wikimedia.org/wikipedia/en/d/dc/Mount_Aloysius_College_Horizontal_Logo.jpg?utm_source=en.wikipedia.org&utm_campaign=imageinfo&utm_content=original,,,,33.79,1103,0.2662,3.6,3,15,2,7,9,2,5,11,2,5,8,4,,,,,Tyler Sisler,Head Women's Soccer Coach,tsisler@mtaloy.edu,personal,,,records+db+v6+coach+grads,wikipedia:Mount Aloysius College,,,,https://mountieathletics.com/sports/womens-soccer/coaches
mount_holyoke_college,Mount Holyoke College,womens-soccer,D3,New England Women's and Men's Athletic Conference,d3t2,Lyons,1,Paws the Lion (Official) / / Jorge the Goose (Unofficial),,,https://upload.wikimedia.org/wikipedia/commons/8/8b/Mount_Holyoke_College_logo.svg?utm_source=commons.wikimedia.org&utm_campaign=imageinfo&utm_content=original,,,,30.10,1173,0.1546,9.2,2,15,1,3,12,2,4,6,6,1,10,5,,,,,Breena Proctor,Head Soccer Coach,bproctor@mtholyoke.edu,personal,,,records+db+v6+coach+grads,wikipedia:Mount Holyoke College,,,,https://athletics.mtholyoke.edu/sports/wsoc/coaches/index
mount_saint_mary_college,Mount Saint Mary College,womens-soccer,D3,Skyline Conference,d3t2,Knights,1,Knights,#004F94,,https://upload.wikimedia.org/wikipedia/commons/e/ec/Mount_st_mary_college_textlogo.png?utm_source=commons.wikimedia.org&utm_campaign=imageinfo&utm_content=original,,,,35.54,1065,0.3193,4.6,6,11,3,6,10,3,6,10,3,8,10,2,,,,,,,,,,,records+db+v6+grads,athletics-domain:msmcknights.com,"nickname recovered from the school's own athletics hostname; its Wikipedia article states none. Confirmed by that site's title (""2027 HOF - Mount Saint Mary College Athletics - Official Athletics Website"").",,,
mount_st_joseph_university,Mount St. Joseph University,womens-soccer,D3,Heartland Collegiate Athletic Conference,d3t2,Lions,1,Lion,,,https://upload.wikimedia.org/wikipedia/en/2/2d/Mount_St._Joseph_University_logo.svg?utm_source=en.wikipedia.org&utm_campaign=imageinfo&utm_content=original,msjlions.com,,,42.83,845,0.5403,5.7,11,8,2,11,6,2,12,4,4,10,6,4,,,,,Marc Sabin,Head Coach,marc.sabin@msj.edu,personal,,,records+db+v6+coach+grads,wikipedia:Mount St. Joseph University,,,,https://msjlions.com/sports/womens-soccer/coaches
muhlenberg_college,Muhlenberg College,womens-soccer,D3,Centennial Conference,d3t2,Mules,1,Marti The Mule,#A41D36,#a2aaad,https://upload.wikimedia.org/wikipedia/commons/3/3c/Muhlenberg_college_full_logo.png?utm_source=commons.wikimedia.org&utm_campaign=imageinfo&utm_content=original,muhlenbergsports.com,,,30.38,1169,0.1630,8.2,2,13,2,3,11,3,2,14,2,5,10,3,,,,,Kathy Prescott,Head Women's Soccer Coach,katharineprescott@muhlenberg.edu,personal,,,records+db+v6+coach+grads,wikipedia:Muhlenberg College,,,,https://muhlenbergsports.com/sports/womens-soccer/coaches
muskingum_university,Muskingum University,womens-soccer,D3,Ohio Athletic Conference,d3t2,Fighting Muskies,1,,#FF0090,,https://upload.wikimedia.org/wikipedia/commons/0/0c/Muskingum_univ_logo.png?utm_source=commons.wikimedia.org&utm_campaign=imageinfo&utm_content=original,fightingmuskies.com,,,29.09,1184,0.1240,3.9,2,13,3,2,13,3,,,,,,,,,,,Tyler Wickham,Head Coach,twickham@muskingum.edu,inferred,,,records+db+v6+coach+grads,wikipedia:Muskingum University,,,,pattern_inference:high
,N.C. Wesleyan,womens-soccer,D3,,,,,,,,,,,,,,,,,,,,,,,,,,,,,,,,Beverly Biancur,Head Women's Soccer Coach,bbiancur@ncwu.edu,personal,,,coach,,,,,https://ncwsports.com/sports/womens-soccer/coaches
,NYU,womens-soccer,D3,,,,,,,,,,,,,,,,,,,,,,,,,,,,,,,,Scott Waddell,Head Coach,saw11@nyu.edu,personal,,,coach,,,,,https://gonyuathletics.com/sports/womens-soccer/coaches
nazareth_university,Nazareth University,womens-soccer,D3,Empire 8,d3t2,Golden Flyers,1,Golden Flyer,#8666ab,#d4a66d,https://upload.wikimedia.org/wikipedia/commons/3/3f/Nazareth-university-logo_primary_RGB-purple.png?utm_source=commons.wikimedia.org&utm_campaign=imageinfo&utm_content=original,nazathletics.com,,,40.88,902,0.4811,6.6,8,5,7,8,5,6,11,6,3,9,7,3,,,,,Gail Mann,Head Coach,gmann8@naz.edu,personal,,,records+db+v6+coach+grads,wikipedia:Nazareth University,,,,https://nazathletics.com/sports/womens-soccer/coaches
nebraska_wesleyan_university,Nebraska Wesleyan University,womens-soccer,D3,American Rivers Conference,d3t2,Prairie Wolves,1,,#222222,#cdb95d,https://upload.wikimedia.org/wikipedia/commons/e/ec/Nwu_textlogo.png?utm_source=commons.wikimedia.org&utm_campaign=imageinfo&utm_content=original,,,,33.42,1111,0.2552,5.3,6,9,1,2,12,2,6,10,2,4,7,5,,,,,,,,,,,records+db+v6+grads,wikipedia:Nebraska Wesleyan University,,,,
neumann_university,Neumann University,womens-soccer,D3,Atlantic East Conference,d3t2,Knights,1,Knight,#FFFFFF,,https://upload.wikimedia.org/wikipedia/commons/f/f0/Neumann_univ_logo.png?utm_source=commons.wikimedia.org&utm_campaign=imageinfo&utm_content=original,,,,36.33,1049,0.3433,2.6,8,9,4,7,6,4,7,9,3,6,11,2,,,,,Kurt Nusshag,Head Women's Soccer Coach,nusshagk@neumann.edu,personal,,,records+db+v6+coach+grads,wikipedia:Neumann University,,,,https://neumannathletics.com/sports/womens-soccer/coaches
,New England College,womens-soccer,D3,,,Pilgrims,1,Patty the Pilgrim,#BE333A,#223E77,https://upload.wikimedia.org/wikipedia/commons/3/3a/Newengland_colelge_full_logo.png?utm_source=commons.wikimedia.org&utm_campaign=imageinfo&utm_content=original,athletics.nec.edu,,,,,,,,,,,,,,,,,,,,,,,Paul Vazquez,Head Women's Soccer Coach | Business Manager,pvazquez@nec.edu,personal,,,coach+xsport,"wikipedia:New England College | borrowed from the mens-soccer row: nickname,nickname_plural,mascot,primary_color,secondary_color,logo_url",,,,https://athletics.nec.edu/sports/wsoc/coaches
new_jersey_city_university,New Jersey City University,womens-soccer,D3,New Jersey Athletic Conference,d3t2,Gothic Knights,1,,#15293F,#115740,,njcugothicknights.com,,,36.93,1034,0.3615,3.5,5,9,4,,,,7,6,8,,,,,,,,Anthony Tuesta,Head Women's Soccer Coach,atuesta@njcu.edu,personal,,,records+db+v6+coach+grads,wikipedia:Kean Jersey City,,,,http://web.archive.org/web/20240907041410/https://njcugothicknights.com/sports/womens-soccer/coaches
new_york_university,New York University,womens-soccer,D3,University Athletic Association,d3t1,Violets,1,Bobcat,#57068C,#FFFFFF,https://upload.wikimedia.org/wikipedia/en/5/58/NYU_logo.svg?utm_source=en.wikipedia.org&utm_campaign=imageinfo&utm_content=original,gonyuathletics.com,,,48.90,643,0.7242,9.5,9,3,5,14,3,2,12,3,6,9,6,4,,,,,,,,,,,records+db+v6+grads,wikipedia:New York University,,,,
nichols_college,Nichols College,womens-soccer,D3,Conference of New England,d3t1,Bison,0,,#000000,#006E5C,https://upload.wikimedia.org/wikipedia/commons/4/48/Nichols-college-logo.png?utm_source=commons.wikimedia.org&utm_campaign=imageinfo&utm_content=original,nicholsathletics.com,,,31.08,1159,0.1842,4.2,7,9,2,3,13,2,4,12,2,1,16,1,,,,,Angela Mogel,Women's Soccer Head Coach,angela.mogel@nichols.edu,personal,,,records+db+v6+coach+grads,wikipedia:Nichols College,,,,https://nicholsathletics.com/sports/womens-soccer/coaches
north_carolina_wesleyan_university,North Carolina Wesleyan University,womens-soccer,D3,USA South Athletic Conference,d3t2,Battling Bishops,1,,#003C69,#D8A901,https://upload.wikimedia.org/wikipedia/commons/d/d9/Nc_wesleyan_univ_logo.png?utm_source=commons.wikimedia.org&utm_campaign=imageinfo&utm_content=original,ncwsports.com,,,33.88,1101,0.2691,2.3,7,11,0,3,13,0,6,12,1,7,10,1,,,,,,,,,,,records+db+v6,wikipedia:North Carolina Wesleyan University,,,,
,North Central (MN),womens-soccer,D3,,,,,,,,,,,,,,,,,,,,,,,,,,,,,,,,Keith Bleyer,Manager of Soccer Operations / Head Coach,kcbleyer@northcentral.edu,personal,,,coach,,,,,https://ncurams.com/sports/womens-soccer/coaches
north_central_college,North Central College,womens-soccer,D3,College Conference of Illinois & Wisconsin,d3t2,Cardinals,1,Chippy the Cardinal,#BA0C2F,#FFFFFF,https://upload.wikimedia.org/wikipedia/en/f/f3/North_Central_College_logo.svg?utm_source=en.wikipedia.org&utm_campaign=imageinfo&utm_content=original,,1,CCIW,48.37,665,0.7082,5.9,12,2,5,18,2,1,16,5,1,16,6,0,,,,,,,,,,,records+db+v6,wikipedia:North Central College,,agent-research:2025-womens-soccer,went 8-0-0 in league and won the CCIW tournament,
north_central_university,North Central University,womens-soccer,D3,Upper Midwest Athletic Conference,d3t2,Rams,1,Bama the Rama,,,https://upload.wikimedia.org/wikipedia/en/6/6a/North_Central_University_logo.png?utm_source=en.wikipedia.org&utm_campaign=imageinfo&utm_content=original,,1,CCIW,27.32,1202,0.0702,4.6,,,,2,16,1,,,,1,14,2,,,,,,,,,,,records+db+v6,wikipedia:North Central University,,agent-research:2025-womens-soccer,went 8-0-0 in league and won the CCIW tournament,
north_park_university,North Park University,womens-soccer,D3,College Conference of Illinois & Wisconsin,d3t2,Vikings,1,Ragnar,#002D62,#FBD329,https://upload.wikimedia.org/wikipedia/commons/6/68/North_park_univ_textlogo.png?utm_source=commons.wikimedia.org&utm_campaign=imageinfo&utm_content=original,athletics.northpark.edu,,,33.03,1118,0.2434,5.6,4,10,2,2,9,5,6,10,1,,,,,,,,Emma Woodley,Head Women's Soccer Coach,ebwoodley@northpark.edu,personal,,,records+db+v6+coach+grads,wikipedia:North Park University,,,,https://athletics.northpark.edu/sports/womens-soccer/coaches
,Norwich,womens-soccer,D3,,,,,,,,,,,,,,,6.0,,,,,,,,,,,,,,,,,Jared Cipriano,Head Coach,jciprian@norwich.edu,personal,,,db+coach+grads,,Added for coaching-contact coverage; soccer_score/academic_rating are placeholders,,,https://norwichathletics.com/sports/womens-soccer/coaches
notre_dame_of_maryland_university,Notre Dame of Maryland University,womens-soccer,D3,United East Conference,d3t2,Gators,1,,,,https://upload.wikimedia.org/wikipedia/en/d/da/Notre_Dame_of_Maryland_University_logo.png?utm_source=en.wikipedia.org&utm_campaign=imageinfo&utm_content=original,,,,32.15,1135,0.2168,4.6,4,9,0,,,,2,11,1,5,10,2,,,,,Nathan Rauscher,Head Coach,nrauscher@ndm.edu,personal,,,records+db+v6+coach+grads,wikipedia:Notre Dame of Maryland University,,,,https://notredamegators.com/sports/womens-soccer/coaches
oberlin_college,Oberlin College,womens-soccer,D3,North Coast Athletic Conference,d3t1,Yeowomen,1,Yeobie the Squirrel,#CF102D,#FFC72C,https://upload.wikimedia.org/wikipedia/commons/3/32/Oberlin_College_logo.svg?utm_source=commons.wikimedia.org&utm_campaign=imageinfo&utm_content=original,goyeo.com,,,38.81,971,0.4183,8.9,7,6,2,7,8,2,7,7,2,3,10,4,,,,,Taylor Houck,Head Women's Soccer Coach,thouck@oberlin.edu,personal,,,records+db+v6+coach+grads,wikipedia:Oberlin College,,,,https://goyeo.com/sports/womens-soccer/coaches
occidental_college,Occidental College,womens-soccer,D3,Southern California Intercollegiate Athletic Conference,d3t1,Tigers,1,Oswald the Tiger,#FF6600,,https://upload.wikimedia.org/wikipedia/commons/5/55/Occidental_College_logo.svg?utm_source=commons.wikimedia.org&utm_campaign=imageinfo&utm_content=original,,,,38.20,990,0.4000,8.9,3,6,6,6,4,5,0,11,3,8,7,2,,,,,Lydia Mitchell,Head Coach,mitchelll@oxy.edu,personal,,,records+db+v6+coach+grads,wikipedia:Occidental College,,,,https://oxyathletics.com/sports/womens-soccer/coaches
oglethorpe_university,Oglethorpe University,womens-soccer,D3,Southern Athletic Association,d3t1,Stormy Petrels,1,Petey,#000000,#FFDD00,https://upload.wikimedia.org/wikipedia/en/3/3e/Oglethorpe_University_logo.png?utm_source=en.wikipedia.org&utm_campaign=imageinfo&utm_content=original,gopetrels.com,,,42.14,863,0.5195,4.9,4,8,3,6,5,4,5,9,2,9,5,1,,,,,Rob King,Head Women's Soccer Coach,rking1@oglethorpe.edu,personal,,,records+db+v6+coach+grads,wikipedia:Oglethorpe University,,,,https://gopetrels.com/sports/womens-soccer/coaches
ohio_northern_university,Ohio Northern University,womens-soccer,D3,Ohio Athletic Conference,d3t2,Polar Bears,1,Klondike,#FA653D,,https://upload.wikimedia.org/wikipedia/commons/5/5b/Ohio_Northern_University_logo.svg?utm_source=commons.wikimedia.org&utm_campaign=imageinfo&utm_content=original,battlingbishops.com,,,44.27,779,0.5840,7.4,14,2,5,10,9,1,15,6,1,,,,,,,,Ben Tierney,Head Women's Soccer Coach,b-tierney.1@onu.edu,personal,,,records+db+v6+coach+grads,wikipedia:Ohio Northern University,,,,https://onusports.com/sports/wsoc/coaches/tierney
ohio_wesleyan_university,Ohio Wesleyan University,womens-soccer,D3,North Coast Athletic Conference,d3t1,Battling Bishops,1,The Battling Bishop,#c81434,,https://upload.wikimedia.org/wikipedia/commons/f/f0/Owu_university_logo.png?utm_source=commons.wikimedia.org&utm_campaign=imageinfo&utm_content=original,battlingbishops.com,,,43.60,809,0.5636,6.0,12,3,4,10,6,3,9,5,3,3,6,9,,,,,Pat Ferguson,Head Coach,pjferguson@owu.edu,personal,,,records+db+v6+coach+grads,wikipedia:Ohio Wesleyan University,,,,https://battlingbishops.com/sports/womens-soccer/coaches
olivet_college,Olivet College,womens-soccer,D3,Michigan Intercollegiate Athletic Association,d3t2,Comets,1,Clyde & Haley,#E72523,#FFFFFF,https://upload.wikimedia.org/wikipedia/commons/c/ca/UOlivet-horizontal-full-color.jpg?utm_source=commons.wikimedia.org&utm_campaign=imageinfo&utm_content=original,olivetcomets.com,,,31.11,1157,0.1850,3.8,,,,,,,2,12,3,,,,,,,,Justin Loveless,Head Coach,JLoveless@UOlivet.edu,personal,,,records+db+v6+coach+grads,wikipedia:University of Olivet,,,,https://olivetcomets.com/sports/wsoc/coaches/LovelessJustin
otterbein_university,Otterbein University,womens-soccer,D3,Ohio Athletic Conference,d3t2,Cardinals,1,Cardy the Cardinal,,,https://upload.wikimedia.org/wikipedia/en/6/67/Otterbein_University_logo.png?utm_source=en.wikipedia.org&utm_campaign=imageinfo&utm_content=original,otterbeincardinals.com,,,42.02,869,0.5157,6.2,11,4,4,12,4,2,9,5,6,8,7,3,,,,,Brandon Koons,Head Coach,bkoons@otterbein.edu,personal,,,records+db+v6+coach+grads,wikipedia:Otterbein University,,,,https://otterbeincardinals.com/sports/womens-soccer/coaches
pacific_lutheran_university,Pacific Lutheran University,womens-soccer,D3,Northwest Conference,d3t2,Lutes,1,Sir Lance-a-Lute,,,https://upload.wikimedia.org/wikipedia/commons/f/f4/Pacific_lutheran_univ_logo.png?utm_source=commons.wikimedia.org&utm_campaign=imageinfo&utm_content=original,golutes.com,1,NWC,47.96,673,0.6957,5.9,17,2,3,15,5,1,16,2,4,12,2,6,,,,,Seth Spidahl,Head Coach,spidahsj@plu.edu,personal,,,records+db+v6+coach+grads,wikipedia:Pacific Lutheran University,,agent-research:2025-womens-soccer,"finished 12-0-4, 9th straight NWC regular-season title (no conference tournament)",https://golutes.com/sports/womens-soccer/coaches
pacific_university,Pacific University,womens-soccer,D3,Northwest Conference,d3t2,Boxers,1,Boxer,#B51217,#000000,https://upload.wikimedia.org/wikipedia/en/4/40/Pacific_University_Oregon_hz_logo.svg?utm_source=en.wikipedia.org&utm_campaign=imageinfo&utm_content=original,,,,31.81,1148,0.2064,5.0,5,9,5,4,13,2,2,13,5,4,7,8,,,,,,,,,,,records+db+v6,wikipedia:Pacific University,,,,
,Penn State Brandywine,womens-soccer,D3,,,,,,,,,,,,,,,6.0,,,,,,,,,,,,,,,,,Matt Duffey,Head Coach,msd5897@psu.edu,personal,,,db+coach+grads,,Added for coaching-contact coverage; soccer_score/academic_rating are placeholders,,,https://psubrandywineathletics.com/information/directory/index
pennsylvania_college_of_technology,Pennsylvania College of Technology,womens-soccer,D3,United East Conference,d3t2,Wildcats,1,,,,https://upload.wikimedia.org/wikipedia/en/9/9b/Pennsylvania_College_of_Technology_Logo.png?utm_source=en.wikipedia.org&utm_campaign=imageinfo&utm_content=original,,,,47.08,701,0.6691,5.0,9,9,1,11,2,7,15,1,4,15,3,2,,,,,,,,,,,records+db+v6,wikipedia:Pennsylvania College of Technology,,,,
pennsylvania_state_university_penn_state_abington,Pennsylvania State University-Penn State Abington,womens-soccer,D3,United East Conference,d3t2,Lions,1,Nittany Lion,,,https://upload.wikimedia.org/wikipedia/en/a/ac/Penn_State_Abington_logo.svg?utm_source=en.wikipedia.org&utm_campaign=imageinfo&utm_content=original,,,,37.95,1000,0.3923,3.4,5,11,1,,,,12,6,2,6,10,2,,,,,Ylber Mezani,Head Women's Soccer Coach,yjm5170@psu.edu,personal,,,records+db+v6+coach+grads,wikipedia:Penn State Abington,,,,https://abingtonsports.com/sports/womens-soccer/coaches
pennsylvania_state_university_penn_state_altoona,Pennsylvania State University-Penn State Altoona,womens-soccer,D3,Allegheny Mountain Collegiate Conference,d3t2,,,Nittany Lion,,,https://upload.wikimedia.org/wikipedia/en/b/b6/Penn_State_Altoona_logo.svg?utm_source=en.wikipedia.org&utm_campaign=imageinfo&utm_content=original,,,,37.16,1026,0.3685,3.8,6,7,5,,,,,,,,,,,,,,Pam Snyder Etters,"Head Coach, Women's Soccer",pjs199@psu.edu,personal,,,records+db+v6+coach+grads,wikipedia:Penn State Altoona,,,,https://psaltoonalions.com/information/directory/index
pennsylvania_state_university_penn_state_berks,Pennsylvania State University-Penn State Berks,womens-soccer,D3,United East Conference,d3t2,,,Nittany Lion,,,https://upload.wikimedia.org/wikipedia/en/a/ab/Penn_State_Berks_logo.svg?utm_source=en.wikipedia.org&utm_campaign=imageinfo&utm_content=original,,,,39.02,962,0.4247,3.6,13,6,2,10,9,2,7,9,2,8,9,2,,,,,Adrian Munteanu,Head Coach,fam11@psu.edu,personal,,,records+db+v6+coach+grads,wikipedia:Penn State Berks,,,,https://psuberksathletics.com/sports/womens-soccer/coaches
pennsylvania_state_university_penn_state_brandywine,Pennsylvania State University-Penn State Brandywine,womens-soccer,D3,United East Conference,d3t2,,,,,,,,,,,,,6.0,,,,,,,,,,,,,,,,,Matt Duffey,Head Coach,msd5897@psu.edu,personal,,,records+db+coach+grads,,Added for coaching-contact coverage; soccer_score/academic_rating are placeholders,,,https://psubrandywineathletics.com/information/directory/index
pennsylvania_state_university_penn_state_erie_behrend_college,Pennsylvania State University-Penn State Erie (Behrend College),womens-soccer,D3,Allegheny Mountain Collegiate Conference,d3t2,Behrend Lions,1,Nittany Lion,#000099,,https://upload.wikimedia.org/wikipedia/en/f/f5/Penn_State_Behrend_logo.svg?utm_source=en.wikipedia.org&utm_campaign=imageinfo&utm_content=original,alfredstateathletics.com,1,AMCC,44.95,760,0.6046,4.6,,,,,,,,,,12,3,2,,,,,Patrick O'Driscoll,Head Coach,pjo120@psu.edu,personal,,,records+db+v6+coach+grads,"wikipedia:Penn State Erie, The Behrend College",,agent-research:2025-womens-soccer,"beat Pitt-Greensburg 7-0 in the Nov 8, 2025 AMCC final",https://psblions.com/information/directory/index
pennsylvania_state_university_penn_state_harrisburg,Pennsylvania State University-Penn State Harrisburg,womens-soccer,D3,United East Conference,d3t2,,,Nittany Lion,,,https://upload.wikimedia.org/wikipedia/en/b/be/Penn_State_Harrisburg_logo.svg?utm_source=en.wikipedia.org&utm_campaign=imageinfo&utm_content=original,psuharrisburgsports.com,1,United East,43.92,794,0.5733,4.0,13,4,3,10,4,5,10,6,5,16,6,4,,,,,Matt Garrett,Head Coach,mxg6268@psu.edu,personal,,,records+db+v6+coach+grads,wikipedia:Penn State Harrisburg,,agent-research:2025-womens-soccer,beat St. Mary's (MD) on PKs (0-0) to win the 2025 United East title,https://psuharrisburgsports.com/sports/womens-soccer/coaches
pennsylvania_state_university_penn_state_schuylkill,Pennsylvania State University-Penn State Schuylkill,womens-soccer,D3,Eastern College Athletic Conference,d3t2,Nittany Lions,1,Nittany Lion,,,https://upload.wikimedia.org/wikipedia/en/6/6b/Pennsylvania_State_University_logo.svg?utm_source=en.wikipedia.org&utm_campaign=imageinfo&utm_content=original,,,,,,,8.2,,,,,,,,,,,,,,,,,,,,,,,records+db+grads,wikipedia:Pennsylvania State University,,,,
pfeiffer_university,Pfeiffer University,womens-soccer,D3,USA South Athletic Conference,d3t2,Falcons,1,Pfeiffer Falcons (Freddie Falcon),,,https://upload.wikimedia.org/wikipedia/commons/6/66/Pfeiffer_univ_logo.png?utm_source=commons.wikimedia.org&utm_campaign=imageinfo&utm_content=original,,,,28.11,1193,0.0943,3.6,2,12,1,2,14,2,3,12,0,2,12,1,,,,,Acasio Roche III,Head Women's Soccer Coach,acasio.roche@pfeiffer.edu,personal,,,records+db+v6+coach+grads,wikipedia:Pfeiffer University,,,,https://gofalconsports.com/sports/womens-soccer/coaches
piedmont_university,Piedmont University,womens-soccer,D3,Collegiate Conference of the South,d3t2,Lions,1,Lion,#144734,#B5A290,https://upload.wikimedia.org/wikipedia/en/5/54/Piedmont_University_2021_Logo.png?utm_source=en.wikipedia.org&utm_campaign=imageinfo&utm_content=original,,,,43.12,832,0.5490,3.9,12,6,3,10,7,5,7,6,4,15,5,1,,,,,,,,,,,records+db+v6,wikipedia:Piedmont University,,,,
,Pitt-Bradford,womens-soccer,D3,,,,,,,,,,,,,,,,,,,,,,,,,,,,,,,,Lorenzo Rodriguez,Head Women's Soccer Coach,lor36@pitt.edu,personal,,,coach,,,,,https://athletics.pittbradford.org/information/directory/staff_directory
,Pitt-Greensburg,womens-soccer,D3,,,,,,,,,,,,,,,,,,,,,,,,,,,,,,,,Chuck Wigle,Head Women's Soccer Coach | Creative Content Coordinator,cvw2@pitt.edu,personal,,,coach,,,,,https://pittgreensburgathletics.com/sports/womens-soccer/coaches
pitzer_college,Pitzer College,womens-soccer,D3,Southern California Intercollegiate Athletic Conference,d3t1,Sagehens,1,Cecil the Sagehen,#F7941D,#FFFFFF,https://upload.wikimedia.org/wikipedia/en/c/c9/Pitzer_College_logo.svg?utm_source=en.wikipedia.org&utm_campaign=imageinfo&utm_content=original,,,,55.31,486,0.9183,8.6,13,2,4,16,1,3,15,2,4,16,2,4,,,,,,,,,,,records+db+v6,athletics-domain:sagehens.com,"nickname recovered from the school's own athletics hostname; its Wikipedia article states none. Confirmed by that site's title (""Pomona Pitzer Athletics"").",,,
plymouth_state,Plymouth State,womens-soccer,D3,Little East Conference,d3t2,Panthers,1,Pemi the Panther,,,https://upload.wikimedia.org/wikipedia/commons/8/8d/Plymouth_st_univ_logo.png?utm_source=commons.wikimedia.org&utm_campaign=imageinfo&utm_content=original,athletics.plymouth.edu,,,34.84,1082,0.2983,3.6,5,8,3,5,8,4,6,11,1,,,,,,,,Sammy Blizzard Bogardus,Head Coach,samantha.blizzard@plymouth.edu,personal,,,records+db+xsport+v6+coach+grads,"wikipedia:Plymouth State University | borrowed from the mens-soccer row: nickname,nickname_plural,mascot,logo_url",Added for coaching-contact coverage; soccer_score/academic_rating are placeholders; academic_rating taken from this university's mens row 2026-08-24; this row held a placeholder,,,https://athletics.plymouth.edu/sports/womens-soccer/coaches
pomona_college,Pomona College,womens-soccer,D3,Southern California Intercollegiate Athletic Conference,d3t1,Sagehens,1,Cecil the Sagehen,,,https://upload.wikimedia.org/wikipedia/commons/b/bb/Pomona_College_logo.svg?utm_source=commons.wikimedia.org&utm_campaign=imageinfo&utm_content=original,,,,55.31,487,0.9183,9.7,13,2,4,16,1,3,15,2,4,16,2,4,,,,,,,,,,,records+db+v6,wikipedia:Pomona College,,,,
,Pomona-Pitzer,womens-soccer,D3,,,Sagehens,1,,,,,sagehens.com,,,,,,9.7,,,,,,,,,,,,,,,,,Miranda Armstrong,Acting Head Soccer Coach,miranda.armstrong@pomona.edu,personal,,,db+xsport+coach+grads,"athletics-domain:sagehens.com | borrowed from the mens-soccer row: nickname,nickname_plural",Added for coaching-contact coverage; soccer_score/academic_rating are placeholders; academic_rating taken from this university's mens row 2026-08-24; this row held a placeholder,,,https://sagehens.com/sports/womens-soccer/coaches
pratt_institute,Pratt Institute,womens-soccer,D3,Atlantic East Conference,d3t2,Cannoneers,1,Charlie the Cannoneer,#FFCE2E,#000000,https://upload.wikimedia.org/wikipedia/commons/3/39/Pratt_Institute_Logo.svg?utm_source=commons.wikimedia.org&utm_campaign=imageinfo&utm_content=original,,,,38.01,996,0.3942,7.2,8,8,0,6,7,1,5,10,0,8,6,2,,,,,Travis Blair,Head Coach,tblair91@pratt.edu,personal,,,records+db+v6+coach+grads,wikipedia:Pratt Institute,,,,https://goprattgo.com/sports/womens-soccer/coaches
principia_college,Principia College,womens-soccer,D3,St. Louis Intercollegiate Athletic Conference,d3t2,,,,,,https://upload.wikimedia.org/wikipedia/commons/2/2a/Principia_college_logo.png?utm_source=commons.wikimedia.org&utm_campaign=imageinfo&utm_content=original,,,,32.54,1127,0.2285,7.1,5,11,2,2,12,1,4,11,0,5,7,2,,,,,Samuel Thomas,"Head Coach, Women's Soccer",samuel.thomas@principia.edu,personal,,,records+db+v6+coach+grads,wikipedia:Principia College,,,,https://principiaathletics.com/sports/womens-soccer/coaches
,RIT,womens-soccer,D3,,,,,,,,,,,,,,,,,,,,,,,,,,,,,,,,Liz Masterson,Head Coach,eematl@rit.edu,personal,,,coach,,,,,https://ritathletics.com/sports/womens-soccer/coaches
,RPI,womens-soccer,D3,,,,,,,,,,,,,,,,,,,,,,,,,,,,,,,,Bre Nasypany-Cicero,Head Coach,nasypb@rpi.edu,personal,,,coach,,,,,https://rpiathletics.com/sports/womens-soccer/coaches
ramapo_college_of_new_jersey,Ramapo College of New Jersey,womens-soccer,D3,New Jersey Athletic Conference,d3t2,Roadrunners,1,Rocky / Ricky / Fledge,#8c0000,,https://upload.wikimedia.org/wikipedia/en/4/47/Ramapo_College_logo.png?utm_source=en.wikipedia.org&utm_campaign=imageinfo&utm_content=original,,,,33.06,1117,0.2442,6.7,,,,3,11,1,4,12,1,6,9,2,,,,,Abby Shiffler,Head Coach,ashiffle@ramapo.edu,personal,,,records+db+v6+coach+grads,wikipedia:Ramapo College,,,,https://ramapoathletics.com/sports/womens-soccer/coaches
randolph_college,Randolph College,womens-soccer,D3,Old Dominion Athletic Conference,d3t2,WildCats,1,Wanda WildCat,#000000,#ffd200,https://upload.wikimedia.org/wikipedia/en/8/86/Randolph_college_logo_horizontal_400.png?utm_source=en.wikipedia.org&utm_campaign=imageinfo&utm_content=original,,,,36.98,1033,0.3631,5.4,6,7,3,8,8,1,7,9,2,6,9,1,,,,,Kevin Porterfield,Head Women's Soccer Coach,kporterfield@randolphcollege.edu,personal,,,records+db+v6+coach+grads,wikipedia:Randolph College,,,,https://randolphwildcats.com/sports/womens-soccer/coaches
randolph_macon_college,Randolph-Macon College,womens-soccer,D3,Old Dominion Athletic Conference,d3t2,Yellow Jackets,1,,#F5F556,,https://upload.wikimedia.org/wikipedia/commons/c/cd/Randolphmacon_wordmark.png?utm_source=commons.wikimedia.org&utm_campaign=imageinfo&utm_content=original,rmcathletics.com,,,40.47,919,0.4689,5.6,11,6,2,6,8,4,11,5,4,9,8,2,,,,,Patrick Corbett,Head Women's Soccer Coach,patrickcorbett@rmc.edu,personal,,,records+db+v6+coach+grads,wikipedia:Randolph–Macon College,,,,https://rmcathletics.com/sports/womens-soccer/coaches
regent_university,Regent University,womens-soccer,D3,Coast-to-Coast Athletic Conference,d3t2,Royals,1,Rex the Royal,#002f6c,#069948,https://upload.wikimedia.org/wikipedia/en/3/3b/Regent_University.svg?utm_source=en.wikipedia.org&utm_campaign=imageinfo&utm_content=original,,,,30.06,1174,0.1533,4.3,,,,5,8,4,,,,1,15,3,,,,,,,,,,,records+db+v6+grads,wikipedia:Regent University,,,,
,Regis (Mass.),womens-soccer,D3,,,,,,,,,,,,,,,,,,,,,,,,,,,,,,,,Alex Vokes Macpherson,Head Coach,alex.macpherson@regiscollege.edu,personal,,,coach,,,,,https://www.goregispride.com/sports/wsoc/coaches/Macpherson_Alec
rensselaer_polytechnic_institute,Rensselaer Polytechnic Institute,womens-soccer,D3,Liberty League,d3t1,Engineers,1,Red Hawks / Puckman,#E2231B,#FFFFFF,https://upload.wikimedia.org/wikipedia/commons/c/c9/Rensselear_poly_ny_logo.png?utm_source=commons.wikimedia.org&utm_campaign=imageinfo&utm_content=original,rpiathletics.com,,,41.80,876,0.5092,8.8,3,7,5,9,5,4,7,6,3,6,7,4,,,,,,,,,,,records+db+v6+grads,wikipedia:Rensselaer Polytechnic Institute,,,,
rhodes_college,Rhodes College,womens-soccer,D3,Southern Athletic Association,d3t1,Lynx,0,Leroy,#EF3A41,#000000,https://upload.wikimedia.org/wikipedia/en/6/64/Rhodes_College_logo.svg?utm_source=en.wikipedia.org&utm_campaign=imageinfo&utm_content=original,,,,50.73,598,0.7798,8.6,10,4,1,11,5,2,12,4,1,13,5,2,,,,,McKinnon Pennell,Head Women's Soccer Coach,pennellm@rhodes.edu,personal,,,records+db+v6+coach+grads,wikipedia:Rhodes College,,,,https://rhodeslynx.com/sports/womens-soccer/coaches
ripon_college,Ripon College,womens-soccer,D3,Midwest Conference,d3t2,Red Hawks,1,Rally the Red Hawk,#9d2235,#000000,https://upload.wikimedia.org/wikipedia/en/b/bd/Ripon_College_Logo.svg?utm_source=en.wikipedia.org&utm_campaign=imageinfo&utm_content=original,riponredhawks.com,,,34.34,1091,0.2830,6.3,4,11,3,8,6,3,5,11,3,4,9,5,,,,,,,,,,,records+db+v6,wikipedia:Ripon College (Wisconsin),,,,
,Rivier,womens-soccer,D3,,,,,,,,,,,,,,,2.9,,,,,,,,,,,,,,,,,Daniel Milton,Head Coach,dmilton@rivier.edu,personal,,,db+coach+grads,,Added for coaching-contact coverage; soccer_score/academic_rating are placeholders,,,https://rivierathletics.com/sports/womens-soccer/coaches
roanoke_college,Roanoke College,womens-soccer,D3,Old Dominion Athletic Conference,d3t2,Maroons,1,"Rooney (a ""Maroon-tailed Hawk"")",#8F2140,#636B70,https://upload.wikimedia.org/wikipedia/commons/2/2d/RoanokeCollegeWorkmark1.png?utm_source=commons.wikimedia.org&utm_campaign=imageinfo&utm_content=original,,,,37.35,1017,0.3743,6.6,9,10,0,9,6,4,4,11,4,9,9,1,,,,,Phil Benne,Head Women's Soccer Coach,pbenne@roanoke.edu,personal,,,records+db+v6+coach+grads,wikipedia:Roanoke College,,,,https://roanokemaroons.com/sports/womens-soccer/coaches
rochester_institute_of_technology,Rochester Institute of Technology,womens-soccer,D3,Liberty League,d3t1,Tigers,1,RITchie the Tiger,,,https://upload.wikimedia.org/wikipedia/commons/0/06/RIT_2018_logo_short_orange.svg?utm_source=commons.wikimedia.org&utm_campaign=imageinfo&utm_content=original,ritathletics.com,,,46.42,714,0.6491,7.9,13,4,3,9,6,5,8,6,4,10,4,6,,,,,Ashley Van Vechten,Women's Soccer Head Coach,coachvanvechten@sports.rochester.edu,personal,,,records+db+v6+coach+grads,wikipedia:Rochester Institute of Technology,,,,https://uofrathletics.com/sports/womens-soccer/coaches
rockford_university,Rockford University,womens-soccer,D3,Independent,d3t2,Regents,1,Reggie the Regent,#502d7f,#ffffff,https://upload.wikimedia.org/wikipedia/commons/f/fa/Rockford_University_logo.svg?utm_source=commons.wikimedia.org&utm_campaign=imageinfo&utm_content=original,,,,27.51,1200,0.0760,2.8,3,14,0,4,13,0,3,13,2,1,17,0,,,,,Abbey Golden,Head Coach,agolden@rockford.edu,personal,,,records+db+v6+coach+grads,wikipedia:Rockford University,,,,https://rockfordregents.com/sports/womens-soccer/coaches
roger_williams_university,Roger Williams University,womens-soccer,D3,Conference of New England,d3t1,Hawks,1,,,,https://upload.wikimedia.org/wikipedia/commons/4/4c/Roger_Williams_University_logo.png?utm_source=commons.wikimedia.org&utm_campaign=imageinfo&utm_content=original,rwuhawks.com,,,45.76,729,0.6291,6.3,9,9,4,10,7,4,9,5,6,10,3,6,,,,,Katy LaBella,Head Coach,klabella@rwu.edu,personal,,,records+db+v6+coach+grads,wikipedia:Roger Williams University,,,,https://rwuhawks.com/sports/womens-soccer/coaches
rose_hulman_institute_of_technology,Rose-Hulman Institute of Technology,womens-soccer,D3,Heartland Collegiate Athletic Conference,d3t2,Fightin' Engineers,1,Rosie the Elephant,#800000,#FFFFFF,https://upload.wikimedia.org/wikipedia/commons/3/35/Rose%E2%80%93Hulman_Institute_of_Technology_wordmark.svg?utm_source=commons.wikimedia.org&utm_campaign=imageinfo&utm_content=original,athletics.rose-hulman.edu,1,HCAC,41.71,877,0.5063,8.8,10,3,6,8,4,5,9,8,1,11,7,2,,,,,Amy Helliwell,Senior Woman Administrator/Head Women's Soccer Coach,helliwe8@rose-hulman.edu,personal,,,records+db+v6+coach+grads,wikipedia:Rose–Hulman Institute of Technology,,agent-research:2025-womens-soccer,"beat Hanover 1-0 on Nov 8, 2025 for the HCAC title",https://athletics.rose-hulman.edu/sports/womens-soccer/coaches
rowan_university,Rowan University,womens-soccer,D3,New Jersey Athletic Conference,d3t2,Profs,1,Whoo RU the Prof,#57150B,#FFCC00,https://upload.wikimedia.org/wikipedia/en/c/c4/Rowan_University_logo.svg?utm_source=en.wikipedia.org&utm_campaign=imageinfo&utm_content=original,,,,48.45,658,0.7105,6.1,14,1,4,14,2,2,13,3,2,13,2,5,,,,,Scott Leacott,Head Coach,leacott@rowan.edu,personal,,,records+db+v6+coach+grads,wikipedia:Rowan University,,,,https://rowanathletics.com/sports/womens-soccer/coaches
rutgers_university_camden,Rutgers University-Camden,womens-soccer,D3,New Jersey Athletic Conference,d3t2,,,Scarlet Raptors,#CC0033,,https://upload.wikimedia.org/wikipedia/commons/b/bf/Rutgers_camden_univ_logo.png?utm_source=commons.wikimedia.org&utm_campaign=imageinfo&utm_content=original,scarletraptors.com,,,35.56,1064,0.3199,5.9,4,8,6,8,9,1,7,8,4,4,8,7,,,,,Kevin Luber,Head Coach,kl825@camden.rutgers.edu,personal,,,records+db+v6+coach+grads,wikipedia:Rutgers University–Camden,,,,https://scarletraptors.com/sports/womens-soccer/coaches
rutgers_university_newark,Rutgers University-Newark,womens-soccer,D3,New Jersey Athletic Conference,d3t2,Scarlet Raiders,1,Scarlett Raider the Fox,#CC0033,,https://upload.wikimedia.org/wikipedia/commons/8/8c/Rutgers_newark_univ_logo.png?utm_source=commons.wikimedia.org&utm_campaign=imageinfo&utm_content=original,rutgersnewarkathletics.com,,,36.33,1048,0.3433,6.1,7,8,5,,,,5,10,3,8,9,2,,,,,Nate Guagliardi,Head Coach,nate.guagliardi@rutgers.edu,personal,,,records+db+v6+coach+grads,wikipedia:Rutgers University–Newark,,,,https://rutgersnewarkathletics.com/sports/womens-soccer/coaches
suny_alfred_state,SUNY Alfred State,womens-soccer,D3,Allegheny Mountain Collegiate Conference,d3t2,Pioneers,1,Big Blue,,,https://upload.wikimedia.org/wikipedia/commons/9/94/Alfred_state_college_logo.png?utm_source=commons.wikimedia.org&utm_campaign=imageinfo&utm_content=original,,,,37.60,1013,0.3817,4.1,6,9,1,5,9,2,4,10,3,11,6,1,,,,,Anne Holmok,Head Women's Soccer Coach,holmoka@alfredstate.edu,personal,,,records+db+v6+coach+grads,wikipedia:Alfred State College,,,,https://alfredstateathletics.com/sports/womens-soccer/coaches
suny_buffalo_state,SUNY Buffalo State,womens-soccer,D3,State University of New York Athletic Conference,d3t2,Bengals,1,Benji the Bengal,,,https://upload.wikimedia.org/wikipedia/en/4/45/Buffalo_State_College_logo.svg?utm_source=en.wikipedia.org&utm_campaign=imageinfo&utm_content=original,,,,38.23,989,0.4009,3.2,6,7,3,7,6,4,8,10,0,8,7,5,,,,,Mike Idland,Head Women's Soccer Coach,idlandme@buffalostate.edu,personal,,,records+db+v6+coach+grads,wikipedia:Buffalo State University,,,,https://buffalostateathletics.com/sports/womens-soccer/coaches
suny_canton,SUNY Canton,womens-soccer,D3,State University of New York Athletic Conference,d3t2,Kangaroos,1,Roody,#002D72,#009A44,https://upload.wikimedia.org/wikipedia/commons/9/9d/SUNY_Canton_logo.svg?utm_source=commons.wikimedia.org&utm_campaign=imageinfo&utm_content=original,,,,25.00,1207,0.0000,2.9,0,13,4,0,12,4,1,14,2,1,17,0,,,,,Matt Milograno,Head Women's Soccer Coach,milogranom@canton.edu,personal,,,records+db+v6+coach+grads,wikipedia:State University of New York at Canton,,,,https://rooathletics.com/staff-directory/womens-soccer-department/4
suny_cobleskill,SUNY Cobleskill,womens-soccer,D3,North Atlantic Conference,d3t2,Fighting Tigers,1,Coby T. Tiger,#FE5000,#000000,https://upload.wikimedia.org/wikipedia/commons/2/22/SUNY_Cobleskill_wordmark.svg?utm_source=commons.wikimedia.org&utm_campaign=imageinfo&utm_content=original,,,,27.37,1201,0.0719,3.6,1,12,2,2,11,2,,,,1,11,0,,,,,Lucia Liverio,Interim Head Women's Soccer Coach,liverilm@cobleskill.edu,personal,,,records+db+v6+coach+grads,wikipedia:State University of New York at Cobleskill,,,,https://fightingtigers.cobleskill.edu/sports/womens-soccer/coaches
suny_college_at_brockport,SUNY College at Brockport,womens-soccer,D3,Empire 8,d3t2,Golden Eagles,1,Ellsworth the Golden Eagle,#00533e,#FFC726,https://upload.wikimedia.org/wikipedia/en/8/8d/SUNY_Brockport_logo.png?utm_source=en.wikipedia.org&utm_campaign=imageinfo&utm_content=original,,,,46.50,711,0.6515,4.9,5,9,3,12,3,5,15,2,2,14,2,4,,,,,Jessica Christenson,Head Women's Soccer Coach,jchristenson@brockport.edu,personal,,,records+db+v6+coach+grads,wikipedia:SUNY Brockport,,,,https://gobrockport.com/sports/womens-soccer/coaches
suny_college_at_cortland,SUNY College at Cortland,womens-soccer,D3,State University of New York Athletic Conference,d3t2,Red Dragons,1,Blaze,,,https://upload.wikimedia.org/wikipedia/commons/6/6a/SUNY_Cortland_Logo.svg?utm_source=commons.wikimedia.org&utm_campaign=imageinfo&utm_content=original,,1,SUNYAC,46.22,716,0.6429,5.3,13,1,5,11,3,5,11,4,4,14,3,4,,,,,Heidi Axtell,Head Coach,heidi.axtell@cortland.edu,inferred,,,records+db+v6+coach+grads,wikipedia:State University of New York at Cortland,,agent-research:2025-womens-soccer,beat Plattsburgh 3-2 to win the 2025 SUNYAC title,pattern_inference:medium
suny_college_at_geneseo,SUNY College at Geneseo,womens-soccer,D3,Empire 8,d3t2,Knights,1,Victor E. Knight,#003087,#9ea2a2,https://upload.wikimedia.org/wikipedia/en/a/a6/SUNY_Geneseo_logo.svg?utm_source=en.wikipedia.org&utm_campaign=imageinfo&utm_content=original,geneseoknights.com,,,40.94,898,0.4831,6.8,11,4,4,7,3,8,13,5,3,5,6,7,,,,,Quintin Rogers,Head Coach,qrogers@geneseo.edu,personal,,,records+db+v6+coach+grads,wikipedia:State University of New York at Geneseo,,,,https://geneseoknights.com/sports/womens-soccer/coaches
suny_delhi,SUNY Delhi,womens-soccer,D3,North Atlantic Conference,d3t2,Broncos,1,Blaze the Bronco,#2C5324,#FFC72C,https://upload.wikimedia.org/wikipedia/commons/2/29/SUNY_Delhi_logo.svg?utm_source=commons.wikimedia.org&utm_campaign=imageinfo&utm_content=original,,,,40.01,935,0.4550,3.0,9,7,4,10,4,3,11,6,0,5,9,3,,,,,Samantha Schmidt,Women's Soccer Head Coach,schmidsl@delhi.edu,personal,,,records+db+v6+coach+grads,wikipedia:State University of New York at Delhi,,,,https://delhibroncos.com/sports/wsoc/coaches/index
suny_fredonia,SUNY Fredonia,womens-soccer,D3,State University of New York Athletic Conference,d3t2,Blue Devils,1,Freddy,#0033AB,#FFFFFF,https://upload.wikimedia.org/wikipedia/en/1/1a/SUNY_Fredonia_logo.svg?utm_source=en.wikipedia.org&utm_campaign=imageinfo&utm_content=original,,,,39.50,948,0.4395,5.7,2,9,5,6,8,2,12,8,0,10,6,4,,,,,Chris Case,Head Coach,Christopher.Case@fredonia.edu,personal,,,records+db+v6+coach+grads,wikipedia:State University of New York at Fredonia,,,,https://fredoniabluedevils.com/sports/womens-soccer/coaches
suny_maritime_college,SUNY Maritime College,womens-soccer,D3,Skyline Conference,d3t2,Privateers,1,Privateer Pete,,,https://upload.wikimedia.org/wikipedia/en/c/cd/SUNY_Maritime_logo.svg?utm_source=en.wikipedia.org&utm_campaign=imageinfo&utm_content=original,,,,35.00,1077,0.3031,6.2,3,12,0,6,8,1,7,9,1,5,9,0,,,,,Melissa McTurk,Head Coach,mguglielmo@sunymaritime.edu,personal,,,records+db+v6+coach+grads,wikipedia:State University of New York Maritime College,,,,https://maritimeathletics.com/sports/womens-soccer/coaches
suny_morrisville,SUNY Morrisville,womens-soccer,D3,State University of New York Athletic Conference,d3t2,Mustangs,1,Mustangs,#00502F,,https://upload.wikimedia.org/wikipedia/en/2/28/SUNY_Morrisville_Logo.png?utm_source=en.wikipedia.org&utm_campaign=imageinfo&utm_content=original,,,,30.88,1163,0.1782,3.8,4,10,1,6,8,3,1,12,2,3,11,1,,,,,Paul Allsopp,Head Coach,allsoppm@morrisville.edu,personal,,,records+db+v6+coach+grads,athletics-domain:morrisvillemustangs.com,"nickname recovered from the school's own athletics hostname; its Wikipedia article states none. Confirmed by that site's title (""SUNY Morrisville - Official Athletics Website"").",,,https://morrisvillemustangs.com/sports/womens-soccer/coaches
suny_new_paltz,SUNY New Paltz,womens-soccer,D3,State University of New York Athletic Conference,d3t2,Hawks,1,Hugo the Hawk,,,https://upload.wikimedia.org/wikipedia/commons/a/af/SUNY_New_Paltz_logo.svg?utm_source=commons.wikimedia.org&utm_campaign=imageinfo&utm_content=original,nphawks.com,,,43.70,803,0.5665,6.4,11,4,2,8,5,5,15,3,2,7,4,6,,,,,,,,,,,records+db+v6,wikipedia:State University of New York at New Paltz,,,,
suny_old_westbury,SUNY Old Westbury,womens-soccer,D3,Skyline Conference,d3t2,Panthers,1,OWWIN the Panther,#00693E,#FFFFF0,https://upload.wikimedia.org/wikipedia/en/2/2f/SUNY_Old_Westbury_logo.svg?utm_source=en.wikipedia.org&utm_campaign=imageinfo&utm_content=original,www.oldwestburypanthers.com,,,36.20,1050,0.3395,3.2,7,9,1,7,11,0,6,11,2,7,8,0,,,,,Jeff Littwin,Head Coach,littwinj@oldwestbury.edu,personal,,,records+db+v6+coach+grads,wikipedia:State University of New York at Old Westbury,,,,https://www.oldwestburypanthers.com/sports/womens-soccer/coaches
suny_oneonta,SUNY Oneonta,womens-soccer,D3,State University of New York Athletic Conference,d3t2,Red Dragons,1,,,,https://upload.wikimedia.org/wikipedia/commons/9/9a/Suny_oneota_textlogo.png?utm_source=commons.wikimedia.org&utm_campaign=imageinfo&utm_content=original,,,,34.63,1086,0.2919,6.2,4,9,2,5,6,3,6,10,1,4,8,4,,,,,Mara Primmer,Head Coach,mara.primmer@oneonta.edu,personal,,,records+db+v6+coach+grads,wikipedia:State University of New York at Oneonta,,,,https://oneontaathletics.com/sports/womens-soccer/coaches
suny_oswego,SUNY Oswego,womens-soccer,D3,State University of New York Athletic Conference,d3t2,Lakers,1,,#355E3B,#FFCC33,https://upload.wikimedia.org/wikipedia/en/1/10/SUNY_Oswego_logo.svg?utm_source=en.wikipedia.org&utm_campaign=imageinfo&utm_content=original,oswegolakers.com,,,39.32,951,0.4338,5.4,9,6,4,6,4,7,9,7,1,6,6,5,,,,,Brian McGrane,Women's Soccer Head Coach,brian.mcgrane@oswego.edu,personal,,,records+db+v6+coach+grads,wikipedia:State University of New York at Oswego,,,,https://oswegolakers.com/sports/womens-soccer/coaches
suny_plattsburgh,SUNY Plattsburgh,womens-soccer,D3,State University of New York Athletic Conference,d3t2,Cardinals,1,Burghy,#C8102E,#27251F,https://upload.wikimedia.org/wikipedia/commons/a/ae/State_University_of_New_York_at_Plattsburgh_wordmark.svg?utm_source=commons.wikimedia.org&utm_campaign=imageinfo&utm_content=original,,,,39.14,959,0.4284,5.1,11,6,2,7,5,5,5,11,1,10,7,2,,,,,Whitney Frary,Head Women's Soccer Coach,wfrar001@plattsburgh.edu,personal,,,records+db+v6+coach+grads,wikipedia:State University of New York at Plattsburgh,,,,https://gocardinalsports.com/sports/womens-soccer/coaches
suny_polytechnic_institute,SUNY Polytechnic Institute,womens-soccer,D3,Empire 8,d3t2,Wildcats,1,Walter T. Wildcat,#002D72,#EAAA00,https://upload.wikimedia.org/wikipedia/commons/d/d6/SUNY_Polytechnic_Institute_wordmark.svg?utm_source=commons.wikimedia.org&utm_campaign=imageinfo&utm_content=original,,,,32.65,1125,0.2317,4.8,7,4,4,8,7,2,5,11,1,1,15,2,,,,,,,,,,,records+db+v6,wikipedia:SUNY Polytechnic Institute,,,,
suny_potsdam,SUNY Potsdam,womens-soccer,D3,State University of New York Athletic Conference,d3t2,Bears,1,Max C. Bear,#8A1538,#A2AAAD,https://upload.wikimedia.org/wikipedia/en/d/d3/SUNY_Potsdam_logo.svg?utm_source=en.wikipedia.org&utm_campaign=imageinfo&utm_content=original,potsdambears.com,,,34.89,1078,0.2995,4.7,7,9,1,3,10,2,4,13,0,8,7,2,,,,,Travis Jordan,Head Women's Soccer Coach,jordantl@potsdam.edu,personal,,,records+db+v6+coach+grads,wikipedia:State University of New York at Potsdam,,,,https://potsdambears.com/sports/womens-soccer/coaches
suny_purchase_college,SUNY Purchase College,womens-soccer,D3,Skyline Conference,d3t2,Panthers,1,Perseus,,,,,,,31.52,1150,0.1977,6.8,5,10,0,4,11,4,4,14,2,4,11,2,,,,,"Hardeepak ""Nick"" Malvai",Head Coach,hardeepak.malvai@purchase.edu,personal,,,records+db+v6+coach+grads,wikipedia:Purchase College,,,,https://purchasecollegeathletics.com/sports/womens-soccer/coaches
saint_elizabeth_university,Saint Elizabeth University,womens-soccer,D3,United East Conference,d3t2,Eagles,1,Eagle,,,https://upload.wikimedia.org/wikipedia/commons/3/37/St_elizabeth_univ_nj_logo.svg?utm_source=commons.wikimedia.org&utm_campaign=imageinfo&utm_content=original,,,,34.85,1080,0.2985,4.4,5,10,1,6,8,1,5,10,1,,,,,,,,Nikki Burns,Head Women's Soccer Coach,nburns@steu.edu,personal,,,records+db+v6+coach+grads,wikipedia:Saint Elizabeth University,,,,https://seueagles.com/sports/womens-soccer/coaches
saint_john_fisher_university,Saint John Fisher University,womens-soccer,D3,Empire 8,d3t2,Cardinals,1,Beaks The Cardinal,,,https://upload.wikimedia.org/wikipedia/commons/3/3d/Fisger_univ_textlogo.png?utm_source=commons.wikimedia.org&utm_campaign=imageinfo&utm_content=original,,1,Empire 8,43.68,804,0.5660,7.0,8,3,6,8,4,5,11,6,2,13,5,2,,,,,Molly Romano,Head Women's Soccer Coach,mromano@sjfc.edu,personal,,,records+db+v6+coach+grads,wikipedia:St. John Fisher University,,agent-research:2025-womens-soccer,"won its first Empire 8 title on Nov 8, 2025",https://sjfathletics.com/sports/womens-soccer/coaches
,Saint Joseph (Conn.),womens-soccer,D3,,,,,,,,,,,,,,,,,,,,,,,,,,,,,,,,Jenna Kalwa,Head Coach,jkalwa@usj.edu,personal,,,coach,,,,,https://usjbluejays.com/sports/wsoc/coaches
saint_marys_college_in,Saint Mary's College (IN),womens-soccer,D3,Michigan Intercollegiate Athletic Association,d3t2,Gaels,1,Gael,#D80024,#06315B,https://upload.wikimedia.org/wikipedia/commons/9/97/Saint_Mary%27s_College_CA_logo.png?utm_source=commons.wikimedia.org&utm_campaign=imageinfo&utm_content=original,,,,37.24,1023,0.3708,7.2,0,13,3,8,8,1,7,9,1,8,5,3,,,,,,,,,,,records+db+v6,wikipedia:Saint Mary's College of California,,,,
saint_marys_university_of_minnesota,Saint Mary's University of Minnesota,womens-soccer,D3,Minnesota Intercollegiate Athletic Conference,d3t2,Cardinals,1,Cardinal,#213F64,#DA1A32,https://upload.wikimedia.org/wikipedia/commons/d/d8/St_mary_univ_minnesota_logo.png?utm_source=commons.wikimedia.org&utm_campaign=imageinfo&utm_content=original,,,,42.91,840,0.5428,4.3,11,6,2,7,7,4,14,3,4,10,6,3,,,,,,,,,,,records+db+v6,wikipedia:Saint Mary's University of Minnesota,,,,
saint_norbert_college,Saint Norbert College,womens-soccer,D3,Northern Athletics Collegiate Conference,d3t2,Green Knights,1,,#1a472b,#edbd3d,https://upload.wikimedia.org/wikipedia/en/1/14/St._Norbert_College_logo.svg?utm_source=en.wikipedia.org&utm_campaign=imageinfo&utm_content=original,athletics.snc.edu,,,34.09,1095,0.2755,6.5,9,12,0,10,9,3,6,10,4,3,14,2,,,,,Katie Guns,Head Coach/Senior Woman Administrator,katie.guns@snc.edu,personal,,,records+db+v6+coach+grads,wikipedia:St. Norbert College,,,,https://athletics.snc.edu/staff-directory
saint_vincent_college,Saint Vincent College,womens-soccer,D3,Presidents' Athletic Conference,d3t2,Bearcats,1,Bearcat,#1e5632,#daad28,https://upload.wikimedia.org/wikipedia/commons/e/e2/St_vincent_college_textlogo.png?utm_source=commons.wikimedia.org&utm_campaign=imageinfo&utm_content=original,athletics.stvincent.edu,,,45.07,753,0.6082,6.0,6,7,3,10,4,4,13,6,1,15,4,1,,,,,Bryan Butler,Head Women's Soccer Coach,bryan.butler@stvincent.edu,personal,,,records+db+v6+coach+grads,wikipedia:Saint Vincent College,,,,https://athletics.stvincent.edu/sports/womens-soccer/coaches
salem_college,Salem College,womens-soccer,D3,USA South Athletic Conference,d3t2,Spirits,1,,,,https://upload.wikimedia.org/wikipedia/commons/5/5d/Salem_college_textlogo.png?utm_source=commons.wikimedia.org&utm_campaign=imageinfo&utm_content=original,,,,33.38,1112,0.2540,4.5,6,10,2,3,9,4,4,11,0,5,8,4,,,,,,,,,,,records+db+v6+grads,wikipedia:Salem College,,,,
salem_state_university,Salem State University,womens-soccer,D3,Massachusetts State Collegiate Athletic Conference,d3t2,Vikings,1,,#273683,#E26A32,https://upload.wikimedia.org/wikipedia/en/4/4c/Salem_State_University_logo.svg?utm_source=en.wikipedia.org&utm_campaign=imageinfo&utm_content=original,,,,33.92,1099,0.2702,3.8,3,14,0,4,12,2,4,11,3,8,7,3,,,,,Nicolle Wood,Head Coach,nwood@salemstate.edu,personal,,,records+db+v6+coach+grads,wikipedia:Salem State University,,,,https://salemstatevikings.com/sports/wsoc/coaches/index
salisbury_university,Salisbury University,womens-soccer,D3,Coast-to-Coast Athletic Conference,d3t2,Sea Gulls,1,Sammy the Sea Gull,,,https://upload.wikimedia.org/wikipedia/commons/0/04/Salisbury_University_logo.svg?utm_source=commons.wikimedia.org&utm_campaign=imageinfo&utm_content=original,suseagulls.com,,,36.80,1036,0.3577,6.3,9,9,2,10,7,2,5,6,7,6,11,5,,,,,Kwame Lloyd,Head Coach,ktlloyd@salisbury.edu,personal,,,records+db+v6+coach+grads,wikipedia:Salisbury University,,,,https://suseagulls.com/sports/womens-soccer/coaches
salve_regina_university,Salve Regina University,womens-soccer,D3,New England Women's and Men's Athletic Conference,d3t2,Seahawks,1,Seahawk,#002855,#FFFFFF,https://upload.wikimedia.org/wikipedia/commons/1/1e/Salve_regina_univ_centerlogo.png?utm_source=commons.wikimedia.org&utm_campaign=imageinfo&utm_content=original,salveathletics.com,,,32.20,1134,0.2181,7.0,7,10,2,5,7,5,2,13,4,4,11,3,,,,,Tanya Roberts,Head Coach,tanya.roberts@salve.edu,personal,,,records+db+v6+coach+grads,wikipedia:Salve Regina University,,,,https://salveathletics.com/sports/womens-soccer/coaches
sarah_lawrence_college,Sarah Lawrence College,womens-soccer,D3,Skyline Conference,d3t2,,,Gryphons,,,https://upload.wikimedia.org/wikipedia/commons/3/32/Sarahlawrence_college_logo.png?utm_source=commons.wikimedia.org&utm_campaign=imageinfo&utm_content=original,ltuathletics.com,,,42.06,866,0.5169,7.8,14,4,3,12,5,3,12,7,2,8,9,2,,,,,Maurizio Grillo,Head Coach,mgrillo@sarahlawrence.edu,personal,,,records+db+v6+coach+grads,wikipedia:Sarah Lawrence College,,,,https://gogryphons.com/sports/womens-soccer/coaches
schreiner_university,Schreiner University,womens-soccer,D3,Southern Collegiate Athletic Conference,d3t2,Mountaineers,1,Monty the Mountain Lion,#892034,#FFFFFF,https://upload.wikimedia.org/wikipedia/commons/1/13/Schreiner_univ_textlogo.png?utm_source=commons.wikimedia.org&utm_campaign=imageinfo&utm_content=original,,,,33.49,1109,0.2574,2.4,,,,,,,4,11,2,,,,,,,,Damian Macias,Head Coach,dmacias@schreiner.edu,personal,,,records+db+v6+coach+grads,wikipedia:Schreiner University,,,,https://schreinermountaineers.com/sports/wsoc/coaches/index
scripps_college,Scripps College,womens-soccer,D3,Southern California Intercollegiate Athletic Conference,d3t1,Athenas,1,"(""she who sows"")",#34745c,,https://upload.wikimedia.org/wikipedia/commons/d/d2/Scripps_College_logo.svg?utm_source=commons.wikimedia.org&utm_campaign=imageinfo&utm_content=original,,,,48.45,661,0.7105,9.0,9,6,6,7,7,3,13,4,3,13,4,3,,,,,,,,,,,records+db+v6,wikipedia:Scripps College,,,,
sewanee:_the_university_of_the_south,Sewanee: The University of the South,womens-soccer,D3,Southern Athletic Association,d3t1,Tigers,1,,#582C83,#FFB81C,https://upload.wikimedia.org/wikipedia/commons/2/2b/Sewanee.png?utm_source=commons.wikimedia.org&utm_campaign=imageinfo&utm_content=original,,,,52.26,559,0.8262,8.6,13,4,2,14,2,4,13,2,4,10,3,4,,,,,Greg Cathell,Head Women's Soccer Coach,Greg.Cathell@sewanee.edu,personal,,,records+db+v6+coach+grads,wikipedia:Sewanee: The University of the South,,,,https://sewaneetigers.com/sports/womens-soccer/coaches
shenandoah_university,Shenandoah University,womens-soccer,D3,Old Dominion Athletic Conference,d3t2,Hornets,1,,#98002E,#002D62,https://upload.wikimedia.org/wikipedia/commons/7/77/Shenandoah_univ_virginia_logo.svg?utm_source=commons.wikimedia.org&utm_campaign=imageinfo&utm_content=original,goshenandoah.com,,,40.81,904,0.4791,4.8,11,7,3,8,6,4,10,9,2,11,7,3,,,,,Elizabeth Pike,Head Coach,epike@su.edu,personal,,,records+db+v6+coach+grads,wikipedia:Shenandoah University,,,,https://suhornets.com/sports/womens-soccer/coaches
,Simmons,womens-soccer,D3,,,,,,,,,hsuathletics.com,,,48.66,651,0.7170,7.5,,,,,,,,,,,,,,,,,Ann Marie Jaworski,Head Soccer Coach,ann.jaworski@simmons.edu,personal,,,db+v6+coach+grads,,Added for coaching-contact coverage; soccer_score/academic_rating are placeholders,,,https://athletics.simmons.edu/sports/womens-soccer/coaches
simpson_college,Simpson College,womens-soccer,D3,American Rivers Conference,d3t2,The Storm,0,Thunder the Elephant,#9F0129,#F7AF00,https://upload.wikimedia.org/wikipedia/commons/9/98/Simpson_college_logo.png?utm_source=commons.wikimedia.org&utm_campaign=imageinfo&utm_content=original,,,,45.91,727,0.6335,7.1,,,,,,,15,3,3,,,,,,,,,,,,,,records+db+v6,wikipedia:Simpson College,,,,
skidmore_college,Skidmore College,womens-soccer,D3,Liberty League,d3t1,Thoroughbreds,1,Thoroughbreds,#1f6855,#ffcc00,https://upload.wikimedia.org/wikipedia/commons/d/df/Skidmore_college_logo.png?utm_source=commons.wikimedia.org&utm_campaign=imageinfo&utm_content=original,,,,46.09,722,0.6392,8.8,10,2,4,6,4,6,11,4,3,7,6,4,,,,,Lacey Walsh,Head Women's Soccer Coach,laceywalsh@skidmore.edu,personal,,,records+db+v6+coach+grads,wikipedia:Skidmore College,,,,https://skidmoreathletics.com/sports/womens-soccer/coaches
smith_college,Smith College,womens-soccer,D3,New England Women's and Men's Athletic Conference,d3t2,Bears,1,,,,https://upload.wikimedia.org/wikipedia/commons/3/37/Smith_college_textlogo.svg?utm_source=commons.wikimedia.org&utm_campaign=imageinfo&utm_content=original,,,,33.71,1105,0.2638,9.4,4,9,4,6,6,5,7,10,2,3,12,2,,,,,Kathy Brawn,Head Soccer Coach,kbrawn@smith.edu,personal,,,records+db+v6+coach+grads,wikipedia:Smith College,,,,https://gosmithbears.com/sports/wsoc/coaches
southern_virginia_university,Southern Virginia University,womens-soccer,D3,USA South Athletic Conference,d3t2,Knights,1,,#892333,#ffffff,https://upload.wikimedia.org/wikipedia/commons/3/37/South_virginia_univ_textlogo.svg?utm_source=commons.wikimedia.org&utm_campaign=imageinfo&utm_content=original,knightathletics.com,,,42.13,864,0.5190,2.0,12,7,1,13,6,1,8,9,5,12,6,2,,,,,Rob Dahl,Head Coach,robert.dahl@svu.edu,personal,,,records+db+v6+coach+grads,wikipedia:Southern Virginia University,,,,https://knightathletics.com/sports/womens-soccer/coaches
southwestern_university,Southwestern University,womens-soccer,D3,Southern Athletic Association,d3t1,Pirates,1,The Captain,#FFCC33,,https://upload.wikimedia.org/wikipedia/commons/7/77/SU-signature.png?utm_source=commons.wikimedia.org&utm_campaign=imageinfo&utm_content=original,,,,42.63,851,0.5343,7.5,9,5,6,8,9,2,9,7,1,7,8,4,,,,,Linda Hamilton,Head Women's Soccer Coach,hamiltol@southwestern.edu,personal,,,records+db+v6+coach+grads,wikipedia:Southwestern University,,,,https://southwesternpirates.com/sports/womens-soccer/coaches
spalding_university,Spalding University,womens-soccer,D3,St. Louis Intercollegiate Athletic Conference,d3t2,Golden Eagles,1,Ollie the Eagle,,,https://upload.wikimedia.org/wikipedia/commons/1/17/Spalding_univ_logo.png?utm_source=commons.wikimedia.org&utm_campaign=imageinfo&utm_content=original,,,,42.92,839,0.5430,3.4,7,10,1,9,7,3,11,5,3,14,5,2,,,,,Jordan Vejar,Head Coach,jvejar@spalding.edu,personal,,,records+db+v6+coach+grads,wikipedia:Spalding University,,,,https://spaldingathletics.com/sports/womens-soccer/roster/coaches/jordan-vejar/686
springfield_college,Springfield College,womens-soccer,D3,New England Women's and Men's Athletic Conference,d3t2,Pride,0,Spirit the Majestic Lion,#862633,#FFFFFF,https://upload.wikimedia.org/wikipedia/commons/8/81/Springfield_College_%28MA%29_logo.png?utm_source=commons.wikimedia.org&utm_campaign=imageinfo&utm_content=original,springfieldcollegepride.com,,,40.74,906,0.4771,7.7,8,8,1,8,5,6,10,6,4,11,9,0,,,,,Kursten Shade,Head Coach,kvonklahr@springfieldcollege.edu,personal,,,records+db+v6+coach+grads,wikipedia:Springfield College,,,,https://springfieldcollegepride.com/sports/womens-soccer/coaches
st_lawrence_university,St Lawrence University,womens-soccer,D3,Liberty League,d3t1,Saints,1,,,,https://upload.wikimedia.org/wikipedia/commons/1/1e/St_lawrence_univ_logo.png?utm_source=commons.wikimedia.org&utm_campaign=imageinfo&utm_content=original,,,,42.72,848,0.5371,8.5,6,6,3,7,7,4,8,7,2,8,7,3,,,,,Dima Kaliakin,Head Women's Soccer Coach,dkaliakin@stlawu.edu,personal,,,records+db+v6+coach+grads,wikipedia:St. Lawrence University,,,,https://saintsathletics.com/sports/womens-soccer/coaches
st_marys_college_of_maryland,St Mary's College of Maryland,womens-soccer,D3,United East Conference,d3t2,Seahawks,1,,,,https://upload.wikimedia.org/wikipedia/commons/c/ca/St_mary_college_md_logo_motto.png?utm_source=commons.wikimedia.org&utm_campaign=imageinfo&utm_content=original,,,,43.40,814,0.5575,6.8,7,9,4,7,8,3,17,2,4,13,6,3,,,,,,,,,,,records+db+v6,wikipedia:St. Mary's College of Maryland,,,,
st_olaf_college,St Olaf College,womens-soccer,D3,Minnesota Intercollegiate Athletic Conference,d3t2,"""Oles""",1,"St. Olaf Lion, ""Ole""",,,https://upload.wikimedia.org/wikipedia/commons/7/70/St_olaf_college_minn_logo.svg?utm_source=commons.wikimedia.org&utm_campaign=imageinfo&utm_content=original,,,,45.72,731,0.6278,8.6,10,7,1,6,5,5,14,3,3,15,3,2,,,,,Molly Fiedler,Head Women's Soccer Coach,fiedle1@stolaf.edu,personal,,,records+db+v6+coach+grads,wikipedia:St. Olaf College,,,,https://athletics.stolaf.edu/sports/womens-soccer/coaches
st_catherine_university,St. Catherine University,womens-soccer,D3,Minnesota Intercollegiate Athletic Conference,d3t2,Wildcats,1,A Wildcat,#5C307F,#EBB91A,https://upload.wikimedia.org/wikipedia/commons/a/a3/St_catherine_univ_textlogo.png?utm_source=commons.wikimedia.org&utm_campaign=imageinfo&utm_content=original,,,,48.22,668,0.7038,5.1,13,5,4,16,4,1,14,3,4,17,4,0,,,,,Jesse Campos,Head Soccer Coach,jcampos732@stkate.edu,personal,,,records+db+v6+coach+grads,wikipedia:St. Catherine University,,,,https://stkatesathletics.com/sports/womens-soccer/coaches
st_josephs_university_brooklyn,St. Joseph's University (Brooklyn),womens-soccer,D3,Skyline Conference,d3t2,Bears,1,Brooklyn - Vandy / Long Island - Hot Wyngz,#04245c,#f7ba2a,https://upload.wikimedia.org/wikipedia/commons/b/b1/St_joseph_univ_ny_logo.png?utm_source=commons.wikimedia.org&utm_campaign=imageinfo&utm_content=original,,,,27.60,1198,0.0787,6.1,5,10,1,3,10,1,1,14,0,1,13,0,,,,,Tammam Chalak,Head Women's Soccer Coach,tchalak@sjny.edu,personal,,,records+db+v6+coach+grads,"wikipedia:St. Joseph's University, New York",,,,https://sjbkathletics.com/sports/womens-soccer/coaches
st_josephs_university_long_island,St. Joseph's University (Long Island),womens-soccer,D3,Skyline Conference,d3t2,Golden Eagles,1,Brooklyn - Vandy / Long Island - Hot Wyngz,#04245c,#f7ba2a,https://upload.wikimedia.org/wikipedia/commons/b/b1/St_joseph_univ_ny_logo.png?utm_source=commons.wikimedia.org&utm_campaign=imageinfo&utm_content=original,,1,Skyline,43.71,802,0.5671,6.1,8,5,3,9,7,0,10,6,1,13,4,3,,,,,,,,,,,records+db+v6+grads,"wikipedia:St. Joseph's University, New York",,agent-research:2025-womens-soccer,won the 2025 Skyline championship in double overtime,
stevens_institute_of_technology,Stevens Institute of Technology,womens-soccer,D3,Middle Atlantic Conference (Freedom),d3t2,Ducks,1,Attila the Duck,#A32638,#7F7F7F,https://upload.wikimedia.org/wikipedia/en/5/52/Stevens_Institute_of_Technology_Logo_2022.png?utm_source=en.wikipedia.org&utm_campaign=imageinfo&utm_content=original,,1,MAC Freedom,42.34,858,0.5254,8.8,8,8,3,9,7,2,11,6,2,12,4,6,,,,,Stuart Moran,Head Coach,sdick@stevens.edu,personal,,,records+db+v6+coach+grads,wikipedia:Stevens Institute of Technology,,agent-research:2025-womens-soccer,"beat Misericordia 3-0 on Nov 8, 2025 for the MAC Freedom title",https://stevensducks.com/sports/womens-soccer/roster/coaches/stuart-moran/3462
stevenson_university,Stevenson University,womens-soccer,D3,Middle Atlantic Conference (Commonwealth),d3t2,Mustangs,1,,#15472A,#FFFFFF,https://upload.wikimedia.org/wikipedia/commons/2/2d/Stevenson_University_logo.svg?utm_source=commons.wikimedia.org&utm_campaign=imageinfo&utm_content=original,gomustangsports.com,,,35.54,1066,0.3193,5.2,1,13,4,5,8,5,5,10,4,9,6,5,,,,,Tati Korba,Head Coach,tkorba@stevenson.edu,personal,,,records+db+v6+coach+grads,wikipedia:Stevenson University,,,,https://gomustangsports.com/sports/womens-soccer/coaches
stockton_university,Stockton University,womens-soccer,D3,New Jersey Athletic Conference,d3t2,Ospreys,1,Talon the Osprey,#000000,#ffffff,https://upload.wikimedia.org/wikipedia/commons/2/2b/Stockton_univ_wmark.png?utm_source=commons.wikimedia.org&utm_campaign=imageinfo&utm_content=original,,,,39.71,940,0.4458,4.5,8,8,5,8,4,7,10,6,3,7,6,7,,,,,Courtney Dougherty,Interim Head Women's Soccer Coach,dougherc@stockton.edu,personal,,,records+db+v6+coach+grads,wikipedia:Stockton University,,,,https://stocktonathletics.com/sports/womens-soccer/coaches
suffolk_university,Suffolk University,womens-soccer,D3,Conference of New England,d3t1,Rams,1,Hiram (Rammy) the Ram,#142f53,#c6a141,https://upload.wikimedia.org/wikipedia/commons/5/5f/Suffolk_University_wordmark.svg?utm_source=commons.wikimedia.org&utm_campaign=imageinfo&utm_content=original,gosuffolkrams.com,,,43.10,833,0.5486,5.8,,,,8,8,3,7,4,6,,,,,,,,Ellie McDougall,Head Women's Soccer Coach,ellin.mcdougall@suffolk.edu,personal,,,records+db+v6+coach+grads,wikipedia:Suffolk University,,,,https://gosuffolkrams.com/sports/wsoc/coaches/mcdougall
susquehanna_university,Susquehanna University,womens-soccer,D3,Landmark Conference,d3t2,River Hawks,1,Benny the Hawk,#FF6A14,#651C32,,suriverhawks.com,,,37.35,1018,0.3742,7.1,14,5,0,4,9,5,5,10,4,9,9,3,,,,,Nick Hoover '06,Head Coach,hoovern@susqu.edu,personal,,,records+db+v6+coach+grads,wikipedia:Susquehanna University,,,,https://suriverhawks.com/sports/womens-soccer/coaches
swarthmore_college,Swarthmore College,womens-soccer,D3,Centennial Conference,d3t2,The Garnet,0,Phineas the Phoenix,,,https://upload.wikimedia.org/wikipedia/en/c/cb/Formal_Logo_of_Swarthmore_College%2C_Swarthmore%2C_PA%2C_USA.svg?utm_source=en.wikipedia.org&utm_campaign=imageinfo&utm_content=original,,,,45.34,743,0.6163,9.6,13,5,1,12,4,2,8,4,6,15,3,5,,,,,Todd Anckaitis,Head Women's Soccer Coach,,,,,records+db+v6+coach+grads,wikipedia:Swarthmore College,,,,https://swarthmoreathletics.com/sports/womens-soccer/coaches
sweet_briar_college,Sweet Briar College,womens-soccer,D3,Old Dominion Athletic Conference,d3t2,Vixens,1,,,,https://upload.wikimedia.org/wikipedia/commons/c/cb/Sweet_briar_college_pinktext.png?utm_source=commons.wikimedia.org&utm_campaign=imageinfo&utm_content=original,,,,30.36,1170,0.1624,6.3,1,13,0,4,9,1,3,12,0,4,11,0,,,,,Kaitlyn Barbour,Head Soccer Coach,kbarbour@sbc.edu,personal,,,records+db+v6+coach+grads,wikipedia:Sweet Briar College,,,,https://vixenathletics.com/sports/womens-soccer/coaches
,TCNJ,womens-soccer,D3,,,,,,,,,,,,,,,,,,,,,,,,,,,,,,,,Danny Blank,Head Coach,blankd@tcnj.edu,personal,,,coach,,,,,https://tcnjathletics.com/sports/womens-soccer/coaches
texas_lutheran_university,Texas Lutheran University,womens-soccer,D3,Southern Collegiate Athletic Conference,d3t2,Bulldogs,1,Lucky the Bulldog,#000000,#FFBA00,https://upload.wikimedia.org/wikipedia/en/2/28/Texas_Lutheran_University.png?utm_source=en.wikipedia.org&utm_campaign=imageinfo&utm_content=original,,,,44.19,780,0.5814,4.6,11,8,2,9,5,4,13,6,1,12,4,2,,,,,Kerwin Johnson,Head Coach,kerjohnson@tlu.edu,personal,,,records+db+v6+coach+grads,wikipedia:Texas Lutheran University,,,,https://tlubulldogs.com/sports/womens-soccer/coaches
the_college_of_new_jersey,The College of New Jersey,womens-soccer,D3,New Jersey Athletic Conference,d3t2,TCNJ Lions,1,Roscoe the Lion,#293F6F,#A67A00,https://upload.wikimedia.org/wikipedia/en/3/38/College_njersey_logo.png?utm_source=en.wikipedia.org&utm_campaign=imageinfo&utm_content=original,,,,48.01,672,0.6972,6.4,14,3,2,16,3,1,18,1,2,10,4,6,,,,,,,,,,,records+db+v6+grads,wikipedia:The College of New Jersey,,,,
the_college_of_st_scholastica,The College of St. Scholastica,womens-soccer,D3,Minnesota Intercollegiate Athletic Conference,d3t2,Saints,1,Storm the Saint Bernard,#2650A4,#F4BD49,https://upload.wikimedia.org/wikipedia/commons/9/98/College_st_scholastica_textlogo.png?utm_source=commons.wikimedia.org&utm_campaign=imageinfo&utm_content=original,csssaints.com,,,27.99,1195,0.0907,4.9,2,11,5,1,15,2,0,15,4,4,12,4,,,,,Dave Reyelts,Head Women's Soccer Coach,dreyelts@css.edu,personal,,,records+db+v6+coach+grads,wikipedia:College of St. Scholastica,,,,https://csssaints.com/sports/womens-soccer/coaches
the_college_of_wooster,The College of Wooster,womens-soccer,D3,North Coast Athletic Conference,d3t1,Fighting Scots,1,Scottie Dog,,,https://upload.wikimedia.org/wikipedia/commons/3/38/WOOSTER_primary_3c.png?utm_source=commons.wikimedia.org&utm_campaign=imageinfo&utm_content=original,www.woosterathletics.com,,,49.77,615,0.7507,8.3,7,6,4,11,3,3,11,4,3,11,3,3,,,,,"David ""Geordie"" Brown",Head Coach,dvbrown@wooster.edu,personal,,,records+db+v6+coach+grads,wikipedia:College of Wooster,,,,https://woosterathletics.com/sports/womens-soccer/coaches
the_sage_colleges,The Sage Colleges,womens-soccer,D3,Empire 8,d3t2,Gators,1,,,,,,,,37.18,1025,0.3690,4.8,8,10,1,9,5,4,6,7,5,5,9,2,,,,,,,,,,,records+db+v6,wikipedia:The Sage Colleges,,,,
thiel_college,Thiel College,womens-soccer,D3,Presidents' Athletic Conference,d3t2,Tomcats,1,Tommy Tomcat,#00183D,#B7954B,https://upload.wikimedia.org/wikipedia/commons/4/4e/Thiel_College_Wordmark_%28Oct._%2718%29.png?utm_source=commons.wikimedia.org&utm_campaign=imageinfo&utm_content=original,,,,28.17,1192,0.0961,4.1,,,,1,14,1,3,15,0,,,,,,,,Zack Walters,Director of Soccer,zwalters@thiel.edu,personal,,,records+db+v6+coach+grads,wikipedia:Thiel College,,,,https://thielathletics.com/sports/womens-soccer/coaches
thomas_college,Thomas College,womens-soccer,D3,North Atlantic Conference,d3t2,,,Tommy the Terrier,#b52c1f,,https://upload.wikimedia.org/wikipedia/commons/b/b7/Official_Thomas_College_logo_2023.png?utm_source=commons.wikimedia.org&utm_campaign=imageinfo&utm_content=original,,,,32.14,1136,0.2164,3.1,4,6,4,5,11,0,2,10,1,5,12,2,,,,,,,,,,,records+db+v6,wikipedia:Thomas College,,,,
transylvania_university,Transylvania University,womens-soccer,D3,Heartland Collegiate Athletic Conference,d3t2,Pioneers,1,"Raf, Rafinesque's big-eared bat",#B20D35,,https://upload.wikimedia.org/wikipedia/en/4/4a/Transylvania_University_logo_hz.svg?utm_source=en.wikipedia.org&utm_campaign=imageinfo&utm_content=original,,,,40.04,933,0.4557,7.3,8,4,5,14,5,1,8,6,3,6,9,5,,,,,Trip Rogers,Head Women's Soccer Coach,trogers@transy.edu,personal,,,records+db+v6+coach+grads,wikipedia:Transylvania University,,,,https://transysports.com/sports/womens-soccer/coaches
trine_university,Trine University,womens-soccer,D3,Michigan Intercollegiate Athletic Association,d3t2,Thunder,0,"Storm, a white tiger",#00335B,#FFFFFF,https://upload.wikimedia.org/wikipedia/commons/4/48/Trine_univ_textlogo.png?utm_source=commons.wikimedia.org&utm_campaign=imageinfo&utm_content=original,trinethunder.com,,,42.02,870,0.5156,3.8,11,5,3,8,7,5,11,5,3,9,4,6,,,,,Alyssa Krause,Head Coach,krausea@trine.edu,personal,,,records+db+v6+coach+grads,wikipedia:Trine University,,,,https://trinethunder.com/sports/womens-soccer/coaches
,Trinity (Conn.),womens-soccer,D3,Big 12,,Horned Frogs,1,Horned Frog,,,https://upload.wikimedia.org/wikipedia/commons/a/aa/Texas_Christian_University_wordmark.svg?utm_source=commons.wikimedia.org&utm_campaign=imageinfo&utm_content=original,,,,,,,8.4,,,,,,,,,,,,,,,,,Rachael Schroeder,Head Women's Soccer Coach,rachael.schroeder@trincoll.edu,personal,,,coach+db,wikipedia:Texas Christian University,,,,https://bantamsports.com/sports/womens-soccer/coaches
trinity_college,Trinity College,womens-soccer,D3,New England Small College Athletic Conference,d3t1,Bantams,1,Bantam,#1E388C,#FFC424,https://upload.wikimedia.org/wikipedia/commons/b/b0/Trinity_College_Connecticut.svg?utm_source=commons.wikimedia.org&utm_campaign=imageinfo&utm_content=original,,,,40.04,932,0.4559,9.0,7,5,7,7,5,4,3,9,3,6,7,2,,,,,,,,,,,records+db+v6+grads,wikipedia:Trinity College (Connecticut),,,,
trinity_university,Trinity University,womens-soccer,D3,Southern Athletic Association,d3t1,Tigers,1,,#851619,#ffffff,https://upload.wikimedia.org/wikipedia/en/8/89/Trinity_University%2C_Texas_logo.svg?utm_source=en.wikipedia.org&utm_campaign=imageinfo&utm_content=original,,1,SAA,55.10,494,0.9122,8.9,21,1,2,12,5,2,18,2,3,14,2,4,,,,,,,,,,,records+db+v6+grads,wikipedia:Trinity University,,agent-research:2025-womens-soccer,beat Rhodes 3-0 on Nov 9 to win the 2025 SAA championship,
trinity_washington_university,Trinity Washington University,womens-soccer,D3,Independent,d3t2,Tigers,1,Tiger,,,,,,,35.82,1059,0.3278,3.4,4,7,2,,,,,,,,,,,,,,,,,,,,records+db+v6+grads,wikipedia:Trinity Washington University,,,,
tufts_university,Tufts University,womens-soccer,D3,New England Small College Athletic Conference,d3t1,Jumbos,1,Jumbo the Elephant,#3E8EDE,#512C1D,https://upload.wikimedia.org/wikipedia/commons/1/12/Tufts_University_wordmark.svg?utm_source=commons.wikimedia.org&utm_campaign=imageinfo&utm_content=original,gotuftsjumbos.com,1,NESCAC,52.73,540,0.8403,9.1,11,6,2,11,5,5,14,4,1,18,2,3,,,,,Martha Whiting,Head Coach,martha.whiting@tufts.edu,personal,,,records+db+v6+coach+grads,wikipedia:Tufts University,,agent-research:2025-womens-soccer,"beat Williams 5-3 on PKs (2-2) to win the 2025 NESCAC title, first in 23 years",https://gotuftsjumbos.com/sports/womens-soccer/coaches
,UC Santa Cruz,womens-soccer,D3,,,,,,,,,,,,,,,6.4,,,,,,,,,,,,,,,,,Lauren Nadler,Head Coach,lnadler@ucsc.edu,personal,,,db+coach+grads,,Added for coaching-contact coverage; soccer_score/academic_rating are placeholders,,,https://goslugs.com/sports/womens-soccer/coaches
,UMass Boston,womens-soccer,D3,,,,,,,,,,,,72.60,149,0.3911,5.1,,,,,,,,,,,,,,,,,Amy Zombeck,Head Women's Soccer Coach,Amy.Zombeck@umb.edu,personal,,,db+v6+coach+grads,,Added for coaching-contact coverage; soccer_score/academic_rating are placeholders,,,https://beaconsathletics.com/sports/womens-soccer/coaches
,UMass Dartmouth,womens-soccer,D3,,,,,,,,,,,,,,,5.1,,,,,,,,,,,,,,,,,Bobby Desilets,Head Coach,rdesilets@umassd.edu,personal,,,db+coach+grads,,Added for coaching-contact coverage; soccer_score/academic_rating are placeholders,,,https://corsairathletics.com/sports/womens-soccer/coaches
,UW-Superior,womens-soccer,D3,Big Ten,,Trojans,1,Traveler / Tommy Trojan (unofficial),#990000,#FFCC00,https://upload.wikimedia.org/wikipedia/en/7/70/University_of_Southern_California_Logo.svg?utm_source=en.wikipedia.org&utm_campaign=imageinfo&utm_content=original,,,,,,,9.1,,,,,,,,,,,,,,,,,Nick Piazza,Head Women's Soccer Coach,npiazza@uwsuper.edu,personal,,,coach+db,wikipedia:University of Southern California,"academic_rating voided 2026-08-24: a fuzzy name match had assigned USC Upstate score of 4.8; needs a real 70/30 US News and Niche rating; academic_rating 9.7 interpolated 2026-08-24 from US News #29 in National Universities, against verified anchors (#24 Emory 10, #59 Penn State 8.7, #158 Louisville 7.8, #222 West Virginia 6.8)",,,https://uwsyellowjackets.com/sports/womens-soccer/coaches
union_college_ny,Union College (NY),womens-soccer,D3,Liberty League,d3t1,Garnet Chargers,1,,,,https://upload.wikimedia.org/wikipedia/commons/4/4a/Union_college_f1795_logo.png?utm_source=commons.wikimedia.org&utm_campaign=imageinfo&utm_content=original,,,,43.58,810,0.5630,8.9,8,7,2,6,8,3,9,5,5,9,7,3,,,,,Karen Perron,Head Women's Soccer Coach,perronk@union.edu,personal,,,records+db+v6+coach+grads,wikipedia:Union College,,,,https://unionathletics.com/sports/womens-soccer/coaches
united_states_coast_guard_academy,United States Coast Guard Academy,womens-soccer,D3,New England Women's and Men's Athletic Conference,d3t2,Bears,1,Objee the Bear,#2554C7,#F47F24,https://upload.wikimedia.org/wikipedia/commons/9/90/Us_cga_logo.svg?utm_source=commons.wikimedia.org&utm_campaign=imageinfo&utm_content=original,,,,31.92,1145,0.2098,8.9,6,9,3,4,11,4,2,11,6,5,12,3,,,,,Susan Grant,Head Coach,susan.b.grant@uscga.edu,personal,,,records+db+v6+coach+grads,wikipedia:United States Coast Guard Academy,,,,https://coastguardathletics.com/sports/womens-soccer/coaches
united_states_merchant_marine_academy,United States Merchant Marine Academy,womens-soccer,D3,Skyline Conference,d3t2,Mariners,1,Salty the Sea Eagle,#0247FE,#666666,https://upload.wikimedia.org/wikipedia/commons/e/e3/USMMA_logo.svg?utm_source=commons.wikimedia.org&utm_campaign=imageinfo&utm_content=original,,,,42.77,846,0.5385,7.0,9,6,1,8,6,3,10,3,4,9,4,4,,,,,Carlos Mendes,Head Coach,mendesc@usmma.edu,personal,,,records+db+v6+coach+grads,wikipedia:United States Merchant Marine Academy,,,,https://www.usmmasports.com/sports/womens-soccer/coaches
university_of_california_santa_cruz,University of California-Santa Cruz,womens-soccer,D3,Coast-to-Coast Athletic Conference,d3t2,Banana Slugs,1,Sammy the Slug,#003C6C,#FDC700,https://upload.wikimedia.org/wikipedia/commons/7/74/UC_Santa_Cruz_logo.svg?utm_source=commons.wikimedia.org&utm_campaign=imageinfo&utm_content=original,,,,41.53,881,0.5009,6.4,9,5,2,12,4,3,10,2,6,6,9,2,,,,,,,,,,,records+db+v6+grads,"wikipedia:University of California, Santa Cruz",,,,
university_of_chicago,University of Chicago,womens-soccer,D3,University Athletic Association,d3t1,Maroons,1,Phil the Phoenix,#800000,,https://upload.wikimedia.org/wikipedia/commons/0/05/University_of_Chicago_wordmark.svg?utm_source=commons.wikimedia.org&utm_campaign=imageinfo&utm_content=original,athletics.uchicago.edu,,,49.56,623,0.7443,9.7,7,8,3,9,3,8,13,7,2,16,2,4,,,,,Amy Howley Reifert,Head Women's Soccer Coach,areifert@uchicago.edu,personal,,,records+db+v6+coach+grads,wikipedia:University of Chicago,,,,https://athletics.uchicago.edu/sports/womens-soccer/coaches
university_of_dallas,University of Dallas,womens-soccer,D3,Southern Collegiate Athletic Conference,d3t2,Crusaders,1,,#193a71,#f2f2f2,https://upload.wikimedia.org/wikipedia/commons/9/97/UD_2023_Wordmark.png?utm_source=commons.wikimedia.org&utm_campaign=imageinfo&utm_content=original,,,,32.50,1129,0.2272,6.8,5,10,3,6,10,1,5,10,1,3,12,1,,,,,Jeremiah Narvaez,Head Coach,jnarvaez@udallas.edu,personal,,,records+db+v6+coach+grads,wikipedia:University of Dallas,,,,https://udallasathletics.com/sports/womens-soccer/coaches
university_of_dubuque,University of Dubuque,womens-soccer,D3,American Rivers Conference,d3t2,Spartans,1,Sparty the Spartan,#002366,#fff,https://upload.wikimedia.org/wikipedia/commons/d/da/UD_Logo.png?utm_source=commons.wikimedia.org&utm_campaign=imageinfo&utm_content=original,,,,43.10,834,0.5484,4.6,6,5,7,11,6,1,9,5,4,11,2,6,,,,,,,,,,,records+db+v6,wikipedia:University of Dubuque,,,,
university_of_hartford,University of Hartford,womens-soccer,D3,Conference of New England,d3t1,Hawks,1,Howie the Hawk,,,https://upload.wikimedia.org/wikipedia/commons/3/39/University_of_Hartford_wordmark.svg?utm_source=commons.wikimedia.org&utm_campaign=imageinfo&utm_content=original,,1,CNE,53.18,527,0.8539,5.7,10,3,1,,,,16,3,2,14,4,2,,,,,John Natale,Head Women's Soccer Coach,jnatale@hartford.edu,personal,,,records+db+v6+coach+grads,wikipedia:University of Hartford,,agent-research:2025-womens-soccer,"beat Endicott 2-0 on Nov 8, 2025 for the CNE title",https://hartfordhawks.com/sports/womens-soccer/coaches
university_of_la_verne,University of La Verne,womens-soccer,D3,Southern California Intercollegiate Athletic Conference,d3t1,Leopards,1,Leo and Lea,#003C29,#BE5D11,https://upload.wikimedia.org/wikipedia/commons/d/df/University_of_La_Verne_wordmark.svg?utm_source=commons.wikimedia.org&utm_campaign=imageinfo&utm_content=original,,,,35.87,1057,0.3295,4.1,4,8,5,4,8,5,7,7,5,2,11,5,,,,,Jeffrey Joyner,Head Women's Soccer Coach,jjoyner@laverne.edu,personal,,,records+db+v6+coach+grads,wikipedia:University of La Verne,,,,https://leopardathletics.com/sports/womens-soccer/coaches
university_of_lynchburg,University of Lynchburg,womens-soccer,D3,Old Dominion Athletic Conference,d3t2,Hornets,1,Dell the Hornet,,,https://upload.wikimedia.org/wikipedia/commons/8/81/Lynchburg_univ_textlogo.png?utm_source=commons.wikimedia.org&utm_campaign=imageinfo&utm_content=original,,,,43.62,807,0.5642,5.2,11,4,7,12,4,3,12,5,3,10,6,3,,,,,Dr. Todd Olsen,Head Women's Soccer Coach,olsen.t@lynchburg.edu,personal,,,records+db+v6+coach+grads,wikipedia:University of Lynchburg,,,,https://lynchburgsports.com/sports/womens-soccer/coaches
university_of_maine_at_farmington,University of Maine at Farmington,womens-soccer,D3,North Atlantic Conference,d3t2,Beavers,1,Beaver,#68092b,#D3C89D,https://upload.wikimedia.org/wikipedia/en/1/17/University_of_Maine_at_Farmington_logo.svg?utm_source=en.wikipedia.org&utm_campaign=imageinfo&utm_content=original,,,,37.85,1004,0.3895,4.6,8,7,3,7,10,1,7,8,2,8,8,3,,,,,,,,,,,records+db+v6+grads,wikipedia:University of Maine at Farmington,,,,
university_of_maine_at_presque_isle,University of Maine at Presque Isle,womens-soccer,D3,North Atlantic Conference,d3t2,Owls,1,Hootie the Owl,#004a9f,#ffcc33,https://upload.wikimedia.org/wikipedia/en/b/b2/University_of_Maine_at_Presque_Isle_logo.svg?utm_source=en.wikipedia.org&utm_campaign=imageinfo&utm_content=original,,,,29.74,1178,0.1436,2.3,6,4,4,1,15,0,3,9,2,2,12,1,,,,,,,,,,,records+db+v6+grads,wikipedia:University of Maine at Presque Isle,,,,
university_of_mary_hardin_baylor,University of Mary Hardin-Baylor,womens-soccer,D3,American Southwest Conference,d3t2,Crusaders,1,CRUnk the Crusader,,,https://upload.wikimedia.org/wikipedia/commons/6/63/Umhb_mary_hardin_logo.png?utm_source=commons.wikimedia.org&utm_campaign=imageinfo&utm_content=original,,,,46.10,721,0.6393,3.6,17,1,1,16,1,2,13,4,2,8,6,6,,,,,Barry Elkins,Women's Soccer Head Coach,belkins@umhb.edu,personal,,,records+db+v6+coach+grads,wikipedia:University of Mary Hardin–Baylor,,,,https://cruathletics.com/sports/womens-soccer/coaches
university_of_mary_washington,University of Mary Washington,womens-soccer,D3,Coast-to-Coast Athletic Conference,d3t2,Eagles,1,Sammy D. Eagle,,,https://upload.wikimedia.org/wikipedia/commons/e/e8/Univ_mary_wash_logonew.png?utm_source=commons.wikimedia.org&utm_campaign=imageinfo&utm_content=original,,,,42.69,850,0.5360,6.4,12,5,4,8,9,1,9,6,4,14,4,5,,,,,Scott Gerseny,Head Women's Soccer Coach,sgerseny@umw.edu,personal,,,records+db+v6+coach+grads,wikipedia:University of Mary Washington,,,,https://umweagles.com/sports/womens-soccer/coaches
university_of_minnesota_morris,University of Minnesota-Morris,womens-soccer,D3,Upper Midwest Athletic Conference,d3t2,Cougars,1,Pounce the Cougar,#8c1919,#e19b14,https://upload.wikimedia.org/wikipedia/commons/e/e2/UM_Morris_wordmark.png?utm_source=commons.wikimedia.org&utm_campaign=imageinfo&utm_content=original,,,,31.11,1158,0.1850,6.0,4,12,3,4,12,2,2,11,3,5,12,3,,,,,Colin Kaurich,Interim Head Women's Soccer Coach,ckaurich@morris.umn.edu,personal,,,records+db+v6+coach+grads,athletics-domain:morriscougars.com,"nickname recovered from the school's own athletics hostname; its Wikipedia article states none. Confirmed by that site's title (""University of Minnesota Morris Athletics - Official Athletics Website"").",,,https://morriscougars.com/sports/womens-soccer/coaches
university_of_mount_union,University of Mount Union,womens-soccer,D3,Ohio Athletic Conference,d3t2,Purple Raiders,1,MUcaw,#661C78,#FFFFFF,https://upload.wikimedia.org/wikipedia/en/0/0c/Mount_Union_logo.png?utm_source=en.wikipedia.org&utm_campaign=imageinfo&utm_content=original,athletics.mountunion.edu,,,36.18,1052,0.3388,4.7,7,6,4,5,10,1,5,11,2,7,6,4,,,,,Asheli Freed,Head Coach,freedas@mountunion.edu,personal,,,records+db+v6+coach+grads,wikipedia:University of Mount Union,,,,https://athletics.mountunion.edu/sports/womens-soccer/coaches
university_of_new_england,University of New England,womens-soccer,D3,Conference of New England,d3t1,Nor'easters,1,Stormin' Norman,,,,athletics.une.edu,,,48.39,664,0.7087,6.4,11,6,3,7,5,5,13,6,1,13,5,3,,,,,,,,,,,records+db+v6+grads,wikipedia:University of New England (United States),,,,
university_of_northwestern_st_paul,University of Northwestern-St Paul,womens-soccer,D3,Upper Midwest Athletic Conference,d3t2,Eagles,1,Screech,#331e54,#ecac00,https://upload.wikimedia.org/wikipedia/commons/6/62/Northwestern_univ_stpaul_logo.svg?utm_source=commons.wikimedia.org&utm_campaign=imageinfo&utm_content=original,,,,40.39,922,0.4663,5.5,11,9,2,12,7,1,7,10,2,12,8,3,,,,,,,,,,,records+db+v6+grads,wikipedia:University of Northwestern – St. Paul,,,,
university_of_pittsburgh_bradford,University of Pittsburgh-Bradford,womens-soccer,D3,Allegheny Mountain Collegiate Conference,d3t2,Panthers,1,,#003594,#FFB81C,https://upload.wikimedia.org/wikipedia/en/c/c0/University-of-Pittsburgh-at-Bradford-new.svg?utm_source=en.wikipedia.org&utm_campaign=imageinfo&utm_content=original,,,,30.67,1166,0.1719,4.1,,,,,,,,,,1,10,1,,,,,,,,,,,records+db+v6+grads,wikipedia:University of Pittsburgh at Bradford,,,,
university_of_pittsburgh_greensburg,University of Pittsburgh-Greensburg,womens-soccer,D3,Allegheny Mountain Collegiate Conference,d3t2,Bobcats,1,Bruiser the Bobcat,,,https://upload.wikimedia.org/wikipedia/en/7/7a/University-of-Pittsburgh-at-Greensburg-new.svg?utm_source=en.wikipedia.org&utm_campaign=imageinfo&utm_content=original,,,,43.16,830,0.5502,3.6,16,4,1,14,6,2,13,5,4,9,9,3,,,,,,,,,,,records+db+v6+grads,wikipedia:University of Pittsburgh at Greensburg,,,,
university_of_puget_sound,University of Puget Sound,womens-soccer,D3,Northwest Conference,d3t2,Loggers,1,"""Grizz"" the Logger",,,https://upload.wikimedia.org/wikipedia/en/3/33/University_of_Puget_Sound_logo.svg?utm_source=en.wikipedia.org&utm_campaign=imageinfo&utm_content=original,loggerathletics.com,,,45.45,737,0.6198,7.8,16,4,1,13,5,2,9,4,7,14,3,5,,,,,Stephanie Cox,Head Coach,scox@pugetsound.edu,personal,,,records+db+v6+coach+grads,wikipedia:University of Puget Sound,,,,https://loggerathletics.com/sports/womens-soccer/coaches
university_of_redlands,University of Redlands,womens-soccer,D3,Southern California Intercollegiate Athletic Conference,d3t1,Bulldogs,1,George Willis (live bulldog),,,https://upload.wikimedia.org/wikipedia/commons/a/a7/University_of_Redlands_logo.svg?utm_source=commons.wikimedia.org&utm_campaign=imageinfo&utm_content=original,,,,32.97,1120,0.2416,7.2,6,10,1,2,13,2,8,10,1,1,14,2,,,,,Suzette Soboti,Head Women's Soccer Coach,suzette_soboti@redlands.edu,personal,,,records+db+v6+coach+grads,wikipedia:University of Redlands,,,,https://goredlands.com/sports/womens-soccer/coaches
university_of_rochester,University of Rochester,womens-soccer,D3,University Athletic Association,d3t1,Yellowjackets,1,Rocky the Yellowjacket,,,https://upload.wikimedia.org/wikipedia/en/3/34/University_of_Rochester_logo_%282025%29.svg?utm_source=en.wikipedia.org&utm_campaign=imageinfo&utm_content=original,uofrathletics.com,,,49.49,625,0.7420,9.3,7,4,5,15,1,5,12,4,3,9,4,6,,,,,Ashley Van Vechten,Women's Soccer Head Coach,coachvanvechten@sports.rochester.edu,personal,,,records+db+v6+coach+grads,wikipedia:University of Rochester,,,,https://uofrathletics.com/sports/womens-soccer/coaches
university_of_scranton,University of Scranton,womens-soccer,D3,Landmark Conference,d3t2,Royals,1,Iggy the Royal Wolf,,,https://upload.wikimedia.org/wikipedia/commons/1/15/University_of_Scranton_logo.png?utm_source=commons.wikimedia.org&utm_campaign=imageinfo&utm_content=original,athletics.scranton.edu,1,Landmark,49.12,634,0.7309,7.3,17,3,2,13,4,3,19,2,2,15,3,3,,,,,Colleen Pivirotto,Head Coach,colleen.pivirotto@scranton.edu,personal,,,records+db+v6+coach+grads,wikipedia:University of Scranton,,agent-research:2025-womens-soccer,"beat Catholic 1-0 on Nov 8, 2025, 6th straight Landmark title",https://athletics.scranton.edu/sports/womens-soccer/coaches
university_of_st_thomas_tx,University of St Thomas (TX),womens-soccer,D3,Southern Collegiate Athletic Conference,d3t2,Celts,1,,#A30818,#FEBE10,,,,,39.29,953,0.4332,5.3,5,10,3,4,4,5,6,8,3,10,3,4,,,,,,,,,,,records+db+v6,wikipedia:University of St. Thomas (Texas),,,,
university_of_valley_forge,University of Valley Forge,womens-soccer,D3,United East Conference,d3t2,,,,,,https://upload.wikimedia.org/wikipedia/en/0/08/University_of_Valley_Forge_logo.svg?utm_source=en.wikipedia.org&utm_campaign=imageinfo&utm_content=original,,,,29.41,1182,0.1335,2.5,,,,1,13,0,2,11,1,4,11,0,,,,,,,,,,,records+db+v6,wikipedia:University of Valley Forge,,,,
university_of_wisconsin_eau_claire,University of Wisconsin-Eau Claire,womens-soccer,D3,Wisconsin Intercollegiate Athletic Conference,d3t2,Blugolds,1,Blu,#2B3E85,#EDAC1A,https://upload.wikimedia.org/wikipedia/commons/5/51/Eauclairewordmark.png?utm_source=commons.wikimedia.org&utm_campaign=imageinfo&utm_content=original,athletics.stolaf.edu,,,37.37,1016,0.3748,5.4,13,6,2,10,5,4,8,8,5,3,11,5,,,,,Sean Yengo,Head Coach,yengosp@uwec.edu,personal,,,records+db+v6+coach+grads,wikipedia:University of Wisconsin–Eau Claire,,,,https://blugolds.com/sports/womens-soccer/coaches
university_of_wisconsin_la_crosse,University of Wisconsin-La Crosse,womens-soccer,D3,Wisconsin Intercollegiate Athletic Conference,d3t2,Eagles,1,Stryker the Eagle,#830019,#969799,https://upload.wikimedia.org/wikipedia/commons/9/9f/Univ_wisconsin_lacrosse_textlogo.png?utm_source=commons.wikimedia.org&utm_campaign=imageinfo&utm_content=original,wlcsports.com,1,WIAC,51.15,587,0.7926,5.7,21,2,1,20,1,2,16,4,2,19,3,1,,,,,Jason Murphy,Head Coach,jmurphy@uwlax.edu,personal,,,records+db+v6+coach+grads,wikipedia:University of Wisconsin–La Crosse,,agent-research:2025-womens-soccer,"beat UW-Platteville 2-0 on Nov 9, fourth straight WIAC tournament title",https://uwlathletics.com/sports/womens-soccer/coaches
university_of_wisconsin_oshkosh,University of Wisconsin-Oshkosh,womens-soccer,D3,Wisconsin Intercollegiate Athletic Conference,d3t2,Titans,1,Clash,#000000,#FFCC00,https://upload.wikimedia.org/wikipedia/commons/0/0c/UWO_Lettermark.png?utm_source=commons.wikimedia.org&utm_campaign=imageinfo&utm_content=original,uwoshkoshtitans.com,,,33.66,1106,0.2625,3.2,5,9,5,5,10,4,3,13,2,6,7,5,,,,,Erin Coppernoll,Head Coach,copperne@uwosh.edu,personal,,,records+db+v6+coach+grads,wikipedia:University of Wisconsin–Oshkosh,,,,https://uwoshkoshtitans.com/sports/womens-soccer/coaches
university_of_wisconsin_platteville,University of Wisconsin-Platteville,womens-soccer,D3,Wisconsin Intercollegiate Athletic Conference,d3t2,Pioneers,1,Pioneer Pete,#F37321,#0068B3,https://upload.wikimedia.org/wikipedia/commons/e/eb/Uw_platteville_logo_horiz.png?utm_source=commons.wikimedia.org&utm_campaign=imageinfo&utm_content=original,athletics.carthage.edu,,,43.27,821,0.5538,4.6,12,6,2,10,3,5,14,3,4,8,6,6,,,,,Eliza Denmeade,Women's Head Coach | Sports Performance Fellow,denmeadee@uwplatt.edu,personal,,,records+db+v6+coach+grads,wikipedia:University of Wisconsin–Platteville,,,,https://letsgopioneers.com/sports/womens-soccer/coaches
university_of_wisconsin_river_falls,University of Wisconsin-River Falls,womens-soccer,D3,Wisconsin Intercollegiate Athletic Conference,d3t2,Falcons,1,Freddy Falcon,#C41E3A,#FFFFFF,https://upload.wikimedia.org/wikipedia/commons/3/3c/Uw_river_falls_wmark.png?utm_source=commons.wikimedia.org&utm_campaign=imageinfo&utm_content=original,uwrfsports.com,,,40.81,905,0.4790,4.3,9,7,4,6,8,4,9,9,2,13,5,3,,,,,Sean McKuras,Head Coach,sean.m.mc-kuras@uwrf.edu,personal,,,records+db+v6+coach+grads,wikipedia:University of Wisconsin–River Falls,,,,https://uwrfsports.com/sports/womens-soccer/coaches
university_of_wisconsin_stevens_point,University of Wisconsin-Stevens Point,womens-soccer,D3,Wisconsin Intercollegiate Athletic Conference,d3t2,Pointers,1,Stevie Pointer,#512698,#FFC82E,https://upload.wikimedia.org/wikipedia/en/e/ec/UW%E2%80%93Stevens_Point_logo.png?utm_source=en.wikipedia.org&utm_campaign=imageinfo&utm_content=original,uwlathletics.com,,,37.86,1003,0.3898,3.9,7,9,4,8,11,1,6,8,5,9,5,8,,,,,Dawn Crow,Head Women's Soccer Coach,Dawn.Crow@uwsp.edu,personal,,,records+db+v6+coach+grads,wikipedia:University of Wisconsin–Stevens Point,,,,https://athletics.uwsp.edu/sports/womens-soccer/coaches
university_of_wisconsin_stout,University of Wisconsin-Stout,womens-soccer,D3,Wisconsin Intercollegiate Athletic Conference,d3t2,Blue Devils,1,,#13294B,#1D4F91,https://upload.wikimedia.org/wikipedia/en/2/23/University_of_Wisconsin-Stout_Polytechnic_Logo.svg?utm_source=en.wikipedia.org&utm_campaign=imageinfo&utm_content=original,stoutbluedevils.com,,,31.45,1151,0.1954,4.3,2,13,3,5,11,2,0,14,2,7,9,4,,,,,Marcos Rodriguez,Head Coach,rodriguezma@uwstout.edu,personal,,,records+db+v6+coach+grads,wikipedia:University of Wisconsin–Stout Polytechnic,,,,https://stoutbluedevils.com/sports/womens-soccer/coaches
university_of_wisconsin_superior,University of Wisconsin-Superior,womens-soccer,D3,Upper Midwest Athletic Conference,d3t2,Yellowjackets,1,Buzz the Yellowjacket,#000000,#FFD046,https://upload.wikimedia.org/wikipedia/en/8/8d/UW-Superior_university_logo%2C_adopted_2025.svg?utm_source=en.wikipedia.org&utm_campaign=imageinfo&utm_content=original,uwsyellowjackets.com,1,UMAC,44.04,786,0.5771,3.5,15,4,4,16,6,1,15,7,1,11,8,4,,,,,,,,,,,records+db+v6+grads,wikipedia:University of Wisconsin–Superior,,agent-research:2025-womens-soccer,"beat Northwestern (MN) 1-0 on Nov 8, fifth straight UMAC championship",
university_of_wisconsin_whitewater,University of Wisconsin-Whitewater,womens-soccer,D3,Wisconsin Intercollegiate Athletic Conference,d3t2,Warhawks,1,Willie Warhawk,#502D7F,#FFFFFF,https://upload.wikimedia.org/wikipedia/commons/c/c7/UW-Whitewater_logo_2c_lead_hortizontal.svg?utm_source=commons.wikimedia.org&utm_campaign=imageinfo&utm_content=original,uwwsports.com,,,37.46,1015,0.3776,3.4,11,5,4,5,9,5,6,9,6,8,7,5,,,,,Dan Montanye,Head Coach,montanyedd17@uww.edu,personal,,,records+db+v6+coach+grads,wikipedia:University of Wisconsin–Whitewater,,,,https://uwwsports.com/sports/womens-soccer/coaches
university_of_the_ozarks,University of the Ozarks,womens-soccer,D3,Southern Collegiate Athletic Conference,d3t2,Ozarks,1,Eagles,,,https://upload.wikimedia.org/wikipedia/commons/e/e0/UofO_Color-GreyBack.png?utm_source=commons.wikimedia.org&utm_campaign=imageinfo&utm_content=original,,,,31.85,1147,0.2074,4.9,2,10,4,8,8,1,2,12,3,3,10,4,,,,,Natalie Dreyer,Head Women's Soccer Coach/SWA/Compliance Officer,ndreyer@ozarks.edu,personal,,,records+db+v6+coach+grads,wikipedia:University of the Ozarks,,,,https://uofoathletics.com/sports/womens-soccer/coaches
ursinus_college,Ursinus College,womens-soccer,D3,Centennial Conference,d3t2,Bears,1,Grizzly Bear,#990000,#FFC600,https://upload.wikimedia.org/wikipedia/commons/1/15/Ursinus_college_penn_logo.png?utm_source=commons.wikimedia.org&utm_campaign=imageinfo&utm_content=original,,,,37.92,1002,0.3916,7.9,7,6,4,5,9,3,5,7,5,9,6,3,,,,,Jeannine Calhoun,Head Women's Soccer Coach,jcalhoun@ursinus.edu,personal,,,records+db+v6+coach+grads,wikipedia:Ursinus College,,,,https://ursinusathletics.com/sports/womens-soccer/coaches
utica_university,Utica University,womens-soccer,D3,Empire 8,d3t2,Pioneers,1,Trax the Moose,#0c223f,#e75200,https://upload.wikimedia.org/wikipedia/commons/9/96/Utica_University_logo.svg?utm_source=commons.wikimedia.org&utm_campaign=imageinfo&utm_content=original,,,,37.63,1012,0.3826,3.9,8,8,4,7,5,5,5,11,2,8,6,5,,,,,Brooke Barbuto,Head Women's Soccer Coach,bcbarbuto@utica.edu,personal,,,records+db+v6+coach+grads,wikipedia:Utica University,,,,https://uticapioneers.com/sports/womens-soccer/coaches
vassar_college,Vassar College,womens-soccer,D3,Liberty League,d3t1,Brewers,1,The Brewer,#951829,#63666A,https://upload.wikimedia.org/wikipedia/commons/9/9d/Vassar_college_garnet_logo.svg?utm_source=commons.wikimedia.org&utm_campaign=imageinfo&utm_content=original,,1,Liberty League,50.36,604,0.7683,9.4,8,5,5,8,4,5,12,4,5,16,4,0,,,,,Madeline Buckley,Head Coach,mbuckley@vassar.edu,personal,,,records+db+v6+coach+grads,wikipedia:Vassar College,,agent-research:2025-womens-soccer,beat RIT 1-0 in the 2025 Liberty League final,https://www.vassarathletics.com/sports/womens-soccer/coaches
vermont_state_university_castleton,Vermont State University-Castleton,womens-soccer,D3,New Jersey Athletic Conference,d3t2,,,,,,https://upload.wikimedia.org/wikipedia/en/8/84/Vsu_horizontal_logo-2048x578.png?utm_source=en.wikipedia.org&utm_campaign=imageinfo&utm_content=original,,,,36.18,1051,0.3389,5.4,8,11,1,6,12,1,9,11,1,8,11,0,,,,,Chris Chapdelaine,Head Coach,christopher.chapdelaine@vermontstate.edu,personal,,,records+db+v6+coach+grads,wikipedia:Vermont State University,,,,https://castletonsports.com/sports/womens-soccer/coaches
vermont_state_university_johnson,Vermont State University-Johnson,womens-soccer,D3,North Atlantic Conference,d3t2,Badgers,1,,#046A38,#002855,https://upload.wikimedia.org/wikipedia/commons/5/59/Johnson_state_college_textlogo.png?utm_source=commons.wikimedia.org&utm_campaign=imageinfo&utm_content=original,,,,43.43,813,0.5584,5.4,,,,10,3,3,,,,,,,,,,,,,,,,,records+db+v6+grads,wikipedia:Johnson State College,,,,
vermont_state_university_lyndon,Vermont State University-Lyndon,womens-soccer,D3,North Atlantic Conference,d3t2,,,Hornet,#2C5234,#F3D03E,https://upload.wikimedia.org/wikipedia/en/6/6c/Lyndon_State_College_logo.png?utm_source=en.wikipedia.org&utm_campaign=imageinfo&utm_content=original,,,,31.98,1141,0.2117,5.4,2,10,3,,,,,,,,,,,,,,,,,,,,records+db+v6+grads,wikipedia:Lyndon State College,,,,
,WPI,womens-soccer,D3,,,,,,,,,,,,,,,,,,,,,,,,,,,,,,,,Steph Riley-Schafer,Head Coach,sschafer@wpi.edu,personal,,,coach,,,,,https://athletics.wpi.edu/sports/womens-soccer/coaches
warren_wilson_college,Warren Wilson College,womens-soccer,D3,Coast-to-Coast Athletic Conference,d3t2,Owls,1,,,,https://upload.wikimedia.org/wikipedia/en/f/ff/WarrenWilsonCollegeLogo.svg?utm_source=en.wikipedia.org&utm_campaign=imageinfo&utm_content=original,,,,28.69,1190,0.1119,6.0,3,8,2,0,13,1,,,,2,10,3,,,,,Maximiliano Viera,Head Women's Soccer Coach,mviera@warren-wilson.edu,personal,,,records+db+v6+coach+grads,wikipedia:Warren Wilson College,,,,https://warrenwilsonowls.com/sports/womens-soccer/coaches
wartburg_college,Wartburg College,womens-soccer,D3,American Rivers Conference,d3t2,Knights,1,,#F58025,#000000,https://upload.wikimedia.org/wikipedia/commons/4/4a/Wartburg_college_logo.png?utm_source=commons.wikimedia.org&utm_campaign=imageinfo&utm_content=original,go-knights.net,,,39.60,945,0.4425,5.5,16,3,2,6,11,1,10,7,3,8,10,1,,,,,,,,,,,records+db+v6,wikipedia:Wartburg College,,,,
,WashU,womens-soccer,D3,,,,,,,,,,,,,,,,,,,,,,,,,,,,,,,,Jim Conlon,Head Coach,jimconlon@wustl.edu,personal,,,coach,,,,,https://washubears.com/sports/womens-soccer/coaches
washington_and_jefferson_college,Washington & Jefferson College,womens-soccer,D3,Presidents' Athletic Conference,d3t2,Presidents,1,DubJay,#B80007,#000000,https://upload.wikimedia.org/wikipedia/en/d/d2/Washington_and_Jefferson_College_logo_2021.png?utm_source=en.wikipedia.org&utm_campaign=imageinfo&utm_content=original,gopresidents.com,,,36.75,1039,0.3560,7.9,5,6,6,10,4,4,5,11,2,6,9,3,,,,,Dan Dubois,Head Coach,ddubois@washjeff.edu,personal,,,records+db+v6+coach+grads,wikipedia:Washington & Jefferson College,,,,https://gopresidents.com/sports/womens-soccer/coaches
washington_college,Washington College,womens-soccer,D3,Centennial Conference,d3t2,Shorewomen or Goose Nation,0,Gus the Goose,#800000,#000000,https://upload.wikimedia.org/wikipedia/commons/8/84/Washington_college_logo_horiz.png?utm_source=commons.wikimedia.org&utm_campaign=imageinfo&utm_content=original,washcollsports.com,,,40.00,936,0.4546,7.7,6,5,6,6,5,5,7,4,7,10,7,2,,,,,Tom Reilly,Head Coach,treilly2@washcoll.edu,personal,,,records+db+v6+coach+grads,wikipedia:Washington College,,,,https://washcollsports.com/sports/womens-soccer/coaches
washington_university_in_st_louis,Washington University in St Louis,womens-soccer,D3,University Athletic Association,d3t1,Bears,1,Bear,#BA0C2F,#215732,,,1,UAA,58.00,443,1.0000,9.4,11,5,7,17,2,4,23,0,2,21,0,3,,final,champion,champion,,,,,,,records+db+v6+grads,wikipedia:Washington University in St. Louis,,agent-research:2025-womens-soccer,"clinched the 2025 UAA title with a 3-1 win over NYU, third straight crown (no conference tournament)",
washington_and_lee_university,Washington and Lee University,womens-soccer,D3,Old Dominion Athletic Conference,d3t2,Generals,1,Trident (no mascot - athletics symbol),,,https://upload.wikimedia.org/wikipedia/commons/1/12/Web_wordmark1.png?utm_source=commons.wikimedia.org&utm_campaign=imageinfo&utm_content=original,lynchburgsports.com,1,ODAC,49.81,614,0.7519,9.5,14,2,5,13,4,4,20,2,1,18,2,3,,,,,Tiffany Pins,Head Women's Soccer Coach,tpins@wlu.edu,personal,,,records+db+v6+coach+grads,wikipedia:Washington and Lee University,,agent-research:2025-womens-soccer,"beat Virginia Wesleyan in an 8-round shootout, second straight ODAC title",https://generalssports.com/sports/womens-soccer/coaches
waynesburg_university,Waynesburg University,womens-soccer,D3,Presidents' Athletic Conference,d3t2,Yellow Jackets,1,,,,https://upload.wikimedia.org/wikipedia/commons/6/63/Waynesburg_univ_textlogo.png?utm_source=commons.wikimedia.org&utm_campaign=imageinfo&utm_content=original,waynesburgsports.com,1,ECAC,43.83,796,0.5707,4.6,5,7,5,9,7,2,8,5,4,17,3,2,,,,,George DeAugustino,Head Coach,george.deaugustino@waynesburg.edu,personal,,,records+db+v6+coach+grads,wikipedia:Waynesburg University,,agent-research:2025-womens-soccer,beat Keene State 1-0 in the DIII ECAC final,https://waynesburgsports.com/sports/womens-soccer/coaches
webster_university,Webster University,womens-soccer,D3,St. Louis Intercollegiate Athletic Conference,d3t2,Gorloks,1,Webster Gorlok,#0047BB,#FFBF3F,https://upload.wikimedia.org/wikipedia/commons/8/86/Webster_University_Logo.svg?utm_source=commons.wikimedia.org&utm_campaign=imageinfo&utm_content=original,,,,46.65,705,0.6560,5.0,13,7,1,11,4,1,12,2,4,14,5,0,,,,,Luigi Scire,Head Women's Soccer Coach,scirela@webster.edu,personal,,,records+db+v6+coach+grads,wikipedia:Webster University,,,,https://websterathletics.com/staff-directory/luigi-scire/16
wellesley_college,Wellesley College,womens-soccer,D3,New England Women's and Men's Athletic Conference,d3t2,Blue,0,The Blue,#002776,,https://upload.wikimedia.org/wikipedia/commons/3/3e/Formal_Logo_of_Wellesley_College%2C_Wellesley%2C_MA%2C_USA.svg?utm_source=commons.wikimedia.org&utm_campaign=imageinfo&utm_content=original,,,,35.24,1075,0.3102,9.4,6,7,3,3,7,5,6,9,3,6,9,4,,,,,,,,,,,records+db+v6+grads,wikipedia:Wellesley College,,,,
wentworth_institute_of_technology,Wentworth Institute of Technology,womens-soccer,D3,Conference of New England,d3t1,,,Leopard,,,https://upload.wikimedia.org/wikipedia/commons/f/f0/Wentworth_institute_logo.png?utm_source=commons.wikimedia.org&utm_campaign=imageinfo&utm_content=original,wentworthathletics.com,,,38.80,972,0.4181,6.2,8,8,2,2,11,2,5,9,4,7,5,7,,,,,Meredith Carey,Head Women's Soccer Coach,careym8@wit.edu,personal,,,records+db+v6+coach+grads,wikipedia:Wentworth Institute of Technology,,,,https://www.wentworthathletics.com/sports/wsoc/coaches/carey_meredith
,Wesleyan (Conn.),womens-soccer,D3,,,,,,,,,,,,,,,,,,,,,,,,,,,,,,,,Eva Meredith,Head Coach,emeredith@wesleyan.edu,inferred,,,coach,,,,,pattern_inference:medium
wesleyan_ga,Wesleyan (GA),womens-soccer,D3,Collegiate Conference of the South,d3t2,Wolves,1,,#E6E6FA,,https://upload.wikimedia.org/wikipedia/commons/4/48/Wesleyan_college_georgia_logo.png?utm_source=commons.wikimedia.org&utm_campaign=imageinfo&utm_content=original,,,,25.03,1206,0.0009,4.4,0,13,1,1,16,0,,,,1,15,0,,,,,,,,,,,records+db+v6+grads,wikipedia:Wesleyan College,,,,
wesleyan_university,Wesleyan University,womens-soccer,D3,New England Small College Athletic Conference,d3t1,Cardinals,1,,,,https://upload.wikimedia.org/wikipedia/commons/e/e8/Wesleyan_University_logo.svg?utm_source=commons.wikimedia.org&utm_campaign=imageinfo&utm_content=original,,,,47.52,682,0.6825,9.5,8,6,6,7,5,6,14,2,3,9,5,4,,,,,,,,,,,records+db+v6,wikipedia:Wesleyan University,,,,
,Western Connecticut,womens-soccer,D3,,,Wolves,1,,,,https://upload.wikimedia.org/wikipedia/commons/d/d8/Western_Connecticut_State_University_logo.svg?utm_source=commons.wikimedia.org&utm_campaign=imageinfo&utm_content=original,westconnathletics.com,,,,,,,,,,,,,,,,,,,,,,,Alex Harrison,Head Women's Soccer Coach,harrisona@wcsu.edu,personal,,,coach+xsport,"wikipedia:Western Connecticut State University | borrowed from the mens-soccer row: nickname,nickname_plural,logo_url",,,,https://westconnathletics.com/sports/womens-soccer/coaches
western_new_england_university,Western New England University,womens-soccer,D3,Conference of New England,d3t1,Golden Bears,1,Spirit,#003082,#E6B012,https://upload.wikimedia.org/wikipedia/commons/e/ea/Logo_of_Western_New_England_University.svg?utm_source=commons.wikimedia.org&utm_campaign=imageinfo&utm_content=original,,,,46.15,719,0.6409,5.7,14,6,2,10,5,3,10,4,6,7,6,5,,,,,Kristin Hensinger,Head Coach,kristin.hensinger@wne.edu,personal,,,records+db+v6+coach+grads,wikipedia:Western New England University,,,,https://wnegoldenbears.com/sports/womens-soccer/coaches
westfield_state_university,Westfield State University,womens-soccer,D3,Massachusetts State Collegiate Athletic Conference,d3t2,Owls,1,Nestor,#00247d,#FFFFFF,https://upload.wikimedia.org/wikipedia/commons/3/3e/Logo_of_Westfield_State_University.svg?utm_source=commons.wikimedia.org&utm_campaign=imageinfo&utm_content=original,westfieldstateowls.com,1,MASCAC,43.13,831,0.5493,4.3,16,4,1,13,7,1,11,5,4,9,6,6,,,,,Todd Ditmar,Head Coach,tditmar@westfield.ma.edu,personal,,,records+db+v6+coach+grads,wikipedia:Westfield State University,,agent-research:2025-womens-soccer,beat Worcester State 1-0 for the 2025 MASCAC title,https://westfieldstateowls.com/information/directory/index
westminster_college_pa,Westminster College (PA),womens-soccer,D3,Presidents' Athletic Conference,d3t2,Titans,1,,#0b1143,,https://upload.wikimedia.org/wikipedia/commons/f/fa/Westminster_college_full_logo.png?utm_source=commons.wikimedia.org&utm_campaign=imageinfo&utm_content=original,westminstergriffins.com,,,41.22,885,0.4917,5.7,14,4,2,14,4,0,11,6,1,3,9,5,,,,,Girish Thakar,Head Coach,thakargs@westminster.edu,personal,,,records+db+v6+coach+grads,wikipedia:Westminster College (Pennsylvania),,,,https://athletics.westminster.edu/sports/womens-soccer/coaches
westminster_university_mo,Westminster University (MO),womens-soccer,D3,St. Louis Intercollegiate Athletic Conference,d3t2,Blue Jays,1,Winston the Blue Jay,#003767,#79BDE8,https://upload.wikimedia.org/wikipedia/en/8/89/Westminster_College_logo.svg?utm_source=en.wikipedia.org&utm_campaign=imageinfo&utm_content=original,gowestminster.com,,,38.98,964,0.4237,4.8,10,6,4,7,8,1,7,8,3,8,7,2,,,,,,,,,,,records+db+v6,wikipedia:Westminster College (Missouri),,,,
,Wheaton (Mass.),womens-soccer,D3,,,,,,,,,,,,,,,,,,,,,,,,,,,,,,,,Mary-Frances Monroe,Head Coach,monroe_mary-frances@wheatoncollege.edu,personal,,,coach,,,,,https://wheatoncollegelyons.com/sports/womens-soccer/coaches
wheaton_college_il,Wheaton College (IL),womens-soccer,D3,College Conference of Illinois & Wisconsin,d3t2,Thunder,0,Tor the Mastodon,,,,athletics.wheaton.edu,,,36.39,1047,0.3451,8.5,6,9,3,6,7,5,7,11,1,6,6,7,,,,,,,,,,,records+db+v6+grads,wikipedia:Wheaton College (Illinois),,,,
wheaton_college_ma,Wheaton College (MA),womens-soccer,D3,New England Women's and Men's Athletic Conference,d3t2,Lyons,1,,,,https://upload.wikimedia.org/wikipedia/commons/4/4f/Wheaton_College%2C_Massachusetts_wordmark.svg?utm_source=commons.wikimedia.org&utm_campaign=imageinfo&utm_content=original,athletics.wheaton.edu,,,38.79,973,0.4180,7.8,7,9,2,5,11,2,8,5,7,11,8,0,,,,,,,,,,,records+db+v6+grads,wikipedia:Wheaton College (Massachusetts),,,,
whitman_college,Whitman College,womens-soccer,D3,Northwest Conference,d3t2,Blues,1,,#002868,#FFC627,https://upload.wikimedia.org/wikipedia/en/1/18/Whitman_College_Wordmark_Clock_Tower.svg?utm_source=en.wikipedia.org&utm_campaign=imageinfo&utm_content=original,athletics.whitman.edu,,,38.83,969,0.4192,8.9,6,12,1,10,5,5,11,6,3,5,6,9,,,,,Michelle Voiland,Head Women's Soccer Coach,voilandm@whitman.edu,personal,,,records+db+v6+coach+grads,wikipedia:Whitman College,,,,https://whitmanblues.com/sports/womens-soccer/coaches
whittier_college,Whittier College,womens-soccer,D3,Southern California Intercollegiate Athletic Conference,d3t1,Poets,1,Johnny Poet,#481073,#F7AD00,https://upload.wikimedia.org/wikipedia/en/0/0c/Whittier_College_logo.svg?utm_source=en.wikipedia.org&utm_campaign=imageinfo&utm_content=original,,,,43.06,835,0.5473,7.1,8,3,5,5,7,3,9,7,2,6,5,5,,,,,Derek Hanks,Head Women's Soccer Coach,dhanks@whittier.edu,personal,,,records+db+v6+coach+grads,wikipedia:Whittier College,,,,https://web.archive.org/web/2025/https://wcpoets.com/sports/womens-soccer/coaches
whitworth_university,Whitworth University,womens-soccer,D3,Northwest Conference,d3t2,"Pirates, Bucs",1,,,,https://upload.wikimedia.org/wikipedia/commons/9/93/Whitworth_univ_logo.svg?utm_source=commons.wikimedia.org&utm_campaign=imageinfo&utm_content=original,whitworthpirates.com,,,37.67,1011,0.3838,7.1,6,8,5,9,6,5,11,6,2,3,8,8,,,,,Cameron Bushey,Head Coach,cbushey@whitworth.edu,personal,,,records+db+v6+coach+grads,wikipedia:Whitworth University,,,,https://whitworthpirates.com/sports/womens-soccer/coaches
widener_university,Widener University,womens-soccer,D3,Middle Atlantic Conference (Commonwealth),d3t2,Pride,0,Chester & Melrose (Lions),#008aff,#ffd461,https://upload.wikimedia.org/wikipedia/commons/2/25/Widener_univ_logo_blue.png?utm_source=commons.wikimedia.org&utm_campaign=imageinfo&utm_content=original,,,,37.72,1009,0.3854,5.9,9,7,4,5,7,6,,,,7,7,4,,,,,Melissa Franks,Head Women's Soccer Coach,mtfranks@widener.edu,personal,,,records+db+v6+coach+grads,wikipedia:Widener University,,,,https://widenerpride.com/sports/womens-soccer/coaches
wilkes_university,Wilkes University,womens-soccer,D3,Landmark Conference,d3t2,Colonels,1,Colonel,#022C5A,#FFCD00,https://upload.wikimedia.org/wikipedia/commons/e/e5/Wilkes_univ_textlogo.png?utm_source=commons.wikimedia.org&utm_campaign=imageinfo&utm_content=original,gowilkesu.com,,,34.55,1087,0.2893,4.9,4,11,3,3,6,7,5,10,3,6,7,5,,,,,John McNichol,Head Coach,john.mcnichol@wilkes.edu,personal,,,records+db+v6+coach+grads,wikipedia:Wilkes University,,,,https://gowilkesu.com/sports/womens-soccer/coaches
willamette_university,Willamette University,womens-soccer,D3,Northwest Conference,d3t2,Bearcats,1,Blitz,#BA0C2F,#C6AA76,https://upload.wikimedia.org/wikipedia/commons/5/5d/Willamette_univ_textlogo.png?utm_source=commons.wikimedia.org&utm_campaign=imageinfo&utm_content=original,,,,35.24,1074,0.3102,7.9,6,11,2,,,,,,,,,,,,,,Lisa Ljubicic,Head Coach,loljubicic@willamette.edu,personal,,,records+db+v6+coach+grads,wikipedia:Willamette University,,,,https://www.wubearcats.com/sports/wsoc/coaches/ljubicic
william_paterson_university,William Paterson University,womens-soccer,D3,New Jersey Athletic Conference,d3t2,Pioneers,1,Pio (since 2021),#FF6600,#000000,https://upload.wikimedia.org/wikipedia/commons/c/ca/WP-Logo.png?utm_source=commons.wikimedia.org&utm_campaign=imageinfo&utm_content=original,,,,33.74,1104,0.2648,4.1,2,12,5,3,7,7,5,7,7,6,10,2,,,,,Keith Woods,Head Women's Soccer Coach,woodsk@wpunj.edu,personal,,,records+db+v6+coach+grads,wikipedia:William Paterson University,,,,https://www.wpupioneers.com/sports/womens-soccer/coaches
william_peace_university,William Peace University,womens-soccer,D3,USA South Athletic Conference,d3t2,Pacers,1,Pacer,,,,,,,33.30,1113,0.2515,3.9,,,,8,7,3,5,8,2,1,11,2,,,,,Becky Scroger,Head Women's Soccer Coach,rmscroger@peace.edu,personal,,,records+db+v6+coach+grads,athletics-domain:gopeacepacers.com,"nickname recovered from the school's own athletics hostname; its Wikipedia article states none. Confirmed by that site's title (""William Peace University Athletics - Official Athletics Website"").",,,https://gopeacepacers.com/sports/womens-soccer/coaches
williams_college,Williams College,womens-soccer,D3,New England Small College Athletic Conference,d3t1,Ephs,1,"Ephelia, the Purple Cow",#512698,#FDCC09,https://upload.wikimedia.org/wikipedia/commons/1/14/Williams_College_wordmark.svg?utm_source=commons.wikimedia.org&utm_campaign=imageinfo&utm_content=original,ephsports.williams.edu,,,49.33,626,0.7372,9.6,11,5,3,10,4,5,8,5,3,13,2,5,,,,,Sarah Raymond,Head Coach,ser3@williams.edu,personal,,,records+db+v6+coach+grads,wikipedia:Williams College,,,,https://ephsports.williams.edu/sports/womens-soccer/coaches
wilmington_college,Wilmington College,womens-soccer,D3,Ohio Athletic Conference,d3t2,Quakers,1,Quakerman,,,https://upload.wikimedia.org/wikipedia/commons/2/24/Wilmington_college_of_ohio_logo.svg?utm_source=commons.wikimedia.org&utm_campaign=imageinfo&utm_content=original,,1,OAC,41.07,890,0.4869,2.6,10,8,0,10,7,2,7,7,5,12,6,4,,,,,,,,,,,records+db+v6,wikipedia:Wilmington College (Ohio),,agent-research:2025-womens-soccer,beat Ohio Northern 3-2 to win the 2025 OAC tournament championship,
,Wilson (PA),womens-soccer,D3,,,,,,,,,,,,,,,,,,,,,,,,,,,,,,,,Terry Harris,Head Coach,,,,,coach,,,,,https://wilsonphoenix.com/sports/womens-soccer/coaches
wilson_college,Wilson College,womens-soccer,D3,United East Conference,d3t2,Phoenix,0,,,,https://upload.wikimedia.org/wikipedia/en/f/ff/WarrenWilsonCollegeLogo.svg?utm_source=en.wikipedia.org&utm_campaign=imageinfo&utm_content=original,,,,42.62,852,0.5339,3.1,12,5,2,14,4,2,13,4,2,7,10,3,,,,,,,,,,,records+db+v6+grads,athletics-domain:wilsonphoenix.com,"Wilson College (PA). Had been matched to WARREN Wilson College, whose Owls remain correct on that row. Confirmed on wilsonphoenix.com (135 mentions).",,,
wisconsin_lutheran_college,Wisconsin Lutheran College,womens-soccer,D3,Northern Athletics Collegiate Conference,d3t2,,,Warriors,#006643,,https://upload.wikimedia.org/wikipedia/commons/5/59/Wisconsin_lutheran_college_textlogo.png?utm_source=commons.wikimedia.org&utm_campaign=imageinfo&utm_content=original,,,,37.06,1028,0.3655,6.5,5,12,1,7,9,1,7,7,4,7,7,3,,,,,Matt Eisold,Head Coach,matthew.eisold@wlc.edu,personal,,,records+db+v6+coach+grads,wikipedia:Wisconsin Lutheran College,,,,https://wlcsports.com/sports/womens-soccer/coaches
wittenberg_university,Wittenberg University,womens-soccer,D3,North Coast Athletic Conference,d3t1,Tigers,1,Ezry the Tiger,,,https://upload.wikimedia.org/wikipedia/commons/e/e9/Wittenberg_University_logo.svg?utm_source=commons.wikimedia.org&utm_campaign=imageinfo&utm_content=original,wittenbergtigers.com,,,40.74,907,0.4770,5.4,2,10,6,7,7,5,6,6,5,6,3,7,,,,,Katie Robinson,Head Coach,robinsonk6@wittenberg.edu,personal,,,records+db+v6+coach+grads,athletics-domain:wittenbergtigers.com,"copied from this school's other row (Wittenberg), same division; that row's nickname was recovered from the school's own athletics site",,,https://wittenbergtigers.com/sports/wsoc/coaches/bios/KatieRobinson
worcester_polytechnic_institute,Worcester Polytechnic Institute,womens-soccer,D3,New England Women's and Men's Athletic Conference,d3t2,Engineers,1,Gompei the Goat,#AC2B37,#A9B0B7,https://upload.wikimedia.org/wikipedia/commons/7/7e/WPI_wordmark.svg?utm_source=commons.wikimedia.org&utm_campaign=imageinfo&utm_content=original,athletics.wpi.edu,,,39.91,938,0.4519,8.6,6,7,4,7,8,4,10,7,4,11,7,3,,,,,,,,,,,records+db+v6+grads,wikipedia:Worcester Polytechnic Institute,,,,
worcester_state_university,Worcester State University,womens-soccer,D3,Massachusetts State Collegiate Athletic Conference,d3t2,Lancers,1,Chandler H. Lancer,#003896,#f0e07d,https://upload.wikimedia.org/wikipedia/commons/f/fa/Worcester_state_univ_wordmark.png?utm_source=commons.wikimedia.org&utm_campaign=imageinfo&utm_content=original,wsulancers.com,,,39.00,963,0.4241,4.4,6,10,2,6,9,2,9,6,3,10,8,1,,,,,Kevin Cumberbatch,Head Coach,kcumberbatch@worcester.edu,personal,,,records+db+v6+coach+grads,wikipedia:Worcester State University,,,,https://wsulancers.com/sports/wsoc/coaches/Cumberbatch_Kevin
yeshiva_university,Yeshiva University,womens-soccer,D3,Skyline Conference,d3t2,Maccabees,1,The Maccabee,,,https://upload.wikimedia.org/wikipedia/commons/3/3b/Yeshiva_univ_logo.png?utm_source=commons.wikimedia.org&utm_campaign=imageinfo&utm_content=original,yumacs.com,,,26.42,1203,0.0431,9.0,1,14,1,2,12,0,1,14,0,,,,,,,,Ryan Adeleye,Head Coach,ryan.adeleye@yu.edu,personal,,,records+db+v6+coach+grads,wikipedia:Yeshiva University,,,,https://yumacs.com/sports/womens-soccer/coaches
,York (NY),womens-soccer,D3,,,,,,,,,,,,,,,,,,,,,,,,,,,,,,,,Ovid Cusu,Head Coach,ocusu901@york.cuny.edu,personal,,,coach,,,,,https://yorkathletics.com/sports/womens-soccer/coaches
york_college_of_pennsylvania,York College of Pennsylvania,womens-soccer,D3,Middle Atlantic Conference (Commonwealth),d3t2,Spartans,1,,#006027,#FFFFFF,https://upload.wikimedia.org/wikipedia/commons/3/3b/York_college_penn_logo.png?utm_source=commons.wikimedia.org&utm_campaign=imageinfo&utm_content=original,,,,44.83,762,0.6009,5.3,12,5,4,13,7,0,12,4,5,13,5,2,,,,,,,,,,,records+db+v6,wikipedia:York College of Pennsylvania,,,,
abraham_baldwin_agricultural_college,Abraham Baldwin Agricultural College,womens-soccer,NAIA,Southern States Athletic Conference,naiat2,Golden Stallions,1,,,,,,,,37.52,1014,0.1625,2.1,,,,,,,1,11,1,,,,,,,,Christopher Earls,Head Coach,christopher.earls@abac.edu,personal,,,records+db+v6+coach+grads,wikipedia:Abraham Baldwin Agricultural College,,,,https://athletics.abac.edu/sports/wsoc/coaches
aquinas_college_michigan,Aquinas College (Michigan),womens-soccer,NAIA,Wolverine-Hoosier Athletic Conference,naiat2,Saints,1,Nelson the St. Bernard (dog),#751b19,,,aqsaints.com,,,58.58,431,0.7817,3.6,21,3,1,17,1,4,17,1,2,12,7,1,,,,,Mario Zuniga-Gil,Women's Soccer Head Coach,zuniga-gilm@aquinas.edu,personal,,,records+db+v6+coach+grads,wikipedia:Aquinas College (Michigan),,,,https://aqsaints.com/sports/womens-soccer/coaches
arizona_christian_university,Arizona Christian University,womens-soccer,NAIA,Great Southwest Athletic Conference,naiat2,Firestorm,0,Firestorm (Stormin' Norman),,,https://upload.wikimedia.org/wikipedia/en/5/53/Arizona_Christian_University_triangle_logo.png?utm_source=en.wikipedia.org&utm_campaign=imageinfo&utm_content=original,acufirestorm.com,,,43.16,829,0.3284,1.4,4,9,2,10,5,1,6,10,2,4,12,2,,,,,Josh Gibbs,Head Coach,Joshua.Gibbs@arizonachristian.edu,personal,,,records+db+v6+coach+grads,wikipedia:Arizona Christian University,,,,https://acufirestorm.com/sports/womens-soccer/coaches
ave_maria_university,Ave Maria University,womens-soccer,NAIA,Sun Conference,naiat1,Gyrenes,1,,#0033a1,#8a6e4b,https://upload.wikimedia.org/wikipedia/commons/1/1d/Ave_maria_univ_logo.svg?utm_source=commons.wikimedia.org&utm_campaign=imageinfo&utm_content=original,,,,47.53,681,0.4567,5.2,4,7,5,6,8,4,7,5,4,5,8,5,,,,,Tyler Rosser,Head Women's Soccer Coach,Tyler.Rosser@avemaria.edu,personal,,,records+db+v6+coach+grads,wikipedia:Ave Maria University,,,,https://avemariagyrenes.com/sports/womens-soccer/coaches
avila_university,Avila University,womens-soccer,NAIA,Kansas Collegiate Athletic Conference,naiat2,Eagles,1,Dominic the Eagle,,,https://upload.wikimedia.org/wikipedia/commons/7/7c/Avila_University_logo.svg?utm_source=commons.wikimedia.org&utm_campaign=imageinfo&utm_content=original,,,,46.53,710,0.4275,2.1,5,9,5,6,12,1,13,3,4,5,7,6,,,,,Katie LaForge,Head Coach,katie.laforge@avila.edu,personal,,,records+db+v6+coach+grads,wikipedia:Avila University,,,,http://web.archive.org/web/2025/https://avilaathletics.com/sports/wsoc/coaches
baker_university,Baker University,womens-soccer,NAIA,Heart of America Athletic Conference,naiat2,Wildcats,1,,#fe5a1d,,https://upload.wikimedia.org/wikipedia/commons/2/25/Baker_University_wordmark.png?utm_source=commons.wikimedia.org&utm_campaign=imageinfo&utm_content=original,,,,40.94,900,0.2629,3.9,8,8,2,5,11,2,5,11,2,3,10,4,,,,,Sean McAlister,Head Coach,sean.mcalister@bakeru.edu,personal,,,records+db+v6+coach+grads,wikipedia:Baker University,,,,https://www.bakerwildcats.com/sports/wsoc/coaches/index
bellevue_university,Bellevue University,womens-soccer,NAIA,Continental Athletic Conference,naiat2,Bruins,1,,#4f3674,#cfa427,https://upload.wikimedia.org/wikipedia/commons/0/0c/Bellevue_University_logo.svg?utm_source=commons.wikimedia.org&utm_campaign=imageinfo&utm_content=original,,,,54.57,501,0.6637,1.4,13,4,2,,,,9,5,3,12,3,2,,,,,Tom White,Head Coach,thomwhite@bellevue.edu,personal,,,records+db+v6+coach+grads,wikipedia:Bellevue University,,,,https://www.bubruins.com/sports/wsoc/coaches/Tom_White
benedictine_college,Benedictine College,womens-soccer,NAIA,Heart of America Athletic Conference,naiat2,Ravens,1,,,,,,,,54.25,508,0.6543,6.0,12,6,1,14,4,5,13,7,1,13,5,2,,,,,Hunter Nail,Head Coach,hnail@benedictine.edu,personal,,,records+db+v6+coach+grads,wikipedia:Benedictine College,,,,https://ravenathletics.com/sports/womens-soccer/coaches
benedictine_university_at_mesa,Benedictine University at Mesa,womens-soccer,NAIA,Great Southwest Athletic Conference,naiat2,Redhawks,1,"Eagle, / Redhawk",#ba0c2c,,https://upload.wikimedia.org/wikipedia/commons/0/01/Benedictine_univ_logo.png?utm_source=commons.wikimedia.org&utm_campaign=imageinfo&utm_content=original,,,,40.28,925,0.2436,,8,5,5,7,7,2,3,13,1,3,14,1,,,,,Mike Miller,Head Coach,mmiller12@ben.edu,personal,,,records+db+v6+coach+grads,wikipedia:Benedictine University,,,,https://benuredhawks.com/sports/womens-soccer/coaches
bethany_college_kansas,Bethany College (Kansas),womens-soccer,NAIA,Kansas Collegiate Athletic Conference,naiat2,,,Swedes,,,https://upload.wikimedia.org/wikipedia/en/7/78/Bethany_%28Kansas%29_College_logo.svg?utm_source=en.wikipedia.org&utm_campaign=imageinfo&utm_content=original,,,,32.00,1140,0.0000,3.2,3,12,1,1,15,1,0,17,1,1,14,1,,,,,Dane Straight,Director of Soccer,straightdi@bethanylb.edu,personal,,,records+db+v6+coach+grads,wikipedia:Bethany College (Kansas),,,,https://www.bethanyswedes.com/sports/wsoc/coaches/index
bethel_college_kansas,Bethel College (Kansas),womens-soccer,NAIA,Kansas Collegiate Athletic Conference,naiat2,Threshers,1,Thresher,,,,,,,42.03,868,0.2950,3.1,7,9,2,6,11,1,6,10,2,4,10,4,,,,,James Lipocky,Head Coach,jlipocky@bethelks.edu,personal,,,records+db+v6+coach+grads,wikipedia:Bethel College (Kansas),,,,https://bethelthreshers.com/staff.aspx
bethel_university_in,Bethel University (IN),womens-soccer,NAIA,Crossroads League,naiat1,Pilots,1,,#17489a,,https://upload.wikimedia.org/wikipedia/en/0/0b/Bethel_University_Logo.png?utm_source=en.wikipedia.org&utm_campaign=imageinfo&utm_content=original,gobethel.com,,,52.87,534,0.6139,3.3,7,8,4,11,8,2,7,7,7,13,7,2,,,,,Jason Freeman,Head Coach,Jason.Freeman@BethelUniversity.edu,inferred,,,records+db+v6+coach+grads,wikipedia:Bethel University (Indiana),corrected from this school's men's row: had been matched to a different institution of a similar name (wikipedia:Bethel University (Indiana)),,,pattern_inference:medium
bethel_university_tn,Bethel University (TN),womens-soccer,NAIA,Mid-South Conference,naiat1,Wildcats,1,Rowdy the Wildcat,#2e1846,#f3c300,,athletics.bethel.edu,,,47.83,676,0.4655,2.2,7,7,4,11,4,3,,,,3,11,1,,,,,Misty Aird,Head Coach,airdm@bethelu.edu,personal,,,records+db+v6+coach,wikipedia:Bethel University (Tennessee),,,,https://www.bethelathletics.com/sports/wsoc/coaches/index
blue_mountain_christian_university,Blue Mountain Christian University,womens-soccer,NAIA,Southern States Athletic Conference,naiat2,Toppers,1,Ram,#0c1137,#4a8ac9,,bmcusports.com,,,37.72,1008,0.1683,4.0,7,8,1,5,12,1,,,,1,14,0,,,,,Jacob Hunt,Head Women's Soccer Coach,jhunt@bmc.edu,personal,,,records+db+v6+coach+grads,wikipedia:Blue Mountain Christian University,,,,https://bmcusports.com/sports/womens-soccer/coaches
bluefield_university,Bluefield University,womens-soccer,NAIA,Appalachian Athletic Conference,naiat2,Rams,1,Victor E. Ram,#003e7e,#e31937,https://upload.wikimedia.org/wikipedia/commons/2/29/Bluefield_univ_textlogo.png?utm_source=commons.wikimedia.org&utm_campaign=imageinfo&utm_content=original,,,,33.86,1102,0.0546,3.2,0,16,0,1,13,3,4,11,2,1,14,0,,,,,Cade Mullins,Head Women's Soccer Coach,cmullins3@bluefield.edu,personal,,,records+db+v6+coach+grads,wikipedia:Bluefield University,,,,https://burams.com/sports/womens-soccer/coaches
brenau_university,Brenau University,womens-soccer,NAIA,Appalachian Athletic Conference,naiat2,Golden Tigers,1,HJ,#e5b53b,,https://upload.wikimedia.org/wikipedia/en/4/45/Brenau_University_logo.png?utm_source=en.wikipedia.org&utm_campaign=imageinfo&utm_content=original,,,,47.49,685,0.4555,3.1,9,5,3,9,9,0,6,9,2,9,8,1,,,,,Zechariah Reichert,Head Coach,zreichert@brenau.edu,personal,,,records+db+v6+coach+grads,wikipedia:Brenau University,,,,https://brenautigers.com/sports/wsoc/coaches/Zac_Reichert
brescia_university,Brescia University,womens-soccer,NAIA,River States Conference,naiat2,Bearcats,1,Bearcat,#0069aa,#f0cc01,,,,,45.75,730,0.4044,3.9,7,9,1,3,10,2,5,10,2,11,6,1,,,,,Andy Hines,Head Coach,andy.hines@brescia.edu,personal,,,records+db+v6+coach+grads,wikipedia:Brescia University,,,,https://bresciabearcats.com/sports/wsoc/coaches/Andy_Hines
brewton_parker_christian_university,Brewton-Parker Christian University,womens-soccer,NAIA,Southern States Athletic Conference,naiat2,Barons,1,,#f78f1e,#012d6b,,,,,36.67,1040,0.1374,2.6,4,11,1,1,11,2,2,13,0,4,11,0,,,,,Jake Alvernia,Director of Soccer / Head Men's and Women's Soccer Coach,jalvernia@bpc.edu,personal,,,records+db+v6+coach+grads,wikipedia:Brewton–Parker Christian University,,,,https://bpcuathletics.com/sports/womens-soccer/coaches
briar_cliff_university,Briar Cliff University,womens-soccer,NAIA,Great Plains Athletic Conference,naiat2,Chargers,1,,#003594,#ffc72c,,,,,45.09,751,0.3849,3.8,13,3,4,5,5,5,7,9,3,5,12,1,,,,,Luis de la Fuente,Director of Soccer,luis.delafuentecastro@briarcliff.edu,personal,,,records+db+v6+coach+grads,wikipedia:Briar Cliff University,,,,https://bcuchargers.com/sports/womens-soccer/coaches
bryan_college,Bryan College,womens-soccer,NAIA,Appalachian Athletic Conference,naiat2,Lions,1,Lion,#990000,#fdba00,https://upload.wikimedia.org/wikipedia/commons/1/18/BC-Stacked_Red.png?utm_source=commons.wikimedia.org&utm_campaign=imageinfo&utm_content=original,bryanlions.com,,,39.55,947,0.2220,2.2,4,9,4,7,10,1,2,11,2,4,12,1,,,,,Jake Warren,Head Women's Soccer Coach,jwarren4541@bryan.edu,personal,,,records+db+v6+coach+grads,wikipedia:Bryan College,,,,https://bryanlions.com/sports/womens-soccer/coaches
bushnell_university,Bushnell University,womens-soccer,NAIA,Cascade Collegiate Conference,naiat2,Beacons,1,Beacon,#011e41,#ffc424,https://upload.wikimedia.org/wikipedia/en/8/8b/Bushnell_University_logo.svg?utm_source=en.wikipedia.org&utm_campaign=imageinfo&utm_content=original,,,,44.04,787,0.3541,3.4,,,,5,8,3,5,12,1,7,6,4,,,,,Toni Malone,Head Coach,tmalone@bushnell.edu,personal,,,records+db+v6+coach+grads,wikipedia:Bushnell University,,,,https://bushnellbeacons.com/sports/womens-soccer/coaches
calumet_college_of_st_joseph,Calumet College of St. Joseph,womens-soccer,NAIA,Chicagoland Collegiate Athletic Conference,naiat2,Crimson Wave,0,Crimson Joe,#902132,#818285,,ccsjathletics.com,,,35.34,1071,0.0982,1.7,1,16,0,,,,,,,,,,,,,,Ante Cop,Head Coach,acop@ccsj.edu,personal,,,records+db+v6+coach+grads,wikipedia:Calumet College of St. Joseph,,,,https://ccsjathletics.com/sports/wsoc/coaches/Ante_Cop
campbellsville_university,Campbellsville University,womens-soccer,NAIA,Mid-South Conference,naiat1,Tigers,1,,,,https://upload.wikimedia.org/wikipedia/en/f/f4/Campbellsville_logo.png?utm_source=en.wikipedia.org&utm_campaign=imageinfo&utm_content=original,,1,Mid-South,59.77,410,0.8168,2.0,12,6,1,7,7,3,18,2,1,,,,,,,,Trey Henderson,Interim Head Coach,gihenderson@campbellsville.edu,personal,,,records+db+v6+coach+grads,wikipedia:Campbellsville University,,agent-research:2025-womens-soccer,"beat Cumberlands 2-1 in OT in the 2025 Mid-South final, Nov 11",https://campbellsvilletigers.com/sports/womens-soccer/coaches
carolina_university,Carolina University,womens-soccer,NAIA,Continental Athletic Conference,naiat2,Bruins,1,Baron the Bruin,,,,,,,45.10,749,0.3854,1.4,13,7,1,9,6,2,5,7,5,4,11,3,,,,,Boo Tesh,Head Women's Soccer Coach,teshj@carolinau.edu,personal,,,records+db+v6+coach+grads,wikipedia:Carolina University,,,,https://cubruins.com/sports/womens-soccer/coaches
carroll_college,Carroll College,womens-soccer,NAIA,Cascade Collegiate Conference,naiat2,Fighting Saints,1,"Halo, St. Bernard",#332a87,#e8d4a3,https://upload.wikimedia.org/wikipedia/en/6/6a/Carroll_College_logo.svg?utm_source=en.wikipedia.org&utm_campaign=imageinfo&utm_content=original,,,,51.08,589,0.5612,6.0,9,6,4,11,2,4,10,5,4,7,5,5,,,,,David Thorvilson,Head Women's Soccer Coach,dthorvil@carroll.edu,personal,,,records+db+v6+coach+grads,wikipedia:Carroll College,,,,https://carrollathletics.com/sports/womens-soccer/coaches
central_baptist_college,Central Baptist College,womens-soccer,NAIA,American Midwest Conference,naiat2,Mustangs,1,Mustang,#00447b,#b1b4b6,https://upload.wikimedia.org/wikipedia/en/7/7f/Central_Baptist_College_logo.png?utm_source=en.wikipedia.org&utm_campaign=imageinfo&utm_content=original,,,,35.74,1061,0.1101,1.7,6,10,2,5,10,3,0,11,1,0,11,1,,,,,Dylan Perdue,Head Coach,dperdue@cbc.edu,personal,,,records+db+v6+coach+grads,wikipedia:Central Baptist College,,,,https://cbcmustangs.com/sports/wsoc/coaches
central_christian_college_of_kansas,Central Christian College of Kansas,womens-soccer,NAIA,Sooner Athletic Conference,naiat2,Tigers,1,Tigers,#002f86,#ffb718,,,,,36.42,1046,0.1300,1.4,4,10,2,1,14,1,,,,3,13,2,,,,,Rafael Gonzalez,Head Women's Soccer Coach,rafael.gonzalez@centralchristian.edu,personal,,,records+db+v6+coach+grads,wikipedia:Central Christian College of Kansas,,,,https://ccctigers.com/sports/womens-soccer/coaches
central_methodist_university,Central Methodist University,womens-soccer,NAIA,Heart of America Athletic Conference,naiat2,Eagles,1,,#006647,,https://upload.wikimedia.org/wikipedia/en/1/1b/Central_Methodist_University_Logo.png?utm_source=en.wikipedia.org&utm_campaign=imageinfo&utm_content=original,mumonarchs.com,,,59.85,409,0.8191,4.2,19,3,1,19,3,1,16,4,1,16,3,2,,,,,Dan Schmidlin,Head Coach,dschmidl@centralmethodist.edu,personal,,,records+db+v6+coach+grads,wikipedia:Central Methodist University,,,,https://cmueagles.com/sports/wsoc/coaches
clarke_university,Clarke University,womens-soccer,NAIA,Heart of America Athletic Conference,naiat2,Pride,0,Cutlass T. Crusader,,,,,,,50.27,605,0.5372,3.7,12,6,2,10,6,3,12,4,3,7,9,2,,,,,Josh Printz,"Director of Soccer, Women's Soccer Head Coach",josh.printz@clarke.edu,personal,,,records+db+v6+coach+grads,wikipedia:Clarke University,,,,https://web.archive.org/web/20251029061907/https://clarkepride.com/sports/wsoc/coaches/index
cleary_university,Cleary University,womens-soccer,NAIA,Wolverine-Hoosier Athletic Conference,naiat2,Cougars,1,Clancy The Cougar,#a51e36,#0e274a,,,,,43.17,827,0.3287,1.4,,,,,,,4,9,5,6,8,4,,,,,Steve Horn,Head Coach,shorn@cleary.edu,personal,,,records+db+v6+coach+grads,wikipedia:Cleary University,,,,https://web.archive.org/web/20251029060409/https://www.clearycougars.com/information/directory/index
college_of_idaho,College of Idaho,womens-soccer,NAIA,Cascade Collegiate Conference,naiat2,Coyotes,1,Coyote,#412d5e,#a29060,https://upload.wikimedia.org/wikipedia/commons/3/37/Idaho_college_logo.png?utm_source=commons.wikimedia.org&utm_campaign=imageinfo&utm_content=original,athletics.csi.edu,1,Cascade,61.17,388,0.8580,5.5,16,4,2,18,2,2,20,1,2,17,3,1,,,,,Brian Smith,Head Coach,bcsmith@collegeofidaho.edu,personal,,,records+db+v6+coach+grads,wikipedia:College of Idaho,,agent-research:2025-womens-soccer + cascadeconference.org final standings,2025-26 CCC final all-sports standings confirm College of Idaho as women's soccer champion,https://yoteathletics.com/sports/womens-soccer/coaches
college_of_saint_mary,College of Saint Mary,womens-soccer,NAIA,Great Plains Athletic Conference,naiat2,Flames,1,,#003767,#62b5e5,https://upload.wikimedia.org/wikipedia/commons/6/63/College_of_Saint_Mary_logo.png?utm_source=commons.wikimedia.org&utm_campaign=imageinfo&utm_content=original,,,,44.02,788,0.3536,5.4,8,8,2,7,6,5,6,9,4,6,12,1,,,,,Jamison Parkhill,Head Coach,jparkhill@csm.edu,personal,,,records+db+v6+coach+grads,wikipedia:College of Saint Mary,,,,https://csmflames.com/sports/wsoc/coaches/index
columbia_college_mo,Columbia College (MO),womens-soccer,NAIA,American Midwest Conference,naiat2,Cougars,1,,#002855,#c7c8ca,,gocolumbialions.com,1,AMC,59.32,418,0.8035,3.7,17,3,2,17,2,1,20,2,1,12,5,2,,,,,Lauren Robb,Head Women's Soccer Coach,lrobb@ccis.edu,personal,,,records+db+v6+coach+grads,wikipedia:Columbia College (Missouri),,agent-research:2025-womens-soccer,"beat Harris-Stowe State 1-0 in the AMC tournament final, Nov 10, 2025",https://columbiacougars.com/sports/womens-soccer/coaches
columbia_college_sc,Columbia College (SC),womens-soccer,NAIA,Appalachian Athletic Conference,naiat2,Koalas,1,CeCe,,,,,,,48.09,671,0.4732,2.0,9,6,2,10,6,3,11,8,0,5,8,4,,,,,Robert Hunter,Head Coach | Women's Soccer,rhunter@columbiasc.edu,personal,,,records+db+v6+coach+grads,wikipedia:Columbia College (South Carolina),,,,https://gokoalas.com/sports/wsoc/coaches/index
columbia_international_university,Columbia International University,womens-soccer,NAIA,Appalachian Athletic Conference,naiat2,Rams,1,Ram,,,https://upload.wikimedia.org/wikipedia/commons/2/29/New_CIU_Logo.jpg?utm_source=commons.wikimedia.org&utm_campaign=imageinfo&utm_content=original,,,,51.36,580,0.5694,3.1,9,9,3,13,7,1,8,8,0,13,6,1,,,,,Kara Lail,Head Coach,kara.farnsworth@ciu.edu,personal,,,records+db+v6+coach+grads,wikipedia:Columbia International University,,,,https://ciurams.com/sports/womens-soccer/coaches
concordia_university_nebraska,Concordia University Nebraska,womens-soccer,NAIA,Great Plains Athletic Conference,naiat2,Bulldogs,1,Bulldog,#172b54,,https://upload.wikimedia.org/wikipedia/commons/8/83/CUNEAcademic_Logo_Left_Color.svg?utm_source=commons.wikimedia.org&utm_campaign=imageinfo&utm_content=original,,,,54.94,496,0.6747,5.4,10,6,2,13,4,3,14,7,1,13,2,5,,,,,Jason Weides,Athletics Director of Soccer Operations / Head Women's Soccer Coach,Jason.Weides@cune.edu,personal,,,records+db+v6+coach+grads,wikipedia:Concordia University Nebraska,,,,https://www.cune.edu/athletics/teams/womens-soccer/coaches
corban_university,Corban University,womens-soccer,NAIA,Cascade Collegiate Conference,naiat2,Warriors,1,Cadmar the Warrior,#002550,#f9c623,,,,,45.99,725,0.4113,3.1,11,4,3,9,6,4,7,7,5,5,12,0,,,,,Tim Kagey,Head Women's Soccer Coach,tkagey@corban.edu,personal,,,records+db+v6+coach+grads,wikipedia:Corban University,,,,https://corbanwarriors.com/sports/womens-soccer/coaches
cornerstone_university,Cornerstone University,womens-soccer,NAIA,Wolverine-Hoosier Athletic Conference,naiat2,Golden Eagles,1,Golden Eagle,#13294b,#d9c89d,,cugoldeneagles.com,,,44.43,772,0.3655,4.6,5,10,3,6,8,2,8,7,3,6,10,2,,,,,Sam Tracey,Head Coach,sam.tracey@cornerstone.edu,personal,,,records+db+v6+coach+grads,wikipedia:Cornerstone University,,,,https://cugoldeneagles.com/sports/womens-soccer/coaches
culver_stockton_college,Culver-Stockton College,womens-soccer,NAIA,Heart of America Athletic Conference,naiat2,Wildcats,1,,#00549f,#8a9297,,,,,47.29,692,0.4497,2.6,6,11,1,9,5,4,10,7,2,7,9,2,,,,,Tyler Tomlinson,Head Coach,ttomlinson@culver.edu,personal,,,records+db+v6+coach+grads,wikipedia:Culver–Stockton College,,,,https://culver.edu/directory/tyler-tomlinson/
cumberland_university,Cumberland University,womens-soccer,NAIA,Mid-South Conference,naiat1,Phoenix,0,,#84152c,,,,,,60.31,402,0.8327,1.9,13,5,1,16,2,3,12,6,2,12,5,1,,,,,Scott Davidson,Head Coach,sdavidson@cumberland.edu,personal,,,records+db+v6+coach+grads,wikipedia:Cumberland University,,,,https://gocumberlandathletics.com/sports/womens-soccer/coaches
dakota_state_university,Dakota State University,womens-soccer,NAIA,Continental Athletic Conference,naiat2,Trojans,1,,,,https://upload.wikimedia.org/wikipedia/commons/9/92/Dakota_State_University_logo.svg?utm_source=commons.wikimedia.org&utm_campaign=imageinfo&utm_content=original,gojacks.com,,,36.57,1042,0.1343,4.7,,,,,,,,,,1,14,3,,,,,Todd Stank,Head Women's Soccer Coach,todd.stank@dsu.edu,personal,,,records+db+v6+coach+grads,wikipedia:Dakota State University,,,,https://dsuathletics.com/sports/wsoc/coaches
dakota_wesleyan_university,Dakota Wesleyan University,womens-soccer,NAIA,Great Plains Athletic Conference,naiat2,Tigers,1,,#005f9d,#c2c4c6,,dwuathletics.com,,,43.22,826,0.3301,3.2,3,12,1,7,9,1,4,9,1,5,4,8,,,,,John Hakari,Head Women's Soccer Coach,John.Hakari@dwu.edu,personal,,,records+db+v6+coach+grads,wikipedia:Dakota Wesleyan University,,,,https://dwuathletics.com/information/directory/bios/John_Hakari
dalton_state_college,Dalton State College,womens-soccer,NAIA,Southern States Athletic Conference,naiat2,Roadrunners,1,,#00263a,#6a737b,https://upload.wikimedia.org/wikipedia/en/d/d1/Dalton_State_College_logo.png?utm_source=en.wikipedia.org&utm_campaign=imageinfo&utm_content=original,,,,49.52,624,0.5153,1.8,5,6,4,9,6,1,7,5,3,10,7,1,,,,,Josh Goebel,Head Coach,jgoebel@daltonstate.edu,personal,,,records+db+v6+coach+grads,wikipedia:Dalton State College,,,,https://dsroadrunners.com/sports/womens-soccer/coaches
defiance_college,Defiance College,womens-soccer,NAIA,Wolverine-Hoosier Athletic Conference,naiat2,"Yellow Jackets, Lady Jackets",1,,#7300e6,,,,,,38.63,981,0.1951,3.6,,,,,,,,,,3,14,1,,,,,Isabelle Danner,Head Coach,idanner@defiance.edu,personal,,,records+db+v6+coach+grads,wikipedia:Defiance College,,,,https://defiance.prestosports.com/sports/wsoc/coaches/danner
doane_university,Doane University,womens-soccer,NAIA,Great Plains Athletic Conference,naiat2,Tigers,1,,#ef7a1d,,https://upload.wikimedia.org/wikipedia/commons/8/88/Doane_University_logo.svg?utm_source=commons.wikimedia.org&utm_campaign=imageinfo&utm_content=original,,,,45.09,750,0.3849,5.3,8,9,2,4,8,4,7,8,4,8,9,2,,,,,Jen Kennedy-Croft,Head Coach Women's Soccer,jen.kennedycroft@doane.edu,personal,,,records+db+v6+coach+grads,wikipedia:Doane University,,,,https://web.doane.edu/directory/jen-kennedycroft
dordt_university,Dordt University,womens-soccer,NAIA,Great Plains Athletic Conference,naiat2,Defenders,1,,,,https://upload.wikimedia.org/wikipedia/commons/3/38/Dordt_University_Logo.png?utm_source=commons.wikimedia.org&utm_campaign=imageinfo&utm_content=original,godordt.com,,,53.03,533,0.6186,6.2,10,7,2,13,5,2,12,5,1,11,6,3,,,,,Payton Chitwood,Head Coach,payton.chitwood@dordt.edu,personal,,,records+db+v6+coach+grads,wikipedia:Dordt University,,,,https://godordt.com/sports/womens-soccer/coaches
eastern_oregon_university,Eastern Oregon University,womens-soccer,NAIA,Cascade Collegiate Conference,naiat2,Mountaineers,1,Monty the Mountaineer,#b68400,#002856,https://upload.wikimedia.org/wikipedia/commons/8/80/Eastern_oreg_univ_logo.png?utm_source=commons.wikimedia.org&utm_campaign=imageinfo&utm_content=original,eousports.com,,,53.52,521,0.6331,2.4,12,4,3,10,4,4,10,5,3,14,6,2,,,,,Josh Goodman,Head Women's Soccer Coach,jgoodman@eou.edu,personal,,,records+db+v6+coach+grads,wikipedia:Eastern Oregon University,,,,https://eousports.com/sports/womens-soccer/coaches
embry_riddle_aeronautical_university_prescott,Embry-Riddle Aeronautical University Prescott,womens-soccer,NAIA,Great Southwest Athletic Conference,naiat2,Eagles,1,Ernie the Eagle,,,https://upload.wikimedia.org/wikipedia/commons/9/95/Embry-Riddle_Aeronautical_University_Prescott_Logo.png?utm_source=commons.wikimedia.org&utm_campaign=imageinfo&utm_content=original,erauathletics.com,,,59.94,405,0.8217,7.0,17,2,3,13,3,3,15,3,3,20,1,3,,,,,Todd Poitras,Head Coach,poitrast@erau.edu,personal,,,records+db+v6+coach+grads,"wikipedia:Embry–Riddle Aeronautical University, Prescott",,,,https://eraueagles.com/sports/womens-soccer/coaches
evangel_university,Evangel University,womens-soccer,NAIA,Kansas Collegiate Athletic Conference,naiat2,Valor,0,,,,https://upload.wikimedia.org/wikipedia/commons/1/1a/Evangel_University_logo.svg?utm_source=commons.wikimedia.org&utm_campaign=imageinfo&utm_content=original,evangelathletics.com,,,45.30,746,0.3911,4.6,5,13,0,5,9,4,8,7,3,9,9,1,,,,,Bruce Deaton,Head Coach / Director of Soccer Operations,deatonb@evangel.edu,personal,,,records+db+v6+coach+grads,wikipedia:Evangel University,,,,https://evangelathletics.com/sports/womens-soccer/coaches
faulkner_university,Faulkner University,womens-soccer,NAIA,Southern States Athletic Conference,naiat2,Eagles,1,,#0032a0,,https://upload.wikimedia.org/wikipedia/commons/e/e2/Faulkner_univ_textlogo.png?utm_source=commons.wikimedia.org&utm_campaign=imageinfo&utm_content=original,,,,44.02,789,0.3536,2.2,10,6,2,4,8,4,5,10,3,7,10,1,,,,,Jon Ireland,Head Coach,jireland@faulkner.edu,personal,,,records+db+v6+coach+grads,wikipedia:Faulkner University,,,,https://faulknereagles.com/sports/womens-soccer/coaches
fisher_college,Fisher College,womens-soccer,NAIA,Continental Athletic Conference,naiat2,Falcons,1,Falcon,#0b233f,#a2aaac,,,,,40.51,917,0.2502,1.5,6,9,1,6,9,2,3,11,3,4,11,1,,,,,John Del Valle,Head Women's Soccer Coach,jdelvalle@fisher.edu,personal,,,records+db+v6+coach+grads,wikipedia:Fisher College,,,,https://fisher.prestosports.com/sports/wsoc/coaches
florida_college,Florida College,womens-soccer,NAIA,Continental Athletic Conference,naiat2,Falcons,1,,#df1731,,,,,,38.95,966,0.2045,5.0,7,7,1,4,8,4,0,12,1,,,,,,,,Cortney MacKay,Head Coach,mackayc@floridacollege.edu,personal,,,records+db+v6+coach+grads,wikipedia:Florida College,,,,https://floridacollege.prestosports.com/information/directory/Cortney_MacKay
florida_memorial_university,Florida Memorial University,womens-soccer,NAIA,Sun Conference,naiat1,Lions,1,,#1c3b7e,#f4881b,,fmuathletics.com,,,47.43,688,0.4540,1.9,,,,4,11,3,8,7,2,5,6,4,,,,,Marc Lue Young,Head Women's Soccer Coach,marc.lueyoung@fmu.edu,personal,,,records+db+v6+coach+grads,wikipedia:Florida Memorial University,,,,https://fmuathletics.com/sports/womens-soccer/coaches
florida_national_university,Florida National University,womens-soccer,NAIA,Continental Athletic Conference,naiat2,Conquistadors,1,,#b20738,#fddd70,,,,,39.94,937,0.2336,1.3,5,6,1,0,9,2,4,7,2,3,8,1,,,,,Jaques Calderon Isdra,Women's Soccer Head Coach,jcalderoni@fnu.edu,personal,,,records+db+v6+coach+grads,wikipedia:Florida National University,,,,https://fnusports.com/sports/womens-soccer/coaches
freed_hardeman_university,Freed-Hardeman University,womens-soccer,NAIA,Mid-South Conference,naiat1,Lions,1,,#6f2d3d,#ffd700,,gofhulions.com,,,35.97,1056,0.1168,5.3,5,11,2,,,,,,,0,15,1,,,,,Lindsay Parson,Head Coach,lparson@fhu.edu,personal,,,records+db+v6+coach+grads,wikipedia:Freed–Hardeman University,,,,https://gofhulions.com/sports/womens-soccer/coaches
friends_university,Friends University,womens-soccer,NAIA,Kansas Collegiate Athletic Conference,naiat2,Falcons,1,Freddy Falcon,,,https://upload.wikimedia.org/wikipedia/commons/2/27/Friends_univ_textlogo.png?utm_source=commons.wikimedia.org&utm_campaign=imageinfo&utm_content=original,friendsathletics.com,,,54.20,511,0.6531,2.5,10,6,3,13,5,4,14,6,2,14,4,4,,,,,Brent Hobson,Head Coach,hobson@friends.edu,personal,,,records+db+v6+coach+grads,wikipedia:Friends University,,,,https://friendsathletics.com/sports/womens-soccer/coaches
georgetown_college,Georgetown College,womens-soccer,NAIA,Mid-South Conference,naiat1,Tigers,1,,#ff6600,,https://upload.wikimedia.org/wikipedia/commons/d/d8/Georgetown_college_ky_logo.png?utm_source=commons.wikimedia.org&utm_campaign=imageinfo&utm_content=original,,,,47.12,697,0.4446,3.5,5,10,2,6,8,3,6,6,5,6,9,1,,,,,Leah Crews Castleman,Head Coach,leah_castleman@georgetowncollege.edu,personal,,,records+db+v6+coach+grads,wikipedia:Georgetown College,,,,https://georgetowncollegeathletics.com/sports/wsoc/coaches/index
georgia_gwinnett_college,Georgia Gwinnett College,womens-soccer,NAIA,Continental Athletic Conference,naiat2,Grizzlies,1,"""General""",#006952,#a5acb0,https://upload.wikimedia.org/wikipedia/en/e/e3/Georgia_Gwinnett_College_logo.png?utm_source=en.wikipedia.org&utm_campaign=imageinfo&utm_content=original,,1,CAC,47.54,680,0.4570,2.2,5,8,7,6,13,1,12,7,2,10,6,5,,,,,Dr. Mike Giuliano,Head Coach,mgiuliano1@ggc.edu,personal,,,records+db+v6+coach+grads,wikipedia:Georgia Gwinnett College,,agent-research:2025-womens-soccer,"beat Bellevue 4-2 in the 2025 CAC final, 3rd straight/8th overall title",https://ggcathletics.com/sports/womens-soccer/coaches
goshen_college,Goshen College,womens-soccer,NAIA,Crossroads League,naiat1,Maple Leafs,1,Black squirrel (Dash),#49176d,,,goleafs.net,,,39.55,946,0.2222,4.3,5,12,1,6,9,3,1,10,6,1,11,4,,,,,Justin Crew,Head Coach,jcrew@goshen.edu,personal,,,records+db+v6+coach+grads,wikipedia:Goshen College,,,,https://goleafs.net/sports/womens-soccer/coaches
governors_state_university,Governors State University,womens-soccer,NAIA,Chicagoland Collegiate Athletic Conference,naiat2,Jaguars,1,Jax the Jaguar,#e97726,#231f20,,,,,38.37,985,0.1874,2.9,2,11,1,,,,4,13,1,3,9,2,,,,,"Alberto ""Kiko"" Magana",Head Women's Soccer Coach,amagana7@govst.edu,personal,,,records+db+v6+coach+grads,wikipedia:Governors State University,,,,https://gsujaguars.com/sports/wsoc/coaches/index
grace_college,Grace College,womens-soccer,NAIA,Crossroads League,naiat1,Lancers,1,,#a6101b,,,gclancers.com,1,Crossroads League,58.59,430,0.7820,4.9,17,5,2,4,11,2,13,4,2,16,2,5,,,,,Michael Voss,Head Women's Soccer Coach,vossmd@grace.edu,personal,,,records+db+v6+coach+grads,wikipedia:Grace College & Seminary,,agent-research:2025-womens-soccer,beat Marian to win the 2025 Crossroads League tournament,https://gclancers.com/sports/womens-soccer/coaches
graceland_university,Graceland University,womens-soccer,NAIA,Heart of America Athletic Conference,naiat2,Yellowjackets,1,Sting,,,https://upload.wikimedia.org/wikipedia/commons/2/23/Graceland_University_wordmark.svg?utm_source=commons.wikimedia.org&utm_campaign=imageinfo&utm_content=original,,,,41.11,888,0.2678,4.8,1,14,1,2,14,2,6,9,3,7,7,4,,,,,Randall Porter,Head Coach,rporter1@graceland.edu,personal,,,records+db+v6+coach+grads,wikipedia:Graceland University,,,,https://gujackets.com/sports/wsoc/coaches/index
grand_view_university,Grand View University,womens-soccer,NAIA,Heart of America Athletic Conference,naiat2,Vikings,1,Viktor the Viking,#d21b36,,,gvvikings.com,,,39.23,954,0.2127,3.2,7,8,3,5,7,4,1,10,3,1,8,5,,,,,Ventsi Stoimirov,Head Coach,vstoimirov@grandview.edu,personal,,,records+db+v6+coach+grads,wikipedia:Grand View University,,,,https://gvvikings.com/sports/womens-soccer/coaches
hannibal_lagrange_university,Hannibal-LaGrange University,womens-soccer,NAIA,American Midwest Conference,naiat2,Trojans,1,Trojan,,,,hlgtrojans.com,,,41.26,884,0.2723,2.8,,,,,,,,,,4,11,0,,,,,Lucas Almeida,Head Coach,lucas.almeida@hlg.edu,personal,,,records+db+v6+coach+grads,wikipedia:Hannibal–LaGrange University,,,,https://hlgtrojans.com/sports/womens-soccer/coaches
harris_stowe_state_university,Harris-Stowe State University,womens-soccer,NAIA,American Midwest Conference,naiat2,Hornets,1,,,,https://upload.wikimedia.org/wikipedia/commons/3/36/Harris%E2%80%93Stowe_State_University_logo.png?utm_source=commons.wikimedia.org&utm_campaign=imageinfo&utm_content=original,,,,50.51,602,0.5444,3.5,13,5,1,13,5,1,8,6,2,7,7,5,,,,,Jason Norsic,Women's Soccer Head Coach,norsicj@hssu.edu,personal,,,records+db+v6+coach+grads,wikipedia:Harris–Stowe State University,,,,https://hornetsathletics.com/sports/womens-soccer/coaches
hastings_college,Hastings College,womens-soccer,NAIA,Great Plains Athletic Conference,naiat2,Broncos,1,,,,,hastingsbroncos.com,1,GPAC,57.94,446,0.7631,6.2,15,3,3,16,3,3,15,1,6,16,4,3,,,,,Jade Ovendale,Head Coach,jade.ovendale@hastings.edu,personal,,,records+db+v6+coach+grads,wikipedia:Hastings College,,agent-research:2025-womens-soccer,2025 GPAC postseason tournament champion,http://web.archive.org/web/20241126035307/https://hastingsbroncos.com/sports/wsoc/coaches/index
hesston_college,Hesston College,womens-soccer,NAIA,Continental Athletic Conference,naiat2,Larks,1,,#862633,#F2A900,https://upload.wikimedia.org/wikipedia/commons/d/d2/Hesston_College_Nameplate.png?utm_source=commons.wikimedia.org&utm_campaign=imageinfo&utm_content=original,,,,41.63,879,0.2833,5.8,,,,5,10,1,4,10,1,5,9,1,,,,,Jordan Maska,Head Women's Soccer Coach,jordan.maska@hesston.edu,personal,,,records+db+v6+coach+grads,wikipedia:Hesston College,,,,https://hclarks.com/staff.aspx?path=wsoc
holy_cross_college,Holy Cross College,womens-soccer,NAIA,Chicagoland Collegiate Athletic Conference,naiat2,Crusaders,1,,,,https://upload.wikimedia.org/wikipedia/en/f/f9/College_of_the_Holy_Cross_logo.svg?utm_source=en.wikipedia.org&utm_campaign=imageinfo&utm_content=original,,,,46.49,712,0.4263,4.8,6,6,7,5,11,1,8,8,4,10,7,3,,,,,Duma Magagula,Head Coach,bmagagula@hcc-nd.edu,personal,,,records+db+v6+coach+grads,wikipedia:College of the Holy Cross,,,,https://hcsaints.com/sports/wsoc/coaches
hope_international_university,Hope International University,womens-soccer,NAIA,Great Southwest Athletic Conference,naiat2,Royals,1,Royals,#283794,#d1d2d4,,athletics.hope.edu,,,53.91,515,0.6444,2.1,9,7,2,17,4,2,14,4,2,10,7,2,,,,,Jessica Correll,Head Coach,jcorrell@hiu.edu,personal,,,records+db+v6+coach+grads,athletics-domain:hiuroyals.com,"nickname recovered from the school's own athletics hostname; its Wikipedia article states none. Confirmed by that site's title (""Hope International University - Official Athletics Website"").",,,https://hiuroyals.com/sports/womens-soccer/coaches
huntington_university,Huntington University,womens-soccer,NAIA,Crossroads League,naiat1,Foresters,1,,#005244,,,cornerstone.sidearmsports.com,,,43.61,808,0.3416,4.6,2,14,2,6,11,1,5,7,5,,,,,,,,Keaton Albert,Head Coach,kalbert@huntington.edu,personal,,,records+db+v6+coach+grads,wikipedia:Huntington University (United States),,,,https://huathletics.com/sports/wsoc/coaches
huston_tillotson_university,Huston-Tillotson University,womens-soccer,NAIA,HBCU Athletic Conference,naiat2,Rams,1,,#762b27,#ffcb05,https://upload.wikimedia.org/wikipedia/en/d/d3/Huston-Tillotson_University_logo.png?utm_source=en.wikipedia.org&utm_campaign=imageinfo&utm_content=original,,,,43.01,837,0.3237,2.1,4,8,3,,,,3,11,1,7,7,1,,,,,Oriol Gimeno,Head Coach,ogimeno-hernandez@htu.edu,personal,,,records+db+v6+coach+grads,wikipedia:Huston–Tillotson University,,,,https://htramsathletics.com/sports/womens-soccer/coaches
indiana_institute_of_technology,Indiana Institute of Technology,womens-soccer,NAIA,Wolverine-Hoosier Athletic Conference,naiat2,Warriors,1,Maximus the Warrior,#fa4616,,,indianatechwarriors.com,,,40.20,928,0.2411,3.7,4,10,3,5,11,2,6,10,3,3,11,1,,,,,Andrea Gorton,Head Coach,AMGorton@indianatech.edu,personal,,,records+db+v6+coach+grads,wikipedia:Indiana Institute of Technology,,,,https://indianatechwarriors.com/sports/womens-soccer/coaches
indiana_university_columbus,Indiana University Columbus,womens-soccer,NAIA,River States Conference,naiat2,Crimson Pride,0,Lion,#eceaea,#980000,,,,,38.30,987,0.1853,5.4,,,,2,12,0,2,12,1,5,10,2,,,,,Kevin Nolan,Director of Soccer,kevnola@iu.edu,personal,,,records+db+v6+coach+grads,wikipedia:Indiana University Columbus,,,,https://iuccrimsonpride.com/sports/womens-soccer/coaches
indiana_university_east,Indiana University East,womens-soccer,NAIA,River States Conference,naiat2,Red Wolves,1,,#eceaea,#980000,,,,,47.44,687,0.4540,2.1,7,5,8,5,7,6,7,9,4,11,6,3,,,,,Dylan Whitehead,Head Coach,whitehd@iu.edu,personal,,,records+db+v6+coach+grads,wikipedia:Indiana University East,,,,https://iueredwolves.com/sports/wsoc/coaches
indiana_university_kokomo,Indiana University Kokomo,womens-soccer,NAIA,River States Conference,naiat2,Cougars,1,,#eceaea,#980000,https://upload.wikimedia.org/wikipedia/commons/7/7b/Indiana_University_Kokomo_logo.png?utm_source=commons.wikimedia.org&utm_campaign=imageinfo&utm_content=original,,,,50.98,592,0.5582,2.4,14,3,3,13,4,5,6,9,4,10,5,4,,,,,Sohaila Akhavein,Head Coach,soakhave@iu.edu,personal,,,records+db+v6+coach+grads,wikipedia:Indiana University Kokomo,,,,https://iukcougars.com/sports/wsoc/coaches
indiana_university_northwest,Indiana University Northwest,womens-soccer,NAIA,Chicagoland Collegiate Athletic Conference,naiat2,RedHawks,1,Rufus the RedHawk,#eceaea,#980000,,nueagles.com,,,43.86,795,0.3487,2.3,5,10,2,3,9,5,8,8,2,5,5,9,,,,,Jamie McNicholas,Head Women's Soccer Coach,jmcnich@iu.edu,personal,,,records+db+v6+coach+grads,wikipedia:Indiana University Northwest,,,,https://iunredhawks.com/sports/womens-soccer/coaches
indiana_university_south_bend,Indiana University South Bend,womens-soccer,NAIA,Chicagoland Collegiate Athletic Conference,naiat2,Titans,1,Titus,#eceaea,#980000,,,,,36.53,1043,0.1331,2.5,1,17,0,3,13,1,3,14,1,4,11,3,,,,,Bobby Barnes,Head Coach,bobarnes@iu.edu,personal,,,records+db+v6+coach+grads,wikipedia:Indiana University South Bend,,,,https://iusbtitans.com/sports/wsoc/coaches
indiana_wesleyan_university,Indiana Wesleyan University,womens-soccer,NAIA,Crossroads League,naiat1,Wildcats,1,Wesley the Wildcat,#d21437,#666666,https://upload.wikimedia.org/wikipedia/commons/5/53/Masterlogo.png?utm_source=commons.wikimedia.org&utm_campaign=imageinfo&utm_content=original,,,,61.96,371,0.8813,5.6,14,4,2,15,3,4,14,5,2,15,4,1,,,,,Hannah Shay,Head Coach,hannah.shay@indwes.edu,personal,,,records+db+v6+coach+grads,wikipedia:Indiana Wesleyan University,,,,https://iwuwildcats.com/sports/womens-soccer/coaches
jarvis_christian_university,Jarvis Christian University,womens-soccer,NAIA,Red River Athletic Conference,naiat2,Bulldogs,1,,#0033ab,#face48,,,,,38.06,995,0.1781,1.7,5,11,1,3,11,2,5,10,1,2,13,1,,,,,Carlos Martinez,Head Women's Soccer Coach,cmartinez@jarvis.edu,inferred,,,records+db+v6+coach+grads,wikipedia:Jarvis Christian University,,,,pattern_inference:high
john_brown_university,John Brown University,womens-soccer,NAIA,Sooner Athletic Conference,naiat2,Golden Eagles,1,,#174d83,#f8c925,,,1,Sooner,57.43,453,0.7480,6.4,,,,18,3,1,16,6,1,15,3,4,,,,,Nathan Lowery,Head Coach,nlowery@jbu.edu,personal,,,records+db+v6+coach+grads,wikipedia:John Brown University,,agent-research:2025-womens-soccer,"beat Science & Arts (Okla.) 3-1 on Nov 12, 6th consecutive SAC tournament title",https://jbuathletics.com/sports/womens-soccer/coaches
johnson_university,Johnson University,womens-soccer,NAIA,Appalachian Athletic Conference,naiat2,Royals,1,,,,,,,,44.11,784,0.3562,4.6,5,11,2,5,8,3,8,3,6,5,11,1,,,,,Todd Halliburton,Head Coach - Women's Soccer,thalliburton@johnsonu.edu,personal,,,records+db+v6+coach+grads,wikipedia:Johnson University,,,,https://johnsonroyals.com/sports/wsoc/coaches/Todd_Halliburton
judson_university,Judson University,womens-soccer,NAIA,Chicagoland Collegiate Athletic Conference,naiat2,Eagles,1,Eagle,#192851,#b3934a,,,,,44.76,764,0.3752,2.9,11,10,1,6,7,4,6,6,10,5,9,2,,,,,Diego Cevallos,Head Coach,dcevallos@judsonu.edu,personal,,,records+db+v6+coach+grads,wikipedia:Judson University,,,,https://judsoneagles.com/sports/wsoc/coaches/Diego_Cevallos
kansas_wesleyan_university,Kansas Wesleyan University,womens-soccer,NAIA,Kansas Collegiate Athletic Conference,naiat2,Coyotes,1,,,,https://upload.wikimedia.org/wikipedia/en/5/54/Kansas_Wesleyan_University_logo.svg?utm_source=en.wikipedia.org&utm_campaign=imageinfo&utm_content=original,,,,51.62,573,0.5771,3.9,11,8,1,10,8,2,11,7,1,12,5,3,,,,,Michael McIntyre,Head Women's Soccer Coach,michael.mcintyre@kwu.edu,personal,,,records+db+v6+coach+grads,wikipedia:Kansas Wesleyan University,,,,https://kwucoyotes.com/sports/womens-soccer/coaches
keiser_university,Keiser University,womens-soccer,NAIA,Sun Conference,naiat1,Seahawks,1,The Keiser Seahawk,#0b295e,#017bc4,https://upload.wikimedia.org/wikipedia/commons/3/31/Keiser_univ_textlogo.png?utm_source=commons.wikimedia.org&utm_campaign=imageinfo&utm_content=original,,,,65.29,310,0.9790,3.8,22,1,1,13,7,2,18,2,1,19,3,2,,,final,champion,Alex Adams,Head Women's Soccer Coach,alex.adams@keiseruniversity.edu,personal,,,records+db+v6+coach+grads,wikipedia:Keiser University,,,,https://kuseahawks.com/sports/womens-soccer/coaches
kentucky_christian_university,Kentucky Christian University,womens-soccer,NAIA,River States Conference,naiat2,,,Knights and Lady Knights,#de002c,,,kcuknights.com,,,34.32,1092,0.0684,2.4,,,,0,15,0,3,15,0,,,,,,,,Joshua Miller,Head Coach,joshuamiller@kcu.edu,personal,,,records+db+v6+coach+grads,wikipedia:Kentucky Christian University,,,,https://web.archive.org/web/20241105013314/https://www.kcuknights.com/information/directory/bios/Joshua_Miller
lsu_alexandria,LSU Alexandria,womens-soccer,NAIA,Red River Athletic Conference,naiat2,Generals,1,,#3f1a6f,#fdd023,https://upload.wikimedia.org/wikipedia/commons/9/99/Lsu_alexandria_primary_logo.png?utm_source=commons.wikimedia.org&utm_campaign=imageinfo&utm_content=original,,,,53.09,529,0.6202,1.8,11,6,1,16,6,0,12,5,3,11,8,1,,,,,Mark Hammond,Head Coach,mhammond@lsua.edu,personal,,,records+db+v6+coach+grads,wikipedia:Louisiana State University of Alexandria,,,,https://lsuagenerals.com/sports/womens-soccer/coaches
lsu_shreveport,LSU Shreveport,womens-soccer,NAIA,Red River Athletic Conference,naiat2,Pilots,1,"Rev, the River Monster",#461d7c,#fdd023,https://upload.wikimedia.org/wikipedia/commons/f/f0/LSUShreveport_logo.png?utm_source=commons.wikimedia.org&utm_campaign=imageinfo&utm_content=original,,,,54.39,503,0.6586,2.8,9,5,3,13,4,3,15,5,1,12,7,0,,,,,,,,,,,records+db+v6+grads,wikipedia:Louisiana State University Shreveport,,,,
la_sierra_university,La Sierra University,womens-soccer,NAIA,Great Southwest Athletic Conference,naiat2,Golden Eagles,1,Golden Eagle,#00355f,#ead666,https://upload.wikimedia.org/wikipedia/en/5/50/La_Sierra_University_logo.svg?utm_source=en.wikipedia.org&utm_campaign=imageinfo&utm_content=original,lsugoldeneagles.com,,,43.39,816,0.3349,5.9,6,7,2,4,9,1,4,7,4,6,8,3,,,,,Carlos Trevino,Head Coach,jtrevino@lasierra.edu,personal,,,records+db+v6+coach+grads,wikipedia:La Sierra University,,,,https://lsugoldeneagles.com/sports/womens-soccer/coaches
lawrence_technological_university,Lawrence Technological University,womens-soccer,NAIA,Wolverine-Hoosier Athletic Conference,naiat2,Blue Devils,1,"Blue, the Blue Devil",#005fb8,,https://upload.wikimedia.org/wikipedia/commons/4/41/Logo_of_Lawrence_Technological_University.svg?utm_source=commons.wikimedia.org&utm_campaign=imageinfo&utm_content=original,ltuathletics.com,,,45.55,735,0.3984,5.0,6,5,6,11,5,4,5,9,4,5,8,4,,,,,Andy Richards,Head Coach,arichards@ltu.edu,personal,,,records+db+v6+coach+grads,wikipedia:Lawrence Technological University,,,,https://ltuathletics.com/sports/womens-soccer/coaches
life_pacific_university,Life Pacific University,womens-soccer,NAIA,Great Southwest Athletic Conference,naiat2,Warriors,1,,#001a49,#ffce31,https://upload.wikimedia.org/wikipedia/en/0/07/Life_Pacific_University_%28logo%29.svg?utm_source=en.wikipedia.org&utm_campaign=imageinfo&utm_content=original,,,,41.83,875,0.2891,1.8,,,,,,,1,16,1,9,8,1,,,,,Shane Shelton,Head Coach,sshelton@lifepacific.edu,personal,,,records+db+v6+coach+grads,wikipedia:Life Pacific University,,,,https://www.lpuwarriors.com/sports/wsoc/coaches
life_university,Life University,womens-soccer,NAIA,Southern States Athletic Conference,naiat2,Running Eagles,1,,#164732,#97c93c,https://upload.wikimedia.org/wikipedia/commons/f/fc/Life_university_logo.png?utm_source=commons.wikimedia.org&utm_campaign=imageinfo&utm_content=original,,,,57.15,458,0.7398,1.9,8,6,2,15,5,2,14,5,1,18,3,1,,,,,Meg McGonigle,Head Coach,meg.goddard@life.edu,personal,,,records+db+v6+coach+grads,wikipedia:Life University,,,,https://liferunningeagles.com/sports/womens-soccer/coaches
lindsey_wilson_university,Lindsey Wilson University,womens-soccer,NAIA,Mid-South Conference,naiat1,Blue Raiders,1,Blue Raider Bob,#0050a3,,,,,,48.48,657,0.4847,2.6,7,6,4,4,11,1,3,8,3,10,6,2,,,,,Drew Burwash,Head Coach,burwashd@lindsey.edu,personal,,,records+db+v6+coach+grads,wikipedia:Lindsey Wilson University,,,,https://lindseyathletics.com/sports/womens-soccer/coaches
louisiana_christian_university,Louisiana Christian University,womens-soccer,NAIA,Red River Athletic Conference,naiat2,Wildcats,1,,#fa8a5c,#0038a8,https://upload.wikimedia.org/wikipedia/commons/1/1e/Louisiana_christian_univ_wordmark.png?utm_source=commons.wikimedia.org&utm_campaign=imageinfo&utm_content=original,,,,53.03,532,0.6186,3.6,8,5,2,10,5,2,13,5,2,,,,,,,,AJ Ostrowski,Head Women's Soccer Coach,allen.ostrowski@lcuniversity.edu,personal,,,records+db+v6+coach+grads,wikipedia:Louisiana Christian University,,,,https://lcwildcats.net/sports/womens-soccer/coaches
lourdes_university,Lourdes University,womens-soccer,NAIA,Wolverine-Hoosier Athletic Conference,naiat2,,,Gray Wolves,#B94700,#000000,https://upload.wikimedia.org/wikipedia/commons/c/c5/Lourdes_univ_ohio_logo.png?utm_source=commons.wikimedia.org&utm_campaign=imageinfo&utm_content=original,,,,53.50,523,0.6322,4.0,9,5,4,6,9,2,13,4,1,12,3,1,,,,,Jackie Phillips,Head Coach,jphillips2@lourdes.edu,personal,,,records+db+v6+coach+grads,wikipedia:Lourdes University,,,,https://lourdesathletics.com/sports/womens-soccer/coaches
madonna_university,Madonna University,womens-soccer,NAIA,Wolverine-Hoosier Athletic Conference,naiat2,Crusaders,1,Cruzer the Crusader,#0067b1,#ffe412,,,,,46.99,704,0.4408,3.4,15,6,1,9,8,2,6,10,3,7,8,4,,,,,Scott Duhl,Head Coach,sduhl@madonna.edu,personal,,,records+db+v6+coach+grads,wikipedia:Madonna University,,,,https://mucrusaders.com/sports/womens-soccer/coaches
marian_university_in,Marian University (IN),womens-soccer,NAIA,Crossroads League,naiat1,Knights,1,Knightro,#001c44,#fdb813,https://upload.wikimedia.org/wikipedia/commons/7/75/Marian_University_Logo.png?utm_source=commons.wikimedia.org&utm_campaign=imageinfo&utm_content=original,,,,66.00,287,1.0000,5.6,21,1,2,13,4,3,17,4,2,20,1,2,final,,,,Justin Sullivan,Head Coach,jsullivan@marian.edu,personal,,,records+db+v6+coach+grads,wikipedia:Marian University (Indiana),,,,https://muknights.com/sports/womens-soccer/coaches
mcpherson_college,McPherson College,womens-soccer,NAIA,Kansas Collegiate Athletic Conference,naiat2,Bulldogs,1,Ben the Bulldog,,,https://upload.wikimedia.org/wikipedia/commons/0/0e/McPherson_College_logo.png?utm_source=commons.wikimedia.org&utm_campaign=imageinfo&utm_content=original,,,,39.63,944,0.2243,3.6,3,11,2,,,,2,14,2,6,9,3,,,,,Ian Thomson,Head Coach,thomsoni@mcpherson.edu,personal,,,records+db+v6+coach+grads,wikipedia:McPherson College,,,,https://macbulldogs.com/sports/womens-soccer/coaches
mid_america_christian_university,Mid-America Christian University,womens-soccer,NAIA,Sooner Athletic Conference,naiat2,Evangels,1,Evangel,,,,,,,54.36,505,0.6578,2.4,6,10,2,16,3,2,14,4,2,12,5,3,,,,,Anthony Yousey,Head Coach,anthony.yousey@macu.edu,personal,,,records+db+v6+coach+grads,wikipedia:Mid-America Christian University,,,,https://macuathletics.com/sports/womens-soccer/coaches
midamerica_nazarene_university,MidAmerica Nazarene University,womens-soccer,NAIA,Heart of America Athletic Conference,naiat2,Pioneers,1,Pioneer,#D11242,#002D6A,https://upload.wikimedia.org/wikipedia/commons/1/1d/MNU_Logo_Full_Title_Hz.png?utm_source=commons.wikimedia.org&utm_campaign=imageinfo&utm_content=original,mnusports.com,,,55.64,483,0.6953,2.5,15,5,0,10,6,2,15,5,2,14,4,2,,,,,Jose Ramos,Head Coach,jhramos@mnu.edu,personal,,,records+db+v6+coach+grads,wikipedia:MidAmerica Nazarene University,,,,https://mnusports.com/sports/womens-soccer/coaches
midland_university,Midland University,womens-soccer,NAIA,Great Plains Athletic Conference,naiat2,Warriors,1,,#0e2240,#ee7421,https://upload.wikimedia.org/wikipedia/commons/3/30/Midland_University_logo_alt.png?utm_source=commons.wikimedia.org&utm_campaign=imageinfo&utm_content=original,midlandathletics.com,,,44.31,777,0.3619,3.1,10,6,4,13,5,4,4,5,3,2,14,1,,,,,Keri Cordell,Head Coach,heedum@midlandu.edu,personal,,,records+db+v6+coach+grads,wikipedia:Midland University,,,,https://midlandathletics.com/sports/wsoc/coaches
midway_university,Midway University,womens-soccer,NAIA,River States Conference,naiat2,Eagles,1,Eagle,#1d4f91,#ffd24f,,gomidwayeagles.com,,,43.78,799,0.3463,2.8,3,8,4,7,6,1,7,9,2,5,10,1,,,,,Bryce Brockman,Head Coach,bbrockman@midway.edu,personal,,,records+db+v6+coach+grads,wikipedia:Midway University,,,,https://gomidwayeagles.com/sports/womens-soccer/coaches
milligan_university,Milligan University,womens-soccer,NAIA,Appalachian Athletic Conference,naiat2,Buffaloes,1,,,,https://upload.wikimedia.org/wikipedia/commons/1/10/Milligan_University.png?utm_source=commons.wikimedia.org&utm_campaign=imageinfo&utm_content=original,,,,49.68,617,0.5200,5.4,5,9,4,10,9,1,10,7,2,11,5,3,,,,,John Newbery,Head Coach,,,,,records+db+v6+coach+grads,wikipedia:Milligan University,,,,https://milliganbuffs.com/sports/womens-soccer/coaches
missouri_baptist_university,Missouri Baptist University,womens-soccer,NAIA,Heart of America Athletic Conference,naiat2,Spartans,1,,#002144,,,,,,45.36,740,0.3929,2.3,12,5,2,7,10,1,9,9,1,5,11,3,,,,,Deno Merrick,Head Women's Soccer Coach,Deno.Merrick@mobap.edu,personal,,,records+db+v6+coach+grads,wikipedia:Missouri Baptist University,,,,https://mbuspartans.com/sports/womens-soccer/coaches
missouri_valley_college,Missouri Valley College,womens-soccer,NAIA,Heart of America Athletic Conference,naiat2,Vikings,1,,#6e1b70,#f09330,https://upload.wikimedia.org/wikipedia/en/3/39/MO_Valley_College_wordmark.png?utm_source=en.wikipedia.org&utm_campaign=imageinfo&utm_content=original,,1,Heart,58.61,428,0.7826,1.5,15,3,3,15,4,3,15,5,1,18,1,4,,,,,Drew Hawkins,Head Coach,hawkinsd@moval.edu,personal,,,records+db+v6+coach+grads,wikipedia:Missouri Valley University,,agent-research:2025-womens-soccer,beat Central Methodist 2-0 to win the 2025 Heart tournament,https://valleywillroll.com/sports/wsoc/coaches/Drew_Hawkins
montreat_college,Montreat College,womens-soccer,NAIA,Appalachian Athletic Conference,naiat2,Cavaliers,1,Calvin the Cavalier,,,https://upload.wikimedia.org/wikipedia/commons/2/29/Montreat_Logo_Full_Color.svg?utm_source=commons.wikimedia.org&utm_campaign=imageinfo&utm_content=original,,,,48.82,645,0.4947,2.7,8,5,3,11,6,0,3,3,1,8,9,1,,,,,Kristin Eggert,Head Coach,kristin.eggert@montreat.edu,personal,,,records+db+v6+coach+grads,wikipedia:Montreat College,,,,https://montreatcavaliers.com/sports/womens-soccer/coaches
morningside_university,Morningside University,womens-soccer,NAIA,Great Plains Athletic Conference,naiat2,Mustangs,1,Monte the Mustang,#7e262c,,,msidemustangs.com,,,52.34,556,0.5982,4.5,8,7,3,11,5,2,8,6,4,11,1,6,,,,,Tom Maxon,Head Coach,maxon@morningside.edu,personal,,,records+db+v6+coach+grads,wikipedia:Morningside University,,,,https://msidemustangs.com/sports/wsoc/coaches/Tom-Maxon
mount_marty_university,Mount Marty University,womens-soccer,NAIA,Great Plains Athletic Conference,naiat2,Lancers,1,Benedict The Lancer,#091f40,#fdb71a,,,,,41.90,873,0.2910,3.6,1,13,2,,,,4,12,1,8,8,3,,,,,Joe Chicks,Head Women's Soccer Coach,joseph.chicks@mountmarty.edu,personal,,,records+db+v6+coach+grads,wikipedia:Mount Marty University,,,,https://mountmartyathletics.com/sports/womens-soccer/coaches
mount_mary_university,Mount Mary University,womens-soccer,NAIA,Chicagoland Collegiate Athletic Conference,naiat2,Blue Angels,1,,#003f72,#ffffff,https://upload.wikimedia.org/wikipedia/en/4/4e/Mount_Mary_University_logo.png?utm_source=en.wikipedia.org&utm_campaign=imageinfo&utm_content=original,,,,32.74,1124,0.0218,2.7,,,,,,,1,13,2,0,15,0,,,,,Mike Da Silva,Head Soccer Coach,dasilvam@mtmary.edu,personal,,,records+db+v6+coach+grads,wikipedia:Mount Mary University,,,,https://mtmaryathletics.com/sports/wsoc/coaches/Mike_Da_Silva
mount_mercy_university,Mount Mercy University,womens-soccer,NAIA,Heart of America Athletic Conference,naiat2,Mustangs,1,Mustang Sally,#0a3255,#fed105,,mountmercymustangs.com,,,40.85,903,0.2604,5.0,4,10,1,3,11,2,2,9,5,7,9,2,,,,,Hannah Clark,Head Coach,hclark@mtmercy.edu,personal,,,records+db+v6+coach+grads,wikipedia:Mount Mercy University,,,,https://mountmercymustangs.com/sports/wsoc/coaches
mount_vernon_nazarene_university,Mount Vernon Nazarene University,womens-soccer,NAIA,Crossroads League,naiat1,Cougars,1,Casey the Cougar,#006940,#00457a,https://upload.wikimedia.org/wikipedia/en/b/b6/Mvnulogo.png?utm_source=en.wikipedia.org&utm_campaign=imageinfo&utm_content=original,goleafs.net,,,49.29,627,0.5084,5.0,6,10,3,8,7,3,6,7,4,8,8,2,,,,,Sarah Maracani,Head Coach,sarah.maracani@mvnu.edu,personal,,,records+db+v6+coach+grads,wikipedia:Mount Vernon Nazarene University,,,,https://mvnucougars.com/sports/wsoc/coaches/Sarah_Maracani
nelson_university,Nelson University,womens-soccer,NAIA,Sooner Athletic Conference,naiat2,Lions,1,Judah the Lion,#502d7f,#fdbb30,,,,,47.30,691,0.4501,1.9,4,12,2,12,8,1,10,9,0,8,8,3,,,,,Cesar España,Director of Men's and Women's Soccer,cespana@nelson.edu,personal,,,records+db+v6+coach+grads,wikipedia:Nelson University,,,,https://nelsonlions.com/staff-directory
new_college_of_florida,New College of Florida,womens-soccer,NAIA,Sun Conference,naiat1,Mighty Banyans,1,The Mighty Banyan (since 2023),,,,,,,41.01,893,0.2649,6.3,,,,4,8,2,4,7,1,2,13,1,,,,,Serge Lipovetsky,Head Women's Soccer Coach,slipovetsky@ncf.edu,personal,,,records+db+v6+coach+grads,wikipedia:New College of Florida,,,,https://gomightybanyans.com/sports/womens-soccer/coaches
north_american_university,North American University,womens-soccer,NAIA,Red River Athletic Conference,naiat2,Stallions,1,Stallion,#002d74,#d9d8d6,,,,,34.41,1090,0.0708,1.6,0,5,1,,,,3,14,2,1,16,1,,,,,Dane Smith,Head Coach,dsmith@na.edu,personal,,,records+db+v6+coach+grads,wikipedia:North American University,,,,https://stallions.na.edu/sports/womens-soccer/coaches
northwest_university,Northwest University,womens-soccer,NAIA,Cascade Collegiate Conference,naiat2,Eagles,1,,#003358,#fcbf49,https://upload.wikimedia.org/wikipedia/commons/2/29/Purdue_nw_univ_logo.png?utm_source=commons.wikimedia.org&utm_campaign=imageinfo&utm_content=original,nueagles.com,,,50.89,594,0.5556,5.5,17,2,2,11,7,3,5,4,5,9,7,3,,,,,April VanAssche,Head Coach,april.vanassche@northwestu.edu,personal,,,records+db+v6+coach+grads,"wikipedia:Northwest University (Kirkland, Washington)","corrected: had been matched to a different institution of a similar name; the school's own athletics domain implies ""Eagles""",,,https://nueagles.com/sports/womens-soccer/coaches
northwestern_college_iowa,Northwestern College (Iowa),womens-soccer,NAIA,Great Plains Athletic Conference,naiat2,Red Raiders,1,,,,https://upload.wikimedia.org/wikipedia/commons/7/73/Northwestern_college_iowa_logo.png?utm_source=commons.wikimedia.org&utm_campaign=imageinfo&utm_content=original,,,,42.53,855,0.3096,5.8,6,11,1,6,10,1,4,13,1,7,8,2,,,,,Vitor Pereira,Head Coach,vitor.pereira@nwciowa.edu,personal,,,records+db+v6+coach+grads,wikipedia:Northwestern College (Iowa),,,,https://nwcraiders.com/sports/womens-soccer/coaches
oakland_city_university,Oakland City University,womens-soccer,NAIA,River States Conference,naiat2,Mighty Oaks,1,Oakie,#6baddf,#063479,,,1,RSC,56.65,466,0.7251,4.4,10,6,4,,,,15,5,0,16,3,2,,,,,Jamie Bladen,Head Coach,jbladen@oak.edu,personal,,,records+db+v6+coach+grads,wikipedia:Oakland City University,,agent-research:2025-womens-soccer,won its second consecutive RSC championship in 2025,https://gomightyoaks.com/sports/womens-soccer/coaches
oakwood_university,Oakwood University,womens-soccer,NAIA,HBCU Athletic Conference,naiat2,Ambassadors,1,The Ambassador,,,https://upload.wikimedia.org/wikipedia/commons/a/a1/2017acornlogo_copy.png?utm_source=commons.wikimedia.org&utm_campaign=imageinfo&utm_content=original,,,,39.87,939,0.2315,2.9,,,,,,,,,,1,7,1,,,,,Anthony Walker,Head Coach,anwalker@oakwood.edu,personal,,,records+db+v6+coach+grads,wikipedia:Oakwood University,,,,https://athletics.oakwood.edu/staff-directory/anthony-walker/16
oklahoma_city_university,Oklahoma City University,womens-soccer,NAIA,Sooner Athletic Conference,naiat2,Stars,1,Starsky the Ram,#00669B,,https://upload.wikimedia.org/wikipedia/commons/a/a3/Oklahoma_City_University_logo.svg?utm_source=commons.wikimedia.org&utm_campaign=imageinfo&utm_content=original,,,,54.37,504,0.6580,6.0,11,4,4,11,6,1,10,7,1,14,3,2,,,,,Billy Martin,Head Coach,wjmartin@okcu.edu,personal,,,records+db+v6+coach+grads,wikipedia:Oklahoma City University,,,,https://ocusports.com/sports/womens-soccer/coaches
oklahoma_panhandle_state_university,Oklahoma Panhandle State University,womens-soccer,NAIA,Sooner Athletic Conference,naiat2,Aggies,1,,#cf0a2c,#001f5b,https://upload.wikimedia.org/wikipedia/commons/c/c6/Oklahoma_panhandle_univ_logofull.png?utm_source=commons.wikimedia.org&utm_campaign=imageinfo&utm_content=original,,,,43.32,818,0.3329,2.0,2,11,2,,,,,,,6,7,2,,,,,Ken McAlpine,Head Coach,ken.mcalpine@opsu.edu,personal,,,records+db+v6+coach+grads,wikipedia:Oklahoma Panhandle State University,,,,https://web.archive.org/web/20250806205625/https://opsuaggies.com/sports/womens-soccer/roster/coaches/ken-mcalpine/636
oklahoma_wesleyan_university,Oklahoma Wesleyan University,womens-soccer,NAIA,Kansas Collegiate Athletic Conference,naiat2,Eagles,1,,,,https://upload.wikimedia.org/wikipedia/commons/d/d2/Oklahoma_Wesleyan_University_logo.svg?utm_source=commons.wikimedia.org&utm_campaign=imageinfo&utm_content=original,,1,KCAC,61.44,382,0.8658,1.7,22,1,1,16,3,3,16,1,4,21,2,2,,,,,Ivan Ristic,Head Coach,iristic@okwu.edu,personal,,,records+db+v6+coach+grads,wikipedia:Oklahoma Wesleyan University,,agent-research:2025-womens-soccer,won the 2025 KCAC tournament title,https://web.archive.org/web/20260225193306/https://okwueagles.com/sports/womens-soccer/coaches/
olivet_nazarene_university,Olivet Nazarene University,womens-soccer,NAIA,Chicagoland Collegiate Athletic Conference,naiat2,Tigers,1,Toby the Tiger,#48206e,#fdb913,,loyolaramblers.com,,,52.65,544,0.6072,4.0,15,6,1,12,5,4,9,6,7,9,1,6,,,,,Bill Bahr,Head Coach,bbahr@olivet.edu,personal,,,records+db+v6+coach+grads,wikipedia:Olivet Nazarene University,,,,https://web.archive.org/web/20250910012245/https://www.onutigers.com/sports/wsoc/coaches/index
oregon_institute_of_technology,Oregon Institute of Technology,womens-soccer,NAIA,Cascade Collegiate Conference,naiat2,Owls,1,Hootie the Owl,#003768,#fdc030,https://upload.wikimedia.org/wikipedia/commons/f/fc/Oregon_Institute_of_Technology_logo.svg?utm_source=commons.wikimedia.org&utm_campaign=imageinfo&utm_content=original,,,,51.41,579,0.5708,4.7,6,5,5,7,5,4,15,6,1,10,6,3,,,,,Tom Moore,Head Coach,tom.moore@oit.edu,personal,,,records+db+v6+coach+grads,wikipedia:Oregon Institute of Technology,,,,https://oregontechowls.com/sports/womens-soccer/coaches
ottawa_university,Ottawa University,womens-soccer,NAIA,Kansas Collegiate Athletic Conference,naiat2,Braves,1,,#ab2328,#Ff8200,https://upload.wikimedia.org/wikipedia/commons/8/8e/Ottawa_University_wordmark.svg?utm_source=commons.wikimedia.org&utm_campaign=imageinfo&utm_content=original,ottawabraves.com,,,42.95,838,0.3220,2.0,5,7,6,7,6,7,3,9,5,5,8,5,,,,,James Cottage,Head Coach,james.cottage@ottawa.edu,personal,,,records+db+v6+coach+grads,wikipedia:Ottawa University,,,,https://ottawabraves.com/sports/womens-soccer/coaches
ottawa_university_arizona,Ottawa University Arizona,womens-soccer,NAIA,Great Southwest Athletic Conference,naiat2,Braves,1,,#ab2328,#Ff8200,https://upload.wikimedia.org/wikipedia/commons/8/8e/Ottawa_University_wordmark.svg?utm_source=commons.wikimedia.org&utm_campaign=imageinfo&utm_content=original,ottawabraves.com,,,51.81,569,0.5826,2.0,12,4,2,13,4,2,8,8,3,,,,,,,,Brett Bentley,Head Coach,brett.bentley@ottawa.edu,personal,,,records+db+v6+coach+grads,wikipedia:Ottawa University,,,,https://ouazspirit.com/sports/womens-soccer/coaches
our_lady_of_the_lake_university,Our Lady of the Lake University,womens-soccer,NAIA,Red River Athletic Conference,naiat2,Saints,1,,,,https://upload.wikimedia.org/wikipedia/commons/8/87/Primary-academic-logo-W-DUO.png?utm_source=commons.wikimedia.org&utm_campaign=imageinfo&utm_content=original,,,,51.43,578,0.5714,4.1,8,4,7,9,5,2,8,7,2,12,5,2,,,,,Lee Williams,Head Coach,jlwilliams@ollusa.edu,personal,,,records+db+v6+coach+grads,wikipedia:Our Lady of the Lake University,,,,https://ollusaintsathletics.com/sports/wsoc/coaches
pacific_union_college,Pacific Union College,womens-soccer,NAIA,California Pacific Conference,naiat2,Pioneers,1,Pioneer Pete,#1e5732,#aa9e7d,,,,,43.64,806,0.3424,6.7,7,9,3,8,5,2,5,8,0,2,8,1,,,,,Ben Solomon,Head Coach,,,,,records+db+v6+coach+grads,wikipedia:Pacific Union College,,,,https://pioneersathletics.com/sports/wsoc/coaches
park_university,Park University,womens-soccer,NAIA,Heart of America Athletic Conference,naiat2,Pirates,1,,#9D2235,#F5A81C,https://upload.wikimedia.org/wikipedia/en/f/f9/Park_University_logo.svg?utm_source=en.wikipedia.org&utm_campaign=imageinfo&utm_content=original,parkathletics.com,,,47.78,678,0.4641,1.9,6,8,3,9,6,1,5,9,2,9,5,3,,,,,Ken Hefner,Head Coach,ken.hefner@park.edu,personal,,,records+db+v6+coach+grads,wikipedia:Park University,,,,https://parkathletics.com/sports/womens-soccer/coaches
park_university_gilbert,Park University Gilbert,womens-soccer,NAIA,Great Southwest Athletic Conference,naiat2,Buccaneers,1,,#9D2235,#F5A81C,https://upload.wikimedia.org/wikipedia/en/f/f9/Park_University_logo.svg?utm_source=en.wikipedia.org&utm_campaign=imageinfo&utm_content=original,parkathletics.com,,,42.57,853,0.3109,5.6,5,10,2,6,7,3,5,10,3,5,9,4,,,,,Kali Harmon,Head Women's Soccer Coach,kali.harmon@park.edu,personal,,,records+db+v6+coach+grads,wikipedia:Park University,,,,https://gilbert.parkathletics.com/sports/womens-soccer/coaches
paul_quinn_college,Paul Quinn College,womens-soccer,NAIA,HBCU Athletic Conference,naiat2,Tigers,1,,#45115e,#fece1c,,,,,40.03,934,0.2361,1.3,,,,,,,0,11,2,6,9,1,,,,,Nicholas Arbelaez,Head Coach,narbelaez@pqc.edu,personal,,,records+db+v6+coach+grads,wikipedia:Paul Quinn College,,,,https://paulquinnathletics.com/sports/wsoc/coaches/Nicholas_Arbelaez
point_university,Point University,womens-soccer,NAIA,Southern States Athletic Conference,naiat2,Skyhawks,1,,#00407a,#fcc917,https://upload.wikimedia.org/wikipedia/commons/c/cb/PointUnivlogo.png?utm_source=commons.wikimedia.org&utm_campaign=imageinfo&utm_content=original,,,,44.17,782,0.3578,2.5,5,10,3,1,13,4,6,9,3,11,7,1,,,,,Randy Douglas,Head Coach,randy.douglas@point.edu,personal,,,records+db+v6+coach+grads,wikipedia:Point University,,,,http://web.archive.org/web/20250806205212/https://skyhawkathletics.com/sports/wsoc/coaches/index
reinhardt_university,Reinhardt University,womens-soccer,NAIA,Appalachian Athletic Conference,naiat2,Eagles,1,"SOAR, the Eagle",#002e5c,#f1b310,https://upload.wikimedia.org/wikipedia/commons/9/91/Reinhardt_univ_horizlogo.png?utm_source=commons.wikimedia.org&utm_campaign=imageinfo&utm_content=original,,,,52.25,561,0.5957,3.0,14,6,0,13,6,1,10,6,1,8,6,2,,,,,Alejandro Duero,Head Coach,alejandro.duero@reinhardt.edu,personal,,,records+db+v6+coach+grads,wikipedia:Reinhardt University,,,,https://reinhardteagles.com/sports/wsoc/coaches/Alejandro_Duero
rio_grande_university_of,Rio Grande (University of),womens-soccer,NAIA,River States Conference,naiat2,Vaqueros,1,Vaqueros,#F05023,#646469,https://upload.wikimedia.org/wikipedia/commons/5/56/University_of_Texas_Rio_Grande_Valley_logo.svg?utm_source=commons.wikimedia.org&utm_campaign=imageinfo&utm_content=original,,,,47.03,703,0.4419,1.8,5,11,4,8,6,4,8,7,3,8,6,5,,,,,Brooke Perkins,Head Coach,bperkins@rio.edu,personal,,,records+db+v6+coach+grads,wikipedia:University of Texas Rio Grande Valley,,,,http://web.archive.org/web/20250806232826/https://www.rioredstorm.com/sports/wsoc/coaches/index
rochester_christian_university,Rochester Christian University,womens-soccer,NAIA,Wolverine-Hoosier Athletic Conference,naiat2,Warriors,1,,#ce202f,,,uofrathletics.com,,,45.31,744,0.3916,3.3,,,,,,,6,7,6,7,8,4,,,,,Skipper Mukhtar,Head Coach,skipper.mukhtar@rcu.edu,personal,,,records+db+v6+coach+grads,wikipedia:Rochester Christian University,,,,https://rcuwarriors.com/sports/wsoc/coaches/Skipper_Mukhtar
rocky_mountain_college,Rocky Mountain College,womens-soccer,NAIA,Cascade Collegiate Conference,naiat2,Battlin' Bears,1,,#00582c,#af9c68,,gobattlinbears.com,,,48.60,653,0.4881,4.1,5,9,4,2,10,3,9,6,2,12,4,1,,,,,Kevin Luse,Head Women's Soccer Coach,kevin.luse@rocky.edu,personal,,,records+db+v6+coach+grads,wikipedia:Rocky Mountain College,,,,https://gobattlinbears.com/sports/womens-soccer/coaches
saint_ambrose_university,Saint Ambrose University,womens-soccer,NAIA,Chicagoland Collegiate Athletic Conference,naiat2,Fighting Bees,1,,#00529b,,,,1,CCAC,53.96,514,0.6459,5.2,13,4,3,,,,15,6,2,13,6,3,,,,,Jon Mannall,Head Coach,MannallJonE@sau.edu,personal,,,records+db+v6+coach+grads,wikipedia:St. Ambrose University,,agent-research:2025-womens-soccer,"won the 2025 CCAC title, a ""double three-peat""",https://saubees.com/sports/wsoc/coaches/index
saint_mary_of_the_woods_college,Saint Mary-of-the-Woods College,womens-soccer,NAIA,River States Conference,naiat2,Pomeroys,1,Onyx,#579ed2,,https://upload.wikimedia.org/wikipedia/commons/5/55/Logo_of_SMWC.png?utm_source=commons.wikimedia.org&utm_campaign=imageinfo&utm_content=original,,,,37.35,1019,0.1572,2.1,4,7,3,5,7,5,2,10,5,1,15,1,,,,,Ron Kiernicki,Director of Soccer Operations,Ron.Kiernicki@smwc.edu,personal,,,records+db+v6+coach+grads,wikipedia:Saint Mary-of-the-Woods College,,,,https://smwcathletics.com/sports/womens-soccer/coaches
saint_xavier_university,Saint Xavier University,womens-soccer,NAIA,Chicagoland Collegiate Athletic Conference,naiat2,Cougars,1,Cougar,,,https://upload.wikimedia.org/wikipedia/en/f/fc/Saint_Xavier_University_logo.svg?utm_source=en.wikipedia.org&utm_campaign=imageinfo&utm_content=original,,,,49.22,631,0.5063,3.2,6,9,4,8,4,5,7,5,5,10,5,4,,,,,Jim Harkness,Head Coach,harkness@sxu.edu,personal,,,records+db+v6+coach+grads,wikipedia:Saint Xavier University,,,,https://sxucougars.com/sports/womens-soccer/coaches
savannah_college_of_art_and_design,Savannah College of Art and Design,womens-soccer,NAIA,Sun Conference,naiat1,Bees,1,Art the Bee,,,https://upload.wikimedia.org/wikipedia/commons/a/ad/Scad_college_art_design_logo.png?utm_source=commons.wikimedia.org&utm_campaign=imageinfo&utm_content=original,,,,62.15,369,0.8869,5.6,14,5,1,17,2,2,20,1,2,9,6,4,,,champion,,Rebecca Gunn,Head Coach,,,,,records+db+v6+coach+grads,wikipedia:Savannah College of Art and Design,,,,http://web.archive.org/web/20250806203253/https://savannah.scadathletics.com/sports/womens-soccer/coaches
shawnee_state_university,Shawnee State University,womens-soccer,NAIA,River States Conference,naiat2,Bears,1,,#013e7d,#c5c6c8,https://upload.wikimedia.org/wikipedia/en/1/13/ShawneeStateU.PNG?utm_source=en.wikipedia.org&utm_campaign=imageinfo&utm_content=original,ssubears.com,,,41.87,874,0.2904,2.4,11,9,1,8,10,1,3,9,4,4,13,1,,,,,Joe McCauley,Head Coach,jmccauley@shawnee.edu,personal,,,records+db+v6+coach+grads,wikipedia:Shawnee State University,,,,https://ssubears.com/sports/womens-soccer/coaches
siena_heights_university,Siena Heights University,womens-soccer,NAIA,Wolverine-Hoosier Athletic Conference,naiat2,Saints,1,Halo the Husky Dog,,,https://upload.wikimedia.org/wikipedia/en/e/e7/Siena_Heights_University_logo.png?utm_source=en.wikipedia.org&utm_campaign=imageinfo&utm_content=original,shusaints.com,,,52.84,535,0.6130,2.2,11,5,4,15,1,6,13,2,4,7,7,6,,,,,Scott Oliver,Head Coach,soliver@sienaheights.edu,personal,,,records+db+v6+coach+grads,wikipedia:Siena Heights University,,,,https://shusaints.com/sports/wsoc/coaches/index
simpson_university,Simpson University,womens-soccer,NAIA,California Pacific Conference,naiat2,Red Hawks,1,,#d90000,,,,,,46.15,718,0.4163,4.7,6,7,5,8,6,4,5,7,3,6,6,3,,,,,Milton Carrera,Head Women's Soccer Coach,mcarrera@simpsonu.edu,personal,,,records+db+v6+coach+grads,wikipedia:Simpson University,,,,https://simpsonredhawks.com/sports/womens-soccer/coaches
soka_university_of_america,Soka University of America,womens-soccer,NAIA,Great Southwest Athletic Conference,naiat2,Lions,1,Lion,#10147f,#ffc72a,,,,,47.50,683,0.4560,9.2,3,12,2,5,9,3,9,5,1,9,4,5,,,,,Liam Delury,"Head Coach and Recruiting Coordinator, Women's Soccer",ldelury@soka.edu,personal,,,records+db+v6+coach+grads,wikipedia:Soka University of America,,,,https://sokaathletics.com/sports/womens-soccer/coaches
southeastern_university_florida,Southeastern University (Florida),womens-soccer,NAIA,Sun Conference,naiat1,Fire,0,Scorch,,,https://upload.wikimedia.org/wikipedia/commons/f/f3/Southeastern_univ_flamelogo.png?utm_source=commons.wikimedia.org&utm_campaign=imageinfo&utm_content=original,fire.seu.edu,1,Sun Conference,57.97,444,0.7640,2.8,14,4,2,11,5,3,7,7,2,13,3,3,,,,,Skelly Kellar,Head Coach,stkellar@seu.edu,personal,,,records+db+v6+coach+grads,wikipedia:Southeastern University,,agent-research:2025-womens-soccer,"beat Keiser 3-2 in the 2025 Sun Conference final, Nov 12",https://fire.seu.edu/sports/womens-soccer/coaches
southern_oregon_university,Southern Oregon University,womens-soccer,NAIA,Cascade Collegiate Conference,naiat2,Raiders,1,Red-tailed hawk,#cf142b,,https://upload.wikimedia.org/wikipedia/commons/f/f1/South_oregon_univ_logo.png?utm_source=commons.wikimedia.org&utm_campaign=imageinfo&utm_content=original,souraiders.com,,,52.48,551,0.6023,3.1,11,5,3,9,7,4,8,7,2,14,3,3,,,,,Jenni Rosenberg,Head Women's Soccer Coach,rosenberj@sou.edu,personal,,,records+db+v6+coach+grads,wikipedia:Southern Oregon University,,,,https://souraiders.com/sports/womens-soccer/coaches
southwestern_christian_university,Southwestern Christian University,womens-soccer,NAIA,Sooner Athletic Conference,naiat2,Eagles,1,,#0039a6,,,,,,45.68,733,0.4024,1.3,4,10,4,5,12,1,3,8,5,14,7,2,,,,,Juan De Dios Castillo,Head Coach,juan.castillo@swcu.edu,personal,,,records+db+v6+coach+grads,wikipedia:Southwestern Christian University,,,,https://scueagles.com/sports/womens-soccer/coaches
southwestern_college_kansas,Southwestern College (Kansas),womens-soccer,NAIA,Kansas Collegiate Athletic Conference,naiat2,Moundbuilders,1,,,,https://upload.wikimedia.org/wikipedia/en/f/f8/SouthwesternCollege-logo.png?utm_source=en.wikipedia.org&utm_campaign=imageinfo&utm_content=original,,,,44.47,771,0.3668,3.2,11,5,5,7,8,4,4,9,4,5,8,4,,,,,Harry Simpson,Head Coach,harry.simpson@sckans.edu,personal,,,records+db+v6+coach+grads,wikipedia:Southwestern College (Kansas),,,,https://buildersports.com/sports/womens-soccer/coaches
spartanburg_methodist_college,Spartanburg Methodist College,womens-soccer,NAIA,Appalachian Athletic Conference,naiat2,Pioneers,1,Big Blue,,,https://upload.wikimedia.org/wikipedia/commons/e/ef/Smcsc.png?utm_source=commons.wikimedia.org&utm_campaign=imageinfo&utm_content=original,mumonarchs.com,,,47.20,695,0.4471,2.3,,,,,,,10,5,1,6,9,4,,,,,Kennedy Dunnings,Head Women's Soccer Coach,dunningsk@smcsc.edu,personal,,,records+db+v6+coach+grads,wikipedia:Spartanburg Methodist College,,,,https://gosmcpioneers.com/sports/wsoc/coaches
spring_arbor_university,Spring Arbor University,womens-soccer,NAIA,Crossroads League,naiat1,Cougars,1,Cougar,#001641,#ffdd00,https://upload.wikimedia.org/wikipedia/en/1/1f/Spring_Arbor_University_wordmark.svg?utm_source=en.wikipedia.org&utm_campaign=imageinfo&utm_content=original,saucougars.com,,,61.60,377,0.8706,4.3,19,1,3,20,1,2,,,,10,5,6,champion,,,,Shannon Andringa,Head Coach,shannon.andringa@arbor.edu,personal,,,records+db+v6+coach+grads,wikipedia:Spring Arbor University,,,,https://saucougars.com/sports/wsoc/coaches
st_thomas_university_florida,St. Thomas University (Florida),womens-soccer,NAIA,Sun Conference,naiat1,Bobcats,1,,#862633,#002855,https://upload.wikimedia.org/wikipedia/commons/b/b3/STU_Logo_Main.png?utm_source=commons.wikimedia.org&utm_campaign=imageinfo&utm_content=original,,,,55.41,485,0.6885,3.5,7,7,3,13,5,2,7,4,5,10,4,5,,,,,Michelle Smith,Head Women's Soccer Coach,msmith@stu.edu,personal,,,records+db+v6+coach+grads,wikipedia:St. Thomas University (Florida),,,,https://stubobcats.com/sports/womens-soccer/coaches
stanton_university,Stanton University,womens-soccer,NAIA,California Pacific Conference,naiat2,,,,,,,,,,45.31,745,0.3914,,,,,,,,,,,6,8,1,,,,,Gabriel Monsalvo,Head Coach,gmonsalvo@stanton.edu,personal,,,records+db+v6+coach+grads,,No usable Wikipedia infobox found for this name,,,https://www.stantonelks.com/sports/wsoc/coaches/Gabriel_Monsalvo
stephens_college,Stephens College,womens-soccer,NAIA,American Midwest Conference,naiat2,Stars,1,,#932c2f,#ffc425,https://upload.wikimedia.org/wikipedia/en/9/9b/Stephens_College_Logo.png?utm_source=en.wikipedia.org&utm_campaign=imageinfo&utm_content=original,,,,39.17,957,0.2109,5.8,4,13,3,4,11,1,2,12,2,6,11,1,,,,,Don Trentham,Head Soccer Coach,dtrentham@stephens.edu,personal,,,records+db+v6+coach+grads,wikipedia:Stephens College,,,,https://stephensstars.com/sports/soccer/coaches
sterling_college_kansas,Sterling College (Kansas),womens-soccer,NAIA,Kansas Collegiate Athletic Conference,naiat2,Warriors,1,,,,https://upload.wikimedia.org/wikipedia/en/4/40/Sterling_College_%28Kansas%29_logo.svg?utm_source=en.wikipedia.org&utm_campaign=imageinfo&utm_content=original,scwarriors.com,,,35.09,1076,0.0909,2.6,3,15,0,,,,3,14,0,2,15,1,,,,,Nic Martinez,Director of Soccer,nicholas.martinez@sterling.edu,personal,,,records+db+v6+coach+grads,wikipedia:Sterling College (Kansas),,,,https://scwarriors.com/sports/wsoc/coaches
tabor_college,Tabor College,womens-soccer,NAIA,Kansas Collegiate Athletic Conference,naiat2,Bluejays,1,,,,https://upload.wikimedia.org/wikipedia/commons/f/fe/Tabor_college_ks_logo.svg?utm_source=commons.wikimedia.org&utm_campaign=imageinfo&utm_content=original,taborbluejays.com,,,48.40,662,0.4822,2.9,7,8,4,9,7,3,5,8,5,12,6,2,,,,,Thomas Gaskell,Director of Soccer,thomasogaskell@tabor.edu,personal,,,records+db+v6+coach+grads,wikipedia:Tabor College (Kansas),,,,https://taborbluejays.com/sports/womens-soccer/coaches
talladega_college,Talladega College,womens-soccer,NAIA,HBCU Athletic Conference,naiat2,Tornadoes,1,"Dear Ole' Dega, Dega, TC",#aa0534,#72cdf4,,,1,HBCUAC,47.19,696,0.4467,2.0,,,,4,9,1,5,7,1,9,5,0,,,,,Junior Noel,Head Coach,jnoel@talladega.edu,personal,,,records+db+v6+coach+grads,wikipedia:Talladega College,,agent-research:2025-womens-soccer,beat Huston-Tillotson 3-1 in the 2025 HBCUAC final,https://talladegatornadoes.com/staff-directory
taylor_university,Taylor University,womens-soccer,NAIA,Crossroads League,naiat1,Trojans,1,,#522d72,,https://upload.wikimedia.org/wikipedia/commons/2/27/Taylor_univ_full_logo.png?utm_source=commons.wikimedia.org&utm_campaign=imageinfo&utm_content=original,,,,58.12,441,0.7682,6.5,13,5,2,10,3,5,7,6,4,14,3,3,,,,,Scott Stan,Head Coach,jfstan@taylor.edu,personal,,,records+db+v6+coach+grads,wikipedia:Taylor University,,,,https://taylortrojans.com/sports/wsoc/coaches/index
tennessee_wesleyan_university,Tennessee Wesleyan University,womens-soccer,NAIA,Appalachian Athletic Conference,naiat2,Bulldogs,1,,,,https://upload.wikimedia.org/wikipedia/commons/0/06/Tennessee_wesleyan_univ_logo.png?utm_source=commons.wikimedia.org&utm_campaign=imageinfo&utm_content=original,,1,Appalachian,59.52,417,0.8094,3.5,13,5,0,16,3,1,15,2,3,15,3,0,,,,,Bryan Walker,Head Coach,bwalker@tnwesleyan.edu,personal,,,records+db+v6+coach+grads,wikipedia:Tennessee Wesleyan University,,agent-research:2025-womens-soccer,won the 2025 AAC women's soccer tournament title,https://twbulldogs.com/information/directory/index
texas_aandm_university_san_antonio,Texas A&M University-San Antonio,womens-soccer,NAIA,Red River Athletic Conference,naiat2,Jaguars,1,General the Jaguar,#8e9191,#702e3d,https://upload.wikimedia.org/wikipedia/en/f/f6/Texas_A%26M_University_San_Antonio_logo.svg?utm_source=en.wikipedia.org&utm_campaign=imageinfo&utm_content=original,,,,44.73,765,0.3745,2.1,9,4,3,,,,6,8,1,5,10,2,,,,,Tim Moody,Head Women's Soccer Coach,tmoody@tamusa.edu,personal,,,records+db+v6+coach+grads,wikipedia:Texas A&M University–San Antonio,,,,https://tamusasports.com/information/directory/index
texas_aandm_university_texarkana,Texas A&M University-Texarkana,womens-soccer,NAIA,Red River Athletic Conference,naiat2,Eagles,1,,#7A303F,#011E41,https://upload.wikimedia.org/wikipedia/commons/e/ed/Texas_A%26M_University%E2%80%93Texarkana_wordmark.svg?utm_source=commons.wikimedia.org&utm_campaign=imageinfo&utm_content=original,,,,57.46,452,0.7489,3.7,17,2,1,16,3,1,13,4,1,12,5,2,,,,,Don Koontz,Head Coach,dkoontz@tamut.edu,personal,,,records+db+v6+coach+grads,wikipedia:Texas A&M University–Texarkana,,,,https://tamuteagles.com/sports/wsoc/coaches/index
texas_aandm_university_victoria,Texas A&M University-Victoria,womens-soccer,NAIA,Red River Athletic Conference,naiat2,Jaguars,1,,#e81c18,#ad8b3a,https://upload.wikimedia.org/wikipedia/en/5/59/Texas_A%26M_University-Victoria_Logo.svg?utm_source=en.wikipedia.org&utm_campaign=imageinfo&utm_content=original,,,,48.72,647,0.4919,2.6,10,3,5,6,7,5,,,,8,5,5,,,,,Kimberly Uetrecht,Head Coach,UetrechtK@tamuv.edu,personal,,,records+db+v6+coach+grads,wikipedia:Texas A&M University–Victoria,,,,https://tamuvathletics.com/information/directory/index
texas_college,Texas College,womens-soccer,NAIA,Red River Athletic Conference,naiat2,Steers,1,Steers,#4a1e59,#ffa32a,,,,,35.25,1073,0.0957,2.4,,,,,,,0,13,1,,,,,,,,Marco Mthembu,Head Women's Soccer Coach,mmthembu@texascollege.edu,personal,,,records+db+v6+coach+grads,wikipedia:Texas College,,,,https://tcsteersathletics.com/information/directory/index
texas_wesleyan_university,Texas Wesleyan University,womens-soccer,NAIA,Sooner Athletic Conference,naiat2,Rams,1,Willie and Wilma the Rams,#002867,#ffd204,,,,,40.48,918,0.2495,2.6,6,11,0,7,9,1,4,11,3,3,11,2,,,,,Katie Bond (Baugh),Head Coach,knbaugh@txwes.edu,personal,,,records+db+v6+coach+grads,wikipedia:Texas Wesleyan University,,,,https://ramsports.net/sports/womens-soccer/coaches
the_evergreen_state_college,The Evergreen State College,womens-soccer,NAIA,Cascade Collegiate Conference,naiat2,Geoduck,0,Speedy the Geoduck,#006837,,https://upload.wikimedia.org/wikipedia/en/7/7d/Evergreen_PRI_RGB.svg?utm_source=en.wikipedia.org&utm_campaign=imageinfo&utm_content=original,,,,35.27,1072,0.0961,4.7,1,10,4,2,11,2,3,10,3,1,13,1,,,,,Kate Green,Head Women's Soccer Coach,kate.l.green@evergreen.edu,personal,,,records+db+v6+coach+grads,wikipedia:Evergreen State College,,,,https://gogeoducks.com/sports/womens-soccer/coaches
the_masters_university,The Master's University,womens-soccer,NAIA,Great Southwest Athletic Conference,naiat2,Mustangs,1,Monty the Mustang,#0d223f,#daaa00,,,1,GSAC,53.68,518,0.6378,4.5,5,8,5,8,5,3,15,5,1,15,4,3,,,,,Esteban Chavez,Head Coach,echavez@masters.edu,personal,,,records+db+v6+coach+grads,wikipedia:The Master's University,,agent-research:2025-womens-soccer,beat Embry-Riddle (Ariz.) 5-4 on PKs (0-0) in the Nov 12 GSAC final,https://gomustangs.com/sports/womens-soccer/coaches
thomas_university,Thomas University,womens-soccer,NAIA,Southern States Athletic Conference,naiat2,Night Hawks,1,,#006938,,https://upload.wikimedia.org/wikipedia/commons/c/cc/Thomas_univ_ge_textlogo.png?utm_source=commons.wikimedia.org&utm_campaign=imageinfo&utm_content=original,,,,48.65,652,0.4898,2.4,9,5,4,11,7,1,10,8,1,8,10,1,,,,,Sergio Rapuano,Head Women's Soccer Coach,srapuano@thomasu.edu,personal,,,records+db+v6+coach+grads,wikipedia:Thomas University,,,,https://tunighthawks.com/sports/womens-soccer/coaches
tougaloo_college,Tougaloo College,womens-soccer,NAIA,HBCU Athletic Conference,naiat2,Bulldogs,1,,#1a75bc,#ed1c24,https://upload.wikimedia.org/wikipedia/en/b/b4/Tougaloo_College_logo.svg?utm_source=en.wikipedia.org&utm_campaign=imageinfo&utm_content=original,,,,37.03,1032,0.1479,3.1,,,,,,,,,,0,9,1,,,,,Frederick Davis,Head Coach,fddavis@tougaloo.edu,personal,,,records+db+v6+coach+grads,wikipedia:Tougaloo College,,,,https://tougaloobulldogs.com/information/directory/index
trinity_christian_college,Trinity Christian College,womens-soccer,NAIA,Chicagoland Collegiate Athletic Conference,naiat2,Trolls,1,Troll,#081c33,#8cb6e1,,trollsathletics.com,,,49.02,636,0.5007,4.8,13,6,5,12,4,4,10,6,8,7,10,2,,,,,Gabriel Sitibaldi,Head Soccer Coach,gabriel.sitibaldi@trnty.edu,personal,,,records+db+v6+coach+grads,wikipedia:Trinity Christian College,,,,https://trollsathletics.com/sports/womens-soccer/coaches
truett_mcconnell_university,Truett McConnell University,womens-soccer,NAIA,Appalachian Athletic Conference,naiat2,Bears,1,Bears,#002a46,#fec541,https://upload.wikimedia.org/wikipedia/en/a/a1/Truett_McConnell_University_logo.svg?utm_source=en.wikipedia.org&utm_campaign=imageinfo&utm_content=original,,,,60.70,393,0.8441,2.8,17,3,1,18,3,2,16,2,3,19,2,2,,,,,David McDowell,Women's Head Soccer Coach,dmcdowell@tmu.edu,personal,,,records+db+v6+coach+grads,athletics-domain:tmbears.com,"nickname recovered from the school's own athletics hostname; its Wikipedia article states none. Confirmed by that site's title (""Truett McConnell University Athletics - Official Athletics Website"").",,,https://tmbears.com/sports/womens-soccer/coaches
union_commonwealth_university,Union Commonwealth University,womens-soccer,NAIA,Appalachian Athletic Conference,naiat2,Bulldogs,1,,#dd5900,,https://upload.wikimedia.org/wikipedia/commons/1/10/Union_comm_univ_orangelogo.png?utm_source=commons.wikimedia.org&utm_campaign=imageinfo&utm_content=original,,,,41.02,891,0.2653,2.5,,,,,,,7,7,4,3,14,0,,,,,Casey Mclellan,Head Women's Soccer Coach,casey.mclellan@unionky.edu,personal,,,records+db+v6+coach+grads,wikipedia:Union Commonwealth University,,,,https://gounionbulldogs.com/sports/wsoc/coaches/index
university_of_health_sciences_and_pharmacy_in_st_louis,University of Health Sciences and Pharmacy in St. Louis,womens-soccer,NAIA,American Midwest Conference,naiat2,Eutectics,1,Mortarmer McPestle (aka The Eutectic),#4e2a84,#fcb714,,,,,48.48,656,0.4848,6.0,,,,,,,6,9,0,9,5,1,,,,,Jack Jamieson,Head Coach,jack.jamieson@uhsp.edu,personal,,,records+db+v6+coach+grads,wikipedia:University of Health Sciences and Pharmacy in St. Louis,,,,https://eutecticsports.com/sports/wsoc/coaches
university_of_michigan_dearborn,University of Michigan-Dearborn,womens-soccer,NAIA,Wolverine-Hoosier Athletic Conference,naiat2,Wolverines,1,,#fad224,#001449,https://upload.wikimedia.org/wikipedia/commons/a/a7/UMDearborn_Vertical_Logo.svg?utm_source=commons.wikimedia.org&utm_campaign=imageinfo&utm_content=original,,,,37.96,999,0.1753,4.6,3,8,3,7,9,2,2,13,3,2,13,3,,,,,Giorgi Nozadze,Head Coach,gnozadze@umich.edu,personal,,,records+db+v6+coach+grads,wikipedia:University of Michigan–Dearborn,,,,https://athletics.umdearborn.edu/sports/wsoc/2025-26/coach/nozadze_giorgi_ow6f
university_of_mobile,University of Mobile,womens-soccer,NAIA,Southern States Athletic Conference,naiat2,Rams,1,Mac the Ram,#a32136,#dad9d7,,,,,49.96,611,0.5284,5.4,8,7,2,7,7,4,9,6,3,11,6,1,,,,,Brian Person,Head Women's Soccer Coach,bperson@umobile.edu,personal,,,records+db+v6+coach+grads,wikipedia:University of Mobile,,,,https://umobilerams.com/sports/womens-soccer/coaches
university_of_northwestern_ohio,University of Northwestern Ohio,womens-soccer,NAIA,Wolverine-Hoosier Athletic Conference,naiat2,Racers,1,,#8b0f04,#555657,,,1,WHAC,52.78,536,0.6111,4.1,8,9,2,14,6,3,14,4,4,,,,,,,,Elisha Fry,Head Coach,efry@unoh.edu,personal,,,records+db+v6+coach+grads,wikipedia:University of Northwestern Ohio,,agent-research:2025-womens-soccer,"beat Aquinas 1-0 in the 2025 WHAC final, Nov 12",http://web.archive.org/web/20251028085632/https://unohracers.com/sports/wsoc/coaches/Elisha_Fry
university_of_pikeville,University of Pikeville,womens-soccer,NAIA,Appalachian Athletic Conference,naiat2,Bears,1,Pikey the Bear,#ff4713,,https://upload.wikimedia.org/wikipedia/commons/0/06/Upike_univ_logo.png?utm_source=commons.wikimedia.org&utm_campaign=imageinfo&utm_content=original,upikebears.com,,,46.17,717,0.4168,3.5,3,15,1,6,11,2,9,7,2,9,5,3,,,,,Shane Taylor,Head Coach,shanetaylor@upike.edu,personal,,,records+db+v6+coach+grads,wikipedia:University of Pikeville,,,,https://upikebears.com/sports/womens-soccer/roster/coaches/shane-taylor/1143
university_of_providence,University of Providence,womens-soccer,NAIA,Cascade Collegiate Conference,naiat2,Argonauts,1,,#041e42,#3dae2b,https://upload.wikimedia.org/wikipedia/commons/d/d8/Providence_univ_montana_logo.png?utm_source=commons.wikimedia.org&utm_campaign=imageinfo&utm_content=original,,,,39.11,960,0.2092,2.4,3,11,1,2,12,2,5,11,1,4,9,2,,,,,Lindsay Smith,Head Coach,lindsay.smith@uprovidence.edu,personal,,,records+db+v6+coach+grads,wikipedia:University of Providence,,,,https://upargos.com/sports/womens-soccer/coaches
university_of_saint_francis_in,University of Saint Francis (IN),womens-soccer,NAIA,Crossroads League,naiat1,Cougars,1,,#990000,#FFFFFF,,,,,47.48,686,0.4553,3.7,4,10,4,3,11,4,9,6,4,8,9,1,,,,,Ken Nuber,Head Coach,KNuber@sf.edu,personal,,,records+db+v6+coach+grads,athletics-domain:saintfranciscougars.com,"University of Saint Francis (Fort Wayne, IN). Had been matched to Saint Francis University (PA), whose Red Wolves remain correct on the Saint Francis (PA) row. Confirmed on saintfranciscougars.com, title ""University of Saint Francis (IN)"".",,,http://web.archive.org/web/20250517004642/https://saintfranciscougars.com/sports/wsoc/coaches/index
university_of_saint_mary,University of Saint Mary,womens-soccer,NAIA,Kansas Collegiate Athletic Conference,naiat2,Spires,1,Spiro the Dragon,,,https://upload.wikimedia.org/wikipedia/en/a/a6/University_of_Saint_Mary_logo.svg?utm_source=en.wikipedia.org&utm_campaign=imageinfo&utm_content=original,,,,47.91,675,0.4679,2.5,6,11,1,8,4,5,10,8,1,7,5,7,,,,,Justin Seever,Head Coach,Justin.Seever@stmary.edu,personal,,,records+db+v6+coach+grads,wikipedia:University of Saint Mary,,,,https://gospires.com/sports/womens-soccer/coaches
university_of_science_and_arts_of_oklahoma,University of Science and Arts of Oklahoma,womens-soccer,NAIA,Sooner Athletic Conference,naiat2,Drovers,1,Dusty the Drover,#00543d,#f1cd44,https://upload.wikimedia.org/wikipedia/commons/b/b5/USAO_logo.png?utm_source=commons.wikimedia.org&utm_campaign=imageinfo&utm_content=original,,,,57.25,455,0.7427,3.6,16,3,1,,,,18,3,1,13,4,5,,,,,Niall Crick,Head Coach,ncrick@usao.edu,personal,,,records+db+v6+coach+grads,wikipedia:University of Science and Arts of Oklahoma,,,,http://web.archive.org/web/20251225190857/https://www.usaoathletics.com/sports/wsoc/coaches/Niall_Crick
university_of_st_francis_il,University of St. Francis (IL),womens-soccer,NAIA,Chicagoland Collegiate Athletic Conference,naiat2,Fighting Saints,1,Bernie the St. Bernard,#503412,#ffd400,,sfuathletics.com,,,51.32,582,0.5684,5.0,12,6,1,6,7,5,9,6,5,13,4,3,,,,,Al Palar,Head Women's Soccer Coach,wpalar@stfrancis.edu,personal,,,records+db+v6+coach,wikipedia:University of St. Francis,,,,https://gofightingsaints.com/sports/womens-soccer/coaches
university_of_tennessee_southern,University of Tennessee Southern,womens-soccer,NAIA,Southern States Athletic Conference,naiat2,Firehawks,1,Flame the Firehawk,,,https://upload.wikimedia.org/wikipedia/commons/a/a8/University_of_Tennessee_Southern_logo.png?utm_source=commons.wikimedia.org&utm_campaign=imageinfo&utm_content=original,,,,56.33,473,0.7155,2.7,16,5,3,16,5,3,19,3,1,11,6,2,,,,,Will Austin,Head Coach,waustin9@utsouthern.edu,personal,,,records+db+v6+coach+grads,wikipedia:University of Tennessee Southern,,,,https://utsfirehawks.com/sports/womens-soccer/coaches
university_of_the_cumberlands,University of the Cumberlands,womens-soccer,NAIA,Mid-South Conference,naiat1,Patriots,1,Pete the Patriot,#b21e27,#003b70,,cumberlandspatriots.com,,,63.62,343,0.9299,2.6,18,2,3,18,1,3,,,,17,5,3,,champion,,final,Steve Hamilton,Head Coach,stephen.hamilton@ucumberlands.edu,personal,,,records+db+v6+coach+grads,wikipedia:University of the Cumberlands,,,,https://cumberlandspatriots.com/sports/womens-soccer/coaches
university_of_the_southwest,University of the Southwest,womens-soccer,NAIA,Red River Athletic Conference,naiat2,Mustangs,1,,#d42027,#032740,,,,,42.31,859,0.3033,3.0,7,6,2,7,8,3,6,8,2,3,13,1,,,,,Kayla Reynaud,Interim Head Coach,kreynaud@usw.edu,personal,,,records+db+v6+coach+grads,wikipedia:University of the Southwest,,,,https://uswathletics.com/sports/womens-soccer/coaches
viterbo_university,Viterbo University,womens-soccer,NAIA,Chicagoland Collegiate Athletic Conference,naiat2,V-Hawks,1,,#00344B,#EE323A,https://upload.wikimedia.org/wikipedia/en/e/e9/Vu_lfl_horiz_bw_lg.gif?utm_source=en.wikipedia.org&utm_campaign=imageinfo&utm_content=original,,,,47.80,677,0.4647,5.3,8,6,2,7,6,6,8,9,1,8,7,0,,,,,Scott Pirnstill,Head Coach,srpirnstill@viterbo.edu,personal,,,records+db+v6+coach+grads,wikipedia:Viterbo University,,,,http://web.archive.org/web/20260311155332/https://viterbo.prestosports.com/sports/wsoc/coaches/index
waldorf_university,Waldorf University,womens-soccer,NAIA,Great Plains Athletic Conference,naiat2,Warriors,1,,#471F6E,#B79257,https://upload.wikimedia.org/wikipedia/commons/6/66/Waldorf_univ_logo_horiz.png?utm_source=commons.wikimedia.org&utm_campaign=imageinfo&utm_content=original,godordt.com,,,34.14,1093,0.0629,1.2,4,9,3,2,11,3,0,17,1,2,14,1,,,,,Thomas Goodman,Head Women's Soccer Coach,thomas.goodman@waldorf.edu,personal,,,records+db+v6+coach+grads,wikipedia:Waldorf University,,,,https://web.archive.org/web/20241103132708/https://www.waldorfwarriors.com/sports/wsoc/coaches/index
walla_walla_university,Walla Walla University,womens-soccer,NAIA,Cascade Collegiate Conference,naiat2,Wolves,1,,#3f4727,#af6112,,,,,34.02,1097,0.0593,6.4,,,,,,,0,4,0,0,12,0,,,,,Christian Herrera,Head Coach,christian.herrera@wallawalla.edu,personal,,,records+db+v6+coach+grads,wikipedia:Walla Walla University,,,,https://uwolves.com/sports/womens-soccer/coaches
warner_pacific_university,Warner Pacific University,womens-soccer,NAIA,Cascade Collegiate Conference,naiat2,Knights,1,,#3db7e4,#b6bf00,https://upload.wikimedia.org/wikipedia/commons/8/8f/Warner_pacific_univ_logo.png?utm_source=commons.wikimedia.org&utm_campaign=imageinfo&utm_content=original,warnerroyals.com,,,40.04,931,0.2366,4.0,6,9,3,5,10,2,5,11,2,3,12,2,,,,,Greg Pfleger,Head Coach,gpfleger@warnerpacific.edu,personal,,,records+db+v6+coach+grads,athletics-domain:wpuknights.com,"nickname recovered from the school's own athletics hostname; its Wikipedia article states none. Confirmed by that site's title (""2026 Annual Fundraiser Golf Tournament - Warner Pacific University Athletics - O"").",,,https://wpuknights.com/sports/womens-soccer/coaches
warner_university,Warner University,womens-soccer,NAIA,Sun Conference,naiat1,Royals,1,Duke,#002b5c,#e9aa1c,https://upload.wikimedia.org/wikipedia/commons/5/59/Warner_univ_florida_textlogo.png?utm_source=commons.wikimedia.org&utm_campaign=imageinfo&utm_content=original,warnerroyals.com,,,42.77,847,0.3167,1.5,4,8,5,4,10,4,4,13,2,6,11,3,,,,,Steve Lord,Head Women's Soccer Coach,steven.lord@warner.edu,personal,,,records+db+v6+coach+grads,wikipedia:Warner University,,,,https://warnerroyals.com/sports/womens-soccer/coaches
washington_adventist_university,Washington Adventist University,womens-soccer,NAIA,Continental Athletic Conference,naiat2,Shock,0,,#103459,#f26722,,,,,42.83,844,0.3186,2.6,2,9,2,5,6,0,3,5,0,,,,,,,,Pedro Power,Head Women's Soccer Coach,ppower@wau.edu,inferred,,,records+db+v6+coach+grads,wikipedia:Washington Adventist University,,,,pattern_inference:high
wayland_baptist_university,Wayland Baptist University,womens-soccer,NAIA,Sooner Athletic Conference,naiat2,Pioneers,1,Pioneer Pete,#084a8e,#eec301,https://upload.wikimedia.org/wikipedia/en/9/9a/Wayland-baptist-university-logo.png?utm_source=en.wikipedia.org&utm_campaign=imageinfo&utm_content=original,,,,40.99,896,0.2644,4.3,5,8,4,4,9,2,2,11,2,7,11,3,,,,,Alex Castaneda,Head Coach,castanedaa@wbu.edu,personal,,,records+db+v6+coach+grads,wikipedia:Wayland Baptist University,,,,https://wbuathletics.com/sports/womens-soccer/coaches
webber_international_university,Webber International University,womens-soccer,NAIA,Sun Conference,naiat1,Warriors,1,,#234f33,#ae831f,https://upload.wikimedia.org/wikipedia/commons/2/2c/Webber_internat_univ_logo.png?utm_source=commons.wikimedia.org&utm_campaign=imageinfo&utm_content=original,webberathletics.com,,,45.35,742,0.3925,1.3,8,4,3,,,,3,8,2,4,9,2,,,,,Dustin Hooker,Head Women's Soccer Coach,hookerdm@webber.edu,personal,,,records+db+v6+coach+grads,wikipedia:Webber International University,,,,https://webberathletics.com/sports/womens-soccer/coaches
west_virginia_university_institute_of_technology,West Virginia University Institute of Technology,womens-soccer,NAIA,River States Conference,naiat2,Golden Bears,1,Monty,#00457c,#f0b310,https://upload.wikimedia.org/wikipedia/en/4/44/WVU_Tech_logo.svg?utm_source=en.wikipedia.org&utm_campaign=imageinfo&utm_content=original,,,,45.40,738,0.3943,2.2,1,16,1,4,13,1,6,5,6,12,5,3,,,,,Kate Carr,Head Coach,kaitlyn.franks@mail.wvu.edu,personal,,,records+db+v6+coach+grads,wikipedia:West Virginia University Institute of Technology,,,,https://goldenbearathletics.com/sports/womens-soccer/coaches
westcliff_university,Westcliff University,womens-soccer,NAIA,California Pacific Conference,naiat2,Warriors,1,,#00275a,#0273ae,,,1,Cal Pac,56.48,469,0.7200,3.0,12,5,2,3,7,3,12,1,3,17,2,1,,,,,Jack Gidney,Head Women's Soccer Coach,jackgidney@westcliff.edu,personal,,,records+db+v6+coach+grads,wikipedia:Westcliff University,,agent-research:2025-womens-soccer,won the 2025 Cal Pac tournament title (17-1-1 season),https://westcliffathletics.com/sports/wsoc/coaches/Jack_Gidney
wiley_university,Wiley University,womens-soccer,NAIA,HBCU Athletic Conference,naiat2,Wildcats,1,Wiley the Wildcat,#5c3a8c,#b1b6c1,https://upload.wikimedia.org/wikipedia/commons/0/08/Standard_Nameplate_Purple.png?utm_source=commons.wikimedia.org&utm_campaign=imageinfo&utm_content=original,,,,41.36,883,0.2754,1.6,,,,,,,2,7,1,,,,,,,,Andrew Benitez,Head Soccer Coach (Men's & Women's),abenitezpiraino@wileyc.edu,personal,,,records+db+v6+coach+grads,wikipedia:Wiley University,,,,https://www.wileyathletics.com/sports/msoc/coaches/head_coach
william_carey_university,William Carey University,womens-soccer,NAIA,Southern States Athletic Conference,naiat2,Crusaders,1,,#b01e24,,,,1,SSAC,62.92,353,0.9093,4.6,16,3,2,24,0,1,20,2,1,,,,,final,,,Jack Hartley,Head Coach,jhartley@wmcarey.edu,personal,,,records+db+v6+coach+grads,wikipedia:William Carey University,,agent-research:2025-womens-soccer,"beat Life 2-0 in the 2025 SSAC final, 5th straight title",https://careyathletics.com/sports/womens-soccer/coaches
william_penn_university,William Penn University,womens-soccer,NAIA,Heart of America Athletic Conference,naiat2,Statesmen,1,Statesmen,#00214d,#ffd204,,,,,38.06,993,0.1782,2.2,3,12,1,4,11,1,3,8,6,3,13,1,,,,,Kaleb Preston,Head Women's Soccer Coach,kaleb.preston@wmpenn.edu,personal,,,records+db+v6+coach+grads,wikipedia:William Penn University,,,,https://www.statesmenathletics.com/information/directory/bios/Kaleb_Preston
william_woods_university,William Woods University,womens-soccer,NAIA,Heart of America Athletic Conference,naiat2,Owls,1,Screech the Owl,#02493b,#7f2346,,wwuowls.com,,,43.83,797,0.3478,2.2,7,10,2,9,8,3,10,7,3,2,12,2,,,,,Tommy Nienhaus,Director of Soccer,Tommy.Nienhaus@williamwoods.edu,personal,,,records+db+v6+coach+grads,wikipedia:William Woods University,,,,https://wwuowls.com/sports/womens-soccer/coaches
williams_baptist_university,Williams Baptist University,womens-soccer,NAIA,American Midwest Conference,naiat2,Eagles,1,Eagle,#014fa3,,,ephsports.williams.edu,,,35.46,1068,0.1019,2.3,3,13,1,0,14,1,4,13,0,,,,,,,,Daniel Carney,Head Coach Women's Soccer,dcarney@williamsbu.edu,personal,,,records+db+v6+coach+grads,wikipedia:Williams Baptist University,,,,https://williamsbu.edu/staff-directory-work-in-progress/
xavier_university_of_louisiana,Xavier University of Louisiana,womens-soccer,NAIA,Red River Athletic Conference,naiat2,Gold Nuggets,1,,#ffc530,,https://upload.wikimedia.org/wikipedia/commons/f/fa/Xavier_univ_louisiana_simplelogo.png?utm_source=commons.wikimedia.org&utm_campaign=imageinfo&utm_content=original,,1,RRAC,54.68,497,0.6671,3.7,,,,13,6,0,14,6,2,12,3,4,,,,,Ashley Cordeiro,Women's Soccer Head Coach,acordeir@xula.edu,personal,,,records+db+v6+coach+grads,wikipedia:Xavier University of Louisiana,,agent-research:2025-womens-soccer,beat LSU Shreveport 2-0 to repeat as 2025 RRAC champion,https://xulagold.com/sports/womens-soccer/coaches
york_university_nebraska,York University (Nebraska),womens-soccer,NAIA,Kansas Collegiate Athletic Conference,naiat2,Panthers,1,,,,https://upload.wikimedia.org/wikipedia/commons/7/73/York_univ_nebraska_logo.png?utm_source=commons.wikimedia.org&utm_campaign=imageinfo&utm_content=original,,,,41.20,886,0.2705,2.7,1,15,1,5,7,5,9,7,5,3,12,3,,,,,Benny Hanaphy,Head Coach,bhanaphy@york.edu,personal,,,records+db+v6+coach+grads,wikipedia:York University (Nebraska),,,,https://yorkpanthers.com/sports/womens-soccer/coaches
