school_id,name,division,conference,conf_tier,2022_W,2022_L,2022_D,2023_W,2023_L,2023_D,2024_W,2024_L,2024_D,2025_W,2025_L,2025_D,2022_ps,2023_ps,2024_ps,2025_ps
abilene_christian,Abilene Christian,D1,UAC,d1t4,4,10,4,7,9,2,2,7,8,6,11,3,,,,
air_force,Air Force,D1,Mountain West,d1t3,7,7,4,6,9,3,5,10,3,8,7,4,,,,
akron,Akron,D1,MAC,d1t3,3,9,4,3,14,1,5,9,4,5,9,4,,,,
alabama,Alabama,D1,SEC,d1t1,23,3,1,12,5,5,10,6,5,11,9,2,semi,r32,,r32
alabama_a_m,Alabama A&M,D1,SWAC,d1t4,4,12,2,,,,7,11,1,9,9,1,,,,
alabama_state,Alabama State,D1,SWAC,d1t4,6,8,4,2,12,3,5,8,3,2,17,1,,,,
albany,Albany,D1,America East,d1t3,7,8,5,4,10,2,3,12,1,2,13,2,,,,
alcorn_state,Alcorn State,D1,SWAC,d1t4,5,9,4,5,11,1,,,,5,8,4,,,,
american,American,D1,Patriot,d1t3,3,6,6,3,9,4,6,6,3,3,10,4,,,,
appalachian_state,Appalachian State,D1,Sun Belt,d1t3,6,9,4,9,6,3,7,7,5,7,7,3,,,,
arizona,Arizona,D1,Big 12,d1t1,8,7,3,6,8,5,11,6,2,7,11,1,,,,
arizona_state,Arizona State,D1,Big 12,d1t1,9,6,3,10,7,4,8,8,3,10,5,4,appearance,appearance,,
arkansas,Arkansas,D1,SEC,d1t1,11,3,3,12,3,2,13,1,2,10,6,4,quarter,r32,r16,r32
arkansas_state,Arkansas State,D1,Sun Belt,d1t3,9,6,3,4,8,4,4,6,6,4,7,4,,,,
arkansas_pine_bluff,Arkansas-Pine Bluff,D1,SWAC,d1t4,9,10,1,9,11,1,1,12,2,,,,,,,
army,Army,D1,Patriot,d1t3,9,4,7,10,6,4,12,6,1,14,6,2,,,,appearance
auburn,Auburn,D1,SEC,d1t1,6,6,6,8,7,5,13,4,4,,,,,,r32,
austin_peay,Austin Peay,D1,UAC,d1t4,3,9,6,5,11,5,7,6,6,0,11,7,,,,
byu,BYU,D1,Big 12,d1t1,11,3,7,20,3,3,9,7,5,11,7,6,r16,semi,appearance,r16
ball_state,Ball State,D1,MAC,d1t3,7,5,8,8,8,3,7,8,3,10,7,3,,,,
baylor,Baylor,D1,Big 12,d1t1,4,11,2,9,7,3,8,8,5,14,5,4,,,,r16
bellarmine,Bellarmine,D1,ASUN,d1t3,1,7,9,4,9,5,5,12,3,11,6,3,,,,
belmont,Belmont,D1,Missouri Valley,d1t3,5,6,6,3,9,7,9,10,2,4,6,7,,,,
binghamton,Binghamton,D1,America East,d1t3,9,5,5,6,5,6,7,6,5,10,2,5,,,,
boise_state,Boise State,D1,Pac-12,d1t3,8,5,7,11,4,6,16,4,2,10,3,8,,,,
boston_college,Boston College,D1,ACC,d1t1,5,8,5,3,9,6,12,5,2,5,8,5,,,,
boston_university,Boston University,D1,Patriot,d1t3,11,8,1,7,7,6,6,8,7,11,5,3,,,appearance,
bowling_green,Bowling Green,D1,MAC,d1t3,9,5,5,10,6,2,7,7,4,10,3,9,,,,
brown,Brown,D1,Ivy League,d1t3,13,2,3,12,3,2,7,5,5,9,4,4,r32,r32,,
bryant,Bryant,D1,America East,d1t3,3,10,4,7,5,4,5,9,4,5,5,8,,,,
bucknell,Bucknell,D1,Patriot,d1t3,8,6,6,12,4,5,12,4,3,3,9,6,appearance,appearance,,
buffalo,Buffalo,D1,MAC,d1t3,15,2,4,7,5,6,11,2,7,12,5,2,appearance,,,
butler,Butler,D1,Big East,d1t2,7,7,5,6,8,6,10,4,5,5,4,8,,,,
cal_poly,Cal Poly,D1,Big West,d1t3,9,7,3,10,8,3,5,11,3,10,3,9,,,,appearance
cal_state_bakersfield,Cal State Bakersfield,D1,Big West,d1t3,4,8,6,3,10,4,8,10,5,8,9,2,,,,
cal_state_fullerton,Cal State Fullerton,D1,Big West,d1t3,9,6,5,8,5,7,6,9,4,14,3,3,,,,
cal_state_northridge,Cal State Northridge,D1,Big West,d1t3,3,15,1,1,13,5,5,11,3,8,7,5,,,,
california,California,D1,ACC,d1t1,10,5,6,7,6,6,13,6,2,8,3,8,appearance,,r32,
california_baptist,California Baptist,D1,Big West,d1t3,8,5,5,11,2,6,10,7,3,10,9,4,,,appearance,appearance
campbell,Campbell,D1,CAA,d1t3,11,3,4,4,6,7,6,9,3,4,7,5,,,,
canisius,Canisius,D1,Metro,d1t3,5,5,10,9,4,5,12,4,3,8,8,3,,,,
central_arkansas,Central Arkansas,D1,UAC,d1t4,6,9,4,8,7,5,9,7,2,6,9,2,,,,
central_connecticut,Central Connecticut,D1,NEC,d1t4,9,5,2,9,4,4,5,10,2,7,6,5,,appearance,,
central_michigan,Central Michigan,D1,MAC,d1t3,2,11,5,2,8,6,5,8,5,1,14,3,,,,
charleston,Charleston,D1,CAA,d1t3,8,7,3,2,10,5,11,4,5,8,6,3,,,,
charleston_southern,Charleston Southern,D1,Big South,d1t3,5,8,4,9,5,4,5,7,3,6,8,4,,,,
charlotte,Charlotte,D1,American,d1t2,4,11,4,9,7,4,4,8,7,10,6,2,,,,
chattanooga,Chattanooga,D1,Southern,d1t3,8,5,5,10,7,1,7,9,3,10,5,4,,,,
chicago_state,Chicago State,D1,NEC,d1t4,3,14,1,1,17,1,1,13,2,5,9,5,,,,
cincinnati,Cincinnati,D1,Big 12,d1t1,7,3,7,4,8,7,6,9,4,5,8,6,,,,
clemson,Clemson,D1,ACC,d1t1,8,5,5,18,4,4,6,8,3,8,6,5,appearance,semi,,r32
cleveland_state,Cleveland State,D1,Horizon,d1t3,7,6,4,4,10,3,2,14,1,4,6,7,,,,
coastal_carolina,Coastal Carolina,D1,Sun Belt,d1t3,3,10,4,3,12,2,8,7,6,3,5,8,,,,
colgate,Colgate,D1,Patriot,d1t3,3,10,4,5,13,2,5,10,4,9,6,4,,,,
colorado,Colorado,D1,Big 12,d1t1,8,7,5,13,5,3,12,5,5,17,4,3,,appearance,r32,r16
colorado_college,Colorado College,D1,Mountain West,d1t3,7,7,5,3,13,2,8,9,3,5,6,7,,,,
colorado_state,Colorado State,D1,Pac-12,d1t3,4,7,8,12,6,4,12,5,4,10,4,5,,,,
columbia,Columbia,D1,Ivy League,d1t3,7,5,3,11,5,3,7,5,4,6,7,3,,r32,,
cornell,Cornell,D1,Ivy League,d1t3,4,7,5,4,5,6,3,9,4,5,7,4,,,,
creighton,Creighton,D1,Big East,d1t2,8,4,8,4,9,5,8,7,2,7,8,4,,,,
dartmouth,Dartmouth,D1,Ivy League,d1t3,8,7,2,7,3,5,7,6,3,11,4,4,,,,appearance
davidson,Davidson,D1,Atlantic 10,d1t3,13,3,4,4,11,2,8,8,3,7,7,3,,,,
dayton,Dayton,D1,Atlantic 10,d1t3,16,4,1,13,2,5,14,4,2,15,4,3,,,,appearance
depaul,DePaul,D1,Big East,d1t2,3,12,1,6,7,4,5,8,7,4,12,2,,,,
delaware,Delaware,D1,CUSA,d1t3,2,11,5,5,5,8,6,7,6,10,2,6,,,,
delaware_state,Delaware State,D1,NEC,d1t4,2,14,2,0,15,1,0,17,1,6,10,3,,,,
denver,Denver,D1,West Coast,d1t2,11,4,4,9,2,7,11,6,2,9,5,4,,,,
detroit_mercy,Detroit Mercy,D1,Horizon,d1t3,6,10,1,7,9,3,10,8,2,2,13,3,,,,
drake,Drake,D1,Missouri Valley,d1t3,5,8,6,13,4,3,8,7,6,9,6,4,,,,
drexel,Drexel,D1,CAA,d1t3,11,3,5,7,8,3,4,9,4,3,7,8,,,,
duke,Duke,D1,ACC,d1t1,15,5,3,6,7,3,18,3,1,17,5,1,quarter,,semi,semi
duquesne,Duquesne,D1,Atlantic 10,d1t3,6,7,3,8,8,4,9,7,1,12,5,2,,,,
east_carolina,East Carolina,D1,American,d1t2,8,8,3,9,5,5,10,4,7,6,8,4,,,appearance,
east_tennessee_state,East Tennessee State,D1,Southern,d1t3,5,6,6,11,3,5,4,8,4,9,4,6,,,,
east_texas_a_m,East Texas A&M,D1,Southland,d1t4,9,9,2,9,7,3,9,10,3,7,8,4,,,,
eastern_illinois,Eastern Illinois,D1,Ohio Valley,d1t4,2,6,8,4,9,4,5,8,6,8,8,3,,,,
eastern_kentucky,Eastern Kentucky,D1,UAC,d1t4,9,7,2,5,8,6,12,8,3,10,4,5,,,,
eastern_michigan,Eastern Michigan,D1,MAC,d1t3,3,11,4,1,12,6,7,6,5,6,8,4,,,,
eastern_washington,Eastern Washington,D1,Big Sky,d1t4,5,8,5,2,14,1,9,5,5,8,7,4,,,,
elon,Elon,D1,CAA,d1t3,9,6,3,3,9,5,13,4,1,11,3,7,,,,appearance
evansville,Evansville,D1,Missouri Valley,d1t3,2,9,5,1,7,9,2,7,7,7,7,2,,,,
fiu,FIU,D1,CUSA,d1t3,3,8,4,8,6,4,13,5,2,7,6,4,,,appearance,
fairfield,Fairfield,D1,Metro,d1t3,14,4,0,10,6,4,18,3,1,15,2,2,,,appearance,
fairleigh_dickinson,Fairleigh Dickinson,D1,NEC,d1t4,8,11,3,,,,8,6,6,9,6,5,appearance,,,
florida,Florida,D1,SEC,d1t1,2,14,1,6,5,6,4,8,6,6,7,5,,,,
florida_atlantic,Florida Atlantic,D1,American,d1t2,11,8,3,8,7,5,3,11,4,4,12,3,,,,
florida_gulf_coast,Florida Gulf Coast,D1,ASUN,d1t3,12,6,2,12,5,5,11,6,2,11,5,2,appearance,appearance,,
florida_state,Florida State,D1,ACC,d1t1,17,3,3,22,0,1,15,2,4,16,2,4,semi,champion,r32,champion
fordham,Fordham,D1,Atlantic 10,d1t3,5,11,1,4,10,4,10,5,4,10,7,3,,,,
fresno_state,Fresno State,D1,Pac-12,d1t3,1,14,4,5,9,6,7,9,3,7,6,5,,,,
furman,Furman,D1,Southern,d1t3,8,9,2,7,5,7,10,7,3,10,4,5,,,,
gardner_webb,Gardner-Webb,D1,Big South,d1t3,9,7,5,4,12,2,4,11,4,4,11,3,,,,
george_mason,George Mason,D1,Atlantic 10,d1t3,1,10,7,,,,,,,4,10,4,,,,
george_washington,George Washington,D1,Atlantic 10,d1t3,7,5,6,4,11,3,4,11,3,5,9,4,,,,
georgetown,Georgetown,D1,Big East,d1t2,15,2,5,13,2,7,13,4,4,16,4,3,r32,r32,r32,r16
georgia,Georgia,D1,SEC,d1t1,13,6,3,13,4,6,8,7,6,10,5,6,r32,r16,appearance,appearance
georgia_southern,Georgia Southern,D1,Sun Belt,d1t3,8,4,5,12,6,1,6,11,2,2,10,6,,,,
georgia_state,Georgia State,D1,Sun Belt,d1t3,9,7,5,9,5,6,5,7,7,9,8,2,,,,
gonzaga,Gonzaga,D1,Pac-12,d1t3,10,3,5,14,4,2,10,7,2,8,9,2,,r32,,
grambling_state,Grambling State,D1,SWAC,d1t4,12,8,3,15,5,4,9,8,4,11,7,5,,appearance,,appearance
grand_canyon,Grand Canyon,D1,Mountain West,d1t3,11,7,2,14,5,4,11,6,3,8,8,2,,appearance,,
green_bay,Green Bay,D1,Horizon,d1t3,3,11,2,0,11,5,4,8,5,8,9,4,,,,
hampton,Hampton,D1,CAA,d1t3,1,14,1,,,,3,14,1,5,12,1,,,,
harvard,Harvard,D1,Ivy League,d1t3,12,2,3,13,4,2,7,4,5,5,6,3,r32,r32,,
hawaii,Hawaii,D1,Mountain West,d1t3,6,6,3,5,8,3,12,8,1,4,8,8,,,,
high_point,High Point,D1,Big South,d1t3,5,10,3,6,5,7,9,7,3,5,10,5,,,,appearance
hofstra,Hofstra,D1,CAA,d1t3,10,8,4,12,5,1,8,5,6,6,5,7,appearance,,,
holy_cross,Holy Cross,D1,Patriot,d1t3,2,11,4,5,7,5,5,11,2,6,7,6,,,,
houston,Houston,D1,Big 12,d1t1,6,7,3,8,8,2,4,12,1,7,4,7,,,,
houston_christian,Houston Christian,D1,Southland,d1t4,7,10,3,7,11,0,5,9,5,12,9,2,,,,appearance
howard,Howard,D1,NEC,d1t4,3,11,2,12,6,2,11,5,5,9,7,3,,,appearance,
iu_indy,IU Indy,D1,Horizon,d1t3,9,4,6,11,3,5,5,11,3,4,11,3,,,,
idaho,Idaho,D1,Big Sky,d1t4,12,3,3,12,5,2,12,5,3,6,5,9,,appearance,,
idaho_state,Idaho State,D1,Big Sky,d1t4,3,11,2,4,13,2,2,10,5,5,8,4,,,,
illinois,Illinois,D1,Big Ten,d1t1,7,7,4,6,8,3,8,8,2,13,6,2,,,,appearance
illinois_state,Illinois State,D1,Missouri Valley,d1t3,3,14,1,3,9,4,6,10,4,8,6,8,,,,
incarnate_word,Incarnate Word,D1,Southland,d1t4,3,10,3,6,8,2,8,8,3,4,8,4,,,,
indiana,Indiana,D1,Big Ten,d1t1,3,7,7,12,4,4,6,9,2,5,6,6,,appearance,,
indiana_state,Indiana State,D1,Missouri Valley,d1t3,2,11,3,2,6,10,10,6,5,8,6,6,,,,
iona,Iona,D1,Metro,d1t3,8,7,4,1,15,3,6,10,4,6,10,3,,,,
iowa,Iowa,D1,Big Ten,d1t1,5,6,7,9,4,4,13,2,3,12,5,4,,r32,r16,r32
iowa_state,Iowa State,D1,Big 12,d1t1,3,10,4,6,11,1,3,9,6,4,9,4,,,,
jackson_state,Jackson State,D1,SWAC,d1t4,11,8,1,,,,2,9,5,9,7,3,appearance,,,
jacksonville,Jacksonville,D1,ASUN,d1t3,6,5,5,3,11,4,4,10,4,9,5,5,,,,
jacksonville_state,Jacksonville State,D1,CUSA,d1t3,3,13,2,6,9,2,8,9,2,6,9,3,,,,
james_madison,James Madison,D1,Sun Belt,d1t3,12,4,5,9,5,8,12,4,5,9,4,6,,appearance,appearance,
kansas,Kansas,D1,Big 12,d1t1,9,9,2,4,8,6,13,6,4,16,6,3,,,appearance,r16
kansas_city,Kansas City,D1,Summit,d1t4,2,11,5,3,7,8,7,8,3,9,8,3,,,,
kansas_state,Kansas State,D1,Big 12,d1t1,6,10,3,3,12,3,3,12,3,7,6,5,,,,
kennesaw_state,Kennesaw State,D1,CUSA,d1t3,7,9,3,4,8,7,3,10,4,2,11,4,,,,
kent_state,Kent State,D1,MAC,d1t3,4,7,7,12,7,2,9,7,3,8,6,6,,,,
kentucky,Kentucky,D1,SEC,d1t1,7,9,2,9,4,6,11,5,5,12,4,5,,,r32,appearance
liu,LIU,D1,NEC,d1t4,4,12,3,7,8,2,5,10,1,7,5,5,,,,
lsu,LSU,D1,SEC,d1t1,7,3,4,8,7,3,8,7,3,15,6,4,r32,appearance,appearance,r16
la_salle,La Salle,D1,Atlantic 10,d1t3,8,8,2,12,6,3,8,5,5,7,8,3,,,,
lafayette,Lafayette,D1,Patriot,d1t3,3,11,3,7,8,1,5,6,4,5,8,7,,,,
lamar,Lamar,D1,Southland,d1t4,15,2,2,15,3,3,5,8,6,7,8,5,appearance,appearance,,
le_moyne,Le Moyne,D1,NEC,d1t4,5,8,3,2,12,4,2,15,2,2,13,4,,,,
lehigh,Lehigh,D1,Patriot,d1t3,8,7,3,7,5,5,3,9,5,3,11,3,,,,
liberty,Liberty,D1,CUSA,d1t3,14,3,4,16,3,1,15,2,4,14,4,4,,appearance,,appearance
lindenwood,Lindenwood,D1,Ohio Valley,d1t4,6,8,6,3,13,1,11,5,4,10,5,5,,,,
lipscomb,Lipscomb,D1,ASUN,d1t3,11,5,3,14,5,1,14,4,4,15,6,2,,,appearance,r32
little_rock,Little Rock,D1,UAC,d1t4,5,7,5,7,5,8,7,7,5,7,4,6,,,,
long_beach_state,Long Beach State,D1,Big West,d1t3,8,7,6,10,6,4,6,9,3,5,8,5,,,,
longwood,Longwood,D1,Big South,d1t3,5,9,4,5,7,5,4,9,6,9,7,3,,,,
louisiana,Louisiana,D1,Sun Belt,d1t3,3,9,5,7,9,2,7,5,8,7,6,5,,,,
louisiana_tech,Louisiana Tech,D1,Sun Belt,d1t3,7,9,3,6,11,3,2,10,5,4,13,2,,,,
louisiana_monroe,Louisiana-Monroe,D1,Sun Belt,d1t3,10,6,3,9,2,8,9,8,3,13,3,4,,,,
louisville,Louisville,D1,ACC,d1t1,6,8,2,4,9,5,7,6,5,13,5,3,,,,r32
loyola_md,Loyola (MD),D1,Patriot,d1t3,6,8,4,,,,8,6,5,5,5,8,,,,
loyola_chicago,Loyola Chicago,D1,Atlantic 10,d1t3,8,8,3,7,7,4,9,5,5,9,4,6,,,,
loyola_marymount,Loyola Marymount,D1,West Coast,d1t2,3,8,6,6,10,3,11,5,2,5,7,5,,,,
maine,Maine,D1,America East,d1t3,9,3,5,11,2,6,13,2,3,6,8,4,,appearance,appearance,appearance
manhattan,Manhattan,D1,Metro,d1t3,3,7,5,4,7,4,10,7,3,7,6,5,,,,
marist,Marist,D1,Metro,d1t3,5,7,5,2,9,5,3,11,3,6,8,5,,,,
marquette,Marquette,D1,Big East,d1t2,7,7,4,5,10,4,6,11,3,7,7,4,,,,
marshall,Marshall,D1,Sun Belt,d1t3,4,10,5,7,9,1,3,8,5,8,5,4,,,,
maryland,Maryland,D1,Big Ten,d1t1,4,8,5,3,10,5,4,10,5,6,11,1,,,,
mcneese,McNeese,D1,Southland,d1t4,5,9,4,9,8,4,4,14,1,4,12,4,,,,
memphis,Memphis,D1,American,d1t2,11,5,6,,,,13,2,4,17,1,3,r16,r16,,r32
mercer,Mercer,D1,Southern,d1t3,9,4,7,10,6,5,11,5,3,10,7,3,,,,
mercyhurst,Mercyhurst,D1,NEC,d1t4,10,6,4,16,4,1,4,11,4,3,13,3,,,,
merrimack,Merrimack,D1,Metro,d1t3,8,8,3,10,4,4,7,9,3,4,12,2,,,,
miami_fl,Miami (FL),D1,ACC,d1t1,5,8,3,3,10,4,5,8,4,7,8,3,,,,
miami_oh,Miami (OH),D1,MAC,d1t3,9,5,6,8,10,1,8,5,6,11,5,3,,,,
michigan,Michigan,D1,Big Ten,d1t1,7,8,3,7,7,4,3,13,2,6,8,4,,appearance,,
michigan_state,Michigan State,D1,Big Ten,d1t1,17,3,3,14,5,3,14,3,5,15,4,6,r32,r16,r16,quarter
middle_tennessee,Middle Tennessee,D1,CUSA,d1t3,2,12,3,6,9,3,8,10,1,11,6,3,,,,
milwaukee,Milwaukee,D1,Horizon,d1t3,12,4,3,12,3,5,12,7,2,13,5,3,appearance,appearance,appearance,appearance
minnesota,Minnesota,D1,Big Ten,d1t1,8,8,3,7,6,4,14,5,3,6,8,3,,,r16,
mississippi_state,Mississippi State,D1,SEC,d1t1,12,6,4,12,6,5,,,,12,7,1,r32,r16,r16,appearance
missouri,Missouri,D1,SEC,d1t1,5,8,4,5,9,3,5,10,2,4,10,3,,,,
missouri_state,Missouri State,D1,CUSA,d1t3,12,7,2,12,2,5,13,5,3,7,9,4,appearance,,appearance,
monmouth,Monmouth,D1,CAA,d1t3,13,2,3,11,6,2,12,3,5,10,6,2,,,,
montana,Montana,D1,Big Sky,d1t4,7,7,6,13,3,3,12,2,5,11,4,5,,,,appearance
morehead_state,Morehead State,D1,Ohio Valley,d1t4,7,7,4,9,6,5,9,8,6,3,13,2,,appearance,appearance,
mount_st_mary_s,Mount St. Mary's,D1,Metro,d1t3,3,6,7,7,9,3,6,9,3,3,12,2,,,,
murray_state,Murray State,D1,Missouri Valley,d1t3,7,12,3,6,8,6,5,8,5,10,4,5,,,,
nc_state,NC State,D1,ACC,d1t1,7,7,6,3,9,6,4,10,4,5,9,4,appearance,,,
njit,NJIT,D1,America East,d1t3,5,8,6,7,7,5,4,10,3,7,5,6,,,,
navy,Navy,D1,Patriot,d1t3,8,8,3,9,7,3,9,10,2,9,6,4,,,,
nebraska,Nebraska,D1,Big Ten,d1t1,8,7,5,17,4,3,6,10,1,8,5,5,,quarter,,
nevada,Nevada,D1,Mountain West,d1t3,3,12,3,6,10,5,6,13,2,2,14,2,,,,
new_hampshire,New Hampshire,D1,America East,d1t3,9,6,3,6,5,5,12,5,1,4,6,7,appearance,,,
new_haven,New Haven,D1,NEC,d1t4,5,10,3,3,13,0,3,9,6,0,15,1,,,,
new_mexico,New Mexico,D1,Mountain West,d1t3,7,3,8,5,6,6,7,6,5,8,5,6,,,,
new_mexico_state,New Mexico State,D1,CUSA,d1t3,13,5,3,10,6,3,11,6,3,2,12,4,appearance,,,
niagara,Niagara,D1,Metro,d1t3,11,8,1,5,10,3,5,8,4,6,8,2,,,,
nicholls,Nicholls,D1,Southland,d1t4,2,16,1,1,17,1,2,13,1,4,9,5,,,,
north_alabama,North Alabama,D1,UAC,d1t4,5,8,5,11,5,6,3,14,0,8,5,6,,,,
north_carolina,North Carolina,D1,ACC,d1t1,20,5,1,13,2,8,22,5,0,13,6,2,final,quarter,champion,r16
north_dakota,North Dakota,D1,Summit,d1t4,7,9,4,5,7,6,4,8,6,8,7,3,,,,
north_dakota_state,North Dakota State,D1,Summit,d1t4,8,9,3,5,6,6,10,5,4,5,12,1,,,,
north_florida,North Florida,D1,ASUN,d1t3,4,7,5,4,9,5,9,4,7,9,9,4,,,,
north_texas,North Texas,D1,American,d1t2,12,6,2,8,5,3,7,6,6,6,10,4,,,,
northeastern,Northeastern,D1,CAA,d1t3,10,6,4,8,4,6,2,9,7,3,7,6,,,,
northern_arizona,Northern Arizona,D1,Big Sky,d1t4,8,6,6,11,6,3,4,7,6,6,6,7,appearance,,,
northern_colorado,Northern Colorado,D1,Big Sky,d1t4,4,11,3,1,13,4,4,14,1,3,10,6,,,,
northern_illinois,Northern Illinois,D1,Horizon,d1t3,6,8,4,8,8,3,9,5,5,4,10,3,,,,
northern_iowa,Northern Iowa,D1,Missouri Valley,d1t3,6,6,8,13,5,1,9,6,4,4,9,3,,,,
northern_kentucky,Northern Kentucky,D1,Horizon,d1t3,2,11,2,8,4,8,12,7,1,10,3,6,,,,
northwestern,Northwestern,D1,Big Ten,d1t1,16,5,2,9,5,4,6,10,3,9,4,8,r16,,,appearance
northwestern_state,Northwestern State,D1,Southland,d1t4,12,4,3,6,10,3,11,8,2,13,5,3,,,,
notre_dame,Notre Dame,D1,ACC,d1t1,17,3,3,12,4,4,14,4,4,15,2,3,quarter,r32,quarter,r32
oakland,Oakland,D1,Horizon,d1t3,8,4,7,5,6,7,3,14,2,4,8,8,,,,
ohio,Ohio,D1,MAC,d1t3,10,7,2,9,8,5,11,5,4,5,9,5,,appearance,,
ohio_state,Ohio State,D1,Big Ten,d1t1,11,6,3,9,8,2,14,6,3,11,5,6,r32,appearance,r16,quarter
oklahoma,Oklahoma,D1,SEC,d1t1,9,8,3,8,10,2,10,7,1,10,5,4,,,,
oklahoma_state,Oklahoma State,D1,Big 12,d1t1,11,4,4,,,,14,5,3,4,13,2,,,appearance,
old_dominion,Old Dominion,D1,Sun Belt,d1t3,9,9,3,13,3,5,10,6,4,11,3,4,appearance,appearance,,
ole_miss,Ole Miss,D1,SEC,d1t1,9,7,4,7,7,3,5,13,1,4,8,3,,,,
omaha,Omaha,D1,Summit,d1t4,7,9,6,7,5,7,10,3,5,6,9,4,appearance,,,
oral_roberts,Oral Roberts,D1,Summit,d1t4,10,9,3,8,7,4,9,8,5,13,5,2,,,,
oregon,Oregon,D1,Big Ten,d1t1,4,8,7,0,16,3,5,11,2,3,10,5,,,,
oregon_state,Oregon State,D1,Pac-12,d1t3,5,10,4,4,8,7,7,9,2,2,12,5,,,,
pacific,Pacific,D1,West Coast,d1t2,7,3,10,9,9,1,2,17,1,4,9,6,,,,
penn,Penn,D1,Ivy League,d1t3,3,6,7,6,7,3,2,8,6,5,4,6,,,,
penn_state,Penn State,D1,Big Ten,d1t1,15,5,3,16,3,4,15,7,3,10,8,3,r16,quarter,quarter,r32
pepperdine,Pepperdine,D1,West Coast,d1t2,9,4,5,9,5,5,12,4,5,11,7,2,,appearance,appearance,appearance
pittsburgh,Pittsburgh,D1,ACC,d1t1,14,5,3,17,6,1,9,6,3,6,10,2,r16,quarter,,
portland,Portland,D1,West Coast,d1t2,12,5,4,10,4,3,9,5,6,10,3,6,r32,,,
portland_state,Portland State,D1,Big Sky,d1t4,5,8,5,8,8,2,4,9,5,4,9,4,,,,
prairie_view_a_m,Prairie View A&M,D1,SWAC,d1t4,2,11,0,3,12,1,1,12,4,5,11,2,,,,
presbyterian,Presbyterian,D1,Big South,d1t3,2,12,3,3,10,3,7,6,5,3,10,3,,,,
princeton,Princeton,D1,Ivy League,d1t3,9,7,1,10,5,4,,,,8,6,3,,r32,appearance,
providence,Providence,D1,Big East,d1t2,4,9,5,10,5,5,6,9,3,6,6,4,,appearance,,
purdue,Purdue,D1,Big Ten,d1t1,3,11,3,3,13,2,7,9,2,6,10,3,,,,
purdue_fort_wayne,Purdue Fort Wayne,D1,Horizon,d1t3,9,4,6,5,7,6,9,10,1,2,15,1,,,,
queens,Queens,D1,ASUN,d1t3,3,8,5,4,7,8,5,10,4,3,11,5,,,,
quinnipiac,Quinnipiac,D1,Metro,d1t3,15,3,1,13,4,1,14,5,1,8,3,6,appearance,appearance,,
radford,Radford,D1,Big South,d1t3,12,4,4,12,6,2,9,4,5,10,5,1,appearance,appearance,,
rhode_island,Rhode Island,D1,Atlantic 10,d1t3,3,9,6,4,9,6,7,8,3,13,5,3,,,,
rice,Rice,D1,American,d1t2,11,8,1,3,13,2,12,6,2,10,4,6,,,,
richmond,Richmond,D1,Atlantic 10,d1t3,3,10,4,3,11,4,4,10,3,4,7,7,,,,
rider,Rider,D1,Metro,d1t3,8,7,3,7,9,2,4,9,4,3,8,7,,,,
robert_morris,Robert Morris,D1,Horizon,d1t3,7,7,4,12,5,3,6,7,6,4,9,4,,,,
rutgers,Rutgers,D1,Big Ten,d1t1,13,5,2,9,7,4,11,5,5,4,7,5,appearance,appearance,appearance,
siu_edwardsville,SIU Edwardsville,D1,Ohio Valley,d1t4,8,6,4,5,6,6,2,7,7,3,12,5,appearance,,,
smu,SMU,D1,ACC,d1t1,10,4,5,11,6,1,6,9,2,8,8,2,,,,
sacramento_state,Sacramento State,D1,Big West,d1t3,4,9,5,4,9,5,5,7,9,6,11,1,,,appearance,
sacred_heart,Sacred Heart,D1,Metro,d1t3,11,5,5,6,9,4,3,11,5,11,9,2,,,,appearance
saint_joseph_s,Saint Joseph's,D1,Atlantic 10,d1t3,5,8,7,4,9,6,9,4,7,5,10,3,,,,
saint_louis,Saint Louis,D1,Atlantic 10,d1t3,20,2,0,19,3,2,15,2,6,14,4,2,appearance,r16,r32,
saint_mary_s,Saint Mary's,D1,West Coast,d1t2,5,6,7,10,5,3,7,7,4,12,2,4,,,,
saint_peter_s,Saint Peter's,D1,Metro,d1t3,4,13,1,,,,4,11,2,6,9,3,,,,
sam_houston,Sam Houston,D1,CUSA,d1t3,3,11,2,6,7,4,8,7,3,8,6,3,,,,
samford,Samford,D1,Southern,d1t3,11,4,7,12,4,5,12,7,3,13,3,5,appearance,,appearance,appearance
san_diego,San Diego,D1,West Coast,d1t2,2,12,5,1,15,2,3,11,5,4,7,7,,,,
san_diego_state,San Diego State,D1,Pac-12,d1t3,7,6,8,14,3,3,9,8,4,9,4,7,,,,
san_francisco,San Francisco,D1,West Coast,d1t2,8,5,6,6,9,3,5,11,2,3,11,4,,,,
san_jose_state,San Jose State,D1,Mountain West,d1t3,8,7,7,3,10,6,1,13,5,1,14,3,appearance,,,
santa_clara,Santa Clara,D1,West Coast,d1t2,11,7,3,14,5,2,13,4,4,8,6,5,r32,r32,r32,
seattle,Seattle,D1,West Coast,d1t2,11,6,3,10,9,2,10,3,6,10,3,6,,,,
seton_hall,Seton Hall,D1,Big East,d1t2,5,10,3,6,7,5,4,12,3,3,10,5,,,,
siena,Siena,D1,Metro,d1t3,2,11,5,4,9,4,10,8,2,9,5,6,,,,
south_alabama,South Alabama,D1,Sun Belt,d1t3,11,2,7,16,1,3,10,6,3,10,4,4,,,,
south_carolina,South Carolina,D1,SEC,d1t1,15,4,5,12,3,6,11,4,7,10,5,5,r16,r32,r32,appearance
south_carolina_state,South Carolina State,D1,Independent,d1t4,2,18,0,0,13,1,1,14,0,2,14,0,,,,
south_dakota,South Dakota,D1,Summit,d1t4,4,9,5,7,7,4,3,9,6,7,6,6,,,,
south_dakota_state,South Dakota State,D1,Summit,d1t4,13,1,5,13,4,3,15,5,2,13,3,6,,appearance,appearance,appearance
south_florida,South Florida,D1,American,d1t2,,,,10,6,2,12,2,5,9,8,3,,,,
southeast_missouri_state,Southeast Missouri State,D1,Ohio Valley,d1t4,8,6,3,7,6,6,3,11,3,2,15,2,,,,
southeastern_louisiana,Southeastern Louisiana,D1,Southland,d1t4,7,7,3,6,10,2,6,9,2,6,8,4,,,,
southern,Southern,D1,SWAC,d1t4,9,9,2,8,6,4,9,10,2,3,12,1,,,appearance,
southern_illinois,Southern Illinois,D1,Missouri Valley,d1t3,8,5,4,1,11,5,6,8,5,10,6,3,,,,
southern_indiana,Southern Indiana,D1,Ohio Valley,d1t4,5,8,4,4,8,7,5,9,5,9,7,5,,,,
southern_miss,Southern Miss,D1,Sun Belt,d1t3,2,10,4,6,9,3,3,7,5,2,14,1,,,,
southern_utah,Southern Utah,D1,Big Sky,d1t4,9,6,2,3,11,5,2,10,5,3,12,3,,,,
st_bonaventure,St. Bonaventure,D1,Atlantic 10,d1t3,3,8,6,3,8,6,2,13,3,3,13,2,,,,
st_john_s,St. John's,D1,Big East,d1t2,7,5,7,10,6,3,6,7,5,3,9,5,,,,
st_thomas,St. Thomas,D1,Summit,d1t4,6,8,3,3,7,5,5,9,3,,,,,,,
stanford,Stanford,D1,ACC,d1t1,17,2,3,20,1,4,16,5,2,21,2,2,r32,final,appearance,final
stephen_f_austin,Stephen F. Austin,D1,Southland,d1t4,6,11,1,2,14,2,14,4,2,8,4,10,,,appearance,
stetson,Stetson,D1,ASUN,d1t3,6,11,1,3,12,3,8,11,0,5,14,0,,,,
stonehill,Stonehill,D1,NEC,d1t4,4,13,1,2,13,3,8,10,1,6,8,4,,,,
stony_brook,Stony Brook,D1,CAA,d1t3,7,8,4,6,6,6,14,4,3,12,6,2,,,appearance,
syracuse,Syracuse,D1,ACC,d1t1,8,7,3,2,14,2,6,10,2,5,9,4,,,,
tcu,TCU,D1,Big 12,d1t1,14,5,5,10,6,3,17,4,2,18,3,3,r16,,r32,semi
tarleton_state,Tarleton State,D1,UAC,d1t4,6,9,3,4,12,3,9,8,3,7,7,6,,,,
temple,Temple,D1,American,d1t2,1,11,4,2,13,3,,,,,,,,,,
tennessee,Tennessee,D1,SEC,d1t1,11,6,2,9,7,4,9,7,4,12,4,3,appearance,r32,appearance,appearance
tennessee_tech,Tennessee Tech,D1,Southern,d1t3,8,5,5,9,6,4,6,8,6,,,,,,,appearance
texas,Texas,D1,SEC,d1t1,15,3,4,17,5,2,17,4,2,4,12,1,r32,r16,r32,
texas_a_m,Texas A&M,D1,SEC,d1t1,9,7,5,10,8,4,8,9,2,5,7,5,appearance,r32,,
texas_a_m_corpus_christi,Texas A&M-Corpus Christi,D1,Southland,d1t4,8,9,1,7,8,4,10,5,5,5,8,6,,,,
texas_southern,Texas Southern,D1,SWAC,d1t4,5,10,3,7,13,1,9,9,2,8,7,4,,,,
texas_state,Texas State,D1,Pac-12,d1t3,12,5,2,9,7,4,12,5,5,10,4,7,,,,appearance
texas_tech,Texas Tech,D1,Big 12,d1t1,9,4,6,16,2,5,15,5,2,14,2,5,,r16,r32,r32
the_citadel,The Citadel,D1,Southern,d1t3,10,9,0,3,9,6,4,11,3,5,9,3,,,,
toledo,Toledo,D1,MAC,d1t3,2,10,6,7,9,2,6,7,5,4,8,6,,,,
towson,Towson,D1,CAA,d1t3,12,3,5,15,3,2,6,4,9,5,5,6,,appearance,,
troy,Troy,D1,Sun Belt,d1t3,3,9,4,6,10,2,5,9,3,5,9,3,,,,
tulsa,Tulsa,D1,American,d1t2,7,7,3,5,9,5,7,9,4,9,6,5,,,,
uab,UAB,D1,American,d1t2,9,4,5,6,7,5,7,5,5,7,6,6,,,,
uc_davis,UC Davis,D1,Mountain West,d1t3,9,6,4,10,7,2,13,5,2,3,12,4,,,,
uc_irvine,UC Irvine,D1,Big West,d1t3,11,6,7,10,8,6,6,7,6,8,5,7,r16,r16,,
uc_riverside,UC Riverside,D1,Big West,d1t3,2,9,7,2,10,7,2,13,4,0,16,2,,,,
uc_san_diego,UC San Diego,D1,Big West,d1t3,3,10,6,5,8,5,3,12,4,5,6,8,,,,
uc_santa_barbara,UC Santa Barbara,D1,Big West,d1t3,5,9,6,4,8,7,8,6,9,13,5,5,,,appearance,
ucf,UCF,D1,Big 12,d1t1,9,2,7,10,7,1,3,6,6,12,4,5,r32,,,r32
ucla,UCLA,D1,Big Ten,d1t1,22,2,1,16,2,1,17,4,3,12,5,4,champion,appearance,r32,r32
uconn,UConn,D1,Big East,d1t2,8,6,4,10,4,5,14,5,4,11,4,3,,,r32,
uic,UIC,D1,Missouri Valley,d1t3,5,6,6,6,8,5,8,10,2,8,8,6,,,,appearance
umbc,UMBC,D1,America East,d1t3,5,8,4,3,11,4,5,12,1,6,8,4,,,,
umass,UMass,D1,MAC,d1t3,5,9,5,9,5,4,13,5,3,5,8,4,,,,
umass_lowell,UMass Lowell,D1,America East,d1t3,7,7,4,5,6,7,6,10,3,6,5,6,,,,
unc_asheville,UNC Asheville,D1,Big South,d1t3,4,10,3,7,6,4,4,12,1,5,9,3,,,,
unc_greensboro,UNC Greensboro,D1,Southern,d1t3,10,7,4,7,9,3,5,9,5,4,12,3,,,,
unc_wilmington,UNC Wilmington,D1,CAA,d1t3,7,7,3,5,9,3,4,9,5,11,3,4,,,,
unlv,UNLV,D1,Mountain West,d1t3,5,9,5,7,7,6,7,11,2,4,10,5,,,,
usc,USC,D1,Big Ten,d1t1,12,3,3,11,5,3,18,1,4,7,7,3,appearance,r32,quarter,
usc_upstate,USC Upstate,D1,Big South,d1t3,9,5,4,11,4,4,10,5,4,10,6,3,,,appearance,
ut_martin,UT Martin,D1,Ohio Valley,d1t4,4,9,5,5,8,6,4,11,3,3,7,9,,,,
ut_rio_grande_valley,UT Rio Grande Valley,D1,Southland,d1t4,3,12,3,3,10,4,7,7,5,6,10,2,,,,
utep,UTEP,D1,Mountain West,d1t3,4,11,3,2,11,4,5,8,4,3,9,5,,,,
utsa,UTSA,D1,American,d1t2,12,6,4,7,7,4,8,7,3,10,6,6,appearance,,,appearance
utah,Utah,D1,Big 12,d1t1,6,7,6,6,8,6,8,6,5,7,10,3,,,,
utah_state,Utah State,D1,Pac-12,d1t3,8,5,8,14,8,1,18,1,5,10,6,7,,appearance,appearance,appearance
utah_tech,Utah Tech,D1,Big Sky,d1t4,10,6,2,8,7,5,5,7,5,8,7,5,,,,
utah_valley,Utah Valley,D1,Big West,d1t3,14,5,3,10,4,5,12,5,2,14,5,3,appearance,,,appearance
vcu,VCU,D1,Atlantic 10,d1t3,8,3,8,5,9,4,4,9,5,7,10,3,,,,
vmi,VMI,D1,Southern,d1t3,1,17,2,2,17,0,6,11,2,2,17,1,,,,
valparaiso,Valparaiso,D1,Missouri Valley,d1t3,8,7,4,11,6,6,4,13,1,5,8,4,,appearance,,
vanderbilt,Vanderbilt,D1,SEC,d1t1,11,3,3,8,5,5,9,2,6,18,4,2,r32,,r16,quarter
vermont,Vermont,D1,America East,d1t3,4,9,3,10,7,1,8,5,5,8,4,6,,,,
villanova,Villanova,D1,Big East,d1t2,4,8,4,4,7,7,5,7,6,9,8,1,,,,
virginia,Virginia,D1,ACC,d1t1,16,4,3,8,3,6,13,5,1,14,3,5,quarter,,r32,r16
virginia_tech,Virginia Tech,D1,ACC,d1t1,10,7,2,7,8,3,14,6,3,4,10,4,appearance,,quarter,
wagner,Wagner,D1,NEC,d1t4,4,12,1,8,8,4,8,5,6,11,3,6,,,,appearance
wake_forest,Wake Forest,D1,ACC,d1t1,9,7,3,10,3,5,16,4,4,11,5,4,appearance,,final,r32
washington,Washington,D1,Big Ten,d1t1,10,6,3,9,5,5,10,7,4,15,3,7,,,r32,quarter
washington_state,Washington State,D1,Pac-12,d1t3,8,7,4,9,6,4,8,5,6,7,7,5,,,,
weber_state,Weber State,D1,Big Sky,d1t4,,,,1,9,5,2,13,5,12,6,2,,,,
west_florida,West Florida,D1,ASUN,d1t3,18,4,1,15,3,1,17,1,4,18,1,2,,,,
west_georgia,West Georgia,D1,UAC,d1t4,6,7,5,6,7,4,2,14,1,4,13,2,,,,
west_virginia,West Virginia,D1,Big 12,d1t1,11,5,7,7,8,4,12,5,3,14,3,4,r32,,appearance,r32
western_carolina,Western Carolina,D1,Southern,d1t3,5,8,5,13,5,3,15,3,3,10,6,4,,appearance,,
western_illinois,Western Illinois,D1,Ohio Valley,d1t4,4,10,3,3,8,5,1,14,1,1,17,1,,,,
western_kentucky,Western Kentucky,D1,CUSA,d1t3,7,9,3,6,5,7,3,8,5,9,5,3,,,,
western_michigan,Western Michigan,D1,MAC,d1t3,5,9,5,12,4,3,13,2,6,16,4,1,,,appearance,appearance
william_mary,William & Mary,D1,CAA,d1t3,7,8,4,9,4,7,8,10,0,7,7,4,,,,
winthrop,Winthrop,D1,Big South,d1t3,4,8,3,4,8,2,3,7,4,4,6,6,,,,
wisconsin,Wisconsin,D1,Big Ten,d1t1,11,5,3,14,5,4,10,6,5,14,6,2,,r32,r16,r32
wofford,Wofford,D1,Southern,d1t3,9,8,3,5,11,4,6,12,2,6,9,6,,,,
wright_state,Wright State,D1,Horizon,d1t3,8,7,3,6,7,5,5,10,2,7,7,5,,,,
wyoming,Wyoming,D1,Mountain West,d1t3,,,,6,8,5,4,6,9,7,6,6,,,,
xavier,Xavier,D1,Big East,d1t2,14,4,5,14,4,4,15,4,2,16,4,2,r32,appearance,,r32
yale,Yale,D1,Ivy League,d1t3,7,5,3,5,6,5,8,7,1,3,11,1,,,,
youngstown_state,Youngstown State,D1,Horizon,d1t3,9,8,3,7,7,3,5,11,2,8,10,2,,,,
adams_state,Adams State,D2,Rocky Mountain Athletic Conference,d2t1,4,11,1,3,9,5,3,12,2,9,8,3,,,,
adelphi,Adelphi,D2,Northeast-10 Conference,d2t1,12,6,2,15,4,5,12,4,1,10,6,1,,,,
alabama_huntsville,Alabama Huntsville,D2,Gulf South Conference,d2t1,5,7,5,8,6,3,5,8,3,6,9,2,,,,
allen,Allen,D2,Independent,d2t1,,,,6,11,1,0,10,1,0,5,1,,,,
american_international,American International,D2,Northeast-10 Conference,d2t1,5,8,3,7,7,1,5,7,4,3,10,2,,,,
anderson_sc,Anderson (SC),D2,South Atlantic Conference,d2t1,10,4,4,8,7,2,9,7,2,11,6,2,,,,
angelo_state,Angelo State,D2,Lone Star Conference,d2t1,13,4,3,9,7,4,14,2,5,9,5,5,,,,
ashland,Ashland,D2,Great Midwest Athletic Conference,d2t1,15,3,3,19,1,4,17,2,2,14,3,5,,,,
assumption,Assumption,D2,Northeast-10 Conference,d2t1,5,6,6,3,4,9,7,5,6,6,6,3,,,,
auburn_montgomery,Auburn Montgomery,D2,Gulf South Conference,d2t1,3,11,2,4,12,2,4,10,2,1,13,2,,,,
augustana_sd,Augustana (SD),D2,Northern Sun Intercollegiate Conference,d2t1,11,7,2,9,7,3,10,5,4,11,5,3,,,,
barry,Barry,D2,Sunshine State Conference,d2t1,8,5,4,6,7,3,8,7,2,5,5,9,,,,
barton,Barton,D2,Conference Carolinas,d2t1,5,8,2,7,6,5,5,8,5,4,11,1,,,,
belmont_abbey,Belmont Abbey,D2,Conference Carolinas,d2t1,10,8,2,11,3,4,12,4,4,16,5,1,,,,
bemidji_state,Bemidji State,D2,Northern Sun Intercollegiate Conference,d2t1,16,3,6,13,4,6,9,7,3,14,3,4,,,,
bentley,Bentley,D2,Northeast-10 Conference,d2t1,7,8,3,5,7,4,8,4,7,6,7,4,,,,
biola,Biola,D2,Pacific West Conference,d2t1,4,11,2,5,9,3,5,8,5,3,5,9,,,,
black_hills_state,Black Hills State,D2,Rocky Mountain Athletic Conference,d2t1,1,13,2,3,12,2,3,11,4,4,9,5,,,,
bluefield_state,Bluefield State,D2,Independent,d2t1,7,7,3,5,12,1,3,6,3,4,11,1,,,,
bridgeport,Bridgeport,D2,Central Atlantic Collegiate Conference,d2t1,13,3,5,10,8,3,7,8,3,4,9,5,,,,
cal_poly_humboldt,Cal Poly Humboldt,D2,California Collegiate Athletic Association,d2t1,7,5,6,13,5,2,8,8,3,8,6,8,,,,
cal_poly_pomona,Cal Poly Pomona,D2,California Collegiate Athletic Association,d2t1,6,9,3,11,5,3,22,1,2,18,3,3,,,champion,
cal_state_dominguez_hills,Cal State Dominguez Hills,D2,California Collegiate Athletic Association,d2t1,1,13,4,1,15,2,5,6,6,5,11,2,,,,
cal_state_east_bay,Cal State East Bay,D2,California Collegiate Athletic Association,d2t1,2,12,3,7,6,4,11,6,3,7,9,3,,,,
cal_state_los_angeles,Cal State Los Angeles,D2,California Collegiate Athletic Association,d2t1,11,4,6,9,3,9,9,4,5,7,5,6,,,,
cal_state_monterey_bay,Cal State Monterey Bay,D2,California Collegiate Athletic Association,d2t1,7,6,5,4,8,5,7,4,8,6,9,3,,,,
cal_state_san_bernardino,Cal State San Bernardino,D2,California Collegiate Athletic Association,d2t1,7,6,4,8,6,4,5,6,6,8,6,5,,,,
cal_state_san_marcos,Cal State San Marcos,D2,California Collegiate Athletic Association,d2t1,6,5,7,11,3,6,7,6,5,7,5,5,,,,
cal_state_stanislaus,Cal State Stanislaus,D2,California Collegiate Athletic Association,d2t1,10,4,4,8,6,5,10,8,2,11,5,4,,,,
caldwell,Caldwell,D2,Central Atlantic Collegiate Conference,d2t1,7,7,5,7,4,5,12,5,2,13,3,4,,,,
carson_newman,Carson-Newman,D2,South Atlantic Conference,d2t1,9,4,4,,,,,,,,,,,,,
catawba,Catawba,D2,South Atlantic Conference,d2t1,16,3,3,19,3,1,11,3,5,17,1,4,,,,
cedarville,Cedarville,D2,Great Midwest Athletic Conference,d2t1,17,4,1,16,5,1,11,6,3,12,3,7,,,,
central_missouri,Central Missouri,D2,Mid-America Intercollegiate Athletics Association,d2t1,19,2,2,16,5,2,17,5,2,11,6,4,,,,
central_oklahoma,Central Oklahoma,D2,Mid-America Intercollegiate Athletics Association,d2t1,11,5,4,6,7,6,12,7,4,10,6,5,,,,
central_washington,Central Washington,D2,Great Northwest Athletic Conference,d2t1,3,11,4,3,12,4,1,11,5,4,7,6,,,,
chaminade,Chaminade,D2,Pacific West Conference,d2t1,7,6,3,7,4,5,6,5,5,1,5,8,,,,
charleston_wv,Charleston (WV),D2,Mountain East Conference,d2t1,,,,18,1,3,,,,10,8,3,,,,
chestnut_hill,Chestnut Hill,D2,Central Atlantic Collegiate Conference,d2t1,9,6,5,5,9,2,5,8,2,9,8,1,,,,
chico_state,Chico State,D2,California Collegiate Athletic Association,d2t1,9,5,5,11,7,1,6,6,6,10,6,4,,,,
chowan,Chowan,D2,Conference Carolinas,d2t1,5,10,2,3,7,5,4,9,3,7,9,1,,,,
christian_brothers,Christian Brothers,D2,Gulf South Conference,d2t1,9,6,3,6,9,3,0,15,1,3,12,1,,,,
clayton_state,Clayton State,D2,Peach Belt Conference,d2t1,3,10,2,7,7,3,8,3,6,4,11,2,,,,
coker,Coker,D2,South Atlantic Conference,d2t1,4,8,3,7,8,2,9,6,2,,,,,,,
colorado_christian,Colorado Christian,D2,Rocky Mountain Athletic Conference,d2t1,3,13,0,3,10,4,6,8,4,3,8,6,,,,
colorado_mesa,Colorado Mesa,D2,Rocky Mountain Athletic Conference,d2t1,10,8,1,18,4,1,14,2,4,14,4,2,,,,
colorado_school_of_mines,Colorado School of Mines,D2,Rocky Mountain Athletic Conference,d2t1,18,2,3,15,4,3,20,1,2,14,2,5,,,,
colorado_state_pueblo,Colorado State-Pueblo,D2,Rocky Mountain Athletic Conference,d2t1,5,12,2,7,5,6,4,10,4,4,9,6,,,,
columbus_state,Columbus State,D2,Peach Belt Conference,d2t1,19,3,2,15,4,2,22,1,2,14,6,1,,,,
commonwealth_university_bloomsburg,Commonwealth University-Bloomsburg,D2,Pennsylvania State Athletic Conference,d2t1,14,5,2,8,6,5,9,5,5,10,7,2,,,,
commonwealth_university_lock_haven,Commonwealth University-Lock Haven,D2,Pennsylvania State Athletic Conference,d2t1,3,10,5,4,13,1,3,11,4,4,10,2,,,,
commonwealth_university_mansfield,Commonwealth University-Mansfield,D2,Pennsylvania State Athletic Conference,d2t1,2,14,2,3,12,3,0,15,3,,,,,,,
concord,Concord,D2,Mountain East Conference,d2t1,12,5,2,12,7,2,11,7,1,11,6,3,,,,
concordia_irvine,Concordia Irvine,D2,Pacific West Conference,d2t1,14,5,2,13,3,2,13,3,2,10,3,4,,,,
concordia_st_paul,Concordia-St. Paul,D2,Northern Sun Intercollegiate Conference,d2t1,7,7,5,9,7,4,13,4,4,12,3,5,,,,
converse,Converse,D2,Conference Carolinas,d2t1,4,12,1,5,7,4,9,7,3,7,10,3,,,,
dyouville,D'Youville,D2,East Coast Conference,d2t1,3,12,1,4,9,3,1,12,2,2,11,3,,,,
daemen,Daemen,D2,East Coast Conference,d2t1,5,10,2,9,5,3,9,9,0,11,6,1,,,,
dallas_baptist,Dallas Baptist,D2,Lone Star Conference,d2t1,17,2,1,14,1,4,16,3,3,20,2,0,,,,
davenport,Davenport,D2,Great Lakes Intercollegiate Athletic Conference,d2t1,4,10,5,5,7,6,8,4,8,4,12,3,,,,
davis_and_elkins,Davis & Elkins,D2,Mountain East Conference,d2t1,9,8,1,2,14,2,2,15,1,2,11,5,,,,
delta_state,Delta State,D2,Gulf South Conference,d2t1,10,7,2,4,12,2,5,5,6,7,6,4,,,,
dominican_ca,Dominican (CA),D2,Pacific West Conference,d2t1,5,8,5,5,10,3,7,10,1,9,2,9,,,,
dominican_ny,Dominican (NY),D2,Central Atlantic Collegiate Conference,d2t1,7,8,2,6,7,3,7,8,2,4,11,3,,,,
drury,Drury,D2,Great Lakes Valley Conference,d2t1,6,3,8,12,4,3,16,3,4,10,3,8,,,,
east_central,East Central,D2,Great American Conference,d2t1,3,10,5,1,12,5,5,10,3,1,13,4,,,,
east_stroudsburg,East Stroudsburg,D2,Pennsylvania State Athletic Conference,d2t1,9,7,3,10,5,4,8,3,7,5,9,3,,,,
eastern_new_mexico,Eastern New Mexico,D2,Lone Star Conference,d2t1,5,10,2,1,12,5,3,13,1,,,,,,,
eckerd,Eckerd,D2,Sunshine State Conference,d2t1,5,5,4,10,7,2,4,6,6,7,5,5,,,,
edward_waters,Edward Waters,D2,Independent,d2t1,3,11,1,9,6,2,6,7,2,6,11,1,,,,
embry–riddle_aeronautical,Embry–Riddle Aeronautical,D2,Sunshine State Conference,d2t1,14,1,5,14,2,3,8,8,3,6,3,9,,,,
emmanuel_ga,Emmanuel (GA),D2,Conference Carolinas,d2t1,9,8,2,5,10,1,5,10,2,6,7,4,,,,
emory_and_henry,Emory & Henry,D2,South Atlantic Conference,d2t1,3,11,2,3,9,5,7,8,2,8,6,3,,,,
emporia_state,Emporia State,D2,Mid-America Intercollegiate Athletics Association,d2t1,13,6,5,14,6,4,6,8,3,9,6,5,,,,
erskine,Erskine,D2,Conference Carolinas,d2t1,0,16,1,0,15,1,2,10,1,3,10,2,,,,
fairmont_state,Fairmont State,D2,Mountain East Conference,d2t1,12,4,5,7,10,2,12,7,1,17,2,3,,,,
felician,Felician,D2,Central Atlantic Collegiate Conference,d2t1,2,14,2,1,12,3,2,12,3,4,7,7,,,,
ferris_state,Ferris State,D2,Great Lakes Intercollegiate Athletic Conference,d2t1,14,6,5,7,9,4,8,7,4,8,5,6,,,,
ferrum,Ferrum,D2,Conference Carolinas,d2t1,6,9,2,7,9,1,13,5,1,8,9,2,,,,
findlay,Findlay,D2,Great Midwest Athletic Conference,d2t1,10,6,3,11,5,4,10,5,3,12,4,4,,,,
flagler,Flagler,D2,Peach Belt Conference,d2t1,14,3,4,11,5,3,8,4,6,10,7,3,,,,
florida_southern,Florida Southern,D2,Sunshine State Conference,d2t1,13,2,4,9,7,3,5,7,5,9,3,6,,,,
florida_tech,Florida Tech,D2,Sunshine State Conference,d2t1,8,6,3,17,3,3,13,3,3,17,3,6,,,,champion
fort_hays_state,Fort Hays State,D2,Mid-America Intercollegiate Athletics Association,d2t1,11,3,7,13,5,3,7,8,4,3,11,3,,,,
fort_lewis,Fort Lewis,D2,Rocky Mountain Athletic Conference,d2t1,,,,9,4,6,9,6,6,11,5,3,,,,
francis_marion,Francis Marion,D2,Conference Carolinas,d2t1,4,9,3,8,6,4,12,3,4,,,,,,,
franklin_pierce,Franklin Pierce,D2,Northeast-10 Conference,d2t1,16,4,3,7,5,6,20,4,1,17,3,5,,,,final
fresno_pacific,Fresno Pacific,D2,California Collegiate Athletic Association,d2t1,8,7,2,2,13,2,4,8,4,4,8,5,,,,
frostburg_state,Frostburg State,D2,Mountain East Conference,d2t1,18,2,2,17,3,2,15,4,2,10,5,4,,,,
gannon,Gannon,D2,Pennsylvania State Athletic Conference,d2t1,15,4,4,17,5,3,16,2,4,16,3,2,,,,
georgia_college,Georgia College,D2,Peach Belt Conference,d2t1,5,8,3,8,8,2,9,7,3,7,7,4,,,,
georgia_southwestern,Georgia Southwestern,D2,Peach Belt Conference,d2t1,4,8,4,6,9,3,7,8,1,4,8,3,,,,
georgian_court,Georgian Court,D2,Central Atlantic Collegiate Conference,d2t1,4,7,7,6,7,6,12,6,2,6,10,1,,,,
goldey_beacom,Goldey-Beacom,D2,Central Atlantic Collegiate Conference,d2t1,9,8,1,4,7,6,5,11,1,6,9,3,,,,
grand_valley_state,Grand Valley State,D2,Great Lakes Intercollegiate Athletic Conference,d2t1,16,2,5,14,4,6,15,1,8,19,2,1,,,,
harding,Harding,D2,Great American Conference,d2t1,2,10,6,4,8,6,7,8,3,12,7,2,,,,
hawaii_hilo,Hawaii Hilo,D2,Pacific West Conference,d2t1,13,1,3,10,2,3,14,3,3,8,3,6,,,,
hawaii_pacific,Hawaii Pacific,D2,Pacific West Conference,d2t1,5,8,3,1,9,5,3,8,2,2,8,5,,,,
holy_family,Holy Family,D2,Central Atlantic Collegiate Conference,d2t1,7,5,8,7,8,4,6,10,1,3,11,3,,,,
iup,IUP,D2,Pennsylvania State Athletic Conference,d2t1,5,4,8,5,9,4,11,3,4,14,3,2,,,,
indianapolis,Indianapolis,D2,Great Lakes Valley Conference,d2t1,5,7,5,4,8,5,8,9,1,1,11,4,,,,
jamestown,Jamestown,D2,Northern Sun Intercollegiate Conference,d2t1,14,6,2,5,9,3,10,8,0,2,13,2,,,,
jefferson,Jefferson,D2,Central Atlantic Collegiate Conference,d2t1,11,7,1,13,4,3,19,1,3,17,3,1,,,,
jessup,Jessup,D2,Pacific West Conference,d2t1,3,9,2,5,10,2,4,12,2,1,9,5,,,,
kentucky_wesleyan,Kentucky Wesleyan,D2,Great Midwest Athletic Conference,d2t1,,,,2,13,1,,,,1,14,3,,,,
king_tn,King (TN),D2,Conference Carolinas,d2t1,1,12,3,6,10,1,2,10,3,6,9,1,,,,
kutztown,Kutztown,D2,Pennsylvania State Athletic Conference,d2t1,11,6,4,15,2,5,12,5,6,13,6,1,,,,
lake_erie,Lake Erie,D2,Great Midwest Athletic Conference,d2t1,1,14,2,3,14,1,3,13,2,10,5,4,,,,
lander,Lander,D2,Peach Belt Conference,d2t1,7,5,6,10,4,4,9,4,5,14,4,2,,,,
lee_tn,Lee (TN),D2,Gulf South Conference,d2t1,12,4,5,16,1,4,7,5,6,11,4,3,,,,
lees_mcrae,Lees-McRae,D2,Conference Carolinas,d2t1,8,6,4,3,8,6,10,2,4,8,9,2,,,,
lenoir_rhyne,Lenoir-Rhyne,D2,South Atlantic Conference,d2t1,12,4,3,17,1,5,13,2,5,13,5,3,,,,
lewis,Lewis,D2,Great Lakes Valley Conference,d2t1,9,6,2,9,6,6,3,13,1,7,6,5,,,,
lincoln_mo,Lincoln (MO),D2,Great Lakes Valley Conference,d2t1,,,,,,,5,13,0,1,10,4,,,,
lincoln_pa,Lincoln (PA),D2,Central Atlantic Collegiate Conference,d2t1,1,13,0,1,11,2,3,12,0,0,15,1,,,,
lincoln_memorial,Lincoln Memorial,D2,South Atlantic Conference,d2t1,4,11,0,8,7,3,10,5,3,8,6,4,,,,
lubbock_christian,Lubbock Christian,D2,Lone Star Conference,d2t1,8,3,8,7,7,3,8,7,3,8,7,3,,,,
lynn,Lynn,D2,Sunshine State Conference,d2t1,6,8,1,7,9,1,4,6,7,2,10,4,,,,
malone,Malone,D2,Great Midwest Athletic Conference,d2t1,1,11,4,,,,9,8,1,5,9,3,,,,
mars_hill,Mars Hill,D2,South Atlantic Conference,d2t1,4,8,3,4,7,6,1,13,1,1,12,1,,,,
mary,Mary,D2,Northern Sun Intercollegiate Conference,d2t1,10,5,4,10,8,3,11,4,4,8,7,4,,,,
maryville_mo,Maryville (MO),D2,Great Lakes Valley Conference,d2t1,12,3,6,14,3,4,16,1,3,13,3,6,,,,
mckendree,McKendree,D2,Great Lakes Valley Conference,d2t1,13,2,5,16,2,3,16,5,1,13,2,6,,,,
menlo,Menlo,D2,California Collegiate Athletic Association,d2t1,8,5,3,4,7,2,3,11,2,3,6,7,,,,
mercy,Mercy,D2,East Coast Conference,d2t1,14,3,2,9,5,3,10,8,2,14,4,3,,,,
metro_state_denver,Metro State Denver,D2,Rocky Mountain Athletic Conference,d2t1,12,4,4,7,6,6,10,4,7,2,9,7,,,,
michigan_tech,Michigan Tech,D2,Great Lakes Intercollegiate Athletic Conference,d2t1,7,9,3,8,5,7,6,11,1,2,15,1,,,,
middle_georgia_state,Middle Georgia State,D2,Peach Belt Conference,d2t1,10,7,2,4,11,3,8,11,0,4,9,5,,,,
midwestern_state,Midwestern State,D2,Lone Star Conference,d2t1,9,9,2,10,5,5,11,5,5,11,3,6,,,,
millersville,Millersville,D2,Pennsylvania State Athletic Conference,d2t1,3,8,6,6,8,3,6,6,5,9,7,3,,,,
minnesota_crookston,Minnesota Crookston,D2,Northern Sun Intercollegiate Conference,d2t1,2,15,1,,,,1,15,2,2,13,3,,,,
minnesota_duluth,Minnesota Duluth,D2,Northern Sun Intercollegiate Conference,d2t1,8,7,3,6,7,6,2,12,3,6,8,4,,,,
minnesota_state_mankato,Minnesota State Mankato,D2,Northern Sun Intercollegiate Conference,d2t1,14,2,6,11,4,5,18,2,7,18,1,4,,,final,
minnesota_state_moorhead,Minnesota State Moorhead,D2,Northern Sun Intercollegiate Conference,d2t1,2,11,3,3,10,5,1,14,3,3,14,1,,,,
minot_state,Minot State,D2,Northern Sun Intercollegiate Conference,d2t1,9,3,9,6,8,4,11,4,5,9,5,5,,,,
mississippi_christian,Mississippi Christian,D2,Gulf South Conference,d2t1,15,4,2,11,4,2,8,6,3,8,9,3,,,,
missouri_sandt,Missouri S&T,D2,Great Lakes Valley Conference,d2t1,3,8,4,6,8,3,4,11,2,9,6,4,,,,
missouri_southern,Missouri Southern,D2,Mid-America Intercollegiate Athletics Association,d2t1,2,14,1,0,15,3,2,12,4,2,13,3,,,,
missouri_western,Missouri Western,D2,Mid-America Intercollegiate Athletics Association,d2t1,5,10,4,5,8,6,16,3,3,12,3,7,,,,
molloy,Molloy,D2,East Coast Conference,d2t1,12,4,3,12,5,5,12,5,2,11,3,4,,,,
montana_state_billings,Montana State Billings,D2,Great Northwest Athletic Conference,d2t1,3,12,4,5,9,3,6,8,4,3,15,0,,,,
montevallo,Montevallo,D2,Gulf South Conference,d2t1,12,3,3,12,5,3,14,6,3,13,7,2,,,,
mount_olive,Mount Olive,D2,Conference Carolinas,d2t1,,,,6,5,7,7,5,5,5,11,3,,,,
nebraska_at_kearney,Nebraska at Kearney,D2,Mid-America Intercollegiate Athletics Association,d2t1,0,15,3,3,13,2,8,6,5,3,9,5,,,,
new_mexico_highlands,New Mexico Highlands,D2,Rocky Mountain Athletic Conference,d2t1,1,15,0,0,14,2,2,14,2,1,15,0,,,,
newberry,Newberry,D2,South Atlantic Conference,d2t1,5,11,1,5,11,2,6,6,4,5,6,4,,,,
newman,Newman,D2,Mid-America Intercollegiate Athletics Association,d2t1,1,15,2,2,15,1,0,17,1,2,14,2,,,,
north_georgia,North Georgia,D2,Peach Belt Conference,d2t1,10,5,3,14,4,4,13,4,3,18,3,1,,,,
north_greenville,North Greenville,D2,Conference Carolinas,d2t1,13,4,1,11,5,2,2,10,5,5,10,3,,,,
northeastern_state,Northeastern State,D2,Mid-America Intercollegiate Athletics Association,d2t1,7,4,8,6,9,4,,,,12,7,1,,,,
northern_michigan,Northern Michigan,D2,Great Lakes Intercollegiate Athletic Conference,d2t1,13,4,5,16,2,4,14,4,4,7,8,5,,,,
northern_state,Northern State,D2,Northern Sun Intercollegiate Conference,d2t1,9,5,5,9,4,5,7,7,4,6,9,4,,,,
northwest_missouri_state,Northwest Missouri State,D2,Mid-America Intercollegiate Athletics Association,d2t1,13,5,3,8,5,6,7,6,6,10,6,2,,,,
northwest_nazarene,Northwest Nazarene,D2,Great Northwest Athletic Conference,d2t1,12,4,4,6,5,7,,,,5,11,2,,,,
northwestern_oklahoma_state,Northwestern Oklahoma State,D2,Great American Conference,d2t1,7,5,7,2,8,8,2,9,7,10,6,3,,,,
northwood,Northwood,D2,Great Midwest Athletic Conference,d2t1,10,5,4,14,2,2,12,2,5,10,1,5,,,,
nova_southeastern,Nova Southeastern,D2,Sunshine State Conference,d2t1,9,3,4,12,5,1,8,6,4,16,1,4,,,,
ohio_dominican,Ohio Dominican,D2,Great Midwest Athletic Conference,d2t1,5,8,4,5,8,6,5,7,6,4,9,5,,,,
oklahoma_baptist,Oklahoma Baptist,D2,Great American Conference,d2t1,7,9,4,9,9,2,6,6,7,2,11,5,,,,
oklahoma_christian,Oklahoma Christian,D2,Lone Star Conference,d2t1,4,8,5,6,5,6,10,5,4,6,10,2,,,,
ouachita_baptist,Ouachita Baptist,D2,Great American Conference,d2t1,9,5,5,11,3,7,8,8,4,8,7,5,,,,
pace,Pace,D2,Northeast-10 Conference,d2t1,6,8,3,7,7,2,4,8,5,8,9,1,,,,
palm_beach_atlantic,Palm Beach Atlantic,D2,Sunshine State Conference,d2t1,2,10,3,1,10,4,7,7,2,3,8,5,,,,
pennwest_california,PennWest California,D2,Pennsylvania State Athletic Conference,d2t1,6,8,3,2,13,3,4,12,2,2,12,3,,,,
pennwest_clarion,PennWest Clarion,D2,Pennsylvania State Athletic Conference,d2t1,4,11,3,4,10,4,2,14,1,4,12,3,,,,
pennwest_edinboro,PennWest Edinboro,D2,Pennsylvania State Athletic Conference,d2t1,2,9,7,5,9,4,5,7,4,8,9,1,,,,
pitt_johnstown,Pitt-Johnstown,D2,Pennsylvania State Athletic Conference,d2t1,4,10,4,3,10,5,8,7,2,2,9,5,,,,
point_loma_nazarene,Point Loma Nazarene,D2,Pacific West Conference,d2t1,13,3,4,17,3,1,17,3,1,10,4,5,,champion,,
point_park,Point Park,D2,Mountain East Conference,d2t1,10,6,2,11,5,4,3,10,5,8,7,4,,,,
post,Post,D2,Central Atlantic Collegiate Conference,d2t1,9,9,1,4,9,3,2,13,0,1,13,2,,,,
puerto_rico_bayamón,Puerto Rico-Bayamón,D2,Independent,d2t1,,,,,,,,,,,,,,,,
puerto_rico_río_piedras,Puerto Rico-Río Piedras,D2,Independent,d2t1,,,,,,,,,,,,,,,,
purdue_northwest,Purdue Northwest,D2,Great Lakes Intercollegiate Athletic Conference,d2t1,0,18,1,2,14,3,7,7,5,6,11,2,,,,
queens_cuny,Queens (CUNY),D2,East Coast Conference,d2t1,2,10,3,6,7,4,10,7,1,2,9,6,,,,
quincy,Quincy,D2,Great Lakes Valley Conference,d2t1,2,7,7,4,10,3,4,10,3,10,4,4,,,,
regis_co,Regis (CO),D2,Rocky Mountain Athletic Conference,d2t1,12,7,2,14,5,1,6,10,3,10,5,4,,,,
roberts_wesleyan,Roberts Wesleyan,D2,East Coast Conference,d2t1,14,4,2,10,3,3,5,10,1,11,3,5,,,,
rockhurst,Rockhurst,D2,Great Lakes Valley Conference,d2t1,11,3,3,8,6,4,12,6,1,8,6,4,,,,
rogers_state,Rogers State,D2,Mid-America Intercollegiate Athletics Association,d2t1,5,7,6,7,9,2,3,12,3,2,8,7,,,,
rollins,Rollins,D2,Sunshine State Conference,d2t1,5,8,3,9,7,3,8,5,3,7,6,4,,,,
roosevelt,Roosevelt,D2,Great Lakes Intercollegiate Athletic Conference,d2t1,5,7,4,6,10,0,0,13,4,5,12,1,,,,
saginaw_valley_state,Saginaw Valley State,D2,Great Lakes Intercollegiate Athletic Conference,d2t1,11,6,3,9,5,5,9,6,6,13,6,2,,,,
saint_anselm,Saint Anselm,D2,Northeast-10 Conference,d2t1,10,7,2,7,6,5,5,4,10,10,3,5,,,,
saint_leo,Saint Leo,D2,Sunshine State Conference,d2t1,8,6,2,4,7,5,9,5,5,3,9,3,,,,
saint_martins,Saint Martin's,D2,Great Northwest Athletic Conference,d2t1,5,10,2,3,8,7,3,13,3,2,12,4,,,,
saint_michaels,Saint Michael's,D2,Northeast-10 Conference,d2t1,5,5,5,7,6,4,11,4,4,16,3,1,,,,
salem,Salem,D2,Independent,d2t1,3,11,3,0,14,1,,,,1,17,0,,,,
san_francisco_state,San Francisco State,D2,California Collegiate Athletic Association,d2t1,4,9,5,3,13,2,3,13,2,1,14,3,,,,
seattle_pacific,Seattle Pacific,D2,Great Northwest Athletic Conference,d2t1,11,6,2,13,4,5,9,3,7,8,5,7,,,,
seton_hill,Seton Hill,D2,Pennsylvania State Athletic Conference,d2t1,8,4,7,7,11,1,5,6,6,3,12,2,,,,
shaw,Shaw,D2,Independent,d2t1,6,8,3,16,4,1,11,6,1,8,5,3,,,,
shawnee_state,Shawnee State,D2,Mountain East Conference,d2t1,11,9,1,8,10,1,3,9,4,4,13,1,,,,
shepherd,Shepherd,D2,Pennsylvania State Athletic Conference,d2t1,7,7,4,7,5,6,18,2,4,12,2,6,,,,
shippensburg,Shippensburg,D2,Pennsylvania State Athletic Conference,d2t1,6,6,6,,,,5,8,5,4,9,3,,,,
shorter,Shorter,D2,Conference Carolinas,d2t1,0,17,1,1,16,0,1,14,1,1,12,2,,,,
simon_fraser,Simon Fraser,D2,Great Northwest Athletic Conference,d2t1,5,7,7,8,5,6,14,4,3,14,3,5,,,,
sioux_falls,Sioux Falls,D2,Northern Sun Intercollegiate Conference,d2t1,0,12,6,3,11,3,2,15,1,6,10,2,,,,
slippery_rock,Slippery Rock,D2,Pennsylvania State Athletic Conference,d2t1,7,4,8,12,4,3,9,6,4,12,4,1,,,,
south_carolina_aiken,South Carolina Aiken,D2,Peach Belt Conference,d2t1,7,4,4,1,8,3,3,12,2,8,7,3,,,,
south_carolina_beaufort,South Carolina Beaufort,D2,Peach Belt Conference,d2t1,11,7,1,13,4,2,7,6,4,9,6,4,,,,
southern_connecticut_state,Southern Connecticut State,D2,Northeast-10 Conference,d2t1,7,7,3,5,7,5,6,6,6,3,9,3,,,,
southern_nazarene,Southern Nazarene,D2,Great American Conference,d2t1,5,11,2,10,4,5,6,5,7,6,9,3,,,,
southern_new_hampshire,Southern New Hampshire,D2,Northeast-10 Conference,d2t1,6,6,5,10,5,5,10,2,6,5,8,3,,,,
southern_wesleyan,Southern Wesleyan,D2,Conference Carolinas,d2t1,3,12,1,2,12,2,6,7,4,6,8,3,,,,
southwest_baptist,Southwest Baptist,D2,Great Lakes Valley Conference,d2t1,1,10,5,4,11,3,2,12,3,3,12,3,,,,
southwest_minnesota_state,Southwest Minnesota State,D2,Northern Sun Intercollegiate Conference,d2t1,3,8,7,6,10,1,2,14,2,,,,,,,
southwestern_oklahoma_state,Southwestern Oklahoma State,D2,Great American Conference,d2t1,9,5,7,5,11,3,5,8,5,11,5,3,,,,
spring_hill,Spring Hill,D2,Gulf South Conference,d2t1,1,14,1,5,11,2,7,8,3,7,4,7,,,,
st_cloud_state,St. Cloud State,D2,Northern Sun Intercollegiate Conference,d2t1,7,7,4,14,5,2,11,4,5,16,3,5,,,,
st_edwards,St. Edward's,D2,Lone Star Conference,d2t1,9,6,4,6,7,3,9,7,3,7,10,3,,,,
st_marys_tx,St. Mary's (TX),D2,Lone Star Conference,d2t1,12,5,4,11,6,5,9,7,3,9,6,3,,,,
st_thomas_aquinas,St. Thomas Aquinas,D2,East Coast Conference,d2t1,5,10,3,2,12,1,3,10,3,1,11,3,,,,
staten_island,Staten Island,D2,East Coast Conference,d2t1,2,9,3,4,7,4,0,12,3,3,11,2,,,,
sul_ross_state,Sul Ross State,D2,Lone Star Conference,d2t1,5,8,2,3,12,1,2,14,0,2,16,0,,,,
tampa,Tampa,D2,Sunshine State Conference,d2t1,6,6,5,5,5,6,5,3,7,5,7,4,,,,
texas_aandm_international,Texas A&M International,D2,Lone Star Conference,d2t1,5,6,6,8,5,5,4,8,6,4,9,4,,,,
texas_womans,Texas Woman's,D2,Lone Star Conference,d2t1,1,10,6,11,4,4,11,4,4,16,4,3,,,,
thomas_more,Thomas More,D2,Great Midwest Athletic Conference,d2t1,12,6,2,8,9,2,6,8,3,7,10,2,,,,
tiffin,Tiffin,D2,Great Midwest Athletic Conference,d2t1,8,8,2,3,9,5,1,15,2,3,12,3,,,,
trevecca_nazarene,Trevecca Nazarene,D2,Gulf South Conference,d2t1,9,6,4,6,7,5,4,8,3,4,7,5,,,,
truman_state,Truman State,D2,Great Lakes Valley Conference,d2t1,3,6,7,4,8,5,5,9,4,5,6,5,,,,
tusculum,Tusculum,D2,South Atlantic Conference,d2t1,9,4,5,2,10,4,,,,,,,,,,
tuskegee,Tuskegee,D2,Independent,d2t1,,,,,,,,,,,,,,,,
uc_merced,UC Merced,D2,California Collegiate Athletic Association,d2t1,10,6,3,16,3,0,12,4,2,6,8,4,,,,
uccs,UCCS,D2,Rocky Mountain Athletic Conference,d2t1,14,4,4,15,5,3,10,8,2,14,3,6,,,,
uis,UIS,D2,Great Lakes Valley Conference,d2t1,10,7,3,7,5,6,8,7,3,5,9,3,,,,
umsl,UMSL,D2,Great Lakes Valley Conference,d2t1,6,7,5,8,6,3,14,4,3,15,5,2,,,,
unc_pembroke,UNC Pembroke,D2,Conference Carolinas,d2t1,16,3,2,12,4,3,9,4,4,10,7,1,,,,
ut_dallas,UT Dallas,D2,Lone Star Conference,d2t1,7,7,2,9,2,7,8,7,1,12,3,3,,,,
ut_permian_basin,UT Permian Basin,D2,Lone Star Conference,d2t1,5,8,3,4,7,6,4,10,3,3,10,3,,,,
ut_tyler,UT Tyler,D2,Lone Star Conference,d2t1,7,5,5,3,5,9,10,4,3,11,3,5,,,,
union_tn,Union (TN),D2,Gulf South Conference,d2t1,4,11,1,8,9,1,10,6,2,4,7,4,,,,
upper_iowa,Upper Iowa,D2,Great Lakes Valley Conference,d2t1,2,12,4,2,13,2,4,8,4,4,12,2,,,,
ursuline,Ursuline,D2,Great Midwest Athletic Conference,d2t1,7,7,2,2,12,3,4,8,5,4,12,1,,,,
valdosta_state,Valdosta State,D2,Gulf South Conference,d2t1,4,11,1,8,6,4,8,7,3,6,8,4,,,,
vanguard,Vanguard,D2,Pacific West Conference,d2t1,7,6,4,8,5,4,3,10,2,6,7,3,,,,
virginia_state,Virginia State,D2,Independent,d2t1,,,,2,11,2,1,10,4,7,10,1,,,,
walsh,Walsh,D2,Great Midwest Athletic Conference,d2t1,9,7,3,9,7,2,10,7,1,6,8,3,,,,
washburn,Washburn,D2,Mid-America Intercollegiate Athletics Association,d2t1,11,6,2,21,4,1,14,4,3,14,4,6,,final,,
wayne_state_mi,Wayne State (MI),D2,Great Lakes Intercollegiate Athletic Conference,d2t1,,,,,,,,,,,,,,,,
wayne_state_ne,Wayne State (NE),D2,Northern Sun Intercollegiate Conference,d2t1,3,11,4,7,8,3,7,7,5,6,8,4,,,,
west_alabama,West Alabama,D2,Gulf South Conference,d2t1,10,5,3,7,10,2,3,9,3,11,4,3,,,,
west_chester,West Chester,D2,Pennsylvania State Athletic Conference,d2t1,23,1,1,16,3,4,10,7,1,16,3,4,final,,,
west_liberty,West Liberty,D2,Mountain East Conference,d2t1,5,12,1,7,8,4,6,11,2,4,14,1,,,,
west_texas_aandm,West Texas A&M,D2,Lone Star Conference,d2t1,14,4,4,1,10,6,6,10,2,7,9,2,,,,
west_virginia_state,West Virginia State,D2,Mountain East Conference,d2t1,17,3,2,11,6,3,16,4,3,15,5,1,,,,
west_virginia_wesleyan,West Virginia Wesleyan,D2,Mountain East Conference,d2t1,6,11,1,4,13,1,6,10,3,7,8,2,,,,
western_colorado,Western Colorado,D2,Rocky Mountain Athletic Conference,d2t1,6,10,2,4,11,3,4,10,4,2,12,5,,,,
western_oregon,Western Oregon,D2,Great Northwest Athletic Conference,d2t1,7,6,5,8,5,6,6,6,8,11,5,5,,,,
western_washington,Western Washington,D2,Great Northwest Athletic Conference,d2t1,19,2,4,12,5,4,14,4,5,14,1,7,champion,,,
westminster_ut,Westminster (UT),D2,Rocky Mountain Athletic Conference,d2t1,10,6,2,7,9,3,7,6,4,7,4,6,,,,
westmont,Westmont,D2,Pacific West Conference,d2t1,16,1,3,7,4,5,9,8,2,5,11,0,,,,
wheeling,Wheeling,D2,Mountain East Conference,d2t1,6,11,1,5,11,2,5,13,1,3,11,4,,,,
william_jewell,William Jewell,D2,Great Lakes Valley Conference,d2t1,1,13,2,1,14,1,4,11,2,2,11,4,,,,
wilmington_de,Wilmington (DE),D2,Central Atlantic Collegiate Conference,d2t1,5,8,5,11,2,4,12,4,1,9,2,6,,,,
wingate,Wingate,D2,South Atlantic Conference,d2t1,11,5,4,14,4,2,12,4,3,9,8,1,,,,
winona_state,Winona State,D2,Northern Sun Intercollegiate Conference,d2t1,9,6,4,3,7,7,6,8,2,7,6,4,,,,
wisconsin_parkside,Wisconsin-Parkside,D2,Great Lakes Intercollegiate Athletic Conference,d2t1,7,11,1,8,8,4,5,9,5,10,8,2,,,,
young_harris,Young Harris,D2,Conference Carolinas,d2t1,4,11,0,9,6,4,9,6,3,11,6,3,,,,
adrian_college,Adrian College,D3,Michigan Intercollegiate Athletic Association,d3t1,8,6,5,8,6,3,12,5,1,6,11,2,,,,
agnes_scott_college,Agnes Scott College,D3,Collegiate Conference of the South,d3t1,2,12,1,3,11,3,2,13,0,5,11,2,,,,
albertus_magnus,Albertus Magnus,D3,Great Northeast Athletic Conference,d3t1,,,,,,,,,,14,3,3,,,,
albion_college,Albion College,D3,Michigan Intercollegiate Athletic Association,d3t1,7,5,5,6,2,10,4,10,3,10,5,2,,,,
albright_college,Albright College,D3,Middle Atlantic Conference (Commonwealth),d3t1,3,12,4,4,12,2,2,13,2,2,14,3,,,,
alfred_university,Alfred University,D3,Empire 8,d3t1,6,7,5,4,6,7,7,4,6,7,10,2,,,,
allegheny_college,Allegheny College,D3,Presidents' Athletic Conference,d3t1,4,9,4,6,10,1,12,7,1,6,9,5,,,,
alma_college,Alma College,D3,Michigan Intercollegiate Athletic Association,d3t1,4,7,2,1,12,1,1,12,1,9,8,1,,,,
alvernia_university,Alvernia University,D3,Middle Atlantic Conference (Commonwealth),d3t1,4,9,5,2,13,3,6,11,2,4,8,6,,,,
alverno_college,Alverno College,D3,Northern Athletics Collegiate Conference,d3t1,0,14,1,,,,,,,,,,,,,
amherst_college,Amherst College,D3,New England Small College Athletic Conference,d3t1,18,3,0,18,2,1,14,2,6,11,5,2,,,,
anderson_university_in,Anderson University (IN),D3,Heartland Collegiate Athletic Conference,d3t1,10,4,4,7,8,2,7,8,3,,,,,,,
anna_maria_college,Anna Maria College,D3,Massachusetts State Collegiate Athletic Conference,d3t1,,,,,,,,,,1,13,2,,,,
arcadia_university,Arcadia University,D3,Middle Atlantic Conference (Freedom),d3t1,7,9,3,9,11,0,7,11,2,11,4,3,,,,
asbury_university,Asbury University,D3,Collegiate Conference of the South,d3t1,3,14,2,2,9,4,9,8,5,11,9,4,,,,
augsburg_university,Augsburg University,D3,Minnesota Intercollegiate Athletic Conference,d3t1,6,10,2,11,4,4,8,5,5,10,8,1,,,,
augustana_college,Augustana College,D3,College Conference of Illinois & Wisconsin,d3t1,9,6,4,10,5,4,9,6,4,3,13,2,,,,
aurora_university,Aurora University,D3,Northern Athletics Collegiate Conference,d3t1,6,8,4,6,6,5,2,11,5,5,12,1,,,,
austin_college,Austin College,D3,Southern Collegiate Athletic Conference,d3t1,1,15,1,,,,,,,,,,,,,
averett_university,Averett University,D3,Old Dominion Athletic Conference,d3t1,5,9,2,6,10,2,4,9,3,3,12,1,,,,
azusa_pacific_university,Azusa Pacific University,D3,Southern California Intercollegiate Athletic Conference,d3t1,9,4,4,8,4,6,12,4,1,12,4,5,,,,
babson_college,Babson College,D3,New England Women's and Men's Athletic Conference,d3t1,14,4,1,12,7,3,8,7,5,8,5,5,,,,
baldwin_wallace_university,Baldwin Wallace University,D3,Ohio Athletic Conference,d3t1,9,9,1,8,8,4,7,10,3,4,11,4,,,,
bard_college,Bard College,D3,Liberty League,d3t1,3,13,1,4,10,1,3,13,1,3,12,0,,,,
bates_college,Bates College,D3,New England Small College Athletic Conference,d3t1,5,6,4,3,8,4,5,9,1,4,8,3,,,,
batten_university,Batten University,D3,Old Dominion Athletic Conference,d3t1,18,3,4,17,4,2,10,6,3,15,4,3,,,,
bay_path_university,Bay Path University,D3,New England Collegiate Conference,d3t1,,,,,,,,,,,,,,,,
belhaven_university,Belhaven University,D3,Collegiate Conference of the South,d3t1,9,7,3,13,4,2,13,6,1,14,5,3,,,,
beloit_college,Beloit College,D3,Midwest Conference,d3t1,9,5,2,5,9,5,5,11,3,4,11,2,,,,
benedictine_university,Benedictine University,D3,Northern Athletics Collegiate Conference,d3t1,6,10,3,4,10,4,0,12,7,2,16,0,,,,
berea_college,Berea College,D3,Heartland Collegiate Athletic Conference,d3t1,2,14,2,2,13,3,3,13,3,8,9,2,,,,
berry_college,Berry College,D3,Southern Athletic Association,d3t1,10,5,2,5,10,1,6,7,4,7,4,5,,,,
bethany_college_wv,Bethany College (WV),D3,Presidents' Athletic Conference,d3t1,10,6,3,3,10,3,8,7,3,2,14,0,,,,
bethany_lutheran_college,Bethany Lutheran College,D3,Upper Midwest Athletic Conference,d3t1,11,7,1,11,6,2,9,7,3,9,8,2,,,,
bethel_university_mn,Bethel University (MN),D3,Minnesota Intercollegiate Athletic Conference,d3t1,5,8,3,4,10,2,6,7,4,3,13,2,,,,
blackburn_college,Blackburn College,D3,St. Louis Intercollegiate Athletic Conference,d3t1,,,,4,8,4,0,13,1,,,,,,,
bluffton_university,Bluffton University,D3,Heartland Collegiate Athletic Conference,d3t1,,,,3,11,3,5,9,3,,,,,,,
bowdoin_college,Bowdoin College,D3,New England Small College Athletic Conference,d3t1,10,4,3,11,5,5,2,7,6,10,6,0,,,,
brandeis_university,Brandeis University,D3,University Athletic Association,d3t1,7,8,2,6,8,3,9,7,1,8,5,4,,,,
brevard_college,Brevard College,D3,USA South Athletic Conference,d3t1,10,5,5,13,5,3,15,0,3,18,1,1,,,,
bridgewater_college,Bridgewater College,D3,Old Dominion Athletic Conference,d3t1,13,4,1,12,6,1,7,7,5,15,6,0,,,,
bridgewater_state_university,Bridgewater State University,D3,Massachusetts State Collegiate Athletic Conference,d3t1,10,6,2,11,6,1,12,5,3,5,8,5,,,,
bryn_athyn_college_of_the_new_church,Bryn Athyn College of the New Church,D3,United East Conference,d3t1,14,3,1,13,3,1,7,9,1,,,,,,,
bryn_mawr_college,Bryn Mawr College,D3,Centennial Conference,d3t1,1,13,3,3,10,3,4,10,3,5,12,1,,,,
buena_vista_university,Buena Vista University,D3,American Rivers Conference,d3t1,4,12,1,,,,7,10,1,4,12,2,,,,
cuny_brooklyn_college,CUNY Brooklyn College,D3,City University of New York Athletic Conference,d3t1,2,13,0,3,10,2,6,9,3,4,11,1,,,,
cuny_city_college,CUNY City College,D3,City University of New York Athletic Conference,d3t1,9,3,1,10,5,0,3,10,2,4,8,3,,,,
cuny_john_jay_college_of_criminal_justice,CUNY John Jay College of Criminal Justice,D3,City University of New York Athletic Conference,d3t1,12,3,2,,,,10,6,1,11,3,3,,,,
cuny_lehman_college,CUNY Lehman College,D3,City University of New York Athletic Conference,d3t1,2,10,1,5,8,1,11,5,0,1,13,0,,,,
cuny_medgar_evers_college,CUNY Medgar Evers College,D3,City University of New York Athletic Conference,d3t1,0,4,0,0,6,0,0,13,0,0,0,0,,,,
cuny_york_college,CUNY York College,D3,City University of New York Athletic Conference,d3t1,,,,,,,4,11,0,3,10,0,,,,
cairn_university,Cairn University,D3,United East Conference,d3t1,11,7,1,7,6,4,5,9,1,2,11,2,,,,
california_institute_of_technology,California Institute of Technology,D3,Southern California Intercollegiate Athletic Conference,d3t1,4,8,5,0,12,3,3,12,1,1,11,2,,,,
california_lutheran_university,California Lutheran University,D3,Southern California Intercollegiate Athletic Conference,d3t1,9,5,5,19,1,6,12,4,4,17,4,2,,,,
calvin_university,Calvin University,D3,Michigan Intercollegiate Athletic Association,d3t1,18,1,1,16,2,3,15,3,2,16,5,0,,,,
capital_university,Capital University,D3,Ohio Athletic Conference,d3t1,12,4,3,10,6,4,7,9,4,9,6,3,,,,
carleton_college,Carleton College,D3,Minnesota Intercollegiate Athletic Conference,d3t1,13,2,3,16,3,2,14,2,7,18,3,3,,,,
carlow_university,Carlow University,D3,Allegheny Mountain Collegiate Conference,d3t1,7,8,2,,,,,,,,,,,,,
carnegie_mellon_university,Carnegie Mellon University,D3,University Athletic Association,d3t1,12,2,2,11,0,6,11,2,4,9,4,5,,,,
carroll_university,Carroll University,D3,College Conference of Illinois & Wisconsin,d3t1,11,4,5,11,6,3,11,4,3,5,6,5,,,,
carthage_college,Carthage College,D3,College Conference of Illinois & Wisconsin,d3t1,3,8,5,2,7,7,5,8,4,8,6,5,,,,
case_western_reserve_university,Case Western Reserve University,D3,University Athletic Association,d3t1,20,1,1,12,2,4,9,5,5,14,2,4,final,,,
catholic_university_of_america,Catholic University of America,D3,Landmark Conference,d3t1,3,10,5,12,5,3,8,7,4,11,7,3,,,,
cedar_crest_college,Cedar Crest College,D3,Colonial States Athletic Conference,d3t1,12,4,2,4,5,7,5,8,2,3,11,0,,,,
centenary_college_of_louisiana,Centenary College of Louisiana,D3,Southern Collegiate Athletic Conference,d3t1,2,16,2,,,,,,,,,,,,,
centenary_university,Centenary University,D3,Atlantic East Conference,d3t1,4,9,2,5,9,2,4,12,0,4,10,3,,,,
central_college,Central College,D3,American Rivers Conference,d3t1,9,6,3,9,5,4,11,7,2,10,5,3,,,,
centre_college,Centre College,D3,Southern Athletic Association,d3t1,16,3,2,12,2,5,11,5,2,13,5,2,,,,
chapman_university,Chapman University,D3,Southern California Intercollegiate Athletic Conference,d3t1,4,7,6,6,6,5,6,9,2,8,7,4,,,,
chatham_university,Chatham University,D3,Presidents' Athletic Conference,d3t1,11,3,4,2,11,3,8,9,2,10,6,3,,,,
christopher_newport_university,Christopher Newport University,D3,Coast-to-Coast Athletic Conference,d3t1,19,0,3,19,0,3,19,2,2,14,2,3,,,,
claremont_mckenna_college,Claremont McKenna College,D3,Southern California Intercollegiate Athletic Conference,d3t1,9,6,6,7,7,3,13,4,3,13,4,3,,,,
clark_university,Clark University,D3,New England Women's and Men's Athletic Conference,d3t1,12,6,2,8,7,4,5,11,2,7,6,5,,,,
clarkson_university,Clarkson University,D3,Liberty League,d3t1,9,6,4,11,5,2,5,7,5,3,9,3,,,,
coe_college,Coe College,D3,American Rivers Conference,d3t1,1,15,1,6,9,2,3,13,2,2,12,4,,,,
colby_college,Colby College,D3,New England Small College Athletic Conference,d3t1,5,9,1,5,6,4,13,5,3,11,5,3,,,,
colby_sawyer,Colby-Sawyer,D3,Great Northeast Athletic Conference,d3t1,7,10,4,12,7,3,9,4,8,6,9,5,,,,
college_of_mount_saint_vincent,College of Mount Saint Vincent,D3,Skyline Conference,d3t1,,,,13,6,3,11,6,2,13,4,2,,,,
college_of_saint_benedict,College of Saint Benedict,D3,Minnesota Intercollegiate Athletic Conference,d3t1,12,5,2,9,6,3,5,8,4,7,11,0,,,,
concordia_college_moorhead,Concordia College-Moorhead,D3,Minnesota Intercollegiate Athletic Conference,d3t1,5,10,2,,,,8,7,1,,,,,,,
concordia_university_chicago,Concordia University-Chicago,D3,Northern Athletics Collegiate Conference,d3t1,3,8,5,3,12,3,7,9,4,3,13,3,,,,
concordia_university_texas,Concordia University-Texas,D3,Southern Collegiate Athletic Conference,d3t1,9,6,3,2,7,8,9,8,2,7,9,4,,,,
concordia_university_wisconsin,Concordia University-Wisconsin,D3,Northern Athletics Collegiate Conference,d3t1,17,4,2,5,10,3,11,5,3,9,8,3,,,,
connecticut_college,Connecticut College,D3,New England Small College Athletic Conference,d3t1,7,6,3,9,6,1,5,9,2,5,9,1,,,,
cornell_college,Cornell College,D3,Midwest Conference,d3t1,4,13,3,1,10,3,2,13,1,2,15,0,,,,
covenant_college,Covenant College,D3,Collegiate Conference of the South,d3t1,7,5,5,8,5,5,9,6,1,6,9,2,,,,
crown_college,Crown College,D3,Upper Midwest Athletic Conference,d3t1,7,10,4,9,11,3,7,9,3,4,13,4,,,,
curry_college,Curry College,D3,Conference of New England,d3t1,10,6,3,4,7,7,,,,,,,,,,
depauw_university,DePauw University,D3,North Coast Athletic Conference,d3t1,10,5,3,11,4,5,12,6,3,10,7,1,,,,
desales_university,DeSales University,D3,Middle Atlantic Conference (Freedom),d3t1,13,7,2,5,13,1,6,12,2,4,9,3,,,,
dean,Dean,D3,Great Northeast Athletic Conference,d3t1,2,10,4,4,10,3,2,12,3,2,14,2,,,,
delaware_valley_university,Delaware Valley University,D3,Middle Atlantic Conference (Freedom),d3t1,6,12,1,7,10,2,2,15,1,3,14,1,,,,
denison_university,Denison University,D3,North Coast Athletic Conference,d3t1,7,9,4,8,5,6,10,5,3,9,5,5,,,,
dickinson_college,Dickinson College,D3,Centennial Conference,d3t1,10,7,2,9,8,1,11,5,3,13,5,3,,,,
dominican_university,Dominican University,D3,Northern Athletics Collegiate Conference,d3t1,13,4,2,9,7,4,11,6,3,12,6,1,,,,
drew_university,Drew University,D3,Landmark Conference,d3t1,11,6,2,12,7,1,9,7,4,6,9,3,,,,
earlham_college,Earlham College,D3,Heartland Collegiate Athletic Conference,d3t1,5,7,3,3,10,2,3,8,4,5,12,1,,,,
east_texas_baptist_university,East Texas Baptist University,D3,American Southwest Conference,d3t1,8,8,2,5,5,6,6,11,1,5,7,3,,,,
eastern_connecticut,Eastern Connecticut,D3,Little East Conference,d3t1,6,6,5,4,7,4,6,10,2,10,5,3,,,,
eastern_mennonite_university,Eastern Mennonite University,D3,Old Dominion Athletic Conference,d3t1,2,13,3,1,13,3,4,13,2,6,11,1,,,,
eastern_university,Eastern University,D3,Middle Atlantic Conference (Commonwealth),d3t1,1,12,5,4,7,6,12,6,3,9,5,5,,,,
edgewood_college,Edgewood College,D3,Northern Athletics Collegiate Conference,d3t1,11,5,2,9,8,4,9,5,5,15,5,1,,,,
elizabethtown_college,Elizabethtown College,D3,Landmark Conference,d3t1,5,9,2,6,9,3,9,5,4,7,5,6,,,,
elmhurst_university,Elmhurst University,D3,College Conference of Illinois & Wisconsin,d3t1,,,,6,8,4,9,9,2,12,6,3,,,,
elmira_college,Elmira College,D3,Empire 8,d3t1,6,9,2,3,10,4,5,10,2,2,13,2,,,,
emerson_college,Emerson College,D3,New England Women's and Men's Athletic Conference,d3t1,12,4,5,10,7,2,7,8,5,9,6,4,,,,
emory_university,Emory University,D3,University Athletic Association,d3t1,13,5,1,8,5,6,14,4,4,21,2,1,,,,final
endicott_college,Endicott College,D3,Conference of New England,d3t1,,,,,,,10,6,4,,,,,,,
eureka_college,Eureka College,D3,St. Louis Intercollegiate Athletic Conference,d3t1,,,,,,,2,12,1,,,,,,,
fairleigh_dickinson_university_florham,Fairleigh Dickinson University-Florham,D3,Middle Atlantic Conference (Freedom),d3t1,17,5,1,11,9,1,9,10,2,6,8,4,,,,
farmingdale_state_college,Farmingdale State College,D3,Skyline Conference,d3t1,10,9,4,9,9,2,11,8,4,8,10,3,,,,
fitchburg_state_university,Fitchburg State University,D3,Massachusetts State Collegiate Athletic Conference,d3t1,10,7,3,4,11,4,4,12,3,3,12,4,,,,
framingham_state_university,Framingham State University,D3,Massachusetts State Collegiate Athletic Conference,d3t1,4,13,1,1,12,2,4,15,1,6,9,5,,,,
franciscan_university_of_steubenville,Franciscan University of Steubenville,D3,Presidents' Athletic Conference,d3t1,12,5,2,8,8,2,4,12,1,6,9,4,,,,
franklin_and_marshall_college,Franklin & Marshall College,D3,Centennial Conference,d3t1,10,3,5,12,4,4,10,5,6,11,5,4,,,,
franklin_college,Franklin College,D3,Heartland Collegiate Athletic Conference,d3t1,3,12,1,4,9,6,5,9,3,2,13,2,,,,
geneva_college,Geneva College,D3,Presidents' Athletic Conference,d3t1,4,11,3,5,9,2,3,13,1,6,7,5,,,,
george_fox_university,George Fox University,D3,Northwest Conference,d3t1,10,4,4,6,9,5,6,11,3,0,12,7,,,,
gettysburg_college,Gettysburg College,D3,Centennial Conference,d3t1,6,7,5,8,7,2,2,10,5,7,9,3,,,,
gordon_college,Gordon College,D3,Conference of New England,d3t1,9,5,3,10,5,4,10,6,5,4,10,4,,,,
goucher_college,Goucher College,D3,Landmark Conference,d3t1,8,7,3,4,5,8,3,11,4,1,17,0,,,,
greensboro_college,Greensboro College,D3,USA South Athletic Conference,d3t1,6,9,4,10,6,4,11,9,1,11,7,2,,,,
greenville_university,Greenville University,D3,St. Louis Intercollegiate Athletic Conference,d3t1,13,7,2,10,8,3,11,8,2,11,7,2,,,,
grinnell_college,Grinnell College,D3,Midwest Conference,d3t1,11,3,5,10,4,5,8,6,3,6,8,4,,,,
grove_city_college,Grove City College,D3,Presidents' Athletic Conference,d3t1,11,7,1,14,5,1,13,4,3,13,5,2,,,,
guilford_college,Guilford College,D3,Old Dominion Athletic Conference,d3t1,12,5,1,13,2,4,12,5,2,9,7,2,,,,
gustavus_adolphus_college,Gustavus Adolphus College,D3,Minnesota Intercollegiate Athletic Conference,d3t1,7,9,1,9,7,1,9,5,5,7,6,5,,,,
gwynedd_mercy_university,Gwynedd Mercy University,D3,Atlantic East Conference,d3t1,2,12,3,7,5,6,6,10,2,11,9,1,,,,
hamilton_college,Hamilton College,D3,New England Small College Athletic Conference,d3t1,7,4,4,8,4,4,6,7,3,8,5,3,,,,
hamline_university,Hamline University,D3,Minnesota Intercollegiate Athletic Conference,d3t1,4,9,4,1,13,2,5,10,5,3,9,7,,,,
hanover_college,Hanover College,D3,Heartland Collegiate Athletic Conference,d3t1,12,3,3,14,2,4,12,6,0,8,7,5,,,,
hardin_simmons_university,Hardin-Simmons University,D3,American Southwest Conference,d3t1,12,3,2,17,2,3,17,2,2,11,4,2,,,,
hartwick_college,Hartwick College,D3,Empire 8,d3t1,4,8,5,2,7,6,4,4,8,9,4,6,,,,
harvey_mudd_college,Harvey Mudd College,D3,Southern California Intercollegiate Athletic Conference,d3t1,9,6,6,7,7,3,13,4,3,13,4,3,,,,
haverford_college,Haverford College,D3,Centennial Conference,d3t1,7,4,5,6,9,2,11,6,2,6,8,4,,,,
heidelberg_university,Heidelberg University,D3,Ohio Athletic Conference,d3t1,6,9,2,4,10,2,10,4,5,5,7,5,,,,
hendrix_college,Hendrix College,D3,Southern Collegiate Athletic Conference,d3t1,,,,12,7,1,6,5,5,7,9,4,,,,
hilbert_college,Hilbert College,D3,Allegheny Mountain Collegiate Conference,d3t1,6,8,3,7,9,1,1,13,2,6,7,3,,,,
hiram_college,Hiram College,D3,Presidents' Athletic Conference,d3t1,2,14,1,4,11,2,3,14,0,5,13,0,,,,
hobart_and_william_smith_colleges,Hobart and William Smith Colleges,D3,Liberty League,d3t1,14,2,6,14,1,4,17,4,4,11,3,3,,,final,
hollins_university,Hollins University,D3,Old Dominion Athletic Conference,d3t1,,,,,,,,,,3,12,1,,,,
hood_college,Hood College,D3,Middle Atlantic Conference (Commonwealth),d3t1,6,7,5,4,10,4,4,6,9,4,13,2,,,,
hope_college,Hope College,D3,Michigan Intercollegiate Athletic Association,d3t1,10,5,2,10,2,6,12,4,2,12,4,3,,,,
houghton_university,Houghton University,D3,Empire 8,d3t1,6,7,4,7,9,1,7,10,2,12,6,4,,,,
howard_payne_university,Howard Payne University,D3,American Southwest Conference,d3t1,6,9,2,10,7,2,8,10,1,7,9,0,,,,
huntingdon_college,Huntingdon College,D3,Collegiate Conference of the South,d3t1,5,7,3,,,,,,,,,,,,,
husson_university,Husson University,D3,North Atlantic Conference,d3t1,11,7,1,12,6,1,13,8,1,11,6,2,,,,
illinois_college,Illinois College,D3,Midwest Conference,d3t1,2,13,2,7,9,2,10,6,3,10,8,2,,,,
illinois_institute_of_technology,Illinois Institute of Technology,D3,Northern Athletics Collegiate Conference,d3t1,18,3,2,19,3,1,19,3,3,20,2,1,,,,
illinois_wesleyan_university,Illinois Wesleyan University,D3,College Conference of Illinois & Wisconsin,d3t1,11,5,3,3,13,2,3,12,2,9,7,3,,,,
immaculata_university,Immaculata University,D3,Atlantic East Conference,d3t1,3,13,2,3,13,1,7,10,2,4,10,1,,,,
ithaca_college,Ithaca College,D3,Liberty League,d3t1,13,4,4,10,3,4,14,3,4,8,6,4,,,,
john_carroll_university,John Carroll University,D3,North Coast Athletic Conference,d3t1,10,9,2,16,2,5,12,7,1,13,6,1,,,,
johns_hopkins_university,Johns Hopkins University,D3,Centennial Conference,d3t1,23,0,2,16,3,2,18,3,3,17,5,1,champion,,,
johnson_and_wales_university_charlotte,Johnson & Wales University-Charlotte,D3,Coast-to-Coast Athletic Conference,d3t1,5,9,1,7,5,3,6,9,2,8,8,1,,,,
johnson_and_wales_university_providence,Johnson & Wales University-Providence,D3,Conference of New England,d3t1,19,3,1,18,3,3,18,4,1,8,8,3,,,,
juniata_college,Juniata College,D3,Landmark Conference,d3t1,2,12,4,4,10,2,8,8,3,5,8,4,,,,
kalamazoo_college,Kalamazoo College,D3,Michigan Intercollegiate Athletic Association,d3t1,6,7,3,8,6,3,5,11,1,10,6,4,,,,
kean_university,Kean University,D3,New Jersey Athletic Conference,d3t1,5,7,6,4,10,3,7,9,3,7,7,3,,,,
kenyon_college,Kenyon College,D3,North Coast Athletic Conference,d3t1,7,6,4,7,5,5,1,11,2,9,4,5,,,,
keuka_college,Keuka College,D3,Empire 8,d3t1,3,8,5,1,12,2,1,13,2,1,11,4,,,,
keystone_college,Keystone College,D3,United East Conference,d3t1,6,8,2,3,12,0,3,11,0,0,13,1,,,,
kings_college,King's College,D3,Middle Atlantic Conference (Freedom),d3t1,7,6,4,6,9,2,3,10,5,5,11,2,,,,
knox_college,Knox College,D3,Midwest Conference,d3t1,1,11,3,0,15,1,1,13,3,4,10,3,,,,
la_roche_university,La Roche University,D3,Allegheny Mountain Collegiate Conference,d3t1,,,,,,,,,,5,7,2,,,,
lagrange_college,LaGrange College,D3,Collegiate Conference of the South,d3t1,8,6,2,6,7,4,6,9,3,4,12,3,,,,
lake_forest_college,Lake Forest College,D3,Midwest Conference,d3t1,11,5,3,11,4,5,14,3,3,21,1,0,,,,
lakeland_university,Lakeland University,D3,Northern Athletics Collegiate Conference,d3t1,5,13,0,6,12,0,2,11,3,2,13,2,,,,
lancaster_bible_college,Lancaster Bible College,D3,United East Conference,d3t1,10,7,0,9,7,2,7,6,4,10,7,0,,,,
lawrence_university,Lawrence University,D3,Midwest Conference,d3t1,8,9,1,6,6,4,15,5,2,10,5,6,,,,
letourneau_university,LeTourneau University,D3,Southern Collegiate Athletic Conference,d3t1,2,8,5,6,7,5,1,16,1,8,7,2,,,,
lebanon_valley_college,Lebanon Valley College,D3,Middle Atlantic Conference (Freedom),d3t1,6,7,4,5,8,2,8,8,2,13,4,2,,,,
lesley_university,Lesley University,D3,North Atlantic Conference,d3t1,,,,,,,10,7,3,,,,,,,
lewis_and_clark_college,Lewis & Clark College,D3,Northwest Conference,d3t1,4,7,8,5,11,4,4,12,4,3,11,6,,,,
linfield_university,Linfield University,D3,Northwest Conference,d3t1,5,8,7,6,8,6,6,7,7,10,5,5,,,,
loras_college,Loras College,D3,American Rivers Conference,d3t1,18,1,3,18,2,1,20,0,2,15,2,2,,,,
luther_college,Luther College,D3,American Rivers Conference,d3t1,8,8,4,8,7,4,2,9,7,7,9,2,,,,
lycoming_college,Lycoming College,D3,Landmark Conference,d3t1,12,6,2,6,5,6,15,3,3,17,2,1,,,,
lyon_college,Lyon College,D3,St. Louis Intercollegiate Athletic Conference,d3t1,1,15,0,4,10,1,4,9,2,3,9,3,,,,
macalester_college,Macalester College,D3,Minnesota Intercollegiate Athletic Conference,d3t1,8,6,5,9,7,2,6,8,3,9,7,2,,,,
maine_maritime_academy,Maine Maritime Academy,D3,North Atlantic Conference,d3t1,7,9,1,14,5,1,7,5,5,12,7,1,,,,
manchester_university,Manchester University,D3,Heartland Collegiate Athletic Conference,d3t1,2,14,1,2,14,0,0,14,3,1,15,1,,,,
manhattanville_university,Manhattanville University,D3,Skyline Conference,d3t1,7,10,2,8,5,3,6,7,4,6,11,0,,,,
maranatha_baptist_university,Maranatha Baptist University,D3,Independent,d3t1,2,15,1,5,11,0,9,8,0,2,13,0,,,,
marian_university_wi,Marian University (WI),D3,Northern Athletics Collegiate Conference,d3t1,7,7,4,12,4,4,7,9,4,8,8,4,,,,
marietta_college,Marietta College,D3,Ohio Athletic Conference,d3t1,3,12,1,5,9,2,7,8,3,5,4,9,,,,
martin_luther_college,Martin Luther College,D3,Upper Midwest Athletic Conference,d3t1,6,9,4,5,11,2,5,11,3,7,9,2,,,,
mary_baldwin_university,Mary Baldwin University,D3,USA South Athletic Conference,d3t1,13,7,1,4,12,2,4,11,2,11,6,1,,,,
marymount_university,Marymount University,D3,Atlantic East Conference,d3t1,6,9,5,7,10,5,8,9,4,11,9,2,,,,
maryville_college,Maryville College,D3,Collegiate Conference of the South,d3t1,11,4,5,15,4,3,13,3,4,9,7,1,,,,
marywood_university,Marywood University,D3,Atlantic East Conference,d3t1,11,7,2,9,7,2,15,4,2,,,,,,,
massachusetts_college_of_liberal_arts,Massachusetts College of Liberal Arts,D3,Massachusetts State Collegiate Athletic Conference,d3t1,2,10,3,3,9,3,3,13,0,3,8,6,,,,
massachusetts_institute_of_technology,Massachusetts Institute of Technology,D3,New England Women's and Men's Athletic Conference,d3t1,15,5,3,21,4,1,21,2,1,22,3,1,,,,
massachusetts_maritime_academy,Massachusetts Maritime Academy,D3,Massachusetts State Collegiate Athletic Conference,d3t1,2,9,3,2,9,5,2,10,2,2,13,2,,,,
mcdaniel_college,McDaniel College,D3,Centennial Conference,d3t1,8,6,5,12,4,5,12,5,3,6,8,4,,,,
mcmurry_university,McMurry University,D3,Southern Collegiate Athletic Conference,d3t1,8,6,4,11,5,4,9,6,3,11,4,5,,,,
meredith_college,Meredith College,D3,USA South Athletic Conference,d3t1,1,9,3,4,5,7,10,6,3,3,11,4,,,,
messiah_university,Messiah University,D3,Middle Atlantic Conference (Commonwealth),d3t1,20,2,3,21,2,1,18,2,3,22,3,0,,,,
methodist_university,Methodist University,D3,USA South Athletic Conference,d3t1,16,3,1,12,5,1,,,,5,5,6,,,,
middlebury_college,Middlebury College,D3,New England Small College Athletic Conference,d3t1,10,5,1,6,4,5,8,2,6,13,4,3,,,,
millikin_university,Millikin University,D3,College Conference of Illinois & Wisconsin,d3t1,5,7,3,7,6,4,14,4,1,4,10,4,,,,
millsaps_college,Millsaps College,D3,Southern Athletic Association,d3t1,3,10,2,1,14,2,2,14,2,2,13,2,,,,
milwaukee_school_of_engineering,Milwaukee School of Engineering,D3,Northern Athletics Collegiate Conference,d3t1,13,4,4,20,2,3,15,5,2,14,6,2,,,,
misericordia_university,Misericordia University,D3,Middle Atlantic Conference (Freedom),d3t1,21,1,1,16,4,1,19,2,2,15,4,2,,,,
mississippi_university_for_women,Mississippi University for Women,D3,St. Louis Intercollegiate Athletic Conference,d3t1,8,8,1,5,10,0,4,12,2,1,13,4,,,,
monmouth_college,Monmouth College,D3,Midwest Conference,d3t1,3,10,3,5,8,3,5,8,4,7,6,3,,,,
montclair_state_university,Montclair State University,D3,New Jersey Athletic Conference,d3t1,17,3,1,13,3,3,11,6,5,13,1,6,,,,
moravian_university,Moravian University,D3,Landmark Conference,d3t1,,,,,,,9,5,6,,,,,,,
mount_aloysius_college,Mount Aloysius College,D3,Allegheny Mountain Collegiate Conference,d3t1,3,15,2,7,9,2,5,11,2,5,8,4,,,,
mount_holyoke_college,Mount Holyoke College,D3,New England Women's and Men's Athletic Conference,d3t1,2,15,1,3,12,2,4,6,6,1,10,5,,,,
mount_saint_mary_college,Mount Saint Mary College,D3,Skyline Conference,d3t1,6,11,3,6,10,3,6,10,3,8,10,2,,,,
mount_st_joseph_university,Mount St. Joseph University,D3,Heartland Collegiate Athletic Conference,d3t1,11,8,2,11,6,2,12,4,4,10,6,4,,,,
muhlenberg_college,Muhlenberg College,D3,Centennial Conference,d3t1,2,13,2,3,11,3,2,14,2,5,10,3,,,,
muskingum_university,Muskingum University,D3,Ohio Athletic Conference,d3t1,2,13,3,2,13,3,,,,,,,,,,
nazareth_university,Nazareth University,D3,Empire 8,d3t1,8,5,7,8,5,6,11,6,3,9,7,3,,,,
nebraska_wesleyan_university,Nebraska Wesleyan University,D3,American Rivers Conference,d3t1,6,9,1,2,12,2,6,10,2,4,7,5,,,,
neumann_university,Neumann University,D3,Atlantic East Conference,d3t1,8,9,4,7,6,4,7,9,3,6,11,2,,,,
new_jersey_city_university,New Jersey City University,D3,New Jersey Athletic Conference,d3t1,5,9,4,,,,7,6,8,,,,,,,
new_york_university,New York University,D3,University Athletic Association,d3t1,9,3,5,14,3,2,12,3,6,9,6,4,,,,
nichols_college,Nichols College,D3,Conference of New England,d3t1,7,9,2,3,13,2,4,12,2,1,16,1,,,,
north_carolina_wesleyan_university,North Carolina Wesleyan University,D3,USA South Athletic Conference,d3t1,7,11,0,3,13,0,6,12,1,7,10,1,,,,
north_central_college,North Central College,D3,College Conference of Illinois & Wisconsin,d3t1,12,2,5,18,2,1,16,5,1,16,6,0,,,,
north_central_university,North Central University,D3,Upper Midwest Athletic Conference,d3t1,,,,2,16,1,,,,1,14,2,,,,
north_park_university,North Park University,D3,College Conference of Illinois & Wisconsin,d3t1,4,10,2,2,9,5,6,10,1,,,,,,,
notre_dame_of_maryland_university,Notre Dame of Maryland University,D3,United East Conference,d3t1,4,9,0,,,,2,11,1,5,10,2,,,,
oberlin_college,Oberlin College,D3,North Coast Athletic Conference,d3t1,7,6,2,7,8,2,7,7,2,3,10,4,,,,
occidental_college,Occidental College,D3,Southern California Intercollegiate Athletic Conference,d3t1,3,6,6,6,4,5,0,11,3,8,7,2,,,,
oglethorpe_university,Oglethorpe University,D3,Southern Athletic Association,d3t1,4,8,3,6,5,4,5,9,2,9,5,1,,,,
ohio_northern_university,Ohio Northern University,D3,Ohio Athletic Conference,d3t1,14,2,5,10,9,1,15,6,1,,,,,,,
ohio_wesleyan_university,Ohio Wesleyan University,D3,North Coast Athletic Conference,d3t1,12,3,4,10,6,3,9,5,3,3,6,9,,,,
olivet_college,Olivet College,D3,Michigan Intercollegiate Athletic Association,d3t1,,,,,,,2,12,3,,,,,,,
otterbein_university,Otterbein University,D3,Ohio Athletic Conference,d3t1,11,4,4,12,4,2,9,5,6,8,7,3,,,,
pacific_lutheran_university,Pacific Lutheran University,D3,Northwest Conference,d3t1,17,2,3,15,5,1,16,2,4,12,2,6,,,,
pacific_university,Pacific University,D3,Northwest Conference,d3t1,5,9,5,4,13,2,2,13,5,4,7,8,,,,
pennsylvania_college_of_technology,Pennsylvania College of Technology,D3,United East Conference,d3t1,9,9,1,11,2,7,15,1,4,15,3,2,,,,
pennsylvania_state_university_penn_state_abington,Pennsylvania State University-Penn State Abington,D3,United East Conference,d3t1,5,11,1,,,,12,6,2,6,10,2,,,,
pennsylvania_state_university_penn_state_altoona,Pennsylvania State University-Penn State Altoona,D3,Allegheny Mountain Collegiate Conference,d3t1,6,7,5,,,,,,,,,,,,,
pennsylvania_state_university_penn_state_berks,Pennsylvania State University-Penn State Berks,D3,United East Conference,d3t1,13,6,2,10,9,2,7,9,2,8,9,2,,,,
pennsylvania_state_university_penn_state_brandywine,Pennsylvania State University-Penn State Brandywine,D3,United East Conference,d3t1,,,,,,,,,,,,,,,,
pennsylvania_state_university_penn_state_erie_behrend_college,Pennsylvania State University-Penn State Erie (Behrend College),D3,Allegheny Mountain Collegiate Conference,d3t1,,,,,,,,,,12,3,2,,,,
pennsylvania_state_university_penn_state_harrisburg,Pennsylvania State University-Penn State Harrisburg,D3,United East Conference,d3t1,13,4,3,10,4,5,10,6,5,16,6,4,,,,
pennsylvania_state_university_penn_state_schuylkill,Pennsylvania State University-Penn State Schuylkill,D3,Eastern College Athletic Conference,d3t1,,,,,,,,,,,,,,,,
pfeiffer_university,Pfeiffer University,D3,USA South Athletic Conference,d3t1,2,12,1,2,14,2,3,12,0,2,12,1,,,,
piedmont_university,Piedmont University,D3,Collegiate Conference of the South,d3t1,12,6,3,10,7,5,7,6,4,15,5,1,,,,
pitzer_college,Pitzer College,D3,Southern California Intercollegiate Athletic Conference,d3t1,13,2,4,16,1,3,15,2,4,16,2,4,,,,
plymouth_state,Plymouth State,D3,Little East Conference,d3t1,5,8,3,5,8,4,6,11,1,,,,,,,
pomona_college,Pomona College,D3,Southern California Intercollegiate Athletic Conference,d3t1,13,2,4,16,1,3,15,2,4,16,2,4,,,,
pratt_institute,Pratt Institute,D3,Atlantic East Conference,d3t1,8,8,0,6,7,1,5,10,0,8,6,2,,,,
principia_college,Principia College,D3,St. Louis Intercollegiate Athletic Conference,d3t1,5,11,2,2,12,1,4,11,0,5,7,2,,,,
ramapo_college_of_new_jersey,Ramapo College of New Jersey,D3,New Jersey Athletic Conference,d3t1,,,,3,11,1,4,12,1,6,9,2,,,,
randolph_college,Randolph College,D3,Old Dominion Athletic Conference,d3t1,6,7,3,8,8,1,7,9,2,6,9,1,,,,
randolph_macon_college,Randolph-Macon College,D3,Old Dominion Athletic Conference,d3t1,11,6,2,6,8,4,11,5,4,9,8,2,,,,
regent_university,Regent University,D3,Coast-to-Coast Athletic Conference,d3t1,,,,5,8,4,,,,1,15,3,,,,
rensselaer_polytechnic_institute,Rensselaer Polytechnic Institute,D3,Liberty League,d3t1,3,7,5,9,5,4,7,6,3,6,7,4,,,,
rhodes_college,Rhodes College,D3,Southern Athletic Association,d3t1,10,4,1,11,5,2,12,4,1,13,5,2,,,,
ripon_college,Ripon College,D3,Midwest Conference,d3t1,4,11,3,8,6,3,5,11,3,4,9,5,,,,
roanoke_college,Roanoke College,D3,Old Dominion Athletic Conference,d3t1,9,10,0,9,6,4,4,11,4,9,9,1,,,,
rochester_institute_of_technology,Rochester Institute of Technology,D3,Liberty League,d3t1,13,4,3,9,6,5,8,6,4,10,4,6,,,,
rockford_university,Rockford University,D3,Independent,d3t1,3,14,0,4,13,0,3,13,2,1,17,0,,,,
roger_williams_university,Roger Williams University,D3,Conference of New England,d3t1,9,9,4,10,7,4,9,5,6,10,3,6,,,,
rose_hulman_institute_of_technology,Rose-Hulman Institute of Technology,D3,Heartland Collegiate Athletic Conference,d3t1,10,3,6,8,4,5,9,8,1,11,7,2,,,,
rowan_university,Rowan University,D3,New Jersey Athletic Conference,d3t1,14,1,4,14,2,2,13,3,2,13,2,5,,,,
rutgers_university_camden,Rutgers University-Camden,D3,New Jersey Athletic Conference,d3t1,4,8,6,8,9,1,7,8,4,4,8,7,,,,
rutgers_university_newark,Rutgers University-Newark,D3,New Jersey Athletic Conference,d3t1,7,8,5,,,,5,10,3,8,9,2,,,,
suny_alfred_state,SUNY Alfred State,D3,Allegheny Mountain Collegiate Conference,d3t1,6,9,1,5,9,2,4,10,3,11,6,1,,,,
suny_buffalo_state,SUNY Buffalo State,D3,State University of New York Athletic Conference,d3t1,6,7,3,7,6,4,8,10,0,8,7,5,,,,
suny_canton,SUNY Canton,D3,State University of New York Athletic Conference,d3t1,0,13,4,0,12,4,1,14,2,1,17,0,,,,
suny_cobleskill,SUNY Cobleskill,D3,North Atlantic Conference,d3t1,1,12,2,2,11,2,,,,1,11,0,,,,
suny_college_at_brockport,SUNY College at Brockport,D3,Empire 8,d3t1,5,9,3,12,3,5,15,2,2,14,2,4,,,,
suny_college_at_cortland,SUNY College at Cortland,D3,State University of New York Athletic Conference,d3t1,13,1,5,11,3,5,11,4,4,14,3,4,,,,
suny_college_at_geneseo,SUNY College at Geneseo,D3,Empire 8,d3t1,11,4,4,7,3,8,13,5,3,5,6,7,,,,
suny_delhi,SUNY Delhi,D3,North Atlantic Conference,d3t1,9,7,4,10,4,3,11,6,0,5,9,3,,,,
suny_fredonia,SUNY Fredonia,D3,State University of New York Athletic Conference,d3t1,2,9,5,6,8,2,12,8,0,10,6,4,,,,
suny_maritime_college,SUNY Maritime College,D3,Skyline Conference,d3t1,3,12,0,6,8,1,7,9,1,5,9,0,,,,
suny_morrisville,SUNY Morrisville,D3,State University of New York Athletic Conference,d3t1,4,10,1,6,8,3,1,12,2,3,11,1,,,,
suny_new_paltz,SUNY New Paltz,D3,State University of New York Athletic Conference,d3t1,11,4,2,8,5,5,15,3,2,7,4,6,,,,
suny_old_westbury,SUNY Old Westbury,D3,Skyline Conference,d3t1,7,9,1,7,11,0,6,11,2,7,8,0,,,,
suny_oneonta,SUNY Oneonta,D3,State University of New York Athletic Conference,d3t1,4,9,2,5,6,3,6,10,1,4,8,4,,,,
suny_oswego,SUNY Oswego,D3,State University of New York Athletic Conference,d3t1,9,6,4,6,4,7,9,7,1,6,6,5,,,,
suny_plattsburgh,SUNY Plattsburgh,D3,State University of New York Athletic Conference,d3t1,11,6,2,7,5,5,5,11,1,10,7,2,,,,
suny_polytechnic_institute,SUNY Polytechnic Institute,D3,Empire 8,d3t1,7,4,4,8,7,2,5,11,1,1,15,2,,,,
suny_potsdam,SUNY Potsdam,D3,State University of New York Athletic Conference,d3t1,7,9,1,3,10,2,4,13,0,8,7,2,,,,
suny_purchase_college,SUNY Purchase College,D3,Skyline Conference,d3t1,5,10,0,4,11,4,4,14,2,4,11,2,,,,
saint_elizabeth_university,Saint Elizabeth University,D3,United East Conference,d3t1,5,10,1,6,8,1,5,10,1,,,,,,,
saint_john_fisher_university,Saint John Fisher University,D3,Empire 8,d3t1,8,3,6,8,4,5,11,6,2,13,5,2,,,,
saint_marys_college_in,Saint Mary's College (IN),D3,Michigan Intercollegiate Athletic Association,d3t1,0,13,3,8,8,1,7,9,1,8,5,3,,,,
saint_marys_university_of_minnesota,Saint Mary's University of Minnesota,D3,Minnesota Intercollegiate Athletic Conference,d3t1,11,6,2,7,7,4,14,3,4,10,6,3,,,,
saint_norbert_college,Saint Norbert College,D3,Northern Athletics Collegiate Conference,d3t1,9,12,0,10,9,3,6,10,4,3,14,2,,,,
saint_vincent_college,Saint Vincent College,D3,Presidents' Athletic Conference,d3t1,6,7,3,10,4,4,13,6,1,15,4,1,,,,
salem_college,Salem College,D3,USA South Athletic Conference,d3t1,6,10,2,3,9,4,4,11,0,5,8,4,,,,
salem_state_university,Salem State University,D3,Massachusetts State Collegiate Athletic Conference,d3t1,3,14,0,4,12,2,4,11,3,8,7,3,,,,
salisbury_university,Salisbury University,D3,Coast-to-Coast Athletic Conference,d3t1,9,9,2,10,7,2,5,6,7,6,11,5,,,,
salve_regina_university,Salve Regina University,D3,New England Women's and Men's Athletic Conference,d3t1,7,10,2,5,7,5,2,13,4,4,11,3,,,,
sarah_lawrence_college,Sarah Lawrence College,D3,Skyline Conference,d3t1,14,4,3,12,5,3,12,7,2,8,9,2,,,,
schreiner_university,Schreiner University,D3,Southern Collegiate Athletic Conference,d3t1,,,,,,,4,11,2,,,,,,,
scripps_college,Scripps College,D3,Southern California Intercollegiate Athletic Conference,d3t1,9,6,6,7,7,3,13,4,3,13,4,3,,,,
sewanee:_the_university_of_the_south,Sewanee: The University of the South,D3,Southern Athletic Association,d3t1,13,4,2,14,2,4,13,2,4,10,3,4,,,,
shenandoah_university,Shenandoah University,D3,Old Dominion Athletic Conference,d3t1,11,7,3,8,6,4,10,9,2,11,7,3,,,,
simpson_college,Simpson College,D3,American Rivers Conference,d3t1,,,,,,,15,3,3,,,,,,,
skidmore_college,Skidmore College,D3,Liberty League,d3t1,10,2,4,6,4,6,11,4,3,7,6,4,,,,
smith_college,Smith College,D3,New England Women's and Men's Athletic Conference,d3t1,4,9,4,6,6,5,7,10,2,3,12,2,,,,
southern_virginia_university,Southern Virginia University,D3,USA South Athletic Conference,d3t1,12,7,1,13,6,1,8,9,5,12,6,2,,,,
southwestern_university,Southwestern University,D3,Southern Athletic Association,d3t1,9,5,6,8,9,2,9,7,1,7,8,4,,,,
spalding_university,Spalding University,D3,St. Louis Intercollegiate Athletic Conference,d3t1,7,10,1,9,7,3,11,5,3,14,5,2,,,,
springfield_college,Springfield College,D3,New England Women's and Men's Athletic Conference,d3t1,8,8,1,8,5,6,10,6,4,11,9,0,,,,
st_lawrence_university,St Lawrence University,D3,Liberty League,d3t1,6,6,3,7,7,4,8,7,2,8,7,3,,,,
st_marys_college_of_maryland,St Mary's College of Maryland,D3,United East Conference,d3t1,7,9,4,7,8,3,17,2,4,13,6,3,,,,
st_olaf_college,St Olaf College,D3,Minnesota Intercollegiate Athletic Conference,d3t1,10,7,1,6,5,5,14,3,3,15,3,2,,,,
st_catherine_university,St. Catherine University,D3,Minnesota Intercollegiate Athletic Conference,d3t1,13,5,4,16,4,1,14,3,4,17,4,0,,,,
st_josephs_university_brooklyn,St. Joseph's University (Brooklyn),D3,Skyline Conference,d3t1,5,10,1,3,10,1,1,14,0,1,13,0,,,,
st_josephs_university_long_island,St. Joseph's University (Long Island),D3,Skyline Conference,d3t1,8,5,3,9,7,0,10,6,1,13,4,3,,,,
stevens_institute_of_technology,Stevens Institute of Technology,D3,Middle Atlantic Conference (Freedom),d3t1,8,8,3,9,7,2,11,6,2,12,4,6,,,,
stevenson_university,Stevenson University,D3,Middle Atlantic Conference (Commonwealth),d3t1,1,13,4,5,8,5,5,10,4,9,6,5,,,,
stockton_university,Stockton University,D3,New Jersey Athletic Conference,d3t1,8,8,5,8,4,7,10,6,3,7,6,7,,,,
suffolk_university,Suffolk University,D3,Conference of New England,d3t1,,,,8,8,3,7,4,6,,,,,,,
susquehanna_university,Susquehanna University,D3,Landmark Conference,d3t1,14,5,0,4,9,5,5,10,4,9,9,3,,,,
swarthmore_college,Swarthmore College,D3,Centennial Conference,d3t1,13,5,1,12,4,2,8,4,6,15,3,5,,,,
sweet_briar_college,Sweet Briar College,D3,Old Dominion Athletic Conference,d3t1,1,13,0,4,9,1,3,12,0,4,11,0,,,,
texas_lutheran_university,Texas Lutheran University,D3,Southern Collegiate Athletic Conference,d3t1,11,8,2,9,5,4,13,6,1,12,4,2,,,,
the_college_of_new_jersey,The College of New Jersey,D3,New Jersey Athletic Conference,d3t1,14,3,2,16,3,1,18,1,2,10,4,6,,,,
the_college_of_st_scholastica,The College of St. Scholastica,D3,Minnesota Intercollegiate Athletic Conference,d3t1,2,11,5,1,15,2,0,15,4,4,12,4,,,,
the_college_of_wooster,The College of Wooster,D3,North Coast Athletic Conference,d3t1,7,6,4,11,3,3,11,4,3,11,3,3,,,,
the_sage_colleges,The Sage Colleges,D3,Empire 8,d3t1,8,10,1,9,5,4,6,7,5,5,9,2,,,,
thiel_college,Thiel College,D3,Presidents' Athletic Conference,d3t1,,,,1,14,1,3,15,0,,,,,,,
thomas_college,Thomas College,D3,North Atlantic Conference,d3t1,4,6,4,5,11,0,2,10,1,5,12,2,,,,
transylvania_university,Transylvania University,D3,Heartland Collegiate Athletic Conference,d3t1,8,4,5,14,5,1,8,6,3,6,9,5,,,,
trine_university,Trine University,D3,Michigan Intercollegiate Athletic Association,d3t1,11,5,3,8,7,5,11,5,3,9,4,6,,,,
trinity_college,Trinity College,D3,New England Small College Athletic Conference,d3t1,7,5,7,7,5,4,3,9,3,6,7,2,,,,
trinity_university,Trinity University,D3,Southern Athletic Association,d3t1,21,1,2,12,5,2,18,2,3,14,2,4,,,,
trinity_washington_university,Trinity Washington University,D3,Independent,d3t1,4,7,2,,,,,,,,,,,,,
tufts_university,Tufts University,D3,New England Small College Athletic Conference,d3t1,11,6,2,11,5,5,14,4,1,18,2,3,,,,
union_college_ny,Union College (NY),D3,Liberty League,d3t1,8,7,2,6,8,3,9,5,5,9,7,3,,,,
united_states_coast_guard_academy,United States Coast Guard Academy,D3,New England Women's and Men's Athletic Conference,d3t1,6,9,3,4,11,4,2,11,6,5,12,3,,,,
united_states_merchant_marine_academy,United States Merchant Marine Academy,D3,Skyline Conference,d3t1,9,6,1,8,6,3,10,3,4,9,4,4,,,,
university_of_california_santa_cruz,University of California-Santa Cruz,D3,Coast-to-Coast Athletic Conference,d3t1,9,5,2,12,4,3,10,2,6,6,9,2,,,,
university_of_chicago,University of Chicago,D3,University Athletic Association,d3t1,7,8,3,9,3,8,13,7,2,16,2,4,,,,
university_of_dallas,University of Dallas,D3,Southern Collegiate Athletic Conference,d3t1,5,10,3,6,10,1,5,10,1,3,12,1,,,,
university_of_dubuque,University of Dubuque,D3,American Rivers Conference,d3t1,6,5,7,11,6,1,9,5,4,11,2,6,,,,
university_of_hartford,University of Hartford,D3,Conference of New England,d3t1,10,3,1,,,,16,3,2,14,4,2,,,,
university_of_la_verne,University of La Verne,D3,Southern California Intercollegiate Athletic Conference,d3t1,4,8,5,4,8,5,7,7,5,2,11,5,,,,
university_of_lynchburg,University of Lynchburg,D3,Old Dominion Athletic Conference,d3t1,11,4,7,12,4,3,12,5,3,10,6,3,,,,
university_of_maine_at_farmington,University of Maine at Farmington,D3,North Atlantic Conference,d3t1,8,7,3,7,10,1,7,8,2,8,8,3,,,,
university_of_maine_at_presque_isle,University of Maine at Presque Isle,D3,North Atlantic Conference,d3t1,6,4,4,1,15,0,3,9,2,2,12,1,,,,
university_of_mary_hardin_baylor,University of Mary Hardin-Baylor,D3,American Southwest Conference,d3t1,17,1,1,16,1,2,13,4,2,8,6,6,,,,
university_of_mary_washington,University of Mary Washington,D3,Coast-to-Coast Athletic Conference,d3t1,12,5,4,8,9,1,9,6,4,14,4,5,,,,
university_of_minnesota_morris,University of Minnesota-Morris,D3,Upper Midwest Athletic Conference,d3t1,4,12,3,4,12,2,2,11,3,5,12,3,,,,
university_of_mount_union,University of Mount Union,D3,Ohio Athletic Conference,d3t1,7,6,4,5,10,1,5,11,2,7,6,4,,,,
university_of_new_england,University of New England,D3,Conference of New England,d3t1,11,6,3,7,5,5,13,6,1,13,5,3,,,,
university_of_northwestern_st_paul,University of Northwestern-St Paul,D3,Upper Midwest Athletic Conference,d3t1,11,9,2,12,7,1,7,10,2,12,8,3,,,,
university_of_pittsburgh_bradford,University of Pittsburgh-Bradford,D3,Allegheny Mountain Collegiate Conference,d3t1,,,,,,,,,,1,10,1,,,,
university_of_pittsburgh_greensburg,University of Pittsburgh-Greensburg,D3,Allegheny Mountain Collegiate Conference,d3t1,16,4,1,14,6,2,13,5,4,9,9,3,,,,
university_of_puget_sound,University of Puget Sound,D3,Northwest Conference,d3t1,16,4,1,13,5,2,9,4,7,14,3,5,,,,
university_of_redlands,University of Redlands,D3,Southern California Intercollegiate Athletic Conference,d3t1,6,10,1,2,13,2,8,10,1,1,14,2,,,,
university_of_rochester,University of Rochester,D3,University Athletic Association,d3t1,7,4,5,15,1,5,12,4,3,9,4,6,,,,
university_of_scranton,University of Scranton,D3,Landmark Conference,d3t1,17,3,2,13,4,3,19,2,2,15,3,3,,,,
university_of_st_thomas_tx,University of St Thomas (TX),D3,Southern Collegiate Athletic Conference,d3t1,5,10,3,4,4,5,6,8,3,10,3,4,,,,
university_of_valley_forge,University of Valley Forge,D3,United East Conference,d3t1,,,,1,13,0,2,11,1,4,11,0,,,,
university_of_wisconsin_eau_claire,University of Wisconsin-Eau Claire,D3,Wisconsin Intercollegiate Athletic Conference,d3t1,13,6,2,10,5,4,8,8,5,3,11,5,,,,
university_of_wisconsin_la_crosse,University of Wisconsin-La Crosse,D3,Wisconsin Intercollegiate Athletic Conference,d3t1,21,2,1,20,1,2,16,4,2,19,3,1,,,,
university_of_wisconsin_oshkosh,University of Wisconsin-Oshkosh,D3,Wisconsin Intercollegiate Athletic Conference,d3t1,5,9,5,5,10,4,3,13,2,6,7,5,,,,
university_of_wisconsin_platteville,University of Wisconsin-Platteville,D3,Wisconsin Intercollegiate Athletic Conference,d3t1,12,6,2,10,3,5,14,3,4,8,6,6,,,,
university_of_wisconsin_river_falls,University of Wisconsin-River Falls,D3,Wisconsin Intercollegiate Athletic Conference,d3t1,9,7,4,6,8,4,9,9,2,13,5,3,,,,
university_of_wisconsin_stevens_point,University of Wisconsin-Stevens Point,D3,Wisconsin Intercollegiate Athletic Conference,d3t1,7,9,4,8,11,1,6,8,5,9,5,8,,,,
university_of_wisconsin_stout,University of Wisconsin-Stout,D3,Wisconsin Intercollegiate Athletic Conference,d3t1,2,13,3,5,11,2,0,14,2,7,9,4,,,,
university_of_wisconsin_superior,University of Wisconsin-Superior,D3,Upper Midwest Athletic Conference,d3t1,15,4,4,16,6,1,15,7,1,11,8,4,,,,
university_of_wisconsin_whitewater,University of Wisconsin-Whitewater,D3,Wisconsin Intercollegiate Athletic Conference,d3t1,11,5,4,5,9,5,6,9,6,8,7,5,,,,
university_of_the_ozarks,University of the Ozarks,D3,Southern Collegiate Athletic Conference,d3t1,2,10,4,8,8,1,2,12,3,3,10,4,,,,
ursinus_college,Ursinus College,D3,Centennial Conference,d3t1,7,6,4,5,9,3,5,7,5,9,6,3,,,,
utica_university,Utica University,D3,Empire 8,d3t1,8,8,4,7,5,5,5,11,2,8,6,5,,,,
vassar_college,Vassar College,D3,Liberty League,d3t1,8,5,5,8,4,5,12,4,5,16,4,0,,,,
vermont_state_university_castleton,Vermont State University-Castleton,D3,New Jersey Athletic Conference,d3t1,8,11,1,6,12,1,9,11,1,8,11,0,,,,
vermont_state_university_johnson,Vermont State University-Johnson,D3,North Atlantic Conference,d3t1,,,,10,3,3,,,,,,,,,,
vermont_state_university_lyndon,Vermont State University-Lyndon,D3,North Atlantic Conference,d3t1,2,10,3,,,,,,,,,,,,,
warren_wilson_college,Warren Wilson College,D3,Coast-to-Coast Athletic Conference,d3t1,3,8,2,0,13,1,,,,2,10,3,,,,
wartburg_college,Wartburg College,D3,American Rivers Conference,d3t1,16,3,2,6,11,1,10,7,3,8,10,1,,,,
washington_and_jefferson_college,Washington & Jefferson College,D3,Presidents' Athletic Conference,d3t1,5,6,6,10,4,4,5,11,2,6,9,3,,,,
washington_college,Washington College,D3,Centennial Conference,d3t1,6,5,6,6,5,5,7,4,7,10,7,2,,,,
washington_university_in_st_louis,Washington University in St Louis,D3,University Athletic Association,d3t1,11,5,7,17,2,4,23,0,2,21,0,3,,final,champion,champion
washington_and_lee_university,Washington and Lee University,D3,Old Dominion Athletic Conference,d3t1,14,2,5,13,4,4,20,2,1,18,2,3,,,,
waynesburg_university,Waynesburg University,D3,Presidents' Athletic Conference,d3t1,5,7,5,9,7,2,8,5,4,17,3,2,,,,
webster_university,Webster University,D3,St. Louis Intercollegiate Athletic Conference,d3t1,13,7,1,11,4,1,12,2,4,14,5,0,,,,
wellesley_college,Wellesley College,D3,New England Women's and Men's Athletic Conference,d3t1,6,7,3,3,7,5,6,9,3,6,9,4,,,,
wentworth_institute_of_technology,Wentworth Institute of Technology,D3,Conference of New England,d3t1,8,8,2,2,11,2,5,9,4,7,5,7,,,,
wesleyan_ga,Wesleyan (GA),D3,Collegiate Conference of the South,d3t1,0,13,1,1,16,0,,,,1,15,0,,,,
wesleyan_university,Wesleyan University,D3,New England Small College Athletic Conference,d3t1,8,6,6,7,5,6,14,2,3,9,5,4,,,,
western_new_england_university,Western New England University,D3,Conference of New England,d3t1,14,6,2,10,5,3,10,4,6,7,6,5,,,,
westfield_state_university,Westfield State University,D3,Massachusetts State Collegiate Athletic Conference,d3t1,16,4,1,13,7,1,11,5,4,9,6,6,,,,
westminster_college_pa,Westminster College (PA),D3,Presidents' Athletic Conference,d3t1,14,4,2,14,4,0,11,6,1,3,9,5,,,,
westminster_university_mo,Westminster University (MO),D3,St. Louis Intercollegiate Athletic Conference,d3t1,10,6,4,7,8,1,7,8,3,8,7,2,,,,
wheaton_college_il,Wheaton College (IL),D3,College Conference of Illinois & Wisconsin,d3t1,6,9,3,6,7,5,7,11,1,6,6,7,,,,
wheaton_college_ma,Wheaton College (MA),D3,New England Women's and Men's Athletic Conference,d3t1,7,9,2,5,11,2,8,5,7,11,8,0,,,,
whitman_college,Whitman College,D3,Northwest Conference,d3t1,6,12,1,10,5,5,11,6,3,5,6,9,,,,
whittier_college,Whittier College,D3,Southern California Intercollegiate Athletic Conference,d3t1,8,3,5,5,7,3,9,7,2,6,5,5,,,,
whitworth_university,Whitworth University,D3,Northwest Conference,d3t1,6,8,5,9,6,5,11,6,2,3,8,8,,,,
widener_university,Widener University,D3,Middle Atlantic Conference (Commonwealth),d3t1,9,7,4,5,7,6,,,,7,7,4,,,,
wilkes_university,Wilkes University,D3,Landmark Conference,d3t1,4,11,3,3,6,7,5,10,3,6,7,5,,,,
willamette_university,Willamette University,D3,Northwest Conference,d3t1,6,11,2,,,,,,,,,,,,,
william_paterson_university,William Paterson University,D3,New Jersey Athletic Conference,d3t1,2,12,5,3,7,7,5,7,7,6,10,2,,,,
william_peace_university,William Peace University,D3,USA South Athletic Conference,d3t1,,,,8,7,3,5,8,2,1,11,2,,,,
williams_college,Williams College,D3,New England Small College Athletic Conference,d3t1,11,5,3,10,4,5,8,5,3,13,2,5,,,,
wilmington_college,Wilmington College,D3,Ohio Athletic Conference,d3t1,10,8,0,10,7,2,7,7,5,12,6,4,,,,
wilson_college,Wilson College,D3,United East Conference,d3t1,12,5,2,14,4,2,13,4,2,7,10,3,,,,
wisconsin_lutheran_college,Wisconsin Lutheran College,D3,Northern Athletics Collegiate Conference,d3t1,5,12,1,7,9,1,7,7,4,7,7,3,,,,
wittenberg_university,Wittenberg University,D3,North Coast Athletic Conference,d3t1,2,10,6,7,7,5,6,6,5,6,3,7,,,,
worcester_polytechnic_institute,Worcester Polytechnic Institute,D3,New England Women's and Men's Athletic Conference,d3t1,6,7,4,7,8,4,10,7,4,11,7,3,,,,
worcester_state_university,Worcester State University,D3,Massachusetts State Collegiate Athletic Conference,d3t1,6,10,2,6,9,2,9,6,3,10,8,1,,,,
yeshiva_university,Yeshiva University,D3,Skyline Conference,d3t1,1,14,1,2,12,0,1,14,0,,,,,,,
york_college_of_pennsylvania,York College of Pennsylvania,D3,Middle Atlantic Conference (Commonwealth),d3t1,12,5,4,13,7,0,12,4,5,13,5,2,,,,
abraham_baldwin_agricultural_college,Abraham Baldwin Agricultural College,NAIA,Southern States Athletic Conference,naiat1,,,,,,,1,11,1,,,,,,,
aquinas_college_michigan,Aquinas College (Michigan),NAIA,Wolverine-Hoosier Athletic Conference,naiat1,21,3,1,17,1,4,17,1,2,12,7,1,,,,
arizona_christian_university,Arizona Christian University,NAIA,Great Southwest Athletic Conference,naiat1,4,9,2,10,5,1,6,10,2,4,12,2,,,,
ave_maria_university,Ave Maria University,NAIA,Sun Conference,naiat1,4,7,5,6,8,4,7,5,4,5,8,5,,,,
avila_university,Avila University,NAIA,Kansas Collegiate Athletic Conference,naiat1,5,9,5,6,12,1,13,3,4,5,7,6,,,,
baker_university,Baker University,NAIA,Heart of America Athletic Conference,naiat1,8,8,2,5,11,2,5,11,2,3,10,4,,,,
bellevue_university,Bellevue University,NAIA,Continental Athletic Conference,naiat1,13,4,2,,,,9,5,3,12,3,2,,,,
benedictine_college,Benedictine College,NAIA,Heart of America Athletic Conference,naiat1,12,6,1,14,4,5,13,7,1,13,5,2,,,,
benedictine_university_at_mesa,Benedictine University at Mesa,NAIA,Great Southwest Athletic Conference,naiat1,8,5,5,7,7,2,3,13,1,3,14,1,,,,
bethany_college_kansas,Bethany College (Kansas),NAIA,Kansas Collegiate Athletic Conference,naiat1,3,12,1,1,15,1,0,17,1,1,14,1,,,,
bethel_college_kansas,Bethel College (Kansas),NAIA,Kansas Collegiate Athletic Conference,naiat1,7,9,2,6,11,1,6,10,2,4,10,4,,,,
bethel_university_in,Bethel University (IN),NAIA,Crossroads League,naiat1,7,8,4,11,8,2,7,7,7,13,7,2,,,,
bethel_university_tn,Bethel University (TN),NAIA,Mid-South Conference,naiat1,7,7,4,11,4,3,,,,3,11,1,,,,
blue_mountain_christian_university,Blue Mountain Christian University,NAIA,Southern States Athletic Conference,naiat1,7,8,1,5,12,1,,,,1,14,0,,,,
bluefield_university,Bluefield University,NAIA,Appalachian Athletic Conference,naiat1,0,16,0,1,13,3,4,11,2,1,14,0,,,,
brenau_university,Brenau University,NAIA,Appalachian Athletic Conference,naiat1,9,5,3,9,9,0,6,9,2,9,8,1,,,,
brescia_university,Brescia University,NAIA,River States Conference,naiat1,7,9,1,3,10,2,5,10,2,11,6,1,,,,
brewton_parker_christian_university,Brewton-Parker Christian University,NAIA,Southern States Athletic Conference,naiat1,4,11,1,1,11,2,2,13,0,4,11,0,,,,
briar_cliff_university,Briar Cliff University,NAIA,Great Plains Athletic Conference,naiat1,13,3,4,5,5,5,7,9,3,5,12,1,,,,
bryan_college,Bryan College,NAIA,Appalachian Athletic Conference,naiat1,4,9,4,7,10,1,2,11,2,4,12,1,,,,
bushnell_university,Bushnell University,NAIA,Cascade Collegiate Conference,naiat1,,,,5,8,3,5,12,1,7,6,4,,,,
calumet_college_of_st_joseph,Calumet College of St. Joseph,NAIA,Chicagoland Collegiate Athletic Conference,naiat1,1,16,0,,,,,,,,,,,,,
campbellsville_university,Campbellsville University,NAIA,Mid-South Conference,naiat1,12,6,1,7,7,3,18,2,1,,,,,,,
carolina_university,Carolina University,NAIA,Continental Athletic Conference,naiat1,13,7,1,9,6,2,5,7,5,4,11,3,,,,
carroll_college,Carroll College,NAIA,Cascade Collegiate Conference,naiat1,9,6,4,11,2,4,10,5,4,7,5,5,,,,
central_baptist_college,Central Baptist College,NAIA,American Midwest Conference,naiat1,6,10,2,5,10,3,0,11,1,0,11,1,,,,
central_christian_college_of_kansas,Central Christian College of Kansas,NAIA,Sooner Athletic Conference,naiat1,4,10,2,1,14,1,,,,3,13,2,,,,
central_methodist_university,Central Methodist University,NAIA,Heart of America Athletic Conference,naiat1,19,3,1,19,3,1,16,4,1,16,3,2,,,,
clarke_university,Clarke University,NAIA,Heart of America Athletic Conference,naiat1,12,6,2,10,6,3,12,4,3,7,9,2,,,,
cleary_university,Cleary University,NAIA,Wolverine-Hoosier Athletic Conference,naiat1,,,,,,,4,9,5,6,8,4,,,,
college_of_idaho,College of Idaho,NAIA,Cascade Collegiate Conference,naiat1,16,4,2,18,2,2,20,1,2,17,3,1,,,,
college_of_saint_mary,College of Saint Mary,NAIA,Great Plains Athletic Conference,naiat1,8,8,2,7,6,5,6,9,4,6,12,1,,,,
columbia_college_mo,Columbia College (MO),NAIA,American Midwest Conference,naiat1,17,3,2,17,2,1,20,2,1,12,5,2,,,,
columbia_college_sc,Columbia College (SC),NAIA,Appalachian Athletic Conference,naiat1,9,6,2,10,6,3,11,8,0,5,8,4,,,,
columbia_international_university,Columbia International University,NAIA,Appalachian Athletic Conference,naiat1,9,9,3,13,7,1,8,8,0,13,6,1,,,,
concordia_university_nebraska,Concordia University Nebraska,NAIA,Great Plains Athletic Conference,naiat1,10,6,2,13,4,3,14,7,1,13,2,5,,,,
corban_university,Corban University,NAIA,Cascade Collegiate Conference,naiat1,11,4,3,9,6,4,7,7,5,5,12,0,,,,
cornerstone_university,Cornerstone University,NAIA,Wolverine-Hoosier Athletic Conference,naiat1,5,10,3,6,8,2,8,7,3,6,10,2,,,,
culver_stockton_college,Culver-Stockton College,NAIA,Heart of America Athletic Conference,naiat1,6,11,1,9,5,4,10,7,2,7,9,2,,,,
cumberland_university,Cumberland University,NAIA,Mid-South Conference,naiat1,13,5,1,16,2,3,12,6,2,12,5,1,,,,
dakota_state_university,Dakota State University,NAIA,Continental Athletic Conference,naiat1,,,,,,,,,,1,14,3,,,,
dakota_wesleyan_university,Dakota Wesleyan University,NAIA,Great Plains Athletic Conference,naiat1,3,12,1,7,9,1,4,9,1,5,4,8,,,,
dalton_state_college,Dalton State College,NAIA,Southern States Athletic Conference,naiat1,5,6,4,9,6,1,7,5,3,10,7,1,,,,
defiance_college,Defiance College,NAIA,Wolverine-Hoosier Athletic Conference,naiat1,,,,,,,,,,3,14,1,,,,
doane_university,Doane University,NAIA,Great Plains Athletic Conference,naiat1,8,9,2,4,8,4,7,8,4,8,9,2,,,,
dordt_university,Dordt University,NAIA,Great Plains Athletic Conference,naiat1,10,7,2,13,5,2,12,5,1,11,6,3,,,,
eastern_oregon_university,Eastern Oregon University,NAIA,Cascade Collegiate Conference,naiat1,12,4,3,10,4,4,10,5,3,14,6,2,,,,
embry_riddle_aeronautical_university_prescott,Embry-Riddle Aeronautical University Prescott,NAIA,Great Southwest Athletic Conference,naiat1,17,2,3,13,3,3,15,3,3,20,1,3,,,,
evangel_university,Evangel University,NAIA,Kansas Collegiate Athletic Conference,naiat1,5,13,0,5,9,4,8,7,3,9,9,1,,,,
faulkner_university,Faulkner University,NAIA,Southern States Athletic Conference,naiat1,10,6,2,4,8,4,5,10,3,7,10,1,,,,
fisher_college,Fisher College,NAIA,Continental Athletic Conference,naiat1,6,9,1,6,9,2,3,11,3,4,11,1,,,,
florida_college,Florida College,NAIA,Continental Athletic Conference,naiat1,7,7,1,4,8,4,0,12,1,,,,,,,
florida_memorial_university,Florida Memorial University,NAIA,Sun Conference,naiat1,,,,4,11,3,8,7,2,5,6,4,,,,
florida_national_university,Florida National University,NAIA,Continental Athletic Conference,naiat1,5,6,1,0,9,2,4,7,2,3,8,1,,,,
freed_hardeman_university,Freed-Hardeman University,NAIA,Mid-South Conference,naiat1,5,11,2,,,,,,,0,15,1,,,,
friends_university,Friends University,NAIA,Kansas Collegiate Athletic Conference,naiat1,10,6,3,13,5,4,14,6,2,14,4,4,,,,
georgetown_college,Georgetown College,NAIA,Mid-South Conference,naiat1,5,10,2,6,8,3,6,6,5,6,9,1,,,,
georgia_gwinnett_college,Georgia Gwinnett College,NAIA,Continental Athletic Conference,naiat1,5,8,7,6,13,1,12,7,2,10,6,5,,,,
goshen_college,Goshen College,NAIA,Crossroads League,naiat1,5,12,1,6,9,3,1,10,6,1,11,4,,,,
governors_state_university,Governors State University,NAIA,Chicagoland Collegiate Athletic Conference,naiat1,2,11,1,,,,4,13,1,3,9,2,,,,
grace_college,Grace College,NAIA,Crossroads League,naiat1,17,5,2,4,11,2,13,4,2,16,2,5,,,,
graceland_university,Graceland University,NAIA,Heart of America Athletic Conference,naiat1,1,14,1,2,14,2,6,9,3,7,7,4,,,,
grand_view_university,Grand View University,NAIA,Heart of America Athletic Conference,naiat1,7,8,3,5,7,4,1,10,3,1,8,5,,,,
hannibal_lagrange_university,Hannibal-LaGrange University,NAIA,American Midwest Conference,naiat1,,,,,,,,,,4,11,0,,,,
harris_stowe_state_university,Harris-Stowe State University,NAIA,American Midwest Conference,naiat1,13,5,1,13,5,1,8,6,2,7,7,5,,,,
hastings_college,Hastings College,NAIA,Great Plains Athletic Conference,naiat1,15,3,3,16,3,3,15,1,6,16,4,3,,,,
hesston_college,Hesston College,NAIA,Continental Athletic Conference,naiat1,,,,5,10,1,4,10,1,5,9,1,,,,
holy_cross_college,Holy Cross College,NAIA,Chicagoland Collegiate Athletic Conference,naiat1,6,6,7,5,11,1,8,8,4,10,7,3,,,,
hope_international_university,Hope International University,NAIA,Great Southwest Athletic Conference,naiat1,9,7,2,17,4,2,14,4,2,10,7,2,,,,
huntington_university,Huntington University,NAIA,Crossroads League,naiat1,2,14,2,6,11,1,5,7,5,,,,,,,
huston_tillotson_university,Huston-Tillotson University,NAIA,HBCU Athletic Conference,naiat1,4,8,3,,,,3,11,1,7,7,1,,,,
indiana_institute_of_technology,Indiana Institute of Technology,NAIA,Wolverine-Hoosier Athletic Conference,naiat1,4,10,3,5,11,2,6,10,3,3,11,1,,,,
indiana_university_columbus,Indiana University Columbus,NAIA,River States Conference,naiat1,,,,2,12,0,2,12,1,5,10,2,,,,
indiana_university_east,Indiana University East,NAIA,River States Conference,naiat1,7,5,8,5,7,6,7,9,4,11,6,3,,,,
indiana_university_kokomo,Indiana University Kokomo,NAIA,River States Conference,naiat1,14,3,3,13,4,5,6,9,4,10,5,4,,,,
indiana_university_northwest,Indiana University Northwest,NAIA,Chicagoland Collegiate Athletic Conference,naiat1,5,10,2,3,9,5,8,8,2,5,5,9,,,,
indiana_university_south_bend,Indiana University South Bend,NAIA,Chicagoland Collegiate Athletic Conference,naiat1,1,17,0,3,13,1,3,14,1,4,11,3,,,,
indiana_wesleyan_university,Indiana Wesleyan University,NAIA,Crossroads League,naiat1,14,4,2,15,3,4,14,5,2,15,4,1,,,,
jarvis_christian_university,Jarvis Christian University,NAIA,Red River Athletic Conference,naiat1,5,11,1,3,11,2,5,10,1,2,13,1,,,,
john_brown_university,John Brown University,NAIA,Sooner Athletic Conference,naiat1,,,,18,3,1,16,6,1,15,3,4,,,,
johnson_university,Johnson University,NAIA,Appalachian Athletic Conference,naiat1,5,11,2,5,8,3,8,3,6,5,11,1,,,,
judson_university,Judson University,NAIA,Chicagoland Collegiate Athletic Conference,naiat1,11,10,1,6,7,4,6,6,10,5,9,2,,,,
kansas_wesleyan_university,Kansas Wesleyan University,NAIA,Kansas Collegiate Athletic Conference,naiat1,11,8,1,10,8,2,11,7,1,12,5,3,,,,
keiser_university,Keiser University,NAIA,Sun Conference,naiat1,22,1,1,13,7,2,18,2,1,19,3,2,,,final,champion
kentucky_christian_university,Kentucky Christian University,NAIA,River States Conference,naiat1,,,,0,15,0,3,15,0,,,,,,,
lsu_alexandria,LSU Alexandria,NAIA,Red River Athletic Conference,naiat1,11,6,1,16,6,0,12,5,3,11,8,1,,,,
lsu_shreveport,LSU Shreveport,NAIA,Red River Athletic Conference,naiat1,9,5,3,13,4,3,15,5,1,12,7,0,,,,
la_sierra_university,La Sierra University,NAIA,Great Southwest Athletic Conference,naiat1,6,7,2,4,9,1,4,7,4,6,8,3,,,,
lawrence_technological_university,Lawrence Technological University,NAIA,Wolverine-Hoosier Athletic Conference,naiat1,6,5,6,11,5,4,5,9,4,5,8,4,,,,
life_pacific_university,Life Pacific University,NAIA,Great Southwest Athletic Conference,naiat1,,,,,,,1,16,1,9,8,1,,,,
life_university,Life University,NAIA,Southern States Athletic Conference,naiat1,8,6,2,15,5,2,14,5,1,18,3,1,,,,
lindsey_wilson_university,Lindsey Wilson University,NAIA,Mid-South Conference,naiat1,7,6,4,4,11,1,3,8,3,10,6,2,,,,
louisiana_christian_university,Louisiana Christian University,NAIA,Red River Athletic Conference,naiat1,8,5,2,10,5,2,13,5,2,,,,,,,
lourdes_university,Lourdes University,NAIA,Wolverine-Hoosier Athletic Conference,naiat1,9,5,4,6,9,2,13,4,1,12,3,1,,,,
madonna_university,Madonna University,NAIA,Wolverine-Hoosier Athletic Conference,naiat1,15,6,1,9,8,2,6,10,3,7,8,4,,,,
marian_university_in,Marian University (IN),NAIA,Crossroads League,naiat1,21,1,2,13,4,3,17,4,2,20,1,2,final,,,
mcpherson_college,McPherson College,NAIA,Kansas Collegiate Athletic Conference,naiat1,3,11,2,,,,2,14,2,6,9,3,,,,
mid_america_christian_university,Mid-America Christian University,NAIA,Sooner Athletic Conference,naiat1,6,10,2,16,3,2,14,4,2,12,5,3,,,,
midamerica_nazarene_university,MidAmerica Nazarene University,NAIA,Heart of America Athletic Conference,naiat1,15,5,0,10,6,2,15,5,2,14,4,2,,,,
midland_university,Midland University,NAIA,Great Plains Athletic Conference,naiat1,10,6,4,13,5,4,4,5,3,2,14,1,,,,
midway_university,Midway University,NAIA,River States Conference,naiat1,3,8,4,7,6,1,7,9,2,5,10,1,,,,
milligan_university,Milligan University,NAIA,Appalachian Athletic Conference,naiat1,5,9,4,10,9,1,10,7,2,11,5,3,,,,
missouri_baptist_university,Missouri Baptist University,NAIA,Heart of America Athletic Conference,naiat1,12,5,2,7,10,1,9,9,1,5,11,3,,,,
missouri_valley_college,Missouri Valley College,NAIA,Heart of America Athletic Conference,naiat1,15,3,3,15,4,3,15,5,1,18,1,4,,,,
montreat_college,Montreat College,NAIA,Appalachian Athletic Conference,naiat1,8,5,3,11,6,0,3,3,1,8,9,1,,,,
morningside_university,Morningside University,NAIA,Great Plains Athletic Conference,naiat1,8,7,3,11,5,2,8,6,4,11,1,6,,,,
mount_marty_university,Mount Marty University,NAIA,Great Plains Athletic Conference,naiat1,1,13,2,,,,4,12,1,8,8,3,,,,
mount_mary_university,Mount Mary University,NAIA,Chicagoland Collegiate Athletic Conference,naiat1,,,,,,,1,13,2,0,15,0,,,,
mount_mercy_university,Mount Mercy University,NAIA,Heart of America Athletic Conference,naiat1,4,10,1,3,11,2,2,9,5,7,9,2,,,,
mount_vernon_nazarene_university,Mount Vernon Nazarene University,NAIA,Crossroads League,naiat1,6,10,3,8,7,3,6,7,4,8,8,2,,,,
nelson_university,Nelson University,NAIA,Sooner Athletic Conference,naiat1,4,12,2,12,8,1,10,9,0,8,8,3,,,,
new_college_of_florida,New College of Florida,NAIA,Sun Conference,naiat1,,,,4,8,2,4,7,1,2,13,1,,,,
north_american_university,North American University,NAIA,Red River Athletic Conference,naiat1,0,5,1,,,,3,14,2,1,16,1,,,,
northwest_university,Northwest University,NAIA,Cascade Collegiate Conference,naiat1,17,2,2,11,7,3,5,4,5,9,7,3,,,,
northwestern_college_iowa,Northwestern College (Iowa),NAIA,Great Plains Athletic Conference,naiat1,6,11,1,6,10,1,4,13,1,7,8,2,,,,
oakland_city_university,Oakland City University,NAIA,River States Conference,naiat1,10,6,4,,,,15,5,0,16,3,2,,,,
oakwood_university,Oakwood University,NAIA,HBCU Athletic Conference,naiat1,,,,,,,,,,1,7,1,,,,
oklahoma_city_university,Oklahoma City University,NAIA,Sooner Athletic Conference,naiat1,11,4,4,11,6,1,10,7,1,14,3,2,,,,
oklahoma_panhandle_state_university,Oklahoma Panhandle State University,NAIA,Sooner Athletic Conference,naiat1,2,11,2,,,,,,,6,7,2,,,,
oklahoma_wesleyan_university,Oklahoma Wesleyan University,NAIA,Kansas Collegiate Athletic Conference,naiat1,22,1,1,16,3,3,16,1,4,21,2,2,,,,
olivet_nazarene_university,Olivet Nazarene University,NAIA,Chicagoland Collegiate Athletic Conference,naiat1,15,6,1,12,5,4,9,6,7,9,1,6,,,,
oregon_institute_of_technology,Oregon Institute of Technology,NAIA,Cascade Collegiate Conference,naiat1,6,5,5,7,5,4,15,6,1,10,6,3,,,,
ottawa_university,Ottawa University,NAIA,Kansas Collegiate Athletic Conference,naiat1,5,7,6,7,6,7,3,9,5,5,8,5,,,,
ottawa_university_arizona,Ottawa University Arizona,NAIA,Great Southwest Athletic Conference,naiat1,12,4,2,13,4,2,8,8,3,,,,,,,
our_lady_of_the_lake_university,Our Lady of the Lake University,NAIA,Red River Athletic Conference,naiat1,8,4,7,9,5,2,8,7,2,12,5,2,,,,
pacific_union_college,Pacific Union College,NAIA,California Pacific Conference,naiat1,7,9,3,8,5,2,5,8,0,2,8,1,,,,
park_university,Park University,NAIA,Heart of America Athletic Conference,naiat1,6,8,3,9,6,1,5,9,2,9,5,3,,,,
park_university_gilbert,Park University Gilbert,NAIA,Great Southwest Athletic Conference,naiat1,5,10,2,6,7,3,5,10,3,5,9,4,,,,
paul_quinn_college,Paul Quinn College,NAIA,HBCU Athletic Conference,naiat1,,,,,,,0,11,2,6,9,1,,,,
point_university,Point University,NAIA,Southern States Athletic Conference,naiat1,5,10,3,1,13,4,6,9,3,11,7,1,,,,
reinhardt_university,Reinhardt University,NAIA,Appalachian Athletic Conference,naiat1,14,6,0,13,6,1,10,6,1,8,6,2,,,,
rio_grande_university_of,Rio Grande (University of),NAIA,River States Conference,naiat1,5,11,4,8,6,4,8,7,3,8,6,5,,,,
rochester_christian_university,Rochester Christian University,NAIA,Wolverine-Hoosier Athletic Conference,naiat1,,,,,,,6,7,6,7,8,4,,,,
rocky_mountain_college,Rocky Mountain College,NAIA,Cascade Collegiate Conference,naiat1,5,9,4,2,10,3,9,6,2,12,4,1,,,,
saint_ambrose_university,Saint Ambrose University,NAIA,Chicagoland Collegiate Athletic Conference,naiat1,13,4,3,,,,15,6,2,13,6,3,,,,
saint_mary_of_the_woods_college,Saint Mary-of-the-Woods College,NAIA,River States Conference,naiat1,4,7,3,5,7,5,2,10,5,1,15,1,,,,
saint_xavier_university,Saint Xavier University,NAIA,Chicagoland Collegiate Athletic Conference,naiat1,6,9,4,8,4,5,7,5,5,10,5,4,,,,
savannah_college_of_art_and_design,Savannah College of Art and Design,NAIA,Sun Conference,naiat1,14,5,1,17,2,2,20,1,2,9,6,4,,,champion,
shawnee_state_university,Shawnee State University,NAIA,River States Conference,naiat1,11,9,1,8,10,1,3,9,4,4,13,1,,,,
siena_heights_university,Siena Heights University,NAIA,Wolverine-Hoosier Athletic Conference,naiat1,11,5,4,15,1,6,13,2,4,7,7,6,,,,
simpson_university,Simpson University,NAIA,California Pacific Conference,naiat1,6,7,5,8,6,4,5,7,3,6,6,3,,,,
soka_university_of_america,Soka University of America,NAIA,Great Southwest Athletic Conference,naiat1,3,12,2,5,9,3,9,5,1,9,4,5,,,,
southeastern_university_florida,Southeastern University (Florida),NAIA,Sun Conference,naiat1,14,4,2,11,5,3,7,7,2,13,3,3,,,,
southern_oregon_university,Southern Oregon University,NAIA,Cascade Collegiate Conference,naiat1,11,5,3,9,7,4,8,7,2,14,3,3,,,,
southwestern_christian_university,Southwestern Christian University,NAIA,Sooner Athletic Conference,naiat1,4,10,4,5,12,1,3,8,5,14,7,2,,,,
southwestern_college_kansas,Southwestern College (Kansas),NAIA,Kansas Collegiate Athletic Conference,naiat1,11,5,5,7,8,4,4,9,4,5,8,4,,,,
spartanburg_methodist_college,Spartanburg Methodist College,NAIA,Appalachian Athletic Conference,naiat1,,,,,,,10,5,1,6,9,4,,,,
spring_arbor_university,Spring Arbor University,NAIA,Crossroads League,naiat1,19,1,3,20,1,2,,,,10,5,6,champion,,,
st_thomas_university_florida,St. Thomas University (Florida),NAIA,Sun Conference,naiat1,7,7,3,13,5,2,7,4,5,10,4,5,,,,
stanton_university,Stanton University,NAIA,California Pacific Conference,naiat1,,,,,,,,,,6,8,1,,,,
stephens_college,Stephens College,NAIA,American Midwest Conference,naiat1,4,13,3,4,11,1,2,12,2,6,11,1,,,,
sterling_college_kansas,Sterling College (Kansas),NAIA,Kansas Collegiate Athletic Conference,naiat1,3,15,0,,,,3,14,0,2,15,1,,,,
tabor_college,Tabor College,NAIA,Kansas Collegiate Athletic Conference,naiat1,7,8,4,9,7,3,5,8,5,12,6,2,,,,
talladega_college,Talladega College,NAIA,HBCU Athletic Conference,naiat1,,,,4,9,1,5,7,1,9,5,0,,,,
taylor_university,Taylor University,NAIA,Crossroads League,naiat1,13,5,2,10,3,5,7,6,4,14,3,3,,,,
tennessee_wesleyan_university,Tennessee Wesleyan University,NAIA,Appalachian Athletic Conference,naiat1,13,5,0,16,3,1,15,2,3,15,3,0,,,,
texas_aandm_university_san_antonio,Texas A&M University-San Antonio,NAIA,Red River Athletic Conference,naiat1,9,4,3,,,,6,8,1,5,10,2,,,,
texas_aandm_university_texarkana,Texas A&M University-Texarkana,NAIA,Red River Athletic Conference,naiat1,17,2,1,16,3,1,13,4,1,12,5,2,,,,
texas_aandm_university_victoria,Texas A&M University-Victoria,NAIA,Red River Athletic Conference,naiat1,10,3,5,6,7,5,,,,8,5,5,,,,
texas_college,Texas College,NAIA,Red River Athletic Conference,naiat1,,,,,,,0,13,1,,,,,,,
texas_wesleyan_university,Texas Wesleyan University,NAIA,Sooner Athletic Conference,naiat1,6,11,0,7,9,1,4,11,3,3,11,2,,,,
the_evergreen_state_college,The Evergreen State College,NAIA,Cascade Collegiate Conference,naiat1,1,10,4,2,11,2,3,10,3,1,13,1,,,,
the_masters_university,The Master's University,NAIA,Great Southwest Athletic Conference,naiat1,5,8,5,8,5,3,15,5,1,15,4,3,,,,
thomas_university,Thomas University,NAIA,Southern States Athletic Conference,naiat1,9,5,4,11,7,1,10,8,1,8,10,1,,,,
tougaloo_college,Tougaloo College,NAIA,HBCU Athletic Conference,naiat1,,,,,,,,,,0,9,1,,,,
trinity_christian_college,Trinity Christian College,NAIA,Chicagoland Collegiate Athletic Conference,naiat1,13,6,5,12,4,4,10,6,8,7,10,2,,,,
truett_mcconnell_university,Truett McConnell University,NAIA,Appalachian Athletic Conference,naiat1,17,3,1,18,3,2,16,2,3,19,2,2,,,,
union_commonwealth_university,Union Commonwealth University,NAIA,Appalachian Athletic Conference,naiat1,,,,,,,7,7,4,3,14,0,,,,
university_of_health_sciences_and_pharmacy_in_st_louis,University of Health Sciences and Pharmacy in St. Louis,NAIA,American Midwest Conference,naiat1,,,,,,,6,9,0,9,5,1,,,,
university_of_michigan_dearborn,University of Michigan-Dearborn,NAIA,Wolverine-Hoosier Athletic Conference,naiat1,3,8,3,7,9,2,2,13,3,2,13,3,,,,
university_of_mobile,University of Mobile,NAIA,Southern States Athletic Conference,naiat1,8,7,2,7,7,4,9,6,3,11,6,1,,,,
university_of_northwestern_ohio,University of Northwestern Ohio,NAIA,Wolverine-Hoosier Athletic Conference,naiat1,8,9,2,14,6,3,14,4,4,,,,,,,
university_of_pikeville,University of Pikeville,NAIA,Appalachian Athletic Conference,naiat1,3,15,1,6,11,2,9,7,2,9,5,3,,,,
university_of_providence,University of Providence,NAIA,Cascade Collegiate Conference,naiat1,3,11,1,2,12,2,5,11,1,4,9,2,,,,
university_of_saint_francis_in,University of Saint Francis (IN),NAIA,Crossroads League,naiat1,4,10,4,3,11,4,9,6,4,8,9,1,,,,
university_of_saint_mary,University of Saint Mary,NAIA,Kansas Collegiate Athletic Conference,naiat1,6,11,1,8,4,5,10,8,1,7,5,7,,,,
university_of_science_and_arts_of_oklahoma,University of Science and Arts of Oklahoma,NAIA,Sooner Athletic Conference,naiat1,16,3,1,,,,18,3,1,13,4,5,,,,
university_of_st_francis_il,University of St. Francis (IL),NAIA,Chicagoland Collegiate Athletic Conference,naiat1,12,6,1,6,7,5,9,6,5,13,4,3,,,,
university_of_tennessee_southern,University of Tennessee Southern,NAIA,Southern States Athletic Conference,naiat1,16,5,3,16,5,3,19,3,1,11,6,2,,,,
university_of_the_cumberlands,University of the Cumberlands,NAIA,Mid-South Conference,naiat1,18,2,3,18,1,3,,,,17,5,3,,champion,,final
university_of_the_southwest,University of the Southwest,NAIA,Red River Athletic Conference,naiat1,7,6,2,7,8,3,6,8,2,3,13,1,,,,
viterbo_university,Viterbo University,NAIA,Chicagoland Collegiate Athletic Conference,naiat1,8,6,2,7,6,6,8,9,1,8,7,0,,,,
waldorf_university,Waldorf University,NAIA,Great Plains Athletic Conference,naiat1,4,9,3,2,11,3,0,17,1,2,14,1,,,,
walla_walla_university,Walla Walla University,NAIA,Cascade Collegiate Conference,naiat1,,,,,,,0,4,0,0,12,0,,,,
warner_pacific_university,Warner Pacific University,NAIA,Cascade Collegiate Conference,naiat1,6,9,3,5,10,2,5,11,2,3,12,2,,,,
warner_university,Warner University,NAIA,Sun Conference,naiat1,4,8,5,4,10,4,4,13,2,6,11,3,,,,
washington_adventist_university,Washington Adventist University,NAIA,Continental Athletic Conference,naiat1,2,9,2,5,6,0,3,5,0,,,,,,,
wayland_baptist_university,Wayland Baptist University,NAIA,Sooner Athletic Conference,naiat1,5,8,4,4,9,2,2,11,2,7,11,3,,,,
webber_international_university,Webber International University,NAIA,Sun Conference,naiat1,8,4,3,,,,3,8,2,4,9,2,,,,
west_virginia_university_institute_of_technology,West Virginia University Institute of Technology,NAIA,River States Conference,naiat1,1,16,1,4,13,1,6,5,6,12,5,3,,,,
westcliff_university,Westcliff University,NAIA,California Pacific Conference,naiat1,12,5,2,3,7,3,12,1,3,17,2,1,,,,
wiley_university,Wiley University,NAIA,HBCU Athletic Conference,naiat1,,,,,,,2,7,1,,,,,,,
william_carey_university,William Carey University,NAIA,Southern States Athletic Conference,naiat1,16,3,2,24,0,1,20,2,1,,,,,final,,
william_penn_university,William Penn University,NAIA,Heart of America Athletic Conference,naiat1,3,12,1,4,11,1,3,8,6,3,13,1,,,,
william_woods_university,William Woods University,NAIA,Heart of America Athletic Conference,naiat1,7,10,2,9,8,3,10,7,3,2,12,2,,,,
williams_baptist_university,Williams Baptist University,NAIA,American Midwest Conference,naiat1,3,13,1,0,14,1,4,13,0,,,,,,,
xavier_university_of_louisiana,Xavier University of Louisiana,NAIA,Red River Athletic Conference,naiat1,,,,13,6,0,14,6,2,12,3,4,,,,
york_university_nebraska,York University (Nebraska),NAIA,Kansas Collegiate Athletic Conference,naiat1,1,15,1,5,7,5,9,7,5,3,12,3,,,,
