School,Sport,Division,Conference,Roster URL 2024 (candidate),Method,Roster URL 2025 (known good),2025 Player Count,Status,Notes
Abilene Christian,womens-soccer,NCAA D1,UAC,https://acusports.com/sports/womens-soccer/roster,wayback — query the CDX API for a late-2024 snapshot of this URL,https://web.archive.org/web/20251102230855/https://acusports.com/sports/womens-soccer/roster,25,todo,
Adams State,mens-soccer,NCAA D2,RMAC,https://asugrizzlies.com/sports/mens-soccer/roster/2024,year-swap (direct),https://asugrizzlies.com/sports/mens-soccer/roster/2025,40,todo,
Adams State,womens-soccer,NCAA D2,Rocky Mountain Athletic Conference,https://asugrizzlies.com/sports/womens-soccer/roster/2024,year-swap (direct),https://asugrizzlies.com/sports/womens-soccer/roster/2025,28,todo,
Adelphi,mens-soccer,NCAA D2,Northeast-10,https://aupanthers.com/sports/mens-soccer/roster/2024,year-swap (direct),https://aupanthers.com/sports/mens-soccer/roster/2025,32,todo,
Adelphi,womens-soccer,NCAA D2,Northeast-10 Conference,https://aupanthers.com/sports/womens-soccer/roster/2024,year-swap (direct),https://aupanthers.com/sports/womens-soccer/roster/2025,25,todo,
Adrian,mens-soccer,NCAA D3,MIAA-D3,https://adrianbulldogs.com/sports/mens-soccer/roster/2024,year-swap (direct),https://adrianbulldogs.com/sports/mens-soccer/roster/2025,32,todo,
Adrian College,womens-soccer,NCAA D3,Michigan Intercollegiate Athletic Association,https://adrianbulldogs.com/sports/womens-soccer/roster/2024,year-swap (direct),https://adrianbulldogs.com/sports/womens-soccer/roster/2025,27,todo,
Agnes Scott College,womens-soccer,NCAA D3,Collegiate Conference of the South,https://ascscotties.com/sports/womens-soccer/roster/2024,year-swap (direct),https://ascscotties.com/sports/womens-soccer/roster/2025,23,todo,
Air Force,mens-soccer,NCAA D1,Mountain West,https://goairforcefalcons.com/sports/mens-soccer/roster/2024,year-swap (direct),https://goairforcefalcons.com/sports/mens-soccer/roster/2025,24,todo,
Air Force,womens-soccer,NCAA D1,Mountain West,https://goairforcefalcons.com/sports/womens-soccer/roster,no year in URL — check the site for a 2024 season selector,https://goairforcefalcons.com/sports/womens-soccer/roster,32,todo,
Akron,mens-soccer,NCAA D1,MAC,https://gozips.com/sports/mens-soccer/roster/2024,year-swap (direct),https://gozips.com/sports/mens-soccer/roster/2025,29,todo,
Akron,womens-soccer,NCAA D1,MAC,https://gozips.com/sports/womens-soccer/roster,wayback — query the CDX API for a late-2024 snapshot of this URL,https://web.archive.org/web/20250919024346/https://gozips.com/sports/womens-soccer/roster,25,todo,
Alabama,womens-soccer,NCAA D1,SEC,https://rolltide.com/sports/womens-soccer/roster,wayback — query the CDX API for a late-2024 snapshot of this URL,https://web.archive.org/web/20251214014454/https://rolltide.com/sports/womens-soccer/roster,27,todo,
Alabama A&M,womens-soccer,NCAA D1,SWAC,https://aamusports.com/sports/womens-soccer/roster,wayback — query the CDX API for a late-2024 snapshot of this URL,https://web.archive.org/web/20251026153536/https://aamusports.com/sports/womens-soccer/roster,33,todo,
Alabama Huntsville,mens-soccer,NCAA D2,GSC,https://uahchargers.com/sports/mens-soccer/roster/2024,year-swap (direct),https://uahchargers.com/sports/mens-soccer/roster/2025,31,todo,
Alabama Huntsville,womens-soccer,NCAA D2,Gulf South Conference,https://uahchargers.com/sports/womens-soccer/roster/2024,year-swap (direct),https://uahchargers.com/sports/womens-soccer/roster/2025,27,todo,
Alabama State,womens-soccer,NCAA D1,SWAC,https://bamastatesports.com/sports/womens-soccer/roster,no year in URL — check the site for a 2024 season selector,https://bamastatesports.com/sports/womens-soccer/roster,26,todo,
Albany,mens-soccer,NCAA D1,America East,https://ualbanysports.com/sports/mens-soccer/roster/2024,year-swap (direct),https://ualbanysports.com/sports/mens-soccer/roster/2025,30,todo,
Albany,womens-soccer,NCAA D1,America East,https://ualbanysports.com/sports/womens-soccer/roster,wayback — query the CDX API for a late-2024 snapshot of this URL,https://web.archive.org/web/20251106155851/https://ualbanysports.com/sports/womens-soccer/roster,24,todo,
Albertus Magnus,mens-soccer,NCAA D3,NAC,https://albertusfalcons.com/sports/msoc/2024-26/roster,wayback — query the CDX API for a late-2024 snapshot of this URL,https://web.archive.org/web/20251108150828/https://albertusfalcons.com/sports/msoc/2025-26/roster,34,todo,
Albion,mens-soccer,NCAA D3,MIAA-D3,https://gobrits.com/sports/mens-soccer/roster/2024,year-swap (direct),https://gobrits.com/sports/mens-soccer/roster/2025,30,todo,
Albion College,womens-soccer,NCAA D3,Michigan Intercollegiate Athletic Association,https://gobrits.com/sports/womens-soccer/roster/2024,year-swap (direct),https://gobrits.com/sports/womens-soccer/roster/2025,34,todo,
Albright,mens-soccer,NCAA D3,MAC Commonwealth,https://albrightathletics.com/sports/mens-soccer/roster/2024,year-swap (direct),https://albrightathletics.com/sports/mens-soccer/roster/2025,31,todo,
Albright College,womens-soccer,NCAA D3,Middle Atlantic Conference (Commonwealth),https://albrightathletics.com/sports/womens-soccer/roster/2024,year-swap (direct),https://albrightathletics.com/sports/womens-soccer/roster/2025,34,todo,
Alcorn State,womens-soccer,NCAA D1,SWAC,https://alcornsports.com/sports/womens-soccer/roster,wayback — query the CDX API for a late-2024 snapshot of this URL,https://web.archive.org/web/20251020215251/https://alcornsports.com/sports/womens-soccer/roster,22,todo,
Alfred State,mens-soccer,NCAA D3,AMCC,https://alfredstateathletics.com/sports/mens-soccer/roster/2024,year-swap (direct),https://alfredstateathletics.com/sports/mens-soccer/roster/2025,29,todo,
Alfred University,mens-soccer,NCAA D3,Empire 8,https://gosaxons.com/sports/mens-soccer/roster/2024,year-swap (direct),https://gosaxons.com/sports/mens-soccer/roster/2025,27,todo,
Alfred University,womens-soccer,NCAA D3,Empire 8,https://gosaxons.com/sports/womens-soccer/roster/2024,year-swap (direct),https://gosaxons.com/sports/womens-soccer/roster/2025,28,todo,
Allegheny,mens-soccer,NCAA D3,NCAC,https://alleghenygators.com/sports/mens-soccer/roster/2024,year-swap (direct),https://alleghenygators.com/sports/mens-soccer/roster/2025,27,todo,
Allegheny College,womens-soccer,NCAA D3,Presidents' Athletic Conference,https://alleghenygators.com/sports/womens-soccer/roster/2024,year-swap (direct),https://alleghenygators.com/sports/womens-soccer/roster/2025,30,todo,
Allen,womens-soccer,NCAA D2,Independent,https://auyellowjackets.com/sports/wsoc/roster/2024,year-swap (direct),https://auyellowjackets.com/sports/wsoc/roster/2025,15,todo,
Alma,mens-soccer,NCAA D3,MIAA-D3,https://almascots.com/sports/mens-soccer/roster/2024,year-swap (direct),https://almascots.com/sports/mens-soccer/roster/2025,37,todo,
Alma College,womens-soccer,NCAA D3,Michigan Intercollegiate Athletic Association,https://almascots.com/sports/womens-soccer/roster/2024,year-swap (direct),https://almascots.com/sports/womens-soccer/roster/2025,41,todo,
Alvernia,mens-soccer,NCAA D3,MAC Commonwealth,https://auwolves.com/sports/mens-soccer/roster/2024,year-swap (direct),https://auwolves.com/sports/mens-soccer/roster/2025,27,todo,
Alvernia University,womens-soccer,NCAA D3,Middle Atlantic Conference (Commonwealth),https://auwolves.com/sports/womens-soccer/roster/2024,year-swap (direct),https://auwolves.com/sports/womens-soccer/roster/2025,24,todo,
Alverno College,womens-soccer,NCAA D3,Northern Athletics Collegiate Conference,https://athletics.alverno.edu/sports/womens-soccer/roster/2024,year-swap (direct),https://athletics.alverno.edu/sports/womens-soccer/roster/2025,6,todo,
American,mens-soccer,NCAA D1,Patriot League,https://aueagles.com/sports/mens-soccer/roster/2024,year-swap (direct),https://aueagles.com/sports/mens-soccer/roster/2025,28,todo,
American,womens-soccer,NCAA D1,Patriot,https://aueagles.com/sports/womens-soccer/roster,wayback — query the CDX API for a late-2024 snapshot of this URL,https://web.archive.org/web/20251117123817/https://aueagles.com/sports/womens-soccer/roster,29,todo,
American International,mens-soccer,NCAA D2,Northeast-10,https://aicyellowjackets.com/sports/mens-soccer/roster/2024,year-swap (direct),https://aicyellowjackets.com/sports/mens-soccer/roster/2025,48,todo,
American International,womens-soccer,NCAA D2,Northeast-10 Conference,https://aicyellowjackets.com/sports/womens-soccer/roster/2024,year-swap (direct),https://aicyellowjackets.com/sports/womens-soccer/roster/2025,33,todo,
Amherst,mens-soccer,NCAA D3,NESCAC,https://athletics.amherst.edu/sports/mens-soccer/roster/2024,year-swap (direct),https://athletics.amherst.edu/sports/mens-soccer/roster/2025,29,todo,
Amherst College,womens-soccer,NCAA D3,New England Small College Athletic Conference,https://athletics.amherst.edu/sports/womens-soccer/roster/2024,year-swap (direct),https://athletics.amherst.edu/sports/womens-soccer/roster/2025,28,todo,
Anderson (IN),mens-soccer,NCAA D3,HCAC,https://athletics.anderson.edu/sports/msoc/2024-26/roster,year-swap (direct),https://athletics.anderson.edu/sports/msoc/2025-26/roster,32,todo,
Anderson (SC),mens-soccer,NCAA D2,SAC,https://autrojans.com/sports/mens-soccer/roster/2024,year-swap (direct),https://autrojans.com/sports/mens-soccer/roster/2025,35,todo,
Anderson (SC),womens-soccer,NCAA D2,South Atlantic Conference,https://autrojans.com/sports/womens-soccer/roster/2024,year-swap (direct),https://autrojans.com/sports/womens-soccer/roster/2025,28,todo,
Anderson University (IN),womens-soccer,NCAA D3,Heartland Collegiate Athletic Conference,https://athletics.anderson.edu/sports/wsoc/2024-26/roster,year-swap (direct),https://athletics.anderson.edu/sports/wsoc/2025-26/roster,30,todo,
Angelo State,womens-soccer,NCAA D2,Lone Star Conference,,no source URL recorded — discover from scratch,,29,todo,
Appalachian State,womens-soccer,NCAA D1,Sun Belt,,no source URL recorded — discover from scratch,,27,todo,
Arcadia,mens-soccer,NCAA D3,MAC Freedom,https://arcadiaknights.com/sports/mens-soccer/roster/2024,year-swap (direct),https://arcadiaknights.com/sports/mens-soccer/roster/2025,40,todo,
Arcadia University,womens-soccer,NCAA D3,Middle Atlantic Conference (Freedom),https://arcadiaknights.com/sports/womens-soccer/roster/2024,year-swap (direct),https://arcadiaknights.com/sports/womens-soccer/roster/2025,38,todo,
Arizona,womens-soccer,NCAA D1,Big 12,https://arizonawildcats.com/sports/womens-soccer/roster,wayback — query the CDX API for a late-2024 snapshot of this URL,https://web.archive.org/web/20251216012402/https://arizonawildcats.com/sports/womens-soccer/roster,27,todo,
Arizona State,womens-soccer,NCAA D1,Big 12,https://thesundevils.com/sports/womens-soccer/roster,no year in URL — check the site for a 2024 season selector,https://thesundevils.com/sports/womens-soccer/roster,26,todo,
Arkansas,womens-soccer,NCAA D1,SEC,https://arkansasrazorbacks.com/sport/w-soccer/roster/,no year in URL — check the site for a 2024 season selector,https://arkansasrazorbacks.com/sport/w-soccer/roster/,27,todo,
Arkansas State,womens-soccer,NCAA D1,Sun Belt,https://astateredwolves.com/sports/womens-soccer/roster,wayback — query the CDX API for a late-2024 snapshot of this URL,https://web.archive.org/web/20251218003641/https://astateredwolves.com/sports/womens-soccer/roster,26,todo,
Arkansas-Pine Bluff,womens-soccer,NCAA D1,SWAC,https://uapblionsroar.com/sports/womens-soccer/roster,no year in URL — check the site for a 2024 season selector,https://uapblionsroar.com/sports/womens-soccer/roster,20,todo,
Army,womens-soccer,NCAA D1,Patriot,https://goarmywestpoint.com/sports/womens-soccer/roster,wayback — query the CDX API for a late-2024 snapshot of this URL,https://web.archive.org/web/20251207162414/https://goarmywestpoint.com/sports/womens-soccer/roster,28,todo,
Army West Point,mens-soccer,NCAA D1,Patriot League,https://goarmywestpoint.com/sports/mens-soccer/roster/2024,year-swap (direct),https://goarmywestpoint.com/sports/mens-soccer/roster/2025,33,todo,
Asbury,mens-soccer,NCAA D3,CCS,https://asburyeagles.com/sports/mens-soccer/roster/2024,year-swap (direct),https://asburyeagles.com/sports/mens-soccer/roster/2025,46,todo,
Asbury University,womens-soccer,NCAA D3,Collegiate Conference of the South,https://asburyeagles.com/sports/womens-soccer/roster/2024,year-swap (direct),https://asburyeagles.com/sports/womens-soccer/roster/2025,33,todo,
Ashland,mens-soccer,NCAA D2,GLIAC,https://goashlandeagles.com/sports/mens-soccer/roster/2024,year-swap (direct),https://goashlandeagles.com/sports/mens-soccer/roster/2025,41,todo,
Ashland,womens-soccer,NCAA D2,Great Midwest Athletic Conference,https://goashlandeagles.com/sports/womens-soccer/roster/2024,year-swap (direct),https://goashlandeagles.com/sports/womens-soccer/roster/2025,37,todo,
Assumption,mens-soccer,NCAA D2,Northeast-10,https://assumptiongreyhounds.com/sports/mens-soccer/roster/2024,year-swap (direct),https://assumptiongreyhounds.com/sports/mens-soccer/roster/2025,41,todo,
Assumption,womens-soccer,NCAA D2,Northeast-10 Conference,https://assumptiongreyhounds.com/sports/womens-soccer/roster/2024,year-swap (direct),https://assumptiongreyhounds.com/sports/womens-soccer/roster/2025,22,todo,
Auburn,womens-soccer,NCAA D1,SEC,https://auburntigers.com/sports/womens-soccer/roster,no year in URL — check the site for a 2024 season selector,https://auburntigers.com/sports/womens-soccer/roster,14,todo,
Auburn Montgomery,mens-soccer,NCAA D2,GSC,https://aumathletics.com/sports/mens-soccer/roster/2024,year-swap (direct),https://aumathletics.com/sports/mens-soccer/roster/2025,31,todo,
Auburn Montgomery,womens-soccer,NCAA D2,Gulf South Conference,https://aumathletics.com/sports/womens-soccer/roster/2024,year-swap (direct),https://aumathletics.com/sports/womens-soccer/roster/2025,21,todo,
Augsburg,mens-soccer,NCAA D3,MIAC,https://athletics.augsburg.edu/sports/mens-soccer/roster/2024,year-swap (direct),https://athletics.augsburg.edu/sports/mens-soccer/roster/2025,30,todo,
Augsburg University,womens-soccer,NCAA D3,Minnesota Intercollegiate Athletic Conference,https://athletics.augsburg.edu/sports/womens-soccer/roster/2024,year-swap (direct),https://athletics.augsburg.edu/sports/womens-soccer/roster/2025,25,todo,
Augustana (IL),mens-soccer,NCAA D3,CCIW,https://athletics.augustana.edu/sports/mens-soccer/roster/2024,year-swap (direct),https://athletics.augustana.edu/sports/mens-soccer/roster/2025,55,todo,
Augustana (SD),womens-soccer,NCAA D2,Northern Sun Intercollegiate Conference,https://goaugie.com/sports/womens-soccer/roster/2024,year-swap (direct),https://goaugie.com/sports/womens-soccer/roster/2025,35,todo,
Augustana College,womens-soccer,NCAA D3,College Conference of Illinois & Wisconsin,https://athletics.augustana.edu/sports/womens-soccer/roster/2024,year-swap (direct),https://athletics.augustana.edu/sports/womens-soccer/roster/2025,32,todo,
Aurora,mens-soccer,NCAA D3,NACC,https://athletics.aurora.edu/sports/mens-soccer/roster/2024,year-swap (direct),https://athletics.aurora.edu/sports/mens-soccer/roster/2025,38,todo,
Aurora University,womens-soccer,NCAA D3,Northern Athletics Collegiate Conference,https://athletics.aurora.edu/sports/womens-soccer/roster/2024,year-swap (direct),https://athletics.aurora.edu/sports/womens-soccer/roster/2025,26,todo,
Austin College,mens-soccer,NCAA D3,ASC,https://acroos.com/sports/msoc/2024-26/roster,year-swap (direct),https://acroos.com/sports/msoc/2025-26/roster,34,todo,
Austin College,womens-soccer,NCAA D3,Southern Collegiate Athletic Conference,https://acroos.com/sports/wsoc/2024-26/roster,year-swap (direct),https://acroos.com/sports/wsoc/2025-26/roster,35,todo,
Austin Peay,womens-soccer,NCAA D1,UAC,https://letsgopeay.com/sports/womens-soccer/roster,wayback — query the CDX API for a late-2024 snapshot of this URL,https://web.archive.org/web/20251208010445/https://letsgopeay.com/sports/womens-soccer/roster,23,todo,
Averett,mens-soccer,NCAA D3,ODAC,https://averettcougars.com/sports/mens-soccer/roster/2024,year-swap (direct),https://averettcougars.com/sports/mens-soccer/roster/2025,21,todo,
Averett University,womens-soccer,NCAA D3,Old Dominion Athletic Conference,https://averettcougars.com/sports/womens-soccer/roster/2024,year-swap (direct),https://averettcougars.com/sports/womens-soccer/roster/2025,15,todo,
BYU,womens-soccer,NCAA D1,Big 12,https://byucougars.com/sports/womens-soccer/roster/season/2024,year-swap (direct),https://byucougars.com/sports/womens-soccer/roster/season/2025,30,todo,
Babson,mens-soccer,NCAA D3,NEWMAC,https://babsonathletics.com/sports/mens-soccer/roster/2024,year-swap (direct),https://babsonathletics.com/sports/mens-soccer/roster/2025,34,todo,
Babson College,womens-soccer,NCAA D3,New England Women's and Men's Athletic Conference,https://babsonathletics.com/sports/womens-soccer/roster/2024,year-swap (direct),https://babsonathletics.com/sports/womens-soccer/roster/2025,29,todo,
Baldwin Wallace,mens-soccer,NCAA D3,OAC,https://bwyellowjackets.com/sports/mens-soccer/roster/2024,year-swap (direct),https://bwyellowjackets.com/sports/mens-soccer/roster/2025,45,todo,
Baldwin Wallace University,womens-soccer,NCAA D3,Ohio Athletic Conference,https://bwyellowjackets.com/sports/womens-soccer/roster/2024,year-swap (direct),https://bwyellowjackets.com/sports/womens-soccer/roster/2025,38,todo,
Ball State,womens-soccer,NCAA D1,MAC,https://ballstatesports.com/sports/womens-soccer/roster/,wayback — query the CDX API for a late-2024 snapshot of this URL,https://web.archive.org/web/20251003182953/https://ballstatesports.com/sports/womens-soccer/roster/,27,todo,
Bard,mens-soccer,NCAA D3,Liberty League,https://bardathletics.com/sports/mens-soccer/roster/2024,year-swap (direct),https://bardathletics.com/sports/mens-soccer/roster/2025,28,todo,
Bard College,womens-soccer,NCAA D3,Liberty League,https://bardathletics.com/sports/womens-soccer/roster/2024,year-swap (direct),https://bardathletics.com/sports/womens-soccer/roster/2025,20,todo,
Barry,mens-soccer,NCAA D2,Sunshine State,https://gobarrybucs.com/sports/mens-soccer/roster/2024,year-swap (direct),https://gobarrybucs.com/sports/mens-soccer/roster/2025,34,todo,
Barry,womens-soccer,NCAA D2,Sunshine State Conference,https://gobarrybucs.com/sports/womens-soccer/roster/2024,year-swap (direct),https://gobarrybucs.com/sports/womens-soccer/roster/2025,33,todo,
Barton,mens-soccer,NCAA D2,SAC,https://bartonbulldogs.com/sports/mens-soccer/roster/2024,year-swap (direct),https://bartonbulldogs.com/sports/mens-soccer/roster/2025,41,todo,
Barton,womens-soccer,NCAA D2,Conference Carolinas,https://bartonbulldogs.com/sports/womens-soccer/roster/2024,year-swap (direct),https://bartonbulldogs.com/sports/womens-soccer/roster/2025,27,todo,
Bates,mens-soccer,NCAA D3,NESCAC,https://gobatesbobcats.com/sports/msoc/roster/2024,year-swap (direct),https://gobatesbobcats.com/sports/msoc/roster/2025,34,todo,
Bates College,womens-soccer,NCAA D3,New England Small College Athletic Conference,https://gobatesbobcats.com/sports/womens-soccer/roster/2024,year-swap (direct),https://gobatesbobcats.com/sports/womens-soccer/roster/2025,29,todo,
Batten University,womens-soccer,NCAA D3,Old Dominion Athletic Conference,https://battenathletics.com/sports/womens-soccer/roster/2024,year-swap (direct),https://battenathletics.com/sports/womens-soccer/roster/2025,35,todo,
Bay Path University,womens-soccer,NCAA D3,New England Collegiate Conference,https://athletics.baypath.edu/sports/wsoc/2024-26/roster,wayback — query the CDX API for a late-2024 snapshot of this URL,https://web.archive.org/web/20251108122942/https://athletics.baypath.edu/sports/wsoc/2025-26/roster,13,todo,
Baylor,womens-soccer,NCAA D1,Big 12,https://baylorbears.com/sports/womens-soccer/roster,wayback — query the CDX API for a late-2024 snapshot of this URL,https://web.archive.org/web/20251002033854/https://baylorbears.com/sports/womens-soccer/roster,29,todo,
Belhaven,mens-soccer,NCAA D3,ASC,https://blazers.belhaven.edu/sports/mens-soccer/roster/2024,year-swap (direct),https://blazers.belhaven.edu/sports/mens-soccer/roster/2025,39,todo,
Belhaven University,womens-soccer,NCAA D3,Collegiate Conference of the South,https://blazers.belhaven.edu/sports/womens-soccer/roster/2024,year-swap (direct),https://blazers.belhaven.edu/sports/womens-soccer/roster/2025,33,todo,
Bellarmine,mens-soccer,NCAA D1,ASUN,https://athletics.bellarmine.edu/sports/mens-soccer/roster/2024,year-swap (direct),https://athletics.bellarmine.edu/sports/mens-soccer/roster/2025,35,todo,
Bellarmine,womens-soccer,NCAA D1,ASUN,https://athletics.bellarmine.edu/sports/womens-soccer/roster,wayback — query the CDX API for a late-2024 snapshot of this URL,https://web.archive.org/web/20251123224132/https://athletics.bellarmine.edu/sports/womens-soccer/roster,25,todo,
Belmont,mens-soccer,NCAA D1,MVC,https://belmontbruins.com/sports/mens-soccer/roster/2024,year-swap (direct),https://belmontbruins.com/sports/mens-soccer/roster/2025,27,todo,
Belmont,womens-soccer,NCAA D1,Missouri Valley,https://belmontbruins.com/sports/womens-soccer/roster,wayback — query the CDX API for a late-2024 snapshot of this URL,https://web.archive.org/web/20260227162023/https://belmontbruins.com/sports/womens-soccer/roster,26,todo,
Belmont Abbey,mens-soccer,NCAA D2,Conference USA,https://abbeyathletics.com/sports/mens-soccer/roster/2024,year-swap (direct),https://abbeyathletics.com/sports/mens-soccer/roster/2025,39,todo,
Belmont Abbey,womens-soccer,NCAA D2,Conference Carolinas,https://abbeyathletics.com/sports/womens-soccer/roster/2024,year-swap (direct),https://abbeyathletics.com/sports/womens-soccer/roster/2025,51,todo,
Beloit,mens-soccer,NCAA D3,MWC-D3,https://beloitcollegeathletics.com/sports/mens-soccer/roster/2024,year-swap (direct),https://beloitcollegeathletics.com/sports/mens-soccer/roster/2025,39,todo,
Beloit College,womens-soccer,NCAA D3,Midwest Conference,https://beloitcollegeathletics.com/sports/womens-soccer/roster/2024,year-swap (direct),https://beloitcollegeathletics.com/sports/womens-soccer/roster/2025,17,todo,
Bemidji State,womens-soccer,NCAA D2,Northern Sun Intercollegiate Conference,https://bsubeavers.com/sports/womens-soccer/roster/2024,year-swap (direct),https://bsubeavers.com/sports/womens-soccer/roster/2025,33,todo,
Benedictine (IL),mens-soccer,NCAA D3,CCIW,https://benueagles.com/sports/mens-soccer/roster/2024,year-swap (direct),https://benueagles.com/sports/mens-soccer/roster/2025,34,todo,
Benedictine University,womens-soccer,NCAA D3,Northern Athletics Collegiate Conference,https://benueagles.com/sports/womens-soccer/roster/2024,year-swap (direct),https://benueagles.com/sports/womens-soccer/roster/2025,23,todo,
Bentley,mens-soccer,NCAA D2,Northeast-10,https://bentleyfalcons.com/sports/mens-soccer/roster/2024,year-swap (direct),https://bentleyfalcons.com/sports/mens-soccer/roster/2025,36,todo,
Bentley,womens-soccer,NCAA D2,Northeast-10 Conference,https://bentleyfalcons.com/sports/womens-soccer/roster/2024,year-swap (direct),https://bentleyfalcons.com/sports/womens-soccer/roster/2025,32,todo,
Berea,mens-soccer,NCAA D3,HCAC,https://bereaathletics.com/sports/mens-soccer/roster/2024,year-swap (direct),https://bereaathletics.com/sports/mens-soccer/roster/2025,29,todo,
Berea College,womens-soccer,NCAA D3,Heartland Collegiate Athletic Conference,https://bereaathletics.com/sports/womens-soccer/roster/2024,year-swap (direct),https://bereaathletics.com/sports/womens-soccer/roster/2025,24,todo,
Berry,mens-soccer,NCAA D3,SAA,https://berryvikings.com/sports/mens-soccer/roster/2024,year-swap (direct),https://berryvikings.com/sports/mens-soccer/roster/2025,30,todo,
Berry College,womens-soccer,NCAA D3,Southern Athletic Association,https://berryvikings.com/sports/womens-soccer/roster/2024,year-swap (direct),https://berryvikings.com/sports/womens-soccer/roster/2025,35,todo,
Bethany (WV),mens-soccer,NCAA D3,PAC,https://bethanybison.com/sports/mens-soccer/roster/2024,year-swap (direct),https://bethanybison.com/sports/mens-soccer/roster/2025,32,todo,
Bethany College (WV),womens-soccer,NCAA D3,Presidents' Athletic Conference,https://bethanybison.com/sports/womens-soccer/roster/2024,year-swap (direct),https://bethanybison.com/sports/womens-soccer/roster/2025,27,todo,
Bethany Lutheran,mens-soccer,NCAA D3,UMAC,https://blcvikings.com/sports/mens-soccer/roster/2024,year-swap (direct),https://blcvikings.com/sports/mens-soccer/roster/2025,41,todo,
Bethany Lutheran College,womens-soccer,NCAA D3,Upper Midwest Athletic Conference,https://blcvikings.com/sports/womens-soccer/roster/2024,year-swap (direct),https://blcvikings.com/sports/womens-soccer/roster/2025,20,todo,
Bethel (MN),mens-soccer,NCAA D3,MIAC,https://athletics.bethel.edu/sports/mens-soccer/roster/2024,year-swap (direct),https://athletics.bethel.edu/sports/mens-soccer/roster/2025,21,todo,
Bethel University (MN),womens-soccer,NCAA D3,Minnesota Intercollegiate Athletic Conference,https://athletics.bethel.edu/sports/womens-soccer/roster/2024,year-swap (direct),https://athletics.bethel.edu/sports/womens-soccer/roster/2025,24,todo,
Binghamton,mens-soccer,NCAA D1,America East,https://binghamtonbearcats.com/sports/mens-soccer/roster/2024,year-swap (direct),https://binghamtonbearcats.com/sports/mens-soccer/roster/2025,28,todo,
Binghamton,womens-soccer,NCAA D1,America East,https://binghamtonbearcats.com/sports/womens-soccer/roster,wayback — query the CDX API for a late-2024 snapshot of this URL,https://web.archive.org/web/20251206115037/https://binghamtonbearcats.com/sports/womens-soccer/roster,27,todo,
Biola,mens-soccer,NCAA D2,PacWest,https://athletics.biola.edu/sports/mens-soccer/roster/2024,year-swap (direct),https://athletics.biola.edu/sports/mens-soccer/roster/2025,33,todo,
Biola,womens-soccer,NCAA D2,Pacific West Conference,https://athletics.biola.edu/sports/womens-soccer/roster/2024,year-swap (direct),https://athletics.biola.edu/sports/womens-soccer/roster/2025,25,todo,
Black Hills State,womens-soccer,NCAA D2,Rocky Mountain Athletic Conference,https://bhsuathletics.com/sports/womens-soccer/roster/2024,year-swap (direct),https://bhsuathletics.com/sports/womens-soccer/roster/2025,26,todo,
Blackburn,mens-soccer,NCAA D3,SLIAC,https://blackburnbeavers.com/sports/msoc/2024-26/roster/,wayback — query the CDX API for a late-2024 snapshot of this URL,https://web.archive.org/web/20251107105947/https://blackburnbeavers.com/sports/msoc/2025-26/roster/,42,todo,
Blackburn College,womens-soccer,NCAA D3,St. Louis Intercollegiate Athletic Conference,https://blackburnbeavers.com/sports/wsoc/2024-26/roster,wayback — query the CDX API for a late-2024 snapshot of this URL,https://web.archive.org/web/20251111143920/https://blackburnbeavers.com/sports/wsoc/2025-26/roster,15,todo,
Bluefield State,womens-soccer,NCAA D2,Independent,https://gobstate.com/sports/womens-soccer/roster/2024,year-swap (direct),https://gobstate.com/sports/womens-soccer/roster/2025,20,todo,
Bluffton,mens-soccer,NCAA D3,HCAC,https://www.blufftonbeavers.com/sports/msoc/2024-26/roster,wayback — query the CDX API for a late-2024 snapshot of this URL,https://web.archive.org/web/20251219144010/https://www.blufftonbeavers.com/sports/msoc/2025-26/roster,22,todo,
Bluffton University,womens-soccer,NCAA D3,Heartland Collegiate Athletic Conference,https://www.blufftonbeavers.com/sports/wsoc/2024-26/roster,wayback — query the CDX API for a late-2024 snapshot of this URL,https://web.archive.org/web/20251219144027/https://www.blufftonbeavers.com/sports/wsoc/2025-26/roster,23,todo,
Bob Jones,mens-soccer,NCAA D3,ASC,https://www.bjubruins.com/sports/mens-soccer/roster/2024,year-swap (direct),https://www.bjubruins.com/sports/mens-soccer/roster/2025,27,todo,
Boise State,womens-soccer,NCAA D1,Pac-12,https://broncosports.com/sports/womens-soccer/roster,wayback — query the CDX API for a late-2024 snapshot of this URL,https://web.archive.org/web/20251206093959/https://broncosports.com/sports/womens-soccer/roster,29,todo,
Boston College,mens-soccer,NCAA D1,ACC,https://bceagles.com/sports/mens-soccer/roster/2024,year-swap (direct),https://bceagles.com/sports/mens-soccer/roster/2025,30,todo,
Boston College,womens-soccer,NCAA D1,ACC,https://bceagles.com/sports/womens-soccer/roster/,wayback — query the CDX API for a late-2024 snapshot of this URL,https://web.archive.org/web/20251204033340/https://bceagles.com/sports/womens-soccer/roster/,29,todo,
Boston University,mens-soccer,NCAA D1,Patriot League,https://goterriers.com/sports/mens-soccer/roster/,wayback — query the CDX API for a late-2024 snapshot of this URL,https://web.archive.org/web/20251113133221/https://goterriers.com/sports/mens-soccer/roster/,28,todo,
Boston University,womens-soccer,NCAA D1,Patriot,https://goterriers.com/sports/womens-soccer/roster/giulianna-gianino/26462,wayback — query the CDX API for a late-2024 snapshot of this URL,https://web.archive.org/web/20251018004617/https://goterriers.com/sports/womens-soccer/roster/giulianna-gianino/26462,34,todo,
Bowdoin,mens-soccer,NCAA D3,NESCAC,https://athletics.bowdoin.edu/sports/mens-soccer/roster/2024,year-swap (direct),https://athletics.bowdoin.edu/sports/mens-soccer/roster/2025,28,todo,
Bowdoin College,womens-soccer,NCAA D3,New England Small College Athletic Conference,https://athletics.bowdoin.edu/sports/womens-soccer/roster/2024,year-swap (direct),https://athletics.bowdoin.edu/sports/womens-soccer/roster/2025,28,todo,
Bowling Green,mens-soccer,NCAA D1,MAC,https://bgsufalcons.com/sports/mens-soccer/roster/2024,year-swap (direct),https://bgsufalcons.com/sports/mens-soccer/roster/2025,27,todo,
Bowling Green,womens-soccer,NCAA D1,MAC,https://bgsufalcons.com/sports/womens-soccer/roster/2024,year-swap (direct),https://bgsufalcons.com/sports/womens-soccer/roster/2025,31,todo,
Bradley,mens-soccer,NCAA D1,MVC,https://bradleybraves.com/roster.aspx?rp_id=14134,no year in URL — check the site for a 2024 season selector,https://bradleybraves.com/roster.aspx?rp_id=14134,22,todo,
Brandeis,mens-soccer,NCAA D3,UAA,https://brandeisjudges.com/sports/mens-soccer/roster/2024,year-swap (direct),https://brandeisjudges.com/sports/mens-soccer/roster/2025,29,todo,
Brandeis University,womens-soccer,NCAA D3,University Athletic Association,https://brandeisjudges.com/sports/womens-soccer/roster/2024,year-swap (direct),https://brandeisjudges.com/sports/womens-soccer/roster/2025,27,todo,
Brevard,mens-soccer,NCAA D3,SAA,https://bctornados.com/sports/mens-soccer/roster/2024,year-swap (direct),https://bctornados.com/sports/mens-soccer/roster/2025,37,todo,
Brevard College,womens-soccer,NCAA D3,USA South Athletic Conference,https://bctornados.com/sports/womens-soccer/roster/2024,year-swap (direct),https://bctornados.com/sports/womens-soccer/roster/2025,36,todo,
Bridgewater (VA),mens-soccer,NCAA D3,ODAC,https://bridgewatereagles.com/sports/mens-soccer/roster/2024,year-swap (direct),https://bridgewatereagles.com/sports/mens-soccer/roster/2025,31,todo,
Bridgewater College,womens-soccer,NCAA D3,Old Dominion Athletic Conference,https://bridgewatereagles.com/sports/womens-soccer/roster/2024,year-swap (direct),https://bridgewatereagles.com/sports/womens-soccer/roster/2025,30,todo,
Bridgewater State,mens-soccer,NCAA D3,MASCAC,https://bsubears.com/sports/msoc/2024-26/roster,wayback — query the CDX API for a late-2024 snapshot of this URL,https://web.archive.org/web/20250908211300/https://bsubears.com/sports/msoc/2025-26/roster,31,todo,
Bridgewater State University,womens-soccer,NCAA D3,Massachusetts State Collegiate Athletic Conference,https://bsubears.com/sports/wsoc/2024-26/roster,wayback — query the CDX API for a late-2024 snapshot of this URL,https://web.archive.org/web/20250908211226/https://bsubears.com/sports/wsoc/2025-26/roster,27,todo,
Brown,mens-soccer,NCAA D1,Ivy League,https://brownbears.com/sports/mens-soccer/roster/2024,year-swap (direct),https://brownbears.com/sports/mens-soccer/roster/2025,27,todo,
Brown,womens-soccer,NCAA D1,Ivy League,https://brownbears.com/sports/womens-soccer/roster/,wayback — query the CDX API for a late-2024 snapshot of this URL,https://web.archive.org/web/20260106165331/https://brownbears.com/sports/womens-soccer/roster/,28,todo,
Bryant,mens-soccer,NCAA D1,America East,https://bryantbulldogs.com/sports/mens-soccer/roster/2024,year-swap (direct),https://bryantbulldogs.com/sports/mens-soccer/roster/2025,33,todo,
Bryant,womens-soccer,NCAA D1,America East,https://bryantbulldogs.com/sports/womens-soccer/roster,wayback — query the CDX API for a late-2024 snapshot of this URL,https://web.archive.org/web/20250928104716/https://bryantbulldogs.com/sports/womens-soccer/roster,35,todo,
Bryn Mawr College,womens-soccer,NCAA D3,Centennial Conference,https://gobrynmawr.com/sports/womens-soccer/roster/2024,year-swap (direct),https://gobrynmawr.com/sports/womens-soccer/roster/2025,24,todo,
Bucknell,mens-soccer,NCAA D1,Patriot League,https://bucknellbison.com/sports/mens-soccer/roster/2024,year-swap (direct),https://bucknellbison.com/sports/mens-soccer/roster/2025,28,todo,
Bucknell,womens-soccer,NCAA D1,Patriot,https://bucknellbison.com/sports/womens-soccer/roster,wayback — query the CDX API for a late-2024 snapshot of this URL,https://web.archive.org/web/20251104201344/https://bucknellbison.com/sports/womens-soccer/roster,30,todo,
Buena Vista,mens-soccer,NCAA D3,Iowa Conference,https://bvuathletics.com/sports/mens-soccer/roster/2024,year-swap (direct),https://bvuathletics.com/sports/mens-soccer/roster/2025,34,todo,
Buena Vista University,womens-soccer,NCAA D3,American Rivers Conference,https://bvuathletics.com/sports/womens-soccer/roster/2024,year-swap (direct),https://bvuathletics.com/sports/womens-soccer/roster/2025,22,todo,
Buffalo,womens-soccer,NCAA D1,MAC,https://ubbulls.com/sports/womens-soccer/roster,wayback — query the CDX API for a late-2024 snapshot of this URL,https://web.archive.org/web/20251226033635/https://ubbulls.com/sports/womens-soccer/roster,28,todo,
Butler,mens-soccer,NCAA D1,Big East,https://butlersports.com/sports/mens-soccer/roster/2024,year-swap (direct),https://butlersports.com/sports/mens-soccer/roster/2025,28,todo,
Butler,womens-soccer,NCAA D1,Big East,https://butlersports.com/sports/womens-soccer/roster,wayback — query the CDX API for a late-2024 snapshot of this URL,https://web.archive.org/web/20251019023418/https://butlersports.com/sports/womens-soccer/roster,24,todo,
CSUN,mens-soccer,NCAA D1,Big West,https://gomatadors.com/sports/mens-soccer/roster/2024,year-swap (direct),https://gomatadors.com/sports/mens-soccer/roster/2025,33,todo,
CUNY Brooklyn College,womens-soccer,NCAA D3,City University of New York Athletic Conference,https://brooklyncollegeathletics.com/sports/womens-soccer/roster/2024,year-swap (direct),https://brooklyncollegeathletics.com/sports/womens-soccer/roster/2025,19,todo,
CUNY City College,womens-soccer,NCAA D3,City University of New York Athletic Conference,https://ccnyathletics.com/sports/womens-soccer/roster/2024,year-swap (direct),https://ccnyathletics.com/sports/womens-soccer/roster/2025,19,todo,
CUNY John Jay College of Criminal Justice,womens-soccer,NCAA D3,City University of New York Athletic Conference,https://johnjayathletics.com/sports/womens-soccer/roster/2024,year-swap (direct),https://johnjayathletics.com/sports/womens-soccer/roster/2025,22,todo,
CUNY Lehman College,womens-soccer,NCAA D3,City University of New York Athletic Conference,https://lehmanathletics.com/sports/womens-soccer/roster/2024,year-swap (direct),https://lehmanathletics.com/sports/womens-soccer/roster/2025,16,todo,
CUNY Medgar Evers College,womens-soccer,NCAA D3,City University of New York Athletic Conference,https://mecathletics.com/sports/womens-soccer/roster/2024,year-swap (direct),https://mecathletics.com/sports/womens-soccer/roster/2025,9,todo,
CUNY York College,womens-soccer,NCAA D3,City University of New York Athletic Conference,https://yorkathletics.com/sports/womens-soccer/roster/2024,year-swap (direct),https://yorkathletics.com/sports/womens-soccer/roster/2025,16,todo,
Cairn,mens-soccer,NCAA D3,CSAC,https://www.cairnhighlanders.com/sports/mens-soccer/roster/2024,year-swap (direct),https://www.cairnhighlanders.com/sports/mens-soccer/roster/2025,37,todo,
Cairn University,womens-soccer,NCAA D3,United East Conference,https://cairnhighlanders.com/sports/womens-soccer/roster/2024,year-swap (direct),https://cairnhighlanders.com/sports/womens-soccer/roster/2025,18,todo,
Cal Lutheran,mens-soccer,NCAA D3,SCIAC,https://clusports.com/sports/msoc/roster/2024,year-swap (direct),https://clusports.com/sports/msoc/roster/2025,42,todo,
Cal Poly,mens-soccer,NCAA D1,Big West,https://gopoly.com/sports/mens-soccer/roster/2024,year-swap (direct),https://gopoly.com/sports/mens-soccer/roster/2025,31,todo,
Cal Poly,womens-soccer,NCAA D1,Big West,https://gopoly.com/sports/womens-soccer/roster/jessie-halladay/9989,wayback — query the CDX API for a late-2024 snapshot of this URL,https://web.archive.org/web/20251010203736/https://gopoly.com/sports/womens-soccer/roster/jessie-halladay/9989,35,todo,
Cal Poly Humboldt,mens-soccer,NCAA D2,GNAC,https://humboldtathletics.com/sports/mens-soccer/roster/2024,year-swap (direct),https://humboldtathletics.com/sports/mens-soccer/roster/2025,33,todo,
Cal Poly Humboldt,womens-soccer,NCAA D2,California Collegiate Athletic Association,https://humboldtathletics.com/sports/womens-soccer/roster/2024,year-swap (direct),https://humboldtathletics.com/sports/womens-soccer/roster/2025,31,todo,
Cal Poly Pomona,mens-soccer,NCAA D2,CCAA,https://broncoathletics.com/sports/mens-soccer/roster/2024,year-swap (direct),https://broncoathletics.com/sports/mens-soccer/roster/2025,34,todo,
Cal Poly Pomona,womens-soccer,NCAA D2,California Collegiate Athletic Association,https://broncoathletics.com/sports/womens-soccer/roster/2024,year-swap (direct),https://broncoathletics.com/sports/womens-soccer/roster/2025,32,todo,
Cal State Bakersfield,mens-soccer,NCAA D1,WAC,https://gorunners.com/sports/mens-soccer/roster/2024,year-swap (direct),https://gorunners.com/sports/mens-soccer/roster/2025,28,todo,
Cal State Bakersfield,womens-soccer,NCAA D1,Big West,https://gorunners.com/sports/womens-soccer/roster,wayback — query the CDX API for a late-2024 snapshot of this URL,https://web.archive.org/web/20251218162630/https://gorunners.com/sports/womens-soccer/roster,32,todo,
Cal State Dominguez Hills,mens-soccer,NCAA D2,CCAA,https://gotoros.com/sports/mens-soccer/roster/2024,year-swap (direct),https://gotoros.com/sports/mens-soccer/roster/2025,33,todo,
Cal State Dominguez Hills,womens-soccer,NCAA D2,California Collegiate Athletic Association,https://gotoros.com/sports/womens-soccer/roster/2024,year-swap (direct),https://gotoros.com/sports/womens-soccer/roster/2025,32,todo,
Cal State East Bay,mens-soccer,NCAA D2,CCAA,https://eastbaypioneers.com/sports/mens-soccer/roster/2024,year-swap (direct),https://eastbaypioneers.com/sports/mens-soccer/roster/2025,31,todo,
Cal State East Bay,womens-soccer,NCAA D2,California Collegiate Athletic Association,https://eastbaypioneers.com/sports/womens-soccer/roster/2024,year-swap (direct),https://eastbaypioneers.com/sports/womens-soccer/roster/2025,25,todo,
Cal State Fullerton,mens-soccer,NCAA D1,Big West,https://fullertontitans.com/sports/mens-soccer/roster/2024,year-swap (direct),https://fullertontitans.com/sports/mens-soccer/roster/2025,34,todo,
Cal State Fullerton,womens-soccer,NCAA D1,Big West,https://fullertontitans.com/sports/womens-soccer/roster,wayback — query the CDX API for a late-2024 snapshot of this URL,https://web.archive.org/web/20251204030244/https://fullertontitans.com/sports/womens-soccer/roster,28,todo,
Cal State LA,mens-soccer,NCAA D2,CCAA,https://lagoldeneagles.com/sports/mens-soccer/roster/2024,year-swap (direct),https://lagoldeneagles.com/sports/mens-soccer/roster/2025,30,todo,
Cal State Los Angeles,womens-soccer,NCAA D2,California Collegiate Athletic Association,https://lagoldeneagles.com/sports/womens-soccer/roster/2024,year-swap (direct),https://lagoldeneagles.com/sports/womens-soccer/roster/2025,36,todo,
Cal State Monterey Bay,mens-soccer,NCAA D2,CCAA,https://otterathletics.com/sports/mens-soccer/roster/2024,year-swap (direct),https://otterathletics.com/sports/mens-soccer/roster/2025,33,todo,
Cal State Monterey Bay,womens-soccer,NCAA D2,California Collegiate Athletic Association,https://otterathletics.com/sports/womens-soccer/roster/2024,year-swap (direct),https://otterathletics.com/sports/womens-soccer/roster/2025,36,todo,
Cal State Northridge,womens-soccer,NCAA D1,Big West,https://gomatadors.com/sports/womens-soccer/roster/2024,year-swap (direct),https://gomatadors.com/sports/womens-soccer/roster/2025,22,todo,
Cal State San Bernardino,mens-soccer,NCAA D2,CCAA,https://csusbathletics.com/sports/mens-soccer/roster/2024,year-swap (direct),https://csusbathletics.com/sports/mens-soccer/roster/2025,34,todo,
Cal State San Bernardino,womens-soccer,NCAA D2,California Collegiate Athletic Association,https://csusbathletics.com/sports/womens-soccer/roster/2024,year-swap (direct),https://csusbathletics.com/sports/womens-soccer/roster/2025,39,todo,
Cal State San Marcos,mens-soccer,NCAA D2,CCAA,https://csusmcougars.com/sports/mens-soccer/roster/2024,year-swap (direct),https://csusmcougars.com/sports/mens-soccer/roster/2025,31,todo,
Cal State San Marcos,womens-soccer,NCAA D2,California Collegiate Athletic Association,https://csusmcougars.com/sports/womens-soccer/roster/2024,year-swap (direct),https://csusmcougars.com/sports/womens-soccer/roster/2025,32,todo,
Cal State Stanislaus,mens-soccer,NCAA D2,CCAA,https://warriorathletics.com/sports/mens-soccer/roster/2024,year-swap (direct),https://warriorathletics.com/sports/mens-soccer/roster/2025,29,todo,
Cal State Stanislaus,womens-soccer,NCAA D2,California Collegiate Athletic Association,https://warriorathletics.com/sports/womens-soccer/roster/2024,year-swap (direct),https://warriorathletics.com/sports/womens-soccer/roster/2025,35,todo,
Caldwell,mens-soccer,NCAA D2,Northeast-10,https://caldwellathletics.com/sports/mens-soccer/roster/2024,year-swap (direct),https://caldwellathletics.com/sports/mens-soccer/roster/2025,44,todo,
Caldwell,womens-soccer,NCAA D2,Central Atlantic Collegiate Conference,https://caldwellathletics.com/sports/womens-soccer/roster/2024,year-swap (direct),https://caldwellathletics.com/sports/womens-soccer/roster/2025,40,todo,
California,mens-soccer,NCAA D1,ACC,https://calbears.com/sports/mens-soccer/roster/2024,year-swap (direct),https://calbears.com/sports/mens-soccer/roster/2025,32,todo,
California,womens-soccer,NCAA D1,ACC,https://calbears.com/sports/womens-soccer/roster,wayback — query the CDX API for a late-2024 snapshot of this URL,https://web.archive.org/web/20250913060634/https://calbears.com/sports/womens-soccer/roster,29,todo,
California Baptist,mens-soccer,NCAA D1,WAC,https://cbulancers.com/sports/mens-soccer/roster/2024,year-swap (direct),https://cbulancers.com/sports/mens-soccer/roster/2025,28,todo,
California Baptist,womens-soccer,NCAA D1,Big West,https://cbulancers.com/sports/womens-soccer/roster/,wayback — query the CDX API for a late-2024 snapshot of this URL,https://web.archive.org/web/20251009210040/https://cbulancers.com/sports/womens-soccer/roster/,24,todo,
California Institute of Technology,womens-soccer,NCAA D3,Southern California Intercollegiate Athletic Conference,https://gocaltech.com/sports/womens-soccer/roster/2024,year-swap (direct),https://gocaltech.com/sports/womens-soccer/roster/2025,18,todo,
California Lutheran University,womens-soccer,NCAA D3,Southern California Intercollegiate Athletic Conference,https://clusports.com/sports/womens-soccer/roster/2024,year-swap (direct),https://clusports.com/sports/womens-soccer/roster/2025,34,todo,
Caltech,mens-soccer,NCAA D3,SCIAC,https://gocaltech.com/sports/mens-soccer/roster/2024,year-swap (direct),https://gocaltech.com/sports/mens-soccer/roster/2025,28,todo,
Calvin,mens-soccer,NCAA D3,MIAA-D3,https://calvinknights.com/sports/mens-soccer/roster/2024,year-swap (direct),https://calvinknights.com/sports/mens-soccer/roster/2025,29,todo,
Calvin University,womens-soccer,NCAA D3,Michigan Intercollegiate Athletic Association,https://calvinknights.com/sports/womens-soccer/roster/2024,year-swap (direct),https://calvinknights.com/sports/womens-soccer/roster/2025,30,todo,
Campbell,mens-soccer,NCAA D1,Big South,https://gocamels.com/sports/mens-soccer/roster/2024,year-swap (direct),https://gocamels.com/sports/mens-soccer/roster/2025,30,todo,
Campbell,womens-soccer,NCAA D1,CAA,https://gocamels.com/sports/womens-soccer/roster,wayback — query the CDX API for a late-2024 snapshot of this URL,https://web.archive.org/web/20251007192204/https://gocamels.com/sports/womens-soccer/roster,28,todo,
Canisius,mens-soccer,NCAA D1,MAAC,https://gogriffs.com/sports/mens-soccer/roster/2024,year-swap (direct),https://gogriffs.com/sports/mens-soccer/roster/2025,30,todo,
Canisius,womens-soccer,NCAA D1,Metro,https://gogriffs.com/sports/womens-soccer/roster/jessica-whitaker/9052,wayback — query the CDX API for a late-2024 snapshot of this URL,https://web.archive.org/web/20251007072129/https://gogriffs.com/sports/womens-soccer/roster/jessica-whitaker/9052,26,todo,
Capital,mens-soccer,NCAA D3,OAC,https://athletics.capital.edu/sports/mens-soccer/roster/2024,year-swap (direct),https://athletics.capital.edu/sports/mens-soccer/roster/2025,33,todo,
Capital University,womens-soccer,NCAA D3,Ohio Athletic Conference,https://athletics.capital.edu/sports/womens-soccer/roster/2024,year-swap (direct),https://athletics.capital.edu/sports/womens-soccer/roster/2025,31,todo,
Carleton,mens-soccer,NCAA D3,MIAC,https://athletics.carleton.edu/sports/mens-soccer/roster/2024,year-swap (direct),https://athletics.carleton.edu/sports/mens-soccer/roster/2025,27,todo,
Carleton College,womens-soccer,NCAA D3,Minnesota Intercollegiate Athletic Conference,https://athletics.carleton.edu/sports/womens-soccer/roster/2024,year-swap (direct),https://athletics.carleton.edu/sports/womens-soccer/roster/2025,35,todo,
Carnegie Mellon,mens-soccer,NCAA D3,UAA,https://athletics.cmu.edu/sports/msoc/2024-26/roster,year-swap (direct),https://athletics.cmu.edu/sports/msoc/2025-26/roster,36,todo,
Carnegie Mellon University,womens-soccer,NCAA D3,University Athletic Association,https://athletics.cmu.edu/sports/wsoc/2024-26/roster,year-swap (direct),https://athletics.cmu.edu/sports/wsoc/2025-26/roster,33,todo,
Carroll (WI),mens-soccer,NCAA D3,MWC-D3,https://gopios.com/sports/mens-soccer/roster/2024,year-swap (direct),https://gopios.com/sports/mens-soccer/roster/2025,42,todo,
Carroll University,womens-soccer,NCAA D3,College Conference of Illinois & Wisconsin,https://gopios.com/sports/womens-soccer/roster/2024,year-swap (direct),https://gopios.com/sports/womens-soccer/roster/2025,31,todo,
Carson-Newman,mens-soccer,NCAA D2,SAC,https://cneagles.com/sports/m-soccer/2024-26/roster,wayback — query the CDX API for a late-2024 snapshot of this URL,https://web.archive.org/web/20251028140850/https://cneagles.com/sports/m-soccer/2025-26/roster,28,todo,
Carson-Newman,womens-soccer,NCAA D2,South Atlantic Conference,https://cneagles.com/sports/w-soccer/2024-26/roster,year-swap (direct),https://cneagles.com/sports/w-soccer/2025-26/roster,24,todo,
Carthage,mens-soccer,NCAA D3,CCIW,https://athletics.carthage.edu/sports/mens-soccer/roster/2024,year-swap (direct),https://athletics.carthage.edu/sports/mens-soccer/roster/2025,47,todo,
Carthage College,womens-soccer,NCAA D3,College Conference of Illinois & Wisconsin,https://athletics.carthage.edu/sports/womens-soccer/roster/2024,year-swap (direct),https://athletics.carthage.edu/sports/womens-soccer/roster/2025,30,todo,
Case Western Reserve,mens-soccer,NCAA D3,UAA,https://athletics.case.edu/sports/mens-soccer/roster/2024,year-swap (direct),https://athletics.case.edu/sports/mens-soccer/roster/2025,29,todo,
Case Western Reserve University,womens-soccer,NCAA D3,University Athletic Association,https://athletics.case.edu/sports/womens-soccer/roster/2024,year-swap (direct),https://athletics.case.edu/sports/womens-soccer/roster/2025,32,todo,
Catawba,mens-soccer,NCAA D2,SAC,https://catawbaathletics.com/sports/mens-soccer/roster/2024,year-swap (direct),https://catawbaathletics.com/sports/mens-soccer/roster/2025,30,todo,
Catawba,womens-soccer,NCAA D2,South Atlantic Conference,https://catawbaathletics.com/sports/womens-soccer/roster/2024,year-swap (direct),https://catawbaathletics.com/sports/womens-soccer/roster/2025,37,todo,
Catholic,mens-soccer,NCAA D3,LANDMARK,https://catholicathletics.com/sports/mens-soccer/roster/2024,year-swap (direct),https://catholicathletics.com/sports/mens-soccer/roster/2025,34,todo,
Catholic University of America,womens-soccer,NCAA D3,Landmark Conference,https://catholicathletics.com/sports/womens-soccer/roster/2024,year-swap (direct),https://catholicathletics.com/sports/womens-soccer/roster/2025,33,todo,
Cedar Crest College,womens-soccer,NCAA D3,Colonial States Athletic Conference,https://cedarcrestathletics.com/sports/womens-soccer/roster/2024,year-swap (direct),https://cedarcrestathletics.com/sports/womens-soccer/roster/2025,26,todo,
Cedarville,mens-soccer,NCAA D2,GMAC,https://yellowjackets.cedarville.edu/sports/mens-soccer/roster/2024,year-swap (direct),https://yellowjackets.cedarville.edu/sports/mens-soccer/roster/2025,31,todo,
Cedarville,womens-soccer,NCAA D2,Great Midwest Athletic Conference,https://yellowjackets.cedarville.edu/sports/womens-soccer/roster/2024,year-swap (direct),https://yellowjackets.cedarville.edu/sports/womens-soccer/roster/2025,26,todo,
Centenary (LA),mens-soccer,NCAA D3,SLIAC,https://gocentenary.com/sports/msoc/2024-26/roster,year-swap (direct),https://gocentenary.com/sports/msoc/2025-26/roster,27,todo,
Centenary (NJ),mens-soccer,NCAA D3,CSAC,https://centenarycyclones.com/sports/mens-soccer/roster/2024,year-swap (direct),https://centenarycyclones.com/sports/mens-soccer/roster/2025,37,todo,
Centenary College of Louisiana,womens-soccer,NCAA D3,Southern Collegiate Athletic Conference,https://www.gocentenary.com/sports/wsoc/2024-26/roster,year-swap (direct),https://www.gocentenary.com/sports/wsoc/2025-26/roster,31,todo,
Centenary University,womens-soccer,NCAA D3,Atlantic East Conference,https://centenarycyclones.com/sports/womens-soccer/roster/2024,year-swap (direct),https://centenarycyclones.com/sports/womens-soccer/roster/2025,17,todo,
Central (IA),mens-soccer,NCAA D3,Iowa Conference,https://athletics.central.edu/sports/mens-soccer/roster/2024,year-swap (direct),https://athletics.central.edu/sports/mens-soccer/roster/2025,40,todo,
Central Arkansas,mens-soccer,NCAA D1,OVC,https://ucasports.com/sports/mens-soccer/roster/2024,year-swap (direct),https://ucasports.com/sports/mens-soccer/roster/2025,30,todo,
Central Arkansas,womens-soccer,NCAA D1,UAC,https://ucasports.com/sports/womens-soccer/roster,wayback — query the CDX API for a late-2024 snapshot of this URL,https://web.archive.org/web/20250916224813/https://ucasports.com/sports/womens-soccer/roster,36,todo,
Central College,womens-soccer,NCAA D3,American Rivers Conference,https://athletics.central.edu/sports/womens-soccer/roster/2024,year-swap (direct),https://athletics.central.edu/sports/womens-soccer/roster/2025,30,todo,
Central Connecticut,mens-soccer,NCAA D1,NEC,https://ccsubluedevils.com/sports/msoc/2024-26/roster,year-swap (direct),https://ccsubluedevils.com/sports/msoc/2025-26/roster,29,todo,
Central Connecticut,womens-soccer,NCAA D1,NEC,https://ccsubluedevils.com/sports/wsoc/2024-26/roster,year-swap (direct),https://ccsubluedevils.com/sports/wsoc/2025-26/roster,31,todo,
Central Michigan,womens-soccer,NCAA D1,MAC,,no source URL recorded — discover from scratch,,26,todo,
Central Missouri,womens-soccer,NCAA D2,Mid-America Intercollegiate Athletics Association,https://ucmathletics.com/sports/womens-soccer/roster/2024,year-swap (direct),https://ucmathletics.com/sports/womens-soccer/roster/2025,27,todo,
Central Oklahoma,womens-soccer,NCAA D2,Mid-America Intercollegiate Athletics Association,https://bronchosports.com/sports/womens-soccer/roster/2024,year-swap (direct),https://bronchosports.com/sports/womens-soccer/roster/2025,33,todo,
Central Washington,womens-soccer,NCAA D2,Great Northwest Athletic Conference,https://wildcatsports.com/sports/womens-soccer/roster/2024,year-swap (direct),https://wildcatsports.com/sports/womens-soccer/roster/2025,29,todo,
Centre,mens-soccer,NCAA D3,SAA,https://centrecolonels.com/sports/mens-soccer/roster/2024,year-swap (direct),https://centrecolonels.com/sports/mens-soccer/roster/2025,28,todo,
Centre College,womens-soccer,NCAA D3,Southern Athletic Association,https://centrecolonels.com/sports/womens-soccer/roster/2024,year-swap (direct),https://centrecolonels.com/sports/womens-soccer/roster/2025,35,todo,
Chaminade,mens-soccer,NCAA D2,PacWest,https://goswords.com/sports/mens-soccer/roster/2024,year-swap (direct),https://goswords.com/sports/mens-soccer/roster/2025,30,todo,
Chaminade,womens-soccer,NCAA D2,Pacific West Conference,https://goswords.com/sports/womens-soccer/roster/2024,year-swap (direct),https://goswords.com/sports/womens-soccer/roster/2025,27,todo,
Chapman,mens-soccer,NCAA D3,SCIAC,https://athletics.chapman.edu/sports/mens-soccer/roster/2024,year-swap (direct),https://athletics.chapman.edu/sports/mens-soccer/roster/2025,39,todo,
Chapman University,womens-soccer,NCAA D3,Southern California Intercollegiate Athletic Conference,https://athletics.chapman.edu/sports/womens-soccer/roster/2024,year-swap (direct),https://athletics.chapman.edu/sports/womens-soccer/roster/2025,35,todo,
Charleston,mens-soccer,NCAA D1,CAA,https://cofcsports.com/sports/mens-soccer/roster/2024,year-swap (direct),https://cofcsports.com/sports/mens-soccer/roster/2025,28,todo,
Charleston,womens-soccer,NCAA D1,CAA,https://cofcsports.com/sports/womens-soccer/roster/,wayback — query the CDX API for a late-2024 snapshot of this URL,https://web.archive.org/web/20251116112627/https://cofcsports.com/sports/womens-soccer/roster/,27,todo,
Charleston (WV),mens-soccer,NCAA D2,MEC,https://ucgoldeneagles.com/sports/mens-soccer/roster/2024,year-swap (direct),https://ucgoldeneagles.com/sports/mens-soccer/roster/2025,54,todo,
Charleston (WV),womens-soccer,NCAA D2,Mountain East Conference,https://ucgoldeneagles.com/sports/womens-soccer/roster/2024,year-swap (direct),https://ucgoldeneagles.com/sports/womens-soccer/roster/2025,33,todo,
Charleston Southern,womens-soccer,NCAA D1,Big South,,no source URL recorded — discover from scratch,,27,todo,
Charlotte,mens-soccer,NCAA D1,ACC,https://charlotte49ers.com/sports/mens-soccer/roster/2024,year-swap (direct),https://charlotte49ers.com/sports/mens-soccer/roster/2025,26,todo,
Charlotte,womens-soccer,NCAA D1,American,https://charlotte49ers.com/sports/womens-soccer/roster,wayback — query the CDX API for a late-2024 snapshot of this URL,https://web.archive.org/web/20251215153812/https://charlotte49ers.com/sports/womens-soccer/roster,28,todo,
Chatham,mens-soccer,NCAA D3,PAC,https://gochathamcougars.com/sports/mens-soccer/roster/2024,year-swap (direct),https://gochathamcougars.com/sports/mens-soccer/roster/2025,27,todo,
Chatham University,womens-soccer,NCAA D3,Presidents' Athletic Conference,https://gochathamcougars.com/sports/womens-soccer/roster/2024,year-swap (direct),https://gochathamcougars.com/sports/womens-soccer/roster/2025,25,todo,
Chattanooga,womens-soccer,NCAA D1,Southern,https://gomocs.com/sports/womens-soccer/roster,wayback — query the CDX API for a late-2024 snapshot of this URL,https://web.archive.org/web/20251211215309/https://gomocs.com/sports/womens-soccer/roster,27,todo,
Chestnut Hill,mens-soccer,NCAA D2,CACC,https://griffinathletics.com/sports/mens-soccer/roster/2024,year-swap (direct),https://griffinathletics.com/sports/mens-soccer/roster/2025,27,todo,
Chestnut Hill,womens-soccer,NCAA D2,Central Atlantic Collegiate Conference,https://griffinathletics.com/sports/womens-soccer/roster/2024,year-swap (direct),https://griffinathletics.com/sports/womens-soccer/roster/2025,27,todo,
Chicago State,mens-soccer,NCAA D1,WAC,https://gocsucougars.com/sports/mens-soccer/roster/2024,year-swap (direct),https://gocsucougars.com/sports/mens-soccer/roster/2025,32,todo,
Chicago State,womens-soccer,NCAA D1,NEC,https://www.gocsucougars.com/sports/womens-soccer/roster,no year in URL — check the site for a 2024 season selector,https://www.gocsucougars.com/sports/womens-soccer/roster,28,todo,
Chico State,mens-soccer,NCAA D2,CCAA,,no source URL recorded — discover from scratch,,34,todo,
Chico State,womens-soccer,NCAA D2,California Collegiate Athletic Association,https://chicowildcats.com/sports/womens-soccer/roster/2024,year-swap (direct),https://chicowildcats.com/sports/womens-soccer/roster/2025,32,todo,
Chowan,mens-soccer,NCAA D2,SAC,https://gocuhawks.com/sports/mens-soccer/roster/2024,year-swap (direct),https://gocuhawks.com/sports/mens-soccer/roster/2025,34,todo,
Chowan,womens-soccer,NCAA D2,Conference Carolinas,https://gocuhawks.com/sports/womens-soccer/roster/2024,year-swap (direct),https://gocuhawks.com/sports/womens-soccer/roster/2025,27,todo,
Christian Brothers,mens-soccer,NCAA D2,GSC,,no source URL recorded — discover from scratch,,43,todo,
Christian Brothers,womens-soccer,NCAA D2,Gulf South Conference,https://cbubucs.com/sports/womens-soccer/roster/2024,year-swap (direct),https://cbubucs.com/sports/womens-soccer/roster/2025,33,todo,
Christopher Newport,mens-soccer,NCAA D3,ODAC,https://www.cnusports.com/sports/mens-soccer/roster/2024,year-swap (direct),https://www.cnusports.com/sports/mens-soccer/roster/2025,36,todo,
Christopher Newport University,womens-soccer,NCAA D3,Coast-to-Coast Athletic Conference,https://cnusports.com/sports/womens-soccer/roster/2024,year-swap (direct),https://cnusports.com/sports/womens-soccer/roster/2025,32,todo,
Cincinnati,womens-soccer,NCAA D1,Big 12,https://gobearcats.com/sports/womens-soccer/roster/season/2024,year-swap (direct),https://gobearcats.com/sports/womens-soccer/roster/season/2025,29,todo,
Claremont McKenna College,womens-soccer,NCAA D3,Southern California Intercollegiate Athletic Conference,https://cmsathletics.org/sports/womens-soccer/roster/2024,year-swap (direct),https://cmsathletics.org/sports/womens-soccer/roster/2025,31,todo,
Claremont-Mudd-Scripps,mens-soccer,NCAA D3,SCIAC,https://cmsathletics.org/sports/mens-soccer/roster/2024,year-swap (direct),https://cmsathletics.org/sports/mens-soccer/roster/2025,32,todo,
Clark (MA),mens-soccer,NCAA D3,NEWMAC,https://clarkathletics.com/sports/mens-soccer/roster/2024,year-swap (direct),https://clarkathletics.com/sports/mens-soccer/roster/2025,24,todo,
Clark University,womens-soccer,NCAA D3,New England Women's and Men's Athletic Conference,https://clarkathletics.com/sports/womens-soccer/roster/2024,year-swap (direct),https://clarkathletics.com/sports/womens-soccer/roster/2025,26,todo,
Clarkson,mens-soccer,NCAA D3,Liberty League,https://clarksonathletics.com/sports/mens-soccer/roster/2024,year-swap (direct),https://clarksonathletics.com/sports/mens-soccer/roster/2025,31,todo,
Clarkson University,womens-soccer,NCAA D3,Liberty League,https://clarksonathletics.com/sports/womens-soccer/roster/2024,year-swap (direct),https://clarksonathletics.com/sports/womens-soccer/roster/2025,24,todo,
Clayton State,mens-soccer,NCAA D2,Peach Belt,https://claytonstatesports.com/sports/mens-soccer/roster/2024,year-swap (direct),https://claytonstatesports.com/sports/mens-soccer/roster/2025,28,todo,
Clayton State,womens-soccer,NCAA D2,Peach Belt Conference,https://claytonstatesports.com/sports/womens-soccer/roster/2024,year-swap (direct),https://claytonstatesports.com/sports/womens-soccer/roster/2025,23,todo,
Clemson,mens-soccer,NCAA D1,ACC,https://clemsontigers.com/sports/mens-soccer/roster/,wayback — query the CDX API for a late-2024 snapshot of this URL,https://web.archive.org/web/20251127211131/https://clemsontigers.com/sports/mens-soccer/roster/,29,todo,
Clemson,womens-soccer,NCAA D1,ACC,https://clemsontigers.com/sports/womens-soccer/roster/season/2024,year-swap (direct),https://clemsontigers.com/sports/womens-soccer/roster/season/2025,28,todo,
Cleveland State,mens-soccer,NCAA D1,Horizon League,https://csuvikings.com/sports/mens-soccer/roster/2024,year-swap (direct),https://csuvikings.com/sports/mens-soccer/roster/2025,26,todo,
Cleveland State,womens-soccer,NCAA D1,Horizon,https://csuvikings.com/sports/womens-soccer/roster,wayback — query the CDX API for a late-2024 snapshot of this URL,https://web.archive.org/web/20251205122540/https://csuvikings.com/sports/womens-soccer/roster,29,todo,
Coastal Carolina,mens-soccer,NCAA D1,Sun Belt,https://goccusports.com/sports/mens-soccer/roster/2024,year-swap (direct),https://goccusports.com/sports/mens-soccer/roster/2025,22,todo,
Coastal Carolina,womens-soccer,NCAA D1,Sun Belt,https://goccusports.com/sports/womens-soccer/roster,wayback — query the CDX API for a late-2024 snapshot of this URL,https://web.archive.org/web/20260209062228/https://goccusports.com/sports/womens-soccer/roster,24,todo,
Coe,mens-soccer,NCAA D3,Iowa Conference,https://kohawkathletics.com/sports/mens-soccer/roster/2024,year-swap (direct),https://kohawkathletics.com/sports/mens-soccer/roster/2025,38,todo,
Coe College,womens-soccer,NCAA D3,American Rivers Conference,https://kohawkathletics.com/sports/womens-soccer/roster/2024,year-swap (direct),https://kohawkathletics.com/sports/womens-soccer/roster/2025,32,todo,
Coker,mens-soccer,NCAA D2,SAC,https://www.cokercobras.com/sports/msoc/2024-26/roster,year-swap (direct),https://www.cokercobras.com/sports/msoc/2025-26/roster,50,todo,
Coker,womens-soccer,NCAA D2,South Atlantic Conference,https://www.cokercobras.com/sports/wsoc/2024-26/roster,year-swap (direct),https://www.cokercobras.com/sports/wsoc/2025-26/roster,31,todo,
Colby,mens-soccer,NCAA D3,NESCAC,https://colbyathletics.com/sports/mens-soccer/roster/2024,year-swap (direct),https://colbyathletics.com/sports/mens-soccer/roster/2025,32,todo,
Colby College,womens-soccer,NCAA D3,New England Small College Athletic Conference,https://colbyathletics.com/sports/womens-soccer/roster/2024,year-swap (direct),https://colbyathletics.com/sports/womens-soccer/roster/2025,32,todo,
Colby-Sawyer,mens-soccer,NCAA D3,CCC,https://www.colby-sawyerathletics.com/sports/mens-soccer/roster/2024,year-swap (direct),https://www.colby-sawyerathletics.com/sports/mens-soccer/roster/2025,33,todo,
Colgate,mens-soccer,NCAA D1,Patriot League,https://colgateathletics.com/sports/mens-soccer/roster/2024,year-swap (direct),https://colgateathletics.com/sports/mens-soccer/roster/2025,28,todo,
Colgate,womens-soccer,NCAA D1,Patriot,https://colgateathletics.com/sports/womens-soccer/roster,wayback — query the CDX API for a late-2024 snapshot of this URL,https://web.archive.org/web/20251201223804/https://colgateathletics.com/sports/womens-soccer/roster,28,todo,
College of Mount Saint Vincent,womens-soccer,NCAA D3,Skyline Conference,https://umsvathletics.com/sports/womens-soccer/roster/2024,year-swap (direct),https://umsvathletics.com/sports/womens-soccer/roster/2025,36,todo,
College of Wooster,mens-soccer,NCAA D3,NCAC,https://woosterathletics.com/sports/mens-soccer/roster/2024,year-swap (direct),https://woosterathletics.com/sports/mens-soccer/roster/2025,30,todo,
Colorado,womens-soccer,NCAA D1,Big 12,https://cubuffs.com/sports/womens-soccer/roster/hope-leyba/18216,wayback — query the CDX API for a late-2024 snapshot of this URL,https://web.archive.org/web/20260204015908/https://cubuffs.com/sports/womens-soccer/roster/hope-leyba/18216,27,todo,
Colorado Christian,mens-soccer,NCAA D2,RMAC,https://ccucougars.com/sports/mens-soccer/roster/2024,year-swap (direct),https://ccucougars.com/sports/mens-soccer/roster/2025,29,todo,
Colorado Christian,womens-soccer,NCAA D2,Rocky Mountain Athletic Conference,https://ccucougars.com/sports/womens-soccer/roster/2024,year-swap (direct),https://ccucougars.com/sports/womens-soccer/roster/2025,29,todo,
Colorado College,mens-soccer,NCAA D3,SCAC,https://cctigers.com/sports/mens-soccer/roster/2024,year-swap (direct),https://cctigers.com/sports/mens-soccer/roster/2025,31,todo,
Colorado College,womens-soccer,NCAA D1,Mountain West,https://cctigers.com/sports/womens-soccer/roster,no year in URL — check the site for a 2024 season selector,https://cctigers.com/sports/womens-soccer/roster,28,todo,
Colorado Mesa,mens-soccer,NCAA D2,RMAC,https://cmumavericks.com/sports/mens-soccer/roster/2024,year-swap (direct),https://cmumavericks.com/sports/mens-soccer/roster/2025,33,todo,
Colorado Mesa,womens-soccer,NCAA D2,Rocky Mountain Athletic Conference,https://cmumavericks.com/sports/womens-soccer/roster/2024,year-swap (direct),https://cmumavericks.com/sports/womens-soccer/roster/2025,27,todo,
Colorado School of Mines,mens-soccer,NCAA D2,RMAC,https://minesathletics.com/sports/mens-soccer/roster/2024,year-swap (direct),https://minesathletics.com/sports/mens-soccer/roster/2025,36,todo,
Colorado School of Mines,womens-soccer,NCAA D2,Rocky Mountain Athletic Conference,https://minesathletics.com/sports/womens-soccer/roster/2024,year-swap (direct),https://minesathletics.com/sports/womens-soccer/roster/2025,29,todo,
Colorado State,womens-soccer,NCAA D1,Pac-12,https://csurams.com/sports/womens-soccer/roster,wayback — query the CDX API for a late-2024 snapshot of this URL,https://web.archive.org/web/20251114093357/https://csurams.com/sports/womens-soccer/roster,26,todo,
Colorado State-Pueblo,mens-soccer,NCAA D2,RMAC,https://gothunderwolves.com/sports/mens-soccer/roster/2024,year-swap (direct),https://gothunderwolves.com/sports/mens-soccer/roster/2025,35,todo,
Colorado State-Pueblo,womens-soccer,NCAA D2,Rocky Mountain Athletic Conference,https://gothunderwolves.com/sports/womens-soccer/roster/2024,year-swap (direct),https://gothunderwolves.com/sports/womens-soccer/roster/2025,32,todo,
Columbia,mens-soccer,NCAA D1,Ivy League,https://gocolumbialions.com/sports/mens-soccer/roster/2024,year-swap (direct),https://gocolumbialions.com/sports/mens-soccer/roster/2025,30,todo,
Columbia,womens-soccer,NCAA D1,Ivy League,https://gocolumbialions.com/sports/womens-soccer/roster/,wayback — query the CDX API for a late-2024 snapshot of this URL,https://web.archive.org/web/20251220070139/https://gocolumbialions.com/sports/womens-soccer/roster/,33,todo,
Columbus State,womens-soccer,NCAA D2,Peach Belt Conference,https://csucougars.com/sports/womens-soccer/roster/2024,year-swap (direct),https://csucougars.com/sports/womens-soccer/roster/2025,30,todo,
Commonwealth University-Bloomsburg,mens-soccer,NCAA D2,PSAC,https://bloomsburgathletics.com/sports/mens-soccer/roster/2024,year-swap (direct),https://bloomsburgathletics.com/sports/mens-soccer/roster/2025,41,todo,
Commonwealth University-Bloomsburg,womens-soccer,NCAA D2,Pennsylvania State Athletic Conference,https://bloomsburgathletics.com/sports/womens-soccer/roster/2024,year-swap (direct),https://bloomsburgathletics.com/sports/womens-soccer/roster/2025,35,todo,
Commonwealth University-Lock Haven,mens-soccer,NCAA D2,PSAC,https://lockhavenathletics.com/sports/mens-soccer/roster/2024,year-swap (direct),https://lockhavenathletics.com/sports/mens-soccer/roster/2025,26,todo,
Commonwealth University-Lock Haven,womens-soccer,NCAA D2,Pennsylvania State Athletic Conference,https://lockhavenathletics.com/sports/womens-soccer/roster/2024,year-swap (direct),https://lockhavenathletics.com/sports/womens-soccer/roster/2025,29,todo,
Commonwealth University-Mansfield,womens-soccer,NCAA D2,Pennsylvania State Athletic Conference,https://gomounties.com/sports/womens-soccer/roster/2024,year-swap (direct),https://gomounties.com/sports/womens-soccer/roster/2025,14,todo,
Concord,mens-soccer,NCAA D2,Mountain East,https://cumountainlions.com/sports/mens-soccer/roster/2024,year-swap (direct),https://cumountainlions.com/sports/mens-soccer/roster/2025,67,todo,
Concord,womens-soccer,NCAA D2,Mountain East Conference,https://cumountainlions.com/sports/womens-soccer/roster/2024,year-swap (direct),https://cumountainlions.com/sports/womens-soccer/roster/2025,53,todo,
Concordia (MN),mens-soccer,NCAA D3,MIAC,https://gocobbers.com/sports/msoc/2024-26/roster,year-swap (direct),https://gocobbers.com/sports/msoc/2025-26/roster,22,todo,
Concordia Chicago,mens-soccer,NCAA D3,NACC,https://www.cucougars.com/sports/mens-soccer/roster/2024,year-swap (direct),https://www.cucougars.com/sports/mens-soccer/roster/2025,26,todo,
Concordia College-Moorhead,womens-soccer,NCAA D3,Minnesota Intercollegiate Athletic Conference,https://gocobbers.com/sports/wsoc/2024-26/roster,year-swap (direct),https://gocobbers.com/sports/wsoc/2025-26/roster,22,todo,
Concordia Irvine,mens-soccer,NCAA D2,PacWest,https://cuigoldeneagles.com/sports/mens-soccer/roster/2024,year-swap (direct),https://cuigoldeneagles.com/sports/mens-soccer/roster/2025,29,todo,
Concordia Irvine,womens-soccer,NCAA D2,Pacific West Conference,https://cuigoldeneagles.com/sports/womens-soccer/roster/2024,year-swap (direct),https://cuigoldeneagles.com/sports/womens-soccer/roster/2025,29,todo,
Concordia Texas,mens-soccer,NCAA D3,ASC,https://athletics.concordia.edu/sports/mens-soccer/roster/2024,year-swap (direct),https://athletics.concordia.edu/sports/mens-soccer/roster/2025,44,todo,
Concordia University-Chicago,womens-soccer,NCAA D3,Northern Athletics Collegiate Conference,https://cucougars.com/sports/womens-soccer/roster/2024,year-swap (direct),https://cucougars.com/sports/womens-soccer/roster/2025,38,todo,
Concordia University-Texas,womens-soccer,NCAA D3,Southern Collegiate Athletic Conference,https://athletics.concordia.edu/sports/womens-soccer/roster/2024,year-swap (direct),https://athletics.concordia.edu/sports/womens-soccer/roster/2025,24,todo,
Concordia University-Wisconsin,womens-soccer,NCAA D3,Northern Athletics Collegiate Conference,https://cuwfalcons.com/sports/womens-soccer/roster/2024,year-swap (direct),https://cuwfalcons.com/sports/womens-soccer/roster/2025,22,todo,
Concordia Wisconsin,mens-soccer,NCAA D3,NACC,https://cuwfalcons.com/sports/mens-soccer/roster/2024,year-swap (direct),https://cuwfalcons.com/sports/mens-soccer/roster/2025,35,todo,
Concordia-St. Paul,womens-soccer,NCAA D2,Northern Sun Intercollegiate Conference,https://cspbears.com/sports/womens-soccer/roster/2024,year-swap (direct),https://cspbears.com/sports/womens-soccer/roster/2025,30,todo,
Connecticut College,mens-soccer,NCAA D3,NESCAC,https://camelathletics.com/sports/mens-soccer/roster/2024,year-swap (direct),https://camelathletics.com/sports/mens-soccer/roster/2025,36,todo,
Connecticut College,womens-soccer,NCAA D3,New England Small College Athletic Conference,https://camelathletics.com/sports/womens-soccer/roster/2024,year-swap (direct),https://camelathletics.com/sports/womens-soccer/roster/2025,30,todo,
Converse,mens-soccer,NCAA D2,SAC,https://govalkyries.com/sports/mens-soccer/roster/2024,year-swap (direct),https://govalkyries.com/sports/mens-soccer/roster/2025,44,todo,
Converse,womens-soccer,NCAA D2,Conference Carolinas,https://govalkyries.com/sports/womens-soccer/roster/2024,year-swap (direct),https://govalkyries.com/sports/womens-soccer/roster/2025,23,todo,
Cornell,mens-soccer,NCAA D1,Ivy League,https://cornellbigred.com/sports/mens-soccer/roster,wayback — query the CDX API for a late-2024 snapshot of this URL,https://web.archive.org/web/20251113011837/https://cornellbigred.com/sports/mens-soccer/roster,32,todo,
Cornell,womens-soccer,NCAA D1,Ivy League,https://cornellbigred.com/sports/womens-soccer/roster,wayback — query the CDX API for a late-2024 snapshot of this URL,https://web.archive.org/web/20251112202159/https://cornellbigred.com/sports/womens-soccer/roster,32,todo,
Cornell College,mens-soccer,NCAA D3,MWC-D3,https://cornellrams.com/sports/mens-soccer/roster/2024,year-swap (direct),https://cornellrams.com/sports/mens-soccer/roster/2025,27,todo,
Cornell College,womens-soccer,NCAA D3,Midwest Conference,https://cornellrams.com/sports/womens-soccer/roster/2024,year-swap (direct),https://cornellrams.com/sports/womens-soccer/roster/2025,21,todo,
Covenant,mens-soccer,NCAA D3,SAA,https://athletics.covenant.edu/sports/mens-soccer/roster/2024,year-swap (direct),https://athletics.covenant.edu/sports/mens-soccer/roster/2025,29,todo,
Covenant College,womens-soccer,NCAA D3,Collegiate Conference of the South,https://athletics.covenant.edu/sports/womens-soccer/roster/2024,year-swap (direct),https://athletics.covenant.edu/sports/womens-soccer/roster/2025,29,todo,
Creighton,mens-soccer,NCAA D1,Big East,https://gocreighton.com/sports/mens-soccer/roster/2024,year-swap (direct),https://gocreighton.com/sports/mens-soccer/roster/2025,30,todo,
Creighton,womens-soccer,NCAA D1,Big East,https://gocreighton.com/sports/womens-soccer/roster/,wayback — query the CDX API for a late-2024 snapshot of this URL,https://web.archive.org/web/20251011194559/https://gocreighton.com/sports/womens-soccer/roster/,28,todo,
Crown (MN),mens-soccer,NCAA D3,UMAC,https://athletics.crown.edu/sports/mens-soccer/roster/2024,year-swap (direct),https://athletics.crown.edu/sports/mens-soccer/roster/2025,34,todo,
Crown College,womens-soccer,NCAA D3,Upper Midwest Athletic Conference,https://athletics.crown.edu/sports/womens-soccer/roster/2024,year-swap (direct),https://athletics.crown.edu/sports/womens-soccer/roster/2025,17,todo,
Curry,mens-soccer,NCAA D3,CCC,https://curryathletics.com/sports/msoc/2024-26/roster,year-swap (direct),https://curryathletics.com/sports/msoc/2025-26/roster,36,todo,
Curry College,womens-soccer,NCAA D3,Conference of New England,https://curryathletics.com/sports/wsoc/2024-26/roster,year-swap (direct),https://curryathletics.com/sports/wsoc/2025-26/roster,27,todo,
D'Youville,mens-soccer,NCAA D2,ECC,https://dyusaints.com/sports/mens-soccer/roster/2024,year-swap (direct),https://dyusaints.com/sports/mens-soccer/roster/2025,27,todo,
D'Youville,womens-soccer,NCAA D2,East Coast Conference,https://dyusaints.com/sports/womens-soccer/roster/2024,year-swap (direct),https://dyusaints.com/sports/womens-soccer/roster/2025,25,todo,
Daemen,mens-soccer,NCAA D2,ECC,https://daemenwildcats.com/sports/mens-soccer/roster/2024,year-swap (direct),https://daemenwildcats.com/sports/mens-soccer/roster/2025,31,todo,
Daemen,womens-soccer,NCAA D2,East Coast Conference,https://daemenwildcats.com/sports/womens-soccer/roster/2024,year-swap (direct),https://daemenwildcats.com/sports/womens-soccer/roster/2025,25,todo,
Dallas Baptist,mens-soccer,NCAA D2,Heartland,https://dbupatriots.com/sports/mens-soccer/roster/2024,year-swap (direct),https://dbupatriots.com/sports/mens-soccer/roster/2025,36,todo,
Dallas Baptist,womens-soccer,NCAA D2,Lone Star Conference,https://dbupatriots.com/sports/womens-soccer/roster/2024,year-swap (direct),https://dbupatriots.com/sports/womens-soccer/roster/2025,30,todo,
Dartmouth,mens-soccer,NCAA D1,Ivy League,https://dartmouthsports.com/sports/mens-soccer/roster/2024,year-swap (direct),https://dartmouthsports.com/sports/mens-soccer/roster/2025,27,todo,
Dartmouth,womens-soccer,NCAA D1,Ivy League,https://dartmouthsports.com/sports/womens-soccer/roster/stephanie-lathrop/40357,wayback — query the CDX API for a late-2024 snapshot of this URL,https://web.archive.org/web/20250912145539/https://dartmouthsports.com/sports/womens-soccer/roster/stephanie-lathrop/40357,26,todo,
Davenport,mens-soccer,NCAA D2,WHAC,https://dupanthers.com/sports/mens-soccer/roster/2024,year-swap (direct),https://dupanthers.com/sports/mens-soccer/roster/2025,26,todo,
Davenport,womens-soccer,NCAA D2,Great Lakes Intercollegiate Athletic Conference,https://dupanthers.com/sports/womens-soccer/roster/2024,year-swap (direct),https://dupanthers.com/sports/womens-soccer/roster/2025,33,todo,
Davidson,mens-soccer,NCAA D1,Atlantic 10,https://davidsonwildcats.com/sports/mens-soccer/roster/2024,year-swap (direct),https://davidsonwildcats.com/sports/mens-soccer/roster/2025,27,todo,
Davidson,womens-soccer,NCAA D1,Atlantic 10,https://davidsonwildcats.com/sports/womens-soccer/roster,wayback — query the CDX API for a late-2024 snapshot of this URL,https://web.archive.org/web/20251122215558/https://davidsonwildcats.com/sports/womens-soccer/roster,28,todo,
Davis & Elkins,mens-soccer,NCAA D2,Mountain East,https://senatornation.com/sports/mens-soccer/roster/2024,year-swap (direct),https://senatornation.com/sports/mens-soccer/roster/2025,52,todo,
Davis & Elkins,womens-soccer,NCAA D2,Mountain East Conference,https://senatornation.com/sports/womens-soccer/roster/2024,year-swap (direct),https://senatornation.com/sports/womens-soccer/roster/2025,31,todo,
Dayton,mens-soccer,NCAA D1,Atlantic 10,https://daytonflyers.com/sports/mens-soccer/roster/2024,year-swap (direct),https://daytonflyers.com/sports/mens-soccer/roster/2025,28,todo,
Dayton,womens-soccer,NCAA D1,Atlantic 10,https://daytonflyers.com/sports/womens-soccer/roster,wayback — query the CDX API for a late-2024 snapshot of this URL,https://web.archive.org/web/20260129050342/https://daytonflyers.com/sports/womens-soccer/roster,29,todo,
DePaul,mens-soccer,NCAA D1,Big East,https://depaulbluedemons.com/sports/mens-soccer/roster/2024,year-swap (direct),https://depaulbluedemons.com/sports/mens-soccer/roster/2025,28,todo,
DePaul,womens-soccer,NCAA D1,Big East,https://depaulbluedemons.com/sports/womens-soccer/roster,wayback — query the CDX API for a late-2024 snapshot of this URL,https://web.archive.org/web/20251008184042/https://depaulbluedemons.com/sports/womens-soccer/roster,28,todo,
DePauw,mens-soccer,NCAA D3,NCAC,https://depauwtigers.com/sports/mens-soccer/roster/2024,year-swap (direct),https://depauwtigers.com/sports/mens-soccer/roster/2025,31,todo,
DePauw University,womens-soccer,NCAA D3,North Coast Athletic Conference,https://depauwtigers.com/sports/womens-soccer/roster/2024,year-swap (direct),https://depauwtigers.com/sports/womens-soccer/roster/2025,28,todo,
DeSales,mens-soccer,NCAA D3,MAC Freedom,https://athletics.desales.edu/sports/mens-soccer/roster/2024,year-swap (direct),https://athletics.desales.edu/sports/mens-soccer/roster/2025,37,todo,
DeSales University,womens-soccer,NCAA D3,Middle Atlantic Conference (Freedom),https://athletics.desales.edu/sports/womens-soccer/roster/2024,year-swap (direct),https://athletics.desales.edu/sports/womens-soccer/roster/2025,30,todo,
Delaware,mens-soccer,NCAA D1,CAA,https://bluehens.com/sports/mens-soccer/roster/2024,year-swap (direct),https://bluehens.com/sports/mens-soccer/roster/2025,26,todo,
Delaware,womens-soccer,NCAA D1,CUSA,https://bluehens.com/sports/womens-soccer/roster/,wayback — query the CDX API for a late-2024 snapshot of this URL,https://web.archive.org/web/20251010140637/https://bluehens.com/sports/womens-soccer/roster/,26,todo,
Delaware State,womens-soccer,NCAA D1,NEC,https://dsuhornets.com/sports/womens-soccer/roster,no year in URL — check the site for a 2024 season selector,https://dsuhornets.com/sports/womens-soccer/roster,33,todo,
Delaware Valley,mens-soccer,NCAA D3,MAC Freedom,https://athletics.delval.edu/sports/mens-soccer/roster/2024,year-swap (direct),https://athletics.delval.edu/sports/mens-soccer/roster/2025,34,todo,
Delaware Valley University,womens-soccer,NCAA D3,Middle Atlantic Conference (Freedom),https://athletics.delval.edu/sports/womens-soccer/roster/2024,year-swap (direct),https://athletics.delval.edu/sports/womens-soccer/roster/2025,21,todo,
Delta State,mens-soccer,NCAA D2,GSC,https://gostatesmen.com/sports/mens-soccer/roster/2024,year-swap (direct),https://gostatesmen.com/sports/mens-soccer/roster/2025,29,todo,
Delta State,womens-soccer,NCAA D2,Gulf South Conference,https://gostatesmen.com/sports/womens-soccer/roster/2024,year-swap (direct),https://gostatesmen.com/sports/womens-soccer/roster/2025,29,todo,
Denison,mens-soccer,NCAA D3,NCAC,https://denisonbigred.com/sports/mens-soccer/roster/2024,year-swap (direct),https://denisonbigred.com/sports/mens-soccer/roster/2025,34,todo,
Denison University,womens-soccer,NCAA D3,North Coast Athletic Conference,https://denisonbigred.com/sports/womens-soccer/roster/2024,year-swap (direct),https://denisonbigred.com/sports/womens-soccer/roster/2025,31,todo,
Denver,mens-soccer,NCAA D1,Summit League,https://denverpioneers.com/sports/mens-soccer/roster,wayback — query the CDX API for a late-2024 snapshot of this URL,https://web.archive.org/web/20251026194152/https://denverpioneers.com/sports/mens-soccer/roster,29,todo,
Denver,womens-soccer,NCAA D1,West Coast,https://denverpioneers.com/sports/womens-soccer/roster,wayback — query the CDX API for a late-2024 snapshot of this URL,https://web.archive.org/web/20251215135856/https://denverpioneers.com/sports/womens-soccer/roster,26,todo,
Detroit Mercy,mens-soccer,NCAA D1,Horizon League,https://detroittitans.com/sports/mens-soccer/roster/2024,year-swap (direct),https://detroittitans.com/sports/mens-soccer/roster/2025,30,todo,
Detroit Mercy,womens-soccer,NCAA D1,Horizon,https://detroittitans.com/sports/womens-soccer/roster,no year in URL — check the site for a 2024 season selector,https://detroittitans.com/sports/womens-soccer/roster,28,todo,
Dickinson,mens-soccer,NCAA D3,Centennial,https://dickinsonathletics.com/sports/mens-soccer/roster/2024,year-swap (direct),https://dickinsonathletics.com/sports/mens-soccer/roster/2025,37,todo,
Dickinson College,womens-soccer,NCAA D3,Centennial Conference,https://dickinsonathletics.com/sports/womens-soccer/roster/2024,year-swap (direct),https://dickinsonathletics.com/sports/womens-soccer/roster/2025,32,todo,
District of Columbia,mens-soccer,NCAA D2,CIAA,https://www.udcfirebirds.com/sports/msoc/2024-26/roster,year-swap (direct),https://www.udcfirebirds.com/sports/msoc/2025-26/roster,26,todo,
Dominican (CA),mens-soccer,NCAA D2,PacWest,https://dominicanathletics.com/sports/mens-soccer/roster/2024,year-swap (direct),https://dominicanathletics.com/sports/mens-soccer/roster/2025,33,todo,
Dominican (CA),womens-soccer,NCAA D2,Pacific West Conference,https://dominicanathletics.com/sports/womens-soccer/roster/2024,year-swap (direct),https://dominicanathletics.com/sports/womens-soccer/roster/2025,38,todo,
Dominican (IL),mens-soccer,NCAA D3,NACC,https://dustars.com/sports/mens-soccer/roster/2024,year-swap (direct),https://dustars.com/sports/mens-soccer/roster/2025,40,todo,
Dominican (NY),womens-soccer,NCAA D2,Central Atlantic Collegiate Conference,https://www.chargerathletics.com/sports/wsoc/2024-26/roster,year-swap (direct),https://www.chargerathletics.com/sports/wsoc/2025-26/roster,24,todo,
Dominican College (NY),mens-soccer,NCAA D2,ECC,https://chargerathletics.com/sports/msoc/2024-26/roster,year-swap (direct),https://chargerathletics.com/sports/msoc/2025-26/roster,36,todo,
Dominican University,womens-soccer,NCAA D3,Northern Athletics Collegiate Conference,https://dustars.com/sports/womens-soccer/roster/2024,year-swap (direct),https://dustars.com/sports/womens-soccer/roster/2025,32,todo,
Drake,mens-soccer,NCAA D1,MVC,https://godrakebulldogs.com/sports/mens-soccer/roster/2024,year-swap (direct),https://godrakebulldogs.com/sports/mens-soccer/roster/2025,31,todo,
Drake,womens-soccer,NCAA D1,Missouri Valley,https://godrakebulldogs.com/sports/womens-soccer/roster,wayback — query the CDX API for a late-2024 snapshot of this URL,https://web.archive.org/web/20250929155212/https://godrakebulldogs.com/sports/womens-soccer/roster,31,todo,
Drew,mens-soccer,NCAA D3,Landmark,https://drewrangers.com/sports/mens-soccer/roster/2024,year-swap (direct),https://drewrangers.com/sports/mens-soccer/roster/2025,38,todo,
Drew University,womens-soccer,NCAA D3,Landmark Conference,https://drewrangers.com/sports/womens-soccer/roster/2024,year-swap (direct),https://drewrangers.com/sports/womens-soccer/roster/2025,35,todo,
Drexel,mens-soccer,NCAA D1,CAA,https://drexeldragons.com/sports/mens-soccer/roster/2024,year-swap (direct),https://drexeldragons.com/sports/mens-soccer/roster/2025,27,todo,
Drexel,womens-soccer,NCAA D1,CAA,https://drexeldragons.com/sports/womens-soccer/roster/brocious-liv/11138,wayback — query the CDX API for a late-2024 snapshot of this URL,https://web.archive.org/web/20251017023618/https://drexeldragons.com/sports/womens-soccer/roster/brocious-liv/11138,31,todo,
Drury,mens-soccer,NCAA D2,GLVC,https://drurypanthers.com/sports/mens-soccer/roster/2024,year-swap (direct),https://drurypanthers.com/sports/mens-soccer/roster/2025,46,todo,
Drury,womens-soccer,NCAA D2,Great Lakes Valley Conference,https://drurypanthers.com/sports/womens-soccer/roster/2024,year-swap (direct),https://drurypanthers.com/sports/womens-soccer/roster/2025,32,todo,
Duke,mens-soccer,NCAA D1,ACC,https://goduke.com/sports/mens-soccer/roster/2024,year-swap (direct),https://goduke.com/sports/mens-soccer/roster/2025,30,todo,
Duke,womens-soccer,NCAA D1,ACC,https://goduke.com/sports/womens-soccer/roster,wayback — query the CDX API for a late-2024 snapshot of this URL,https://web.archive.org/web/20251030110808/https://goduke.com/sports/womens-soccer/roster,25,todo,
Duquesne,mens-soccer,NCAA D1,Atlantic 10,https://goduquesne.com/sports/mens-soccer/roster/2024,year-swap (direct),https://goduquesne.com/sports/mens-soccer/roster/2025,29,todo,
Duquesne,womens-soccer,NCAA D1,Atlantic 10,https://goduquesne.com/sports/womens-soccer/roster,wayback — query the CDX API for a late-2024 snapshot of this URL,https://web.archive.org/web/20251117173050/https://goduquesne.com/sports/womens-soccer/roster,29,todo,
ETSU,mens-soccer,NCAA D1,SoCon,https://etsubucs.com/sports/mens-soccer/roster/2024,year-swap (direct),https://etsubucs.com/sports/mens-soccer/roster/2025,30,todo,
Earlham,mens-soccer,NCAA D3,HCAC,https://goearlham.com/sports/mens-soccer/roster/2024,year-swap (direct),https://goearlham.com/sports/mens-soccer/roster/2025,27,todo,
Earlham College,womens-soccer,NCAA D3,Heartland Collegiate Athletic Conference,https://goearlham.com/sports/womens-soccer/roster/2024,year-swap (direct),https://goearlham.com/sports/womens-soccer/roster/2025,27,todo,
East Carolina,womens-soccer,NCAA D1,American,https://ecupirates.com/sports/womens-soccer/roster,wayback — query the CDX API for a late-2024 snapshot of this URL,https://web.archive.org/web/20251127215850/https://ecupirates.com/sports/womens-soccer/roster,26,todo,
East Central,womens-soccer,NCAA D2,Great American Conference,https://ecutigers.com/sports/womens-soccer/roster/2024,year-swap (direct),https://ecutigers.com/sports/womens-soccer/roster/2025,26,todo,
East Stroudsburg,mens-soccer,NCAA D2,PSAC,https://esuwarriors.com/sports/mens-soccer/roster/2024,year-swap (direct),https://esuwarriors.com/sports/mens-soccer/roster/2025,45,todo,
East Stroudsburg,womens-soccer,NCAA D2,Pennsylvania State Athletic Conference,https://esuwarriors.com/sports/womens-soccer/roster/2024,year-swap (direct),https://esuwarriors.com/sports/womens-soccer/roster/2025,31,todo,
East Tennessee State,womens-soccer,NCAA D1,Southern,https://etsubucs.com/sports/womens-soccer/roster,wayback — query the CDX API for a late-2024 snapshot of this URL,https://web.archive.org/web/20251025104411/https://etsubucs.com/sports/womens-soccer/roster,28,todo,
East Texas A&M,womens-soccer,NCAA D1,Southland,https://lionathletics.com/sports/womens-soccer/roster/2024,year-swap (direct),https://lionathletics.com/sports/womens-soccer/roster/2025,27,todo,
East Texas Baptist,mens-soccer,NCAA D3,ASC,https://goetbutigers.com/sports/mens-soccer/roster/2024,year-swap (direct),https://goetbutigers.com/sports/mens-soccer/roster/2025,38,todo,
East Texas Baptist University,womens-soccer,NCAA D3,American Southwest Conference,https://goetbutigers.com/sports/womens-soccer/roster/2024,year-swap (direct),https://goetbutigers.com/sports/womens-soccer/roster/2025,37,todo,
Eastern (PA),mens-soccer,NCAA D3,MAC Freedom,https://goeasterneagles.com/sports/mens-soccer/roster/2024,year-swap (direct),https://goeasterneagles.com/sports/mens-soccer/roster/2025,25,todo,
Eastern Connecticut,mens-soccer,NCAA D3,LEC,https://gowarriorathletics.com/sports/mens-soccer/roster/2024,year-swap (direct),https://gowarriorathletics.com/sports/mens-soccer/roster/2025,30,todo,
Eastern Illinois,mens-soccer,NCAA D1,OVC,https://eiupanthers.com/sports/mens-soccer/roster/2024,year-swap (direct),https://eiupanthers.com/sports/mens-soccer/roster/2025,33,todo,
Eastern Illinois,womens-soccer,NCAA D1,Ohio Valley,https://eiupanthers.com/sports/womens-soccer/roster,no year in URL — check the site for a 2024 season selector,https://eiupanthers.com/sports/womens-soccer/roster,28,todo,
Eastern Kentucky,womens-soccer,NCAA D1,UAC,https://ekusports.com/sports/womens-soccer/roster/ella-grode/11541,wayback — query the CDX API for a late-2024 snapshot of this URL,https://web.archive.org/web/20250909154310/https://ekusports.com/sports/womens-soccer/roster/ella-grode/11541,29,todo,
Eastern Mennonite,mens-soccer,NCAA D3,ODAC,https://emuroyals.com/sports/mens-soccer/roster/2024,year-swap (direct),https://emuroyals.com/sports/mens-soccer/roster/2025,27,todo,
Eastern Mennonite University,womens-soccer,NCAA D3,Old Dominion Athletic Conference,https://emuroyals.com/sports/womens-soccer/roster/2024,year-swap (direct),https://emuroyals.com/sports/womens-soccer/roster/2025,20,todo,
Eastern Michigan,womens-soccer,NCAA D1,MAC,https://emueagles.com/sports/womens-soccer/roster/olivia-sipsock/16826,wayback — query the CDX API for a late-2024 snapshot of this URL,https://web.archive.org/web/20250929041253/https://emueagles.com/sports/womens-soccer/roster/olivia-sipsock/16826,28,todo,
Eastern New Mexico,mens-soccer,NCAA D2,LSC,https://goeasternathletics.com/sports/mens-soccer/roster,no year in URL — check the site for a 2024 season selector,https://goeasternathletics.com/sports/mens-soccer/roster,32,todo,
Eastern New Mexico,womens-soccer,NCAA D2,Lone Star Conference,https://goeasternathletics.com/sports/womens-soccer/roster/2024,year-swap (direct),https://goeasternathletics.com/sports/womens-soccer/roster/2025,22,todo,
Eastern University,womens-soccer,NCAA D3,Middle Atlantic Conference (Commonwealth),https://goeasterneagles.com/sports/womens-soccer/roster/2024,year-swap (direct),https://goeasterneagles.com/sports/womens-soccer/roster/2025,32,todo,
Eastern Washington,womens-soccer,NCAA D1,Big Sky,https://goeags.com/sports/womens-soccer/roster,wayback — query the CDX API for a late-2024 snapshot of this URL,https://web.archive.org/web/20251201205713/https://goeags.com/sports/womens-soccer/roster,29,todo,
Eckerd,mens-soccer,NCAA D2,Sunshine State,https://eckerdtritons.com/sports/mens-soccer/roster/2024,year-swap (direct),https://eckerdtritons.com/sports/mens-soccer/roster/2025,40,todo,
Eckerd,womens-soccer,NCAA D2,Sunshine State Conference,https://eckerdtritons.com/sports/womens-soccer/roster/2024,year-swap (direct),https://eckerdtritons.com/sports/womens-soccer/roster/2025,37,todo,
Edgewood,mens-soccer,NCAA D3,NACC,https://edgewoodeagles.com/sports/mens-soccer/roster/2024,year-swap (direct),https://edgewoodeagles.com/sports/mens-soccer/roster/2025,34,todo,
Edgewood College,womens-soccer,NCAA D3,Northern Athletics Collegiate Conference,https://edgewoodeagles.com/sports/womens-soccer/roster/2024,year-swap (direct),https://edgewoodeagles.com/sports/womens-soccer/roster/2025,31,todo,
Edward Waters,womens-soccer,NCAA D2,Independent,https://ewutigerpride.com/sports/womens-soccer/roster/2024,year-swap (direct),https://ewutigerpride.com/sports/womens-soccer/roster/2025,21,todo,
Elizabethtown,mens-soccer,NCAA D3,MAC Commonwealth,https://etownbluejays.com/sports/mens-soccer/roster/2024,year-swap (direct),https://etownbluejays.com/sports/mens-soccer/roster/2025,30,todo,
Elizabethtown College,womens-soccer,NCAA D3,Landmark Conference,https://etownbluejays.com/sports/womens-soccer/roster/2024,year-swap (direct),https://etownbluejays.com/sports/womens-soccer/roster/2025,26,todo,
Elmhurst,mens-soccer,NCAA D3,CCIW,https://elmhurstbluejays.com/sports/mens-soccer/roster/2024,year-swap (direct),https://elmhurstbluejays.com/sports/mens-soccer/roster/2025,38,todo,
Elmhurst University,womens-soccer,NCAA D3,College Conference of Illinois & Wisconsin,https://elmhurstbluejays.com/sports/womens-soccer/roster/2024,year-swap (direct),https://elmhurstbluejays.com/sports/womens-soccer/roster/2025,36,todo,
Elmira,mens-soccer,NCAA D3,Empire 8,https://athletics.elmira.edu/sports/mens-soccer/roster/2024,year-swap (direct),https://athletics.elmira.edu/sports/mens-soccer/roster/2025,38,todo,
Elmira College,womens-soccer,NCAA D3,Empire 8,https://athletics.elmira.edu/sports/womens-soccer/roster/2024,year-swap (direct),https://athletics.elmira.edu/sports/womens-soccer/roster/2025,28,todo,
Elms,mens-soccer,NCAA D3,CCC,https://athletics.elms.edu/sports/msoc/2024-26/roster,year-swap (direct),https://athletics.elms.edu/sports/msoc/2025-26/roster,22,todo,
Elon,mens-soccer,NCAA D1,CAA,https://elonphoenix.com/sports/mens-soccer/roster/2024,year-swap (direct),https://elonphoenix.com/sports/mens-soccer/roster/2025,31,todo,
Elon,womens-soccer,NCAA D1,CAA,https://elonphoenix.com/sports/womens-soccer/roster,wayback — query the CDX API for a late-2024 snapshot of this URL,https://web.archive.org/web/20251119100040/https://elonphoenix.com/sports/womens-soccer/roster,27,todo,
Embry-Riddle,mens-soccer,NCAA D2,Sunshine State,https://erauathletics.com/sports/mens-soccer/roster/2024,year-swap (direct),https://erauathletics.com/sports/mens-soccer/roster/2025,22,todo,
Embry–Riddle Aeronautical,womens-soccer,NCAA D2,Sunshine State Conference,https://erauathletics.com/sports/womens-soccer/roster/2024,year-swap (direct),https://erauathletics.com/sports/womens-soccer/roster/2025,24,todo,
Emerson,mens-soccer,NCAA D3,NEWMAC,https://emersonlions.com/sports/mens-soccer/roster/2024,year-swap (direct),https://emersonlions.com/sports/mens-soccer/roster/2025,26,todo,
Emerson College,womens-soccer,NCAA D3,New England Women's and Men's Athletic Conference,https://emersonlions.com/sports/womens-soccer/roster/2024,year-swap (direct),https://emersonlions.com/sports/womens-soccer/roster/2025,23,todo,
Emmanuel (GA),mens-soccer,NCAA D2,SAC,https://goeulions.com/sports/mens-soccer/roster/2024,year-swap (direct),https://goeulions.com/sports/mens-soccer/roster/2025,28,todo,
Emmanuel (GA),womens-soccer,NCAA D2,Conference Carolinas,https://goeulions.com/sports/womens-soccer/roster/2024,year-swap (direct),https://goeulions.com/sports/womens-soccer/roster/2025,28,todo,
Emmanuel (MA),mens-soccer,NCAA D3,CCC,https://goecsaints.com/sports/mens-soccer/roster/2024,year-swap (direct),https://goecsaints.com/sports/mens-soccer/roster/2025,26,todo,
Emory,mens-soccer,NCAA D3,UAA,https://emoryathletics.com/sports/mens-soccer/roster/2024,year-swap (direct),https://emoryathletics.com/sports/mens-soccer/roster/2025,37,todo,
Emory & Henry,mens-soccer,NCAA D2,SAC,https://www.gowasps.com/sports/msoc/2024-26/roster,year-swap (direct),https://www.gowasps.com/sports/msoc/2025-26/roster,76,todo,
Emory & Henry,womens-soccer,NCAA D2,South Atlantic Conference,https://www.gowasps.com/sports/wsoc/2024-26/roster,year-swap (direct),https://www.gowasps.com/sports/wsoc/2025-26/roster,36,todo,
Emory University,womens-soccer,NCAA D3,University Athletic Association,https://emoryathletics.com/sports/womens-soccer/roster/2024,year-swap (direct),https://emoryathletics.com/sports/womens-soccer/roster/2025,34,todo,
Emporia State,womens-soccer,NCAA D2,Mid-America Intercollegiate Athletics Association,https://esuhornets.com/sports/womens-soccer/roster/2024,year-swap (direct),https://esuhornets.com/sports/womens-soccer/roster/2025,28,todo,
Erskine,mens-soccer,NCAA D2,SAC,https://erskinesports.com/sports/mens-soccer/roster/2024,year-swap (direct),https://erskinesports.com/sports/mens-soccer/roster/2025,34,todo,
Erskine,womens-soccer,NCAA D2,Conference Carolinas,https://erskinesports.com/sports/womens-soccer/roster/2024,year-swap (direct),https://erskinesports.com/sports/womens-soccer/roster/2025,25,todo,
Eureka,mens-soccer,NCAA D3,SLIAC,https://www.eurekareddevils.com/sports/msoc/2024-26/roster,year-swap (direct),https://www.eurekareddevils.com/sports/msoc/2025-26/roster,58,todo,
Evansville,mens-soccer,NCAA D1,MVC,https://gopurpleaces.com/sports/mens-soccer/roster/2024,year-swap (direct),https://gopurpleaces.com/sports/mens-soccer/roster/2025,42,todo,
Evansville,womens-soccer,NCAA D1,Missouri Valley,https://gopurpleaces.com/sports/womens-soccer/roster,wayback — query the CDX API for a late-2024 snapshot of this URL,https://web.archive.org/web/20251107212447/https://gopurpleaces.com/sports/womens-soccer/roster,30,todo,
FDU-Florham,mens-soccer,NCAA D3,Skyline,https://fdudevils.com/sports/mens-soccer/roster/2024,year-swap (direct),https://fdudevils.com/sports/mens-soccer/roster/2025,30,todo,
FGCU,mens-soccer,NCAA D1,ASUN,https://fgcuathletics.com/sports/mens-soccer/roster/2024,year-swap (direct),https://fgcuathletics.com/sports/mens-soccer/roster/2025,29,todo,
FIU,mens-soccer,NCAA D1,Conference USA,https://fiusports.com/sports/mens-soccer/roster/2024,year-swap (direct),https://fiusports.com/sports/mens-soccer/roster/2025,27,todo,
FIU,womens-soccer,NCAA D1,CUSA,https://fiusports.com/sports/womens-soccer/roster,wayback — query the CDX API for a late-2024 snapshot of this URL,https://web.archive.org/web/20251113132137/https://fiusports.com/sports/womens-soccer/roster,28,todo,
Fairfield,mens-soccer,NCAA D1,MAAC,https://fairfieldstags.com/sports/mens-soccer/roster/2024,year-swap (direct),https://fairfieldstags.com/sports/mens-soccer/roster/2025,30,todo,
Fairfield,womens-soccer,NCAA D1,Metro,https://fairfieldstags.com/sports/womens-soccer/roster/2024,year-swap (direct),https://fairfieldstags.com/sports/womens-soccer/roster/2025,29,todo,
Fairleigh Dickinson,mens-soccer,NCAA D1,NEC,https://fduknights.com/sports/mens-soccer/roster/2024,year-swap (direct),https://fduknights.com/sports/mens-soccer/roster/2025,37,todo,
Fairleigh Dickinson,womens-soccer,NCAA D1,NEC,https://fduknights.com/sports/womens-soccer/roster,wayback — query the CDX API for a late-2024 snapshot of this URL,https://web.archive.org/web/20260105011927/https://fduknights.com/sports/womens-soccer/roster,30,todo,
Fairleigh Dickinson University-Florham,womens-soccer,NCAA D3,Middle Atlantic Conference (Freedom),https://fdudevils.com/sports/womens-soccer/roster/2024,year-swap (direct),https://fdudevils.com/sports/womens-soccer/roster/2025,25,todo,
Fairmont State,womens-soccer,NCAA D2,Mountain East Conference,https://fightingfalcons.com/sports/womens-soccer/roster/2024,year-swap (direct),https://fightingfalcons.com/sports/womens-soccer/roster/2025,33,todo,
Farmingdale State College,womens-soccer,NCAA D3,Skyline Conference,https://farmingdalesports.com/sports/womens-soccer/roster/2024,year-swap (direct),https://farmingdalesports.com/sports/womens-soccer/roster/2025,34,todo,
Felician,mens-soccer,NCAA D2,CACC,https://felicianuathletics.com/sports/mens-soccer/roster/2024,year-swap (direct),https://felicianuathletics.com/sports/mens-soccer/roster/2025,56,todo,
Felician,womens-soccer,NCAA D2,Central Atlantic Collegiate Conference,https://felicianuathletics.com/sports/womens-soccer/roster/2024,year-swap (direct),https://felicianuathletics.com/sports/womens-soccer/roster/2025,41,todo,
Ferris State,womens-soccer,NCAA D2,Great Lakes Intercollegiate Athletic Conference,https://www.ferrisstatebulldogs.com/sports/wsoc/2024-26/roster,year-swap (direct),https://www.ferrisstatebulldogs.com/sports/wsoc/2025-26/roster,33,todo,
Ferrum,mens-soccer,NCAA D3,ODAC,https://ferrumpanthers.com/sports/mens-soccer/roster/2024,year-swap (direct),https://ferrumpanthers.com/sports/mens-soccer/roster/2025,35,todo,
Ferrum,womens-soccer,NCAA D2,Conference Carolinas,https://ferrumpanthers.com/sports/womens-soccer/roster/2024,year-swap (direct),https://ferrumpanthers.com/sports/womens-soccer/roster/2025,29,todo,
Findlay,mens-soccer,NCAA D2,GLIAC,https://findlayoilers.com/sports/mens-soccer/roster/2024,year-swap (direct),https://findlayoilers.com/sports/mens-soccer/roster/2025,42,todo,
Findlay,womens-soccer,NCAA D2,Great Midwest Athletic Conference,https://findlayoilers.com/sports/womens-soccer/roster/2024,year-swap (direct),https://findlayoilers.com/sports/womens-soccer/roster/2025,32,todo,
Fitchburg State,mens-soccer,NCAA D3,MASCAC,https://fitchburgfalcons.com/sports/msoc/2024-26/roster,wayback — query the CDX API for a late-2024 snapshot of this URL,https://web.archive.org/web/20251106023816/https://fitchburgfalcons.com/sports/msoc/2025-26/roster,31,todo,
Fitchburg State University,womens-soccer,NCAA D3,Massachusetts State Collegiate Athletic Conference,https://fitchburgfalcons.com/sports/wsoc/2024-26/roster,wayback — query the CDX API for a late-2024 snapshot of this URL,https://web.archive.org/web/20251106040231/https://fitchburgfalcons.com/sports/wsoc/2025-26/roster,24,todo,
Flagler,mens-soccer,NCAA D2,Peach Belt,https://flaglerathletics.com/sports/mens-soccer/roster/2024,year-swap (direct),https://flaglerathletics.com/sports/mens-soccer/roster/2025,31,todo,
Flagler,womens-soccer,NCAA D2,Peach Belt Conference,https://flaglerathletics.com/sports/womens-soccer/roster/2024,year-swap (direct),https://flaglerathletics.com/sports/womens-soccer/roster/2025,29,todo,
Florida,womens-soccer,NCAA D1,SEC,https://floridagators.com/sports/womens-soccer/roster,wayback — query the CDX API for a late-2024 snapshot of this URL,https://web.archive.org/web/20251210171823/https://floridagators.com/sports/womens-soccer/roster,28,todo,
Florida Atlantic,mens-soccer,NCAA D1,AAC,https://fausports.com/sports/mens-soccer/roster/2024,year-swap (direct),https://fausports.com/sports/mens-soccer/roster/2025,29,todo,
Florida Atlantic,womens-soccer,NCAA D1,American,https://fausports.com/sports/womens-soccer/roster,wayback — query the CDX API for a late-2024 snapshot of this URL,https://web.archive.org/web/20260128192718/https://fausports.com/sports/womens-soccer/roster,27,todo,
Florida Gulf Coast,womens-soccer,NCAA D1,ASUN,https://fgcuathletics.com/sports/womens-soccer/roster,wayback — query the CDX API for a late-2024 snapshot of this URL,https://web.archive.org/web/20250929071604/https://fgcuathletics.com/sports/womens-soccer/roster,28,todo,
Florida Southern,mens-soccer,NCAA D2,Sunshine State,https://fscmocs.com/sports/mens-soccer/roster/2024,year-swap (direct),https://fscmocs.com/sports/mens-soccer/roster/2025,32,todo,
Florida Southern,womens-soccer,NCAA D2,Sunshine State Conference,https://fscmocs.com/sports/womens-soccer/roster/2024,year-swap (direct),https://fscmocs.com/sports/womens-soccer/roster/2025,37,todo,
Florida State,womens-soccer,NCAA D1,ACC,https://seminoles.com/sports/womens-soccer/roster,wayback — query the CDX API for a late-2024 snapshot of this URL,https://web.archive.org/web/20260206134102/https://seminoles.com/sports/womens-soccer/roster,27,todo,
Florida Tech,mens-soccer,NCAA D2,Sunshine State,https://floridatechsports.com/sports/mens-soccer/roster/2024,year-swap (direct),https://floridatechsports.com/sports/mens-soccer/roster/2025,32,todo,
Florida Tech,womens-soccer,NCAA D2,Sunshine State Conference,https://floridatechsports.com/sports/womens-soccer/roster/2024,year-swap (direct),https://floridatechsports.com/sports/womens-soccer/roster/2025,29,todo,
Fordham,mens-soccer,NCAA D1,Atlantic 10,https://fordhamsports.com/sports/mens-soccer/roster/2024,year-swap (direct),https://fordhamsports.com/sports/mens-soccer/roster/2025,31,todo,
Fordham,womens-soccer,NCAA D1,Atlantic 10,https://fordhamsports.com/sports/womens-soccer/roster,wayback — query the CDX API for a late-2024 snapshot of this URL,https://web.archive.org/web/20251214064752/https://fordhamsports.com/sports/womens-soccer/roster,28,todo,
Fort Hays State,mens-soccer,NCAA D2,MIAA,https://fhsuathletics.com/sports/mens-soccer/roster/2024,year-swap (direct),https://fhsuathletics.com/sports/mens-soccer/roster/2025,30,todo,
Fort Hays State,womens-soccer,NCAA D2,Mid-America Intercollegiate Athletics Association,https://fhsuathletics.com/sports/womens-soccer/roster/2024,year-swap (direct),https://fhsuathletics.com/sports/womens-soccer/roster/2025,29,todo,
Fort Lewis,mens-soccer,NCAA D2,RMAC,https://goskyhawks.com/sports/mens-soccer/roster/2024,year-swap (direct),https://goskyhawks.com/sports/mens-soccer/roster/2025,27,todo,
Fort Lewis,womens-soccer,NCAA D2,Rocky Mountain Athletic Conference,https://goskyhawks.com/sports/womens-soccer/roster/2024,year-swap (direct),https://goskyhawks.com/sports/womens-soccer/roster/2025,29,todo,
Framingham State,mens-soccer,NCAA D3,MASCAC,https://fsurams.com/sports/msoc/2024-26/roster,wayback — query the CDX API for a late-2024 snapshot of this URL,https://web.archive.org/web/20250925000931/https://fsurams.com/sports/msoc/2025-26/roster,25,todo,
Framingham State University,womens-soccer,NCAA D3,Massachusetts State Collegiate Athletic Conference,https://fsurams.com/sports/wsoc/2024-26/roster,wayback — query the CDX API for a late-2024 snapshot of this URL,https://web.archive.org/web/20250925003517/https://fsurams.com/sports/wsoc/2025-26/roster,26,todo,
Francis Marion,mens-soccer,NCAA D2,Peach Belt,https://fmupatriots.com/sports/mens-soccer/roster/2024,year-swap (direct),https://fmupatriots.com/sports/mens-soccer/roster/2025,50,todo,
Francis Marion,womens-soccer,NCAA D2,Conference Carolinas,https://fmupatriots.com/sports/womens-soccer/roster/2024,year-swap (direct),https://fmupatriots.com/sports/womens-soccer/roster/2025,32,todo,
Franciscan (OH),mens-soccer,NCAA D3,PAC,https://franciscanathletics.com/sports/mens-soccer/roster/2024,year-swap (direct),https://franciscanathletics.com/sports/mens-soccer/roster/2025,43,todo,
Franciscan University of Steubenville,womens-soccer,NCAA D3,Presidents' Athletic Conference,https://franciscanathletics.com/sports/womens-soccer/roster/2024,year-swap (direct),https://franciscanathletics.com/sports/womens-soccer/roster/2025,26,todo,
Franklin,mens-soccer,NCAA D3,HCAC,https://franklingrizzlies.com/sports/mens-soccer/roster/2024,year-swap (direct),https://franklingrizzlies.com/sports/mens-soccer/roster/2025,29,todo,
Franklin & Marshall,mens-soccer,NCAA D3,Centennial,https://godiplomats.com/sports/mens-soccer/roster/2024,year-swap (direct),https://godiplomats.com/sports/mens-soccer/roster/2025,25,todo,
Franklin & Marshall College,womens-soccer,NCAA D3,Centennial Conference,https://godiplomats.com/sports/womens-soccer/roster/2024,year-swap (direct),https://godiplomats.com/sports/womens-soccer/roster/2025,27,todo,
Franklin College,womens-soccer,NCAA D3,Heartland Collegiate Athletic Conference,https://franklingrizzlies.com/sports/womens-soccer/roster/2024,year-swap (direct),https://franklingrizzlies.com/sports/womens-soccer/roster/2025,30,todo,
Franklin Pierce,mens-soccer,NCAA D2,Northeast-10,https://fpuravens.com/sports/mens-soccer/roster/2024,year-swap (direct),https://fpuravens.com/sports/mens-soccer/roster/2025,48,todo,
Franklin Pierce,womens-soccer,NCAA D2,Northeast-10 Conference,https://fpuravens.com/sports/womens-soccer/roster/2024,year-swap (direct),https://fpuravens.com/sports/womens-soccer/roster/2025,52,todo,
Fredonia State,mens-soccer,NCAA D3,SUNYAC,https://fredoniabluedevils.com/sports/mens-soccer/roster/2024,year-swap (direct),https://fredoniabluedevils.com/sports/mens-soccer/roster/2025,26,todo,
Fresno Pacific,mens-soccer,NCAA D2,PacWest,https://www.fpusunbirds.com/sports/mens-soccer/roster/2024,year-swap (direct),https://www.fpusunbirds.com/sports/mens-soccer/roster/2025,44,todo,
Fresno Pacific,womens-soccer,NCAA D2,California Collegiate Athletic Association,https://fpusunbirds.com/sports/womens-soccer/roster/2024,year-swap (direct),https://fpusunbirds.com/sports/womens-soccer/roster/2025,35,todo,
Fresno State,womens-soccer,NCAA D1,Pac-12,https://gobulldogs.com/sports/womens-soccer/roster,wayback — query the CDX API for a late-2024 snapshot of this URL,https://web.archive.org/web/20251104220842/https://gobulldogs.com/sports/womens-soccer/roster,26,todo,
Frostburg State,mens-soccer,NCAA D2,ECAC,,no source URL recorded — discover from scratch,,41,todo,
Frostburg State,womens-soccer,NCAA D2,Mountain East Conference,https://frostburgsports.com/sports/womens-soccer/roster,no year in URL — check the site for a 2024 season selector,https://frostburgsports.com/sports/womens-soccer/roster,28,todo,
Furman,mens-soccer,NCAA D1,SoCon,https://furmanpaladins.com/sports/mens-soccer/roster/2024,year-swap (direct),https://furmanpaladins.com/sports/mens-soccer/roster/2025,29,todo,
Furman,womens-soccer,NCAA D1,Southern,https://furmanpaladins.com/sports/womens-soccer/roster,no year in URL — check the site for a 2024 season selector,https://furmanpaladins.com/sports/womens-soccer/roster,34,todo,
Gallaudet,mens-soccer,NCAA D3,CSAC,https://gallaudetbison.com/sports/mens-soccer/roster/2024,year-swap (direct),https://gallaudetbison.com/sports/mens-soccer/roster/2025,21,todo,
Gannon,mens-soccer,NCAA D2,GLIAC,https://gannonsports.com/sports/mens-soccer/roster/2024,year-swap (direct),https://gannonsports.com/sports/mens-soccer/roster/2025,47,todo,
Gannon,womens-soccer,NCAA D2,Pennsylvania State Athletic Conference,https://gannonsports.com/sports/womens-soccer/roster/2024,year-swap (direct),https://gannonsports.com/sports/womens-soccer/roster/2025,43,todo,
Gardner-Webb,mens-soccer,NCAA D1,Big South,https://gwusports.com/sports/mens-soccer/roster/2024,year-swap (direct),https://gwusports.com/sports/mens-soccer/roster/2025,34,todo,
Gardner-Webb,womens-soccer,NCAA D1,Big South,https://gwusports.com/sports/womens-soccer/roster,wayback — query the CDX API for a late-2024 snapshot of this URL,https://web.archive.org/web/20251226223235/https://gwusports.com/sports/womens-soccer/roster,44,todo,
Geneva,mens-soccer,NCAA D3,PAC,https://athletics.geneva.edu/sports/mens-soccer/roster/2024,year-swap (direct),https://athletics.geneva.edu/sports/mens-soccer/roster/2025,35,todo,
Geneva College,womens-soccer,NCAA D3,Presidents' Athletic Conference,https://athletics.geneva.edu/sports/womens-soccer/roster/2024,year-swap (direct),https://athletics.geneva.edu/sports/womens-soccer/roster/2025,24,todo,
George Fox,mens-soccer,NCAA D3,NWC,https://athletics.georgefox.edu/sports/mens-soccer/roster/2024,year-swap (direct),https://athletics.georgefox.edu/sports/mens-soccer/roster/2025,35,todo,
George Fox University,womens-soccer,NCAA D3,Northwest Conference,https://athletics.georgefox.edu/sports/womens-soccer/roster/2024,year-swap (direct),https://athletics.georgefox.edu/sports/womens-soccer/roster/2025,27,todo,
George Mason,mens-soccer,NCAA D1,Atlantic 10,https://gomason.com/roster.aspx?rp_id=9088,no year in URL — check the site for a 2024 season selector,https://gomason.com/roster.aspx?rp_id=9088,23,todo,
George Mason,womens-soccer,NCAA D1,Atlantic 10,https://gomason.com/sports/womens-soccer/roster,no year in URL — check the site for a 2024 season selector,https://gomason.com/sports/womens-soccer/roster,19,todo,
George Washington,mens-soccer,NCAA D1,Atlantic 10,https://gwsports.com/sports/mens-soccer/roster/2024,year-swap (direct),https://gwsports.com/sports/mens-soccer/roster/2025,27,todo,
George Washington,womens-soccer,NCAA D1,Atlantic 10,https://gwsports.com/sports/womens-soccer/roster/2024,year-swap (direct),https://gwsports.com/sports/womens-soccer/roster/2025,24,todo,
Georgetown,mens-soccer,NCAA D1,Big East,https://guhoyas.com/sports/mens-soccer/roster/2024,year-swap (direct),https://guhoyas.com/sports/mens-soccer/roster/2025,29,todo,
Georgetown,womens-soccer,NCAA D1,Big East,https://guhoyas.com/sports/womens-soccer/roster,wayback — query the CDX API for a late-2024 snapshot of this URL,https://web.archive.org/web/20251113035150/https://guhoyas.com/sports/womens-soccer/roster,27,todo,
Georgia,womens-soccer,NCAA D1,SEC,https://georgiadogs.com/sports/womens-soccer/roster,wayback — query the CDX API for a late-2024 snapshot of this URL,https://web.archive.org/web/20251115094530/https://georgiadogs.com/sports/womens-soccer/roster,30,todo,
Georgia College,womens-soccer,NCAA D2,Peach Belt Conference,https://gcsubobcats.com/sports/womens-soccer/roster/2024,year-swap (direct),https://gcsubobcats.com/sports/womens-soccer/roster/2025,28,todo,
Georgia Southern,mens-soccer,NCAA D1,Sun Belt,https://gseagles.com/sports/mens-soccer/roster/2024,year-swap (direct),https://gseagles.com/sports/mens-soccer/roster/2025,30,todo,
Georgia Southern,womens-soccer,NCAA D1,Sun Belt,https://gseagles.com/sports/womens-soccer/roster,wayback — query the CDX API for a late-2024 snapshot of this URL,https://web.archive.org/web/20251116191809/https://gseagles.com/sports/womens-soccer/roster,26,todo,
Georgia Southwestern,mens-soccer,NCAA D2,Peach Belt,https://gswcanes.com/sports/mens-soccer/roster/2024,year-swap (direct),https://gswcanes.com/sports/mens-soccer/roster/2025,32,todo,
Georgia Southwestern,womens-soccer,NCAA D2,Peach Belt Conference,https://gswcanes.com/sports/womens-soccer/roster/2024,year-swap (direct),https://gswcanes.com/sports/womens-soccer/roster/2025,29,todo,
Georgia State,mens-soccer,NCAA D1,Sun Belt,https://georgiastatesports.com/sports/mens-soccer/roster/2024,year-swap (direct),https://georgiastatesports.com/sports/mens-soccer/roster/2025,26,todo,
Georgia State,womens-soccer,NCAA D1,Sun Belt,https://georgiastatesports.com/sports/womens-soccer/roster,wayback — query the CDX API for a late-2024 snapshot of this URL,https://web.archive.org/web/20251219061835/https://georgiastatesports.com/sports/womens-soccer/roster,28,todo,
Georgian Court,mens-soccer,NCAA D2,CACC,https://gculions.com/sports/mens-soccer/roster/2024,year-swap (direct),https://gculions.com/sports/mens-soccer/roster/2025,65,todo,
Georgian Court,womens-soccer,NCAA D2,Central Atlantic Collegiate Conference,https://gculions.com/sports/womens-soccer/roster/2024,year-swap (direct),https://gculions.com/sports/womens-soccer/roster/2025,33,todo,
Gettysburg,mens-soccer,NCAA D3,Centennial,https://gettysburgsports.com/sports/mens-soccer/roster/2024,year-swap (direct),https://gettysburgsports.com/sports/mens-soccer/roster/2025,38,todo,
Gettysburg College,womens-soccer,NCAA D3,Centennial Conference,https://gettysburgsports.com/sports/womens-soccer/roster/2024,year-swap (direct),https://gettysburgsports.com/sports/womens-soccer/roster/2025,44,todo,
Goldey-Beacom,mens-soccer,NCAA D2,CACC,https://www.gbcathletics.com/sports/mens-soccer/roster/2024,year-swap (direct),https://www.gbcathletics.com/sports/mens-soccer/roster/2025,32,todo,
Goldey-Beacom,womens-soccer,NCAA D2,Central Atlantic Collegiate Conference,https://gbcathletics.com/sports/womens-soccer/roster/2024,year-swap (direct),https://gbcathletics.com/sports/womens-soccer/roster/2025,27,todo,
Gonzaga,mens-soccer,NCAA D1,WCC,https://gozags.com/sports/mens-soccer/roster/2024,year-swap (direct),https://gozags.com/sports/mens-soccer/roster/2025,28,todo,
Gonzaga,womens-soccer,NCAA D1,Pac-12,https://gozags.com/sports/womens-soccer/roster,wayback — query the CDX API for a late-2024 snapshot of this URL,https://web.archive.org/web/20251019134939/https://gozags.com/sports/womens-soccer/roster,28,todo,
Gordon,mens-soccer,NCAA D3,CCC,https://athletics.gordon.edu/sports/mens-soccer/roster/2024,year-swap (direct),https://athletics.gordon.edu/sports/mens-soccer/roster/2025,28,todo,
Gordon College,womens-soccer,NCAA D3,Conference of New England,https://athletics.gordon.edu/sports/womens-soccer/roster/2024,year-swap (direct),https://athletics.gordon.edu/sports/womens-soccer/roster/2025,25,todo,
Grace Christian,mens-soccer,NCAA D3,NEAC,https://gracetigers.com/sports/mens-soccer/roster/2024,year-swap (direct),https://gracetigers.com/sports/mens-soccer/roster/2025,41,todo,
Grambling State,womens-soccer,NCAA D1,SWAC,https://gsutigers.com/sports/womens-soccer/roster,wayback — query the CDX API for a late-2024 snapshot of this URL,https://web.archive.org/web/20251025142547/https://gsutigers.com/sports/womens-soccer/roster,26,todo,
Grand Canyon,mens-soccer,NCAA D1,WAC,https://gculopes.com/sports/mens-soccer/roster/2024,year-swap (direct),https://gculopes.com/sports/mens-soccer/roster/2025,30,todo,
Grand Canyon,womens-soccer,NCAA D1,Mountain West,,no source URL recorded — discover from scratch,,41,todo,
Grand Valley State,womens-soccer,NCAA D2,Great Lakes Intercollegiate Athletic Conference,https://gvsulakers.com/sports/womens-soccer/roster/2024,year-swap (direct),https://gvsulakers.com/sports/womens-soccer/roster/2025,28,todo,
Green Bay,mens-soccer,NCAA D1,Horizon League,https://greenbayphoenix.com/sports/mens-soccer/roster/2024,year-swap (direct),https://greenbayphoenix.com/sports/mens-soccer/roster/2025,29,todo,
Green Bay,womens-soccer,NCAA D1,Horizon,https://greenbayphoenix.com/sports/womens-soccer/roster,wayback — query the CDX API for a late-2024 snapshot of this URL,https://web.archive.org/web/20260110015033/https://greenbayphoenix.com/sports/womens-soccer/roster,27,todo,
Greensboro,mens-soccer,NCAA D3,ODAC,https://greensborocollegesports.com/sports/mens-soccer/roster/2024,year-swap (direct),https://greensborocollegesports.com/sports/mens-soccer/roster/2025,27,todo,
Greensboro College,womens-soccer,NCAA D3,USA South Athletic Conference,https://greensborocollegesports.com/sports/womens-soccer/roster/2024,year-swap (direct),https://greensborocollegesports.com/sports/womens-soccer/roster/2025,26,todo,
Greenville University,womens-soccer,NCAA D3,St. Louis Intercollegiate Athletic Conference,https://greenvillepanthers.com/sports/womens-soccer/roster/2024,year-swap (direct),https://greenvillepanthers.com/sports/womens-soccer/roster/2025,23,todo,
Grinnell,mens-soccer,NCAA D3,MWC-D3,https://pioneers.grinnell.edu/sports/mens-soccer/roster/2024,year-swap (direct),https://pioneers.grinnell.edu/sports/mens-soccer/roster/2025,25,todo,
Grinnell College,womens-soccer,NCAA D3,Midwest Conference,https://pioneers.grinnell.edu/sports/womens-soccer/roster/2024,year-swap (direct),https://pioneers.grinnell.edu/sports/womens-soccer/roster/2025,25,todo,
Grove City,mens-soccer,NCAA D3,PAC,https://athletics.gcc.edu/sports/mens-soccer/roster/2024,year-swap (direct),https://athletics.gcc.edu/sports/mens-soccer/roster/2025,35,todo,
Grove City College,womens-soccer,NCAA D3,Presidents' Athletic Conference,https://athletics.gcc.edu/sports/womens-soccer/roster/2024,year-swap (direct),https://athletics.gcc.edu/sports/womens-soccer/roster/2025,29,todo,
Guilford,mens-soccer,NCAA D3,ODAC,https://guilfordquakers.com/sports/mens-soccer/roster/2024,year-swap (direct),https://guilfordquakers.com/sports/mens-soccer/roster/2025,30,todo,
Guilford College,womens-soccer,NCAA D3,Old Dominion Athletic Conference,https://guilfordquakers.com/sports/womens-soccer/roster/2024,year-swap (direct),https://guilfordquakers.com/sports/womens-soccer/roster/2025,20,todo,
Gustavus Adolphus,mens-soccer,NCAA D3,MIAC,https://gogusties.com/sports/mens-soccer/roster/2024,year-swap (direct),https://gogusties.com/sports/mens-soccer/roster/2025,35,todo,
Gustavus Adolphus College,womens-soccer,NCAA D3,Minnesota Intercollegiate Athletic Conference,https://gogusties.com/sports/womens-soccer/roster/2024,year-swap (direct),https://gogusties.com/sports/womens-soccer/roster/2025,33,todo,
Gwynedd Mercy,mens-soccer,NCAA D3,CSAC,https://gwyneddathletics.com/sports/mens-soccer/roster/2024,year-swap (direct),https://gwyneddathletics.com/sports/mens-soccer/roster/2025,34,todo,
Gwynedd Mercy University,womens-soccer,NCAA D3,Atlantic East Conference,https://gwyneddathletics.com/sports/womens-soccer/roster/2024,year-swap (direct),https://gwyneddathletics.com/sports/womens-soccer/roster/2025,27,todo,
Hamilton,mens-soccer,NCAA D3,Liberty League,https://athletics.hamilton.edu/sports/mens-soccer/roster/2024,year-swap (direct),https://athletics.hamilton.edu/sports/mens-soccer/roster/2025,35,todo,
Hamilton College,womens-soccer,NCAA D3,New England Small College Athletic Conference,https://athletics.hamilton.edu/sports/womens-soccer/roster/2024,year-swap (direct),https://athletics.hamilton.edu/sports/womens-soccer/roster/2025,28,todo,
Hamline,mens-soccer,NCAA D3,MIAC,https://hamlineathletics.com/sports/mens-soccer/roster/2024,year-swap (direct),https://hamlineathletics.com/sports/mens-soccer/roster/2025,32,todo,
Hamline University,womens-soccer,NCAA D3,Minnesota Intercollegiate Athletic Conference,https://hamlineathletics.com/sports/womens-soccer/roster/2024,year-swap (direct),https://hamlineathletics.com/sports/womens-soccer/roster/2025,39,todo,
Hampden-Sydney,mens-soccer,NCAA D3,ODAC,https://hscathletics.com/sports/mens-soccer/roster/2024,year-swap (direct),https://hscathletics.com/sports/mens-soccer/roster/2025,32,todo,
Hampton,womens-soccer,NCAA D1,CAA,https://hamptonpirates.com/sports/womens-soccer/roster,no year in URL — check the site for a 2024 season selector,https://hamptonpirates.com/sports/womens-soccer/roster,25,todo,
Hanover,mens-soccer,NCAA D3,HCAC,https://athletics.hanover.edu/sports/mens-soccer/roster/2024,year-swap (direct),https://athletics.hanover.edu/sports/mens-soccer/roster/2025,43,todo,
Hanover College,womens-soccer,NCAA D3,Heartland Collegiate Athletic Conference,https://athletics.hanover.edu/sports/womens-soccer/roster/2024,year-swap (direct),https://athletics.hanover.edu/sports/womens-soccer/roster/2025,30,todo,
Hardin-Simmons,mens-soccer,NCAA D3,ASC,https://hsuathletics.com/sports/mens-soccer/roster/2024,year-swap (direct),https://hsuathletics.com/sports/mens-soccer/roster/2025,36,todo,
Hardin-Simmons University,womens-soccer,NCAA D3,American Southwest Conference,https://hsuathletics.com/sports/womens-soccer/roster/2024,year-swap (direct),https://hsuathletics.com/sports/womens-soccer/roster/2025,30,todo,
Harding,mens-soccer,NCAA D2,GAC,https://hardingsports.com/sports/mens-soccer/roster/2024,year-swap (direct),https://hardingsports.com/sports/mens-soccer/roster/2025,29,todo,
Harding,womens-soccer,NCAA D2,Great American Conference,https://hardingsports.com/sports/womens-soccer/roster/2024,year-swap (direct),https://hardingsports.com/sports/womens-soccer/roster/2025,30,todo,
Hartwick,mens-soccer,NCAA D3,Liberty League,https://www.hartwickhawks.com/sports/mens-soccer/roster/2024,year-swap (direct),https://www.hartwickhawks.com/sports/mens-soccer/roster/2025,25,todo,
Hartwick College,womens-soccer,NCAA D3,Empire 8,https://hartwickhawks.com/sports/womens-soccer/roster/2024,year-swap (direct),https://hartwickhawks.com/sports/womens-soccer/roster/2025,21,todo,
Harvard,mens-soccer,NCAA D1,Ivy League,https://gocrimson.com/sports/mens-soccer/roster/2024,year-swap (direct),https://gocrimson.com/sports/mens-soccer/roster/2025,32,todo,
Harvard,womens-soccer,NCAA D1,Ivy League,https://gocrimson.com/sports/womens-soccer/roster,wayback — query the CDX API for a late-2024 snapshot of this URL,https://web.archive.org/web/20251217210059/https://gocrimson.com/sports/womens-soccer/roster,24,todo,
Harvey Mudd College,womens-soccer,NCAA D3,Southern California Intercollegiate Athletic Conference,https://cmsathletics.org/sports/womens-soccer/roster/2024,year-swap (direct),https://cmsathletics.org/sports/womens-soccer/roster/2025,31,todo,
Haverford,mens-soccer,NCAA D3,Centennial,https://haverfordathletics.com/sports/mens-soccer/roster/2024,year-swap (direct),https://haverfordathletics.com/sports/mens-soccer/roster/2025,32,todo,
Haverford College,womens-soccer,NCAA D3,Centennial Conference,https://haverfordathletics.com/sports/womens-soccer/roster/2024,year-swap (direct),https://haverfordathletics.com/sports/womens-soccer/roster/2025,30,todo,
Hawaii,womens-soccer,NCAA D1,Mountain West,https://hawaiiathletics.com/sports/womens-soccer/roster,wayback — query the CDX API for a late-2024 snapshot of this URL,https://web.archive.org/web/20251230071709/https://hawaiiathletics.com/sports/womens-soccer/roster,28,todo,
Hawaii Hilo,mens-soccer,NCAA D2,PacWest,https://hiloathletics.com/sports/mens-soccer/roster/2024,year-swap (direct),https://hiloathletics.com/sports/mens-soccer/roster/2025,31,todo,
Hawaii Hilo,womens-soccer,NCAA D2,Pacific West Conference,https://hiloathletics.com/sports/womens-soccer/roster/2024,year-swap (direct),https://hiloathletics.com/sports/womens-soccer/roster/2025,31,todo,
Hawaii Pacific,mens-soccer,NCAA D2,PacWest,https://hpusharks.com/sports/mens-soccer/roster/2024,year-swap (direct),https://hpusharks.com/sports/mens-soccer/roster/2025,30,todo,
Hawaii Pacific,womens-soccer,NCAA D2,Pacific West Conference,https://hpusharks.com/sports/womens-soccer/roster/2024,year-swap (direct),https://hpusharks.com/sports/womens-soccer/roster/2025,32,todo,
Heidelberg,mens-soccer,NCAA D3,OAC,https://www.bergathletics.com/sports/mens-soccer/roster/2024,year-swap (direct),https://www.bergathletics.com/sports/mens-soccer/roster/2025,37,todo,
Heidelberg University,womens-soccer,NCAA D3,Ohio Athletic Conference,https://bergathletics.com/sports/womens-soccer/roster/2024,year-swap (direct),https://bergathletics.com/sports/womens-soccer/roster/2025,32,todo,
Hendrix,mens-soccer,NCAA D3,ASC,https://hendrixwarriors.com/sports/mens-soccer/roster/2024,year-swap (direct),https://hendrixwarriors.com/sports/mens-soccer/roster/2025,42,todo,
Hendrix College,womens-soccer,NCAA D3,Southern Collegiate Athletic Conference,https://hendrixwarriors.com/sports/womens-soccer/roster/2024,year-swap (direct),https://hendrixwarriors.com/sports/womens-soccer/roster/2025,34,todo,
High Point,mens-soccer,NCAA D1,Big South,https://highpointpanthers.com/sports/mens-soccer/roster/2024,year-swap (direct),https://highpointpanthers.com/sports/mens-soccer/roster/2025,31,todo,
High Point,womens-soccer,NCAA D1,Big South,https://highpointpanthers.com/sports/womens-soccer/roster/bella-burr/11191,wayback — query the CDX API for a late-2024 snapshot of this URL,https://web.archive.org/web/20260106072332/https://highpointpanthers.com/sports/womens-soccer/roster/bella-burr/11191,34,todo,
Hilbert,mens-soccer,NCAA D3,AMCC,https://hilberthawks.com/sports/mens-soccer/roster/2024,year-swap (direct),https://hilberthawks.com/sports/mens-soccer/roster/2025,28,todo,
Hilbert College,womens-soccer,NCAA D3,Allegheny Mountain Collegiate Conference,https://hilberthawks.com/sports/womens-soccer/roster/2024,year-swap (direct),https://hilberthawks.com/sports/womens-soccer/roster/2025,21,todo,
Hiram,mens-soccer,NCAA D3,PAC,https://hiramterriers.com/sports/mens-soccer/roster/2024,year-swap (direct),https://hiramterriers.com/sports/mens-soccer/roster/2025,42,todo,
Hiram College,womens-soccer,NCAA D3,Presidents' Athletic Conference,https://hiramterriers.com/sports/womens-soccer/roster/2024,year-swap (direct),https://hiramterriers.com/sports/womens-soccer/roster/2025,24,todo,
Hobart & William Smith,mens-soccer,NCAA D3,Liberty League,https://hwsathletics.com/sports/mens-soccer/roster/2024,year-swap (direct),https://hwsathletics.com/sports/mens-soccer/roster/2025,32,todo,
Hobart and William Smith Colleges,womens-soccer,NCAA D3,Liberty League,https://hwsathletics.com/sports/womens-soccer/roster/2024,year-swap (direct),https://hwsathletics.com/sports/womens-soccer/roster/2025,32,todo,
Hofstra,mens-soccer,NCAA D1,CAA,https://gohofstra.com/sports/mens-soccer/roster/2024,year-swap (direct),https://gohofstra.com/sports/mens-soccer/roster/2025,29,todo,
Hofstra,womens-soccer,NCAA D1,CAA,https://gohofstra.com/sports/womens-soccer/roster,wayback — query the CDX API for a late-2024 snapshot of this URL,https://web.archive.org/web/20251123021504/https://gohofstra.com/sports/womens-soccer/roster,26,todo,
Hollins University,womens-soccer,NCAA D3,Old Dominion Athletic Conference,https://hollinssports.com/sports/wsoc/roster/2024,year-swap (direct),https://hollinssports.com/sports/wsoc/roster/2025,26,todo,
Holy Cross,mens-soccer,NCAA D1,Patriot League,https://goholycross.com/sports/mens-soccer/roster/2024,year-swap (direct),https://goholycross.com/sports/mens-soccer/roster/2025,29,todo,
Holy Cross,womens-soccer,NCAA D1,Patriot,https://goholycross.com/sports/womens-soccer/roster/,wayback — query the CDX API for a late-2024 snapshot of this URL,https://web.archive.org/web/20251027183603/https://goholycross.com/sports/womens-soccer/roster/,29,todo,
Holy Family,mens-soccer,NCAA D2,CACC,https://athletics.holyfamily.edu/sports/mens-soccer/roster/2024,year-swap (direct),https://athletics.holyfamily.edu/sports/mens-soccer/roster/2025,38,todo,
Holy Family,womens-soccer,NCAA D2,Central Atlantic Collegiate Conference,https://athletics.holyfamily.edu/sports/womens-soccer/roster/2024,year-swap (direct),https://athletics.holyfamily.edu/sports/womens-soccer/roster/2025,26,todo,
Hood,mens-soccer,NCAA D3,Centennial,https://hoodathletics.com/sports/mens-soccer/roster/2024,year-swap (direct),https://hoodathletics.com/sports/mens-soccer/roster/2025,38,todo,
Hood College,womens-soccer,NCAA D3,Middle Atlantic Conference (Commonwealth),https://hoodathletics.com/sports/womens-soccer/roster/2024,year-swap (direct),https://hoodathletics.com/sports/womens-soccer/roster/2025,28,todo,
Hope,mens-soccer,NCAA D3,MIAA-D3,https://athletics.hope.edu/sports/mens-soccer/roster/2024,year-swap (direct),https://athletics.hope.edu/sports/mens-soccer/roster/2025,32,todo,
Hope College,womens-soccer,NCAA D3,Michigan Intercollegiate Athletic Association,https://athletics.hope.edu/sports/womens-soccer/roster/2024,year-swap (direct),https://athletics.hope.edu/sports/womens-soccer/roster/2025,28,todo,
Houghton,mens-soccer,NCAA D3,Empire 8,https://athletics.houghton.edu/sports/mens-soccer/roster/2024,year-swap (direct),https://athletics.houghton.edu/sports/mens-soccer/roster/2025,28,todo,
Houghton University,womens-soccer,NCAA D3,Empire 8,https://athletics.houghton.edu/sports/womens-soccer/roster/2024,year-swap (direct),https://athletics.houghton.edu/sports/womens-soccer/roster/2025,27,todo,
Houston,womens-soccer,NCAA D1,Big 12,https://uhcougars.com/sports/womens-soccer/roster,wayback — query the CDX API for a late-2024 snapshot of this URL,https://web.archive.org/web/20251116025000/https://uhcougars.com/sports/womens-soccer/roster,27,todo,
Houston Christian,mens-soccer,NCAA D1,Southland,https://hcuhuskies.com/sports/mens-soccer/roster/2024,year-swap (direct),https://hcuhuskies.com/sports/mens-soccer/roster/2025,31,todo,
Houston Christian,womens-soccer,NCAA D1,Southland,https://hcuhuskies.com/sports/womens-soccer/roster,wayback — query the CDX API for a late-2024 snapshot of this URL,https://web.archive.org/web/20251105061718/https://hcuhuskies.com/sports/womens-soccer/roster,33,todo,
Howard,mens-soccer,NCAA D1,SWAC,https://hubison.com/sports/mens-soccer/roster/2024,year-swap (direct),https://hubison.com/sports/mens-soccer/roster/2025,28,todo,
Howard,womens-soccer,NCAA D1,NEC,https://hubison.com/sports/womens-soccer/roster,wayback — query the CDX API for a late-2024 snapshot of this URL,https://web.archive.org/web/20251229121443/https://hubison.com/sports/womens-soccer/roster,30,todo,
Howard Payne,mens-soccer,NCAA D3,ASC,https://hpusports.com/sports/mens-soccer/roster/2024,year-swap (direct),https://hpusports.com/sports/mens-soccer/roster/2025,30,todo,
Howard Payne University,womens-soccer,NCAA D3,American Southwest Conference,https://hpusports.com/sports/womens-soccer/roster/2024,year-swap (direct),https://hpusports.com/sports/womens-soccer/roster/2025,30,todo,
Huntingdon,mens-soccer,NCAA D3,SAA,https://www.huntingdonhawks.com/sports/msoc/2024-26/roster,year-swap (direct),https://www.huntingdonhawks.com/sports/msoc/2025-26/roster,31,todo,
Huntingdon College,womens-soccer,NCAA D3,Collegiate Conference of the South,https://www.huntingdonhawks.com/sports/wsoc/2024-26/roster,year-swap (direct),https://www.huntingdonhawks.com/sports/wsoc/2025-26/roster,29,todo,
Husson,mens-soccer,NCAA D3,NAC,https://hussoneagles.com/sports/mens-soccer/roster/2024,year-swap (direct),https://hussoneagles.com/sports/mens-soccer/roster/2025,34,todo,
Husson University,womens-soccer,NCAA D3,North Atlantic Conference,https://hussoneagles.com/sports/womens-soccer/roster/2024,year-swap (direct),https://hussoneagles.com/sports/womens-soccer/roster/2025,26,todo,
IU Indy,mens-soccer,NCAA D1,Horizon League,https://iuindyjags.com/sports/mens-soccer/roster/2024,year-swap (direct),https://iuindyjags.com/sports/mens-soccer/roster/2025,28,todo,
IU Indy,womens-soccer,NCAA D1,Horizon,https://iuindyjags.com/sports/womens-soccer/roster,wayback — query the CDX API for a late-2024 snapshot of this URL,https://web.archive.org/web/20251019050958/https://iuindyjags.com/sports/womens-soccer/roster,28,todo,
IUP,womens-soccer,NCAA D2,Pennsylvania State Athletic Conference,https://iupathletics.com/sports/womens-soccer/roster/2024,year-swap (direct),https://iupathletics.com/sports/womens-soccer/roster/2025,26,todo,
Idaho,womens-soccer,NCAA D1,Big Sky,https://govandals.com/sports/womens-soccer/roster,wayback — query the CDX API for a late-2024 snapshot of this URL,https://web.archive.org/web/20251116133729/https://govandals.com/sports/womens-soccer/roster,31,todo,
Idaho State,womens-soccer,NCAA D1,Big Sky,https://isubengals.com/sports/womens-soccer/roster,wayback — query the CDX API for a late-2024 snapshot of this URL,https://web.archive.org/web/20251011012151/https://isubengals.com/sports/womens-soccer/roster,27,todo,
Illinois,womens-soccer,NCAA D1,Big Ten,https://fightingillini.com/sports/womens-soccer/roster,wayback — query the CDX API for a late-2024 snapshot of this URL,https://web.archive.org/web/20251216060343/https://fightingillini.com/sports/womens-soccer/roster,29,todo,
Illinois College,mens-soccer,NCAA D3,MWC-D3,https://illinoiscollegeathletics.com/sports/mens-soccer/roster/2024,year-swap (direct),https://illinoiscollegeathletics.com/sports/mens-soccer/roster/2025,36,todo,
Illinois College,womens-soccer,NCAA D3,Midwest Conference,https://illinoiscollegeathletics.com/sports/womens-soccer/roster/2024,year-swap (direct),https://illinoiscollegeathletics.com/sports/womens-soccer/roster/2025,28,todo,
Illinois Institute of Technology,womens-soccer,NCAA D3,Northern Athletics Collegiate Conference,https://illinoistechathletics.com/sports/womens-soccer/roster/2024,year-swap (direct),https://illinoistechathletics.com/sports/womens-soccer/roster/2025,35,todo,
Illinois Springfield,mens-soccer,NCAA D2,GLVC,https://uisprairiestars.com/sports/mens-soccer/roster/2024,year-swap (direct),https://uisprairiestars.com/sports/mens-soccer/roster/2025,33,todo,
Illinois State,womens-soccer,NCAA D1,Missouri Valley,https://goredbirds.com/sports/womens-soccer/roster,wayback — query the CDX API for a late-2024 snapshot of this URL,https://web.archive.org/web/20251113042850/https://goredbirds.com/sports/womens-soccer/roster,32,todo,
Illinois Tech,mens-soccer,NCAA D3,NACC,https://illinoistechathletics.com/sports/mens-soccer/roster/2024,year-swap (direct),https://illinoistechathletics.com/sports/mens-soccer/roster/2025,37,todo,
Illinois Wesleyan,mens-soccer,NCAA D3,CCIW,https://www.iwusports.com/sports/mens-soccer/roster/2024,year-swap (direct),https://www.iwusports.com/sports/mens-soccer/roster/2025,37,todo,
Illinois Wesleyan University,womens-soccer,NCAA D3,College Conference of Illinois & Wisconsin,https://iwusports.com/sports/womens-soccer/roster/2024,year-swap (direct),https://iwusports.com/sports/womens-soccer/roster/2025,23,todo,
Immaculata,mens-soccer,NCAA D3,CSAC,https://gomightymacs.com/sports/mens-soccer/roster/2024,year-swap (direct),https://gomightymacs.com/sports/mens-soccer/roster/2025,36,todo,
Immaculata University,womens-soccer,NCAA D3,Atlantic East Conference,https://gomightymacs.com/sports/womens-soccer/roster/2024,year-swap (direct),https://gomightymacs.com/sports/womens-soccer/roster/2025,27,todo,
Incarnate Word,womens-soccer,NCAA D1,Southland,,no source URL recorded — discover from scratch,,21,todo,
Indiana,mens-soccer,NCAA D1,Big Ten,https://iuhoosiers.com/sports/mens-soccer/roster,wayback — query the CDX API for a late-2024 snapshot of this URL,https://web.archive.org/web/20251115155000/https://iuhoosiers.com/sports/mens-soccer/roster,29,todo,
Indiana,womens-soccer,NCAA D1,Big Ten,https://iuhoosiers.com/sports/womens-soccer/roster,wayback — query the CDX API for a late-2024 snapshot of this URL,https://web.archive.org/web/20251215124929/https://iuhoosiers.com/sports/womens-soccer/roster,28,todo,
Indiana State,womens-soccer,NCAA D1,Missouri Valley,https://gosycamores.com/sports/womens-soccer/roster,wayback — query the CDX API for a late-2024 snapshot of this URL,https://web.archive.org/web/20251019205030/https://gosycamores.com/sports/womens-soccer/roster,31,todo,
Indianapolis,mens-soccer,NCAA D2,GLVC,https://athletics.uindy.edu/sports/mens-soccer/roster/2024,year-swap (direct),https://athletics.uindy.edu/sports/mens-soccer/roster/2025,57,todo,
Indianapolis,womens-soccer,NCAA D2,Great Lakes Valley Conference,https://athletics.uindy.edu/sports/womens-soccer/roster/2024,year-swap (direct),https://athletics.uindy.edu/sports/womens-soccer/roster/2025,26,todo,
Iona,mens-soccer,NCAA D1,MAAC,https://icgaels.com/sports/mens-soccer/roster/2024,year-swap (direct),https://icgaels.com/sports/mens-soccer/roster/2025,31,todo,
Iona,womens-soccer,NCAA D1,Metro,https://ionagaels.com/sports/womens-soccer/roster,wayback — query the CDX API for a late-2024 snapshot of this URL,https://web.archive.org/web/20251115112749/https://ionagaels.com/sports/womens-soccer/roster,35,todo,
Iowa,womens-soccer,NCAA D1,Big Ten,https://hawkeyesports.com/sports/wsoc/roster,no year in URL — check the site for a 2024 season selector,https://hawkeyesports.com/sports/wsoc/roster,28,todo,
Iowa State,womens-soccer,NCAA D1,Big 12,https://cyclones.com/sports/womens-soccer/roster,wayback — query the CDX API for a late-2024 snapshot of this URL,https://web.archive.org/web/20251130033609/https://cyclones.com/sports/womens-soccer/roster,24,todo,
Ithaca,mens-soccer,NCAA D3,Liberty League,https://athletics.ithaca.edu/sports/mens-soccer/roster/2024,year-swap (direct),https://athletics.ithaca.edu/sports/mens-soccer/roster/2025,36,todo,
Ithaca College,womens-soccer,NCAA D3,Liberty League,https://athletics.ithaca.edu/sports/womens-soccer/roster/2024,year-swap (direct),https://athletics.ithaca.edu/sports/womens-soccer/roster/2025,32,todo,
Jackson State,womens-soccer,NCAA D1,SWAC,https://gojsutigers.com/sports/womens-soccer/roster,no year in URL — check the site for a 2024 season selector,https://gojsutigers.com/sports/womens-soccer/roster,29,todo,
Jacksonville,mens-soccer,NCAA D1,ASUN,https://judolphins.com/sports/mens-soccer/roster/2024,year-swap (direct),https://judolphins.com/sports/mens-soccer/roster/2025,27,todo,
Jacksonville,womens-soccer,NCAA D1,ASUN,https://judolphins.com/sports/womens-soccer/roster,wayback — query the CDX API for a late-2024 snapshot of this URL,https://web.archive.org/web/20260217183342/https://judolphins.com/sports/womens-soccer/roster,26,todo,
Jacksonville State,womens-soccer,NCAA D1,CUSA,https://jaxstatesports.com/sports/womens-soccer/roster,no year in URL — check the site for a 2024 season selector,https://jaxstatesports.com/sports/womens-soccer/roster,25,todo,
James Madison,mens-soccer,NCAA D1,Sun Belt,https://jmusports.com/sports/mens-soccer/roster/2024,year-swap (direct),https://jmusports.com/sports/mens-soccer/roster/2025,27,todo,
James Madison,womens-soccer,NCAA D1,Sun Belt,https://jmusports.com/sports/womens-soccer/roster,wayback — query the CDX API for a late-2024 snapshot of this URL,https://web.archive.org/web/20251210214710/https://jmusports.com/sports/womens-soccer/roster,26,todo,
Jamestown,mens-soccer,NCAA D2,NSIC,https://jimmiepride.com/sports/mens-soccer/roster/2024,year-swap (direct),https://jimmiepride.com/sports/mens-soccer/roster/2025,36,todo,
Jamestown,womens-soccer,NCAA D2,Northern Sun Intercollegiate Conference,https://jimmiepride.com/sports/womens-soccer/roster/2024,year-swap (direct),https://jimmiepride.com/sports/womens-soccer/roster/2025,32,todo,
Jefferson,womens-soccer,NCAA D2,Central Atlantic Collegiate Conference,https://jeffersonrams.com/sports/womens-soccer/roster/2024,year-swap (direct),https://jeffersonrams.com/sports/womens-soccer/roster/2025,36,todo,
Jessup,mens-soccer,NCAA D2,PacWest,https://jessupathletics.com/sports/mens-soccer/roster/2024,year-swap (direct),https://jessupathletics.com/sports/mens-soccer/roster/2025,32,todo,
Jessup,womens-soccer,NCAA D2,Pacific West Conference,https://jessupathletics.com/sports/womens-soccer/roster/2024,year-swap (direct),https://jessupathletics.com/sports/womens-soccer/roster/2025,30,todo,
John Carroll,mens-soccer,NCAA D3,OAC,https://jcusports.com/sports/mens-soccer/roster/2024,year-swap (direct),https://jcusports.com/sports/mens-soccer/roster/2025,47,todo,
John Carroll University,womens-soccer,NCAA D3,North Coast Athletic Conference,https://jcusports.com/sports/womens-soccer/roster/2024,year-swap (direct),https://jcusports.com/sports/womens-soccer/roster/2025,40,todo,
Johns Hopkins,mens-soccer,NCAA D3,Centennial,https://hopkinssports.com/sports/mens-soccer/roster/2024,year-swap (direct),https://hopkinssports.com/sports/mens-soccer/roster/2025,29,todo,
Johns Hopkins University,womens-soccer,NCAA D3,Centennial Conference,https://hopkinssports.com/sports/womens-soccer/roster/2024,year-swap (direct),https://hopkinssports.com/sports/womens-soccer/roster/2025,34,todo,
Johnson & Wales (Charlotte),mens-soccer,NCAA D3,SAA,https://charlotte.jwuathletics.com/sports/mens-soccer/roster/2024,year-swap (direct),https://charlotte.jwuathletics.com/sports/mens-soccer/roster/2025,30,todo,
Johnson & Wales (Providence),mens-soccer,NCAA D3,CCC,https://providence.jwuathletics.com/sports/mens-soccer/roster/2024,year-swap (direct),https://providence.jwuathletics.com/sports/mens-soccer/roster/2025,29,todo,
Johnson & Wales University-Charlotte,womens-soccer,NCAA D3,Coast-to-Coast Athletic Conference,https://charlotte.jwuathletics.com/sports/womens-soccer/roster/2024,year-swap (direct),https://charlotte.jwuathletics.com/sports/womens-soccer/roster/2025,22,todo,
Johnson & Wales University-Providence,womens-soccer,NCAA D3,Conference of New England,https://providence.jwuathletics.com/sports/womens-soccer/roster/2024,year-swap (direct),https://providence.jwuathletics.com/sports/womens-soccer/roster/2025,30,todo,
Juniata,mens-soccer,NCAA D3,Landmark,https://www.juniatasports.net/sports/msoc/2024-26/roster,year-swap (direct),https://www.juniatasports.net/sports/msoc/2025-26/roster,27,todo,
Juniata College,womens-soccer,NCAA D3,Landmark Conference,https://www.juniatasports.net/sports/wsoc/2024-26/roster,year-swap (direct),https://www.juniatasports.net/sports/wsoc/2025-26/roster,32,todo,
Kalamazoo,mens-soccer,NCAA D3,MIAA-D3,https://hornets.kzoo.edu/sports/mens-soccer/roster/2024,year-swap (direct),https://hornets.kzoo.edu/sports/mens-soccer/roster/2025,33,todo,
Kalamazoo College,womens-soccer,NCAA D3,Michigan Intercollegiate Athletic Association,https://hornets.kzoo.edu/sports/womens-soccer/roster/2024,year-swap (direct),https://hornets.kzoo.edu/sports/womens-soccer/roster/2025,28,todo,
Kansas,womens-soccer,NCAA D1,Big 12,https://kuathletics.com/sports/womens-soccer/roster/,wayback — query the CDX API for a late-2024 snapshot of this URL,https://web.archive.org/web/20251007173149/https://kuathletics.com/sports/womens-soccer/roster/,28,todo,
Kansas City,mens-soccer,NCAA D1,WAC,https://kcroos.com/sports/mens-soccer/roster/2024,year-swap (direct),https://kcroos.com/sports/mens-soccer/roster/2025,30,todo,
Kansas City,womens-soccer,NCAA D1,Summit,https://kcroos.com/sports/womens-soccer/roster,wayback — query the CDX API for a late-2024 snapshot of this URL,https://web.archive.org/web/20250929165654/https://kcroos.com/sports/womens-soccer/roster,22,todo,
Kansas State,womens-soccer,NCAA D1,Big 12,,no source URL recorded — discover from scratch,,29,todo,
Kean,mens-soccer,NCAA D3,NJAC,https://keanathletics.com/sports/mens-soccer/roster/2024,year-swap (direct),https://keanathletics.com/sports/mens-soccer/roster/2025,34,todo,
Kean University,womens-soccer,NCAA D3,New Jersey Athletic Conference,https://keanathletics.com/sports/womens-soccer/roster/2024,year-swap (direct),https://keanathletics.com/sports/womens-soccer/roster/2025,27,todo,
Keene State,mens-soccer,NCAA D3,LEC,https://keeneowls.com/sports/mens-soccer/roster/2024,year-swap (direct),https://keeneowls.com/sports/mens-soccer/roster/2025,35,todo,
Kennesaw State,womens-soccer,NCAA D1,CUSA,https://ksuowls.com/sports/womens-soccer/roster,wayback — query the CDX API for a late-2024 snapshot of this URL,https://web.archive.org/web/20251027055143/https://ksuowls.com/sports/womens-soccer/roster,25,todo,
Kent State,womens-soccer,NCAA D1,MAC,https://kentstatesports.com/sports/womens-soccer/roster/,wayback — query the CDX API for a late-2024 snapshot of this URL,https://web.archive.org/web/20251010132146/https://kentstatesports.com/sports/womens-soccer/roster/,27,todo,
Kentucky,mens-soccer,NCAA D1,SEC,https://ukathletics.com/sports/msoc/roster/season/2024,year-swap (direct),https://ukathletics.com/sports/msoc/roster/season/2025,26,todo,
Kentucky,womens-soccer,NCAA D1,SEC,https://ukathletics.com/sports/wsoc/roster/season/2024,year-swap (direct),https://ukathletics.com/sports/wsoc/roster/season/2025,29,todo,
Kentucky Wesleyan,mens-soccer,NCAA D2,GLVC,https://kwcpanthers.com/sports/mens-soccer/roster/2024,year-swap (direct),https://kwcpanthers.com/sports/mens-soccer/roster/2025,43,todo,
Kentucky Wesleyan,womens-soccer,NCAA D2,Great Midwest Athletic Conference,https://kwcpanthers.com/sports/womens-soccer/roster/2024,year-swap (direct),https://kwcpanthers.com/sports/womens-soccer/roster/2025,30,todo,
Kenyon,mens-soccer,NCAA D3,NCAC,https://athletics.kenyon.edu/sports/mens-soccer/roster/2024,year-swap (direct),https://athletics.kenyon.edu/sports/mens-soccer/roster/2025,31,todo,
Kenyon College,womens-soccer,NCAA D3,North Coast Athletic Conference,https://athletics.kenyon.edu/sports/womens-soccer/roster/2024,year-swap (direct),https://athletics.kenyon.edu/sports/womens-soccer/roster/2025,32,todo,
Keuka,mens-soccer,NCAA D3,NEAC,https://keukaathletics.com/sports/mens-soccer/roster/2024,year-swap (direct),https://keukaathletics.com/sports/mens-soccer/roster/2025,26,todo,
Keuka College,womens-soccer,NCAA D3,Empire 8,https://keukaathletics.com/sports/womens-soccer/roster/2024,year-swap (direct),https://keukaathletics.com/sports/womens-soccer/roster/2025,22,todo,
Keystone,mens-soccer,NCAA D3,NEAC,https://www.gokcgiants.com/sports/mens-soccer/roster/2024,year-swap (direct),https://www.gokcgiants.com/sports/mens-soccer/roster/2025,16,todo,
Keystone College,womens-soccer,NCAA D3,United East Conference,https://gokcgiants.com/sports/womens-soccer/roster/2024,year-swap (direct),https://gokcgiants.com/sports/womens-soccer/roster/2025,17,todo,
King (TN),mens-soccer,NCAA D2,SAC,https://kingtornado.com/sports/mens-soccer/roster/2024,year-swap (direct),https://kingtornado.com/sports/mens-soccer/roster/2025,40,todo,
King (TN),womens-soccer,NCAA D2,Conference Carolinas,https://kingtornado.com/sports/womens-soccer/roster/2024,year-swap (direct),https://kingtornado.com/sports/womens-soccer/roster/2025,25,todo,
King's (PA),mens-soccer,NCAA D3,MAC Freedom,https://kingscollegeathletics.com/sports/mens-soccer/roster/2024,year-swap (direct),https://kingscollegeathletics.com/sports/mens-soccer/roster/2025,37,todo,
King's College,womens-soccer,NCAA D3,Middle Atlantic Conference (Freedom),https://kingscollegeathletics.com/sports/womens-soccer/roster/2024,year-swap (direct),https://kingscollegeathletics.com/sports/womens-soccer/roster/2025,30,todo,
Knox,mens-soccer,NCAA D3,MWC-D3,https://prairiefire.knox.edu/sports/mens-soccer/roster/2024,year-swap (direct),https://prairiefire.knox.edu/sports/mens-soccer/roster/2025,39,todo,
Knox College,womens-soccer,NCAA D3,Midwest Conference,https://prairiefire.knox.edu/sports/womens-soccer/roster/2024,year-swap (direct),https://prairiefire.knox.edu/sports/womens-soccer/roster/2025,24,todo,
Kutztown,womens-soccer,NCAA D2,Pennsylvania State Athletic Conference,https://kubears.com/sports/womens-soccer/roster/2024,year-swap (direct),https://kubears.com/sports/womens-soccer/roster/2025,29,todo,
LIU,mens-soccer,NCAA D1,NEC,https://www.liuathletics.com/sports/mens-soccer/roster,wayback — query the CDX API for a late-2024 snapshot of this URL,https://web.archive.org/web/20250822100327/https://www.liuathletics.com/sports/mens-soccer/roster,25,todo,
LIU,womens-soccer,NCAA D1,NEC,https://www.liuathletics.com/sports/womens-soccer/roster,no year in URL — check the site for a 2024 season selector,https://www.liuathletics.com/sports/womens-soccer/roster,23,todo,
LSU,womens-soccer,NCAA D1,SEC,https://lsusports.net/sports/womens-soccer/roster,no year in URL — check the site for a 2024 season selector,https://lsusports.net/sports/womens-soccer/roster,13,todo,
La Roche,mens-soccer,NCAA D3,AMCC,https://www.larochesports.com/sports/msoc/2024-26/roster,year-swap (direct),https://www.larochesports.com/sports/msoc/2025-26/roster,30,todo,
La Roche University,womens-soccer,NCAA D3,Allegheny Mountain Collegiate Conference,https://www.larochesports.com/sports/wsoc/2024-26/roster,year-swap (direct),https://www.larochesports.com/sports/wsoc/2025-26/roster,19,todo,
La Salle,mens-soccer,NCAA D1,Atlantic 10,https://goexplorers.com/sports/mens-soccer/roster/2024,year-swap (direct),https://goexplorers.com/sports/mens-soccer/roster/2025,37,todo,
La Salle,womens-soccer,NCAA D1,Atlantic 10,https://goexplorers.com/sports/womens-soccer/roster/justyce-hollenbach/13134,wayback — query the CDX API for a late-2024 snapshot of this URL,https://web.archive.org/web/20251007011006/https://goexplorers.com/sports/womens-soccer/roster/justyce-hollenbach/13134,25,todo,
LaGrange,mens-soccer,NCAA D3,SAA,https://lagrangepanthers.com/sports/mens-soccer/roster/2024,year-swap (direct),https://lagrangepanthers.com/sports/mens-soccer/roster/2025,28,todo,
LaGrange College,womens-soccer,NCAA D3,Collegiate Conference of the South,https://lagrangepanthers.com/sports/womens-soccer/roster/2024,year-swap (direct),https://lagrangepanthers.com/sports/womens-soccer/roster/2025,25,todo,
Lafayette,mens-soccer,NCAA D1,Patriot League,https://goleopards.com/sports/mens-soccer/roster/2024,year-swap (direct),https://goleopards.com/sports/mens-soccer/roster/2025,32,todo,
Lafayette,womens-soccer,NCAA D1,Patriot,https://goleopards.com/sports/womens-soccer/roster,wayback — query the CDX API for a late-2024 snapshot of this URL,https://web.archive.org/web/20251003013945/https://goleopards.com/sports/womens-soccer/roster,27,todo,
Lake Erie,mens-soccer,NCAA D2,GLIAC,https://lakeeriestorm.com/sports/mens-soccer/roster/2024,year-swap (direct),https://lakeeriestorm.com/sports/mens-soccer/roster/2025,62,todo,
Lake Erie,womens-soccer,NCAA D2,Great Midwest Athletic Conference,https://lakeeriestorm.com/sports/womens-soccer/roster/2024,year-swap (direct),https://lakeeriestorm.com/sports/womens-soccer/roster/2025,34,todo,
Lake Forest,mens-soccer,NCAA D3,MWC-D3,https://goforesters.com/sports/mens-soccer/roster/2024,year-swap (direct),https://goforesters.com/sports/mens-soccer/roster/2025,34,todo,
Lake Forest College,womens-soccer,NCAA D3,Midwest Conference,https://goforesters.com/sports/womens-soccer/roster/2024,year-swap (direct),https://goforesters.com/sports/womens-soccer/roster/2025,26,todo,
Lakeland,mens-soccer,NCAA D3,NACC,https://lakelandmuskies.com/sports/mens-soccer/roster/2024,year-swap (direct),https://lakelandmuskies.com/sports/mens-soccer/roster/2025,43,todo,
Lakeland University,womens-soccer,NCAA D3,Northern Athletics Collegiate Conference,https://lakelandmuskies.com/sports/womens-soccer/roster/2024,year-swap (direct),https://lakelandmuskies.com/sports/womens-soccer/roster/2025,23,todo,
Lamar,womens-soccer,NCAA D1,Southland,https://lamarcardinals.com/sports/womens-soccer/roster,wayback — query the CDX API for a late-2024 snapshot of this URL,https://web.archive.org/web/20251123105810/https://lamarcardinals.com/sports/womens-soccer/roster,29,todo,
Lancaster Bible,mens-soccer,NCAA D3,CSAC,https://lbcchargers.com/sports/mens-soccer/roster/2024,year-swap (direct),https://lbcchargers.com/sports/mens-soccer/roster/2025,31,todo,
Lancaster Bible College,womens-soccer,NCAA D3,United East Conference,https://lbcchargers.com/sports/womens-soccer/roster,wayback — query the CDX API for a late-2024 snapshot of this URL,https://web.archive.org/web/20250825033530/https://lbcchargers.com/sports/womens-soccer/roster,25,todo,
Lander,mens-soccer,NCAA D2,Peach Belt,https://landerbearcats.com/sports/mens-soccer/roster/2024,year-swap (direct),https://landerbearcats.com/sports/mens-soccer/roster/2025,29,todo,
Lander,womens-soccer,NCAA D2,Peach Belt Conference,https://landerbearcats.com/sports/womens-soccer/roster/2024,year-swap (direct),https://landerbearcats.com/sports/womens-soccer/roster/2025,36,todo,
Lawrence,mens-soccer,NCAA D3,MWC-D3,https://vikings.lawrence.edu/sports/mens-soccer/roster/2024,year-swap (direct),https://vikings.lawrence.edu/sports/mens-soccer/roster/2025,37,todo,
Lawrence University,womens-soccer,NCAA D3,Midwest Conference,https://vikings.lawrence.edu/sports/womens-soccer/roster/2024,year-swap (direct),https://vikings.lawrence.edu/sports/womens-soccer/roster/2025,30,todo,
Le Moyne,mens-soccer,NCAA D1,NEC,https://lemoynedolphins.com/sports/mens-soccer/roster/2024,year-swap (direct),https://lemoynedolphins.com/sports/mens-soccer/roster/2025,31,todo,
Le Moyne,womens-soccer,NCAA D1,NEC,,no source URL recorded — discover from scratch,,28,todo,
LeTourneau,mens-soccer,NCAA D3,ASC,https://letuathletics.com/sports/mens-soccer/roster/2024,year-swap (direct),https://letuathletics.com/sports/mens-soccer/roster/2025,34,todo,
LeTourneau University,womens-soccer,NCAA D3,Southern Collegiate Athletic Conference,https://letuathletics.com/sports/womens-soccer/roster/2024,year-swap (direct),https://letuathletics.com/sports/womens-soccer/roster/2025,26,todo,
Lebanon Valley,mens-soccer,NCAA D3,MAC Commonwealth,https://godutchmen.com/sports/mens-soccer/roster/2024,year-swap (direct),https://godutchmen.com/sports/mens-soccer/roster/2025,31,todo,
Lebanon Valley College,womens-soccer,NCAA D3,Middle Atlantic Conference (Freedom),https://godutchmen.com/sports/womens-soccer/roster/2024,year-swap (direct),https://godutchmen.com/sports/womens-soccer/roster/2025,31,todo,
Lee (TN),mens-soccer,NCAA D2,SAC,https://leeuflames.com/sports/mens-soccer/roster/2024,year-swap (direct),https://leeuflames.com/sports/mens-soccer/roster/2025,30,todo,
Lee (TN),womens-soccer,NCAA D2,Gulf South Conference,https://leeuflames.com/sports/womens-soccer/roster/2024,year-swap (direct),https://leeuflames.com/sports/womens-soccer/roster/2025,29,todo,
Lees-McRae,mens-soccer,NCAA D2,SAC,https://lmcbobcats.com/sports/mens-soccer/roster/2024,year-swap (direct),https://lmcbobcats.com/sports/mens-soccer/roster/2025,35,todo,
Lees-McRae,womens-soccer,NCAA D2,Conference Carolinas,https://lmcbobcats.com/sports/womens-soccer/roster/2024,year-swap (direct),https://lmcbobcats.com/sports/womens-soccer/roster/2025,34,todo,
Lehigh,mens-soccer,NCAA D1,Patriot League,https://lehighsports.com/sports/mens-soccer/roster/2024,year-swap (direct),https://lehighsports.com/sports/mens-soccer/roster/2025,28,todo,
Lehigh,womens-soccer,NCAA D1,Patriot,https://lehighsports.com/sports/womens-soccer/roster,wayback — query the CDX API for a late-2024 snapshot of this URL,https://web.archive.org/web/20251208161000/https://lehighsports.com/sports/womens-soccer/roster,26,todo,
Lenoir-Rhyne,mens-soccer,NCAA D2,SAC,https://lrbears.com/sports/mens-soccer/roster/2024,year-swap (direct),https://lrbears.com/sports/mens-soccer/roster/2025,40,todo,
Lenoir-Rhyne,womens-soccer,NCAA D2,South Atlantic Conference,https://lrbears.com/sports/womens-soccer/roster/2024,year-swap (direct),https://lrbears.com/sports/womens-soccer/roster/2025,40,todo,
Lesley,mens-soccer,NCAA D3,NECC,https://www.lesleyathletics.com/sports/msoc/2024-26/roster,wayback — query the CDX API for a late-2024 snapshot of this URL,https://web.archive.org/web/20251225075427/https://www.lesleyathletics.com/sports/msoc/2025-26/roster,25,todo,
Lesley University,womens-soccer,NCAA D3,North Atlantic Conference,https://www.lesleyathletics.com/sports/wsoc/2024-26/roster,wayback — query the CDX API for a late-2024 snapshot of this URL,https://web.archive.org/web/20251225075438/https://www.lesleyathletics.com/sports/wsoc/2025-26/roster,26,todo,
Lewis,mens-soccer,NCAA D2,GLVC,https://lewisflyers.com/sports/mens-soccer/roster/2024,year-swap (direct),https://lewisflyers.com/sports/mens-soccer/roster/2025,34,todo,
Lewis,womens-soccer,NCAA D2,Great Lakes Valley Conference,https://lewisflyers.com/sports/womens-soccer/roster/2024,year-swap (direct),https://lewisflyers.com/sports/womens-soccer/roster/2025,30,todo,
Lewis & Clark,mens-soccer,NCAA D3,NWC,https://golcathletics.com/sports/mens-soccer/roster/2024,year-swap (direct),https://golcathletics.com/sports/mens-soccer/roster/2025,32,todo,
Lewis & Clark College,womens-soccer,NCAA D3,Northwest Conference,https://golcathletics.com/sports/womens-soccer/roster/2024,year-swap (direct),https://golcathletics.com/sports/womens-soccer/roster/2025,29,todo,
Liberty,mens-soccer,NCAA D1,ASUN,https://libertyflames.com/sports/mens-soccer/roster/2024,year-swap (direct),https://libertyflames.com/sports/mens-soccer/roster/2025,22,todo,
Liberty,womens-soccer,NCAA D1,CUSA,,no source URL recorded — discover from scratch,,27,todo,
Lincoln (MO),mens-soccer,NCAA D2,MIAA,https://lubluetigers.com/sports/mens-soccer/roster/2024,year-swap (direct),https://lubluetigers.com/sports/mens-soccer/roster/2025,58,todo,
Lincoln (MO),womens-soccer,NCAA D2,Great Lakes Valley Conference,https://lubluetigers.com/sports/womens-soccer/roster/2024,year-swap (direct),https://lubluetigers.com/sports/womens-soccer/roster/2025,26,todo,
Lincoln (PA),womens-soccer,NCAA D2,Central Atlantic Collegiate Conference,https://lulions.com/sports/womens-soccer/roster/2024,year-swap (direct),https://lulions.com/sports/womens-soccer/roster/2025,16,todo,
Lincoln Memorial,mens-soccer,NCAA D2,SAC,https://lmurailsplitters.com/sports/mens-soccer/roster/2024,year-swap (direct),https://lmurailsplitters.com/sports/mens-soccer/roster/2025,54,todo,
Lincoln Memorial,womens-soccer,NCAA D2,South Atlantic Conference,https://lmurailsplitters.com/sports/womens-soccer/roster/2024,year-swap (direct),https://lmurailsplitters.com/sports/womens-soccer/roster/2025,29,todo,
Lindenwood,mens-soccer,NCAA D1,OVC,https://lindenwoodlions.com/sports/mens-soccer/roster/2024,year-swap (direct),https://lindenwoodlions.com/sports/mens-soccer/roster/2025,30,todo,
Lindenwood,womens-soccer,NCAA D1,Ohio Valley,https://lindenwoodlions.com/sports/womens-soccer/roster,wayback — query the CDX API for a late-2024 snapshot of this URL,https://web.archive.org/web/20251206144320/https://lindenwoodlions.com/sports/womens-soccer/roster,26,todo,
Linfield,mens-soccer,NCAA D3,NWC,https://golinfieldwildcats.com/sports/mens-soccer/roster/2024,year-swap (direct),https://golinfieldwildcats.com/sports/mens-soccer/roster/2025,42,todo,
Linfield University,womens-soccer,NCAA D3,Northwest Conference,https://golinfieldwildcats.com/sports/womens-soccer/roster/2024,year-swap (direct),https://golinfieldwildcats.com/sports/womens-soccer/roster/2025,42,todo,
Lipscomb,mens-soccer,NCAA D1,ASUN,https://lipscombsports.com/sports/mens-soccer/roster/2024,year-swap (direct),https://lipscombsports.com/sports/mens-soccer/roster/2025,26,todo,
Lipscomb,womens-soccer,NCAA D1,ASUN,,no source URL recorded — discover from scratch,,29,todo,
Little Rock,womens-soccer,NCAA D1,UAC,https://lrtrojans.com/sports/womens-soccer/roster/season/2024,year-swap (direct),https://lrtrojans.com/sports/womens-soccer/roster/season/2025,25,todo,
Long Beach State,womens-soccer,NCAA D1,Big West,https://longbeachstate.com/sports/womens-soccer/roster,wayback — query the CDX API for a late-2024 snapshot of this URL,https://web.archive.org/web/20251124015025/https://longbeachstate.com/sports/womens-soccer/roster,28,todo,
Longwood,mens-soccer,NCAA D1,Big South,https://longwoodlancers.com/sports/mens-soccer/roster/2024,year-swap (direct),https://longwoodlancers.com/sports/mens-soccer/roster/2025,30,todo,
Longwood,womens-soccer,NCAA D1,Big South,https://longwoodlancers.com/sports/womens-soccer/roster,wayback — query the CDX API for a late-2024 snapshot of this URL,https://web.archive.org/web/20251130072709/https://longwoodlancers.com/sports/womens-soccer/roster,29,todo,
Loras,mens-soccer,NCAA D3,Iowa Conference,https://duhawks.com/sports/mens-soccer/roster/2024,year-swap (direct),https://duhawks.com/sports/mens-soccer/roster/2025,45,todo,
Loras College,womens-soccer,NCAA D3,American Rivers Conference,https://duhawks.com/sports/womens-soccer/roster/2024,year-swap (direct),https://duhawks.com/sports/womens-soccer/roster/2025,44,todo,
Louisiana,womens-soccer,NCAA D1,Sun Belt,https://ragincajuns.com/sports/womens-soccer/roster,wayback — query the CDX API for a late-2024 snapshot of this URL,https://web.archive.org/web/20251126091006/https://ragincajuns.com/sports/womens-soccer/roster,29,todo,
Louisiana Tech,womens-soccer,NCAA D1,Sun Belt,https://latechsports.com/sports/womens-soccer/roster/2024,year-swap (direct),https://latechsports.com/sports/womens-soccer/roster/2025,24,todo,
Louisiana-Monroe,womens-soccer,NCAA D1,Sun Belt,https://ulmwarhawks.com/sports/womens-soccer/roster,wayback — query the CDX API for a late-2024 snapshot of this URL,https://web.archive.org/web/20251104123638/https://ulmwarhawks.com/sports/womens-soccer/roster,25,todo,
Louisville,mens-soccer,NCAA D1,ACC,https://gocards.com/sports/mens-soccer/roster/2024,year-swap (direct),https://gocards.com/sports/mens-soccer/roster/2025,28,todo,
Louisville,womens-soccer,NCAA D1,ACC,https://gocards.com/sports/womens-soccer/roster,wayback — query the CDX API for a late-2024 snapshot of this URL,https://web.archive.org/web/20251112232230/https://gocards.com/sports/womens-soccer/roster,25,todo,
Loyola (MD),womens-soccer,NCAA D1,Patriot,https://loyolagreyhounds.com/sports/womens-soccer/roster,wayback — query the CDX API for a late-2024 snapshot of this URL,https://web.archive.org/web/20251025065855/https://loyolagreyhounds.com/sports/womens-soccer/roster,31,todo,
Loyola Chicago,mens-soccer,NCAA D1,Atlantic 10,https://loyolaramblers.com/sports/mens-soccer/roster/2024,year-swap (direct),https://loyolaramblers.com/sports/mens-soccer/roster/2025,28,todo,
Loyola Chicago,womens-soccer,NCAA D1,Atlantic 10,https://loyolaramblers.com/sports/womens-soccer/roster,wayback — query the CDX API for a late-2024 snapshot of this URL,https://web.archive.org/web/20251113073047/https://loyolaramblers.com/sports/womens-soccer/roster,28,todo,
Loyola Maryland,mens-soccer,NCAA D1,Patriot League,https://loyolagreyhounds.com/sports/mens-soccer/roster/2024,year-swap (direct),https://loyolagreyhounds.com/sports/mens-soccer/roster/2025,35,todo,
Loyola Marymount,mens-soccer,NCAA D1,WCC,https://lmulions.com/sports/mens-soccer/roster/2024,year-swap (direct),https://lmulions.com/sports/mens-soccer/roster/2025,25,todo,
Loyola Marymount,womens-soccer,NCAA D1,West Coast,https://lmulions.com/sports/womens-soccer/roster,wayback — query the CDX API for a late-2024 snapshot of this URL,https://web.archive.org/web/20251123031235/https://lmulions.com/sports/womens-soccer/roster,30,todo,
Lubbock Christian,mens-soccer,NCAA D2,Lone Star,https://lcuchaps.com/sports/mens-soccer/roster/2024,year-swap (direct),https://lcuchaps.com/sports/mens-soccer/roster/2025,37,todo,
Lubbock Christian,womens-soccer,NCAA D2,Lone Star Conference,https://lcuchaps.com/sports/womens-soccer/roster/2024,year-swap (direct),https://lcuchaps.com/sports/womens-soccer/roster/2025,32,todo,
Luther,mens-soccer,NCAA D3,Iowa Conference,https://luthernorse.com/sports/mens-soccer/roster/2024,year-swap (direct),https://luthernorse.com/sports/mens-soccer/roster/2025,43,todo,
Luther College,womens-soccer,NCAA D3,American Rivers Conference,https://luthernorse.com/sports/womens-soccer/roster/2024,year-swap (direct),https://luthernorse.com/sports/womens-soccer/roster/2025,30,todo,
Lycoming,mens-soccer,NCAA D3,MAC Freedom,https://lycomingathletics.com/sports/mens-soccer/roster/2024,wayback — query the CDX API for a late-2024 snapshot of this URL,https://web.archive.org/web/20251217114956/https://lycomingathletics.com/sports/mens-soccer/roster/2025,31,todo,
Lycoming College,womens-soccer,NCAA D3,Landmark Conference,https://lycomingathletics.com/sports/womens-soccer/roster/2024,year-swap (direct),https://lycomingathletics.com/sports/womens-soccer/roster/2025,33,todo,
Lynn,mens-soccer,NCAA D2,Sunshine State,https://lynnfightingknights.com/sports/mens-soccer/roster/2024,year-swap (direct),https://lynnfightingknights.com/sports/mens-soccer/roster/2025,30,todo,
Lynn,womens-soccer,NCAA D2,Sunshine State Conference,https://lynnfightingknights.com/sports/womens-soccer/roster/2024,year-swap (direct),https://lynnfightingknights.com/sports/womens-soccer/roster/2025,29,todo,
Lyon College,mens-soccer,NCAA D3,ASC,https://lyonscots.com/sports/mens-soccer/roster/2024,year-swap (direct),https://lyonscots.com/sports/mens-soccer/roster/2025,50,todo,
Lyon College,womens-soccer,NCAA D3,St. Louis Intercollegiate Athletic Conference,https://lyonscots.com/sports/womens-soccer/roster/2024,year-swap (direct),https://lyonscots.com/sports/womens-soccer/roster/2025,28,todo,
MIT,mens-soccer,NCAA D3,NEWMAC,https://mitathletics.com/sports/mens-soccer/roster/2024,year-swap (direct),https://mitathletics.com/sports/mens-soccer/roster/2025,35,todo,
Macalester,mens-soccer,NCAA D3,MIAC,https://athletics.macalester.edu/sports/mens-soccer/roster/2024,year-swap (direct),https://athletics.macalester.edu/sports/mens-soccer/roster/2025,27,todo,
Macalester College,womens-soccer,NCAA D3,Minnesota Intercollegiate Athletic Conference,https://athletics.macalester.edu/sports/womens-soccer/roster/2024,year-swap (direct),https://athletics.macalester.edu/sports/womens-soccer/roster/2025,34,todo,
Maine,womens-soccer,NCAA D1,America East,https://goblackbears.com/sports/womens-soccer/roster/julie-lossius/12282,wayback — query the CDX API for a late-2024 snapshot of this URL,https://web.archive.org/web/20251103171346/https://goblackbears.com/sports/womens-soccer/roster/julie-lossius/12282,25,todo,
Maine Maritime,mens-soccer,NCAA D3,NIAC,https://marinersports.org/sports/mens-soccer/roster/2024,year-swap (direct),https://marinersports.org/sports/mens-soccer/roster/2025,26,todo,
Maine Maritime Academy,womens-soccer,NCAA D3,North Atlantic Conference,https://marinersports.org/sports/womens-soccer/roster/2024,year-swap (direct),https://marinersports.org/sports/womens-soccer/roster/2025,21,todo,
Malone,mens-soccer,NCAA D2,GMAC,https://malonepioneers.com/sports/mens-soccer/roster/2024,year-swap (direct),https://malonepioneers.com/sports/mens-soccer/roster/2025,38,todo,
Malone,womens-soccer,NCAA D2,Great Midwest Athletic Conference,https://malonepioneers.com/sports/womens-soccer/roster/2024,year-swap (direct),https://malonepioneers.com/sports/womens-soccer/roster/2025,24,todo,
Manchester,mens-soccer,NCAA D3,HCAC,https://muspartans.com/sports/msoc/roster/2024,year-swap (direct),https://muspartans.com/sports/msoc/roster/2025,35,todo,
Manchester University,womens-soccer,NCAA D3,Heartland Collegiate Athletic Conference,https://muspartans.com/sports/womens-soccer/roster/2024,year-swap (direct),https://muspartans.com/sports/womens-soccer/roster/2025,21,todo,
Manhattan,mens-soccer,NCAA D1,MAAC,https://gojaspers.com/sports/mens-soccer/roster/2024,year-swap (direct),https://gojaspers.com/sports/mens-soccer/roster/2025,31,todo,
Manhattan,womens-soccer,NCAA D1,Metro,https://gojaspers.com/sports/womens-soccer/roster,wayback — query the CDX API for a late-2024 snapshot of this URL,https://web.archive.org/web/20250918035548/https://gojaspers.com/sports/womens-soccer/roster,32,todo,
Manhattanville,mens-soccer,NCAA D3,Skyline,https://govaliants.com/sports/mens-soccer/roster/2024,year-swap (direct),https://govaliants.com/sports/mens-soccer/roster/2025,42,todo,
Manhattanville University,womens-soccer,NCAA D3,Skyline Conference,https://govaliants.com/sports/womens-soccer/roster/2024,year-swap (direct),https://govaliants.com/sports/womens-soccer/roster/2025,28,todo,
Maranatha Baptist University,womens-soccer,NCAA D3,Independent,https://mbusabercats.com/sports/womens-soccer/roster/2024,year-swap (direct),https://mbusabercats.com/sports/womens-soccer/roster/2025,16,todo,
Marian (WI),mens-soccer,NCAA D3,NACC,https://sabreathletics.com/sports/mens-soccer/roster/2024,year-swap (direct),https://sabreathletics.com/sports/mens-soccer/roster/2025,29,todo,
Marian University (WI),womens-soccer,NCAA D3,Northern Athletics Collegiate Conference,https://sabreathletics.com/sports/womens-soccer/roster/2024,year-swap (direct),https://sabreathletics.com/sports/womens-soccer/roster/2025,33,todo,
Marietta,mens-soccer,NCAA D3,OAC,https://pioneers.marietta.edu/sports/mens-soccer/roster/2024,year-swap (direct),https://pioneers.marietta.edu/sports/mens-soccer/roster/2025,33,todo,
Marietta College,womens-soccer,NCAA D3,Ohio Athletic Conference,https://pioneers.marietta.edu/sports/womens-soccer/roster/2024,year-swap (direct),https://pioneers.marietta.edu/sports/womens-soccer/roster/2025,34,todo,
Marist,mens-soccer,NCAA D1,MAAC,https://goredfoxes.com/sports/mens-soccer/roster/2024,year-swap (direct),https://goredfoxes.com/sports/mens-soccer/roster/2025,26,todo,
Marist,womens-soccer,NCAA D1,Metro,https://goredfoxes.com/sports/womens-soccer/roster,no year in URL — check the site for a 2024 season selector,https://goredfoxes.com/sports/womens-soccer/roster,28,todo,
Marquette,mens-soccer,NCAA D1,Big East,https://gomarquette.com/sports/mens-soccer/roster/2024,year-swap (direct),https://gomarquette.com/sports/mens-soccer/roster/2025,29,todo,
Marquette,womens-soccer,NCAA D1,Big East,https://gomarquette.com/sports/womens-soccer/roster,wayback — query the CDX API for a late-2024 snapshot of this URL,https://web.archive.org/web/20251204191609/https://gomarquette.com/sports/womens-soccer/roster,29,todo,
Mars Hill,mens-soccer,NCAA D2,SAC,https://www.marshilllions.com/sports/msoc/2024-26/roster,year-swap (direct),https://www.marshilllions.com/sports/msoc/2025-26/roster,46,todo,
Mars Hill,womens-soccer,NCAA D2,South Atlantic Conference,https://www.marshilllions.com/sports/wsoc/2024-26/roster,year-swap (direct),https://www.marshilllions.com/sports/wsoc/2025-26/roster,21,todo,
Marshall,mens-soccer,NCAA D1,Sun Belt,https://herdzone.com/sports/mens-soccer/roster/2024,year-swap (direct),https://herdzone.com/sports/mens-soccer/roster/2025,28,todo,
Marshall,womens-soccer,NCAA D1,Sun Belt,https://herdzone.com/sports/womens-soccer/roster,wayback — query the CDX API for a late-2024 snapshot of this URL,https://web.archive.org/web/20251118214545/https://herdzone.com/sports/womens-soccer/roster,27,todo,
Martin Luther,mens-soccer,NCAA D3,UMAC,https://mlcknights.com/sports/mens-soccer/roster/2024,year-swap (direct),https://mlcknights.com/sports/mens-soccer/roster/2025,31,todo,
Martin Luther College,womens-soccer,NCAA D3,Upper Midwest Athletic Conference,https://mlcknights.com/sports/womens-soccer/roster/2024,year-swap (direct),https://mlcknights.com/sports/womens-soccer/roster/2025,25,todo,
Mary,womens-soccer,NCAA D2,Northern Sun Intercollegiate Conference,https://goumary.com/sports/womens-soccer/roster/2024,year-swap (direct),https://goumary.com/sports/womens-soccer/roster/2025,30,todo,
Mary Baldwin,mens-soccer,NCAA D3,ODAC,https://marybaldwinathletics.com/sports/mens-soccer/roster/2024,year-swap (direct),https://marybaldwinathletics.com/sports/mens-soccer/roster/2025,34,todo,
Mary Baldwin University,womens-soccer,NCAA D3,USA South Athletic Conference,https://marybaldwinathletics.com/sports/womens-soccer/roster/2024,year-swap (direct),https://marybaldwinathletics.com/sports/womens-soccer/roster/2025,26,todo,
Maryland,mens-soccer,NCAA D1,Big Ten,https://umterps.com/sports/mens-soccer/roster,wayback — query the CDX API for a late-2024 snapshot of this URL,https://web.archive.org/web/20251211091051/https://umterps.com/sports/mens-soccer/roster,30,todo,
Maryland,womens-soccer,NCAA D1,Big Ten,https://umterps.com/sports/womens-soccer/roster,wayback — query the CDX API for a late-2024 snapshot of this URL,https://web.archive.org/web/20251216042337/https://umterps.com/sports/womens-soccer/roster,24,todo,
Marymount (VA),mens-soccer,NCAA D3,CSAC,https://marymountsaints.com/sports/mens-soccer/roster/2024,year-swap (direct),https://marymountsaints.com/sports/mens-soccer/roster/2025,35,todo,
Marymount University,womens-soccer,NCAA D3,Atlantic East Conference,https://marymountsaints.com/sports/womens-soccer/roster/2024,year-swap (direct),https://marymountsaints.com/sports/womens-soccer/roster/2025,31,todo,
Maryville (MO),mens-soccer,NCAA D2,GLVC,https://maryvillesaints.com/sports/mens-soccer/roster/2024,year-swap (direct),https://maryvillesaints.com/sports/mens-soccer/roster/2025,35,todo,
Maryville (MO),womens-soccer,NCAA D2,Great Lakes Valley Conference,https://maryvillesaints.com/sports/womens-soccer/roster/2024,year-swap (direct),https://maryvillesaints.com/sports/womens-soccer/roster/2025,26,todo,
Maryville (TN),mens-soccer,NCAA D3,SAA,https://mcscots.com/sports/mens-soccer/roster/2024,year-swap (direct),https://mcscots.com/sports/mens-soccer/roster/2025,34,todo,
Maryville College,womens-soccer,NCAA D3,Collegiate Conference of the South,https://mcscots.com/sports/womens-soccer/roster/2024,year-swap (direct),https://mcscots.com/sports/womens-soccer/roster/2025,25,todo,
Marywood,mens-soccer,NCAA D3,MAC Freedom,https://marywoodpacers.com/sports/mens-soccer/roster/2024,year-swap (direct),https://marywoodpacers.com/sports/mens-soccer/roster/2025,33,todo,
Marywood University,womens-soccer,NCAA D3,Atlantic East Conference,https://marywoodpacers.com/sports/womens-soccer/roster/2024,year-swap (direct),https://marywoodpacers.com/sports/womens-soccer/roster/2025,31,todo,
Massachusetts College of Liberal Arts,mens-soccer,NCAA D3,MASCAC,https://athletics.mcla.edu/sports/msoc/2024-26/roster,wayback — query the CDX API for a late-2024 snapshot of this URL,https://web.archive.org/web/20251028022431/https://athletics.mcla.edu/sports/msoc/2025-26/roster,24,todo,
Massachusetts College of Liberal Arts,womens-soccer,NCAA D3,Massachusetts State Collegiate Athletic Conference,https://athletics.mcla.edu/sports/wsoc/2024-26/roster,wayback — query the CDX API for a late-2024 snapshot of this URL,https://web.archive.org/web/20251028012207/https://athletics.mcla.edu/sports/wsoc/2025-26/roster,19,todo,
Massachusetts Institute of Technology,womens-soccer,NCAA D3,New England Women's and Men's Athletic Conference,https://mitathletics.com/sports/womens-soccer/roster/2024,year-swap (direct),https://mitathletics.com/sports/womens-soccer/roster/2025,32,todo,
Massachusetts Maritime,mens-soccer,NCAA D3,MASCAC,https://www.mmabucs.com/sports/msoc/2024-26/roster,year-swap (direct),https://www.mmabucs.com/sports/msoc/2025-26/roster,31,todo,
Massachusetts Maritime Academy,womens-soccer,NCAA D3,Massachusetts State Collegiate Athletic Conference,https://www.mmabucs.com/sports/wsoc/2024-26/roster,year-swap (direct),https://www.mmabucs.com/sports/wsoc/2025-26/roster,16,todo,
McDaniel,mens-soccer,NCAA D3,Centennial,https://mcdanielathletics.com/sports/mens-soccer/roster/2024,year-swap (direct),https://mcdanielathletics.com/sports/mens-soccer/roster/2025,28,todo,
McDaniel College,womens-soccer,NCAA D3,Centennial Conference,https://mcdanielathletics.com/sports/womens-soccer/roster/2024,year-swap (direct),https://mcdanielathletics.com/sports/womens-soccer/roster/2025,28,todo,
McKendree,mens-soccer,NCAA D2,GLVC,https://mckbearcats.com/sports/mens-soccer/roster/2024,year-swap (direct),https://mckbearcats.com/sports/mens-soccer/roster/2025,35,todo,
McKendree,womens-soccer,NCAA D2,Great Lakes Valley Conference,https://mckbearcats.com/sports/womens-soccer/roster/2024,year-swap (direct),https://mckbearcats.com/sports/womens-soccer/roster/2025,33,todo,
McMurry,mens-soccer,NCAA D3,ASC,https://mcmurrysports.com/sports/mens-soccer/roster/pedro-yanez/9900,no year in URL — check the site for a 2024 season selector,https://mcmurrysports.com/sports/mens-soccer/roster/pedro-yanez/9900,36,todo,
McMurry University,womens-soccer,NCAA D3,Southern Collegiate Athletic Conference,https://mcmurrysports.com/sports/womens-soccer/roster/2024,year-swap (direct),https://mcmurrysports.com/sports/womens-soccer/roster/2025,32,todo,
McNeese,womens-soccer,NCAA D1,Southland,https://mcneesesports.com/sports/womens-soccer/roster,wayback — query the CDX API for a late-2024 snapshot of this URL,https://web.archive.org/web/20251124090721/https://mcneesesports.com/sports/womens-soccer/roster,31,todo,
Memphis,mens-soccer,NCAA D1,AAC,https://gotigersgo.com/sports/mens-soccer/roster/2024,year-swap (direct),https://gotigersgo.com/sports/mens-soccer/roster/2025,28,todo,
Memphis,womens-soccer,NCAA D1,American,https://gotigersgo.com/sports/womens-soccer/roster/,wayback — query the CDX API for a late-2024 snapshot of this URL,https://web.archive.org/web/20251003202035/https://gotigersgo.com/sports/womens-soccer/roster/,28,todo,
Menlo,mens-soccer,NCAA D2,Golden State,https://menloathletics.com/sports/mens-soccer/roster/2024,year-swap (direct),https://menloathletics.com/sports/mens-soccer/roster/2025,39,todo,
Menlo,womens-soccer,NCAA D2,California Collegiate Athletic Association,https://menloathletics.com/sports/womens-soccer/roster/2024,year-swap (direct),https://menloathletics.com/sports/womens-soccer/roster/2025,34,todo,
Mercer,mens-soccer,NCAA D1,SoCon,https://mercerbears.com/sports/mens-soccer/roster/2024,year-swap (direct),https://mercerbears.com/sports/mens-soccer/roster/2025,26,todo,
Mercer,womens-soccer,NCAA D1,Southern,https://mercerbears.com/sports/womens-soccer/roster/morganne-eikelbarner/11721,wayback — query the CDX API for a late-2024 snapshot of this URL,https://web.archive.org/web/20250908210741/https://mercerbears.com/sports/womens-soccer/roster/morganne-eikelbarner/11721,24,todo,
Mercy,mens-soccer,NCAA D2,ECC,https://mercyathletics.com/sports/mens-soccer/roster/2024,year-swap (direct),https://mercyathletics.com/sports/mens-soccer/roster/2025,30,todo,
Mercy,womens-soccer,NCAA D2,East Coast Conference,https://mercyathletics.com/sports/womens-soccer/roster/2024,year-swap (direct),https://mercyathletics.com/sports/womens-soccer/roster/2025,30,todo,
Mercyhurst,mens-soccer,NCAA D1,PSAC,https://hurstathletics.com/sports/mens-soccer/roster/2024,year-swap (direct),https://hurstathletics.com/sports/mens-soccer/roster/2025,59,todo,
Mercyhurst,womens-soccer,NCAA D1,NEC,https://hurstathletics.com/sports/womens-soccer/roster,no year in URL — check the site for a 2024 season selector,https://hurstathletics.com/sports/womens-soccer/roster,35,todo,
Meredith College,womens-soccer,NCAA D3,USA South Athletic Conference,https://goavengingangels.com/sports/womens-soccer/roster/2024,year-swap (direct),https://goavengingangels.com/sports/womens-soccer/roster/2025,28,todo,
Merrimack,mens-soccer,NCAA D1,NEC,https://merrimackathletics.com/sports/mens-soccer/roster/2024,year-swap (direct),https://merrimackathletics.com/sports/mens-soccer/roster/2025,31,todo,
Merrimack,womens-soccer,NCAA D1,Metro,https://merrimackathletics.com/sports/womens-soccer/roster,wayback — query the CDX API for a late-2024 snapshot of this URL,https://web.archive.org/web/20251117034828/https://merrimackathletics.com/sports/womens-soccer/roster,30,todo,
Messiah,mens-soccer,NCAA D3,MAC Commonwealth,https://gomessiah.com/sports/mens-soccer/roster/2024,year-swap (direct),https://gomessiah.com/sports/mens-soccer/roster/2025,25,todo,
Messiah University,womens-soccer,NCAA D3,Middle Atlantic Conference (Commonwealth),https://gomessiah.com/sports/womens-soccer/roster/2024,year-swap (direct),https://gomessiah.com/sports/womens-soccer/roster/2025,27,todo,
Methodist,mens-soccer,NCAA D3,USA South,https://mumonarchs.com/sports/mens-soccer/roster/2024,year-swap (direct),https://mumonarchs.com/sports/mens-soccer/roster/2025,34,todo,
Methodist University,womens-soccer,NCAA D3,USA South Athletic Conference,https://mumonarchs.com/sports/womens-soccer/roster/2024,year-swap (direct),https://mumonarchs.com/sports/womens-soccer/roster/2025,29,todo,
Metro State Denver,mens-soccer,NCAA D2,RMAC,https://roadrunnersathletics.com/sports/mens-soccer/roster/2024,year-swap (direct),https://roadrunnersathletics.com/sports/mens-soccer/roster/2025,33,todo,
Metro State Denver,womens-soccer,NCAA D2,Rocky Mountain Athletic Conference,https://roadrunnersathletics.com/sports/womens-soccer/roster/2024,year-swap (direct),https://roadrunnersathletics.com/sports/womens-soccer/roster/2025,25,todo,
Miami (FL),womens-soccer,NCAA D1,ACC,https://miamihurricanes.com/sports/soc/roster/,no year in URL — check the site for a 2024 season selector,https://miamihurricanes.com/sports/soc/roster/,31,todo,
Miami (OH),womens-soccer,NCAA D1,MAC,https://miamiredhawks.com/sports/womens-soccer/roster,wayback — query the CDX API for a late-2024 snapshot of this URL,https://web.archive.org/web/20251106084204/https://miamiredhawks.com/sports/womens-soccer/roster,28,todo,
Michigan,mens-soccer,NCAA D1,Big Ten,https://mgoblue.com/sports/mens-soccer/roster/2024,year-swap (direct),https://mgoblue.com/sports/mens-soccer/roster/2025,31,todo,
Michigan,womens-soccer,NCAA D1,Big Ten,https://mgoblue.com/sports/womens-soccer/roster,wayback — query the CDX API for a late-2024 snapshot of this URL,https://web.archive.org/web/20260116053449/https://mgoblue.com/sports/womens-soccer/roster,29,todo,
Michigan State,mens-soccer,NCAA D1,Big Ten,https://msuspartans.com/sports/mens-soccer/roster/2024,year-swap (direct),https://msuspartans.com/sports/mens-soccer/roster/2025,28,todo,
Michigan State,womens-soccer,NCAA D1,Big Ten,https://msuspartans.com/sports/womens-soccer/roster,wayback — query the CDX API for a late-2024 snapshot of this URL,https://web.archive.org/web/20251217161947/https://msuspartans.com/sports/womens-soccer/roster,30,todo,
Michigan Tech,womens-soccer,NCAA D2,Great Lakes Intercollegiate Athletic Conference,https://michigantechhuskies.com/sports/womens-soccer/roster/2024,year-swap (direct),https://michigantechhuskies.com/sports/womens-soccer/roster/2025,30,todo,
Middle Georgia State,mens-soccer,NCAA D2,Peach Belt,https://mgaknights.com/sports/mens-soccer/roster/2024,year-swap (direct),https://mgaknights.com/sports/mens-soccer/roster/2025,30,todo,
Middle Georgia State,womens-soccer,NCAA D2,Peach Belt Conference,https://mgaknights.com/sports/womens-soccer/roster/2024,year-swap (direct),https://mgaknights.com/sports/womens-soccer/roster/2025,25,todo,
Middle Tennessee,womens-soccer,NCAA D1,CUSA,https://goblueraiders.com/sports/womens-soccer/roster/,wayback — query the CDX API for a late-2024 snapshot of this URL,https://web.archive.org/web/20251019221411/https://goblueraiders.com/sports/womens-soccer/roster/,27,todo,
Middlebury,mens-soccer,NCAA D3,NESCAC,https://athletics.middlebury.edu/sports/mens-soccer/roster/2024,year-swap (direct),https://athletics.middlebury.edu/sports/mens-soccer/roster/2025,33,todo,
Middlebury College,womens-soccer,NCAA D3,New England Small College Athletic Conference,https://athletics.middlebury.edu/sports/womens-soccer/roster/2024,year-swap (direct),https://athletics.middlebury.edu/sports/womens-soccer/roster/2025,32,todo,
Midwestern State,mens-soccer,NCAA D2,LSC,https://msumustangs.com/sports/mens-soccer/roster/2024,year-swap (direct),https://msumustangs.com/sports/mens-soccer/roster/2025,31,todo,
Midwestern State,womens-soccer,NCAA D2,Lone Star Conference,https://msumustangs.com/sports/womens-soccer/roster/2024,year-swap (direct),https://msumustangs.com/sports/womens-soccer/roster/2025,31,todo,
Millersville,mens-soccer,NCAA D2,PSAC,https://millersvilleathletics.com/sports/mens-soccer/roster/2024,year-swap (direct),https://millersvilleathletics.com/sports/mens-soccer/roster/2025,25,todo,
Millersville,womens-soccer,NCAA D2,Pennsylvania State Athletic Conference,https://millersvilleathletics.com/sports/womens-soccer/roster/2024,year-swap (direct),https://millersvilleathletics.com/sports/womens-soccer/roster/2025,29,todo,
Millikin,mens-soccer,NCAA D3,CCIW,https://athletics.millikin.edu/sports/mens-soccer/roster/2024,year-swap (direct),https://athletics.millikin.edu/sports/mens-soccer/roster/2025,29,todo,
Millikin University,womens-soccer,NCAA D3,College Conference of Illinois & Wisconsin,https://athletics.millikin.edu/sports/womens-soccer/roster/2024,year-swap (direct),https://athletics.millikin.edu/sports/womens-soccer/roster/2025,30,todo,
Millsaps,mens-soccer,NCAA D3,SAA,https://gomajors.com/sports/mens-soccer/roster/2024,year-swap (direct),https://gomajors.com/sports/mens-soccer/roster/2025,37,todo,
Millsaps College,womens-soccer,NCAA D3,Southern Athletic Association,https://gomajors.com/sports/womens-soccer/roster/2024,year-swap (direct),https://gomajors.com/sports/womens-soccer/roster/2025,22,todo,
Milwaukee,mens-soccer,NCAA D1,Horizon League,https://uwmpanthers.com/sports/mens-soccer/roster/2024,year-swap (direct),https://uwmpanthers.com/sports/mens-soccer/roster/2025,32,todo,
Milwaukee,womens-soccer,NCAA D1,Horizon,https://mkepanthers.com/sports/womens-soccer/roster,wayback — query the CDX API for a late-2024 snapshot of this URL,https://web.archive.org/web/20260207143150/https://mkepanthers.com/sports/womens-soccer/roster,26,todo,
Milwaukee School of Engineering,womens-soccer,NCAA D3,Northern Athletics Collegiate Conference,https://msoeraiders.com/sports/womens-soccer/roster/2024,year-swap (direct),https://msoeraiders.com/sports/womens-soccer/roster/2025,31,todo,
Minnesota,womens-soccer,NCAA D1,Big Ten,https://gophersports.com/sports/womens-soccer/roster,wayback — query the CDX API for a late-2024 snapshot of this URL,https://web.archive.org/web/20251008004126/https://gophersports.com/sports/womens-soccer/roster,27,todo,
Minnesota Crookston,womens-soccer,NCAA D2,Northern Sun Intercollegiate Conference,https://goldeneaglesports.com/sports/womens-soccer/roster/2024,year-swap (direct),https://goldeneaglesports.com/sports/womens-soccer/roster/2025,24,todo,
Minnesota Duluth,womens-soccer,NCAA D2,Northern Sun Intercollegiate Conference,https://umdbulldogs.com/sports/womens-soccer/roster/2024,year-swap (direct),https://umdbulldogs.com/sports/womens-soccer/roster/2025,34,todo,
Minnesota State Mankato,womens-soccer,NCAA D2,Northern Sun Intercollegiate Conference,https://msumavericks.com/sports/womens-soccer/roster/2024,year-swap (direct),https://msumavericks.com/sports/womens-soccer/roster/2025,41,todo,
Minnesota State Moorhead,womens-soccer,NCAA D2,Northern Sun Intercollegiate Conference,https://www.msumdragons.com/sports/womens-soccer/roster/2024,year-swap (direct),https://www.msumdragons.com/sports/womens-soccer/roster/2025,28,todo,
Minot State,womens-soccer,NCAA D2,Northern Sun Intercollegiate Conference,https://msubeavers.com/sports/womens-soccer/roster/2024,year-swap (direct),https://msubeavers.com/sports/womens-soccer/roster/2025,27,todo,
Misericordia University,womens-soccer,NCAA D3,Middle Atlantic Conference (Freedom),https://athletics.misericordia.edu/sports/womens-soccer/roster/2024,year-swap (direct),https://athletics.misericordia.edu/sports/womens-soccer/roster/2025,32,todo,
Mississippi Christian,womens-soccer,NCAA D2,Gulf South Conference,https://gochoctaws.com/sports/womens-soccer/roster/2024,year-swap (direct),https://gochoctaws.com/sports/womens-soccer/roster/2025,42,todo,
Mississippi College,mens-soccer,NCAA D2,GSC,https://gochoctaws.com/sports/mens-soccer/roster/2024,year-swap (direct),https://gochoctaws.com/sports/mens-soccer/roster/2025,33,todo,
Mississippi State,womens-soccer,NCAA D1,SEC,,no source URL recorded — discover from scratch,,44,todo,
Mississippi University for Women,womens-soccer,NCAA D3,St. Louis Intercollegiate Athletic Conference,https://owlsathletics.com/sports/womens-soccer/roster/2024,year-swap (direct),https://owlsathletics.com/sports/womens-soccer/roster/2025,18,todo,
Missouri,womens-soccer,NCAA D1,SEC,https://mutigers.com/sports/womens-soccer/roster,wayback — query the CDX API for a late-2024 snapshot of this URL,https://web.archive.org/web/20250927091741/https://mutigers.com/sports/womens-soccer/roster,29,todo,
Missouri S&T,mens-soccer,NCAA D2,GLVC,https://minerathletics.com/sports/mens-soccer/roster/2024,year-swap (direct),https://minerathletics.com/sports/mens-soccer/roster/2025,43,todo,
Missouri S&T,womens-soccer,NCAA D2,Great Lakes Valley Conference,https://minerathletics.com/sports/womens-soccer/roster/2024,year-swap (direct),https://minerathletics.com/sports/womens-soccer/roster/2025,29,todo,
Missouri Southern,womens-soccer,NCAA D2,Mid-America Intercollegiate Athletics Association,https://mssulions.com/sports/womens-soccer/roster/2024,year-swap (direct),https://mssulions.com/sports/womens-soccer/roster/2025,36,todo,
Missouri State,mens-soccer,NCAA D1,MVC,https://missouristatebears.com/sports/mens-soccer/roster/2024,year-swap (direct),https://missouristatebears.com/sports/mens-soccer/roster/2025,27,todo,
Missouri State,womens-soccer,NCAA D1,CUSA,https://missouristatebears.com/sports/womens-soccer/roster,wayback — query the CDX API for a late-2024 snapshot of this URL,https://web.archive.org/web/20251212224808/https://missouristatebears.com/sports/womens-soccer/roster,29,todo,
Missouri Western,womens-soccer,NCAA D2,Mid-America Intercollegiate Athletics Association,https://gogriffons.com/sports/womens-soccer/roster/2024,year-swap (direct),https://gogriffons.com/sports/womens-soccer/roster/2025,27,todo,
Molloy,mens-soccer,NCAA D2,ECC,https://molloylions.com/sports/mens-soccer/roster/2024,year-swap (direct),https://molloylions.com/sports/mens-soccer/roster/2025,32,todo,
Molloy,womens-soccer,NCAA D2,East Coast Conference,https://molloylions.com/sports/womens-soccer/roster/2024,year-swap (direct),https://molloylions.com/sports/womens-soccer/roster/2025,27,todo,
Monmouth,mens-soccer,NCAA D1,CAA,https://monmouthhawks.com/sports/mens-soccer/roster/2024,year-swap (direct),https://monmouthhawks.com/sports/mens-soccer/roster/2025,27,todo,
Monmouth,womens-soccer,NCAA D1,CAA,,no source URL recorded — discover from scratch,,25,todo,
Monmouth (IL),mens-soccer,NCAA D3,MWC-D3,https://monmouthscots.com/sports/mens-soccer/roster/2024,year-swap (direct),https://monmouthscots.com/sports/mens-soccer/roster/2025,26,todo,
Monmouth College,womens-soccer,NCAA D3,Midwest Conference,https://monmouthscots.com/sports/womens-soccer/roster/2024,year-swap (direct),https://monmouthscots.com/sports/womens-soccer/roster/2025,27,todo,
Monroe (NY),mens-soccer,NCAA D2,ECC,https://monroeexpress.com/sports/mens-soccer/roster/2024,year-swap (direct),https://monroeexpress.com/sports/mens-soccer/roster/2025,35,todo,
Montana,womens-soccer,NCAA D1,Big Sky,https://gogriz.com/sports/womens-soccer/roster/chloe-seelhoff/7899,wayback — query the CDX API for a late-2024 snapshot of this URL,https://web.archive.org/web/20250922222434/https://gogriz.com/sports/womens-soccer/roster/chloe-seelhoff/7899,37,todo,
Montana State Billings,womens-soccer,NCAA D2,Great Northwest Athletic Conference,https://msubsports.com/sports/womens-soccer/roster/2024,year-swap (direct),https://msubsports.com/sports/womens-soccer/roster/2025,27,todo,
Montclair State,mens-soccer,NCAA D3,NJAC,https://montclairathletics.com/sports/mens-soccer/roster/2024,year-swap (direct),https://montclairathletics.com/sports/mens-soccer/roster/2025,39,todo,
Montclair State University,womens-soccer,NCAA D3,New Jersey Athletic Conference,https://montclairathletics.com/sports/womens-soccer/roster/2024,year-swap (direct),https://montclairathletics.com/sports/womens-soccer/roster/2025,26,todo,
Montevallo,mens-soccer,NCAA D2,GSC,https://montevallofalcons.com/sports/mens-soccer/roster/2024,year-swap (direct),https://montevallofalcons.com/sports/mens-soccer/roster/2025,34,todo,
Montevallo,womens-soccer,NCAA D2,Gulf South Conference,https://montevallofalcons.com/sports/womens-soccer/roster/2024,year-swap (direct),https://montevallofalcons.com/sports/womens-soccer/roster/2025,28,todo,
Moravian,mens-soccer,NCAA D3,MAC Freedom,https://www.moraviansports.com/sports/msoc/2024-26/roster,year-swap (direct),https://www.moraviansports.com/sports/msoc/2025-26/roster,35,todo,
Moravian University,womens-soccer,NCAA D3,Landmark Conference,https://www.moraviansports.com/sports/wsoc/2024-26/roster,year-swap (direct),https://www.moraviansports.com/sports/wsoc/2025-26/roster,26,todo,
Morehead State,womens-soccer,NCAA D1,Ohio Valley,https://msueagles.com/sports/womens-soccer/roster,wayback — query the CDX API for a late-2024 snapshot of this URL,https://web.archive.org/web/20251114091700/https://msueagles.com/sports/womens-soccer/roster,26,todo,
Mount Aloysius College,womens-soccer,NCAA D3,Allegheny Mountain Collegiate Conference,https://mountieathletics.com/sports/womens-soccer/roster/2024,year-swap (direct),https://mountieathletics.com/sports/womens-soccer/roster/2025,19,todo,
Mount Holyoke College,womens-soccer,NCAA D3,New England Women's and Men's Athletic Conference,https://athletics.mtholyoke.edu/sports/wsoc/2024-26/roster,year-swap (direct),https://athletics.mtholyoke.edu/sports/wsoc/2025-26/roster,30,todo,
Mount Olive,mens-soccer,NCAA D2,SAC,https://umotrojans.com/sports/mens-soccer/roster/2024,year-swap (direct),https://umotrojans.com/sports/mens-soccer/roster/2025,45,todo,
Mount Olive,womens-soccer,NCAA D2,Conference Carolinas,https://umotrojans.com/sports/womens-soccer/roster/2024,year-swap (direct),https://umotrojans.com/sports/womens-soccer/roster/2025,35,todo,
Mount Saint Mary College,womens-soccer,NCAA D3,Skyline Conference,https://msmcknights.com/sports/womens-soccer/roster/2024,year-swap (direct),https://msmcknights.com/sports/womens-soccer/roster/2025,21,todo,
Mount St. Joseph,mens-soccer,NCAA D3,OAC,https://msjlions.com/sports/mens-soccer/roster/2024,year-swap (direct),https://msjlions.com/sports/mens-soccer/roster/2025,29,todo,
Mount St. Joseph University,womens-soccer,NCAA D3,Heartland Collegiate Athletic Conference,https://msjlions.com/sports/womens-soccer/roster/2024,year-swap (direct),https://msjlions.com/sports/womens-soccer/roster/2025,30,todo,
Mount St. Mary's,mens-soccer,NCAA D1,NEC,https://mountathletics.com/sports/mens-soccer/roster/2024,year-swap (direct),https://mountathletics.com/sports/mens-soccer/roster/2025,61,todo,
Mount St. Mary's,womens-soccer,NCAA D1,Metro,https://mountathletics.com/sports/womens-soccer/roster,wayback — query the CDX API for a late-2024 snapshot of this URL,https://web.archive.org/web/20250916055523/https://mountathletics.com/sports/womens-soccer/roster,26,todo,
Mount Union,mens-soccer,NCAA D3,OAC,https://athletics.mountunion.edu/sports/mens-soccer/roster/2024,year-swap (direct),https://athletics.mountunion.edu/sports/mens-soccer/roster/2025,41,todo,
Muhlenberg,mens-soccer,NCAA D3,Centennial,https://muhlenbergsports.com/sports/mens-soccer/roster/2024,year-swap (direct),https://muhlenbergsports.com/sports/mens-soccer/roster/2025,27,todo,
Muhlenberg College,womens-soccer,NCAA D3,Centennial Conference,https://muhlenbergsports.com/sports/womens-soccer/roster/2024,year-swap (direct),https://muhlenbergsports.com/sports/womens-soccer/roster/2025,28,todo,
Murray State,womens-soccer,NCAA D1,Missouri Valley,https://goracers.com/sports/womens-soccer/roster/mary-hardy/10852,wayback — query the CDX API for a late-2024 snapshot of this URL,https://web.archive.org/web/20251010232453/https://goracers.com/sports/womens-soccer/roster/mary-hardy/10852,36,todo,
Muskingum,mens-soccer,NCAA D3,OAC,https://www.fightingmuskies.com/sports/msoc/2024-26/roster,year-swap (direct),https://www.fightingmuskies.com/sports/msoc/2025-26/roster,32,todo,
Muskingum University,womens-soccer,NCAA D3,Ohio Athletic Conference,https://www.fightingmuskies.com/sports/wsoc/2024-26/roster,year-swap (direct),https://www.fightingmuskies.com/sports/wsoc/2025-26/roster,30,todo,
NC State,mens-soccer,NCAA D1,ACC,https://gopack.com/sports/mens-soccer/roster/2024,year-swap (direct),https://gopack.com/sports/mens-soccer/roster/2025,31,todo,
NC State,womens-soccer,NCAA D1,ACC,https://gopack.com/sports/womens-soccer/roster,wayback — query the CDX API for a late-2024 snapshot of this URL,https://web.archive.org/web/20251209081849/https://gopack.com/sports/womens-soccer/roster,25,todo,
NJIT,mens-soccer,NCAA D1,America East,https://njithighlanders.com/sports/mens-soccer/roster/2024,year-swap (direct),https://njithighlanders.com/sports/mens-soccer/roster/2025,27,todo,
NJIT,womens-soccer,NCAA D1,America East,,no source URL recorded — discover from scratch,,28,todo,
Navy,mens-soccer,NCAA D1,Patriot League,https://navysports.com/sports/mens-soccer/roster/2024,year-swap (direct),https://navysports.com/sports/mens-soccer/roster/2025,31,todo,
Navy,womens-soccer,NCAA D1,Patriot,https://navysports.com/sports/womens-soccer/roster,wayback — query the CDX API for a late-2024 snapshot of this URL,https://web.archive.org/web/20251212122141/https://navysports.com/sports/womens-soccer/roster,29,todo,
Nazareth,mens-soccer,NCAA D3,Empire 8,https://nazathletics.com/sports/mens-soccer/roster/2024,year-swap (direct),https://nazathletics.com/sports/mens-soccer/roster/2025,35,todo,
Nazareth University,womens-soccer,NCAA D3,Empire 8,https://nazathletics.com/sports/womens-soccer/roster/2024,year-swap (direct),https://nazathletics.com/sports/womens-soccer/roster/2025,32,todo,
Nebraska,womens-soccer,NCAA D1,Big Ten,https://huskers.com/sports/soccer/roster/season/2024,year-swap (direct),https://huskers.com/sports/soccer/roster/season/2025,29,todo,
Nebraska Wesleyan University,womens-soccer,NCAA D3,American Rivers Conference,https://nwusports.com/sports/womens-soccer/roster/2024,year-swap (direct),https://nwusports.com/sports/womens-soccer/roster/2025,24,todo,
Nebraska at Kearney,womens-soccer,NCAA D2,Mid-America Intercollegiate Athletics Association,https://lopers.com/sports/womens-soccer/roster/2024,year-swap (direct),https://lopers.com/sports/womens-soccer/roster/2025,28,todo,
Neumann University,womens-soccer,NCAA D3,Atlantic East Conference,https://www.neumannathletics.com/sports/womens-soccer/roster/2024,year-swap (direct),https://www.neumannathletics.com/sports/womens-soccer/roster/2025,22,todo,
Nevada,womens-soccer,NCAA D1,Mountain West,https://nevadawolfpack.com/sports/womens-soccer/roster,wayback — query the CDX API for a late-2024 snapshot of this URL,https://web.archive.org/web/20251129034050/https://nevadawolfpack.com/sports/womens-soccer/roster,28,todo,
New England College,mens-soccer,NCAA D3,CCC,https://athletics.nec.edu/sports/mens-soccer/roster/2024,year-swap (direct),https://athletics.nec.edu/sports/mens-soccer/roster/2025,32,todo,
New Hampshire,mens-soccer,NCAA D1,America East,https://unhwildcats.com/sports/mens-soccer/roster/2024,year-swap (direct),https://unhwildcats.com/sports/mens-soccer/roster/2025,28,todo,
New Hampshire,womens-soccer,NCAA D1,America East,https://unhwildcats.com/sports/womens-soccer/roster,wayback — query the CDX API for a late-2024 snapshot of this URL,https://web.archive.org/web/20251230124626/https://unhwildcats.com/sports/womens-soccer/roster,27,todo,
New Haven,mens-soccer,NCAA D1,Northeast-10,https://newhavenchargers.com/sports/mens-soccer/roster/2024,year-swap (direct),https://newhavenchargers.com/sports/mens-soccer/roster/2025,46,todo,
New Haven,womens-soccer,NCAA D1,NEC,https://newhavenchargers.com/sports/womens-soccer/roster,wayback — query the CDX API for a late-2024 snapshot of this URL,https://web.archive.org/web/20251201023931/https://newhavenchargers.com/sports/womens-soccer/roster,36,todo,
New Mexico,womens-soccer,NCAA D1,Mountain West,https://golobos.com/sports/wsoc/roster,no year in URL — check the site for a 2024 season selector,https://golobos.com/sports/wsoc/roster,29,todo,
New Mexico Highlands,womens-soccer,NCAA D2,Rocky Mountain Athletic Conference,https://nmhuathletics.com/sports/womens-soccer/roster/2024,year-swap (direct),https://nmhuathletics.com/sports/womens-soccer/roster/2025,30,todo,
New Mexico State,womens-soccer,NCAA D1,CUSA,https://nmstatesports.com/sports/womens-soccer/roster,wayback — query the CDX API for a late-2024 snapshot of this URL,https://web.archive.org/web/20251105133221/https://nmstatesports.com/sports/womens-soccer/roster,31,todo,
New York University,mens-soccer,NCAA D3,UAA,https://gonyuathletics.com/sports/mens-soccer/roster/2024,year-swap (direct),https://gonyuathletics.com/sports/mens-soccer/roster/2025,29,todo,
New York University,womens-soccer,NCAA D3,University Athletic Association,https://gonyuathletics.com/sports/womens-soccer/roster/2024,year-swap (direct),https://gonyuathletics.com/sports/womens-soccer/roster/2025,34,todo,
Newberry,mens-soccer,NCAA D2,SAC,https://newberrywolves.com/sports/mens-soccer/roster/2024,year-swap (direct),https://newberrywolves.com/sports/mens-soccer/roster/2025,43,todo,
Newberry,womens-soccer,NCAA D2,South Atlantic Conference,https://newberrywolves.com/sports/womens-soccer/roster/2024,year-swap (direct),https://newberrywolves.com/sports/womens-soccer/roster/2025,33,todo,
Newman,mens-soccer,NCAA D2,MIAA,https://newmanjets.com/sports/mens-soccer/roster/2024,year-swap (direct),https://newmanjets.com/sports/mens-soccer/roster/2025,60,todo,
Newman,womens-soccer,NCAA D2,Mid-America Intercollegiate Athletics Association,https://newmanjets.com/sports/womens-soccer/roster/2024,year-swap (direct),https://newmanjets.com/sports/womens-soccer/roster/2025,37,todo,
Niagara,mens-soccer,NCAA D1,MAAC,https://purpleeagles.com/sports/mens-soccer/roster/2024,year-swap (direct),https://purpleeagles.com/sports/mens-soccer/roster/2025,26,todo,
Niagara,womens-soccer,NCAA D1,Metro,https://purpleeagles.com/sports/womens-soccer/roster,wayback — query the CDX API for a late-2024 snapshot of this URL,https://web.archive.org/web/20251231183524/https://purpleeagles.com/sports/womens-soccer/roster,23,todo,
Nicholls,womens-soccer,NCAA D1,Southland,,no source URL recorded — discover from scratch,,33,todo,
Nichols,mens-soccer,NCAA D3,CCC,https://nicholsathletics.com/sports/mens-soccer/roster/2024,year-swap (direct),https://nicholsathletics.com/sports/mens-soccer/roster/2025,35,todo,
Nichols College,womens-soccer,NCAA D3,Conference of New England,https://nicholsathletics.com/sports/womens-soccer/roster/2024,year-swap (direct),https://nicholsathletics.com/sports/womens-soccer/roster/2025,23,todo,
North Alabama,womens-soccer,NCAA D1,UAC,https://www.roarlions.com/sports/womens-soccer/roster,wayback — query the CDX API for a late-2024 snapshot of this URL,https://web.archive.org/web/20250914085959/https://www.roarlions.com/sports/womens-soccer/roster,35,todo,
North Carolina,mens-soccer,NCAA D1,ACC,https://goheels.com/sports/mens-soccer/roster,wayback — query the CDX API for a late-2024 snapshot of this URL,https://web.archive.org/web/20251223024523/https://goheels.com/sports/mens-soccer/roster,30,todo,
North Carolina,womens-soccer,NCAA D1,ACC,https://goheels.com/sports/womens-soccer/roster,wayback — query the CDX API for a late-2024 snapshot of this URL,https://web.archive.org/web/20251201164324/https://goheels.com/sports/womens-soccer/roster,27,todo,
North Carolina Wesleyan,mens-soccer,NCAA D3,ASC,https://ncwsports.com/sports/mens-soccer/roster/2024,year-swap (direct),https://ncwsports.com/sports/mens-soccer/roster/2025,58,todo,
North Carolina Wesleyan University,womens-soccer,NCAA D3,USA South Athletic Conference,https://ncwsports.com/sports/womens-soccer/roster/2024,year-swap (direct),https://ncwsports.com/sports/womens-soccer/roster/2025,27,todo,
North Central (IL),mens-soccer,NCAA D3,CCIW,https://northcentralcardinals.com/sports/mens-soccer/roster/2024,year-swap (direct),https://northcentralcardinals.com/sports/mens-soccer/roster/2025,35,todo,
North Central College,womens-soccer,NCAA D3,College Conference of Illinois & Wisconsin,https://northcentralcardinals.com/sports/womens-soccer/roster/2024,year-swap (direct),https://northcentralcardinals.com/sports/womens-soccer/roster/2025,35,todo,
North Dakota,womens-soccer,NCAA D1,Summit,https://fightinghawks.com/sports/womens-soccer/roster,wayback — query the CDX API for a late-2024 snapshot of this URL,https://web.archive.org/web/20251211232139/https://fightinghawks.com/sports/womens-soccer/roster,30,todo,
North Dakota State,womens-soccer,NCAA D1,Summit,https://gobison.com/sports/womens-soccer/roster,wayback — query the CDX API for a late-2024 snapshot of this URL,https://web.archive.org/web/20251112221646/https://gobison.com/sports/womens-soccer/roster,31,todo,
North Florida,mens-soccer,NCAA D1,ASUN,https://unfospreys.com/sports/mens-soccer/roster,wayback — query the CDX API for a late-2024 snapshot of this URL,https://web.archive.org/web/20251002061516/https://unfospreys.com/sports/mens-soccer/roster,32,todo,
North Florida,womens-soccer,NCAA D1,ASUN,https://unfospreys.com/sports/womens-soccer/roster,wayback — query the CDX API for a late-2024 snapshot of this URL,https://web.archive.org/web/20251002061837/https://unfospreys.com/sports/womens-soccer/roster,29,todo,
North Georgia,mens-soccer,NCAA D2,Peach Belt,,no source URL recorded — discover from scratch,,40,todo,
North Georgia,womens-soccer,NCAA D2,Peach Belt Conference,https://ungathletics.com/sports/womens-soccer/roster/2024,year-swap (direct),https://ungathletics.com/sports/womens-soccer/roster/2025,33,todo,
North Greenville,womens-soccer,NCAA D2,Conference Carolinas,https://nguathletics.com/sports/womens-soccer/roster/2024,year-swap (direct),https://nguathletics.com/sports/womens-soccer/roster/2025,27,todo,
North Park,mens-soccer,NCAA D3,CCIW,https://athletics.northpark.edu/sports/mens-soccer/roster/2024,year-swap (direct),https://athletics.northpark.edu/sports/mens-soccer/roster/2025,54,todo,
North Park University,womens-soccer,NCAA D3,College Conference of Illinois & Wisconsin,https://athletics.northpark.edu/sports/womens-soccer/roster/2024,year-swap (direct),https://athletics.northpark.edu/sports/womens-soccer/roster/2025,24,todo,
North Texas,womens-soccer,NCAA D1,American,https://meangreensports.com/sports/womens-soccer/roster,wayback — query the CDX API for a late-2024 snapshot of this URL,https://web.archive.org/web/20250903111329/https://meangreensports.com/sports/womens-soccer/roster,28,todo,
Northeastern,mens-soccer,NCAA D1,CAA,https://nuhuskies.com/sports/mens-soccer/roster/2024,year-swap (direct),https://nuhuskies.com/sports/mens-soccer/roster/2025,28,todo,
Northeastern,womens-soccer,NCAA D1,CAA,https://nuhuskies.com/sports/womens-soccer/roster,wayback — query the CDX API for a late-2024 snapshot of this URL,https://web.archive.org/web/20251216183236/https://nuhuskies.com/sports/womens-soccer/roster,25,todo,
Northeastern State,mens-soccer,NCAA D2,GAC,https://goriverhawksgo.com/sports/mens-soccer/roster/2024,year-swap (direct),https://goriverhawksgo.com/sports/mens-soccer/roster/2025,28,todo,
Northeastern State,womens-soccer,NCAA D2,Mid-America Intercollegiate Athletics Association,https://goriverhawksgo.com/sports/womens-soccer/roster/2024,year-swap (direct),https://goriverhawksgo.com/sports/womens-soccer/roster/2025,32,todo,
Northern Arizona,womens-soccer,NCAA D1,Big Sky,https://nauathletics.com/sports/womens-soccer/roster,wayback — query the CDX API for a late-2024 snapshot of this URL,https://web.archive.org/web/20251230100228/https://nauathletics.com/sports/womens-soccer/roster,33,todo,
Northern Colorado,womens-soccer,NCAA D1,Big Sky,https://uncbears.com/sports/womens-soccer/roster/lexi-tuite/11556,wayback — query the CDX API for a late-2024 snapshot of this URL,https://web.archive.org/web/20251020025529/https://uncbears.com/sports/womens-soccer/roster/lexi-tuite/11556,33,todo,
Northern Illinois,mens-soccer,NCAA D1,MAC,https://niuhuskies.com/sports/mens-soccer/roster/2024,year-swap (direct),https://niuhuskies.com/sports/mens-soccer/roster/2025,28,todo,
Northern Illinois,womens-soccer,NCAA D1,Horizon,https://niuhuskies.com/sports/womens-soccer/roster,wayback — query the CDX API for a late-2024 snapshot of this URL,https://web.archive.org/web/20251002232357/https://niuhuskies.com/sports/womens-soccer/roster,29,todo,
Northern Iowa,womens-soccer,NCAA D1,Missouri Valley,https://unipanthers.com/sports/womens-soccer/roster,wayback — query the CDX API for a late-2024 snapshot of this URL,https://web.archive.org/web/20251112001746/https://unipanthers.com/sports/womens-soccer/roster,24,todo,
Northern Kentucky,mens-soccer,NCAA D1,Horizon League,https://nkunorse.com/sports/mens-soccer/roster/2024,year-swap (direct),https://nkunorse.com/sports/mens-soccer/roster/2025,28,todo,
Northern Kentucky,womens-soccer,NCAA D1,Horizon,https://nkunorse.com/sports/womens-soccer/roster/lilly-yordy/6424,no year in URL — check the site for a 2024 season selector,https://nkunorse.com/sports/womens-soccer/roster/lilly-yordy/6424,29,todo,
Northern Michigan,mens-soccer,NCAA D2,GLIAC,https://nmuwildcats.com/sports/mens-soccer/roster/2024,year-swap (direct),https://nmuwildcats.com/sports/mens-soccer/roster/2025,28,todo,
Northern Michigan,womens-soccer,NCAA D2,Great Lakes Intercollegiate Athletic Conference,https://nmuwildcats.com/sports/womens-soccer/roster/2024,year-swap (direct),https://nmuwildcats.com/sports/womens-soccer/roster/2025,30,todo,
Northern State,womens-soccer,NCAA D2,Northern Sun Intercollegiate Conference,https://nsuwolves.com/sports/womens-soccer/roster/2024,year-swap (direct),https://nsuwolves.com/sports/womens-soccer/roster/2025,32,todo,
Northwest Missouri State,womens-soccer,NCAA D2,Mid-America Intercollegiate Athletics Association,https://bearcatsports.com/sports/womens-soccer/roster/2024,year-swap (direct),https://bearcatsports.com/sports/womens-soccer/roster/2025,27,todo,
Northwest Nazarene,mens-soccer,NCAA D2,GNAC,https://nnusports.com/sports/mens-soccer/roster/2024,year-swap (direct),https://nnusports.com/sports/mens-soccer/roster/2025,34,todo,
Northwest Nazarene,womens-soccer,NCAA D2,Great Northwest Athletic Conference,https://nnusports.com/sports/womens-soccer/roster/2024,year-swap (direct),https://nnusports.com/sports/womens-soccer/roster/2025,27,todo,
Northwestern,mens-soccer,NCAA D1,Big Ten,https://nusports.com/sports/mens-soccer/roster/season/2024,year-swap (direct),https://nusports.com/sports/mens-soccer/roster/season/2025,29,todo,
Northwestern,womens-soccer,NCAA D1,Big Ten,https://nusports.com/sports/womens-soccer/roster,wayback — query the CDX API for a late-2024 snapshot of this URL,https://web.archive.org/web/20251216180133/https://nusports.com/sports/womens-soccer/roster,27,todo,
Northwestern Oklahoma State,womens-soccer,NCAA D2,Great American Conference,https://riderangersride.com/sports/womens-soccer/roster/2024,year-swap (direct),https://riderangersride.com/sports/womens-soccer/roster/2025,29,todo,
Northwestern State,womens-soccer,NCAA D1,Southland,https://nsudemons.com/sports/womens-soccer/roster,wayback — query the CDX API for a late-2024 snapshot of this URL,https://web.archive.org/web/20251114060633/https://nsudemons.com/sports/womens-soccer/roster,24,todo,
Northwood,mens-soccer,NCAA D2,GLIAC,https://www.gonorthwood.com/sports/msoc/2024-26/roster,year-swap (direct),https://www.gonorthwood.com/sports/msoc/2025-26/roster,36,todo,
Notre Dame,mens-soccer,NCAA D1,ACC,https://fightingirish.com/sports/msoc/roster/,wayback — query the CDX API for a late-2024 snapshot of this URL,https://web.archive.org/web/20251116093351/https://fightingirish.com/sports/msoc/roster/,27,todo,
Notre Dame,womens-soccer,NCAA D1,ACC,https://fightingirish.com/sports/wsoc/roster/,wayback — query the CDX API for a late-2024 snapshot of this URL,https://web.archive.org/web/20251217034115/https://fightingirish.com/sports/wsoc/roster/,30,todo,
Notre Dame of Maryland University,womens-soccer,NCAA D3,United East,https://notredamegators.com/sports/womens-soccer/roster/2024,year-swap (direct),https://notredamegators.com/sports/womens-soccer/roster/2025,20,todo,
Nova Southeastern,mens-soccer,NCAA D2,Sunshine State,https://nsusharks.com/sports/mens-soccer/roster/2024,year-swap (direct),https://nsusharks.com/sports/mens-soccer/roster/2025,25,todo,
Nova Southeastern,womens-soccer,NCAA D2,Sunshine State Conference,https://nsusharks.com/sports/womens-soccer/roster/2024,year-swap (direct),https://nsusharks.com/sports/womens-soccer/roster/2025,29,todo,
Oakland,mens-soccer,NCAA D1,Horizon League,https://goldengrizzlies.com/sports/mens-soccer/roster/2024,year-swap (direct),https://goldengrizzlies.com/sports/mens-soccer/roster/2025,28,todo,
Oakland,womens-soccer,NCAA D1,Horizon,https://goldengrizzlies.com/sports/womens-soccer/roster,wayback — query the CDX API for a late-2024 snapshot of this URL,https://web.archive.org/web/20251105182128/https://goldengrizzlies.com/sports/womens-soccer/roster,30,todo,
Oberlin,mens-soccer,NCAA D3,NCAC,https://goyeo.com/sports/mens-soccer/roster/2024,year-swap (direct),https://goyeo.com/sports/mens-soccer/roster/2025,32,todo,
Oberlin College,womens-soccer,NCAA D3,North Coast Athletic Conference,https://goyeo.com/sports/womens-soccer/roster/2024,year-swap (direct),https://goyeo.com/sports/womens-soccer/roster/2025,26,todo,
Occidental College,womens-soccer,NCAA D3,Southern California Intercollegiate Athletic Conference,https://oxyathletics.com/sports/womens-soccer/roster/2024,year-swap (direct),https://oxyathletics.com/sports/womens-soccer/roster/2025,32,todo,
Oglethorpe,mens-soccer,NCAA D3,SAA,https://gopetrels.com/sports/mens-soccer/roster/2024,year-swap (direct),https://gopetrels.com/sports/mens-soccer/roster/2025,26,todo,
Oglethorpe University,womens-soccer,NCAA D3,Southern Athletic Association,https://gopetrels.com/sports/womens-soccer/roster/2024,year-swap (direct),https://gopetrels.com/sports/womens-soccer/roster/2025,27,todo,
Ohio,womens-soccer,NCAA D1,MAC,https://ohiobobcats.com/sports/wsoc/roster,no year in URL — check the site for a 2024 season selector,https://ohiobobcats.com/sports/wsoc/roster,28,todo,
Ohio Dominican,mens-soccer,NCAA D2,GMAC,https://ohiodominicanpanthers.com/sports/mens-soccer/roster/2024,year-swap (direct),https://ohiodominicanpanthers.com/sports/mens-soccer/roster/2025,30,todo,
Ohio Dominican,womens-soccer,NCAA D2,Great Midwest Athletic Conference,https://ohiodominicanpanthers.com/sports/womens-soccer/roster/2024,year-swap (direct),https://ohiodominicanpanthers.com/sports/womens-soccer/roster/2025,32,todo,
Ohio Northern,mens-soccer,NCAA D3,OAC,https://www.onusports.com/sports/msoc/2024-26/roster,year-swap (direct),https://www.onusports.com/sports/msoc/2025-26/roster,46,todo,
Ohio Northern University,womens-soccer,NCAA D3,Ohio Athletic Conference,https://www.onusports.com/sports/wsoc/2024-26/roster,year-swap (direct),https://www.onusports.com/sports/wsoc/2025-26/roster,28,todo,
Ohio State,mens-soccer,NCAA D1,Big Ten,https://ohiostatebuckeyes.com/sports/mens-soccer/roster,wayback — query the CDX API for a late-2024 snapshot of this URL,https://web.archive.org/web/20250929042626/https://ohiostatebuckeyes.com/sports/mens-soccer/roster,27,todo,
Ohio State,womens-soccer,NCAA D1,Big Ten,https://ohiostatebuckeyes.com/sports/womens-soccer/roster/amanda-schlueter/12229,wayback — query the CDX API for a late-2024 snapshot of this URL,https://web.archive.org/web/20251104003951/https://ohiostatebuckeyes.com/sports/womens-soccer/roster/amanda-schlueter/12229,25,todo,
Ohio Wesleyan,mens-soccer,NCAA D3,NCAC,https://battlingbishops.com/sports/mens-soccer/roster/2024,year-swap (direct),https://battlingbishops.com/sports/mens-soccer/roster/2025,35,todo,
Ohio Wesleyan University,womens-soccer,NCAA D3,North Coast Athletic Conference,https://battlingbishops.com/sports/womens-soccer/roster/2024,year-swap (direct),https://battlingbishops.com/sports/womens-soccer/roster/2025,31,todo,
Oklahoma,womens-soccer,NCAA D1,SEC,https://soonersports.com/sports/soccer/roster/2024,year-swap (direct),https://soonersports.com/sports/soccer/roster/2025,28,todo,
Oklahoma Baptist,womens-soccer,NCAA D2,Great American Conference,https://obubison.com/sports/womens-soccer/roster/2024,year-swap (direct),https://obubison.com/sports/womens-soccer/roster/2025,25,todo,
Oklahoma Christian,mens-soccer,NCAA D2,Heartland,https://oceagles.com/sports/mens-soccer/roster/2024,year-swap (direct),https://oceagles.com/sports/mens-soccer/roster/2025,37,todo,
Oklahoma Christian,womens-soccer,NCAA D2,Lone Star Conference,https://oceagles.com/sports/womens-soccer/roster/2024,year-swap (direct),https://oceagles.com/sports/womens-soccer/roster/2025,34,todo,
Oklahoma State,womens-soccer,NCAA D1,Big 12,https://okstate.com/sports/womens-soccer/roster/xcaret-pineda/13760,wayback — query the CDX API for a late-2024 snapshot of this URL,https://web.archive.org/web/20251001185702/https://okstate.com/sports/womens-soccer/roster/xcaret-pineda/13760,39,todo,
Old Dominion,mens-soccer,NCAA D1,Sun Belt,https://odusports.com/sports/mens-soccer/roster/season/2024,year-swap (direct),https://odusports.com/sports/mens-soccer/roster/season/2025,28,todo,
Old Dominion,womens-soccer,NCAA D1,Sun Belt,https://odusports.com/sports/womens-soccer/roster/season/2024,year-swap (direct),https://odusports.com/sports/womens-soccer/roster/season/2025,25,todo,
Ole Miss,womens-soccer,NCAA D1,SEC,https://olemisssports.com/sports/womens-soccer/roster,wayback — query the CDX API for a late-2024 snapshot of this URL,https://web.archive.org/web/20251213170732/https://olemisssports.com/sports/womens-soccer/roster,30,todo,
Olivet,mens-soccer,NCAA D3,MIAA-D3,https://olivetcomets.com/sports/msoc/2024-26/roster,year-swap (direct),https://olivetcomets.com/sports/msoc/2025-26/roster,37,todo,
Olivet College,womens-soccer,NCAA D3,Michigan Intercollegiate Athletic Association,https://olivetcomets.com/sports/wsoc/2024-26/roster,year-swap (direct),https://olivetcomets.com/sports/wsoc/2025-26/roster,23,todo,
Omaha,mens-soccer,NCAA D1,Summit League,https://omavs.com/sports/mens-soccer/roster/2024,year-swap (direct),https://omavs.com/sports/mens-soccer/roster/2025,28,todo,
Omaha,womens-soccer,NCAA D1,Summit,https://omavs.com/sports/womens-soccer/roster,wayback — query the CDX API for a late-2024 snapshot of this URL,https://web.archive.org/web/20250919000418/https://omavs.com/sports/womens-soccer/roster,25,todo,
Oral Roberts,mens-soccer,NCAA D1,Summit League,https://oruathletics.com/sports/mens-soccer/roster/2024,year-swap (direct),https://oruathletics.com/sports/mens-soccer/roster/2025,30,todo,
Oral Roberts,womens-soccer,NCAA D1,Summit,,no source URL recorded — discover from scratch,,34,todo,
Oregon,womens-soccer,NCAA D1,Big Ten,https://goducks.com/sports/womens-soccer/roster,wayback — query the CDX API for a late-2024 snapshot of this URL,https://web.archive.org/web/20251129071738/https://goducks.com/sports/womens-soccer/roster,33,todo,
Oregon State,mens-soccer,NCAA D1,ACC,https://osubeavers.com/sports/mens-soccer/roster/2024,year-swap (direct),https://osubeavers.com/sports/mens-soccer/roster/2025,27,todo,
Oregon State,womens-soccer,NCAA D1,Pac-12,https://osubeavers.com/sports/womens-soccer/roster,wayback — query the CDX API for a late-2024 snapshot of this URL,https://web.archive.org/web/20251212023719/https://osubeavers.com/sports/womens-soccer/roster,31,todo,
Otterbein,mens-soccer,NCAA D3,OAC,https://otterbeincardinals.com/sports/mens-soccer/roster/2024,year-swap (direct),https://otterbeincardinals.com/sports/mens-soccer/roster/2025,26,todo,
Otterbein University,womens-soccer,NCAA D3,Ohio Athletic Conference,https://otterbeincardinals.com/sports/womens-soccer/roster/2024,year-swap (direct),https://otterbeincardinals.com/sports/womens-soccer/roster/2025,38,todo,
Ouachita Baptist,mens-soccer,NCAA D2,GAC,https://obutigers.com/sports/mens-soccer/roster/2024,year-swap (direct),https://obutigers.com/sports/mens-soccer/roster/2025,34,todo,
Ouachita Baptist,womens-soccer,NCAA D2,Great American Conference,https://obutigers.com/sports/womens-soccer/roster/2024,year-swap (direct),https://obutigers.com/sports/womens-soccer/roster/2025,27,todo,
Pace,womens-soccer,NCAA D2,Northeast-10 Conference,https://paceuathletics.com/sports/womens-soccer/roster/2024,year-swap (direct),https://paceuathletics.com/sports/womens-soccer/roster/2025,39,todo,
Pacific,mens-soccer,NCAA D1,WCC,https://pacifictigers.com/sports/mens-soccer/roster/2024,year-swap (direct),https://pacifictigers.com/sports/mens-soccer/roster/2025,28,todo,
Pacific,womens-soccer,NCAA D1,West Coast,https://pacifictigers.com/sports/womens-soccer/roster,wayback — query the CDX API for a late-2024 snapshot of this URL,https://web.archive.org/web/20251104220244/https://pacifictigers.com/sports/womens-soccer/roster,28,todo,
Pacific Lutheran,mens-soccer,NCAA D3,NWC,https://golutes.com/sports/mens-soccer/roster/2024,year-swap (direct),https://golutes.com/sports/mens-soccer/roster/2025,40,todo,
Pacific Lutheran University,womens-soccer,NCAA D3,Northwest Conference,https://golutes.com/sports/womens-soccer/roster/2024,year-swap (direct),https://golutes.com/sports/womens-soccer/roster/2025,40,todo,
Pacific University,womens-soccer,NCAA D3,Northwest Conference,https://goboxers.com/sports/womens-soccer/roster/2024,year-swap (direct),https://goboxers.com/sports/womens-soccer/roster/2025,31,todo,
Palm Beach Atlantic,mens-soccer,NCAA D2,Sunshine State,https://pbasailfish.com/sports/mens-soccer/roster/2024,year-swap (direct),https://pbasailfish.com/sports/mens-soccer/roster/2025,31,todo,
Palm Beach Atlantic,womens-soccer,NCAA D2,Sunshine State Conference,https://pbasailfish.com/sports/womens-soccer/roster/2024,year-swap (direct),https://pbasailfish.com/sports/womens-soccer/roster/2025,27,todo,
Penn,mens-soccer,NCAA D1,Ivy League,https://pennathletics.com/sports/mens-soccer/roster/2024,year-swap (direct),https://pennathletics.com/sports/mens-soccer/roster/2025,33,todo,
Penn,womens-soccer,NCAA D1,Ivy League,https://pennathletics.com/sports/womens-soccer/roster,wayback — query the CDX API for a late-2024 snapshot of this URL,https://web.archive.org/web/20251118215547/https://pennathletics.com/sports/womens-soccer/roster,28,todo,
Penn State,mens-soccer,NCAA D1,Big Ten,https://gopsusports.com/sports/mens-soccer/roster/season/2024,year-swap (direct),https://gopsusports.com/sports/mens-soccer/roster/season/2025,26,todo,
Penn State,womens-soccer,NCAA D1,Big Ten,https://gopsusports.com/sports/womens-soccer/roster/season/2024,year-swap (direct),https://gopsusports.com/sports/womens-soccer/roster/season/2025,28,todo,
Penn State Behrend,mens-soccer,NCAA D3,AMCC,https://www.psblions.com/sports/msoc/2024-26/roster,year-swap (direct),https://www.psblions.com/sports/msoc/2025-26/roster,24,todo,
Penn State Harrisburg,mens-soccer,NCAA D3,AMCC,https://psuharrisburgsports.com/sports/mens-soccer/roster/2024,year-swap (direct),https://psuharrisburgsports.com/sports/mens-soccer/roster/2025,34,todo,
PennWest California,mens-soccer,NCAA D2,PSAC,https://calvulcans.com/sports/mens-soccer/roster/2024,year-swap (direct),https://calvulcans.com/sports/mens-soccer/roster/2025,30,todo,
PennWest California,womens-soccer,NCAA D2,Pennsylvania State Athletic Conference,https://calvulcans.com/sports/womens-soccer/roster/2024,year-swap (direct),https://calvulcans.com/sports/womens-soccer/roster/2025,27,todo,
PennWest Clarion,womens-soccer,NCAA D2,Pennsylvania State Athletic Conference,https://clariongoldeneagles.com/sports/womens-soccer/roster/2024,year-swap (direct),https://clariongoldeneagles.com/sports/womens-soccer/roster/2025,30,todo,
PennWest Edinboro,womens-soccer,NCAA D2,Pennsylvania State Athletic Conference,https://gofightingscots.com/sports/womens-soccer/roster/2024,year-swap (direct),https://gofightingscots.com/sports/womens-soccer/roster/2025,31,todo,
PennWest Johnstown,mens-soccer,NCAA D2,PSAC,https://pittjohnstownathletics.com/sports/mens-soccer/roster/2024,year-swap (direct),https://pittjohnstownathletics.com/sports/mens-soccer/roster/2025,32,todo,
Pennsylvania College of Technology,womens-soccer,NCAA D3,United East Conference,https://pctwildcats.com/sports/womens-soccer/roster/2024,year-swap (direct),https://pctwildcats.com/sports/womens-soccer/roster/2025,31,todo,
Pennsylvania State University-Penn State Abington,womens-soccer,NCAA D3,United East Conference,https://abingtonsports.com/sports/womens-soccer/roster/2024,year-swap (direct),https://abingtonsports.com/sports/womens-soccer/roster/2025,20,todo,
Pennsylvania State University-Penn State Altoona,womens-soccer,NCAA D3,Allegheny Mountain Collegiate Conference,https://www.psaltoonalions.com/sports/wsoc/2024-26/roster,year-swap (direct),https://www.psaltoonalions.com/sports/wsoc/2025-26/roster,19,todo,
Pennsylvania State University-Penn State Berks,womens-soccer,NCAA D3,United East Conference,https://psuberksathletics.com/sports/womens-soccer/roster/2024,year-swap (direct),https://psuberksathletics.com/sports/womens-soccer/roster/2025,19,todo,
Pennsylvania State University-Penn State Brandywine,womens-soccer,NCAA D3,United East Conference,https://www.psubrandywineathletics.com/sports/wsoc/2024-26/roster,year-swap (direct),https://www.psubrandywineathletics.com/sports/wsoc/2025-26/roster,17,todo,
Pennsylvania State University-Penn State Erie (Behrend College),womens-soccer,NCAA D3,Allegheny Mountain Collegiate Conference,https://www.psblions.com/sports/wsoc/2024-26/roster,year-swap (direct),https://www.psblions.com/sports/wsoc/2025-26/roster,30,todo,
Pennsylvania State University-Penn State Harrisburg,womens-soccer,NCAA D3,United East Conference,https://psuharrisburgsports.com/sports/womens-soccer/roster/2024,year-swap (direct),https://psuharrisburgsports.com/sports/womens-soccer/roster/2025,25,todo,
Pennsylvania State University-Penn State Schuylkill,womens-soccer,NCAA D3,Eastern College Athletic Conference,https://www.psuschuylkillathletics.com/sports/wsoc/2024-26/roster,year-swap (direct),https://www.psuschuylkillathletics.com/sports/wsoc/2025-26/roster,19,todo,
Pepperdine,womens-soccer,NCAA D1,West Coast,https://pepperdinewaves.com/sports/womens-soccer/roster,wayback — query the CDX API for a late-2024 snapshot of this URL,https://web.archive.org/web/20251218043913/https://pepperdinewaves.com/sports/womens-soccer/roster,29,todo,
Pfeiffer University,womens-soccer,NCAA D3,USA South Athletic Conference,https://gofalconsports.com/sports/womens-soccer/roster/2024,year-swap (direct),https://gofalconsports.com/sports/womens-soccer/roster/2025,26,todo,
Piedmont University,womens-soccer,NCAA D3,Collegiate Conference of the South,https://piedmontlions.com/sports/womens-soccer/roster/2024,year-swap (direct),https://piedmontlions.com/sports/womens-soccer/roster/2025,42,todo,
Pitt-Johnstown,womens-soccer,NCAA D2,Pennsylvania State Athletic Conference,https://pittjohnstownathletics.com/sports/womens-soccer/roster/2024,year-swap (direct),https://pittjohnstownathletics.com/sports/womens-soccer/roster/2025,25,todo,
Pittsburgh,mens-soccer,NCAA D1,ACC,https://pittsburghpanthers.com/sports/mens-soccer/roster/2024,year-swap (direct),https://pittsburghpanthers.com/sports/mens-soccer/roster/2025,26,todo,
Pittsburgh,womens-soccer,NCAA D1,ACC,https://pittsburghpanthers.com/sports/womens-soccer/roster/ellermeyer-katie/14522,wayback — query the CDX API for a late-2024 snapshot of this URL,https://web.archive.org/web/20251008112849/https://pittsburghpanthers.com/sports/womens-soccer/roster/ellermeyer-katie/14522,31,todo,
Pitzer College,womens-soccer,NCAA D3,Southern California Intercollegiate Athletic Conference,https://sagehens.com/sports/womens-soccer/roster/2024,year-swap (direct),https://sagehens.com/sports/womens-soccer/roster/2025,29,todo,
Plattsburgh State,mens-soccer,NCAA D3,SUNYAC,https://gocardinalsports.com/sports/mens-soccer/roster/2024,year-swap (direct),https://gocardinalsports.com/sports/mens-soccer/roster/2025,31,todo,
Plymouth State,mens-soccer,NCAA D3,LEC,https://athletics.plymouth.edu/sports/mens-soccer/roster/2024,year-swap (direct),https://athletics.plymouth.edu/sports/mens-soccer/roster/2025,27,todo,
Point Loma Nazarene,mens-soccer,NCAA D2,PacWest,https://plnusealions.com/sports/mens-soccer/roster/2024,year-swap (direct),https://plnusealions.com/sports/mens-soccer/roster/2025,28,todo,
Point Loma Nazarene,womens-soccer,NCAA D2,Pacific West Conference,https://plnusealions.com/sports/womens-soccer/roster/2024,year-swap (direct),https://plnusealions.com/sports/womens-soccer/roster/2025,28,todo,
Point Park,mens-soccer,NCAA D2,AMC,https://pointparksports.com/sports/mens-soccer/roster/2024,year-swap (direct),https://pointparksports.com/sports/mens-soccer/roster/2025,52,todo,
Point Park,womens-soccer,NCAA D2,Mountain East Conference,https://pointparksports.com/sports/womens-soccer/roster/2024,year-swap (direct),https://pointparksports.com/sports/womens-soccer/roster/2025,40,todo,
Pomona College,womens-soccer,NCAA D3,Southern California Intercollegiate Athletic Conference,https://sagehens.com/sports/womens-soccer/roster/2024,year-swap (direct),https://sagehens.com/sports/womens-soccer/roster/2025,29,todo,
Pomona-Pitzer,mens-soccer,NCAA D3,SCIAC,https://sagehens.com/sports/mens-soccer/roster/2024,year-swap (direct),https://sagehens.com/sports/mens-soccer/roster/2025,34,todo,
Portland,mens-soccer,NCAA D1,WCC,https://portlandpilots.com/sports/mens-soccer/roster/2024,year-swap (direct),https://portlandpilots.com/sports/mens-soccer/roster/2025,33,todo,
Portland,womens-soccer,NCAA D1,West Coast,https://portlandpilots.com/sports/womens-soccer/roster,wayback — query the CDX API for a late-2024 snapshot of this URL,https://web.archive.org/web/20251030063700/https://portlandpilots.com/sports/womens-soccer/roster,27,todo,
Portland State,womens-soccer,NCAA D1,Big Sky,https://goviks.com/sports/womens-soccer/roster,wayback — query the CDX API for a late-2024 snapshot of this URL,https://web.archive.org/web/20251112210847/https://goviks.com/sports/womens-soccer/roster,27,todo,
Post,mens-soccer,NCAA D2,ECC,https://posteagles.com/sports/mens-soccer/roster/2024,year-swap (direct),https://posteagles.com/sports/mens-soccer/roster/2025,35,todo,
Post,womens-soccer,NCAA D2,Central Atlantic Collegiate Conference,https://posteagles.com/sports/womens-soccer/roster/2024,year-swap (direct),https://posteagles.com/sports/womens-soccer/roster/2025,21,todo,
Prairie View A&M,womens-soccer,NCAA D1,SWAC,https://pvpanthers.com/sports/womens-soccer/roster,no year in URL — check the site for a 2024 season selector,https://pvpanthers.com/sports/womens-soccer/roster,24,todo,
Pratt Institute,womens-soccer,NCAA D3,Atlantic East Conference,https://goprattgo.com/sports/womens-soccer/roster/2024,year-swap (direct),https://goprattgo.com/sports/womens-soccer/roster/2025,15,todo,
Presbyterian,mens-soccer,NCAA D1,Big South,https://gobluehose.com/sports/mens-soccer/roster/2024,year-swap (direct),https://gobluehose.com/sports/mens-soccer/roster/2025,34,todo,
Presbyterian,womens-soccer,NCAA D1,Big South,https://gobluehose.com/sports/womens-soccer/roster,no year in URL — check the site for a 2024 season selector,https://gobluehose.com/sports/womens-soccer/roster,29,todo,
Princeton,mens-soccer,NCAA D1,Ivy League,https://goprincetontigers.com/sports/mens-soccer/roster,wayback — query the CDX API for a late-2024 snapshot of this URL,https://web.archive.org/web/20251217213255/https://goprincetontigers.com/sports/mens-soccer/roster,31,todo,
Princeton,womens-soccer,NCAA D1,Ivy League,https://goprincetontigers.com/sports/womens-soccer/roster/,wayback — query the CDX API for a late-2024 snapshot of this URL,https://web.archive.org/web/20251006032845/https://goprincetontigers.com/sports/womens-soccer/roster/,26,todo,
Principia College,womens-soccer,NCAA D3,St. Louis Intercollegiate Athletic Conference,https://athletics.principiacollege.edu/sports/womens-soccer/roster/2024,year-swap (direct),https://athletics.principiacollege.edu/sports/womens-soccer/roster/2025,21,todo,
Providence,mens-soccer,NCAA D1,Big East,https://friars.com/sports/mens-soccer/roster/2024,year-swap (direct),https://friars.com/sports/mens-soccer/roster/2025,26,todo,
Providence,womens-soccer,NCAA D1,Big East,https://friars.com/sports/womens-soccer/roster/,wayback — query the CDX API for a late-2024 snapshot of this URL,https://web.archive.org/web/20251004132200/https://friars.com/sports/womens-soccer/roster/,29,todo,
Puget Sound,mens-soccer,NCAA D3,NWC,https://loggerathletics.com/sports/mens-soccer/roster/2024,year-swap (direct),https://loggerathletics.com/sports/mens-soccer/roster/2025,33,todo,
Purdue,womens-soccer,NCAA D1,Big Ten,https://purduesports.com/sports/womens-soccer/roster,no year in URL — check the site for a 2024 season selector,https://purduesports.com/sports/womens-soccer/roster,10,todo,
Purdue Fort Wayne,mens-soccer,NCAA D1,Horizon League,https://gomastodons.com/sports/mens-soccer/roster/2024,year-swap (direct),https://gomastodons.com/sports/mens-soccer/roster/2025,27,todo,
Purdue Fort Wayne,womens-soccer,NCAA D1,Horizon,https://gomastodons.com/sports/womens-soccer/roster,wayback — query the CDX API for a late-2024 snapshot of this URL,https://web.archive.org/web/20251228125225/https://gomastodons.com/sports/womens-soccer/roster,28,todo,
Purdue Northwest,mens-soccer,NCAA D2,GLIAC,https://pnwathletics.com/sports/mens-soccer/roster/2024,year-swap (direct),https://pnwathletics.com/sports/mens-soccer/roster/2025,39,todo,
Purdue Northwest,womens-soccer,NCAA D2,Great Lakes Intercollegiate Athletic Conference,https://pnwathletics.com/sports/womens-soccer/roster/2024,year-swap (direct),https://pnwathletics.com/sports/womens-soccer/roster/2025,27,todo,
Queens,womens-soccer,NCAA D1,ASUN,https://queensathletics.com/sports/womens-soccer/roster,wayback — query the CDX API for a late-2024 snapshot of this URL,https://web.archive.org/web/20251226071458/https://queensathletics.com/sports/womens-soccer/roster,33,todo,
Queens (CUNY),mens-soccer,NCAA D2,ECC,https://queensknights.com/sports/mens-soccer/roster/2024,year-swap (direct),https://queensknights.com/sports/mens-soccer/roster/2025,31,todo,
Queens (CUNY),womens-soccer,NCAA D2,East Coast Conference,https://queensknights.com/sports/womens-soccer/roster/2024,year-swap (direct),https://queensknights.com/sports/womens-soccer/roster/2025,33,todo,
Queens (NC),mens-soccer,NCAA D1,SAC,https://queensathletics.com/sports/mens-soccer/roster/2024,year-swap (direct),https://queensathletics.com/sports/mens-soccer/roster/2025,35,todo,
Quincy,mens-soccer,NCAA D2,GLVC,https://quhawks.com/sports/mens-soccer/roster/2024,year-swap (direct),https://quhawks.com/sports/mens-soccer/roster/2025,44,todo,
Quincy,womens-soccer,NCAA D2,Great Lakes Valley Conference,https://quhawks.com/sports/womens-soccer/roster/2024,year-swap (direct),https://quhawks.com/sports/womens-soccer/roster/2025,37,todo,
Quinnipiac,mens-soccer,NCAA D1,MAAC,https://gobobcats.com/sports/mens-soccer/roster/2024,year-swap (direct),https://gobobcats.com/sports/mens-soccer/roster/2025,28,todo,
Quinnipiac,womens-soccer,NCAA D1,Metro,https://gobobcats.com/sports/womens-soccer/roster,wayback — query the CDX API for a late-2024 snapshot of this URL,https://web.archive.org/web/20251126122115/https://gobobcats.com/sports/womens-soccer/roster,28,todo,
Radford,mens-soccer,NCAA D1,Big South,https://radfordathletics.com/sports/mens-soccer/roster,wayback — query the CDX API for a late-2024 snapshot of this URL,https://web.archive.org/web/20250909020813/https://radfordathletics.com/sports/mens-soccer/roster,29,todo,
Radford,womens-soccer,NCAA D1,Big South,https://radfordathletics.com/sports/womens-soccer/roster/2024,year-swap (direct),https://radfordathletics.com/sports/womens-soccer/roster/2025,32,todo,
Ramapo College of New Jersey,womens-soccer,NCAA D3,New Jersey Athletic Conference,https://ramapoathletics.com/sports/womens-soccer/roster/2024,year-swap (direct),https://ramapoathletics.com/sports/womens-soccer/roster/2025,28,todo,
Randolph College,womens-soccer,NCAA D3,Old Dominion Athletic Conference,https://randolphwildcats.com/sports/womens-soccer/roster/2024,year-swap (direct),https://randolphwildcats.com/sports/womens-soccer/roster/2025,22,todo,
Randolph-Macon,mens-soccer,NCAA D3,ODAC,https://rmcathletics.com/sports/mens-soccer/roster/2024,year-swap (direct),https://rmcathletics.com/sports/mens-soccer/roster/2025,38,todo,
Randolph-Macon College,womens-soccer,NCAA D3,Old Dominion Athletic Conference,https://rmcathletics.com/sports/womens-soccer/roster/2024,year-swap (direct),https://rmcathletics.com/sports/womens-soccer/roster/2025,30,todo,
Regent University,womens-soccer,NCAA D3,Coast-to-Coast Athletic Conference,https://regentroyals.com/sports/womens-soccer/roster/2024-26,year-swap (direct),https://regentroyals.com/sports/womens-soccer/roster/2025-26,19,todo,
Regis (CO),mens-soccer,NCAA D2,RMAC,https://regisrangers.com/sports/mens-soccer/roster/2024,year-swap (direct),https://regisrangers.com/sports/mens-soccer/roster/2025,31,todo,
Regis (CO),womens-soccer,NCAA D2,Rocky Mountain Athletic Conference,https://regisrangers.com/sports/womens-soccer/roster/2024,year-swap (direct),https://regisrangers.com/sports/womens-soccer/roster/2025,26,todo,
Rensselaer,mens-soccer,NCAA D3,Liberty League,https://rpiathletics.com/sports/mens-soccer/roster/2024,year-swap (direct),https://rpiathletics.com/sports/mens-soccer/roster/2025,33,todo,
Rensselaer Polytechnic Institute,womens-soccer,NCAA D3,Liberty League,https://rpiathletics.com/sports/womens-soccer/roster/2024,year-swap (direct),https://rpiathletics.com/sports/womens-soccer/roster/2025,26,todo,
Rhode Island,mens-soccer,NCAA D1,Atlantic 10,https://gorhody.com/sports/mens-soccer/roster/2024,year-swap (direct),https://gorhody.com/sports/mens-soccer/roster/2025,28,todo,
Rhode Island,womens-soccer,NCAA D1,Atlantic 10,https://gorhody.com/sports/womens-soccer/roster,no year in URL — check the site for a 2024 season selector,https://gorhody.com/sports/womens-soccer/roster,27,todo,
Rhode Island College,mens-soccer,NCAA D3,LEC,https://goanchormen.com/sports/mens-soccer/roster/2024,year-swap (direct),https://goanchormen.com/sports/mens-soccer/roster/2025,28,todo,
Rhodes,mens-soccer,NCAA D3,SAA,https://rhodeslynx.com/sports/mens-soccer/roster/2024,year-swap (direct),https://rhodeslynx.com/sports/mens-soccer/roster/2025,30,todo,
Rhodes College,womens-soccer,NCAA D3,Southern Athletic Association,https://rhodeslynx.com/sports/womens-soccer/roster/2024,year-swap (direct),https://rhodeslynx.com/sports/womens-soccer/roster/2025,30,todo,
Rice,womens-soccer,NCAA D1,American,https://riceowls.com/sports/womens-soccer/roster,wayback — query the CDX API for a late-2024 snapshot of this URL,https://web.archive.org/web/20251210043204/https://riceowls.com/sports/womens-soccer/roster,30,todo,
Richmond,womens-soccer,NCAA D1,Atlantic 10,https://richmondspiders.com/sports/womens-soccer/roster,wayback — query the CDX API for a late-2024 snapshot of this URL,https://web.archive.org/web/20251229120804/https://richmondspiders.com/sports/womens-soccer/roster,32,todo,
Rider,mens-soccer,NCAA D1,MAAC,https://gobroncs.com/sports/mens-soccer/roster/2024,year-swap (direct),https://gobroncs.com/sports/mens-soccer/roster/2025,27,todo,
Rider,womens-soccer,NCAA D1,Metro,https://gobroncs.com/sports/womens-soccer/roster,no year in URL — check the site for a 2024 season selector,https://gobroncs.com/sports/womens-soccer/roster,24,todo,
Ripon,mens-soccer,NCAA D3,MWC-D3,https://riponredhawks.com/sports/mens-soccer/roster/2024,year-swap (direct),https://riponredhawks.com/sports/mens-soccer/roster/2025,41,todo,
Ripon College,womens-soccer,NCAA D3,Midwest Conference,https://riponredhawks.com/sports/womens-soccer/roster/2024,year-swap (direct),https://riponredhawks.com/sports/womens-soccer/roster/2025,30,todo,
Roanoke,mens-soccer,NCAA D3,ODAC,https://roanokemaroons.com/sports/mens-soccer/roster/2024,year-swap (direct),https://roanokemaroons.com/sports/mens-soccer/roster/2025,31,todo,
Roanoke College,womens-soccer,NCAA D3,Old Dominion Athletic Conference,https://roanokemaroons.com/sports/womens-soccer/roster/2024,year-swap (direct),https://roanokemaroons.com/sports/womens-soccer/roster/2025,34,todo,
Robert Morris,mens-soccer,NCAA D1,Horizon League,https://rmucolonials.com/sports/mens-soccer/roster/2024,year-swap (direct),https://rmucolonials.com/sports/mens-soccer/roster/2025,29,todo,
Robert Morris,womens-soccer,NCAA D1,Horizon,https://rmucolonials.com/sports/womens-soccer/roster,wayback — query the CDX API for a late-2024 snapshot of this URL,https://web.archive.org/web/20251214110353/https://rmucolonials.com/sports/womens-soccer/roster,25,todo,
Roberts Wesleyan,mens-soccer,NCAA D2,ECC,https://robertsredhawks.com/sports/mens-soccer/roster/2024,year-swap (direct),https://robertsredhawks.com/sports/mens-soccer/roster/2025,23,todo,
Roberts Wesleyan,womens-soccer,NCAA D2,East Coast Conference,https://robertsredhawks.com/sports/womens-soccer/roster/2024,year-swap (direct),https://robertsredhawks.com/sports/womens-soccer/roster/2025,26,todo,
Rochester,mens-soccer,NCAA D3,UAA,https://uofrathletics.com/sports/mens-soccer/roster/2024,year-swap (direct),https://uofrathletics.com/sports/mens-soccer/roster/2025,31,todo,
Rochester Institute of Technology,mens-soccer,NCAA D3,Liberty League,https://ritathletics.com/sports/mens-soccer/roster/2024,year-swap (direct),https://ritathletics.com/sports/mens-soccer/roster/2025,27,todo,
Rochester Institute of Technology,womens-soccer,NCAA D3,Liberty League,https://ritathletics.com/sports/womens-soccer/roster/2024,year-swap (direct),https://ritathletics.com/sports/womens-soccer/roster/2025,28,todo,
Rockford University,womens-soccer,NCAA D3,Independent,https://rockfordregents.com/sports/womens-soccer/roster/2024,year-swap (direct),https://rockfordregents.com/sports/womens-soccer/roster/2025,22,todo,
Rockhurst,mens-soccer,NCAA D2,MIAA,https://rockhursthawks.com/sports/mens-soccer/roster/2024,year-swap (direct),https://rockhursthawks.com/sports/mens-soccer/roster/2025,55,todo,
Rockhurst,womens-soccer,NCAA D2,Great Lakes Valley Conference,https://rockhursthawks.com/sports/womens-soccer/roster/2024,year-swap (direct),https://rockhursthawks.com/sports/womens-soccer/roster/2025,29,todo,
Roger Williams,mens-soccer,NCAA D3,CCC,https://rwuhawks.com/sports/mens-soccer/roster/2024,year-swap (direct),https://rwuhawks.com/sports/mens-soccer/roster/2025,34,todo,
Roger Williams University,womens-soccer,NCAA D3,Conference of New England,https://rwuhawks.com/sports/womens-soccer/roster/2024,year-swap (direct),https://rwuhawks.com/sports/womens-soccer/roster/2025,26,todo,
Rogers State,mens-soccer,NCAA D2,Heartland,https://rsuhillcats.com/sports/mens-soccer/roster/2024,year-swap (direct),https://rsuhillcats.com/sports/mens-soccer/roster/2025,36,todo,
Rogers State,womens-soccer,NCAA D2,Mid-America Intercollegiate Athletics Association,https://rsuhillcats.com/sports/womens-soccer/roster/2024,year-swap (direct),https://rsuhillcats.com/sports/womens-soccer/roster/2025,34,todo,
Rollins,mens-soccer,NCAA D2,Sunshine State,https://rollinssports.com/sports/mens-soccer/roster/2024,year-swap (direct),https://rollinssports.com/sports/mens-soccer/roster/2025,36,todo,
Rollins,womens-soccer,NCAA D2,Sunshine State Conference,https://rollinssports.com/sports/womens-soccer/roster/2024,year-swap (direct),https://rollinssports.com/sports/womens-soccer/roster/2025,23,todo,
Roosevelt,mens-soccer,NCAA D2,CCAC,https://rooseveltlakers.com/sports/mens-soccer/roster/2024,year-swap (direct),https://rooseveltlakers.com/sports/mens-soccer/roster/2025,33,todo,
Roosevelt,womens-soccer,NCAA D2,Great Lakes Intercollegiate Athletic Conference,https://rooseveltlakers.com/sports/womens-soccer/roster/2024,year-swap (direct),https://rooseveltlakers.com/sports/womens-soccer/roster/2025,29,todo,
Rose-Hulman,mens-soccer,NCAA D3,HCAC,https://athletics.rose-hulman.edu/sports/mens-soccer/roster/2024,year-swap (direct),https://athletics.rose-hulman.edu/sports/mens-soccer/roster/2025,46,todo,
Rose-Hulman Institute of Technology,womens-soccer,NCAA D3,Heartland Collegiate Athletic Conference,https://athletics.rose-hulman.edu/sports/womens-soccer/roster/2024,year-swap (direct),https://athletics.rose-hulman.edu/sports/womens-soccer/roster/2025,32,todo,
Rowan,mens-soccer,NCAA D3,NJAC,https://rowanathletics.com/sports/mens-soccer/roster/2024,year-swap (direct),https://rowanathletics.com/sports/mens-soccer/roster/2025,30,todo,
Rowan University,womens-soccer,NCAA D3,New Jersey Athletic Conference,https://rowanathletics.com/sports/womens-soccer/roster/2024,year-swap (direct),https://rowanathletics.com/sports/womens-soccer/roster/2025,31,todo,
Rutgers,mens-soccer,NCAA D1,Big Ten,https://scarletknights.com/sports/mens-soccer/roster/2024,year-swap (direct),https://scarletknights.com/sports/mens-soccer/roster/2025,31,todo,
Rutgers,womens-soccer,NCAA D1,Big Ten,https://scarletknights.com/sports/womens-soccer/roster/,wayback — query the CDX API for a late-2024 snapshot of this URL,https://web.archive.org/web/20251211234604/https://scarletknights.com/sports/womens-soccer/roster/,29,todo,
Rutgers University-Camden,womens-soccer,NCAA D3,New Jersey Athletic Conference,https://scarletraptors.com/sports/womens-soccer/roster/2024,year-swap (direct),https://scarletraptors.com/sports/womens-soccer/roster/2025,22,todo,
Rutgers University-Newark,womens-soccer,NCAA D3,New Jersey Athletic Conference,https://rutgersnewarkathletics.com/sports/womens-soccer/roster/2024,year-swap (direct),https://rutgersnewarkathletics.com/sports/womens-soccer/roster/2025,30,todo,
Rutgers-Camden,mens-soccer,NCAA D3,NJAC,https://scarletraptors.com/sports/mens-soccer/roster/2024,year-swap (direct),https://scarletraptors.com/sports/mens-soccer/roster/2025,38,todo,
Rutgers-Newark,mens-soccer,NCAA D3,NJAC,https://rutgersnewarkathletics.com/sports/mens-soccer/roster/2024,year-swap (direct),https://rutgersnewarkathletics.com/sports/mens-soccer/roster/2025,34,todo,
SCAD,mens-soccer,NCAA D3,ASC,https://savannah.scadathletics.com/sports/mens-soccer/roster/2024,year-swap (direct),https://savannah.scadathletics.com/sports/mens-soccer/roster/2025,25,todo,
SIU Edwardsville,womens-soccer,NCAA D1,Ohio Valley,https://siuecougars.com/sports/womens-soccer/roster,wayback — query the CDX API for a late-2024 snapshot of this URL,https://web.archive.org/web/20251208072154/https://siuecougars.com/sports/womens-soccer/roster,27,todo,
SIUE,mens-soccer,NCAA D1,OVC,https://siuecougars.com/sports/mens-soccer/roster/2024,year-swap (direct),https://siuecougars.com/sports/mens-soccer/roster/2025,28,todo,
SMU,mens-soccer,NCAA D1,ACC,https://smumustangs.com/sports/mens-soccer/roster/2024,year-swap (direct),https://smumustangs.com/sports/mens-soccer/roster/2025,30,todo,
SMU,womens-soccer,NCAA D1,ACC,https://smumustangs.com/sports/womens-soccer/roster,wayback — query the CDX API for a late-2024 snapshot of this URL,https://web.archive.org/web/20251008020551/https://smumustangs.com/sports/womens-soccer/roster,26,todo,
SUNY Alfred State,womens-soccer,NCAA D3,Allegheny Mountain Collegiate Conference,https://alfredstateathletics.com/sports/womens-soccer/roster/2024,year-swap (direct),https://alfredstateathletics.com/sports/womens-soccer/roster/2025,30,todo,
SUNY Buffalo State,womens-soccer,NCAA D3,State University of New York Athletic Conference,https://buffalostateathletics.com/sports/womens-soccer/roster/2024,year-swap (direct),https://buffalostateathletics.com/sports/womens-soccer/roster/2025,28,todo,
SUNY Canton,womens-soccer,NCAA D3,State University of New York Athletic Conference,https://rooathletics.com/sports/womens-soccer/roster/2024,year-swap (direct),https://rooathletics.com/sports/womens-soccer/roster/2025,23,todo,
SUNY Cobleskill,womens-soccer,NCAA D3,North Atlantic Conference,https://fightingtigers.cobleskill.edu/sports/womens-soccer/roster/2024,year-swap (direct),https://fightingtigers.cobleskill.edu/sports/womens-soccer/roster/2025,19,todo,
SUNY College at Brockport,womens-soccer,NCAA D3,Empire 8,https://gobrockport.com/sports/womens-soccer/roster/2024,year-swap (direct),https://gobrockport.com/sports/womens-soccer/roster/2025,34,todo,
SUNY College at Cortland,womens-soccer,NCAA D3,State University of New York Athletic Conference,https://www.cortlandreddragons.com/sports/womens-soccer/roster/2024,year-swap (direct),https://www.cortlandreddragons.com/sports/womens-soccer/roster/2025,31,todo,
SUNY College at Geneseo,womens-soccer,NCAA D3,Empire 8,https://geneseoknights.com/sports/womens-soccer/roster/2024,year-swap (direct),https://geneseoknights.com/sports/womens-soccer/roster/2025,29,todo,
SUNY Cortland,mens-soccer,NCAA D3,SUNYAC,https://www.cortlandreddragons.com/sports/mens-soccer/roster/2024,year-swap (direct),https://www.cortlandreddragons.com/sports/mens-soccer/roster/2025,36,todo,
SUNY Delhi,womens-soccer,NCAA D3,North Atlantic Conference,https://delhibroncos.com/sports/wsoc/2024-26/roster,year-swap (direct),https://delhibroncos.com/sports/wsoc/2025-26/roster,19,todo,
SUNY Fredonia,womens-soccer,NCAA D3,State University of New York Athletic Conference,https://fredoniabluedevils.com/sports/womens-soccer/roster/2024,year-swap (direct),https://fredoniabluedevils.com/sports/womens-soccer/roster/2025,23,todo,
SUNY Geneseo,mens-soccer,NCAA D3,SUNYAC,https://geneseoknights.com/sports/mens-soccer/roster/2024,year-swap (direct),https://geneseoknights.com/sports/mens-soccer/roster/2025,26,todo,
SUNY Maritime College,womens-soccer,NCAA D3,Skyline Conference,https://maritimeathletics.com/sports/womens-soccer/roster/2024,year-swap (direct),https://maritimeathletics.com/sports/womens-soccer/roster/2025,26,todo,
SUNY Morrisville,womens-soccer,NCAA D3,State University of New York Athletic Conference,https://morrisvillemustangs.com/sports/womens-soccer/roster/2024,year-swap (direct),https://morrisvillemustangs.com/sports/womens-soccer/roster/2025,19,todo,
SUNY New Paltz,mens-soccer,NCAA D3,SUNYAC,https://nphawks.com/sports/mens-soccer/roster/2024,year-swap (direct),https://nphawks.com/sports/mens-soccer/roster/2025,25,todo,
SUNY New Paltz,womens-soccer,NCAA D3,State University of New York Athletic Conference,https://nphawks.com/sports/womens-soccer/roster/2024,year-swap (direct),https://nphawks.com/sports/womens-soccer/roster/2025,20,todo,
SUNY Old Westbury,mens-soccer,NCAA D3,Skyline,https://www.oldwestburypanthers.com/sports/mens-soccer/roster/2024,year-swap (direct),https://www.oldwestburypanthers.com/sports/mens-soccer/roster/2025,30,todo,
SUNY Old Westbury,womens-soccer,NCAA D3,Skyline Conference,https://oldwestburypanthers.com/sports/womens-soccer/roster/2024,year-swap (direct),https://oldwestburypanthers.com/sports/womens-soccer/roster/2025,17,todo,
SUNY Oneonta,mens-soccer,NCAA D3,SUNYAC,https://oneontaathletics.com/sports/mens-soccer/roster/2024,year-swap (direct),https://oneontaathletics.com/sports/mens-soccer/roster/2025,31,todo,
SUNY Oneonta,womens-soccer,NCAA D3,State University of New York Athletic Conference,https://oneontaathletics.com/sports/womens-soccer/roster/2024,year-swap (direct),https://oneontaathletics.com/sports/womens-soccer/roster/2025,32,todo,
SUNY Oswego,mens-soccer,NCAA D3,SUNYAC,https://oswegolakers.com/sports/mens-soccer/roster/2024,year-swap (direct),https://oswegolakers.com/sports/mens-soccer/roster/2025,31,todo,
SUNY Oswego,womens-soccer,NCAA D3,State University of New York Athletic Conference,https://oswegolakers.com/sports/womens-soccer/roster/2024,year-swap (direct),https://oswegolakers.com/sports/womens-soccer/roster/2025,31,todo,
SUNY Plattsburgh,womens-soccer,NCAA D3,State University of New York Athletic Conference,https://gocardinalsports.com/sports/womens-soccer/roster/2024,year-swap (direct),https://gocardinalsports.com/sports/womens-soccer/roster/2025,35,todo,
SUNY Polytechnic Institute,womens-soccer,NCAA D3,Empire 8,https://wildcats.sunypoly.edu/sports/womens-soccer/roster/2024,year-swap (direct),https://wildcats.sunypoly.edu/sports/womens-soccer/roster/2025,14,todo,
SUNY Potsdam,mens-soccer,NCAA D3,SUNYAC,https://potsdambears.com/sports/mens-soccer/roster/2024,year-swap (direct),https://potsdambears.com/sports/mens-soccer/roster/2025,23,todo,
SUNY Potsdam,womens-soccer,NCAA D3,State University of New York Athletic Conference,https://potsdambears.com/sports/womens-soccer/roster/2024,year-swap (direct),https://potsdambears.com/sports/womens-soccer/roster/2025,24,todo,
SUNY Purchase College,womens-soccer,NCAA D3,Skyline Conference,https://www.purchasecollegeathletics.com/sports/womens-soccer/roster/2024,year-swap (direct),https://www.purchasecollegeathletics.com/sports/womens-soccer/roster/2025,21,todo,
Sacramento State,mens-soccer,NCAA D1,Big Sky,https://hornetsports.com/sports/mens-soccer/roster/2024,year-swap (direct),https://hornetsports.com/sports/mens-soccer/roster/2025,28,todo,
Sacramento State,womens-soccer,NCAA D1,Big West,https://hornetsports.com/sports/womens-soccer/roster,wayback — query the CDX API for a late-2024 snapshot of this URL,https://web.archive.org/web/20251113141124/https://hornetsports.com/sports/womens-soccer/roster,28,todo,
Sacred Heart,mens-soccer,NCAA D1,NEC,https://sacredheartpioneers.com/sports/mens-soccer/roster/2024,year-swap (direct),https://sacredheartpioneers.com/sports/mens-soccer/roster/2025,31,todo,
Sacred Heart,womens-soccer,NCAA D1,Metro,https://sacredheartpioneers.com/sports/womens-soccer/roster,wayback — query the CDX API for a late-2024 snapshot of this URL,https://web.archive.org/web/20251206055452/https://sacredheartpioneers.com/sports/womens-soccer/roster,36,todo,
Saginaw Valley State,mens-soccer,NCAA D2,GLIAC,https://svsucardinals.com/sports/msoc/roster/2024,year-swap (direct),https://svsucardinals.com/sports/msoc/roster/2025,28,todo,
Saginaw Valley State,womens-soccer,NCAA D2,Great Lakes Intercollegiate Athletic Conference,https://svsucardinals.com/sports/womens-soccer/roster/2024,year-swap (direct),https://svsucardinals.com/sports/womens-soccer/roster/2025,30,todo,
Saint Anselm,mens-soccer,NCAA D2,Northeast-10,https://saintanselmhawks.com/sports/mens-soccer/roster/2024,year-swap (direct),https://saintanselmhawks.com/sports/mens-soccer/roster/2025,35,todo,
Saint Anselm,womens-soccer,NCAA D2,Northeast-10 Conference,https://saintanselmhawks.com/sports/womens-soccer/roster/2024,year-swap (direct),https://saintanselmhawks.com/sports/womens-soccer/roster/2025,38,todo,
Saint Elizabeth University,womens-soccer,NCAA D3,United East Conference,https://seueagles.com/sports/womens-soccer/roster/2024,year-swap (direct),https://seueagles.com/sports/womens-soccer/roster/2025,13,todo,
Saint Francis (PA),mens-soccer,NCAA D1,NEC,https://sfuathletics.com/sports/mens-soccer/roster/2024,year-swap (direct),https://sfuathletics.com/sports/mens-soccer/roster/2025,28,todo,
Saint John Fisher,mens-soccer,NCAA D3,Empire 8,https://sjfathletics.com/sports/mens-soccer/roster/2024,year-swap (direct),https://sjfathletics.com/sports/mens-soccer/roster/2025,32,todo,
Saint John Fisher University,womens-soccer,NCAA D3,Empire 8,https://sjfathletics.com/sports/womens-soccer/roster/2024,year-swap (direct),https://sjfathletics.com/sports/womens-soccer/roster/2025,26,todo,
Saint Joseph's,mens-soccer,NCAA D1,Atlantic 10,https://sjuhawks.com/sports/mens-soccer/roster/2024,year-swap (direct),https://sjuhawks.com/sports/mens-soccer/roster/2025,33,todo,
Saint Joseph's,womens-soccer,NCAA D1,Atlantic 10,https://sjuhawks.com/sports/womens-soccer/roster,wayback — query the CDX API for a late-2024 snapshot of this URL,https://web.archive.org/web/20251223051302/https://sjuhawks.com/sports/womens-soccer/roster,31,todo,
Saint Joseph's (ME),mens-soccer,NCAA D3,NAC,https://gomonks.com/sports/mens-soccer/roster/2024,year-swap (direct),https://gomonks.com/sports/mens-soccer/roster/2025,29,todo,
Saint Lawrence,mens-soccer,NCAA D3,Liberty League,https://saintsathletics.com/sports/mens-soccer/roster/2024,year-swap (direct),https://saintsathletics.com/sports/mens-soccer/roster/2025,31,todo,
Saint Leo,mens-soccer,NCAA D2,Sunshine State,https://saintleolions.com/sports/mens-soccer/roster/2024,year-swap (direct),https://saintleolions.com/sports/mens-soccer/roster/2025,33,todo,
Saint Leo,womens-soccer,NCAA D2,Sunshine State Conference,https://saintleolions.com/sports/womens-soccer/roster/2024,year-swap (direct),https://saintleolions.com/sports/womens-soccer/roster/2025,34,todo,
Saint Louis,mens-soccer,NCAA D1,Atlantic 10,https://slubillikens.com/sports/mens-soccer/roster/2024,year-swap (direct),https://slubillikens.com/sports/mens-soccer/roster/2025,30,todo,
Saint Louis,womens-soccer,NCAA D1,Atlantic 10,https://slubillikens.com/sports/womens-soccer/roster,wayback — query the CDX API for a late-2024 snapshot of this URL,https://web.archive.org/web/20251112100535/https://slubillikens.com/sports/womens-soccer/roster,28,todo,
Saint Martin's,mens-soccer,NCAA D2,GNAC,https://smusaints.com/sports/mens-soccer/roster/2024,year-swap (direct),https://smusaints.com/sports/mens-soccer/roster/2025,35,todo,
Saint Martin's,womens-soccer,NCAA D2,Great Northwest Athletic Conference,https://smusaints.com/sports/womens-soccer/roster/2024,year-swap (direct),https://smusaints.com/sports/womens-soccer/roster/2025,22,todo,
Saint Mary's,mens-soccer,NCAA D1,WCC,https://smcgaels.com/sports/mens-soccer/roster/2024,year-swap (direct),https://smcgaels.com/sports/mens-soccer/roster/2025,28,todo,
Saint Mary's,womens-soccer,NCAA D1,West Coast,https://smcgaels.com/sports/womens-soccer/roster,wayback — query the CDX API for a late-2024 snapshot of this URL,https://web.archive.org/web/20251205054157/https://smcgaels.com/sports/womens-soccer/roster,30,todo,
Saint Mary's (MN),mens-soccer,NCAA D3,MIAC,https://saintmaryssports.com/sports/mens-soccer/roster/2024,year-swap (direct),https://saintmaryssports.com/sports/mens-soccer/roster/2025,34,todo,
Saint Mary's University of Minnesota,womens-soccer,NCAA D3,Minnesota Intercollegiate Athletic Conference,https://saintmaryssports.com/sports/womens-soccer/roster/2024,year-swap (direct),https://saintmaryssports.com/sports/womens-soccer/roster/2025,42,todo,
Saint Michael's,mens-soccer,NCAA D2,Northeast-10,https://smcathletics.com/sports/msoc/roster/2024,year-swap (direct),https://smcathletics.com/sports/msoc/roster/2025,38,todo,
Saint Michael's,womens-soccer,NCAA D2,Northeast-10 Conference,https://smcathletics.com/sports/womens-soccer/roster/2024,year-swap (direct),https://smcathletics.com/sports/womens-soccer/roster/2025,39,todo,
Saint Norbert College,womens-soccer,NCAA D3,Northern Athletics Collegiate Conference,https://athletics.snc.edu/sports/womens-soccer/roster/2024,year-swap (direct),https://athletics.snc.edu/sports/womens-soccer/roster/2025,30,todo,
Saint Olaf,mens-soccer,NCAA D3,MIAC,https://athletics.stolaf.edu/sports/mens-soccer/roster/2024,year-swap (direct),https://athletics.stolaf.edu/sports/mens-soccer/roster/2025,32,todo,
Saint Peter's,mens-soccer,NCAA D1,MAAC,https://saintpeterspeacocks.com/sports/mens-soccer/roster/2024,year-swap (direct),https://saintpeterspeacocks.com/sports/mens-soccer/roster/2025,37,todo,
Saint Peter's,womens-soccer,NCAA D1,Metro,https://saintpeterspeacocks.com/sports/womens-soccer/roster,no year in URL — check the site for a 2024 season selector,https://saintpeterspeacocks.com/sports/womens-soccer/roster,23,todo,
Saint Vincent,mens-soccer,NCAA D3,PAC,https://athletics.stvincent.edu/sports/mens-soccer/roster/2024,year-swap (direct),https://athletics.stvincent.edu/sports/mens-soccer/roster/2025,33,todo,
Saint Vincent College,womens-soccer,NCAA D3,Presidents' Athletic Conference,https://athletics.stvincent.edu/sports/womens-soccer/roster/2024,year-swap (direct),https://athletics.stvincent.edu/sports/womens-soccer/roster/2025,31,todo,
Salem,mens-soccer,NCAA D2,SAC,https://salemtigers.com/sports/mens-soccer/roster/2024,year-swap (direct),https://salemtigers.com/sports/mens-soccer/roster/2025,43,todo,
Salem,womens-soccer,NCAA D2,Independent,https://salemtigers.com/sports/womens-soccer/roster/2024,year-swap (direct),https://salemtigers.com/sports/womens-soccer/roster/2025,40,todo,
Salem College,womens-soccer,NCAA D3,USA South Athletic Conference,https://salemcollegeathletics.com/sports/womens-soccer/roster/2024,year-swap (direct),https://salemcollegeathletics.com/sports/womens-soccer/roster/2025,21,todo,
Salem State University,womens-soccer,NCAA D3,Massachusetts State Collegiate Athletic Conference,https://salemstatevikings.com/sports/wsoc/2024-26/roster,year-swap (direct),https://salemstatevikings.com/sports/wsoc/2025-26/roster,21,todo,
Salisbury,mens-soccer,NCAA D3,CAC,https://suseagulls.com/sports/mens-soccer/roster/2024,year-swap (direct),https://suseagulls.com/sports/mens-soccer/roster/2025,35,todo,
Salisbury University,womens-soccer,NCAA D3,Coast-to-Coast Athletic Conference,https://suseagulls.com/sports/womens-soccer/roster/2024,year-swap (direct),https://suseagulls.com/sports/womens-soccer/roster/2025,34,todo,
Salve Regina,mens-soccer,NCAA D3,CCC,https://salveathletics.com/sports/mens-soccer/roster/2024,year-swap (direct),https://salveathletics.com/sports/mens-soccer/roster/2025,36,todo,
Salve Regina University,womens-soccer,NCAA D3,New England Women's and Men's Athletic Conference,https://salveathletics.com/sports/womens-soccer/roster/2024,year-swap (direct),https://salveathletics.com/sports/womens-soccer/roster/2025,35,todo,
Sam Houston,womens-soccer,NCAA D1,CUSA,https://gobearkats.com/sports/womens-soccer/roster,wayback — query the CDX API for a late-2024 snapshot of this URL,https://web.archive.org/web/20251217155216/https://gobearkats.com/sports/womens-soccer/roster,28,todo,
Samford,womens-soccer,NCAA D1,Southern,https://samfordsports.com/sports/womens-soccer/roster,wayback — query the CDX API for a late-2024 snapshot of this URL,https://web.archive.org/web/20251230145358/https://samfordsports.com/sports/womens-soccer/roster,29,todo,
San Diego,mens-soccer,NCAA D1,WCC,https://usdtoreros.com/sports/mens-soccer/roster/2024,year-swap (direct),https://usdtoreros.com/sports/mens-soccer/roster/2025,37,todo,
San Diego,womens-soccer,NCAA D1,West Coast,https://usdtoreros.com/sports/womens-soccer/roster,wayback — query the CDX API for a late-2024 snapshot of this URL,https://web.archive.org/web/20251113081339/https://usdtoreros.com/sports/womens-soccer/roster,30,todo,
San Diego State,mens-soccer,NCAA D1,Mountain West,https://goaztecs.com/sports/mens-soccer/roster/season/2024,year-swap (direct),https://goaztecs.com/sports/mens-soccer/roster/season/2025,27,todo,
San Diego State,womens-soccer,NCAA D1,Pac-12,https://goaztecs.com/sports/womens-soccer/roster/season/2024,year-swap (direct),https://goaztecs.com/sports/womens-soccer/roster/season/2025,25,todo,
San Francisco,mens-soccer,NCAA D1,WCC,https://usfdons.com/sports/mens-soccer/roster/2024,year-swap (direct),https://usfdons.com/sports/mens-soccer/roster/2025,30,todo,
San Francisco,womens-soccer,NCAA D1,West Coast,https://usfdons.com/sports/womens-soccer/roster,wayback — query the CDX API for a late-2024 snapshot of this URL,https://web.archive.org/web/20251230024218/https://usfdons.com/sports/womens-soccer/roster,27,todo,
San Francisco State,mens-soccer,NCAA D2,CCAA,https://sfstategators.com/sports/mens-soccer/roster,no year in URL — check the site for a 2024 season selector,https://sfstategators.com/sports/mens-soccer/roster,30,todo,
San Francisco State,womens-soccer,NCAA D2,California Collegiate Athletic Association,https://sfstategators.com/sports/womens-soccer/roster/2024,year-swap (direct),https://sfstategators.com/sports/womens-soccer/roster/2025,25,todo,
San Jose State,mens-soccer,NCAA D1,Mountain West,https://sjsuspartans.com/sports/mens-soccer/roster/season/2024,year-swap (direct),https://sjsuspartans.com/sports/mens-soccer/roster/season/2025,31,todo,
San Jose State,womens-soccer,NCAA D1,Mountain West,https://sjsuspartans.com/sports/womens-soccer/roster/season/2024,year-swap (direct),https://sjsuspartans.com/sports/womens-soccer/roster/season/2025,30,todo,
Santa Clara,mens-soccer,NCAA D1,WCC,https://santaclarabroncos.com/sports/mens-soccer/roster/2024,year-swap (direct),https://santaclarabroncos.com/sports/mens-soccer/roster/2025,30,todo,
Santa Clara,womens-soccer,NCAA D1,West Coast,https://santaclarabroncos.com/sports/womens-soccer/roster,wayback — query the CDX API for a late-2024 snapshot of this URL,https://web.archive.org/web/20251116001836/https://santaclarabroncos.com/sports/womens-soccer/roster,30,todo,
Sarah Lawrence College,womens-soccer,NCAA D3,Skyline Conference,https://gogryphons.com/sports/womens-soccer/roster/2024,year-swap (direct),https://gogryphons.com/sports/womens-soccer/roster/2025,23,todo,
Schreiner University,womens-soccer,NCAA D3,Southern Collegiate Athletic Conference,https://schreinermountaineers.com/sports/wsoc/2024-26/roster,year-swap (direct),https://schreinermountaineers.com/sports/wsoc/2025-26/roster,20,todo,
Scranton,mens-soccer,NCAA D3,Landmark,https://athletics.scranton.edu/sports/mens-soccer/roster/2024,year-swap (direct),https://athletics.scranton.edu/sports/mens-soccer/roster/2025,38,todo,
Scripps College,womens-soccer,NCAA D3,Southern California Intercollegiate Athletic Conference,https://cmsathletics.org/sports/womens-soccer/roster/2024,year-swap (direct),https://cmsathletics.org/sports/womens-soccer/roster/2025,31,todo,
Seattle,mens-soccer,NCAA D1,WAC,https://goseattleu.com/sports/mens-soccer/roster/player/owen-purvis,no year in URL — check the site for a 2024 season selector,https://goseattleu.com/sports/mens-soccer/roster/player/owen-purvis,29,todo,
Seattle,womens-soccer,NCAA D1,West Coast,https://goseattleu.com/sports/womens-soccer/roster/season/2024,year-swap (direct),https://goseattleu.com/sports/womens-soccer/roster/season/2025,32,todo,
Seattle Pacific,mens-soccer,NCAA D2,GNAC,https://spufalcons.com/sports/mens-soccer/roster/2024,year-swap (direct),https://spufalcons.com/sports/mens-soccer/roster/2025,31,todo,
Seattle Pacific,womens-soccer,NCAA D2,Great Northwest Athletic Conference,https://spufalcons.com/sports/womens-soccer/roster/2024,year-swap (direct),https://spufalcons.com/sports/womens-soccer/roster/2025,29,todo,
Seton Hall,mens-soccer,NCAA D1,Big East,https://shupirates.com/sports/mens-soccer/roster/2024,year-swap (direct),https://shupirates.com/sports/mens-soccer/roster/2025,28,todo,
Seton Hall,womens-soccer,NCAA D1,Big East,https://shupirates.com/sports/womens-soccer/roster,wayback — query the CDX API for a late-2024 snapshot of this URL,https://web.archive.org/web/20251005031731/https://shupirates.com/sports/womens-soccer/roster,25,todo,
Seton Hill,mens-soccer,NCAA D2,PSAC,https://athletics.setonhill.edu/sports/mens-soccer/roster/2024,year-swap (direct),https://athletics.setonhill.edu/sports/mens-soccer/roster/2025,45,todo,
Seton Hill,womens-soccer,NCAA D2,Pennsylvania State Athletic Conference,https://athletics.setonhill.edu/sports/womens-soccer/roster/2024,year-swap (direct),https://athletics.setonhill.edu/sports/womens-soccer/roster/2025,35,todo,
Sewanee: The University of the South,womens-soccer,NCAA D3,Southern Athletic Association,https://sewaneetigers.com/sports/womens-soccer/roster/2024,year-swap (direct),https://sewaneetigers.com/sports/womens-soccer/roster/2025,31,todo,
Shaw,mens-soccer,NCAA D2,CIAA,https://shawbears.com/sports/mens-soccer/roster/2024,year-swap (direct),https://shawbears.com/sports/mens-soccer/roster/2025,35,todo,
Shaw,womens-soccer,NCAA D2,Independent,https://shawbears.com/sports/womens-soccer/roster/2024,year-swap (direct),https://shawbears.com/sports/womens-soccer/roster/2025,29,todo,
Shawnee State,mens-soccer,NCAA D2,GMAC,https://ssubears.com/sports/mens-soccer/roster/2024,year-swap (direct),https://ssubears.com/sports/mens-soccer/roster/2025,26,todo,
Shawnee State,womens-soccer,NCAA D2,Mountain East Conference,https://ssubears.com/sports/womens-soccer/roster/2024,year-swap (direct),https://ssubears.com/sports/womens-soccer/roster/2025,25,todo,
Shenandoah,mens-soccer,NCAA D3,ODAC,https://suhornets.com/sports/mens-soccer/roster/2024,year-swap (direct),https://suhornets.com/sports/mens-soccer/roster/2025,32,todo,
Shenandoah University,womens-soccer,NCAA D3,Old Dominion Athletic Conference,https://suhornets.com/sports/womens-soccer/roster/2024,year-swap (direct),https://suhornets.com/sports/womens-soccer/roster/2025,36,todo,
Shepherd,mens-soccer,NCAA D2,Mountain East,https://shepherdrams.com/sports/mens-soccer/roster/2024,year-swap (direct),https://shepherdrams.com/sports/mens-soccer/roster/2025,27,todo,
Shepherd,womens-soccer,NCAA D2,Pennsylvania State Athletic Conference,https://shepherdrams.com/sports/womens-soccer/roster/2024,year-swap (direct),https://shepherdrams.com/sports/womens-soccer/roster/2025,30,todo,
Shippensburg,mens-soccer,NCAA D2,PSAC,https://shipraiders.com/sports/mens-soccer/roster/2024,year-swap (direct),https://shipraiders.com/sports/mens-soccer/roster/2025,28,todo,
Shippensburg,womens-soccer,NCAA D2,Pennsylvania State Athletic Conference,https://shipraiders.com/sports/womens-soccer/roster/2024,year-swap (direct),https://shipraiders.com/sports/womens-soccer/roster/2025,30,todo,
Shorter,mens-soccer,NCAA D2,Peach Belt,https://goshorterhawks.com/sports/mens-soccer/roster/2024,year-swap (direct),https://goshorterhawks.com/sports/mens-soccer/roster/2025,34,todo,
Shorter,womens-soccer,NCAA D2,Conference Carolinas,https://goshorterhawks.com/sports/womens-soccer/roster/2024,year-swap (direct),https://goshorterhawks.com/sports/womens-soccer/roster/2025,21,todo,
Siena,mens-soccer,NCAA D1,MAAC,https://sienasaints.com/sports/mens-soccer/roster/2024,year-swap (direct),https://sienasaints.com/sports/mens-soccer/roster/2025,26,todo,
Siena,womens-soccer,NCAA D1,Metro,https://sienasaints.com/sports/womens-soccer/roster,wayback — query the CDX API for a late-2024 snapshot of this URL,https://web.archive.org/web/20251218174110/https://sienasaints.com/sports/womens-soccer/roster,27,todo,
Simon Fraser,mens-soccer,NCAA D2,GNAC,https://athletics.sfu.ca/sports/mens-soccer/roster/2024,year-swap (direct),https://athletics.sfu.ca/sports/mens-soccer/roster/2025,29,todo,
Simon Fraser,womens-soccer,NCAA D2,Great Northwest Athletic Conference,https://athletics.sfu.ca/sports/womens-soccer/roster/2024,year-swap (direct),https://athletics.sfu.ca/sports/womens-soccer/roster/2025,24,todo,
Simpson (IA),mens-soccer,NCAA D3,Iowa Conference,https://www.simpsonathletics.com/sports/msoc/2024-26/roster,year-swap (direct),https://www.simpsonathletics.com/sports/msoc/2025-26/roster,37,todo,
Simpson College,womens-soccer,NCAA D3,American Rivers Conference,https://www.simpsonathletics.com/sports/wsoc/2024-26/roster,year-swap (direct),https://www.simpsonathletics.com/sports/wsoc/2025-26/roster,39,todo,
Sioux Falls,womens-soccer,NCAA D2,Northern Sun Intercollegiate Conference,https://usfcougars.com/sports/womens-soccer/roster/2024,year-swap (direct),https://usfcougars.com/sports/womens-soccer/roster/2025,27,todo,
Skidmore,mens-soccer,NCAA D3,Liberty League,https://skidmoreathletics.com/sports/mens-soccer/roster/2024,year-swap (direct),https://skidmoreathletics.com/sports/mens-soccer/roster/2025,32,todo,
Skidmore College,womens-soccer,NCAA D3,Liberty League,https://skidmoreathletics.com/sports/womens-soccer/roster/2024,year-swap (direct),https://skidmoreathletics.com/sports/womens-soccer/roster/2025,29,todo,
Slippery Rock,mens-soccer,NCAA D2,PSAC,https://rockathletics.com/sports/mens-soccer/roster/2024,year-swap (direct),https://rockathletics.com/sports/mens-soccer/roster/2025,28,todo,
Slippery Rock,womens-soccer,NCAA D2,Pennsylvania State Athletic Conference,https://rockathletics.com/sports/womens-soccer/roster/2024,year-swap (direct),https://rockathletics.com/sports/womens-soccer/roster/2025,34,todo,
Smith College,womens-soccer,NCAA D3,New England Women's and Men's Athletic Conference,https://gosmithbears.com/sports/womens-soccer/roster/2024,year-swap (direct),https://gosmithbears.com/sports/womens-soccer/roster/2025,23,todo,
South Alabama,womens-soccer,NCAA D1,Sun Belt,https://usajaguars.com/sports/womens-soccer/roster,wayback — query the CDX API for a late-2024 snapshot of this URL,https://web.archive.org/web/20251212012407/https://usajaguars.com/sports/womens-soccer/roster,24,todo,
South Carolina,mens-soccer,NCAA D1,SEC,https://gamecocksonline.com/sports/msoc/roster/season/2024,year-swap (direct),https://gamecocksonline.com/sports/msoc/roster/season/2025,28,todo,
South Carolina,womens-soccer,NCAA D1,SEC,https://gamecocksonline.com/sports/wsoc/roster/season/2024,year-swap (direct),https://gamecocksonline.com/sports/wsoc/roster/season/2025,28,todo,
South Carolina Aiken,mens-soccer,NCAA D2,Peach Belt,https://pacersports.com/sports/mens-soccer/roster/2024,year-swap (direct),https://pacersports.com/sports/mens-soccer/roster/2025,37,todo,
South Carolina Aiken,womens-soccer,NCAA D2,Peach Belt Conference,https://pacersports.com/sports/womens-soccer/roster/2024,year-swap (direct),https://pacersports.com/sports/womens-soccer/roster/2025,28,todo,
South Carolina Beaufort,womens-soccer,NCAA D2,Peach Belt Conference,https://uscbathletics.com/sports/womens-soccer/roster/2024,year-swap (direct),https://uscbathletics.com/sports/womens-soccer/roster/2025,31,todo,
South Carolina State,womens-soccer,NCAA D1,Independent,https://www.scsuathletics.com/sports/womens-soccer/roster,no year in URL — check the site for a 2024 season selector,https://www.scsuathletics.com/sports/womens-soccer/roster,18,todo,
South Dakota,womens-soccer,NCAA D1,Summit,https://goyotes.com/sports/womens-soccer/roster,wayback — query the CDX API for a late-2024 snapshot of this URL,https://web.archive.org/web/20251118051642/https://goyotes.com/sports/womens-soccer/roster,29,todo,
South Dakota Mines,mens-soccer,NCAA D2,RMAC,https://gorockers.com/sports/mens-soccer/roster/2024,year-swap (direct),https://gorockers.com/sports/mens-soccer/roster/2025,37,todo,
South Dakota State,womens-soccer,NCAA D1,Summit,https://gojacks.com/sports/womens-soccer/roster,wayback — query the CDX API for a late-2024 snapshot of this URL,https://web.archive.org/web/20251210183224/https://gojacks.com/sports/womens-soccer/roster,28,todo,
South Florida,mens-soccer,NCAA D1,AAC,https://gousfbulls.com/sports/mens-soccer/roster/2024,year-swap (direct),https://gousfbulls.com/sports/mens-soccer/roster/2025,27,todo,
South Florida,womens-soccer,NCAA D1,American,https://gousfbulls.com/sports/womens-soccer/roster,wayback — query the CDX API for a late-2024 snapshot of this URL,https://web.archive.org/web/20251112165200/https://gousfbulls.com/sports/womens-soccer/roster,29,todo,
Southeast Missouri State,womens-soccer,NCAA D1,Ohio Valley,https://semoredhawks.com/sports/womens-soccer/roster,no year in URL — check the site for a 2024 season selector,https://semoredhawks.com/sports/womens-soccer/roster,32,todo,
Southeastern Louisiana,womens-soccer,NCAA D1,Southland,https://lionsports.net/sports/womens-soccer/roster,no year in URL — check the site for a 2024 season selector,https://lionsports.net/sports/womens-soccer/roster,32,todo,
Southern,womens-soccer,NCAA D1,SWAC,https://gojagsports.com/sports/womens-soccer/roster,wayback — query the CDX API for a late-2024 snapshot of this URL,https://web.archive.org/web/20260219190758/https://gojagsports.com/sports/womens-soccer/roster,30,todo,
Southern Connecticut State,mens-soccer,NCAA D2,Northeast-10,https://scsuowls.com/sports/mens-soccer/roster/2024,year-swap (direct),https://scsuowls.com/sports/mens-soccer/roster/2025,28,todo,
Southern Connecticut State,womens-soccer,NCAA D2,Northeast-10 Conference,https://scsuowls.com/sports/womens-soccer/roster/2024,year-swap (direct),https://scsuowls.com/sports/womens-soccer/roster/2025,26,todo,
Southern Illinois,womens-soccer,NCAA D1,Missouri Valley,https://siusalukis.com/sports/womens-soccer/roster,wayback — query the CDX API for a late-2024 snapshot of this URL,https://web.archive.org/web/20251112003241/https://siusalukis.com/sports/womens-soccer/roster,25,todo,
Southern Indiana,mens-soccer,NCAA D1,OVC,https://usiscreamingeagles.com/sports/mens-soccer/roster/2024,year-swap (direct),https://usiscreamingeagles.com/sports/mens-soccer/roster/2025,26,todo,
Southern Indiana,womens-soccer,NCAA D1,Ohio Valley,https://usiscreamingeagles.com/sports/womens-soccer/roster,wayback — query the CDX API for a late-2024 snapshot of this URL,https://web.archive.org/web/20251222130042/https://usiscreamingeagles.com/sports/womens-soccer/roster,30,todo,
Southern Maine,mens-soccer,NCAA D3,LEC,https://southernmainehuskies.com/sports/mens-soccer/roster/2024,year-swap (direct),https://southernmainehuskies.com/sports/mens-soccer/roster/2025,34,todo,
Southern Miss,womens-soccer,NCAA D1,Sun Belt,https://southernmiss.com/sports/womens-soccer/roster/,wayback — query the CDX API for a late-2024 snapshot of this URL,https://web.archive.org/web/20251019144310/https://southernmiss.com/sports/womens-soccer/roster/,26,todo,
Southern Nazarene,mens-soccer,NCAA D2,Heartland,https://snuathletics.com/sports/mens-soccer/roster/2024,year-swap (direct),https://snuathletics.com/sports/mens-soccer/roster/2025,30,todo,
Southern Nazarene,womens-soccer,NCAA D2,Great American Conference,https://snuathletics.com/sports/womens-soccer/roster/2024,year-swap (direct),https://snuathletics.com/sports/womens-soccer/roster/2025,32,todo,
Southern New Hampshire,mens-soccer,NCAA D2,Northeast-10,https://snhupenmen.com/sports/msoc/roster/2024,year-swap (direct),https://snhupenmen.com/sports/msoc/roster/2025,29,todo,
Southern New Hampshire,womens-soccer,NCAA D2,Northeast-10 Conference,https://snhupenmen.com/sports/womens-soccer/roster/2024,year-swap (direct),https://snhupenmen.com/sports/womens-soccer/roster/2025,29,todo,
Southern Utah,womens-soccer,NCAA D1,Big Sky,,no source URL recorded — discover from scratch,,31,todo,
Southern Virginia,mens-soccer,NCAA D3,ODAC,https://knightathletics.com/sports/mens-soccer/roster/2024,year-swap (direct),https://knightathletics.com/sports/mens-soccer/roster/2025,37,todo,
Southern Virginia University,womens-soccer,NCAA D3,USA South Athletic Conference,https://knightathletics.com/sports/womens-soccer/roster/2024,year-swap (direct),https://knightathletics.com/sports/womens-soccer/roster/2025,31,todo,
Southern Wesleyan,mens-soccer,NCAA D2,SAC,https://swuathletics.com/sports/msoc/roster/2024,year-swap (direct),https://swuathletics.com/sports/msoc/roster/2025,31,todo,
Southern Wesleyan,womens-soccer,NCAA D2,Conference Carolinas,https://swuathletics.com/sports/womens-soccer/roster/2024,year-swap (direct),https://swuathletics.com/sports/womens-soccer/roster/2025,29,todo,
Southwest Baptist,mens-soccer,NCAA D2,MIAA,https://sbubearcats.com/sports/mens-soccer/roster/2024,year-swap (direct),https://sbubearcats.com/sports/mens-soccer/roster/2025,32,todo,
Southwest Baptist,womens-soccer,NCAA D2,Great Lakes Valley Conference,https://sbubearcats.com/sports/womens-soccer/roster/2024,year-swap (direct),https://sbubearcats.com/sports/womens-soccer/roster/2025,32,todo,
Southwest Minnesota State,womens-soccer,NCAA D2,Northern Sun Intercollegiate Conference,https://smsumustangs.com/sports/womens-soccer/roster/2024,year-swap (direct),https://smsumustangs.com/sports/womens-soccer/roster/2025,24,todo,
Southwestern (TX),mens-soccer,NCAA D3,ASC,https://southwesternpirates.com/sports/mens-soccer/roster/2024,year-swap (direct),https://southwesternpirates.com/sports/mens-soccer/roster/2025,31,todo,
Southwestern Oklahoma State,womens-soccer,NCAA D2,Great American Conference,https://swosuathletics.com/sports/womens-soccer/roster/2024,year-swap (direct),https://swosuathletics.com/sports/womens-soccer/roster/2025,30,todo,
Southwestern University,womens-soccer,NCAA D3,Southern Athletic Association,https://southwesternpirates.com/sports/womens-soccer/roster/2024,year-swap (direct),https://southwesternpirates.com/sports/womens-soccer/roster/2025,35,todo,
Spalding University,womens-soccer,NCAA D3,St. Louis Intercollegiate Athletic Conference,https://spaldingathletics.com/sports/womens-soccer/roster/2024,year-swap (direct),https://spaldingathletics.com/sports/womens-soccer/roster/2025,26,todo,
Spring Hill,mens-soccer,NCAA D2,GSC,https://shcbadgers.com/sports/mens-soccer/roster/2024,year-swap (direct),https://shcbadgers.com/sports/mens-soccer/roster/2025,28,todo,
Spring Hill,womens-soccer,NCAA D2,Gulf South Conference,https://shcbadgers.com/sports/womens-soccer/roster/2024,year-swap (direct),https://shcbadgers.com/sports/womens-soccer/roster/2025,24,todo,
Springfield,mens-soccer,NCAA D3,NEWMAC,https://springfieldcollegepride.com/sports/mens-soccer/roster/2024,year-swap (direct),https://springfieldcollegepride.com/sports/mens-soccer/roster/2025,31,todo,
Springfield College,womens-soccer,NCAA D3,New England Women's and Men's Athletic Conference,https://springfieldcollegepride.com/sports/womens-soccer/roster/2024,year-swap (direct),https://springfieldcollegepride.com/sports/womens-soccer/roster/2025,33,todo,
St Lawrence University,womens-soccer,NCAA D3,Liberty League,https://saintsathletics.com/sports/womens-soccer/roster/2024,year-swap (direct),https://saintsathletics.com/sports/womens-soccer/roster/2025,29,todo,
St Mary's College of Maryland,womens-soccer,NCAA D3,United East Conference,https://smcmathletics.com/sports/womens-soccer/roster/2024,year-swap (direct),https://smcmathletics.com/sports/womens-soccer/roster/2025,28,todo,
St Olaf College,womens-soccer,NCAA D3,Minnesota Intercollegiate Athletic Conference,https://athletics.stolaf.edu/sports/womens-soccer/roster/2024,year-swap (direct),https://athletics.stolaf.edu/sports/womens-soccer/roster/2025,31,todo,
St. Bonaventure,mens-soccer,NCAA D1,Atlantic 10,https://gobonnies.com/sports/mens-soccer/roster/2024,year-swap (direct),https://gobonnies.com/sports/mens-soccer/roster/2025,29,todo,
St. Bonaventure,womens-soccer,NCAA D1,Atlantic 10,https://gobonnies.com/sports/womens-soccer/roster,wayback — query the CDX API for a late-2024 snapshot of this URL,https://web.archive.org/web/20251208180120/https://gobonnies.com/sports/womens-soccer/roster,25,todo,
St. Cloud State,mens-soccer,NCAA D2,NSIC,https://scsuhuskies.com/sports/mens-soccer/roster/2024,year-swap (direct),https://scsuhuskies.com/sports/mens-soccer/roster/2025,34,todo,
St. Cloud State,womens-soccer,NCAA D2,Northern Sun Intercollegiate Conference,https://scsuhuskies.com/sports/womens-soccer/roster,wayback — query the CDX API for a late-2024 snapshot of this URL,https://web.archive.org/web/20251212073847/https://scsuhuskies.com/sports/womens-soccer/roster,28,todo,
St. Edward's,womens-soccer,NCAA D2,Lone Star Conference,https://gohilltoppers.com/sports/womens-soccer/roster/2024,year-swap (direct),https://gohilltoppers.com/sports/womens-soccer/roster/2025,38,todo,
St. John's,mens-soccer,NCAA D1,Big East,https://redstormsports.com/sports/mens-soccer/roster/2024,year-swap (direct),https://redstormsports.com/sports/mens-soccer/roster/2025,34,todo,
St. John's,womens-soccer,NCAA D1,Big East,https://redstormsports.com/sports/womens-soccer/roster,wayback — query the CDX API for a late-2024 snapshot of this URL,https://web.archive.org/web/20250925134108/https://redstormsports.com/sports/womens-soccer/roster,30,todo,
St. Joseph's (NY),mens-soccer,NCAA D3,Skyline,https://sjliathletics.com/sports/mens-soccer/roster/2024,year-swap (direct),https://sjliathletics.com/sports/mens-soccer/roster/2025,31,todo,
St. Joseph's University (Long Island),womens-soccer,NCAA D3,Skyline Conference,https://sjliathletics.com/sports/womens-soccer/roster/2024,year-swap (direct),https://sjliathletics.com/sports/womens-soccer/roster/2025,26,todo,
St. Mary's (TX),mens-soccer,NCAA D2,Heartland,https://rattlerathletics.com/sports/mens-soccer/roster/2024,year-swap (direct),https://rattlerathletics.com/sports/mens-soccer/roster/2025,30,todo,
St. Mary's (TX),womens-soccer,NCAA D2,Lone Star Conference,https://rattlerathletics.com/sports/womens-soccer/roster/2024,year-swap (direct),https://rattlerathletics.com/sports/womens-soccer/roster/2025,34,todo,
St. Mary's College of Maryland,mens-soccer,NCAA D3,CAC,https://smcmathletics.com/sports/mens-soccer/roster/2024,year-swap (direct),https://smcmathletics.com/sports/mens-soccer/roster/2025,30,todo,
St. Norbert,mens-soccer,NCAA D3,MWC-D3,https://athletics.snc.edu/sports/mens-soccer/roster/2024,year-swap (direct),https://athletics.snc.edu/sports/mens-soccer/roster/2025,32,todo,
St. Scholastica,mens-soccer,NCAA D3,UMAC,https://csssaints.com/sports/mens-soccer/roster/2024,year-swap (direct),https://csssaints.com/sports/mens-soccer/roster/2025,35,todo,
St. Thomas,mens-soccer,NCAA D1,Summit League,https://tommiesports.com/sports/msoc/roster/2024,year-swap (direct),https://tommiesports.com/sports/msoc/roster/2025,28,todo,
St. Thomas,womens-soccer,NCAA D1,Summit,,no source URL recorded — discover from scratch,,27,todo,
St. Thomas Aquinas,mens-soccer,NCAA D2,ECC,https://www.stacathletics.com/sports/msoc/2024-26/roster,wayback — query the CDX API for a late-2024 snapshot of this URL,https://web.archive.org/web/20251225131616/https://www.stacathletics.com/sports/msoc/2025-26/roster,38,todo,
St. Thomas Aquinas,womens-soccer,NCAA D2,East Coast Conference,https://www.stacathletics.com/sports/wsoc/2024-26/roster,wayback — query the CDX API for a late-2024 snapshot of this URL,https://web.archive.org/web/20251226142627/https://www.stacathletics.com/sports/wsoc/2025-26/roster,25,todo,
Stanford,mens-soccer,NCAA D1,ACC,https://gostanford.com/sports/mens-soccer/roster/season/2024,year-swap (direct),https://gostanford.com/sports/mens-soccer/roster/season/2025,27,todo,
Stanford,womens-soccer,NCAA D1,ACC,https://gostanford.com/sports/womens-soccer/roster/season/2024,year-swap (direct),https://gostanford.com/sports/womens-soccer/roster/season/2025,28,todo,
Staten Island,mens-soccer,NCAA D2,ECC,https://csidolphins.com/sports/mens-soccer/roster/2024,year-swap (direct),https://csidolphins.com/sports/mens-soccer/roster/2025,30,todo,
Staten Island,womens-soccer,NCAA D2,East Coast Conference,https://csidolphins.com/sports/womens-soccer/roster/2024,year-swap (direct),https://csidolphins.com/sports/womens-soccer/roster/2025,27,todo,
Stephen F. Austin,womens-soccer,NCAA D1,Southland,,no source URL recorded — discover from scratch,,35,todo,
Stetson,mens-soccer,NCAA D1,ASUN,https://gohatters.com/sports/mens-soccer/roster/2024,year-swap (direct),https://gohatters.com/sports/mens-soccer/roster/2025,35,todo,
Stetson,womens-soccer,NCAA D1,ASUN,https://gohatters.com/sports/womens-soccer/roster,wayback — query the CDX API for a late-2024 snapshot of this URL,https://web.archive.org/web/20250902160422/https://gohatters.com/sports/womens-soccer/roster,31,todo,
Stevens Institute of Technology,womens-soccer,NCAA D3,Middle Atlantic Conference (Freedom),https://stevensducks.com/sports/womens-soccer/roster/2024,year-swap (direct),https://stevensducks.com/sports/womens-soccer/roster/2025,29,todo,
Stevens Tech,mens-soccer,NCAA D3,MAC,https://stevensducks.com/sports/mens-soccer/roster/2024,year-swap (direct),https://stevensducks.com/sports/mens-soccer/roster/2025,35,todo,
Stevenson,mens-soccer,NCAA D3,MAC Commonwealth,https://gomustangsports.com/sports/mens-soccer/roster/2024,year-swap (direct),https://gomustangsports.com/sports/mens-soccer/roster/2025,35,todo,
Stevenson University,womens-soccer,NCAA D3,Middle Atlantic Conference (Commonwealth),https://gomustangsports.com/sports/womens-soccer/roster/2024,year-swap (direct),https://gomustangsports.com/sports/womens-soccer/roster/2025,31,todo,
Stockton,mens-soccer,NCAA D3,NJAC,https://stocktonathletics.com/sports/mens-soccer/roster/2024,year-swap (direct),https://stocktonathletics.com/sports/mens-soccer/roster/2025,31,todo,
Stockton University,womens-soccer,NCAA D3,New Jersey Athletic Conference,https://stocktonathletics.com/sports/womens-soccer/roster/2024,year-swap (direct),https://stocktonathletics.com/sports/womens-soccer/roster/2025,34,todo,
Stonehill,mens-soccer,NCAA D1,NEC,https://stonehillskyhawks.com/sports/mens-soccer/roster/2024,year-swap (direct),https://stonehillskyhawks.com/sports/mens-soccer/roster/2025,34,todo,
Stonehill,womens-soccer,NCAA D1,NEC,https://stonehillskyhawks.com/sports/womens-soccer/roster,no year in URL — check the site for a 2024 season selector,https://stonehillskyhawks.com/sports/womens-soccer/roster,28,todo,
Stony Brook,mens-soccer,NCAA D1,America East,https://stonybrookathletics.com/sports/mens-soccer/roster/2024,year-swap (direct),https://stonybrookathletics.com/sports/mens-soccer/roster/2025,27,todo,
Stony Brook,womens-soccer,NCAA D1,CAA,https://stonybrookathletics.com/sports/womens-soccer/roster,wayback — query the CDX API for a late-2024 snapshot of this URL,https://web.archive.org/web/20251207212754/https://stonybrookathletics.com/sports/womens-soccer/roster,26,todo,
Suffolk,mens-soccer,NCAA D3,CCC,https://gosuffolkrams.com/sports/msoc/2024-26/roster,year-swap (direct),https://gosuffolkrams.com/sports/msoc/2025-26/roster,37,todo,
Suffolk University,womens-soccer,NCAA D3,Conference of New England,https://gosuffolkrams.com/sports/wsoc/2024-26/roster,year-swap (direct),https://gosuffolkrams.com/sports/wsoc/2025-26/roster,30,todo,
Sul Ross State,mens-soccer,NCAA D2,Heartland,,no source URL recorded — discover from scratch,,29,todo,
Sul Ross State,womens-soccer,NCAA D2,Lone Star Conference,https://srlobos.com/sports/womens-soccer/roster/2024,year-swap (direct),https://srlobos.com/sports/womens-soccer/roster/2025,24,todo,
Susquehanna,mens-soccer,NCAA D3,MAC Freedom,https://suriverhawks.com/sports/mens-soccer/roster/2024,year-swap (direct),https://suriverhawks.com/sports/mens-soccer/roster/2025,33,todo,
Susquehanna University,womens-soccer,NCAA D3,Landmark Conference,https://suriverhawks.com/sports/womens-soccer/roster/2024,year-swap (direct),https://suriverhawks.com/sports/womens-soccer/roster/2025,32,todo,
Swarthmore,mens-soccer,NCAA D3,Centennial,https://swarthmoreathletics.com/sports/mens-soccer/roster/2024,year-swap (direct),https://swarthmoreathletics.com/sports/mens-soccer/roster/2025,25,todo,
Swarthmore College,womens-soccer,NCAA D3,Centennial Conference,https://swarthmoreathletics.com/sports/womens-soccer/roster/2024,year-swap (direct),https://swarthmoreathletics.com/sports/womens-soccer/roster/2025,33,todo,
Sweet Briar College,womens-soccer,NCAA D3,Old Dominion Athletic Conference,https://vixenathletics.com/sports/womens-soccer/roster/2024,year-swap (direct),https://vixenathletics.com/sports/womens-soccer/roster/2025,17,todo,
Syracuse,mens-soccer,NCAA D1,ACC,https://cuse.com/sports/mens-soccer/roster,wayback — query the CDX API for a late-2024 snapshot of this URL,https://web.archive.org/web/20251207142322/https://cuse.com/sports/mens-soccer/roster,25,todo,
Syracuse,womens-soccer,NCAA D1,ACC,https://cuse.com/sports/womens-soccer/roster,wayback — query the CDX API for a late-2024 snapshot of this URL,https://web.archive.org/web/20251228144854/https://cuse.com/sports/womens-soccer/roster,28,todo,
TCU,womens-soccer,NCAA D1,Big 12,https://gofrogs.com/sports/womens-soccer/roster,wayback — query the CDX API for a late-2024 snapshot of this URL,https://web.archive.org/web/20251229150024/https://gofrogs.com/sports/womens-soccer/roster,29,todo,
Tampa,mens-soccer,NCAA D2,Sunshine State,https://www.tampaspartans.com/sports/msoc/2024-26/roster,year-swap (direct),https://www.tampaspartans.com/sports/msoc/2025-26/roster,42,todo,
Tampa,womens-soccer,NCAA D2,Sunshine State Conference,https://www.tampaspartans.com/sports/wsoc/2024-26/roster,year-swap (direct),https://www.tampaspartans.com/sports/wsoc/2025-26/roster,30,todo,
Tarleton State,womens-soccer,NCAA D1,UAC,https://tarletonsports.com/sports/wsoc/roster,wayback — query the CDX API for a late-2024 snapshot of this URL,https://web.archive.org/web/20251105172657/https://tarletonsports.com/sports/wsoc/roster,27,todo,
Temple,mens-soccer,NCAA D1,AAC,https://owlsports.com/sports/mens-soccer/roster/2024,year-swap (direct),https://owlsports.com/sports/mens-soccer/roster/2025,27,todo,
Temple,womens-soccer,NCAA D1,American,https://owlsports.com/sports/womens-soccer/roster,wayback — query the CDX API for a late-2024 snapshot of this URL,https://web.archive.org/web/20251108030749/https://owlsports.com/sports/womens-soccer/roster,27,todo,
Tennessee,womens-soccer,NCAA D1,SEC,https://utsports.com/sports/womens-soccer/roster,wayback — query the CDX API for a late-2024 snapshot of this URL,https://web.archive.org/web/20251226144233/https://utsports.com/sports/womens-soccer/roster,30,todo,
Tennessee Tech,womens-soccer,NCAA D1,Southern,https://ttusports.com/sports/wsoc/2024-26/roster,year-swap (direct),https://ttusports.com/sports/wsoc/2025-26/roster,25,todo,
Texas,womens-soccer,NCAA D1,SEC,https://texaslonghorns.com/sports/womens-soccer/roster,wayback — query the CDX API for a late-2024 snapshot of this URL,https://web.archive.org/web/20251019001943/https://texaslonghorns.com/sports/womens-soccer/roster,25,todo,
Texas A&M,womens-soccer,NCAA D1,SEC,https://12thman.com/sports/soccer/roster/season/2024,year-swap (direct),https://12thman.com/sports/soccer/roster/season/2025,27,todo,
Texas A&M International,mens-soccer,NCAA D2,Heartland,,no source URL recorded — discover from scratch,,30,todo,
Texas A&M International,womens-soccer,NCAA D2,Lone Star Conference,https://godustdevils.com/sports/womens-soccer/roster/2024,year-swap (direct),https://godustdevils.com/sports/womens-soccer/roster/2025,26,todo,
Texas A&M-Corpus Christi,womens-soccer,NCAA D1,Southland,,no source URL recorded — discover from scratch,,31,todo,
Texas Lutheran University,womens-soccer,NCAA D3,Southern Collegiate Athletic Conference,https://tlubulldogs.com/sports/womens-soccer/roster/2024,year-swap (direct),https://tlubulldogs.com/sports/womens-soccer/roster/2025,28,todo,
Texas Southern,womens-soccer,NCAA D1,SWAC,https://tsusports.com/sports/womens-soccer/roster,no year in URL — check the site for a 2024 season selector,https://tsusports.com/sports/womens-soccer/roster,19,todo,
Texas State,womens-soccer,NCAA D1,Pac-12,https://txst.com/sports/womens-soccer/roster,wayback — query the CDX API for a late-2024 snapshot of this URL,https://web.archive.org/web/20251122091650/https://txst.com/sports/womens-soccer/roster,27,todo,
Texas Tech,womens-soccer,NCAA D1,Big 12,https://texastech.com/sports/womens-soccer/roster,wayback — query the CDX API for a late-2024 snapshot of this URL,https://web.archive.org/web/20251122194315/https://texastech.com/sports/womens-soccer/roster,30,todo,
Texas Woman's,womens-soccer,NCAA D2,Lone Star Conference,https://twuathletics.com/sports/womens-soccer/roster/2024,year-swap (direct),https://twuathletics.com/sports/womens-soccer/roster/2025,29,todo,
The Citadel,womens-soccer,NCAA D1,Southern,https://citadelsports.com/sports/womens-soccer/roster,wayback — query the CDX API for a late-2024 snapshot of this URL,https://web.archive.org/web/20250913165907/https://citadelsports.com/sports/womens-soccer/roster,28,todo,
The College of New Jersey,womens-soccer,NCAA D3,New Jersey Athletic Conference,https://tcnjathletics.com/sports/womens-soccer/roster/2024,year-swap (direct),https://tcnjathletics.com/sports/womens-soccer/roster/2025,30,todo,
The College of St. Scholastica,womens-soccer,NCAA D3,Minnesota Intercollegiate Athletic Conference,https://csssaints.com/sports/womens-soccer/roster/2024,year-swap (direct),https://csssaints.com/sports/womens-soccer/roster/2025,29,todo,
The College of Wooster,womens-soccer,NCAA D3,North Coast Athletic Conference,https://woosterathletics.com/sports/womens-soccer/roster/2024,year-swap (direct),https://woosterathletics.com/sports/womens-soccer/roster/2025,28,todo,
The Sage Colleges,womens-soccer,NCAA D3,Empire 8,https://www.sagegators.com/sports/wsoc/2024-26/roster,wayback — query the CDX API for a late-2024 snapshot of this URL,https://web.archive.org/web/20251107144035/https://www.sagegators.com/sports/wsoc/2025-26/roster,28,todo,
Thiel College,womens-soccer,NCAA D3,Presidents' Athletic Conference,https://thielathletics.com/sports/womens-soccer/roster/2024,year-swap (direct),https://thielathletics.com/sports/womens-soccer/roster/2025,16,todo,
Thomas College,womens-soccer,NCAA D3,North Atlantic Conference,https://athletics.thomas.edu/sports/womens-soccer/roster/2024,year-swap (direct),https://athletics.thomas.edu/sports/womens-soccer/roster/2025,22,todo,
Thomas Jefferson,mens-soccer,NCAA D2,CACC,https://jeffersonrams.com/sports/mens-soccer/roster/2024,year-swap (direct),https://jeffersonrams.com/sports/mens-soccer/roster/2025,31,todo,
Thomas More,mens-soccer,NCAA D2,AMC,https://thomasmoresaints.com/sports/msoc/roster/2024,year-swap (direct),https://thomasmoresaints.com/sports/msoc/roster/2025,45,todo,
Thomas More,womens-soccer,NCAA D2,Great Midwest Athletic Conference,https://thomasmoresaints.com/sports/womens-soccer/roster/2024,year-swap (direct),https://thomasmoresaints.com/sports/womens-soccer/roster/2025,39,todo,
Tiffin,mens-soccer,NCAA D2,GLIAC,,no source URL recorded — discover from scratch,,40,todo,
Tiffin,womens-soccer,NCAA D2,Great Midwest Athletic Conference,https://gotiffindragons.com/sports/womens-soccer/roster/2024,year-swap (direct),https://gotiffindragons.com/sports/womens-soccer/roster/2025,33,todo,
Toledo,womens-soccer,NCAA D1,MAC,https://utrockets.com/sports/womens-soccer/roster,wayback — query the CDX API for a late-2024 snapshot of this URL,https://web.archive.org/web/20251223180051/https://utrockets.com/sports/womens-soccer/roster,30,todo,
Towson,womens-soccer,NCAA D1,CAA,https://towsontigers.com/sports/womens-soccer/roster,wayback — query the CDX API for a late-2024 snapshot of this URL,https://web.archive.org/web/20251219133319/https://towsontigers.com/sports/womens-soccer/roster,22,todo,
Transylvania University,womens-soccer,NCAA D3,Heartland Collegiate Athletic Conference,https://transysports.com/sports/womens-soccer/roster/2024,year-swap (direct),https://transysports.com/sports/womens-soccer/roster/2025,29,todo,
Trevecca Nazarene,mens-soccer,NCAA D2,Mid-South,https://tnutrojans.com/sports/mens-soccer/roster/2024,year-swap (direct),https://tnutrojans.com/sports/mens-soccer/roster/2025,24,todo,
Trevecca Nazarene,womens-soccer,NCAA D2,Gulf South Conference,https://tnutrojans.com/sports/womens-soccer/roster/2024,year-swap (direct),https://tnutrojans.com/sports/womens-soccer/roster/2025,38,todo,
Trine,mens-soccer,NCAA D3,HCAC,https://trinethunder.com/sports/mens-soccer/roster/2024,year-swap (direct),https://trinethunder.com/sports/mens-soccer/roster/2025,35,todo,
Trine University,womens-soccer,NCAA D3,Michigan Intercollegiate Athletic Association,https://trinethunder.com/sports/womens-soccer/roster/2024,year-swap (direct),https://trinethunder.com/sports/womens-soccer/roster/2025,34,todo,
Trinity (CT),mens-soccer,NCAA D3,NESCAC,https://bantamsports.com/sports/mens-soccer/roster,no year in URL — check the site for a 2024 season selector,https://bantamsports.com/sports/mens-soccer/roster,29,todo,
Trinity (TX),mens-soccer,NCAA D3,SCAC,https://trinitytigers.com/sports/mens-soccer/roster/2024,year-swap (direct),https://trinitytigers.com/sports/mens-soccer/roster/2025,36,todo,
Trinity College,womens-soccer,NCAA D3,New England Small College Athletic Conference,https://bantamsports.com/sports/womens-soccer/roster/2024,year-swap (direct),https://bantamsports.com/sports/womens-soccer/roster/2025,28,todo,
Trinity University,womens-soccer,NCAA D3,Southern Athletic Association,https://trinitytigers.com/sports/womens-soccer/roster/2024,year-swap (direct),https://trinitytigers.com/sports/womens-soccer/roster/2025,30,todo,
Troy,womens-soccer,NCAA D1,Sun Belt,https://troytrojans.com/sports/womens-soccer/roster/,wayback — query the CDX API for a late-2024 snapshot of this URL,https://web.archive.org/web/20251002032020/https://troytrojans.com/sports/womens-soccer/roster/,28,todo,
Truman State,mens-soccer,NCAA D2,GLVC,https://trumanbulldogs.com/sports/mens-soccer/roster/2024,year-swap (direct),https://trumanbulldogs.com/sports/mens-soccer/roster/2025,32,todo,
Truman State,womens-soccer,NCAA D2,Great Lakes Valley Conference,https://trumanbulldogs.com/sports/womens-soccer/roster/2024,year-swap (direct),https://trumanbulldogs.com/sports/womens-soccer/roster/2025,30,todo,
Tufts,mens-soccer,NCAA D3,NESCAC,https://gotuftsjumbos.com/sports/mens-soccer/roster/2024,year-swap (direct),https://gotuftsjumbos.com/sports/mens-soccer/roster/2025,34,todo,
Tufts University,womens-soccer,NCAA D3,New England Small College Athletic Conference,https://gotuftsjumbos.com/sports/womens-soccer/roster/2024,year-swap (direct),https://gotuftsjumbos.com/sports/womens-soccer/roster/2025,31,todo,
Tulsa,mens-soccer,NCAA D1,AAC,https://tulsahurricane.com/sports/mens-soccer/roster/2024,year-swap (direct),https://tulsahurricane.com/sports/mens-soccer/roster/2025,28,todo,
Tulsa,womens-soccer,NCAA D1,American,https://tulsahurricane.com/sports/womens-soccer/roster,wayback — query the CDX API for a late-2024 snapshot of this URL,https://web.archive.org/web/20251103193530/https://tulsahurricane.com/sports/womens-soccer/roster,28,todo,
Tusculum,mens-soccer,NCAA D2,SAC,https://www.tusculumpioneers.com/sports/msoc/2024-26/roster,year-swap (direct),https://www.tusculumpioneers.com/sports/msoc/2025-26/roster,37,todo,
Tusculum,womens-soccer,NCAA D2,South Atlantic Conference,https://www.tusculumpioneers.com/sports/wsoc/2024-26/roster,year-swap (direct),https://www.tusculumpioneers.com/sports/wsoc/2025-26/roster,37,todo,
UAB,mens-soccer,NCAA D1,AAC,https://uabsports.com/sports/mens-soccer/roster/2024,year-swap (direct),https://uabsports.com/sports/mens-soccer/roster/2025,29,todo,
UAB,womens-soccer,NCAA D1,American,https://uabsports.com/sports/womens-soccer/roster,wayback — query the CDX API for a late-2024 snapshot of this URL,https://web.archive.org/web/20251121001553/https://uabsports.com/sports/womens-soccer/roster,27,todo,
UC Davis,mens-soccer,NCAA D1,Big West,https://ucdavisaggies.com/sports/mens-soccer/roster/2024,year-swap (direct),https://ucdavisaggies.com/sports/mens-soccer/roster/2025,29,todo,
UC Davis,womens-soccer,NCAA D1,Mountain West,https://ucdavisaggies.com/sports/womens-soccer/roster/2024,year-swap (direct),https://ucdavisaggies.com/sports/womens-soccer/roster/2025,23,todo,
UC Irvine,mens-soccer,NCAA D1,Big West,https://ucirvinesports.com/sports/mens-soccer/roster/2024,year-swap (direct),https://ucirvinesports.com/sports/mens-soccer/roster/2025,25,todo,
UC Irvine,womens-soccer,NCAA D1,Big West,https://ucirvinesports.com/sports/womens-soccer/roster,wayback — query the CDX API for a late-2024 snapshot of this URL,https://web.archive.org/web/20250923020347/https://ucirvinesports.com/sports/womens-soccer/roster,31,todo,
UC Merced,mens-soccer,NCAA D2,CCAA,https://ucmercedbobcats.com/sports/mens-soccer/roster/2024,year-swap (direct),https://ucmercedbobcats.com/sports/mens-soccer/roster/2025,33,todo,
UC Merced,womens-soccer,NCAA D2,California Collegiate Athletic Association,https://ucmercedbobcats.com/sports/womens-soccer/roster/2024,year-swap (direct),https://ucmercedbobcats.com/sports/womens-soccer/roster/2025,36,todo,
UC Riverside,mens-soccer,NCAA D1,Big West,https://gohighlanders.com/sports/mens-soccer/roster/2024,year-swap (direct),https://gohighlanders.com/sports/mens-soccer/roster/2025,29,todo,
UC Riverside,womens-soccer,NCAA D1,Big West,https://gohighlanders.com/sports/womens-soccer/roster,wayback — query the CDX API for a late-2024 snapshot of this URL,https://web.archive.org/web/20251230073116/https://gohighlanders.com/sports/womens-soccer/roster,28,todo,
UC San Diego,mens-soccer,NCAA D1,Big West,https://ucsdtritons.com/sports/mens-soccer/roster/2024,year-swap (direct),https://ucsdtritons.com/sports/mens-soccer/roster/2025,31,todo,
UC San Diego,womens-soccer,NCAA D1,Big West,https://ucsdtritons.com/sports/womens-soccer/roster,wayback — query the CDX API for a late-2024 snapshot of this URL,https://web.archive.org/web/20251113101912/https://ucsdtritons.com/sports/womens-soccer/roster,28,todo,
UC Santa Barbara,mens-soccer,NCAA D1,Big West,https://ucsbgauchos.com/sports/mens-soccer/roster/2024,year-swap (direct),https://ucsbgauchos.com/sports/mens-soccer/roster/2025,32,todo,
UC Santa Barbara,womens-soccer,NCAA D1,Big West,https://ucsbgauchos.com/sports/womens-soccer/roster,wayback — query the CDX API for a late-2024 snapshot of this URL,https://web.archive.org/web/20260210014459/https://ucsbgauchos.com/sports/womens-soccer/roster,33,todo,
UCCS,mens-soccer,NCAA D2,RMAC,https://gomountainlions.com/sports/mens-soccer/roster/2024,year-swap (direct),https://gomountainlions.com/sports/mens-soccer/roster/2025,32,todo,
UCCS,womens-soccer,NCAA D2,Rocky Mountain Athletic Conference,https://gomountainlions.com/sports/womens-soccer/roster/2024,year-swap (direct),https://gomountainlions.com/sports/womens-soccer/roster/2025,29,todo,
UCF,mens-soccer,NCAA D1,AAC,https://ucfknights.com/sports/mens-soccer/roster/season/2024,year-swap (direct),https://ucfknights.com/sports/mens-soccer/roster/season/2025,29,todo,
UCF,womens-soccer,NCAA D1,Big 12,https://ucfknights.com/sports/womens-soccer/roster/season/2024,year-swap (direct),https://ucfknights.com/sports/womens-soccer/roster/season/2025,26,todo,
UCLA,mens-soccer,NCAA D1,Big Ten,https://uclabruins.com/sports/mens-soccer/roster/2024,year-swap (direct),https://uclabruins.com/sports/mens-soccer/roster/2025,28,todo,
UCLA,womens-soccer,NCAA D1,Big Ten,https://uclabruins.com/sports/womens-soccer/roster,wayback — query the CDX API for a late-2024 snapshot of this URL,https://web.archive.org/web/20251126015631/https://uclabruins.com/sports/womens-soccer/roster,29,todo,
UConn,mens-soccer,NCAA D1,Big East,https://uconnhuskies.com/sports/mens-soccer/roster/2024,year-swap (direct),https://uconnhuskies.com/sports/mens-soccer/roster/2025,28,todo,
UConn,womens-soccer,NCAA D1,Big East,https://uconnhuskies.com/sports/womens-soccer/roster,wayback — query the CDX API for a late-2024 snapshot of this URL,https://web.archive.org/web/20251216234133/https://uconnhuskies.com/sports/womens-soccer/roster,29,todo,
UIC,mens-soccer,NCAA D1,Horizon League,https://uicflames.com/sports/mens-soccer/roster/2024,year-swap (direct),https://uicflames.com/sports/mens-soccer/roster/2025,28,todo,
UIC,womens-soccer,NCAA D1,Missouri Valley,https://uicflames.com/sports/womens-soccer/roster,wayback — query the CDX API for a late-2024 snapshot of this URL,https://web.archive.org/web/20251104024539/https://uicflames.com/sports/womens-soccer/roster,27,todo,
UIS,womens-soccer,NCAA D2,Great Lakes Valley Conference,https://uisprairiestars.com/sports/womens-soccer/roster/2024,year-swap (direct),https://uisprairiestars.com/sports/womens-soccer/roster/2025,29,todo,
UIW,mens-soccer,NCAA D1,Southland,https://uiwcardinals.com/sports/mens-soccer/roster/2024,year-swap (direct),https://uiwcardinals.com/sports/mens-soccer/roster/2025,28,todo,
UMBC,mens-soccer,NCAA D1,America East,https://umbcretrievers.com/sports/mens-soccer/roster/2024,year-swap (direct),https://umbcretrievers.com/sports/mens-soccer/roster/2025,28,todo,
UMBC,womens-soccer,NCAA D1,America East,https://umbcretrievers.com/sports/womens-soccer/roster,wayback — query the CDX API for a late-2024 snapshot of this URL,https://web.archive.org/web/20251222023227/https://umbcretrievers.com/sports/womens-soccer/roster,29,todo,
UMSL,mens-soccer,NCAA D2,GLVC,https://umsltritons.com/sports/mens-soccer/roster/2024,year-swap (direct),https://umsltritons.com/sports/mens-soccer/roster/2025,26,todo,
UMSL,womens-soccer,NCAA D2,Great Lakes Valley Conference,https://umsltritons.com/sports/womens-soccer/roster/2024,year-swap (direct),https://umsltritons.com/sports/womens-soccer/roster/2025,29,todo,
UMass,mens-soccer,NCAA D1,Atlantic 10,https://umassathletics.com/sports/mens-soccer/roster/2024,year-swap (direct),https://umassathletics.com/sports/mens-soccer/roster/2025,26,todo,
UMass,womens-soccer,NCAA D1,MAC,https://umassathletics.com/sports/womens-soccer/roster,wayback — query the CDX API for a late-2024 snapshot of this URL,https://web.archive.org/web/20251113211435/https://umassathletics.com/sports/womens-soccer/roster,28,todo,
UMass Lowell,mens-soccer,NCAA D1,America East,https://goriverhawks.com/sports/mens-soccer/roster/2024,year-swap (direct),https://goriverhawks.com/sports/mens-soccer/roster/2025,32,todo,
UMass Lowell,womens-soccer,NCAA D1,America East,https://goriverhawks.com/sports/womens-soccer/roster,wayback — query the CDX API for a late-2024 snapshot of this URL,https://web.archive.org/web/20251127165856/https://goriverhawks.com/sports/womens-soccer/roster,25,todo,
UNC Asheville,mens-soccer,NCAA D1,Big South,https://uncabulldogs.com/sports/mens-soccer/roster/2024,year-swap (direct),https://uncabulldogs.com/sports/mens-soccer/roster/2025,36,todo,
UNC Asheville,womens-soccer,NCAA D1,Big South,https://uncabulldogs.com/sports/womens-soccer/roster/,wayback — query the CDX API for a late-2024 snapshot of this URL,https://web.archive.org/web/20251010180855/https://uncabulldogs.com/sports/womens-soccer/roster/,30,todo,
UNC Greensboro,mens-soccer,NCAA D1,SoCon,https://uncgspartans.com/sports/mens-soccer/roster/2024,year-swap (direct),https://uncgspartans.com/sports/mens-soccer/roster/2025,28,todo,
UNC Greensboro,womens-soccer,NCAA D1,Southern,https://uncgspartans.com/sports/womens-soccer/roster,no year in URL — check the site for a 2024 season selector,https://uncgspartans.com/sports/womens-soccer/roster,24,todo,
UNC Pembroke,womens-soccer,NCAA D2,Conference Carolinas,https://uncpbraves.com/sports/womens-soccer/roster/2024,year-swap (direct),https://uncpbraves.com/sports/womens-soccer/roster/2025,21,todo,
UNC Wilmington,womens-soccer,NCAA D1,CAA,https://uncwsports.com/sports/womens-soccer/roster,wayback — query the CDX API for a late-2024 snapshot of this URL,https://web.archive.org/web/20251229225437/https://uncwsports.com/sports/womens-soccer/roster,30,todo,
UNCW,mens-soccer,NCAA D1,CAA,https://uncwsports.com/sports/mens-soccer/roster/2024,year-swap (direct),https://uncwsports.com/sports/mens-soccer/roster/2025,29,todo,
UNLV,mens-soccer,NCAA D1,Mountain West,https://unlvrebels.com/sports/mens-soccer/roster/2024,year-swap (direct),https://unlvrebels.com/sports/mens-soccer/roster/2025,25,todo,
UNLV,womens-soccer,NCAA D1,Mountain West,https://unlvrebels.com/sports/womens-soccer/roster,wayback — query the CDX API for a late-2024 snapshot of this URL,https://web.archive.org/web/20251112002826/https://unlvrebels.com/sports/womens-soccer/roster,29,todo,
USC,womens-soccer,NCAA D1,Big Ten,https://usctrojans.com/sports/womens-soccer/roster,wayback — query the CDX API for a late-2024 snapshot of this URL,https://web.archive.org/web/20251116030558/https://usctrojans.com/sports/womens-soccer/roster,27,todo,
USC Upstate,mens-soccer,NCAA D1,Big South,https://upstatespartans.com/sports/mens-soccer/roster,wayback — query the CDX API for a late-2024 snapshot of this URL,https://web.archive.org/web/20251003174716/https://upstatespartans.com/sports/mens-soccer/roster,40,todo,
USC Upstate,womens-soccer,NCAA D1,Big South,https://upstatespartans.com/sports/womens-soccer/roster,wayback — query the CDX API for a late-2024 snapshot of this URL,https://web.archive.org/web/20251016185856/https://upstatespartans.com/sports/womens-soccer/roster,29,todo,
UT Dallas,mens-soccer,NCAA D2,Heartland,https://utdcomets.com/sports/mens-soccer/roster/2024,year-swap (direct),https://utdcomets.com/sports/mens-soccer/roster/2025,35,todo,
UT Dallas,womens-soccer,NCAA D2,Lone Star Conference,https://utdcomets.com/sports/womens-soccer/roster/2024,year-swap (direct),https://utdcomets.com/sports/womens-soccer/roster/2025,34,todo,
UT Martin,womens-soccer,NCAA D1,Ohio Valley,https://utmsports.com/sports/womens-soccer/roster/,wayback — query the CDX API for a late-2024 snapshot of this URL,https://web.archive.org/web/20251014060738/https://utmsports.com/sports/womens-soccer/roster/,29,todo,
UT Permian Basin,womens-soccer,NCAA D2,Lone Star Conference,https://utpbfalcons.com/sports/womens-soccer/roster/2024,year-swap (direct),https://utpbfalcons.com/sports/womens-soccer/roster/2025,25,todo,
UT Rio Grande Valley,womens-soccer,NCAA D1,Southland,https://goutrgv.com/sports/womens-soccer/roster,wayback — query the CDX API for a late-2024 snapshot of this URL,https://web.archive.org/web/20251227060400/https://goutrgv.com/sports/womens-soccer/roster,27,todo,
UT Tyler,mens-soccer,NCAA D2,Heartland,https://uttylerpatriots.com/sports/mens-soccer/roster/2024,year-swap (direct),https://uttylerpatriots.com/sports/mens-soccer/roster/2025,33,todo,
UT Tyler,womens-soccer,NCAA D2,Lone Star Conference,https://uttylerpatriots.com/sports/womens-soccer/roster/2024,year-swap (direct),https://uttylerpatriots.com/sports/womens-soccer/roster/2025,35,todo,
UTEP,womens-soccer,NCAA D1,Mountain West,https://utepminers.com/sports/womens-soccer/roster,wayback — query the CDX API for a late-2024 snapshot of this URL,https://web.archive.org/web/20251127130753/https://utepminers.com/sports/womens-soccer/roster,30,todo,
UTRGV,mens-soccer,NCAA D1,WAC,https://goutrgv.com/sports/mens-soccer/roster/2024,year-swap (direct),https://goutrgv.com/sports/mens-soccer/roster/2025,26,todo,
UTSA,womens-soccer,NCAA D1,American,https://goutsa.com/sports/soccer/roster/season/2024,year-swap (direct),https://goutsa.com/sports/soccer/roster/season/2025,28,todo,
Union (NY),mens-soccer,NCAA D3,Liberty League,https://unionathletics.com/sports/mens-soccer/roster/2024,year-swap (direct),https://unionathletics.com/sports/mens-soccer/roster/2025,35,todo,
Union (TN),mens-soccer,NCAA D2,Mid-South,https://uuathletics.com/sports/mens-soccer/roster/2024,year-swap (direct),https://uuathletics.com/sports/mens-soccer/roster/2025,28,todo,
Union (TN),womens-soccer,NCAA D2,Gulf South Conference,https://uuathletics.com/sports/womens-soccer/roster/2024,year-swap (direct),https://uuathletics.com/sports/womens-soccer/roster/2025,29,todo,
Union College (NY),womens-soccer,NCAA D3,Liberty League,https://unionathletics.com/sports/womens-soccer/roster/2024,year-swap (direct),https://unionathletics.com/sports/womens-soccer/roster/2025,26,todo,
United States Coast Guard Academy,womens-soccer,NCAA D3,New England Women's and Men's Athletic Conference,https://coastguardathletics.com/sports/womens-soccer/roster/2024,year-swap (direct),https://coastguardathletics.com/sports/womens-soccer/roster/2025,29,todo,
United States Merchant Marine Academy,womens-soccer,NCAA D3,Skyline Conference,https://www.usmmasports.com/sports/womens-soccer/roster/2024,year-swap (direct),https://www.usmmasports.com/sports/womens-soccer/roster/2025,32,todo,
University of California-Santa Cruz,womens-soccer,NCAA D3,Coast-to-Coast Athletic Conference,https://goslugs.com/sports/womens-soccer/roster/2024,year-swap (direct),https://goslugs.com/sports/womens-soccer/roster/2025,30,todo,
University of Chicago,mens-soccer,NCAA D3,UAA,https://athletics.uchicago.edu/sports/mens-soccer/roster/2024,year-swap (direct),https://athletics.uchicago.edu/sports/mens-soccer/roster/2025,31,todo,
University of Chicago,womens-soccer,NCAA D3,University Athletic Association,https://athletics.uchicago.edu/sports/womens-soccer/roster/2024,year-swap (direct),https://athletics.uchicago.edu/sports/womens-soccer/roster/2025,33,todo,
University of Dallas,womens-soccer,NCAA D3,Southern Collegiate Athletic Conference,https://udallasathletics.com/sports/womens-soccer/roster/2024,year-swap (direct),https://udallasathletics.com/sports/womens-soccer/roster/2025,21,todo,
University of Dubuque,womens-soccer,NCAA D3,American Rivers Conference,https://udspartans.com/sports/womens-soccer/roster/2024,year-swap (direct),https://udspartans.com/sports/womens-soccer/roster/2025,33,todo,
University of Hartford,womens-soccer,NCAA D3,Conference of New England,https://hartfordhawks.com/sports/womens-soccer/roster/2024,year-swap (direct),https://hartfordhawks.com/sports/womens-soccer/roster/2025,22,todo,
University of La Verne,womens-soccer,NCAA D3,Southern California Intercollegiate Athletic Conference,https://leopardathletics.com/sports/womens-soccer/roster/2024,year-swap (direct),https://leopardathletics.com/sports/womens-soccer/roster/2025,29,todo,
University of Lynchburg,womens-soccer,NCAA D3,Old Dominion Athletic Conference,https://lynchburgsports.com/sports/womens-soccer/roster/2024,year-swap (direct),https://lynchburgsports.com/sports/womens-soccer/roster/2025,34,todo,
University of Maine at Farmington,womens-soccer,NCAA D3,North Atlantic Conference,https://goumfbeavers.com/sports/womens-soccer/roster/2024,year-swap (direct),https://goumfbeavers.com/sports/womens-soccer/roster/2025,23,todo,
University of Maine at Presque Isle,womens-soccer,NCAA D3,North Atlantic Conference,https://owls.umpi.edu/sports/womens-soccer/roster/2024,year-swap (direct),https://owls.umpi.edu/sports/womens-soccer/roster/2025,18,todo,
University of Mary Hardin-Baylor,womens-soccer,NCAA D3,American Southwest Conference,https://cruathletics.com/sports/womens-soccer/roster/2024,year-swap (direct),https://cruathletics.com/sports/womens-soccer/roster/2025,37,todo,
University of Mary Washington,womens-soccer,NCAA D3,Coast-to-Coast Athletic Conference,https://umweagles.com/sports/womens-soccer/roster/2024,year-swap (direct),https://umweagles.com/sports/womens-soccer/roster/2025,27,todo,
University of Minnesota-Morris,womens-soccer,NCAA D3,Upper Midwest Athletic Conference,https://morriscougars.com/sports/womens-soccer/roster/2024,year-swap (direct),https://morriscougars.com/sports/womens-soccer/roster/2025,24,todo,
University of Mount Union,womens-soccer,NCAA D3,Ohio Athletic Conference,https://athletics.mountunion.edu/sports/womens-soccer/roster/2024,year-swap (direct),https://athletics.mountunion.edu/sports/womens-soccer/roster/2025,29,todo,
University of New England,mens-soccer,NCAA D3,CCC,https://athletics.une.edu/sports/mens-soccer/roster/2024,year-swap (direct),https://athletics.une.edu/sports/mens-soccer/roster/2025,34,todo,
University of New England,womens-soccer,NCAA D3,Conference of New England,https://athletics.une.edu/sports/womens-soccer/roster/2024,year-swap (direct),https://athletics.une.edu/sports/womens-soccer/roster/2025,27,todo,
University of Northwestern-St Paul,womens-soccer,NCAA D3,Upper Midwest Athletic Conference,https://unweagles.com/sports/womens-soccer/roster/2024,year-swap (direct),https://unweagles.com/sports/womens-soccer/roster/2025,26,todo,
University of Pittsburgh-Bradford,womens-soccer,NCAA D3,Allegheny Mountain Collegiate Conference,https://athletics.pittbradford.org/sports/wsoc/2024-26/roster,year-swap (direct),https://athletics.pittbradford.org/sports/wsoc/2025-26/roster,22,todo,
University of Pittsburgh-Greensburg,womens-soccer,NCAA D3,Allegheny Mountain Collegiate Conference,https://pittgreensburgathletics.com/sports/womens-soccer/roster/2024,year-swap (direct),https://pittgreensburgathletics.com/sports/womens-soccer/roster/2025,30,todo,
University of Puget Sound,womens-soccer,NCAA D3,Northwest Conference,https://loggerathletics.com/sports/womens-soccer/roster/2024,year-swap (direct),https://loggerathletics.com/sports/womens-soccer/roster/2025,25,todo,
University of Redlands,womens-soccer,NCAA D3,Southern California Intercollegiate Athletic Conference,https://goredlands.com/sports/womens-soccer/roster/2024,year-swap (direct),https://goredlands.com/sports/womens-soccer/roster/2025,33,todo,
University of Rochester,womens-soccer,NCAA D3,University Athletic Association,https://uofrathletics.com/sports/womens-soccer/roster/2024,year-swap (direct),https://uofrathletics.com/sports/womens-soccer/roster/2025,28,todo,
University of Scranton,womens-soccer,NCAA D3,Landmark Conference,https://athletics.scranton.edu/sports/womens-soccer/roster/2024,year-swap (direct),https://athletics.scranton.edu/sports/womens-soccer/roster/2025,35,todo,
University of St Thomas (TX),womens-soccer,NCAA D3,Southern Collegiate Athletic Conference,https://ustcelts.com/sports/womens-soccer/roster/2024,year-swap (direct),https://ustcelts.com/sports/womens-soccer/roster/2025,31,todo,
University of Valley Forge,womens-soccer,NCAA D3,United East Conference,https://uvfpatriots.com/sports/womens-soccer/roster/2024,year-swap (direct),https://uvfpatriots.com/sports/womens-soccer/roster/2025,18,todo,
University of Wisconsin-Eau Claire,womens-soccer,NCAA D3,Wisconsin Intercollegiate Athletic Conference,https://blugolds.com/sports/womens-soccer/roster/2024,year-swap (direct),https://blugolds.com/sports/womens-soccer/roster/2025,30,todo,
University of Wisconsin-La Crosse,womens-soccer,NCAA D3,Wisconsin Intercollegiate Athletic Conference,https://uwlathletics.com/sports/womens-soccer/roster/2024,year-swap (direct),https://uwlathletics.com/sports/womens-soccer/roster/2025,29,todo,
University of Wisconsin-Oshkosh,womens-soccer,NCAA D3,Wisconsin Intercollegiate Athletic Conference,https://uwoshkoshtitans.com/sports/womens-soccer/roster/2024,year-swap (direct),https://uwoshkoshtitans.com/sports/womens-soccer/roster/2025,35,todo,
University of Wisconsin-Platteville,womens-soccer,NCAA D3,Wisconsin Intercollegiate Athletic Conference,https://letsgopioneers.com/sports/womens-soccer/roster/2024,year-swap (direct),https://letsgopioneers.com/sports/womens-soccer/roster/2025,37,todo,
University of Wisconsin-River Falls,womens-soccer,NCAA D3,Wisconsin Intercollegiate Athletic Conference,https://uwrfsports.com/sports/womens-soccer/roster/2024,year-swap (direct),https://uwrfsports.com/sports/womens-soccer/roster/2025,30,todo,
University of Wisconsin-Stevens Point,womens-soccer,NCAA D3,Wisconsin Intercollegiate Athletic Conference,https://athletics.uwsp.edu/sports/womens-soccer/roster/2024,year-swap (direct),https://athletics.uwsp.edu/sports/womens-soccer/roster/2025,22,todo,
University of Wisconsin-Stout,womens-soccer,NCAA D3,Wisconsin Intercollegiate Athletic Conference,https://stoutbluedevils.com/sports/womens-soccer/roster/2024,year-swap (direct),https://stoutbluedevils.com/sports/womens-soccer/roster/2025,32,todo,
University of Wisconsin-Superior,womens-soccer,NCAA D3,Upper Midwest Athletic Conference,https://uwsyellowjackets.com/sports/womens-soccer/roster/2024,year-swap (direct),https://uwsyellowjackets.com/sports/womens-soccer/roster/2025,29,todo,
University of Wisconsin-Whitewater,womens-soccer,NCAA D3,Wisconsin Intercollegiate Athletic Conference,https://uwwsports.com/sports/womens-soccer/roster/2024,year-swap (direct),https://uwwsports.com/sports/womens-soccer/roster/2025,27,todo,
University of the Ozarks,womens-soccer,NCAA D3,Southern Collegiate Athletic Conference,https://uofoathletics.com/sports/womens-soccer/roster/2024-26,year-swap (direct),https://uofoathletics.com/sports/womens-soccer/roster/2025-26,23,todo,
Upper Iowa,mens-soccer,NCAA D2,NSIC,https://uiupeacocks.com/sports/mens-soccer/roster/2024,year-swap (direct),https://uiupeacocks.com/sports/mens-soccer/roster/2025,33,todo,
Upper Iowa,womens-soccer,NCAA D2,Great Lakes Valley Conference,https://uiupeacocks.com/sports/womens-soccer/roster/2024,year-swap (direct),https://uiupeacocks.com/sports/womens-soccer/roster/2025,20,todo,
Ursinus,mens-soccer,NCAA D3,Centennial,https://ursinusathletics.com/sports/mens-soccer/roster/2024,year-swap (direct),https://ursinusathletics.com/sports/mens-soccer/roster/2025,33,todo,
Ursinus College,womens-soccer,NCAA D3,Centennial Conference,https://ursinusathletics.com/sports/womens-soccer/roster/2024,year-swap (direct),https://ursinusathletics.com/sports/womens-soccer/roster/2025,31,todo,
Ursuline,womens-soccer,NCAA D2,Great Midwest Athletic Conference,https://ursulinearrows.com/sports/womens-soccer/roster/2024,year-swap (direct),https://ursulinearrows.com/sports/womens-soccer/roster/2025,32,todo,
Utah,womens-soccer,NCAA D1,Big 12,https://utahutes.com/sports/womens-soccer/roster,wayback — query the CDX API for a late-2024 snapshot of this URL,https://web.archive.org/web/20251203163905/https://utahutes.com/sports/womens-soccer/roster,28,todo,
Utah State,womens-soccer,NCAA D1,Pac-12,https://utahstateaggies.com/sports/womens-soccer/roster,no year in URL — check the site for a 2024 season selector,https://utahstateaggies.com/sports/womens-soccer/roster,23,todo,
Utah Tech,mens-soccer,NCAA D1,WAC,https://utahtechtrailblazers.com/sports/mens-soccer/roster/2024,year-swap (direct),https://utahtechtrailblazers.com/sports/mens-soccer/roster/2025,28,todo,
Utah Tech,womens-soccer,NCAA D1,Big Sky,https://utahtechtrailblazers.com/sports/womens-soccer/roster,no year in URL — check the site for a 2024 season selector,https://utahtechtrailblazers.com/sports/womens-soccer/roster,21,todo,
Utah Valley,mens-soccer,NCAA D1,WAC,https://gouvu.com/sports/mens-soccer/roster/2024,year-swap (direct),https://gouvu.com/sports/mens-soccer/roster/2025,28,todo,
Utah Valley,womens-soccer,NCAA D1,Big West,https://gouvu.com/sports/womens-soccer/roster,wayback — query the CDX API for a late-2024 snapshot of this URL,https://web.archive.org/web/20251125101303/https://gouvu.com/sports/womens-soccer/roster,27,todo,
Utica,mens-soccer,NCAA D3,Empire 8,https://uticapioneers.com/sports/mens-soccer/roster/2024,year-swap (direct),https://uticapioneers.com/sports/mens-soccer/roster/2025,38,todo,
Utica University,womens-soccer,NCAA D3,Empire 8,https://uticapioneers.com/sports/womens-soccer/roster/2024,year-swap (direct),https://uticapioneers.com/sports/womens-soccer/roster/2025,31,todo,
VCU,mens-soccer,NCAA D1,Atlantic 10,https://vcuathletics.com/sports/mens-soccer/roster/2024,year-swap (direct),https://vcuathletics.com/sports/mens-soccer/roster/2025,26,todo,
VCU,womens-soccer,NCAA D1,Atlantic 10,https://vcuathletics.com/sports/womens-soccer/roster,wayback — query the CDX API for a late-2024 snapshot of this URL,https://web.archive.org/web/20250904064413/https://vcuathletics.com/sports/womens-soccer/roster,27,todo,
VMI,mens-soccer,NCAA D1,SoCon,https://vmikeydets.com/sports/mens-soccer/roster/2024,year-swap (direct),https://vmikeydets.com/sports/mens-soccer/roster/2025,28,todo,
VMI,womens-soccer,NCAA D1,Southern,https://vmikeydets.com/sports/womens-soccer/roster,wayback — query the CDX API for a late-2024 snapshot of this URL,https://web.archive.org/web/20251028140614/https://vmikeydets.com/sports/womens-soccer/roster,29,todo,
Valdosta State,womens-soccer,NCAA D2,Gulf South Conference,https://vstateblazers.com/sports/womens-soccer/roster/2024,year-swap (direct),https://vstateblazers.com/sports/womens-soccer/roster/2025,28,todo,
Valparaiso,womens-soccer,NCAA D1,Missouri Valley,https://valpoathletics.com/sports/womens-soccer/roster,no year in URL — check the site for a 2024 season selector,https://valpoathletics.com/sports/womens-soccer/roster,27,todo,
Vanderbilt,womens-soccer,NCAA D1,SEC,https://vucommodores.com/sports/wsoc/roster,no year in URL — check the site for a 2024 season selector,https://vucommodores.com/sports/wsoc/roster,26,todo,
Vanguard,mens-soccer,NCAA D2,PacWest,https://vanguardlions.com/sports/mens-soccer/roster/2024,year-swap (direct),https://vanguardlions.com/sports/mens-soccer/roster/2025,33,todo,
Vanguard,womens-soccer,NCAA D2,Pacific West Conference,https://vanguardlions.com/sports/womens-soccer/roster/2024,year-swap (direct),https://vanguardlions.com/sports/womens-soccer/roster/2025,28,todo,
Vassar College,womens-soccer,NCAA D3,Liberty League,https://www.vassarathletics.com/sports/womens-soccer/roster/2024,year-swap (direct),https://www.vassarathletics.com/sports/womens-soccer/roster/2025,31,todo,
Vermont,mens-soccer,NCAA D1,America East,https://uvmathletics.com/sports/mens-soccer/roster/2024,year-swap (direct),https://uvmathletics.com/sports/mens-soccer/roster/2025,30,todo,
Vermont,womens-soccer,NCAA D1,America East,https://uvmathletics.com/sports/womens-soccer/roster,wayback — query the CDX API for a late-2024 snapshot of this URL,https://web.archive.org/web/20251118152947/https://uvmathletics.com/sports/womens-soccer/roster,28,todo,
Vermont State University-Castleton,womens-soccer,NCAA D3,New Jersey Athletic Conference,https://castletonsports.com/sports/womens-soccer/roster/2024,year-swap (direct),https://castletonsports.com/sports/womens-soccer/roster/2025,28,todo,
Vermont State University-Johnson,womens-soccer,NCAA D3,North Atlantic Conference,https://www.nvubadgers.com/sports/wsoc/2024-26/roster,year-swap (direct),https://www.nvubadgers.com/sports/wsoc/2025-26/roster,21,todo,
Vermont State University-Lyndon,womens-soccer,NCAA D3,North Atlantic Conference,https://vtsuhornets.com/sports/womens-soccer/roster/2024,year-swap (direct),https://vtsuhornets.com/sports/womens-soccer/roster/2025,19,todo,
Villanova,mens-soccer,NCAA D1,Big East,https://villanova.com/sports/mens-soccer/roster/2024,year-swap (direct),https://villanova.com/sports/mens-soccer/roster/2025,27,todo,
Villanova,womens-soccer,NCAA D1,Big East,https://villanova.com/sports/womens-soccer/roster,wayback — query the CDX API for a late-2024 snapshot of this URL,https://web.archive.org/web/20250914200233/https://villanova.com/sports/womens-soccer/roster,28,todo,
Virginia,mens-soccer,NCAA D1,ACC,https://virginiasports.com/sports/msoc/roster/,wayback — query the CDX API for a late-2024 snapshot of this URL,https://web.archive.org/web/20251214040816/https://virginiasports.com/sports/msoc/roster/,30,todo,
Virginia,womens-soccer,NCAA D1,ACC,https://virginiasports.com/sports/womens-soccer/roster,no year in URL — check the site for a 2024 season selector,https://virginiasports.com/sports/womens-soccer/roster,28,todo,
Virginia State,mens-soccer,NCAA D2,CIAA,https://govsutrojans.com/sports/mens-soccer/roster/2024,year-swap (direct),https://govsutrojans.com/sports/mens-soccer/roster/2025,27,todo,
Virginia State,womens-soccer,NCAA D2,Independent,https://govsutrojans.com/sports/womens-soccer/roster/2024,year-swap (direct),https://govsutrojans.com/sports/womens-soccer/roster/2025,24,todo,
Virginia Tech,mens-soccer,NCAA D1,ACC,https://hokiesports.com/sports/mens-soccer/roster/season/2024,year-swap (direct),https://hokiesports.com/sports/mens-soccer/roster/season/2025,26,todo,
Virginia Tech,womens-soccer,NCAA D1,ACC,https://hokiesports.com/sports/womens-soccer/roster/season/2024,year-swap (direct),https://hokiesports.com/sports/womens-soccer/roster/season/2025,30,todo,
Virginia Wesleyan,mens-soccer,NCAA D3,ODAC,https://battenathletics.com/sports/mens-soccer/roster/2024,year-swap (direct),https://battenathletics.com/sports/mens-soccer/roster/2025,31,todo,
Wagner,womens-soccer,NCAA D1,NEC,https://wagnerathletics.com/sports/womens-soccer/roster,wayback — query the CDX API for a late-2024 snapshot of this URL,https://web.archive.org/web/20251117124010/https://wagnerathletics.com/sports/womens-soccer/roster,31,todo,
Wake Forest,mens-soccer,NCAA D1,ACC,https://godeacs.com/sports/mens-soccer/roster/2024,year-swap (direct),https://godeacs.com/sports/mens-soccer/roster/2025,29,todo,
Wake Forest,womens-soccer,NCAA D1,ACC,https://godeacs.com/sports/womens-soccer/roster,wayback — query the CDX API for a late-2024 snapshot of this URL,https://web.archive.org/web/20251016145606/https://godeacs.com/sports/womens-soccer/roster,31,todo,
Walsh,mens-soccer,NCAA D2,GMAC,https://athletics.walsh.edu/sports/mens-soccer/roster/2024,year-swap (direct),https://athletics.walsh.edu/sports/mens-soccer/roster/2025,46,todo,
Walsh,womens-soccer,NCAA D2,Great Midwest Athletic Conference,https://athletics.walsh.edu/sports/womens-soccer/roster/2024,year-swap (direct),https://athletics.walsh.edu/sports/womens-soccer/roster/2025,27,todo,
Warren Wilson College,womens-soccer,NCAA D3,Coast-to-Coast Athletic Conference,https://warrenwilsonowls.com/sports/womens-soccer/roster/2024,year-swap (direct),https://warrenwilsonowls.com/sports/womens-soccer/roster/2025,23,todo,
Wartburg,mens-soccer,NCAA D3,Iowa Conference,https://go-knights.net/sports/mens-soccer/roster/2024,year-swap (direct),https://go-knights.net/sports/mens-soccer/roster/2025,46,todo,
Wartburg College,womens-soccer,NCAA D3,American Rivers Conference,https://go-knights.net/sports/womens-soccer/roster/2024,year-swap (direct),https://go-knights.net/sports/womens-soccer/roster/2025,26,todo,
Washburn,womens-soccer,NCAA D2,Mid-America Intercollegiate Athletics Association,https://wusports.com/sports/womens-soccer/roster/2024,year-swap (direct),https://wusports.com/sports/womens-soccer/roster/2025,29,todo,
Washington,mens-soccer,NCAA D1,Big Ten,https://gohuskies.com/sports/mens-soccer/roster/2024,year-swap (direct),https://gohuskies.com/sports/mens-soccer/roster/2025,29,todo,
Washington,womens-soccer,NCAA D1,Big Ten,https://gohuskies.com/sports/womens-soccer/roster,wayback — query the CDX API for a late-2024 snapshot of this URL,https://web.archive.org/web/20251104113034/https://gohuskies.com/sports/womens-soccer/roster,28,todo,
Washington & Jefferson,mens-soccer,NCAA D3,PAC,https://gopresidents.com/sports/mens-soccer/roster/2024,year-swap (direct),https://gopresidents.com/sports/mens-soccer/roster/2025,39,todo,
Washington & Jefferson College,womens-soccer,NCAA D3,Presidents' Athletic Conference,https://gopresidents.com/sports/womens-soccer/roster/2024,year-swap (direct),https://gopresidents.com/sports/womens-soccer/roster/2025,29,todo,
Washington & Lee,mens-soccer,NCAA D3,ODAC,https://generalssports.com/sports/mens-soccer/roster/2024,year-swap (direct),https://generalssports.com/sports/mens-soccer/roster/2025,29,todo,
Washington (MO),mens-soccer,NCAA D3,UAA,https://washubears.com/sports/mens-soccer/roster/2024,year-swap (direct),https://washubears.com/sports/mens-soccer/roster/2025,34,todo,
Washington College,womens-soccer,NCAA D3,Centennial Conference,https://washcollsports.com/sports/womens-soccer/roster/2024,year-swap (direct),https://washcollsports.com/sports/womens-soccer/roster/2025,26,todo,
Washington College (MD),mens-soccer,NCAA D3,Centennial,https://washcollsports.com/sports/mens-soccer/roster/2024,year-swap (direct),https://washcollsports.com/sports/mens-soccer/roster/2025,31,todo,
Washington State,womens-soccer,NCAA D1,Pac-12,https://wsucougars.com/sports/womens-soccer/roster,wayback — query the CDX API for a late-2024 snapshot of this URL,https://web.archive.org/web/20251012004941/https://wsucougars.com/sports/womens-soccer/roster,30,todo,
Washington University in St Louis,womens-soccer,NCAA D3,University Athletic Association,https://washubears.com/sports/womens-soccer/roster/2024,year-swap (direct),https://washubears.com/sports/womens-soccer/roster/2025,33,todo,
Washington and Lee University,womens-soccer,NCAA D3,Old Dominion Athletic Conference,https://generalssports.com/sports/womens-soccer/roster/2024,year-swap (direct),https://generalssports.com/sports/womens-soccer/roster/2025,34,todo,
Wayne State (NE),womens-soccer,NCAA D2,Northern Sun Intercollegiate Conference,https://wscwildcats.com/sports/womens-soccer/roster/2024,year-swap (direct),https://wscwildcats.com/sports/womens-soccer/roster/2025,28,todo,
Waynesburg,mens-soccer,NCAA D3,PAC,https://waynesburgsports.com/sports/mens-soccer/roster/2024,year-swap (direct),https://waynesburgsports.com/sports/mens-soccer/roster/2025,34,todo,
Waynesburg University,womens-soccer,NCAA D3,Presidents' Athletic Conference,https://waynesburgsports.com/sports/womens-soccer/roster/2024,year-swap (direct),https://waynesburgsports.com/sports/womens-soccer/roster/2025,35,todo,
Weber State,womens-soccer,NCAA D1,Big Sky,https://weberstatesports.com/sports/womens-soccer/roster,wayback — query the CDX API for a late-2024 snapshot of this URL,https://web.archive.org/web/20251207135700/https://weberstatesports.com/sports/womens-soccer/roster,29,todo,
Webster,mens-soccer,NCAA D3,SLIAC,https://websterathletics.com/sports/mens-soccer/roster/2024,year-swap (direct),https://websterathletics.com/sports/mens-soccer/roster/2025,35,todo,
Webster University,womens-soccer,NCAA D3,St. Louis Intercollegiate Athletic Conference,https://websterathletics.com/sports/womens-soccer/roster/2024,year-swap (direct),https://websterathletics.com/sports/womens-soccer/roster/2025,23,todo,
Wellesley College,womens-soccer,NCAA D3,New England Women's and Men's Athletic Conference,https://wellesleyblue.com/sports/womens-soccer/roster/2024,year-swap (direct),https://wellesleyblue.com/sports/womens-soccer/roster/2025,30,todo,
Wentworth,mens-soccer,NCAA D3,CCC,https://www.wentworthathletics.com/sports/msoc/2024-26/roster,year-swap (direct),https://www.wentworthathletics.com/sports/msoc/2025-26/roster,35,todo,
Wentworth Institute of Technology,womens-soccer,NCAA D3,Conference of New England,https://www.wentworthathletics.com/sports/wsoc/2024-26/roster,year-swap (direct),https://www.wentworthathletics.com/sports/wsoc/2025-26/roster,33,todo,
Wesleyan (CT),mens-soccer,NCAA D3,NESCAC,https://athletics.wesleyan.edu/sports/mens-soccer/roster/2024,year-swap (direct),https://athletics.wesleyan.edu/sports/mens-soccer/roster/2025,33,todo,
Wesleyan University,womens-soccer,NCAA D3,New England Small College Athletic Conference,https://athletics.wesleyan.edu/sports/womens-soccer/roster/2024,year-swap (direct),https://athletics.wesleyan.edu/sports/womens-soccer/roster/2025,31,todo,
West Alabama,mens-soccer,NCAA D2,GSC,https://uwaathletics.com/sports/mens-soccer/roster/2024,year-swap (direct),https://uwaathletics.com/sports/mens-soccer/roster/2025,25,todo,
West Alabama,womens-soccer,NCAA D2,Gulf South Conference,https://uwaathletics.com/sports/womens-soccer/roster/2024,year-swap (direct),https://uwaathletics.com/sports/womens-soccer/roster/2025,22,todo,
West Chester,mens-soccer,NCAA D2,PSAC,https://wcupagoldenrams.com/sports/mens-soccer/roster/2024,year-swap (direct),https://wcupagoldenrams.com/sports/mens-soccer/roster/2025,28,todo,
West Chester,womens-soccer,NCAA D2,Pennsylvania State Athletic Conference,https://wcupagoldenrams.com/sports/womens-soccer/roster/2024,year-swap (direct),https://wcupagoldenrams.com/sports/womens-soccer/roster/2025,36,todo,
West Florida,mens-soccer,NCAA D2,GSC,https://goargos.com/sports/mens-soccer/roster/2024,year-swap (direct),https://goargos.com/sports/mens-soccer/roster/2025,30,todo,
West Florida,womens-soccer,NCAA D1,ASUN,https://goargos.com/sports/womens-soccer/roster,no year in URL — check the site for a 2024 season selector,https://goargos.com/sports/womens-soccer/roster,25,todo,
West Georgia,womens-soccer,NCAA D1,UAC,https://uwgathletics.com/sports/womens-soccer/roster,no year in URL — check the site for a 2024 season selector,https://uwgathletics.com/sports/womens-soccer/roster,32,todo,
West Liberty,mens-soccer,NCAA D2,Mountain East,https://hilltoppersports.com/sports/mens-soccer/roster/2024,year-swap (direct),https://hilltoppersports.com/sports/mens-soccer/roster/2025,33,todo,
West Liberty,womens-soccer,NCAA D2,Mountain East Conference,https://hilltoppersports.com/sports/womens-soccer/roster/2024,year-swap (direct),https://hilltoppersports.com/sports/womens-soccer/roster/2025,24,todo,
West Texas A&M,mens-soccer,NCAA D2,LSC,https://gobuffsgo.com/sports/mens-soccer/roster/2024,year-swap (direct),https://gobuffsgo.com/sports/mens-soccer/roster/2025,40,todo,
West Texas A&M,womens-soccer,NCAA D2,Lone Star Conference,https://gobuffsgo.com/sports/womens-soccer/roster/2024,year-swap (direct),https://gobuffsgo.com/sports/womens-soccer/roster/2025,26,todo,
West Virginia,mens-soccer,NCAA D1,Big 12,https://wvusports.com/sports/mens-soccer/roster/2024,year-swap (direct),https://wvusports.com/sports/mens-soccer/roster/2025,28,todo,
West Virginia,womens-soccer,NCAA D1,Big 12,https://wvusports.com/sports/womens-soccer/roster,wayback — query the CDX API for a late-2024 snapshot of this URL,https://web.archive.org/web/20251112190849/https://wvusports.com/sports/womens-soccer/roster,29,todo,
West Virginia State,womens-soccer,NCAA D2,Mountain East Conference,https://wvsuyellowjackets.com/sports/womens-soccer/roster/2024,year-swap (direct),https://wvsuyellowjackets.com/sports/womens-soccer/roster/2025,22,todo,
West Virginia Wesleyan,mens-soccer,NCAA D2,Mountain East,https://wesleyanbobcats.com/sports/mens-soccer/roster/2024,year-swap (direct),https://wesleyanbobcats.com/sports/mens-soccer/roster/2025,33,todo,
West Virginia Wesleyan,womens-soccer,NCAA D2,Mountain East Conference,https://wesleyanbobcats.com/sports/womens-soccer/roster/2024,year-swap (direct),https://wesleyanbobcats.com/sports/womens-soccer/roster/2025,34,todo,
Western Carolina,womens-soccer,NCAA D1,Southern,https://catamountsports.com/sports/womens-soccer/roster,wayback — query the CDX API for a late-2024 snapshot of this URL,https://web.archive.org/web/20251219052123/https://catamountsports.com/sports/womens-soccer/roster,27,todo,
Western Colorado,womens-soccer,NCAA D2,Rocky Mountain Athletic Conference,https://gomountaineers.com/sports/womens-soccer/roster/2024,year-swap (direct),https://gomountaineers.com/sports/womens-soccer/roster/2025,34,todo,
Western Connecticut,mens-soccer,NCAA D3,LEC,https://westconnathletics.com/sports/mens-soccer/roster/2024,year-swap (direct),https://westconnathletics.com/sports/mens-soccer/roster/2025,43,todo,
Western Illinois,mens-soccer,NCAA D1,Summit League,https://goleathernecks.com/sports/mens-soccer/roster/2024,year-swap (direct),https://goleathernecks.com/sports/mens-soccer/roster/2025,31,todo,
Western Illinois,womens-soccer,NCAA D1,Ohio Valley,https://goleathernecks.com/sports/womens-soccer/roster,wayback — query the CDX API for a late-2024 snapshot of this URL,https://web.archive.org/web/20260113013218/https://goleathernecks.com/sports/womens-soccer/roster,27,todo,
Western Kentucky,womens-soccer,NCAA D1,CUSA,https://wkusports.com/sports/womens-soccer/roster/georgia-liapis/6028,wayback — query the CDX API for a late-2024 snapshot of this URL,https://web.archive.org/web/20250927061844/https://wkusports.com/sports/womens-soccer/roster/georgia-liapis/6028,31,todo,
Western Michigan,mens-soccer,NCAA D1,MAC,https://wmubroncos.com/sports/mens-soccer/roster/2024,year-swap (direct),https://wmubroncos.com/sports/mens-soccer/roster/2025,28,todo,
Western Michigan,womens-soccer,NCAA D1,MAC,https://wmubroncos.com/sports/womens-soccer/roster/abby-smothers/15622,wayback — query the CDX API for a late-2024 snapshot of this URL,https://web.archive.org/web/20251106193037/https://wmubroncos.com/sports/womens-soccer/roster/abby-smothers/15622,34,todo,
Western New England,mens-soccer,NCAA D3,CCC,https://wnegoldenbears.com/sports/mens-soccer/roster/2024,year-swap (direct),https://wnegoldenbears.com/sports/mens-soccer/roster/2025,30,todo,
Western New England University,womens-soccer,NCAA D3,Conference of New England,https://wnegoldenbears.com/sports/womens-soccer/roster/2024,year-swap (direct),https://wnegoldenbears.com/sports/womens-soccer/roster/2025,32,todo,
Western Oregon,mens-soccer,NCAA D2,GNAC,https://wouwolves.com/sports/mens-soccer/roster/2024,year-swap (direct),https://wouwolves.com/sports/mens-soccer/roster/2025,41,todo,
Western Oregon,womens-soccer,NCAA D2,Great Northwest Athletic Conference,https://wouwolves.com/sports/womens-soccer/roster/2024,year-swap (direct),https://wouwolves.com/sports/womens-soccer/roster/2025,32,todo,
Western Washington,mens-soccer,NCAA D2,GNAC,https://wwuvikings.com/sports/mens-soccer/roster/2024,year-swap (direct),https://wwuvikings.com/sports/mens-soccer/roster/2025,26,todo,
Western Washington,womens-soccer,NCAA D2,Great Northwest Athletic Conference,https://wwuvikings.com/sports/womens-soccer/roster/2024,year-swap (direct),https://wwuvikings.com/sports/womens-soccer/roster/2025,32,todo,
Westfield State,mens-soccer,NCAA D3,MASCAC,https://westfieldstateowls.com/sports/msoc/2024-26/roster,wayback — query the CDX API for a late-2024 snapshot of this URL,https://web.archive.org/web/20251012092943/https://westfieldstateowls.com/sports/msoc/2025-26/roster,29,todo,
Westfield State University,womens-soccer,NCAA D3,Massachusetts State Collegiate Athletic Conference,https://westfieldstateowls.com/sports/wsoc/2024-26/roster,wayback — query the CDX API for a late-2024 snapshot of this URL,https://web.archive.org/web/20251012092927/https://westfieldstateowls.com/sports/wsoc/2025-26/roster,26,todo,
Westminster (MO),mens-soccer,NCAA D3,SLIAC,https://wcbluejays.wcmo.edu/sports/mens-soccer/roster/2024,year-swap (direct),https://wcbluejays.wcmo.edu/sports/mens-soccer/roster/2025,43,todo,
Westminster (PA),mens-soccer,NCAA D3,PAC,https://athletics.westminster.edu/sports/mens-soccer/roster/2024,year-swap (direct),https://athletics.westminster.edu/sports/mens-soccer/roster/2025,43,todo,
Westminster (UT),mens-soccer,NCAA D2,RMAC,https://westminstergriffins.com/sports/mens-soccer/roster/2024,year-swap (direct),https://westminstergriffins.com/sports/mens-soccer/roster/2025,34,todo,
Westminster (UT),womens-soccer,NCAA D2,Rocky Mountain Athletic Conference,,no source URL recorded — discover from scratch,,32,todo,
Westminster College (PA),womens-soccer,NCAA D3,Presidents' Athletic Conference,https://athletics.westminster.edu/sports/womens-soccer/roster/2024,year-swap (direct),https://athletics.westminster.edu/sports/womens-soccer/roster/2025,28,todo,
Westminster University (MO),womens-soccer,NCAA D3,St. Louis Intercollegiate Athletic Conference,https://wcbluejays.wcmo.edu/sports/womens-soccer/roster/2024,year-swap (direct),https://wcbluejays.wcmo.edu/sports/womens-soccer/roster/2025,26,todo,
Westmont,mens-soccer,NCAA D2,PacWest,https://athletics.westmont.edu/sports/mens-soccer/roster/2024,year-swap (direct),https://athletics.westmont.edu/sports/mens-soccer/roster/2025,32,todo,
Westmont,womens-soccer,NCAA D2,Pacific West Conference,https://athletics.westmont.edu/sports/womens-soccer/roster/2024,year-swap (direct),https://athletics.westmont.edu/sports/womens-soccer/roster/2025,32,todo,
Wheaton (IL),mens-soccer,NCAA D3,CCIW,https://athletics.wheaton.edu/sports/mens-soccer/roster/2024,year-swap (direct),https://athletics.wheaton.edu/sports/mens-soccer/roster/2025,34,todo,
Wheaton (MA),mens-soccer,NCAA D3,NEWMAC,https://wheatoncollegelyons.com/sports/mens-soccer/roster/2024,year-swap (direct),https://wheatoncollegelyons.com/sports/mens-soccer/roster/2025,36,todo,
Wheaton College (IL),womens-soccer,NCAA D3,College Conference of Illinois & Wisconsin,,no source URL recorded — discover from scratch,,26,todo,
Wheaton College (MA),womens-soccer,NCAA D3,New England Women's and Men's Athletic Conference,https://wheatoncollegelyons.com/sports/womens-soccer/roster/2024,year-swap (direct),https://wheatoncollegelyons.com/sports/womens-soccer/roster/2025,25,todo,
Wheeling,mens-soccer,NCAA D2,Mountain East,https://wucardinals.com/sports/mens-soccer/roster/2024,year-swap (direct),https://wucardinals.com/sports/mens-soccer/roster/2025,35,todo,
Wheeling,womens-soccer,NCAA D2,Mountain East Conference,https://wucardinals.com/sports/womens-soccer/roster/2024,year-swap (direct),https://wucardinals.com/sports/womens-soccer/roster/2025,31,todo,
Whitman,mens-soccer,NCAA D3,NWC,https://whitmanblues.com/sports/mens-soccer/roster/2024,wayback — query the CDX API for a late-2024 snapshot of this URL,https://web.archive.org/web/20251220035615/https://whitmanblues.com/sports/mens-soccer/roster/2025,27,todo,
Whitman College,womens-soccer,NCAA D3,Northwest Conference,https://whitmanblues.com/sports/womens-soccer/roster/2024,year-swap (direct),https://whitmanblues.com/sports/womens-soccer/roster/2025,31,todo,
Whittier College,womens-soccer,NCAA D3,Southern California Intercollegiate Athletic Conference,https://wcpoets.com/sports/womens-soccer/roster/2024,year-swap (direct),https://wcpoets.com/sports/womens-soccer/roster/2025,40,todo,
Whitworth,mens-soccer,NCAA D3,NWC,https://whitworthpirates.com/sports/mens-soccer/roster/2024,year-swap (direct),https://whitworthpirates.com/sports/mens-soccer/roster/2025,33,todo,
Whitworth University,womens-soccer,NCAA D3,Northwest Conference,https://whitworthpirates.com/sports/womens-soccer/roster/2024,year-swap (direct),https://whitworthpirates.com/sports/womens-soccer/roster/2025,28,todo,
Widener,mens-soccer,NCAA D3,MAC Commonwealth,https://widenerpride.com/sports/mens-soccer/roster/2024,year-swap (direct),https://widenerpride.com/sports/mens-soccer/roster/2025,37,todo,
Widener University,womens-soccer,NCAA D3,Middle Atlantic Conference (Commonwealth),https://widenerpride.com/sports/womens-soccer/roster/2024,year-swap (direct),https://widenerpride.com/sports/womens-soccer/roster/2025,27,todo,
Wilkes,mens-soccer,NCAA D3,MAC Freedom,https://gowilkesu.com/sports/mens-soccer/roster/2024,year-swap (direct),https://gowilkesu.com/sports/mens-soccer/roster/2025,34,todo,
Wilkes University,womens-soccer,NCAA D3,Landmark Conference,https://gowilkesu.com/sports/womens-soccer/roster/2024,year-swap (direct),https://gowilkesu.com/sports/womens-soccer/roster/2025,32,todo,
Willamette University,womens-soccer,NCAA D3,Northwest Conference,https://www.wubearcats.com/sports/wsoc/2024-26/roster,wayback — query the CDX API for a late-2024 snapshot of this URL,https://web.archive.org/web/20251227151350/https://www.wubearcats.com/sports/wsoc/2025-26/roster,31,todo,
William & Mary,mens-soccer,NCAA D1,CAA,https://tribeathletics.com/sports/mens-soccer/roster/2024,year-swap (direct),https://tribeathletics.com/sports/mens-soccer/roster/2025,29,todo,
William & Mary,womens-soccer,NCAA D1,CAA,https://tribeathletics.com/sports/womens-soccer/roster,wayback — query the CDX API for a late-2024 snapshot of this URL,https://web.archive.org/web/20251113141617/https://tribeathletics.com/sports/womens-soccer/roster,29,todo,
William Jewell,mens-soccer,NCAA D2,GLVC,https://jewellcardinals.com/sports/mens-soccer/roster/2024,year-swap (direct),https://jewellcardinals.com/sports/mens-soccer/roster/2025,43,todo,
William Jewell,womens-soccer,NCAA D2,Great Lakes Valley Conference,https://jewellcardinals.com/sports/womens-soccer/roster/2024,year-swap (direct),https://jewellcardinals.com/sports/womens-soccer/roster/2025,33,todo,
William Paterson University,womens-soccer,NCAA D3,New Jersey Athletic Conference,https://www.wpupioneers.com/sports/womens-soccer/roster/2024,year-swap (direct),https://www.wpupioneers.com/sports/womens-soccer/roster/2025,20,todo,
William Peace University,womens-soccer,NCAA D3,USA South Athletic Conference,https://gopeacepacers.com/sports/womens-soccer/roster/2024,year-swap (direct),https://gopeacepacers.com/sports/womens-soccer/roster/2025,18,todo,
Williams,mens-soccer,NCAA D3,NESCAC,https://ephsports.williams.edu/sports/mens-soccer/roster/2024,year-swap (direct),https://ephsports.williams.edu/sports/mens-soccer/roster/2025,27,todo,
Williams College,womens-soccer,NCAA D3,New England Small College Athletic Conference,https://ephsports.williams.edu/sports/womens-soccer/roster/2024,year-swap (direct),https://ephsports.williams.edu/sports/womens-soccer/roster/2025,27,todo,
Wilmington (DE),mens-soccer,NCAA D2,CACC,https://wildcats.athletics.wilmu.edu/sports/msoc/2024-26/roster,year-swap (direct),https://wildcats.athletics.wilmu.edu/sports/msoc/2025-26/roster,30,todo,
Wilmington (OH),mens-soccer,NCAA D3,HCAC,https://wilmingtonquakers.com/sports/mens-soccer/roster/2024,year-swap (direct),https://wilmingtonquakers.com/sports/mens-soccer/roster/2025,38,todo,
Wilmington College,womens-soccer,NCAA D3,Ohio Athletic Conference,https://wilmingtonquakers.com/sports/womens-soccer/roster/2024,year-swap (direct),https://wilmingtonquakers.com/sports/womens-soccer/roster/2025,32,todo,
Wilson College,womens-soccer,NCAA D3,United East Conference,https://wilsonphoenix.com/sports/womens-soccer/roster/2024,year-swap (direct),https://wilsonphoenix.com/sports/womens-soccer/roster/2025,27,todo,
Wingate,mens-soccer,NCAA D2,SAC,https://wingatebulldogs.com/sports/mens-soccer/roster/2024,year-swap (direct),https://wingatebulldogs.com/sports/mens-soccer/roster/2025,31,todo,
Wingate,womens-soccer,NCAA D2,South Atlantic Conference,https://wingatebulldogs.com/sports/womens-soccer/roster/2024,year-swap (direct),https://wingatebulldogs.com/sports/womens-soccer/roster/2025,31,todo,
Winona State,womens-soccer,NCAA D2,Northern Sun Intercollegiate Conference,https://winonastatewarriors.com/sports/womens-soccer/roster/2024,year-swap (direct),https://winonastatewarriors.com/sports/womens-soccer/roster/2025,30,todo,
Winthrop,mens-soccer,NCAA D1,Big South,https://winthropeagles.com/sports/mens-soccer/roster/2024,year-swap (direct),https://winthropeagles.com/sports/mens-soccer/roster/2025,28,todo,
Winthrop,womens-soccer,NCAA D1,Big South,https://winthropeagles.com/sports/womens-soccer/roster,wayback — query the CDX API for a late-2024 snapshot of this URL,https://web.archive.org/web/20251104090552/https://winthropeagles.com/sports/womens-soccer/roster,25,todo,
Wisconsin,mens-soccer,NCAA D1,Big Ten,https://uwbadgers.com/sports/mens-soccer/roster/2024,year-swap (direct),https://uwbadgers.com/sports/mens-soccer/roster/2025,27,todo,
Wisconsin,womens-soccer,NCAA D1,Big Ten,https://uwbadgers.com/sports/womens-soccer/roster,wayback — query the CDX API for a late-2024 snapshot of this URL,https://web.archive.org/web/20251118091029/https://uwbadgers.com/sports/womens-soccer/roster,28,todo,
Wisconsin Lutheran College,womens-soccer,NCAA D3,Northern Athletics Collegiate Conference,https://wlcsports.com/sports/womens-soccer/roster/2024,year-swap (direct),https://wlcsports.com/sports/womens-soccer/roster/2025,31,todo,
Wisconsin-Eau Claire,mens-soccer,NCAA D3,WIAC,https://blugolds.com/sports/mens-soccer/roster/2024,year-swap (direct),https://blugolds.com/sports/mens-soccer/roster/2025,30,todo,
Wisconsin-Parkside,mens-soccer,NCAA D2,GLIAC,https://parksiderangers.com/sports/mens-soccer/roster/2024,year-swap (direct),https://parksiderangers.com/sports/mens-soccer/roster/2025,31,todo,
Wisconsin-Parkside,womens-soccer,NCAA D2,Great Lakes Intercollegiate Athletic Conference,https://parksiderangers.com/sports/womens-soccer/roster/2024,year-swap (direct),https://parksiderangers.com/sports/womens-soccer/roster/2025,30,todo,
Wisconsin-Platteville,mens-soccer,NCAA D3,WIAC,https://letsgopioneers.com/sports/mens-soccer/roster/2024,year-swap (direct),https://letsgopioneers.com/sports/mens-soccer/roster/2025,37,todo,
Wisconsin-River Falls,mens-soccer,NCAA D3,WIAC,https://uwrfsports.com/sports/mens-soccer/roster/2024,year-swap (direct),https://uwrfsports.com/sports/mens-soccer/roster/2025,35,todo,
Wisconsin-Stevens Point,mens-soccer,NCAA D3,WIAC,https://athletics.uwsp.edu/sports/mens-soccer/roster/2024,year-swap (direct),https://athletics.uwsp.edu/sports/mens-soccer/roster/2025,41,todo,
Wisconsin-Stout,mens-soccer,NCAA D3,WIAC,https://stoutbluedevils.com/sports/mens-soccer/roster/2024,year-swap (direct),https://stoutbluedevils.com/sports/mens-soccer/roster/2025,34,todo,
Wisconsin-Superior,mens-soccer,NCAA D3,WIAC,https://uwsyellowjackets.com/sports/mens-soccer/roster/2024,year-swap (direct),https://uwsyellowjackets.com/sports/mens-soccer/roster/2025,35,todo,
Wisconsin-Whitewater,mens-soccer,NCAA D3,WIAC,https://uwwsports.com/sports/mens-soccer/roster/2024,year-swap (direct),https://uwwsports.com/sports/mens-soccer/roster/2025,29,todo,
Wittenberg,mens-soccer,NCAA D3,OAC,https://wittenbergtigers.com/sports/msoc/2024-26/roster,year-swap (direct),https://wittenbergtigers.com/sports/msoc/2025-26/roster,35,todo,
Wittenberg University,womens-soccer,NCAA D3,North Coast Athletic Conference,https://wittenbergtigers.com/sports/wsoc/2024-26/roster,year-swap (direct),https://wittenbergtigers.com/sports/wsoc/2025-26/roster,25,todo,
Wofford,mens-soccer,NCAA D1,SoCon,https://woffordterriers.com/sports/mens-soccer/roster/2024,year-swap (direct),https://woffordterriers.com/sports/mens-soccer/roster/2025,31,todo,
Wofford,womens-soccer,NCAA D1,Southern,https://woffordterriers.com/sports/womens-soccer/roster,no year in URL — check the site for a 2024 season selector,https://woffordterriers.com/sports/womens-soccer/roster,27,todo,
Worcester Polytechnic,mens-soccer,NCAA D3,NEWMAC,https://athletics.wpi.edu/sports/mens-soccer/roster/2024,year-swap (direct),https://athletics.wpi.edu/sports/mens-soccer/roster/2025,31,todo,
Worcester Polytechnic Institute,womens-soccer,NCAA D3,New England Women's and Men's Athletic Conference,https://athletics.wpi.edu/sports/womens-soccer/roster/2024,year-swap (direct),https://athletics.wpi.edu/sports/womens-soccer/roster/2025,27,todo,
Worcester State,mens-soccer,NCAA D3,MASCAC,https://wsulancers.com/sports/msoc/2024-26/roster,year-swap (direct),https://wsulancers.com/sports/msoc/2025-26/roster,27,todo,
Worcester State University,womens-soccer,NCAA D3,Massachusetts State Collegiate Athletic Conference,https://wsulancers.com/sports/wsoc/2024-26/roster,year-swap (direct),https://wsulancers.com/sports/wsoc/2025-26/roster,28,todo,
Wright State,mens-soccer,NCAA D1,Horizon League,https://wsuraiders.com/sports/mens-soccer/roster/henry-hutchinson/6568,no year in URL — check the site for a 2024 season selector,https://wsuraiders.com/sports/mens-soccer/roster/henry-hutchinson/6568,47,todo,
Wright State,womens-soccer,NCAA D1,Horizon,https://wsuraiders.com/sports/womens-soccer/roster/2024,year-swap (direct),https://wsuraiders.com/sports/womens-soccer/roster/2025,33,todo,
Wyoming,womens-soccer,NCAA D1,Mountain West,https://gowyo.com/sports/womens-soccer/roster,no year in URL — check the site for a 2024 season selector,https://gowyo.com/sports/womens-soccer/roster,23,todo,
Xavier,mens-soccer,NCAA D1,Big East,https://goxavier.com/sports/mens-soccer/roster/2024,year-swap (direct),https://goxavier.com/sports/mens-soccer/roster/2025,33,todo,
Xavier,womens-soccer,NCAA D1,Big East,https://goxavier.com/sports/womens-soccer/roster,wayback — query the CDX API for a late-2024 snapshot of this URL,https://web.archive.org/web/20251107161140/https://goxavier.com/sports/womens-soccer/roster,27,todo,
Yale,mens-soccer,NCAA D1,Ivy League,https://yalebulldogs.com/sports/mens-soccer/roster/2024,year-swap (direct),https://yalebulldogs.com/sports/mens-soccer/roster/2025,29,todo,
Yale,womens-soccer,NCAA D1,Ivy League,https://yalebulldogs.com/sports/womens-soccer/roster,wayback — query the CDX API for a late-2024 snapshot of this URL,https://web.archive.org/web/20251214034526/https://yalebulldogs.com/sports/womens-soccer/roster,26,todo,
Yeshiva,mens-soccer,NCAA D3,Skyline,https://yumacs.com/sports/mens-soccer/roster/2024,year-swap (direct),https://yumacs.com/sports/mens-soccer/roster/2025,26,todo,
Yeshiva University,womens-soccer,NCAA D3,Skyline Conference,https://yumacs.com/sports/womens-soccer/roster/2024,year-swap (direct),https://yumacs.com/sports/womens-soccer/roster/2025,24,todo,
York (PA),mens-soccer,NCAA D3,MAC Freedom,https://ycpspartans.com/sports/mens-soccer/roster/2024,year-swap (direct),https://ycpspartans.com/sports/mens-soccer/roster/2025,37,todo,
York College of Pennsylvania,womens-soccer,NCAA D3,Middle Atlantic Conference (Commonwealth),https://ycpspartans.com/sports/womens-soccer/roster/2024,year-swap (direct),https://ycpspartans.com/sports/womens-soccer/roster/2025,39,todo,
Young Harris,mens-soccer,NCAA D2,Peach Belt,https://yhcathletics.com/sports/mens-soccer/roster/2024,year-swap (direct),https://yhcathletics.com/sports/mens-soccer/roster/2025,45,todo,
Young Harris,womens-soccer,NCAA D2,Conference Carolinas,https://yhcathletics.com/sports/womens-soccer/roster/2024,year-swap (direct),https://yhcathletics.com/sports/womens-soccer/roster/2025,28,todo,
Youngstown State,womens-soccer,NCAA D1,Horizon,https://ysusports.com/sports/womens-soccer/roster,no year in URL — check the site for a 2024 season selector,https://ysusports.com/sports/womens-soccer/roster,34,todo,
