name,sport,division,conference,nickname,nickname_plural,mascot,primary_color,secondary_color,logo_url,identity_source,identity_notes,conference_champion_2025,conference_champion_name,conference_champion_source,academic_rating,soccer_score
"Adams State",mens-soccer,"NCAA D2",RMAC,Grizzlies,1,"Grizzly bear",#007a53,,https://upload.wikimedia.org/wikipedia/en/a/ae/Adams_State_University_logo.png?utm_source=en.wikipedia.org&utm_campaign=imageinfo&utm_content=original,"wikipedia:Adams State University",,,,,5.3,38.32
Adelphi,mens-soccer,"NCAA D2",Northeast-10,Panthers,1,Panther,#4F2C1D,#FFB500,https://upload.wikimedia.org/wikipedia/commons/f/f5/Adelphi_University_wordmark.svg?utm_source=commons.wikimedia.org&utm_campaign=imageinfo&utm_content=original,"wikipedia:Adelphi University",,,,,6.5,58.45
Adrian,mens-soccer,"NCAA D3",MIAA-D3,Bulldogs,1,Bruiser,#D4AF37,,https://upload.wikimedia.org/wikipedia/commons/6/60/Adrian_college_logo_black.png?utm_source=commons.wikimedia.org&utm_campaign=imageinfo&utm_content=original,"wikipedia:Adrian College","copied from this school's other-sport row (Adrian College); the article ""Adrian College"" names this institution",,,,6.5,36.16
"Air Force",mens-soccer,"NCAA D1","Mountain West Conference",Falcons,1,,,,,athletics-domain:goairforcefalcons.com,"nickname recovered from the school's own athletics hostname; its Wikipedia article states none. Confirmed by that site's title (""Air Force Academy Athletics - Official Athletics Website"").",,,,7.8,57.61
Akron,mens-soccer,"NCAA D1","Big East Conference",Zips,1,"Zippy the Kangaroo",#041E42,#A89968,https://upload.wikimedia.org/wikipedia/commons/1/16/University_of_Akron_logo.svg?utm_source=commons.wikimedia.org&utm_campaign=imageinfo&utm_content=original,"wikipedia:University of Akron",,,,,5.6,91.72
"Alabama Huntsville",mens-soccer,"NCAA D2",GSC,Chargers,1,"Charger Blue",#0077C8,#FFFFFF,https://upload.wikimedia.org/wikipedia/commons/1/1e/Alabama-Huntsville_UAH_logo.svg?utm_source=commons.wikimedia.org&utm_campaign=imageinfo&utm_content=original,"wikipedia:University of Alabama in Huntsville",,,,,5.4,54.85
Albany,mens-soccer,"NCAA D1","America East Conference","Great Danes",1,"Great Danes",,,https://upload.wikimedia.org/wikipedia/en/3/3d/Logo_for_the_University_at_Albany_2.png?utm_source=en.wikipedia.org&utm_campaign=imageinfo&utm_content=original,"wikipedia:University at Albany",,,,,6.2,67.5
"Albertus Magnus",mens-soccer,"NCAA D3",NAC,Falcons,1,,#003D98,#FFFFFF,https://upload.wikimedia.org/wikipedia/commons/1/18/Albertus_magnus_college_textlogo.png?utm_source=commons.wikimedia.org&utm_campaign=imageinfo&utm_content=original,"wikipedia:Albertus Magnus College",,,,,6.5,43.78
Albion,mens-soccer,"NCAA D3",MIAA-D3,Britons,1,"Brit the Briton",#4B306A,#FFC845,https://upload.wikimedia.org/wikipedia/commons/e/ec/Albiion_college_full_logo.png?utm_source=commons.wikimedia.org&utm_campaign=imageinfo&utm_content=original,"wikipedia:Albion College",,,,,6.5,44.0
Albright,mens-soccer,"NCAA D3","MAC Commonwealth",Lions,1,,,,https://upload.wikimedia.org/wikipedia/commons/d/d1/Albright_college_penn_logo.png?utm_source=commons.wikimedia.org&utm_campaign=imageinfo&utm_content=original,"wikipedia:Albright College",,,,,6.5,38.28
"Alfred State",mens-soccer,"NCAA D3",AMCC,Pioneers,1,"Big Blue",,,https://upload.wikimedia.org/wikipedia/commons/9/94/Alfred_state_college_logo.png?utm_source=commons.wikimedia.org&utm_campaign=imageinfo&utm_content=original,"wikipedia:Alfred State College",,,,,6.2,47.87
"Alfred University",mens-soccer,"NCAA D3","Empire 8",Saxons,1,,#550D8A,#F5AA01,https://upload.wikimedia.org/wikipedia/en/8/89/Alfredunilogo.png?utm_source=en.wikipedia.org&utm_campaign=imageinfo&utm_content=original,"wikipedia:Alfred University",,,,,6.6,36.24
"Allan Hancock",mens-soccer,NJCAA,WSC,Bulldogs,1,"Spike the Bulldog",,,,"wikipedia:Allan Hancock College",,,,,5.8,22.06
Allegany,mens-soccer,NJCAA,MDJUCO,,,Trojans,,,,"wikipedia:Allegany College of Maryland",,,,,5.8,22.95
Allegheny,mens-soccer,"NCAA D3",NCAC,Gators,1,Chompers,,,https://upload.wikimedia.org/wikipedia/en/9/91/Alleghenycollegelogo.png?utm_source=en.wikipedia.org&utm_campaign=imageinfo&utm_content=original,"wikipedia:Allegheny College",,,,,6.5,38.67
"Allen County Community",mens-soccer,NJCAA,KJCCC,,,,,,,,"Cleared on audit: previous match (Allen Community College) failed re-verification",,,,6.0,40.57
Alma,mens-soccer,"NCAA D3",MIAA-D3,Scots,1,Scotty,,,https://upload.wikimedia.org/wikipedia/commons/1/1e/Stacked_2_Maroon.png?utm_source=commons.wikimedia.org&utm_campaign=imageinfo&utm_content=original,"wikipedia:Alma College","copied from this school's other-sport row (Alma College); the article ""Alma College"" names this institution",,,,6.5,37.16
Alvernia,mens-soccer,"NCAA D3","MAC Commonwealth",Wolves,1,"Golden Wolves",,,https://upload.wikimedia.org/wikipedia/commons/b/b5/Alvernia_University_Logo.PNG?utm_source=commons.wikimedia.org&utm_campaign=imageinfo&utm_content=original,athletics-domain:auwolves.com,"nickname recovered from the school's own athletics hostname; its Wikipedia article states none. Confirmed by that site's title (""Alvernia University Athletics - Official Athletics Website"").",,,,6.5,40.89
American,mens-soccer,"NCAA D1","Patriot League",Eagles,1,"Clawed Z. Eagle",#ED193A,#004FA2,https://upload.wikimedia.org/wikipedia/commons/c/c6/American_University_logo.svg?utm_source=commons.wikimedia.org&utm_campaign=imageinfo&utm_content=original,"wikipedia:American University",,,,,8.1,73.85
"American International",mens-soccer,"NCAA D2",Northeast-10,"Yellow Jackets",1,,,,,athletics-domain:aicyellowjackets.com,"nickname recovered from the school's own athletics hostname; its Wikipedia article states none. Confirmed by that site's title (""American International College - Official Athletics Website"").",,,,5.4,44.86
"American River",mens-soccer,NJCAA,CCCAA,Beavers,1,"Bucky the Beaver",,,,"wikipedia:American River College",,,,,5.8,26.52
Amherst,mens-soccer,"NCAA D3",NESCAC,,,Mammoths,#3f1f69,#FFFFFF,https://upload.wikimedia.org/wikipedia/commons/a/a8/Amherst_College_logo.svg?utm_source=commons.wikimedia.org&utm_campaign=imageinfo&utm_content=original,"wikipedia:Amherst College",,,,,10.0,54.57
Ancilla,mens-soccer,NJCAA,MCCAA,Chargers,1,,,,https://upload.wikimedia.org/wikipedia/en/5/59/AncillaCollegeLogo.png?utm_source=en.wikipedia.org&utm_campaign=imageinfo&utm_content=original,"wikipedia:Ancilla College",,,,,5.8,
"Anderson (IN)",mens-soccer,"NCAA D3",HCAC,Ravens,1,"Rodney the Raven",#F57501,,https://upload.wikimedia.org/wikipedia/commons/7/7b/Anderson_univ_indiana_logo.png?utm_source=commons.wikimedia.org&utm_campaign=imageinfo&utm_content=original,"wikipedia:Anderson University (Indiana)",,,,,6.5,47.47
"Anderson (SC)",mens-soccer,"NCAA D2",SAC,Trojans,1,"Troy the Trojan",#BCA270,#983141,https://upload.wikimedia.org/wikipedia/en/c/c0/Seal_of_Anderson_University%2C_SC.jpg?utm_source=en.wikipedia.org&utm_campaign=imageinfo&utm_content=original,"wikipedia:Anderson University (South Carolina)",,,,,5.4,59.63
"Andrew College",mens-soccer,NAIA,,,,,,,,,"Added for coaching-contact coverage; soccer_score/academic_rating are placeholders",,,,6.0,45.0
"Anna Maria",mens-soccer,"NCAA D3",MASCAC,Amcats,1,,#A52238,,https://upload.wikimedia.org/wikipedia/en/a/ae/Anna_Maria_College_logo.png?utm_source=en.wikipedia.org&utm_campaign=imageinfo&utm_content=original,"wikipedia:Anna Maria College",,,,,6.5,
"Anne Arundel",mens-soccer,NJCAA,MDJUCO,Riverhawks,1,"Swoop the Riverhawk",,,https://upload.wikimedia.org/wikipedia/en/2/26/Anne_Arundel_Community_College.png?utm_source=en.wikipedia.org&utm_campaign=imageinfo&utm_content=original,"wikipedia:Anne Arundel Community College",,,,,6.5,35.59
Aquinas,mens-soccer,NAIA,WHAC,,,,,,,,"Cleared on audit: previous match (University of Santo Tomas–Legazpi) failed re-verification",,,,5.6,53.55
Arcadia,mens-soccer,"NCAA D3","MAC Freedom",Knights,1,Archie,#FF2400,#808080,https://upload.wikimedia.org/wikipedia/commons/8/84/Arcadia_univ_logo.png?utm_source=commons.wikimedia.org&utm_campaign=imageinfo&utm_content=original,"wikipedia:Arcadia University",,,,,6.5,41.65
"Arizona Christian",mens-soccer,NAIA,"Golden State",Firestorm,0,"Firestorm (Stormin' Norman)",,,https://upload.wikimedia.org/wikipedia/en/5/53/Arizona_Christian_University_triangle_logo.png?utm_source=en.wikipedia.org&utm_campaign=imageinfo&utm_content=original,"wikipedia:Arizona Christian University",,,,,5.4,51.45
"Arizona Western",mens-soccer,NJCAA,ACCAC,Matadors,1,"Mateo the Matador Andale the Bull",#BA0C2F,#2CCCD3,https://upload.wikimedia.org/wikipedia/commons/9/96/Arizona_Western_College_Logo_New.svg?utm_source=commons.wikimedia.org&utm_campaign=imageinfo&utm_content=original,"wikipedia:Arizona Western College",,,,,5.8,42.92
"Army West Point",mens-soccer,"NCAA D1","Patriot League","Black Knights",1,Mule,#000000,#BE9969,https://upload.wikimedia.org/wikipedia/commons/b/b9/United_States_Military_Academy_wordmark.svg?utm_source=commons.wikimedia.org&utm_campaign=imageinfo&utm_content=original,"wikipedia:United States Military Academy",,,,,8.2,70.14
Asbury,mens-soccer,"NCAA D3",CCS,Eagles,1,Eagle,,,,athletics-domain:asburyeagles.com,"nickname recovered from the school's own athletics hostname; its Wikipedia article states none. Confirmed by that site's title (""2026 TeamAU Golf Experience | Register Now! - Asbury University"").",,,,6.5,42.55
Ashland,mens-soccer,"NCAA D2",GLIAC,Eagles,1,"Tuffy the Eagle",#4F2170,#FFC72C,https://upload.wikimedia.org/wikipedia/commons/c/ce/Ashland_University_logo.svg?utm_source=commons.wikimedia.org&utm_campaign=imageinfo&utm_content=original,"wikipedia:Ashland University",,,,,5.4,54.67
Assumption,mens-soccer,"NCAA D2",Northeast-10,Greyhounds,1,"Pierre the Greyhound",,,https://upload.wikimedia.org/wikipedia/commons/c/c1/Assumpt_univ_textlogo.png?utm_source=commons.wikimedia.org&utm_campaign=imageinfo&utm_content=original,"wikipedia:Assumption University (Worcester)",,,,,6.0,47.02
"Atlantic Cape",mens-soccer,NJCAA,NJCAAD3,Buccaneers,1,,,,,"wikipedia:Atlantic Cape Community College",,,,,5.8,30.37
"Auburn Montgomery",mens-soccer,"NCAA D2",GSC,Warhawks,1,Curtiss,#000000,#FA4616,https://upload.wikimedia.org/wikipedia/commons/a/a5/Auburn_univ_montgomery_logo_horiz.png?utm_source=commons.wikimedia.org&utm_campaign=imageinfo&utm_content=original,"wikipedia:Auburn University at Montgomery",,,,,5.4,60.91
Augsburg,mens-soccer,"NCAA D3",MIAC,Auggies,1,Eagle,,,https://upload.wikimedia.org/wikipedia/commons/f/f8/Augsburg_University_wordmark.svg?utm_source=commons.wikimedia.org&utm_campaign=imageinfo&utm_content=original,"wikipedia:Augsburg University",,,,,6.5,54.16
"Augustana (IL)",mens-soccer,"NCAA D3",CCIW,Vikings,1,Vikings,#002F6C,#FFDD00,https://upload.wikimedia.org/wikipedia/commons/3/31/Augustana_College_wordmark.svg?utm_source=commons.wikimedia.org&utm_campaign=imageinfo&utm_content=original,"wikipedia:Augustana College (Illinois)",,,,,8.0,32.48
Aurora,mens-soccer,"NCAA D3",NACC,Spartans,1,,#00467F,#47AA42,https://upload.wikimedia.org/wikipedia/commons/f/fe/Aurora_univ_logo.png?utm_source=commons.wikimedia.org&utm_campaign=imageinfo&utm_content=original,"wikipedia:Aurora University",,,,,6.5,47.59
"Austin College",mens-soccer,"NCAA D3",ASC,"Kangaroos, The Fighting 'Roos",1,"Rowdy 'Roo",#981E32,#FDB913,,"wikipedia:Austin College",,,,,6.6,38.2
"Ave Maria University",mens-soccer,NAIA,"Sun Conference",Gyrenes,1,,#0033a1,#8a6e4b,https://upload.wikimedia.org/wikipedia/commons/1/1d/Ave_maria_univ_logo.svg?utm_source=commons.wikimedia.org&utm_campaign=imageinfo&utm_content=original,"wikipedia:Ave Maria University","copied from this school's other-sport row (Ave Maria University); the article ""Ave Maria University"" names this institution",,,,,42.64
Averett,mens-soccer,"NCAA D3",ODAC,Cougars,1,"Ave and Rett",#002856,#FFB81D,https://upload.wikimedia.org/wikipedia/en/b/bc/Averett_stacked_logo.png?utm_source=en.wikipedia.org&utm_campaign=imageinfo&utm_content=original,"wikipedia:Averett University",,,,,6.5,37.46
Avila,mens-soccer,NAIA,Heart,Eagles,1,"Dominic the Eagle",,,https://upload.wikimedia.org/wikipedia/commons/7/7c/Avila_University_logo.svg?utm_source=commons.wikimedia.org&utm_campaign=imageinfo&utm_content=original,"wikipedia:Avila University",,,,,5.6,39.51
Babson,mens-soccer,"NCAA D3",NEWMAC,Beavers,1,"Biz E. Beaver",,,https://upload.wikimedia.org/wikipedia/commons/d/db/Logo-Babson-College-Horizontal-RGB_%282%29.svg?utm_source=commons.wikimedia.org&utm_campaign=imageinfo&utm_content=original,"wikipedia:Babson College",,1,NEWMAC,https://newmacsports.com/news/2025/11/8/general-babson-captures-second-straight-newmac-mens-soccer-championship.aspx,9.8,52.94
Baker,mens-soccer,NAIA,KCAC,Wildcats,1,,#fe5a1d,,https://upload.wikimedia.org/wikipedia/commons/2/25/Baker_University_wordmark.png?utm_source=commons.wikimedia.org&utm_campaign=imageinfo&utm_content=original,"wikipedia:Baker University",,,,,5.6,59.06
"Baldwin Wallace",mens-soccer,"NCAA D3",OAC,"Yellow Jackets",1,Stinger,#654321,,https://upload.wikimedia.org/wikipedia/commons/7/78/Baldwin_Wallace_University.svg?utm_source=commons.wikimedia.org&utm_campaign=imageinfo&utm_content=original,"wikipedia:Baldwin Wallace University",,,,,6.5,39.01
Barclay,mens-soccer,NAIA,KCAC,Bears,1,,,,,athletics-domain:bears.barclay.college,"nickname recovered from the school's own athletics hostname; its Wikipedia article states none. Confirmed by that site's title (""Barclay Bears"").",,,,4.7,54.48
Bard,mens-soccer,"NCAA D3","Liberty League",Raptors,1,,#BE0F34,,https://upload.wikimedia.org/wikipedia/commons/5/54/Bard_College_Logo.png?utm_source=commons.wikimedia.org&utm_campaign=imageinfo&utm_content=original,"wikipedia:Bard College",,,,,9.2,39.05
Barry,mens-soccer,"NCAA D2","Sunshine State",Buccaneers,1,"Bucky the Parrot",#ac1f2d,#000000,https://upload.wikimedia.org/wikipedia/commons/6/64/Barry_university_florida_logo.png?utm_source=commons.wikimedia.org&utm_campaign=imageinfo&utm_content=original,"wikipedia:Barry University",,,,,6.0,57.56
Barton,mens-soccer,"NCAA D2",SAC,Bulldogs,1,,,,,athletics-domain:bartonbulldogs.com,"nickname recovered from the school's own athletics hostname; its Wikipedia article states none. Confirmed by that site's title (""Summer Camp Page - Barton College - Official Athletics Website"").",,,,5.4,55.74
"Barton County",mens-soccer,NJCAA,KJCCC,,,,,,,,"Cleared on audit: previous match (Barton Community College) failed re-verification",,,,6.0,32.94
Bates,mens-soccer,"NCAA D3",NESCAC,Bobcats,1,,#881124,,https://upload.wikimedia.org/wikipedia/commons/0/0e/Bates_College_wordmark.svg?utm_source=commons.wikimedia.org&utm_campaign=imageinfo&utm_content=original,"wikipedia:Bates College",,,,,9.8,42.55
Belhaven,mens-soccer,"NCAA D3",ASC,Blazers,1,,#093D2D,#FED100,https://upload.wikimedia.org/wikipedia/commons/0/05/Belhaven_University_wordmark.svg?utm_source=commons.wikimedia.org&utm_campaign=imageinfo&utm_content=original,"wikipedia:Belhaven University",,,,,6.5,44.64
Bellarmine,mens-soccer,"NCAA D1","Atlantic Sun Conference",Knights,1,"Valor the Knight",#660000,#CCCCCC,https://upload.wikimedia.org/wikipedia/commons/3/31/BellarmineWaterMark.png?utm_source=commons.wikimedia.org&utm_campaign=imageinfo&utm_content=original,"wikipedia:Bellarmine University",,,,,5.8,75.47
"Bellevue University",mens-soccer,NAIA,"Continental Athletic Conference",Bruins,1,,#4f3674,#cfa427,https://upload.wikimedia.org/wikipedia/commons/0/0c/Bellevue_University_logo.svg?utm_source=commons.wikimedia.org&utm_campaign=imageinfo&utm_content=original,"wikipedia:Bellevue University","copied from this school's other-sport row (Bellevue University); the article ""Bellevue University"" names this institution",,,,,59.36
Belmont,mens-soccer,"NCAA D1","Missouri Valley Conference",Bruins,1,"Bruiser the Bruin",#001D54,#B21029,https://upload.wikimedia.org/wikipedia/en/0/02/Belmont_University_Full_Color_Logo.png?utm_source=en.wikipedia.org&utm_campaign=imageinfo&utm_content=original,"wikipedia:Belmont University",,,,,7.0,74.31
"Belmont Abbey",mens-soccer,"NCAA D2","Conference USA",Crusaders,1,"Mr. Crusader",#B7202E,#FFFFFF,https://upload.wikimedia.org/wikipedia/en/5/5f/Belmont_Abbey_College_logo.svg?utm_source=en.wikipedia.org&utm_campaign=imageinfo&utm_content=original,"wikipedia:Belmont Abbey College",,,,,5.4,55.43
Beloit,mens-soccer,"NCAA D3",MWC-D3,,,"Buccaneer (official), Turtle (unofficial)",#00365c,#cd8829,https://upload.wikimedia.org/wikipedia/commons/5/5f/Beloit_Logo.png?utm_source=commons.wikimedia.org&utm_campaign=imageinfo&utm_content=original,"wikipedia:Beloit College",,,,,7.8,33.96
"Benedictine (IL)",mens-soccer,"NCAA D3",CCIW,,,,,,,,"No usable Wikipedia infobox found for this name",,,,6.5,37.53
"Benedictine (KS)",mens-soccer,NAIA,"Heart of America Athletic Conference",Ravens,1,,,,,athletics-domain:ravenathletics.com,"confirmed on ravenathletics.com (Benedictine College men's soccer roster, 25 mentions)",,,,,54.34
"Benedictine University at Mesa",mens-soccer,NAIA,"Great Southwest Athletic Conference",,,,,,,,,,,,,49.42
Bentley,mens-soccer,"NCAA D2",Northeast-10,Falcons,1,"Flex the Falcon",#0075BE,#2B4566,https://upload.wikimedia.org/wikipedia/commons/1/14/Bentley_Wordmark_Stacked.png?utm_source=commons.wikimedia.org&utm_campaign=imageinfo&utm_content=original,"wikipedia:Bentley University",,,,,7.8,58.78
Berea,mens-soccer,"NCAA D3",HCAC,Mountaineers,1,,#005A8B,,https://upload.wikimedia.org/wikipedia/commons/2/20/Berea_college_full_logo.png?utm_source=commons.wikimedia.org&utm_campaign=imageinfo&utm_content=original,"wikipedia:Berea College",,,,,8.5,37.39
Berry,mens-soccer,"NCAA D3",SAA,Vikings,1,"Victor the Viking",#A2AAAD,,https://upload.wikimedia.org/wikipedia/commons/8/8e/BerryCollegeLogo.svg?utm_source=commons.wikimedia.org&utm_campaign=imageinfo&utm_content=original,athletics-domain:berryvikings.com,"nickname recovered from the school's own athletics hostname; its Wikipedia article states none. Confirmed by that site's title (""Berry College - Official Athletics Website"").",1,SAA,https://saa-sports.com/news/2025/11/11/two-saa-mens-soccer-teams-heading-to-ncaa-division-iii-tournament.aspx,8.2,42.53
"Bethany (KS)",mens-soccer,NAIA,KCAC,,,,,,,,"No usable Wikipedia infobox found for this name",,,,5.6,48.2
"Bethany (WV)",mens-soccer,"NCAA D3",PAC,Bison,0,"Boomer The Bison",,,https://upload.wikimedia.org/wikipedia/en/c/c9/Bethany_College_WV_logo.jpg?utm_source=en.wikipedia.org&utm_campaign=imageinfo&utm_content=original,"wikipedia:Bethany College (West Virginia)",,,,,6.5,35.16
"Bethany Lutheran",mens-soccer,"NCAA D3",UMAC,Vikings,1,Viking,#9b121f,#ffffff,https://upload.wikimedia.org/wikipedia/commons/2/29/Logo_of_Bethany_Lutheran_College_%282024%29.png?utm_source=commons.wikimedia.org&utm_campaign=imageinfo&utm_content=original,athletics-domain:blcvikings.com,"nickname recovered from the school's own athletics hostname; its Wikipedia article states none. Confirmed by that site's title (""Bethany Lutheran College Athletics - Official Athletics Website"").",,,,6.5,46.21
"Bethel (IN)",mens-soccer,NAIA,CCAC,Pilots,1,,#17489a,,https://upload.wikimedia.org/wikipedia/en/0/0b/Bethel_University_Logo.png?utm_source=en.wikipedia.org&utm_campaign=imageinfo&utm_content=original,"wikipedia:Bethel University (Indiana)",,1,CCAC,https://www.crossroadsleague.com,5.6,61.98
"Bethel (MN)",mens-soccer,"NCAA D3",MIAC,Royals,1,"Roy the Lion",#000080,#F0C52D,https://upload.wikimedia.org/wikipedia/commons/7/79/Bethel_univ_minn_logo.png?utm_source=commons.wikimedia.org&utm_campaign=imageinfo&utm_content=original,"wikipedia:Bethel University (Minnesota)",,,,,6.5,47.01
"Bethel (TN)",mens-soccer,NAIA,Mid-South,Wildcats,1,"Rowdy the Wildcat",#2e1846,#f3c300,,"wikipedia:Bethel University (Tennessee)",,1,Mid-South,https://mid-southconference.org/news/bethel-wins-first-ever-mid-south-conference-mens-soccer-tournament,5.6,63.15
"Bethel College (Kansas)",mens-soccer,NAIA,"Kansas Collegiate Athletic Conference",Threshers,1,Thresher,,,,"wikipedia:Bethel College (Kansas)","copied from this school's other-sport row (Bethel College (Kansas)); the article ""Bethel College (Kansas)"" names this institution",,,,,46.53
Bethesda,mens-soccer,NAIA,"NAIA Independent","Lion Angels",1,,,,,"wikipedia:Bethesda University",,,,,4.7,55.36
Binghamton,mens-soccer,"NCAA D1","America East Conference",Bearcats,1,"Baxter the Bearcat",#005A43,,https://upload.wikimedia.org/wikipedia/commons/6/67/Binghamton_University_logo.svg?utm_source=commons.wikimedia.org&utm_campaign=imageinfo&utm_content=original,"wikipedia:Binghamton University",,,,,8.1,67.82
Biola,mens-soccer,"NCAA D2",PacWest,Eagles,1,,#cc0000,#fff,,"wikipedia:Biola University",,,,,7.2,50.32
Blackburn,mens-soccer,"NCAA D3",SLIAC,Beavers,1,"Barney the Beaver and Buzz the Athletic Beaver",,,https://upload.wikimedia.org/wikipedia/commons/e/ed/Blackburn_college_illinois_logo.png?utm_source=commons.wikimedia.org&utm_campaign=imageinfo&utm_content=original,"wikipedia:Blackburn College (Illinois)",,,,,6.5,33.05
Blinn,mens-soccer,NJCAA,WJCAC,Buccaneers,1,,,,https://upload.wikimedia.org/wikipedia/en/f/fe/Blinn_College_Horizontal_Logo.jpg?utm_source=en.wikipedia.org&utm_campaign=imageinfo&utm_content=original,"wikipedia:Blinn College",,,,,5.8,36.39
"Blue Mountain",mens-soccer,NJCAA,NWAACC,Toppers,1,Ram,#0c1137,#4a8ac9,,"wikipedia:Blue Mountain Christian University",,,,,5.8,24.5
"Blue Mountain Christian University",mens-soccer,NAIA,"Southern States Athletic Conference",Toppers,1,Ram,#0c1137,#4a8ac9,,"wikipedia:Blue Mountain Christian University","copied from this school's other-sport row (Blue Mountain Christian University); the article ""Blue Mountain Christian University"" names this institution",,,,,41.86
"Bluefield University",mens-soccer,NAIA,"Appalachian Athletic Conference",Rams,1,"Victor E. Ram",#003e7e,#e31937,https://upload.wikimedia.org/wikipedia/commons/2/29/Bluefield_univ_textlogo.png?utm_source=commons.wikimedia.org&utm_campaign=imageinfo&utm_content=original,"wikipedia:Bluefield University","copied from this school's other-sport row (Bluefield University); the article ""Bluefield University"" names this institution",,,,,38.22
Bluffton,mens-soccer,"NCAA D3",HCAC,Beavers,1,"J. Denny and Jenny Beaver",,,https://upload.wikimedia.org/wikipedia/en/9/97/Bluffton_University_logo.svg?utm_source=en.wikipedia.org&utm_campaign=imageinfo&utm_content=original,"wikipedia:Bluffton University",,,,,6.5,43.11
"Bob Jones",mens-soccer,"NCAA D3",ASC,"The Bruins",1,"Brody the Bruin",#01a9e1,#0c2340,https://upload.wikimedia.org/wikipedia/en/8/87/Bob_Jones_University_logo.svg?utm_source=en.wikipedia.org&utm_campaign=imageinfo&utm_content=original,"wikipedia:Bob Jones University",,,,,6.5,46.93
"Bossier Parish",mens-soccer,NJCAA,MSJC,,,Cavalier,,,,"wikipedia:Bossier Parish Community College",,,,,5.8,
"Boston College",mens-soccer,"NCAA D1","Atlantic Coast Conference",Eagles,1,"Baldwin the Eagle",#8A100B,#b29d6c,https://upload.wikimedia.org/wikipedia/commons/2/21/Boston_College_Logotype.svg?utm_source=commons.wikimedia.org&utm_campaign=imageinfo&utm_content=original,"wikipedia:Boston College",,,,,9.2,79.92
"Boston University",mens-soccer,"NCAA D1","Patriot League",Terriers,1,"Rhett the Boston Terrier",#CC0000,,https://upload.wikimedia.org/wikipedia/commons/3/31/Boston_University_wordmark.svg?utm_source=commons.wikimedia.org&utm_campaign=imageinfo&utm_content=original,"wikipedia:Boston University",,,,,9.3,77.4
Bowdoin,mens-soccer,"NCAA D3",NESCAC,"Polar Bears",1,"Peary the Polar Bear",,,https://upload.wikimedia.org/wikipedia/commons/0/09/Bowdoin_college_blacklogo.png?utm_source=commons.wikimedia.org&utm_campaign=imageinfo&utm_content=original,"wikipedia:Bowdoin College",,,,,10.0,51.41
"Bowling Green",mens-soccer,"NCAA D1","Missouri Valley Conference",Falcons,1,"Freddie and Frieda Falcon",#FD5000,#4F2C1D,https://upload.wikimedia.org/wikipedia/commons/3/3f/Bowling_Green_State_University_wordmark.svg?utm_source=commons.wikimedia.org&utm_campaign=imageinfo&utm_content=original,"wikipedia:Bowling Green State University",,,,,5.8,76.9
Bradley,mens-soccer,"NCAA D1","Missouri Valley Conference",Braves,1,"""Kaboom!"" the gargoyle",#A50000,#FFFFFF,https://upload.wikimedia.org/wikipedia/commons/f/f2/Bradley_University_logo_rgb_Left.svg?utm_source=commons.wikimedia.org&utm_campaign=imageinfo&utm_content=original,"wikipedia:Bradley University",,,,,6.2,64.71
Brandeis,mens-soccer,"NCAA D3",UAA,Judges,1,"The Judge and Ollie the Owl (named for Justice Oliver Wendell Holmes Jr.)",#003478,,https://upload.wikimedia.org/wikipedia/commons/a/a6/Brandeis-University-Word-Mark.svg?utm_source=commons.wikimedia.org&utm_campaign=imageinfo&utm_content=original,"wikipedia:Brandeis University",,,,,9.5,46.47
"Brescia University",mens-soccer,NAIA,"River States Conference",Bearcats,1,Bearcat,#0069aa,#f0cc01,,"wikipedia:Brescia University","copied from this school's other-sport row (Brescia University); the article ""Brescia University"" names this institution",,,,,39.12
Brevard,mens-soccer,"NCAA D3",SAA,Tornados,1,Tornado,#003b75,,https://upload.wikimedia.org/wikipedia/en/7/7d/Brevard_College_Logo.jpg?utm_source=en.wikipedia.org&utm_campaign=imageinfo&utm_content=original,"wikipedia:Brevard College",,,,,6.5,41.66
"Briar Cliff University",mens-soccer,NAIA,"Great Plains Athletic Conference",Chargers,1,,#003594,#ffc72c,,"wikipedia:Briar Cliff University","copied from this school's other-sport row (Briar Cliff University); the article ""Briar Cliff University"" names this institution",,,,,53.1
Bridgeport,mens-soccer,"NCAA D2",Northeast-10,"Purple Knights",1,"Purple Knight",#634298,#FFFFFF,https://upload.wikimedia.org/wikipedia/commons/c/c1/Bridgeport_univ_textlogo.png?utm_source=commons.wikimedia.org&utm_campaign=imageinfo&utm_content=original,"wikipedia:University of Bridgeport",,1,CACC,https://caccathletics.org/news/2025/11/16/second-half-comeback-lifts-bridgeport-to-2025-cacc-mens-soccer-championship.aspx,5.4,57.59
"Bridgewater (VA)",mens-soccer,"NCAA D3",ODAC,,,,,,,,"No usable Wikipedia infobox found for this name",,,,6.5,44.3
"Bridgewater State",mens-soccer,"NCAA D3",MASCAC,Bears,1,,,,https://upload.wikimedia.org/wikipedia/en/f/f3/Bridgewater_State_University_logo.svg?utm_source=en.wikipedia.org&utm_campaign=imageinfo&utm_content=original,"wikipedia:Bridgewater State University",,1,MASCAC,https://www.mascac.com/sports/msoc/2025-26/releases/25_MSOC_Champ,6.2,46.19
Brookdale,mens-soccer,NJCAA,GNYAC,"Jersey Blues",1,,#1F3D7D,#AC202D,,"wikipedia:Brookdale Community College",,,,,5.8,28.01
Broward,mens-soccer,NJCAA,FCSAA,Seahawks,1,"Sammy the Seahawk",#005596,,https://upload.wikimedia.org/wikipedia/commons/c/c1/Logo-of-Broward-College.svg?utm_source=commons.wikimedia.org&utm_campaign=imageinfo&utm_content=original,"wikipedia:Broward College",,,,,6.5,
Brown,mens-soccer,"NCAA D1","Ivy League",Bears,1,"Bruno the Bear",,,https://upload.wikimedia.org/wikipedia/commons/a/a1/Brown_University_logo.svg?utm_source=commons.wikimedia.org&utm_campaign=imageinfo&utm_content=original,"wikipedia:Brown University",,,,,9.9,73.93
Bryan,mens-soccer,NAIA,Appalachian,Lions,1,Lion,#990000,#fdba00,https://upload.wikimedia.org/wikipedia/commons/1/18/BC-Stacked_Red.png?utm_source=commons.wikimedia.org&utm_campaign=imageinfo&utm_content=original,"wikipedia:Bryan College",,,,,5.6,47.5
Bryant,mens-soccer,"NCAA D1","America East Conference",Bulldogs,1,"Tupper the Bulldog",#231F20,#B09863,https://upload.wikimedia.org/wikipedia/commons/5/50/Bryant_University_logo.svg?utm_source=commons.wikimedia.org&utm_campaign=imageinfo&utm_content=original,"wikipedia:Bryant University",,,,,5.6,86.34
"Bryn Athyn",mens-soccer,"NCAA D3",CSAC,,,Lion,,,,"wikipedia:Bryn Athyn College",,,,,6.5,31.93
Bucknell,mens-soccer,"NCAA D1","Patriot League",Bison,0,"Bucky the Bison",,,https://upload.wikimedia.org/wikipedia/commons/1/1f/Bucknell_University_logo.svg?utm_source=commons.wikimedia.org&utm_campaign=imageinfo&utm_content=original,"wikipedia:Bucknell University",,,,,8.4,71.61
"Buena Vista",mens-soccer,"NCAA D3","Iowa Conference",,,Beavers,#002244,#FECB00,https://upload.wikimedia.org/wikipedia/en/5/50/Buena_Vista_University_logo.png?utm_source=en.wikipedia.org&utm_campaign=imageinfo&utm_content=original,"wikipedia:Buena Vista University",,,,,6.5,33.4
Buffalo-Erie,mens-soccer,NJCAA,GNYAC,,,,,,,,"No usable Wikipedia infobox found for this name",,,,5.8,17.53
"Bushnell University",mens-soccer,NAIA,"Cascade Collegiate Conference",Beacons,1,Beacon,#011e41,#ffc424,https://upload.wikimedia.org/wikipedia/en/8/8b/Bushnell_University_logo.svg?utm_source=en.wikipedia.org&utm_campaign=imageinfo&utm_content=original,"wikipedia:Bushnell University","copied from this school's other-sport row (Bushnell University); the article ""Bushnell University"" names this institution",,,,,49.01
Butler,mens-soccer,"NCAA D1","Big East Conference",Bulldogs,1,"Butler Blue IV<br />Hink",,,https://upload.wikimedia.org/wikipedia/commons/5/57/Butler_University_logo.svg?utm_source=commons.wikimedia.org&utm_campaign=imageinfo&utm_content=original,"wikipedia:Butler University",,,,,7.5,72.3
"Butler County",mens-soccer,NJCAA,KJCCC,,,,,,,,"No usable Wikipedia infobox found for this name",,,,6.0,
CSUN,mens-soccer,"NCAA D1","Big West Conference",Matadors,1,"Matty the Matador",#D22030,#000000,https://upload.wikimedia.org/wikipedia/commons/4/4e/CSU_Northridge_logo.svg?utm_source=commons.wikimedia.org&utm_campaign=imageinfo&utm_content=original,"wikipedia:California State University, Northridge",,,,,5.8,70.07
Cairn,mens-soccer,"NCAA D3",CSAC,Highlanders,1,,,,https://upload.wikimedia.org/wikipedia/commons/b/bf/Cairn_univ_textlogo.png?utm_source=commons.wikimedia.org&utm_campaign=imageinfo&utm_content=original,"wikipedia:Cairn University",,,,,6.5,41.73
"Cal Lutheran",mens-soccer,"NCAA D3",SCIAC,Kingsmen,1,,#2e1b46,#ffc222,https://upload.wikimedia.org/wikipedia/commons/9/90/California_Lutheran_University_logo_starting_2014.png?utm_source=commons.wikimedia.org&utm_campaign=imageinfo&utm_content=original,"wikipedia:California Lutheran University",,,,,6.5,38.96
"Cal Poly",mens-soccer,"NCAA D1","Pac-12 Conference",Broncos,1,"Billy Bronco",#005030,#ffb81c,https://upload.wikimedia.org/wikipedia/commons/7/77/Calpoly_pomona_univ_logo.png?utm_source=commons.wikimedia.org&utm_campaign=imageinfo&utm_content=original,"wikipedia:California State Polytechnic University, Pomona",,,,,7.2,73.07
"Cal Poly Humboldt",mens-soccer,"NCAA D2",GNAC,Lumberjacks,1,"Lucky Logger",#046A38,#FFC72C,https://upload.wikimedia.org/wikipedia/commons/5/5a/Cal_poly_humboldt_mark.svg?utm_source=commons.wikimedia.org&utm_campaign=imageinfo&utm_content=original,"wikipedia:California State Polytechnic University, Humboldt",,,,,5.4,44.32
"Cal Poly Pomona",mens-soccer,"NCAA D2",CCAA,Broncos,1,"Billy Bronco",#005030,#ffb81c,https://upload.wikimedia.org/wikipedia/commons/7/77/Calpoly_pomona_univ_logo.png?utm_source=commons.wikimedia.org&utm_campaign=imageinfo&utm_content=original,"wikipedia:California State Polytechnic University, Pomona",,,,,7.0,57.86
"Cal State Bakersfield",mens-soccer,"NCAA D1","Big West Conference",Roadrunners,1,,,,https://upload.wikimedia.org/wikipedia/en/a/a5/CSU_Bakersfield_logo.jpg?utm_source=en.wikipedia.org&utm_campaign=imageinfo&utm_content=original,"wikipedia:California State University, Bakersfield",,,,,4.8,67.88
"Cal State Dominguez Hills",mens-soccer,"NCAA D2",CCAA,Toros,1,,,,https://upload.wikimedia.org/wikipedia/commons/e/e2/Csu_dh_logo.png?utm_source=commons.wikimedia.org&utm_campaign=imageinfo&utm_content=original,"wikipedia:California State University, Dominguez Hills",,,,,5.3,57.26
"Cal State East Bay",mens-soccer,"NCAA D2",CCAA,Pioneers,1,,,,https://upload.wikimedia.org/wikipedia/commons/5/55/CSUEB_wordmark.svg?utm_source=commons.wikimedia.org&utm_campaign=imageinfo&utm_content=original,"wikipedia:California State University, East Bay",,,,,5.3,50.2
"Cal State Fullerton",mens-soccer,"NCAA D1","Big West Conference",Titans,1,"Tuffy the Titan",#00274C,#E17000,https://upload.wikimedia.org/wikipedia/commons/a/a2/California_State_University%2C_Fullerton_logo.svg?utm_source=commons.wikimedia.org&utm_campaign=imageinfo&utm_content=original,"wikipedia:California State University, Fullerton",,,,,6.3,77.19
"Cal State LA",mens-soccer,"NCAA D2",CCAA,"Golden Eagles",1,"Eddie the Golden Eagle",#000000,#FFCE00,https://upload.wikimedia.org/wikipedia/commons/4/41/Cal_state_la_textlogo.png?utm_source=commons.wikimedia.org&utm_campaign=imageinfo&utm_content=original,"wikipedia:California State University, Los Angeles",,,,,5.3,60.17
"Cal State Monterey Bay",mens-soccer,"NCAA D2",CCAA,Otters,1,"Monte Rey Otter",#002A4E,#446A59,https://upload.wikimedia.org/wikipedia/commons/f/fa/Cal_state_monterey_bay_logo.png?utm_source=commons.wikimedia.org&utm_campaign=imageinfo&utm_content=original,"wikipedia:California State University, Monterey Bay",,,,,5.3,52.66
"Cal State San Bernardino",mens-soccer,"NCAA D2",CCAA,Coyotes,1,"Cody the Coyote",,,https://upload.wikimedia.org/wikipedia/commons/2/2d/CSU_sanbernardino_univ_logo.svg?utm_source=commons.wikimedia.org&utm_campaign=imageinfo&utm_content=original,"wikipedia:California State University, San Bernardino",,,,,5.3,52.56
"Cal State San Marcos",mens-soccer,"NCAA D2",CCAA,Cougars,1,,#1E2A5B,#222021,https://upload.wikimedia.org/wikipedia/en/c/c9/CSU_San_Marcos_logo.svg?utm_source=en.wikipedia.org&utm_campaign=imageinfo&utm_content=original,"wikipedia:California State University, San Marcos",,,,,5.3,49.23
"Cal State Stanislaus",mens-soccer,"NCAA D2",CCAA,Warriors,1,Titus,#D13239,#F5C400,https://upload.wikimedia.org/wikipedia/commons/5/55/Csu_stanislaus_shield_logo.svg?utm_source=commons.wikimedia.org&utm_campaign=imageinfo&utm_content=original,"wikipedia:California State University, Stanislaus",,1,CCAA,https://goccaa.org/news/2025/11/16/mens-soccer-stanislaus-state-wins-the-2025-ccaa-tournament-championship-presented-by-flocollege.aspx,5.3,55.83
Caldwell,mens-soccer,"NCAA D2",Northeast-10,Cougars,1,"Cooper the Cougar",,,https://upload.wikimedia.org/wikipedia/en/1/13/Caldwell_University_logo.png?utm_source=en.wikipedia.org&utm_campaign=imageinfo&utm_content=original,"wikipedia:Caldwell University",,,,,5.4,54.23
California,mens-soccer,"NCAA D1","Atlantic Coast Conference","Golden Bears",1,"Oski the Bear",#002676,#FDB515,https://upload.wikimedia.org/wikipedia/en/8/85/University_of_California%2C_Berkeley_Logo_2024.svg?utm_source=en.wikipedia.org&utm_campaign=imageinfo&utm_content=original,"wikipedia:University of California, Berkeley",,,,,9.8,73.38
"California Baptist",mens-soccer,"NCAA D1","Pac-12 Conference",Lancers,1,,,,https://upload.wikimedia.org/wikipedia/en/e/e8/California_Baptist_University_logo.svg?utm_source=en.wikipedia.org&utm_campaign=imageinfo&utm_content=original,"wikipedia:California Baptist University",,,,,5.7,78.49
Caltech,mens-soccer,"NCAA D3",SCIAC,Beavers,1,"Bernoulli the Beaver",,,https://upload.wikimedia.org/wikipedia/commons/7/75/Caltech_Logo.svg?utm_source=commons.wikimedia.org&utm_campaign=imageinfo&utm_content=original,"wikipedia:California Institute of Technology",,,,,10.0,43.22
"Calumet College",mens-soccer,NAIA,CCAC,"Crimson Wave",0,"Crimson Joe",#902132,#818285,,"wikipedia:Calumet College of St. Joseph",,,,,5.7,32.0
Calvin,mens-soccer,"NCAA D3",MIAA-D3,Knights,1,,,,,"wikipedia:Calvin University",,1,MIAA-D3,https://calvinknights.com/news/2025/11/8/calvin-mens-soccer-defeats-hope-2-0-to-claim-miaa-tournament-title.aspx,8.5,51.67
Campbell,mens-soccer,"NCAA D1","Coastal Athletic Association","Fighting Camels",1,"Gaylord the Camel",#1E252B,#EA7125,https://upload.wikimedia.org/wikipedia/en/3/3b/Campbell_University_logo.svg?utm_source=en.wikipedia.org&utm_campaign=imageinfo&utm_content=original,"wikipedia:Campbell University",,,,,5.8,77.59
"Campbellsville University",mens-soccer,NAIA,"Mid-South Conference",Tigers,1,,,,https://upload.wikimedia.org/wikipedia/en/f/f4/Campbellsville_logo.png?utm_source=en.wikipedia.org&utm_campaign=imageinfo&utm_content=original,"wikipedia:Campbellsville University","copied from this school's other-sport row (Campbellsville University); the article ""Campbellsville University"" names this institution",,,,,61.34
Canisius,mens-soccer,"NCAA D1","Metro Atlantic Athletic Conference","Golden Griffins",1,"Petey the Griffin",,,https://upload.wikimedia.org/wikipedia/en/4/40/Canisius_University_Logo.png?utm_source=en.wikipedia.org&utm_campaign=imageinfo&utm_content=original,"wikipedia:Canisius University",,,,,5.2,63.91
"Cape Fear",mens-soccer,NJCAA,CCAC-NJCAA,"Sea Devils",1,"Ray the Sea Devil",,,,"wikipedia:Cape Fear Community College",,,,,5.8,27.24
Capital,mens-soccer,"NCAA D3",OAC,Comets,1,,#663399,,https://upload.wikimedia.org/wikipedia/commons/3/3e/Capital_univ_logo_motto.png?utm_source=commons.wikimedia.org&utm_campaign=imageinfo&utm_content=original,"wikipedia:Capital University",,,,,6.5,38.01
"Carl Sandburg",mens-soccer,NJCAA,GRAC,Chargers,1,,,,,"wikipedia:Carl Sandburg College",,,,,5.8,37.8
Carleton,mens-soccer,"NCAA D3",MIAC,Knights,1,,#0B5091,#F3B61D,https://upload.wikimedia.org/wikipedia/commons/7/74/Carleton_College_logo.svg?utm_source=commons.wikimedia.org&utm_campaign=imageinfo&utm_content=original,"wikipedia:Carleton College",,,,,10.0,51.84
Carlow,mens-soccer,"NCAA D3",AMCC,,,Celtics,,,https://upload.wikimedia.org/wikipedia/commons/6/6a/Carlow_univ_logo.png?utm_source=commons.wikimedia.org&utm_campaign=imageinfo&utm_content=original,"wikipedia:Carlow University",,,,,6.5,29.74
"Carnegie Mellon",mens-soccer,"NCAA D3",UAA,Tartans,1,"Scotty the Scottish Terrier",#CC002B,#000000,https://upload.wikimedia.org/wikipedia/commons/f/f3/Carnegie_Mellon_University_wordmark.svg?utm_source=commons.wikimedia.org&utm_campaign=imageinfo&utm_content=original,"wikipedia:Carnegie Mellon University",,,,,6.5,48.98
"Carolina University",mens-soccer,NAIA,"Continental Athletic Conference",Bruins,1,"Baron the Bruin",,,,"wikipedia:Carolina University","copied from this school's other-sport row (Carolina University); the article ""Carolina University"" names this institution",,,,,63.42
"Carroll (MT)",mens-soccer,NAIA,Frontier,"Fighting Saints",1,"Halo, St. Bernard",#332a87,#e8d4a3,https://upload.wikimedia.org/wikipedia/en/6/6a/Carroll_College_logo.svg?utm_source=en.wikipedia.org&utm_campaign=imageinfo&utm_content=original,"wikipedia:Carroll College",,,,,5.6,56.87
"Carroll (WI)",mens-soccer,"NCAA D3",MWC-D3,Pioneers,1,"Pio Pete",#F26722,,https://upload.wikimedia.org/wikipedia/commons/5/5a/Carroll_univ_textlogo.png?utm_source=commons.wikimedia.org&utm_campaign=imageinfo&utm_content=original,"wikipedia:Carroll University",,,,,6.5,40.18
Carson-Newman,mens-soccer,"NCAA D2",SAC,Eagles,1,,#0C2340,#FF671F,https://upload.wikimedia.org/wikipedia/commons/8/88/Carson-Newman_University_Logo%2C_August_2022.png?utm_source=commons.wikimedia.org&utm_campaign=imageinfo&utm_content=original,"wikipedia:Carson–Newman University",,,,,5.4,49.46
Carthage,mens-soccer,"NCAA D3",CCIW,Firebirds,1,Ember,#D0202E,,https://upload.wikimedia.org/wikipedia/en/7/7d/Carthage_College_logo.svg?utm_source=en.wikipedia.org&utm_campaign=imageinfo&utm_content=original,"wikipedia:Carthage College","copied from this school's other-sport row (Carthage College); the article ""Carthage College"" names this institution",,,,6.5,39.04
Cascadia,mens-soccer,NJCAA,NWAACC,Kodiaks,1,Kody,,,,"wikipedia:Cascadia College",,,,,6.5,
"Case Western Reserve",mens-soccer,"NCAA D3",UAA,Spartans,1,Spartie,,,,"wikipedia:Case Western Reserve University",,,,,9.8,47.85
Catawba,mens-soccer,"NCAA D2",SAC,Indians,1,Blue,#004990,,https://upload.wikimedia.org/wikipedia/en/1/18/Logo_of_Catawba_College.png?utm_source=en.wikipedia.org&utm_campaign=imageinfo&utm_content=original,"wikipedia:Catawba College",,,,,5.4,55.94
"Catawba Valley",mens-soccer,NJCAA,CCAC-NJCAA,"Red Hawks",1,,,,,"wikipedia:Catawba Valley Community College",,,,,6.0,
Catholic,mens-soccer,"NCAA D3",LANDMARK,Cardinals,1,Cardinal,#FFC72C,#FFFFFF,https://upload.wikimedia.org/wikipedia/commons/8/82/Catholic_univ_america_full_logo.png?utm_source=commons.wikimedia.org&utm_campaign=imageinfo&utm_content=original,"wikipedia:Catholic University of America",,1,Landmark,https://landmarkconference.org/news/2025/11/9/11112025-mens-soccer-all-conference.aspx,7.8,47.55
Cecil,mens-soccer,NJCAA,MDJUCO,,,,,,,,"No usable Wikipedia infobox found for this name",,,,5.8,25.03
Cedarville,mens-soccer,"NCAA D2",GMAC,"Yellow Jackets",1,"Yellow Jacket",,,https://upload.wikimedia.org/wikipedia/en/f/fb/Cedarville_University_Logo_Vertical_Orientation.png?utm_source=en.wikipedia.org&utm_campaign=imageinfo&utm_content=original,"wikipedia:Cedarville University",,,,,7.5,58.49
"Centenary (LA)",mens-soccer,"NCAA D3",SLIAC,Gentlemen,1,,,,https://upload.wikimedia.org/wikipedia/commons/4/43/Centenary_College.png?utm_source=commons.wikimedia.org&utm_campaign=imageinfo&utm_content=original,"wikipedia:Centenary College of Louisiana",,,,,6.5,33.95
"Centenary (NJ)",mens-soccer,"NCAA D3",CSAC,Cyclones,1,"Sid the Cyclone",,,https://upload.wikimedia.org/wikipedia/commons/2/26/Centenary_University_logo.svg?utm_source=commons.wikimedia.org&utm_campaign=imageinfo&utm_content=original,"wikipedia:Centenary University",,,,,6.5,32.75
"Central (IA)",mens-soccer,"NCAA D3","Iowa Conference",Dutch,0,,#C40233,#FFFFFF,https://upload.wikimedia.org/wikipedia/commons/b/ba/Central_Logo_%28registered_TM%29.png?utm_source=commons.wikimedia.org&utm_campaign=imageinfo&utm_content=original,"wikipedia:Central College (Iowa)",,,,,6.5,40.82
"Central Alabama",mens-soccer,NJCAA,ACCC,,,,,,,,"Cleared on audit: previous match (University of Alabama) failed re-verification",,,,5.8,
"Central Arizona",mens-soccer,NJCAA,ACCAC,,,"Vaqueros and Vaqueras",,,,"wikipedia:Central Arizona College",,,,,5.8,
"Central Arkansas",mens-soccer,"NCAA D1","Atlantic Sun Conference",Bears,1,"Bruce D. Bear",#4F2D7F,#818A8F,https://upload.wikimedia.org/wikipedia/en/9/91/University_of_Central_Arkansas_logo.svg?utm_source=en.wikipedia.org&utm_campaign=imageinfo&utm_content=original,"wikipedia:University of Central Arkansas",,,,,4.8,69.49
"Central Baptist College",mens-soccer,NAIA,"American Midwest Conference",Mustangs,1,Mustang,#00447b,#b1b4b6,https://upload.wikimedia.org/wikipedia/en/7/7f/Central_Baptist_College_logo.png?utm_source=en.wikipedia.org&utm_campaign=imageinfo&utm_content=original,"wikipedia:Central Baptist College","copied from this school's other-sport row (Central Baptist College); the article ""Central Baptist College"" names this institution",,,,,44.03
"Central Christian",mens-soccer,NAIA,KCAC,Tigers,1,Tigers,#002f86,#ffb718,,"wikipedia:Central Christian College of Kansas","No usable Wikipedia infobox found for this name",,,,4.5,46.05
"Central Connecticut",mens-soccer,"NCAA D1",NEC,"Blue Devils",1,"Kizer the Blue Devil",,,https://upload.wikimedia.org/wikipedia/en/8/85/Central_Connecticut_State_University_Logo.png?utm_source=en.wikipedia.org&utm_campaign=imageinfo&utm_content=original,"wikipedia:Central Connecticut State University",,,,,4.8,55.0
"Central Georgia Tech",mens-soccer,NJCAA,GCAA,"Yellow Jackets",1,,,,https://upload.wikimedia.org/wikipedia/commons/9/93/Georgia_Tech_logo_2021.svg?utm_source=commons.wikimedia.org&utm_campaign=imageinfo&utm_content=original,"wikipedia:Georgia Tech",,,,,5.7,
"Central Lakes",mens-soccer,NJCAA,MCC,Raiders,1,,#000080,#FF0000,,"wikipedia:Central Lakes College",,,,,5.8,
"Central Methodist",mens-soccer,NAIA,Heart,Eagles,1,,#006647,,https://upload.wikimedia.org/wikipedia/en/1/1b/Central_Methodist_University_Logo.png?utm_source=en.wikipedia.org&utm_campaign=imageinfo&utm_content=original,"wikipedia:Central Methodist University",,,,,5.6,57.89
"Central Penn",mens-soccer,NJCAA,EPAC,,,Knights,,,,"wikipedia:Central Penn College",,,,,5.8,35.47
Centre,mens-soccer,"NCAA D3",SAA,Colonels,1,,,,,athletics-domain:centrecolonels.com,"nickname recovered from the school's own athletics hostname; its Wikipedia article states none. Confirmed by that site's title (""Centre College Athletics - Official Athletics Website"").",,,,8.8,38.83
Chaminade,mens-soccer,"NCAA D2",PacWest,Silverswords,1,,,,https://upload.wikimedia.org/wikipedia/commons/4/4d/Chaminade_univ_text_logo.png?utm_source=commons.wikimedia.org&utm_campaign=imageinfo&utm_content=original,"wikipedia:Chaminade University of Honolulu",,,,,5.4,40.02
Chapman,mens-soccer,"NCAA D3",SCIAC,Panthers,1,"Pete the Panther",#a50034,#231f20,https://upload.wikimedia.org/wikipedia/commons/f/f4/Chapman_University_logo.svg?utm_source=commons.wikimedia.org&utm_campaign=imageinfo&utm_content=original,"wikipedia:Chapman University",,,,,8.5,44.23
Charleston,mens-soccer,"NCAA D1","Coastal Athletic Association","Golden Eagles",1,,#61162d,#f2ae00,https://upload.wikimedia.org/wikipedia/commons/7/7d/UC_FULL_-_General_Horizontal_Maroon.jpg?utm_source=commons.wikimedia.org&utm_campaign=imageinfo&utm_content=original,"wikipedia:University of Charleston",,,,,7.1,74.1
"Charleston (WV)",mens-soccer,"NCAA D2",MEC,,,,,,,,"No usable Wikipedia infobox found for this name",1,"Mountain East",https://mountaineast.org/news/2025/11/16/charleston-repeats-as-mec-mens-soccer-tournament-champion.aspx,5.4,74.0
Charlotte,mens-soccer,"NCAA D1","American Conference",49ers,1,"Norm the Niner",#005035,#FFFFFF,https://upload.wikimedia.org/wikipedia/commons/5/57/UNC_Charlotte_Main_Horizontal.png?utm_source=commons.wikimedia.org&utm_campaign=imageinfo&utm_content=original,"wikipedia:University of North Carolina at Charlotte",,,,,6.6,83.72
Chatham,mens-soccer,"NCAA D3",PAC,Cougars,1,"Carson the Cougar",#4e2a6e,#686f76,https://upload.wikimedia.org/wikipedia/commons/8/86/Chatham_univ_purplelogo.png?utm_source=commons.wikimedia.org&utm_campaign=imageinfo&utm_content=original,"wikipedia:Chatham University",,,,,6.5,36.93
Chesapeake,mens-soccer,NJCAA,MDJUCO,,,,,,,,"No usable Wikipedia infobox found for this name",,,,5.8,22.22
"Chestnut Hill",mens-soccer,"NCAA D2",CACC,Griffins,1,Griffin,,,https://upload.wikimedia.org/wikipedia/commons/c/c2/Chestnut_hill_college_textlogo.png?utm_source=commons.wikimedia.org&utm_campaign=imageinfo&utm_content=original,"wikipedia:Chestnut Hill College",,,,,5.4,48.21
"Chicago State",mens-soccer,"NCAA D1",NEC,Cougars,1,"Southside T. Cougar",#115740,#003D6E,https://upload.wikimedia.org/wikipedia/commons/a/ae/Chicago_st_univ_textlogo.png?utm_source=commons.wikimedia.org&utm_campaign=imageinfo&utm_content=original,"wikipedia:Chicago State University",,,,,3.2,56.49
"Chico State",mens-soccer,"NCAA D2",CCAA,Wildcats,1,"Willie the Wildcat",#9D2235,#75787B,https://upload.wikimedia.org/wikipedia/commons/b/b8/Chico-State-Single-Line-Wordmark.svg?utm_source=commons.wikimedia.org&utm_campaign=imageinfo&utm_content=original,"wikipedia:California State University, Chico",,,,,6.8,54.76
Chipola,mens-soccer,NJCAA,FCSAA,,,Indians,#002366,,,"wikipedia:Chipola College",,,,,5.8,
Chowan,mens-soccer,"NCAA D2",SAC,Hawks,1,"Murf the Hawk",#4E83B3,,https://upload.wikimedia.org/wikipedia/commons/3/3c/Chowan_univ_textlogo.png?utm_source=commons.wikimedia.org&utm_campaign=imageinfo&utm_content=original,"wikipedia:Chowan University",,,,,4.6,60.09
"Christian Brothers",mens-soccer,"NCAA D2",GSC,Buccaneers,1,"The Buccaneer",#CC092F,#A49791,https://upload.wikimedia.org/wikipedia/en/8/8f/Christian_Brothers_University_logo.png?utm_source=en.wikipedia.org&utm_campaign=imageinfo&utm_content=original,"wikipedia:Christian Brothers University",,,,,5.5,60.13
"Christopher Newport",mens-soccer,"NCAA D3",ODAC,Captains,1,"Captain Chris",#003366,#D8D8D8,https://upload.wikimedia.org/wikipedia/commons/0/0c/Christopher_Newport_University_%28logo%29.svg?utm_source=commons.wikimedia.org&utm_campaign=imageinfo&utm_content=original,"wikipedia:Christopher Newport University",,1,CAC,https://www.c2csports.com/sports/msoc/index,6.5,46.11
"City Colleges Chicago-Harold Washington",mens-soccer,NJCAA,NJCAAD1,,,"""The Phoenix""",,,,"wikipedia:Harold Washington College",,,,,6.0,
"City Colleges Chicago-Olive Harvey",mens-soccer,NJCAA,NJCAAD1,"Purple Panthers",1,,,,,"wikipedia:Olive–Harvey College",,,,,6.0,
"City Colleges Chicago-Richard Daley",mens-soccer,NJCAA,NJCAAD1,Bulldogs,1,,,,,"wikipedia:Richard J. Daley College",,,,,6.0,
"City Colleges Chicago-Wilbur Wright",mens-soccer,NJCAA,NJCAAD1,,,Rams,,,,"wikipedia:Wilbur Wright College",,,,,6.0,
Claremont-Mudd-Scripps,mens-soccer,"NCAA D3",SCIAC,,,,,,,,"Cleared on audit: previous match (Claremont Colleges) failed re-verification",,,,10.0,46.51
"Clark (MA)",mens-soccer,"NCAA D3",NEWMAC,Cougars,1,Jonas,#CC0000,#FFFFFF,https://upload.wikimedia.org/wikipedia/commons/f/ff/Clark_University_wordmark.svg?utm_source=commons.wikimedia.org&utm_campaign=imageinfo&utm_content=original,"wikipedia:Clark University",,,,,8.2,37.74
Clarke,mens-soccer,NAIA,Heart,Pride,0,"Cutlass T. Crusader",,,,"wikipedia:Clarke University",,,,,5.6,55.38
Clarkson,mens-soccer,"NCAA D3","Liberty League","Golden Knights",1,"The Golden Knight",#004E42,#FDDA24,https://upload.wikimedia.org/wikipedia/commons/5/53/Clarkson-university-logo-green.png?utm_source=commons.wikimedia.org&utm_campaign=imageinfo&utm_content=original,"wikipedia:Clarkson University",,,,,8.2,44.0
"Clayton State",mens-soccer,"NCAA D2","Peach Belt",Lakers,1,,#092C74,#fC6719,https://upload.wikimedia.org/wikipedia/commons/3/3c/Clayton_state_university_textlogo.png?utm_source=commons.wikimedia.org&utm_campaign=imageinfo&utm_content=original,"wikipedia:Clayton State University",,,,,5.3,61.71
"Cleary University",mens-soccer,NAIA,"Wolverine-Hoosier Athletic Conference",Cougars,1,"Clancy The Cougar",#a51e36,#0e274a,,"wikipedia:Cleary University","copied from this school's other-sport row (Cleary University); the article ""Cleary University"" names this institution",,,,,48.82
Clemson,mens-soccer,"NCAA D1","Atlantic Coast Conference",Tigers,1,,#F66733,#522D80,https://upload.wikimedia.org/wikipedia/commons/4/47/Clemson_University_Wordmark.svg?utm_source=commons.wikimedia.org&utm_campaign=imageinfo&utm_content=original,"wikipedia:Clemson University",,,,,8.5,99.66
"Cleveland State",mens-soccer,"NCAA D1","Horizon League",Vikings,1,Magnus,#006A4D,#69BE28,https://upload.wikimedia.org/wikipedia/en/7/7e/Logo_of_CSU_%282023%29.png?utm_source=en.wikipedia.org&utm_campaign=imageinfo&utm_content=original,"wikipedia:Cleveland State University",,1,Horizon,"wikipedia:2025 NCAA Division I men's soccer tournament",5.4,75.68
"Coastal Carolina",mens-soccer,"NCAA D1","Sun Belt Conference",Chanticleers,1,"Chauncey the Chanticleer",,,https://upload.wikimedia.org/wikipedia/en/1/17/Coastal_Carolina_University_logo.svg?utm_source=en.wikipedia.org&utm_campaign=imageinfo&utm_content=original,"wikipedia:Coastal Carolina University",,,,,5.9,64.43
Coe,mens-soccer,"NCAA D3","Iowa Conference",Kohawks,1,"Charlie Kohawk",#880011,#D3902F,https://upload.wikimedia.org/wikipedia/commons/1/10/Coe_college_textlogo.png?utm_source=commons.wikimedia.org&utm_campaign=imageinfo&utm_content=original,"wikipedia:Coe College",,,,,6.5,36.01
Coffeyville,mens-soccer,NJCAA,KJCCC,"Red Ravens",1,,,,,"wikipedia:Coffeyville Community College",,,,,5.8,27.61
Coker,mens-soccer,"NCAA D2",SAC,Cobras,1,,#00457C,#5FAAD8,https://upload.wikimedia.org/wikipedia/commons/5/55/Coker_college_wordmark_blue.png?utm_source=commons.wikimedia.org&utm_campaign=imageinfo&utm_content=original,"wikipedia:Coker University",,,,,5.4,59.29
Colby,mens-soccer,"NCAA D3",NESCAC,Mules,1,"Morty the Mule",#002878,#E3D7D1,https://upload.wikimedia.org/wikipedia/commons/1/10/Colby_College_logo.svg?utm_source=commons.wikimedia.org&utm_campaign=imageinfo&utm_content=original,"wikipedia:Colby College",,,,,9.8,43.63
Colby-Sawyer,mens-soccer,"NCAA D3",CCC,,,"Chargers (Horse)",,,https://upload.wikimedia.org/wikipedia/commons/3/32/Colby_sawyer_logo_motto.png?utm_source=commons.wikimedia.org&utm_campaign=imageinfo&utm_content=original,"wikipedia:Colby–Sawyer College",,,,,6.5,35.11
Colgate,mens-soccer,"NCAA D1","Patriot League",Raiders,1,Raider,#821019,,https://upload.wikimedia.org/wikipedia/commons/e/ea/Colgate_University_Wordmark_2018.svg?utm_source=commons.wikimedia.org&utm_campaign=imageinfo&utm_content=original,"wikipedia:Colgate University",,,,,8.7,72.35
"College of DuPage",mens-soccer,NJCAA,GRAC,Chaparrals,1,,#228B22,#808080,,"wikipedia:College of DuPage",,,,,7.0,30.17
"College of Idaho",mens-soccer,NAIA,Frontier,Coyotes,1,Coyote,#412d5e,#a29060,https://upload.wikimedia.org/wikipedia/commons/3/37/Idaho_college_logo.png?utm_source=commons.wikimedia.org&utm_campaign=imageinfo&utm_content=original,"wikipedia:College of Idaho",,,,,7.8,54.64
"College of Lake County",mens-soccer,NJCAA,GRAC,Lancers,1,"Lancer Knight",,,,"wikipedia:College of Lake County",,,,,6.0,23.31
"College of Marin",mens-soccer,NJCAA,CCCAA,"The Mariners",1,,#000000,#FFD700,https://upload.wikimedia.org/wikipedia/commons/d/d3/Comlogo.png?utm_source=commons.wikimedia.org&utm_campaign=imageinfo&utm_content=original,"wikipedia:College of Marin",,,,,6.8,26.19
"College of Southern Idaho",mens-soccer,NJCAA,NWAACC,"Golden Eagles",1,"Gilbert the golden eagle",,,,"wikipedia:College of Southern Idaho",,,,,6.5,29.22
"College of Southern Nevada",mens-soccer,NJCAA,ACCAC,Coyotes,1,Coyote,,,,"wikipedia:College of Southern Nevada",,,,,6.0,27.23
"College of Wooster",mens-soccer,"NCAA D3",NCAC,"Fighting Scots",1,"Scottie Dog",,,https://upload.wikimedia.org/wikipedia/commons/3/38/WOOSTER_primary_3c.png?utm_source=commons.wikimedia.org&utm_campaign=imageinfo&utm_content=original,"wikipedia:College of Wooster",,,,,8.5,42.32
"Collin College",mens-soccer,NJCAA,WJCAC,,,Cougar,,,https://upload.wikimedia.org/wikipedia/en/3/33/Collin_College_logo.svg?utm_source=en.wikipedia.org&utm_campaign=imageinfo&utm_content=original,"wikipedia:Collin College",,,,,6.8,
"Colorado Christian",mens-soccer,"NCAA D2",RMAC,,,Cougars,,,,"wikipedia:Colorado Christian University",,,,,6.8,48.73
"Colorado College",mens-soccer,"NCAA D3",SCAC,Tigers,1,RoCCy,#000000,#D09B2C,https://upload.wikimedia.org/wikipedia/commons/3/34/Colorado_College_logo.svg?utm_source=commons.wikimedia.org&utm_campaign=imageinfo&utm_content=original,"wikipedia:Colorado College",,,,,9.5,50.26
"Colorado Mesa",mens-soccer,"NCAA D2",RMAC,Mavericks,1,,,,https://upload.wikimedia.org/wikipedia/commons/5/55/Colorado_Mesa_University_logo.svg?utm_source=commons.wikimedia.org&utm_campaign=imageinfo&utm_content=original,"wikipedia:Colorado Mesa University",,,,,5.4,56.2
"Colorado School of Mines",mens-soccer,"NCAA D2",RMAC,Orediggers,1,"Marvin the Miner<br />Blaster the Burro",,,https://upload.wikimedia.org/wikipedia/commons/6/67/Colorado_School_of_Mines_wordmark_%282023%29.svg?utm_source=commons.wikimedia.org&utm_campaign=imageinfo&utm_content=original,"wikipedia:Colorado School of Mines",,,,,9.0,52.12
"Colorado State-Pueblo",mens-soccer,"NCAA D2",RMAC,ThunderWolves,1,"Wolfie (costume)<br />Tundra (living mascot)",#00205b,#cc0033,https://upload.wikimedia.org/wikipedia/commons/f/f5/Csu_pueblo_univ_textlogo.png?utm_source=commons.wikimedia.org&utm_campaign=imageinfo&utm_content=original,"wikipedia:Colorado State University Pueblo",,,,,5.3,66.14
Columbia,mens-soccer,"NCAA D1","Ivy League",Lions,1,"Roar-ee the Lion",,,https://upload.wikimedia.org/wikipedia/commons/1/10/Columbia_University_1754.svg?utm_source=commons.wikimedia.org&utm_campaign=imageinfo&utm_content=original,"wikipedia:Columbia University",,,,,10.0,60.51
"Columbia (MO)",mens-soccer,NAIA,AMC,Cougars,1,,#002855,#c7c8ca,,"wikipedia:Columbia College (Missouri)",,,,,10.0,56.52
"Columbia College (SC)",mens-soccer,NAIA,"Appalachian Athletic Conference",,,,,,,,,,,,,44.86
"Columbia International University",mens-soccer,NAIA,"Appalachian Athletic Conference",Rams,1,Ram,,,https://upload.wikimedia.org/wikipedia/commons/2/29/New_CIU_Logo.jpg?utm_source=commons.wikimedia.org&utm_campaign=imageinfo&utm_content=original,"wikipedia:Columbia International University","copied from this school's other-sport row (Columbia International University); the article ""Columbia International University"" names this institution",,,,,51.74
"Commonwealth University-Bloomsburg",mens-soccer,"NCAA D2",PSAC,Huskies,1,Roongo,,,https://upload.wikimedia.org/wikipedia/en/c/c1/Bloomsburg_University_logo.png?utm_source=en.wikipedia.org&utm_campaign=imageinfo&utm_content=original,"wikipedia:Commonwealth University-Bloomsburg",,,,,5.3,64.72
"Commonwealth University-Lock Haven",mens-soccer,"NCAA D2",PSAC,"Bald Eagles",1,"Talon the Bald Eagle",#ffffff,,https://upload.wikimedia.org/wikipedia/en/0/06/Lockhaven_University_logo.png?utm_source=en.wikipedia.org&utm_campaign=imageinfo&utm_content=original,"wikipedia:Commonwealth University-Lock Haven",,,,,5.3,55.37
Concord,mens-soccer,"NCAA D2","Mountain East","Mountain Lions",1,Roar,,,https://upload.wikimedia.org/wikipedia/commons/3/34/Concord_u_logo_wmark.png?utm_source=commons.wikimedia.org&utm_campaign=imageinfo&utm_content=original,"wikipedia:Concord University",,,,,5.4,61.74
"Concordia (MI)",mens-soccer,NAIA,WHAC,Cardinals,1,"Corky The Cardinal",#ed1b2d,,,"wikipedia:Concordia University Ann Arbor",,,,,5.6,41.24
"Concordia (MN)",mens-soccer,"NCAA D3",MIAC,Cobbers,1,"Kernel Cobb",#633,#FFD250,https://upload.wikimedia.org/wikipedia/commons/d/d9/Concordia_moorhead_logo.png?utm_source=commons.wikimedia.org&utm_campaign=imageinfo&utm_content=original,"wikipedia:Concordia College (Moorhead, Minnesota)",,,,,6.5,30.63
"Concordia (NE)",mens-soccer,NAIA,GPAC,Bulldogs,1,Bulldog,#172b54,,https://upload.wikimedia.org/wikipedia/commons/8/83/CUNEAcademic_Logo_Left_Color.svg?utm_source=commons.wikimedia.org&utm_campaign=imageinfo&utm_content=original,"wikipedia:Concordia University Nebraska",,1,GPAC,https://gpacsports.com/sports/msoc/2025-26/releases,5.6,58.13
"Concordia Chicago",mens-soccer,"NCAA D3",NACC,,,"Charlie T. Cougar",,,https://upload.wikimedia.org/wikipedia/commons/b/b9/Concordia_univ_chicago_textlogo.png?utm_source=commons.wikimedia.org&utm_campaign=imageinfo&utm_content=original,"wikipedia:Concordia University Chicago",,,,,6.5,29.96
"Concordia Irvine",mens-soccer,"NCAA D2",,,,,,,,,"Added for coaching-contact coverage; soccer_score/academic_rating are placeholders",,,,6.0,48.0
"Concordia Texas",mens-soccer,"NCAA D3",ASC,Tornados,1,,#4A1F78,#F2AE22,https://upload.wikimedia.org/wikipedia/commons/1/12/Concordia_univ_texas_textlogo.png?utm_source=commons.wikimedia.org&utm_campaign=imageinfo&utm_content=original,"wikipedia:Concordia University Texas",,,,,6.5,44.91
"Concordia Wisconsin",mens-soccer,"NCAA D3",NACC,Falcons,1,"Freddy the Falcon",#005596,#faa634,https://upload.wikimedia.org/wikipedia/commons/0/01/Concordia_univ_wis_textlogo.png?utm_source=commons.wikimedia.org&utm_campaign=imageinfo&utm_content=original,"wikipedia:Concordia University Wisconsin",,,,,6.5,37.03
"Connecticut College",mens-soccer,"NCAA D3",NESCAC,,,"Camel (Dromedary)",#002F5F,#FFFFFF,https://upload.wikimedia.org/wikipedia/commons/7/7b/Connecticut_college_textlogo.png?utm_source=commons.wikimedia.org&utm_campaign=imageinfo&utm_content=original,"wikipedia:Connecticut College",,,,,9.2,52.46
"Contra Costa",mens-soccer,NJCAA,CCCAA,,,Comets,#191970,,,"wikipedia:Contra Costa College",,,,,5.8,23.93
Converse,mens-soccer,"NCAA D2",SAC,Valkyries,1,"Val the Valkyrie",,,https://upload.wikimedia.org/wikipedia/en/2/23/Convere_University_Logo_2023.png?utm_source=en.wikipedia.org&utm_campaign=imageinfo&utm_content=original,"wikipedia:Converse University",,,,,5.4,61.48
Copiah-Lincoln,mens-soccer,NJCAA,MACJC,Wolves,1,,,,,"wikipedia:Copiah–Lincoln Community College",,,,,5.8,31.41
"Corban University",mens-soccer,NAIA,"Cascade Collegiate Conference",Warriors,1,"Cadmar the Warrior",#002550,#f9c623,,"wikipedia:Corban University","copied from this school's other-sport row (Corban University); the article ""Corban University"" names this institution",,,,,46.29
Cornell,mens-soccer,"NCAA D1","Ivy League","Big Red",0,"Touchdown the Bear (unofficial)",,,https://upload.wikimedia.org/wikipedia/commons/4/4b/Cornell_University_logo.svg?utm_source=commons.wikimedia.org&utm_campaign=imageinfo&utm_content=original,"wikipedia:Cornell University",,,,,9.8,87.15
"Cornell College",mens-soccer,"NCAA D3",MWC-D3,Rams,1,,,,https://upload.wikimedia.org/wikipedia/commons/5/5e/Cornell_college_textlogo.png?utm_source=commons.wikimedia.org&utm_campaign=imageinfo&utm_content=original,"wikipedia:Cornell College",,,,,6.6,37.81
Cornerstone,mens-soccer,NAIA,WHAC,"Golden Eagles",1,"Golden Eagle",#13294b,#d9c89d,,"wikipedia:Cornerstone University",,,,,5.6,46.07
Covenant,mens-soccer,"NCAA D3",SAA,Scots,1,,#003399,,https://upload.wikimedia.org/wikipedia/en/5/50/Covenant_College_logo.png?utm_source=en.wikipedia.org&utm_campaign=imageinfo&utm_content=original,"wikipedia:Covenant College",,,,,6.5,46.12
"Cowley County",mens-soccer,NJCAA,KJCCC,,,,,,,,"Cleared on audit: previous match (Cowley Community College) failed re-verification",1,KJCCC,https://kjccc.org/sports/msoc/2025-26/releases/Postseason/2025_D1_MSOC_District_Championship_Recap,6.0,32.94
Creighton,mens-soccer,"NCAA D1","Big East Conference",Bluejays,1,"Billy Bluejay",#0054A6,,https://upload.wikimedia.org/wikipedia/commons/b/b3/Creighton_University_logo.svg?utm_source=commons.wikimedia.org&utm_campaign=imageinfo&utm_content=original,"wikipedia:Creighton University",,,,,7.9,84.45
Crowder,mens-soccer,NJCAA,MOVAL,,,,,,,,"No usable Wikipedia infobox found for this name",,,,5.8,31.02
"Crown (MN)",mens-soccer,"NCAA D3",UMAC,Polars,1,,,,https://upload.wikimedia.org/wikipedia/commons/3/3e/Crown_college_logo.png?utm_source=commons.wikimedia.org&utm_campaign=imageinfo&utm_content=original,"wikipedia:Crown College (Minnesota)",,,,,6.5,39.66
"Culver-Stockton College",mens-soccer,NAIA,"Heart of America Athletic Conference",Wildcats,1,,#00549f,#8a9297,,"wikipedia:Culver–Stockton College","copied from this school's other-sport row (Culver-Stockton College); the article ""Culver–Stockton College"" names this institution",,,,,41.64
"Cumberland University",mens-soccer,NAIA,"Mid-South Conference",Phoenix,0,,#84152c,,,"wikipedia:Cumberland University","copied from this school's other-sport row (Cumberland University); the article ""Cumberland University"" names this institution",,,,,62.67
Cumberlands,mens-soccer,NAIA,Mid-South,Patriots,1,"Pete the Patriot",#b21e27,#003b70,,"wikipedia:University of the Cumberlands",,,,,5.6,59.37
Curry,mens-soccer,"NCAA D3",CCC,Colonels,1,,,,https://upload.wikimedia.org/wikipedia/commons/3/3e/Curry_college_logo.png?utm_source=commons.wikimedia.org&utm_campaign=imageinfo&utm_content=original,"wikipedia:Curry College","copied from this school's other-sport row (Curry College); the article ""Curry College"" names this institution",,,,6.5,37.48
"D'Youville",mens-soccer,"NCAA D2",ECC,Saints,1,"Saint Bernard",,,https://upload.wikimedia.org/wikipedia/commons/f/ff/Dyouville_university_logo.png?utm_source=commons.wikimedia.org&utm_campaign=imageinfo&utm_content=original,"wikipedia:D'Youville University",,,,,5.4,45.16
Daemen,mens-soccer,"NCAA D2",ECC,Wildcats,1,"Willie the Wildcat",,,https://upload.wikimedia.org/wikipedia/commons/d/df/RosaryHall.jpg?utm_source=commons.wikimedia.org&utm_campaign=imageinfo&utm_content=original,"wikipedia:Daemen University",,,,,5.4,43.53
"Dakota Wesleyan",mens-soccer,NAIA,GPAC,Tigers,1,,#005f9d,#c2c4c6,,"wikipedia:Dakota Wesleyan University",,,,,5.6,49.9
"Dallas Baptist",mens-soccer,"NCAA D2",Heartland,Patriots,1,,#C41230,#FFFFFF,https://upload.wikimedia.org/wikipedia/commons/4/49/Dallas_baptist_univ_simple_logo.png?utm_source=commons.wikimedia.org&utm_campaign=imageinfo&utm_content=original,"wikipedia:Dallas Baptist University",,,,,7.2,54.37
"Dallas Christian",mens-soccer,NAIA,RRAC,,,Crusaders,,,https://upload.wikimedia.org/wikipedia/en/8/87/Dallas_Christian_College_%28logo%29.gif?utm_source=en.wikipedia.org&utm_campaign=imageinfo&utm_content=original,"wikipedia:Dallas Christian College",,,,,5.4,43.54
"Dalton State College",mens-soccer,NAIA,"Southern States Athletic Conference",Roadrunners,1,,#00263a,#6a737b,https://upload.wikimedia.org/wikipedia/en/d/d1/Dalton_State_College_logo.png?utm_source=en.wikipedia.org&utm_campaign=imageinfo&utm_content=original,"wikipedia:Dalton State College","copied from this school's other-sport row (Dalton State College); the article ""Dalton State College"" names this institution",,,,,61.33
"Danville Area",mens-soccer,NJCAA,GRAC,Jaguars,1,Jaguars,,,,athletics-domain:danvillejaguars.com,"nickname recovered from the school's own athletics hostname; its Wikipedia article states none. Confirmed by that site's title (""Danville Area Community College Athletics - Official Athletics Website"").",,,,5.8,
Dartmouth,mens-soccer,"NCAA D1","Ivy League","Big Green",0,,,,https://upload.wikimedia.org/wikipedia/commons/f/f1/Dartmouth_College_logo.svg?utm_source=commons.wikimedia.org&utm_campaign=imageinfo&utm_content=original,"wikipedia:Dartmouth College",,,,,9.9,67.55
Davenport,mens-soccer,"NCAA D2",WHAC,Panthers,1,Pounce,#ee3124,,https://upload.wikimedia.org/wikipedia/commons/3/35/Davenport_university_logo.png?utm_source=commons.wikimedia.org&utm_campaign=imageinfo&utm_content=original,"wikipedia:Davenport University",,1,WHAC,https://www.whac.net/sports/msoc/2025-26/releases/20251104eyspd5,5.4,53.55
Davidson,mens-soccer,"NCAA D1","Atlantic 10 Conference",Wildcats,1,"Roary the Wildcat",#D42121,#000000,https://upload.wikimedia.org/wikipedia/commons/6/63/Davidson_College_Primary_Logo.png?utm_source=commons.wikimedia.org&utm_campaign=imageinfo&utm_content=original,"wikipedia:Davidson College",,,,,8.8,76.12
"Davis & Elkins",mens-soccer,"NCAA D2","Mountain East",Senators,1,,,,https://upload.wikimedia.org/wikipedia/commons/7/73/Daviselkins_college_logo.png?utm_source=commons.wikimedia.org&utm_campaign=imageinfo&utm_content=original,"wikipedia:Davis & Elkins College",,,,,5.4,59.81
Dayton,mens-soccer,"NCAA D1","Atlantic 10 Conference",Flyers,1,"Rudy Flyer",,,,"wikipedia:University of Dayton",,,,,7.3,82.46
"Daytona State",mens-soccer,NJCAA,FCSAA,Falcons,1,"Freddie the Falcon",#0079C1,#002F87,,"wikipedia:Daytona State College",,1,FCSAA,https://thefcsaasports.com/sports/msoc/2025-26/releases/20251103y047lx,6.8,39.15
DePaul,mens-soccer,"NCAA D1","Big East Conference","Blue Demons",1,"D.I.B.S. (Demon In a Blue Suit)",,,https://upload.wikimedia.org/wikipedia/en/b/ba/Depaul_U_Logo.svg?utm_source=en.wikipedia.org&utm_campaign=imageinfo&utm_content=original,"wikipedia:DePaul University",,,,,7.0,70.88
DePauw,mens-soccer,"NCAA D3",NCAC,Tigers,1,"Tyler the Tiger",,,https://upload.wikimedia.org/wikipedia/en/f/fa/DePauw_University_logo.png?utm_source=en.wikipedia.org&utm_campaign=imageinfo&utm_content=original,"wikipedia:DePauw University",,1,NCAC,https://depauwtigers.com/news/2025/11/8/mens-soccer-claim-ncac-tournament-title.aspx,8.5,44.31
DeSales,mens-soccer,"NCAA D3","MAC Freedom",Bulldogs,1,"Frankie the Bulldog",#000077,#DD0000,,"wikipedia:DeSales University",,,,,6.5,38.99
"Dean College",mens-soccer,"NCAA D3",NECC,Bulldogs,1,Boomer,,,https://upload.wikimedia.org/wikipedia/commons/4/45/Dean_college_logo.jpg?utm_source=commons.wikimedia.org&utm_campaign=imageinfo&utm_content=original,"wikipedia:Dean College",,,,,5.8,38.08
"Defiance College",mens-soccer,NAIA,"Wolverine-Hoosier Athletic Conference","Yellow Jackets, Lady Jackets",1,,#7300e6,,,"wikipedia:Defiance College","copied from this school's other-sport row (Defiance College); the article ""Defiance College"" names this institution",,,,,35.84
Delaware,mens-soccer,"NCAA D1","The Summit League","Fightin' Blue Hens",1,YoUDee,#00539F,#FFD200,https://upload.wikimedia.org/wikipedia/commons/b/b3/University_of_Delaware_wordmark.svg?utm_source=commons.wikimedia.org&utm_campaign=imageinfo&utm_content=original,"wikipedia:University of Delaware",,,,,6.8,74.39
"Delaware Valley",mens-soccer,"NCAA D3","MAC Freedom",Aggies,1,Ram,,,https://upload.wikimedia.org/wikipedia/commons/2/20/Delaware_valley_univ_logo.svg?utm_source=commons.wikimedia.org&utm_campaign=imageinfo&utm_content=original,"wikipedia:Delaware Valley University",,,,,6.5,41.08
"Delta College (MI)",mens-soccer,NJCAA,MCCAA,,,,,,,,"No usable Wikipedia infobox found for this name",,,,5.2,30.1
"Delta State",mens-soccer,"NCAA D2",GSC,Statesmen,1,,#00753E,#FFFFFF,,"wikipedia:Delta State University",,,,,5.3,49.22
Denison,mens-soccer,"NCAA D3",NCAC,"Big Red",0,,,,https://upload.wikimedia.org/wikipedia/commons/2/22/Denison-logo.svg?utm_source=commons.wikimedia.org&utm_campaign=imageinfo&utm_content=original,"wikipedia:Denison University",,,,,9.2,49.49
Denver,mens-soccer,"NCAA D1","West Coast Conference",Pioneers,1,,,,https://upload.wikimedia.org/wikipedia/en/d/d4/University_of_Denver_logo.svg?utm_source=en.wikipedia.org&utm_campaign=imageinfo&utm_content=original,"wikipedia:University of Denver",,1,"Summit League","wikipedia:2025 NCAA Division I men's soccer tournament",7.4,93.16
"Des Moines Area",mens-soccer,NJCAA,ICCAC,,,,,,,,"No usable Wikipedia infobox found for this name",,,,6.5,
"Detroit Mercy",mens-soccer,"NCAA D1","Horizon League",Titans,1,"Tommy Titan",,,https://upload.wikimedia.org/wikipedia/commons/0/07/University_of_Detroit_Mercy_new_logo.svg?utm_source=commons.wikimedia.org&utm_campaign=imageinfo&utm_content=original,"wikipedia:University of Detroit Mercy",,,,,5.0,65.81
"Diablo Valley",mens-soccer,NJCAA,CCCAA,Vikings,1,,,,,"wikipedia:Diablo Valley College",,,,,7.2,
Dickinson,mens-soccer,"NCAA D3",Centennial,"Red Devils",1,,#C8102E,,https://upload.wikimedia.org/wikipedia/commons/3/39/Dickinson_college_wmark.png?utm_source=commons.wikimedia.org&utm_campaign=imageinfo&utm_content=original,"wikipedia:Dickinson College",,1,Centennial,https://www.dickinson.edu/news/article/6285/dickinson_wins_centennial_conference_mens_soccer_tournament,9.0,54.07
"District of Columbia",mens-soccer,"NCAA D2",CIAA,Firebirds,1,"Felix the Firebird",#b7312c,#EFBD47,https://upload.wikimedia.org/wikipedia/commons/e/ed/University_of_the_District_of_Columbia_text_logo.svg?utm_source=commons.wikimedia.org&utm_campaign=imageinfo&utm_content=original,"wikipedia:University of the District of Columbia",,,,,5.4,57.19
Doane,mens-soccer,NAIA,GPAC,Tigers,1,,#ef7a1d,,https://upload.wikimedia.org/wikipedia/commons/8/88/Doane_University_logo.svg?utm_source=commons.wikimedia.org&utm_campaign=imageinfo&utm_content=original,"wikipedia:Doane University",,,,,5.6,42.81
"Dodge City",mens-soccer,NJCAA,KJCCC,Conquistadors,1,,#4E2583,#EFB30F,,"wikipedia:Dodge City Community College",,,,,5.8,31.09
"Dominican (CA)",mens-soccer,"NCAA D2",PacWest,Penguins,1,"Chilly the Penguin",,,https://upload.wikimedia.org/wikipedia/commons/2/2d/Dominican_univ_california_logo.png?utm_source=commons.wikimedia.org&utm_campaign=imageinfo&utm_content=original,"wikipedia:Dominican University of California",,,,,6.5,51.29
"Dominican (IL)",mens-soccer,"NCAA D3",NACC,Stars,1,,#1D3B6E,#007BBB,https://upload.wikimedia.org/wikipedia/commons/5/53/Dominican_univ_il_textlogo.png?utm_source=commons.wikimedia.org&utm_campaign=imageinfo&utm_content=original,"wikipedia:Dominican University (Illinois)",,,,,6.5,44.83
"Dominican College (NY)",mens-soccer,"NCAA D2",ECC,Chargers,1,,,,https://upload.wikimedia.org/wikipedia/commons/5/54/StJohns_logo.svg?utm_source=commons.wikimedia.org&utm_campaign=imageinfo&utm_content=original,athletics-domain:chargerathletics.com,"Dominican University New York. Had been matched to ST. JOHN'S University (New York City) — a different institution. Confirmed by chargerathletics.com, title ""Dominican University New York Athletics"".",,,,5.4,52.44
Dordt,mens-soccer,NAIA,GPAC,Defenders,1,,#ffb81c,,https://upload.wikimedia.org/wikipedia/commons/3/38/Dordt_University_Logo.png?utm_source=commons.wikimedia.org&utm_campaign=imageinfo&utm_content=original,"wikipedia:Dordt University",,,,,7.8,52.26
Drake,mens-soccer,"NCAA D1","Missouri Valley Conference",Bulldogs,1,,#003B73,,https://upload.wikimedia.org/wikipedia/commons/e/e4/Drake_University_logo.svg?utm_source=commons.wikimedia.org&utm_campaign=imageinfo&utm_content=original,"wikipedia:Drake University",,,,,6.8,81.07
Drew,mens-soccer,"NCAA D3",Landmark,Rangers,1,,,,https://upload.wikimedia.org/wikipedia/commons/9/94/Drew_University_logo.svg?utm_source=commons.wikimedia.org&utm_campaign=imageinfo&utm_content=original,"wikipedia:Drew University",,,,,7.8,43.97
Drexel,mens-soccer,"NCAA D1","Coastal Athletic Association",Dragons,1,"Mario the Magnificent",,,https://upload.wikimedia.org/wikipedia/en/e/ea/Drexel_University_logo.svg?utm_source=en.wikipedia.org&utm_campaign=imageinfo&utm_content=original,"wikipedia:Drexel University",,,,,7.0,76.34
Drury,mens-soccer,"NCAA D2",GLVC,Panthers,1,,#B80007,#9E9388,https://upload.wikimedia.org/wikipedia/commons/4/41/Drury_University_logo.svg?utm_source=commons.wikimedia.org&utm_campaign=imageinfo&utm_content=original,"wikipedia:Drury University",,,,,6.8,55.97
Duke,mens-soccer,"NCAA D1","Atlantic Coast Conference","Blue Devils",1,"Blue Devil",#012169,#FFFFFF,https://upload.wikimedia.org/wikipedia/commons/e/e6/Duke_University_logo.svg?utm_source=commons.wikimedia.org&utm_campaign=imageinfo&utm_content=original,"wikipedia:Duke University",,,,,10.0,98.94
Duquesne,mens-soccer,"NCAA D1","Atlantic 10 Conference",Dukes,1,"The Duke",,,https://upload.wikimedia.org/wikipedia/commons/d/d6/Duqlogo.png?utm_source=commons.wikimedia.org&utm_campaign=imageinfo&utm_content=original,"wikipedia:Duquesne University",,,,,6.2,80.58
ETSU,mens-soccer,"NCAA D1","Southern Conference",Buccaneers,1,Bucky,,,https://upload.wikimedia.org/wikipedia/commons/2/2c/East_Tennessee_State_University_logo.svg?utm_source=commons.wikimedia.org&utm_campaign=imageinfo&utm_content=original,"wikipedia:East Tennessee State University",,,,,5.3,70.45
Earlham,mens-soccer,"NCAA D3",HCAC,Quakers,1,"Big Earl",#861F41,#FFFFFF,https://upload.wikimedia.org/wikipedia/commons/9/93/Earlham_College_wordmark.svg?utm_source=commons.wikimedia.org&utm_campaign=imageinfo&utm_content=original,"wikipedia:Earlham College",,,,,7.8,35.47
"East Central (OK)",mens-soccer,NJCAA,SACC,Tigers,1,"Roary the Tiger",,,https://upload.wikimedia.org/wikipedia/commons/b/b6/East_central_univ_logo.png?utm_source=commons.wikimedia.org&utm_campaign=imageinfo&utm_content=original,"wikipedia:East Central University",,,,,5.8,26.01
"East Mississippi",mens-soccer,NJCAA,MACJC,Lions,1,,#EE0000,#000000,,"wikipedia:East Mississippi Community College",,,,,5.8,15.0
"East Stroudsburg",mens-soccer,"NCAA D2",PSAC,Warriors,1,,#000000,#db0437,https://upload.wikimedia.org/wikipedia/commons/4/44/East_stroudsburg_univ_logo.png?utm_source=commons.wikimedia.org&utm_campaign=imageinfo&utm_content=original,"wikipedia:East Stroudsburg University",,,,,5.4,58.53
"East Texas Baptist",mens-soccer,"NCAA D3",ASC,Tigers,1,Tiger,#000080,#ecbc00,https://upload.wikimedia.org/wikipedia/commons/c/cd/Etbu_logo.png?utm_source=commons.wikimedia.org&utm_campaign=imageinfo&utm_content=original,athletics-domain:goetbutigers.com,"nickname recovered from the school's own athletics hostname; its Wikipedia article states none. Confirmed by that site's title (""East Texas Baptist University Athletics - Official Athletics Website"").",,,,6.5,39.35
"Eastern (PA)",mens-soccer,"NCAA D3","MAC Freedom",,,Eagle,,,https://upload.wikimedia.org/wikipedia/commons/e/e5/Eastern_univ_penn_logo.png?utm_source=commons.wikimedia.org&utm_campaign=imageinfo&utm_content=original,"wikipedia:Eastern University (United States)","No usable Wikipedia infobox found for this name",,,,6.5,37.24
"Eastern Arizona",mens-soccer,NJCAA,ACCAC,"Gila Monsters",1,"Gila Hank",#510c76,#fea400,,"wikipedia:Eastern Arizona College",,,,,5.8,29.87
"Eastern Connecticut",mens-soccer,"NCAA D3",LEC,Warriors,1,"Willi The Warrior",,,https://upload.wikimedia.org/wikipedia/en/a/a1/Logo_2_of_Eastern_Connecticut_State_University.png?utm_source=en.wikipedia.org&utm_campaign=imageinfo&utm_content=original,"wikipedia:Eastern Connecticut State University",,,,,6.5,40.58
"Eastern Florida State",mens-soccer,NJCAA,FCSAA,Titans,1,"Mr. Titan",#007940,#003c5b,https://upload.wikimedia.org/wikipedia/en/f/fa/Logo-of-Eastern-Florida-State-College.svg?utm_source=en.wikipedia.org&utm_campaign=imageinfo&utm_content=original,"wikipedia:Eastern Florida State College",,,,,6.8,40.07
"Eastern Illinois",mens-soccer,"NCAA D1","Ohio Valley Conference",Panthers,1,"Billy the Panther",#004C97,#75787B,https://upload.wikimedia.org/wikipedia/en/1/1f/Eastern_Illinois_University_logo.svg?utm_source=en.wikipedia.org&utm_campaign=imageinfo&utm_content=original,"wikipedia:Eastern Illinois University",,,,,4.3,59.43
"Eastern Mennonite",mens-soccer,"NCAA D3",ODAC,Royals,1,"HeRM (His Royal Majesty) the Lion",,,https://upload.wikimedia.org/wikipedia/commons/2/29/Emu_virginia_logo.png?utm_source=commons.wikimedia.org&utm_campaign=imageinfo&utm_content=original,"wikipedia:Eastern Mennonite University",,,,,6.5,38.6
"Eastern New Mexico",mens-soccer,"NCAA D2",LSC,Greyhounds,1,,#166904,#A7A9AC,https://upload.wikimedia.org/wikipedia/commons/5/5b/Enmu_wordmark_2024.png?utm_source=commons.wikimedia.org&utm_campaign=imageinfo&utm_content=original,"wikipedia:Eastern New Mexico University",,,,,5.4,50.26
"Eastern Oregon",mens-soccer,NAIA,Cascade,Mountaineers,1,"Monty the Mountaineer",#b68400,#002856,https://upload.wikimedia.org/wikipedia/commons/8/80/Eastern_oreg_univ_logo.png?utm_source=commons.wikimedia.org&utm_campaign=imageinfo&utm_content=original,"wikipedia:Eastern Oregon University",,,,,5.6,54.6
"Eastern Wyoming",mens-soccer,NJCAA,RMJCAA,Lancers,1,"Lloyd the Lancer",#000000,#FFB935,,"wikipedia:Eastern Wyoming College",,,,,5.8,31.76
Eckerd,mens-soccer,"NCAA D2","Sunshine State",Tritons,1,,#008080,#000080,https://upload.wikimedia.org/wikipedia/commons/2/25/Eckerd_college_gulfcoast_logo.png?utm_source=commons.wikimedia.org&utm_campaign=imageinfo&utm_content=original,"wikipedia:Eckerd College",,,,,7.5,49.21
Edgewood,mens-soccer,"NCAA D3",NACC,Eagles,1,"Eddy the Eagle",#BB0000,#000000,,"wikipedia:Edgewood University",,,,,6.5,47.0
"El Camino",mens-soccer,NJCAA,CCCAA,Warriors,1,,,,https://upload.wikimedia.org/wikipedia/en/1/15/Elco_logo.png?utm_source=en.wikipedia.org&utm_campaign=imageinfo&utm_content=original,"wikipedia:El Camino College",,,,,7.2,39.99
Elizabethtown,mens-soccer,"NCAA D3","MAC Commonwealth","Blue Jays",1,,#0A2240,#3DB5E6,https://upload.wikimedia.org/wikipedia/commons/4/48/Elizabethtown_college_full_logo.png?utm_source=commons.wikimedia.org&utm_campaign=imageinfo&utm_content=original,"wikipedia:Elizabethtown College",,,,,6.5,37.62
Ellsworth,mens-soccer,NJCAA,ICCAC,,,,,,,,"No usable Wikipedia infobox found for this name",,,,5.2,
Elmhurst,mens-soccer,"NCAA D3",CCIW,Bluejays,1,"Victor E. Bluejay",#102B58,#FFFFFF,https://upload.wikimedia.org/wikipedia/commons/c/c5/Elmhurst_University_logo.svg?utm_source=commons.wikimedia.org&utm_campaign=imageinfo&utm_content=original,"wikipedia:Elmhurst University",,,,,6.5,36.85
Elmira,mens-soccer,"NCAA D3","Empire 8",,,"Soaring Eagle",#3f1e6b,#f1cd44,https://upload.wikimedia.org/wikipedia/commons/4/46/Elmira_College_logo.svg?utm_source=commons.wikimedia.org&utm_campaign=imageinfo&utm_content=original,"wikipedia:Elmira College",,,,,6.5,42.26
Elms,mens-soccer,"NCAA D3",CCC,Blazers,1,,,,https://upload.wikimedia.org/wikipedia/commons/3/3f/ElmsCollege_TextLogo.svg?utm_source=commons.wikimedia.org&utm_campaign=imageinfo&utm_content=original,"wikipedia:Elms College",,,,,6.5,33.13
Elon,mens-soccer,"NCAA D1","Coastal Athletic Association",Phoenix,0,Phoenix,#73000A,#B59A57,https://upload.wikimedia.org/wikipedia/en/7/7f/Elon_University_logo.svg?utm_source=en.wikipedia.org&utm_campaign=imageinfo&utm_content=original,"wikipedia:Elon University",,1,CAA,"wikipedia:2025 NCAA Division I men's soccer tournament",7.0,78.83
Embry-Riddle,mens-soccer,"NCAA D2","Sunshine State",Eagles,1,"Ernie the Eagle",,,https://upload.wikimedia.org/wikipedia/commons/8/86/ERAU.svg?utm_source=commons.wikimedia.org&utm_campaign=imageinfo&utm_content=original,"wikipedia:Embry–Riddle Aeronautical University",,,,,8.0,45.23
"Embry-Riddle Aeronautical University Prescott",mens-soccer,NAIA,"Golden State Athletic Conference",Eagles,1,"Ernie the Eagle",,,https://upload.wikimedia.org/wikipedia/commons/9/95/Embry-Riddle_Aeronautical_University_Prescott_Logo.png?utm_source=commons.wikimedia.org&utm_campaign=imageinfo&utm_content=original,"wikipedia:Embry–Riddle Aeronautical University, Prescott","copied from this school's other-sport row (Embry-Riddle Aeronautical University Prescott); the article ""Embry–Riddle Aeronautical University, Prescott"" names this institution",,,,,53.05
Emerson,mens-soccer,"NCAA D3",NEWMAC,Lions,1,"Griff the Lion",#62259D,#FFD700,https://upload.wikimedia.org/wikipedia/commons/4/44/Emerson_college_mass_logo.png?utm_source=commons.wikimedia.org&utm_campaign=imageinfo&utm_content=original,"wikipedia:Emerson College",,,,,6.5,43.58
"Emmanuel (GA)",mens-soccer,"NCAA D2","Conference Carolinas",Lions,1,"The Lion",#132e52,#C41E3A,https://upload.wikimedia.org/wikipedia/commons/b/bd/Emmanuel_logo.png?utm_source=commons.wikimedia.org&utm_campaign=imageinfo&utm_content=original,"wikipedia:Emmanuel University",,,,,5.4,56.47
"Emmanuel (MA)",mens-soccer,"NCAA D3",CCC,Saints,1,"Halo the Saint Bernard",#000066,#CC9900,https://upload.wikimedia.org/wikipedia/commons/0/0c/Emmanuel_college_ma_logo.png?utm_source=commons.wikimedia.org&utm_campaign=imageinfo&utm_content=original,"wikipedia:Emmanuel College (Massachusetts)",,,,,6.5,41.55
Emory,mens-soccer,"NCAA D3",UAA,Eagles,1,,#012169,#b58500,https://upload.wikimedia.org/wikipedia/en/8/8f/Emory_U_Logo.svg?utm_source=en.wikipedia.org&utm_campaign=imageinfo&utm_content=original,"wikipedia:Emory University",,,,,10.0,52.15
"Emory & Henry",mens-soccer,"NCAA D2",SAC,Wasps,1,Wasp,#1b3d75,#d5ad28,https://upload.wikimedia.org/wikipedia/commons/3/30/Emory_and_henry_univ_logo.png?utm_source=commons.wikimedia.org&utm_campaign=imageinfo&utm_content=original,"wikipedia:Emory & Henry University",,,,,5.4,44.73
Endicott,mens-soccer,"NCAA D3",CCC,Gulls,1,,#00325D,#007C57,https://upload.wikimedia.org/wikipedia/commons/1/11/Endicott_college_textlogo.png?utm_source=commons.wikimedia.org&utm_campaign=imageinfo&utm_content=original,"wikipedia:Endicott College",,,,,6.5,44.45
Erskine,mens-soccer,"NCAA D2",SAC,"Flying Fleet",0,,,,https://upload.wikimedia.org/wikipedia/commons/3/3d/Erskine_College_wordmark.svg?utm_source=commons.wikimedia.org&utm_campaign=imageinfo&utm_content=original,"wikipedia:Erskine College","No usable Wikipedia infobox found for this name",,,,5.4,41.71
"Essex County",mens-soccer,NJCAA,GNYAC,Wolverines,1,,,,,athletics-domain:essexwolverines.com,"nickname recovered from the school's own athletics hostname; its Wikipedia article states none. Confirmed by that site's title (""Essex County College"").",,,,6.0,33.46
Eureka,mens-soccer,"NCAA D3",SLIAC,"Red Devils",1,,#862633,#AC8400,https://upload.wikimedia.org/wikipedia/commons/1/1e/Eureka_College_logo.svg?utm_source=commons.wikimedia.org&utm_campaign=imageinfo&utm_content=original,"wikipedia:Eureka College",,,,,6.5,35.14
Evangel,mens-soccer,NAIA,AMC,Valor,0,,,,https://upload.wikimedia.org/wikipedia/commons/1/1a/Evangel_University_logo.svg?utm_source=commons.wikimedia.org&utm_campaign=imageinfo&utm_content=original,"wikipedia:Evangel University",,,,,5.6,48.32
Evansville,mens-soccer,"NCAA D1","Missouri Valley Conference","Purple Aces",1,"Ace Purple",#4C2683,#FFFFFF,,"wikipedia:University of Evansville",,,,,5.5,75.18
Everett,mens-soccer,NJCAA,NWAACC,,,,,,,,"No usable Wikipedia infobox found for this name",,,,5.8,36.31
FDU-Florham,mens-soccer,"NCAA D3",Skyline,,,,,,,,"Cleared on audit: previous match (Fairleigh Dickinson University) failed re-verification",,,,6.5,45.37
FGCU,mens-soccer,"NCAA D1","Atlantic Sun Conference",Eagles,1,"Azul the Eagle",#004785,#00794C,https://upload.wikimedia.org/wikipedia/en/8/89/Florida_gcu_logo.png?utm_source=en.wikipedia.org&utm_campaign=imageinfo&utm_content=original,"wikipedia:Florida Gulf Coast University",,,,,6.0,69.77
FIU,mens-soccer,"NCAA D1","American Conference",Panthers,1,"Roary the Panther",#081E3F,#D1a644,https://upload.wikimedia.org/wikipedia/commons/7/76/Florida_International_University_logo.svg?utm_source=commons.wikimedia.org&utm_campaign=imageinfo&utm_content=original,"wikipedia:Florida International University",,,,,6.0,82.47
Fairfield,mens-soccer,"NCAA D1","Metro Atlantic Athletic Conference",Stags,1,"Lucas the Stag",#E0143E,#FFFFFF,https://upload.wikimedia.org/wikipedia/en/c/c7/Fairfield_University.svg?utm_source=en.wikipedia.org&utm_campaign=imageinfo&utm_content=original,"wikipedia:Fairfield University",,,,,7.0,71.65
"Fairleigh Dickinson",mens-soccer,"NCAA D1",NEC,Knights,1,"Knightro / Ian the Devil",#074C81,#9D1536,https://upload.wikimedia.org/wikipedia/en/7/74/Fairleigh_Dickinson_University_logo.svg?utm_source=en.wikipedia.org&utm_campaign=imageinfo&utm_content=original,"wikipedia:Fairleigh Dickinson University",,1,NEC,"wikipedia:2025 NCAA Division I men's soccer tournament",4.5,76.19
"Faulkner University",mens-soccer,NAIA,"Southern States Athletic Conference",Eagles,1,,#0032a0,,https://upload.wikimedia.org/wikipedia/commons/e/e2/Faulkner_univ_textlogo.png?utm_source=commons.wikimedia.org&utm_campaign=imageinfo&utm_content=original,"wikipedia:Faulkner University","copied from this school's other-sport row (Faulkner University); the article ""Faulkner University"" names this institution",,,,,53.14
Felician,mens-soccer,"NCAA D2",CACC,"Golden Falcons",1,,,,https://upload.wikimedia.org/wikipedia/commons/f/f9/Felician_univ_logo.png?utm_source=commons.wikimedia.org&utm_campaign=imageinfo&utm_content=original,"wikipedia:Felician University",,,,,5.4,60.44
Ferrum,mens-soccer,"NCAA D3",ODAC,Panthers,1,Panther,#000000,#998744,https://upload.wikimedia.org/wikipedia/commons/2/23/Ferrum_college_logo.png?utm_source=commons.wikimedia.org&utm_campaign=imageinfo&utm_content=original,"wikipedia:Ferrum College",,,,,6.5,35.0
Findlay,mens-soccer,"NCAA D2",GLIAC,Oilers,1,"Derrick the Oiler",#F47920,#414042,https://upload.wikimedia.org/wikipedia/en/9/96/University_of_Findlay_Academic_Logo.png?utm_source=en.wikipedia.org&utm_campaign=imageinfo&utm_content=original,"wikipedia:University of Findlay",,,,,5.4,58.54
"Finger Lakes Community",mens-soccer,NJCAA,GNYAC,Lakers,1,"Flick the Lake Monster",,,https://upload.wikimedia.org/wikipedia/en/4/47/Finger_Lakes_Community_College_Lakers_logo.jpg?utm_source=en.wikipedia.org&utm_campaign=imageinfo&utm_content=original,"wikipedia:Finger Lakes Community College",,,,,6.0,37.58
"Fisher College",mens-soccer,NAIA,"Continental Athletic Conference",Falcons,1,Falcon,#0b233f,#a2aaac,,"wikipedia:Fisher College","copied from this school's other-sport row (Fisher College); the article ""Fisher College"" names this institution",,,,,54.58
"Fitchburg State",mens-soccer,"NCAA D3",MASCAC,Falcons,1,Falcon,#00563F,#E9AF2F,https://upload.wikimedia.org/wikipedia/commons/a/ac/Fichburg_st_univ_logo.png?utm_source=commons.wikimedia.org&utm_campaign=imageinfo&utm_content=original,"wikipedia:Fitchburg State University",,,,,6.2,35.43
Flagler,mens-soccer,"NCAA D2","Peach Belt",Saints,1,,#a33038,#ffb608,https://upload.wikimedia.org/wikipedia/commons/d/d4/Flagler_College_wordmark_%28stacked%29.svg?utm_source=commons.wikimedia.org&utm_campaign=imageinfo&utm_content=original,"wikipedia:Flagler College",,,,,6.5,62.48
"Florida Atlantic",mens-soccer,"NCAA D1","American Conference",Owls,1,,,,https://upload.wikimedia.org/wikipedia/commons/b/b3/Florida_Atlantic_University_logo.svg?utm_source=commons.wikimedia.org&utm_campaign=imageinfo&utm_content=original,"wikipedia:Florida Atlantic University",,1,American,"wikipedia:2025 NCAA Division I men's soccer tournament",6.4,84.21
"Florida College",mens-soccer,NAIA,"Sun Conference",Falcons,1,,#df1731,,,"wikipedia:Florida College","copied from this school's other-sport row (Florida College); the article ""Florida College"" names this institution",,,,,51.9
"Florida Memorial",mens-soccer,NAIA,Mid-South,Lions,1,,#1c3b7e,#f4881b,,"wikipedia:Florida Memorial University",,,,,4.7,51.61
"Florida National University",mens-soccer,NAIA,"Sun Conference",Conquistadors,1,,#b20738,#fddd70,,"wikipedia:Florida National University","copied from this school's other-sport row (Florida National University); the article ""Florida National University"" names this institution",,,,,59.57
"Florida Southern",mens-soccer,"NCAA D2","Sunshine State",Moccasins,1,"Water Moccasin",#FFFFFF,,https://upload.wikimedia.org/wikipedia/en/e/ea/Florida_Southern_College_logo.png?utm_source=en.wikipedia.org&utm_campaign=imageinfo&utm_content=original,"wikipedia:Florida Southern College",,,,,7.0,51.23
"Florida State College Jacksonville",mens-soccer,NJCAA,FCSAA,"Manta Rays",1,"Razor Ray the Manta Ray",#005f7f,#231f20,https://upload.wikimedia.org/wikipedia/commons/9/94/Logo-of-FSCJ.svg?utm_source=commons.wikimedia.org&utm_campaign=imageinfo&utm_content=original,"wikipedia:Florida State College at Jacksonville",,,,,6.8,
"Florida Tech",mens-soccer,"NCAA D2","Sunshine State",Panthers,1,"Pete the Panther",,,https://upload.wikimedia.org/wikipedia/commons/0/03/Florida_tech_star_wordmark.png?utm_source=commons.wikimedia.org&utm_campaign=imageinfo&utm_content=original,"wikipedia:Florida Institute of Technology",,,,,7.8,62.23
Fordham,mens-soccer,"NCAA D1","Atlantic 10 Conference",Rams,1,"The Ram",#900028,#FFFFFF,https://upload.wikimedia.org/wikipedia/commons/a/a0/Fordham_University_logo_2025.png?utm_source=commons.wikimedia.org&utm_campaign=imageinfo&utm_content=original,"wikipedia:Fordham University",,,,,8.2,75.3
"Fort Hays State",mens-soccer,"NCAA D2",MIAA,Tigers,1,"Victor E. Tiger",,,https://upload.wikimedia.org/wikipedia/en/9/9a/Fort_Hays_State_University_logo.svg?utm_source=en.wikipedia.org&utm_campaign=imageinfo&utm_content=original,"wikipedia:Fort Hays State University",,1,MIAA,https://fhsuathletics.com/news/2025/11/15/mens-soccer-no-4-tigers-secure-gac-miaa-championship.aspx,5.3,65.97
"Fort Lewis",mens-soccer,"NCAA D2",RMAC,Skyhawks,1,"Skyler the Skyhawk",#000066,#0066CC,https://upload.wikimedia.org/wikipedia/commons/d/df/Fort_lewis_college_simpletext.png?utm_source=commons.wikimedia.org&utm_campaign=imageinfo&utm_content=original,"wikipedia:Fort Lewis College",,,,,5.4,59.82
"Fort Scott Community",mens-soccer,NJCAA,KJCCC,Greyhounds,1,,#5B122B,#808080,https://upload.wikimedia.org/wikipedia/en/f/f5/Fort_Scott_Greyhounds_logo.png?utm_source=en.wikipedia.org&utm_campaign=imageinfo&utm_content=original,"wikipedia:Fort Scott Community College",,,,,6.0,
"Framingham State",mens-soccer,"NCAA D3",MASCAC,Rams,1,"Sam the Ram",#EBAB00,#000000,https://upload.wikimedia.org/wikipedia/commons/4/4b/Framingham_st_univ_logo.png?utm_source=commons.wikimedia.org&utm_campaign=imageinfo&utm_content=original,"wikipedia:Framingham State University",,,,,6.2,37.25
"Francis Marion",mens-soccer,"NCAA D2","Peach Belt",Patriots,1,Patriot,#003882,#cf142b,https://upload.wikimedia.org/wikipedia/commons/4/46/Francis_marion_univ_full_logo.png?utm_source=commons.wikimedia.org&utm_campaign=imageinfo&utm_content=original,"wikipedia:Francis Marion University",,,,,5.4,58.89
"Franciscan (OH)",mens-soccer,"NCAA D3",PAC,Barons,1,"Baron von Steuben",#014421,#C4B454,https://upload.wikimedia.org/wikipedia/commons/8/85/Franciscan_univ_motto_logo.png?utm_source=commons.wikimedia.org&utm_campaign=imageinfo&utm_content=original,"wikipedia:Franciscan University of Steubenville",,,,,6.5,45.71
Franklin,mens-soccer,"NCAA D3",HCAC,Grizzlies,1,,#000080,#CFB53B,https://upload.wikimedia.org/wikipedia/commons/3/32/Franklin_pierce_university_logo.png?utm_source=commons.wikimedia.org&utm_campaign=imageinfo&utm_content=original,"wikipedia:Franklin College (Indiana)","corrected: had been matched to a different institution of a similar name; the school's own athletics domain implies ""Grizzlies""",,,,6.5,31.02
"Franklin & Marshall",mens-soccer,"NCAA D3",Centennial,Diplomats,1,"Ben and John",#0035AD,#73CFFF,https://upload.wikimedia.org/wikipedia/commons/8/82/Franklin_marshall_college_logo.svg?utm_source=commons.wikimedia.org&utm_campaign=imageinfo&utm_content=original,"wikipedia:Franklin & Marshall College",,,,,9.3,47.55
"Franklin Pierce",mens-soccer,"NCAA D2",Northeast-10,Ravens,1,"Rocky the Raven",#6F1931,#6D6E71,https://upload.wikimedia.org/wikipedia/commons/3/32/Franklin_pierce_university_logo.png?utm_source=commons.wikimedia.org&utm_campaign=imageinfo&utm_content=original,"wikipedia:Franklin Pierce University",,1,Northeast-10,https://bentleyfalcons.com/news/2025/11/15/mens-soccer-franklin-pierce-claims-ne10-title-over-bentley-4-1.aspx,5.4,69.96
Frederick,mens-soccer,NJCAA,MDJUCO,,,,,,,,"Cleared on audit: previous match (Frederick University) failed re-verification",,,,6.5,35.59
"Fredonia State",mens-soccer,"NCAA D3",SUNYAC,"Blue Devils",1,Freddy,#0033AB,#FFFFFF,https://upload.wikimedia.org/wikipedia/en/1/1a/SUNY_Fredonia_logo.svg?utm_source=en.wikipedia.org&utm_campaign=imageinfo&utm_content=original,"wikipedia:State University of New York at Fredonia",,,,,6.2,39.32
Freed-Hardeman,mens-soccer,NAIA,Mid-South,Lions,1,,#6f2d3d,#ffd700,,"wikipedia:Freed–Hardeman University",,,,,6.8,54.78
"Fresno Pacific",mens-soccer,"NCAA D2",PacWest,Sunbirds,1,Sunbird,,,https://upload.wikimedia.org/wikipedia/en/7/71/Fresno_pacific_log.png?utm_source=en.wikipedia.org&utm_campaign=imageinfo&utm_content=original,"wikipedia:Fresno Pacific University",,,,,5.4,49.13
Friends,mens-soccer,NAIA,KCAC,Falcons,1,"Freddy Falcon",,,https://upload.wikimedia.org/wikipedia/commons/2/27/Friends_univ_textlogo.png?utm_source=commons.wikimedia.org&utm_campaign=imageinfo&utm_content=original,"wikipedia:Friends University",,,,,5.6,44.75
"Front Range",mens-soccer,NJCAA,RMJCAA,,,Wolves,,,,"wikipedia:Front Range Community College",,,,,6.8,
"Frostburg State",mens-soccer,"NCAA D2",ECAC,Bobcats,1,"Bob Cat",#f00,#000,https://upload.wikimedia.org/wikipedia/commons/e/e2/Frostburg_state_univ_textlogo.svg?utm_source=commons.wikimedia.org&utm_campaign=imageinfo&utm_content=original,"wikipedia:Frostburg State University",,,,,5.3,53.41
Furman,mens-soccer,"NCAA D1","Southern Conference",Paladins,1,Paladin,#582C83,#FFFFFF,https://upload.wikimedia.org/wikipedia/en/3/34/Furman_Logo.png?utm_source=en.wikipedia.org&utm_campaign=imageinfo&utm_content=original,"wikipedia:Furman University",,1,SoCon,"wikipedia:2025 NCAA Division I men's soccer tournament",8.2,83.6
"Gadsden State",mens-soccer,NJCAA,ACCC,Cardinals,1,"Swoop the Cardinal",#BA122B,#000000,https://upload.wikimedia.org/wikipedia/commons/3/37/Gadsden_st_cc_logo.png?utm_source=commons.wikimedia.org&utm_campaign=imageinfo&utm_content=original,"wikipedia:Gadsden State Community College",,,,,5.8,
Gallaudet,mens-soccer,"NCAA D3",CSAC,Bison,0,"Gally the Bison",,,https://upload.wikimedia.org/wikipedia/commons/9/9f/Gallaudet_University_logo.svg?utm_source=commons.wikimedia.org&utm_campaign=imageinfo&utm_content=original,"wikipedia:Gallaudet University",,,,,6.5,27.9
Gannon,mens-soccer,"NCAA D2",GLIAC,"Golden Knights",1,"Victor E. Knight",#993333,#F9CF62,https://upload.wikimedia.org/wikipedia/commons/4/49/Gannon_university_logo.png?utm_source=commons.wikimedia.org&utm_campaign=imageinfo&utm_content=original,"wikipedia:Gannon University",,1,PSAC,https://gannonsports.com/news/2025/11/16/mens-soccer-no-14-mens-soccer-claims-first-psac-title-in-program-history.aspx,6.2,68.13
"Garden City Community",mens-soccer,NJCAA,KJCCC,Broncbusters,1,,,,,"wikipedia:Garden City Community College",,,,,6.0,29.81
Gardner-Webb,mens-soccer,"NCAA D1","Big South Conference","Runnin' Bulldogs",1,"Mac and Lulu (costumed bulldogs) and Bo is the Live mascot",#A6192E,#231F20,https://upload.wikimedia.org/wikipedia/en/a/a9/Gardner-Webb_University_logo.svg?utm_source=en.wikipedia.org&utm_campaign=imageinfo&utm_content=original,"wikipedia:Gardner–Webb University",,,,,4.7,82.24
Garrett,mens-soccer,NJCAA,MDJUCO,,,,,,,,"No usable Wikipedia infobox found for this name",,,,5.8,
"Genesee Community",mens-soccer,NJCAA,GNYAC,Cougars,1,G-Dub,#0069AA,#DEB408,https://upload.wikimedia.org/wikipedia/en/d/de/Genesee_Community_College_Cougars_logo.gif?utm_source=en.wikipedia.org&utm_campaign=imageinfo&utm_content=original,"wikipedia:Genesee Community College",,,,,6.0,26.73
Geneva,mens-soccer,"NCAA D3",PAC,"Golden Tornadoes",1,"Turbo the Tornado",#C99A2C,#353535,https://upload.wikimedia.org/wikipedia/en/a/ab/Geneva_College_logo.svg?utm_source=en.wikipedia.org&utm_campaign=imageinfo&utm_content=original,"wikipedia:Geneva College","copied from this school's other-sport row (Geneva College); the article ""Geneva College"" names this institution",,,,6.5,43.93
"George C. Wallace",mens-soccer,NJCAA,ACCC,,,,,,,,"Cleared on audit: previous match (Wallace State Community College) failed re-verification",,,,5.8,
"George Fox",mens-soccer,"NCAA D3",NWC,Bruins,1,,,,https://upload.wikimedia.org/wikipedia/commons/4/4c/George_fox_univ_fulllogo.png?utm_source=commons.wikimedia.org&utm_campaign=imageinfo&utm_content=original,"wikipedia:George Fox University",,,,,6.5,39.44
"George Mason",mens-soccer,"NCAA D1","Atlantic 10 Conference",Patriots,1,"The Patriot",#006633,#FFCC33,https://upload.wikimedia.org/wikipedia/en/3/38/George_Mason_University_Logo_2024.png?utm_source=en.wikipedia.org&utm_campaign=imageinfo&utm_content=original,"wikipedia:George Mason University",,,,,7.0,76.27
"George Washington",mens-soccer,"NCAA D1","Atlantic 10 Conference",Revolutionaries,1,George,#AA9868,#033C5A,https://upload.wikimedia.org/wikipedia/commons/d/da/George_Washington_University_wordmark.svg?utm_source=commons.wikimedia.org&utm_campaign=imageinfo&utm_content=original,"wikipedia:George Washington University",,,,,8.4,63.25
Georgetown,mens-soccer,"NCAA D1","Big East Conference",Hoyas,1,"Jack the Bulldog",#041E42,#63666A,,"wikipedia:Georgetown University",,1,"Big East","wikipedia:2025 NCAA Division I men's soccer tournament",9.3,93.24
"Georgetown (KY)",mens-soccer,NAIA,"Mid-South Conference",Tigers,1,,#ff6600,,https://upload.wikimedia.org/wikipedia/commons/d/d8/Georgetown_college_ky_logo.png?utm_source=commons.wikimedia.org&utm_campaign=imageinfo&utm_content=original,"wikipedia:Georgetown College",,,,,6.5,48.5
"Georgia Gwinnett College",mens-soccer,NAIA,"Continental Athletic Conference",Grizzlies,1,"""General""",#006952,#a5acb0,https://upload.wikimedia.org/wikipedia/en/e/e3/Georgia_Gwinnett_College_logo.png?utm_source=en.wikipedia.org&utm_campaign=imageinfo&utm_content=original,"wikipedia:Georgia Gwinnett College","copied from this school's other-sport row (Georgia Gwinnett College); the article ""Georgia Gwinnett College"" names this institution",,,,,60.11
"Georgia Highlands",mens-soccer,NJCAA,GCAA,Chargers,1,Bolt,#000066,,https://upload.wikimedia.org/wikipedia/commons/1/1f/Georgia_Highlands_College_wordmark.png?utm_source=commons.wikimedia.org&utm_campaign=imageinfo&utm_content=original,"wikipedia:Georgia Highlands College",,,,,5.8,
"Georgia Military",mens-soccer,NJCAA,GCAA,,,,#C8102E,#000000,https://upload.wikimedia.org/wikipedia/commons/3/38/Georgia_Military_College_logo.png?utm_source=commons.wikimedia.org&utm_campaign=imageinfo&utm_content=original,"wikipedia:Georgia Military College",,1,GCAA,https://www.instagram.com/gmcmenssoccer/,5.8,35.88
"Georgia Northwestern",mens-soccer,NJCAA,GCAA,,,Bobcat,,,,"wikipedia:Georgia Northwestern Technical College",,,,,5.8,
"Georgia Piedmont",mens-soccer,NJCAA,GCAA,,,,,,,"wikipedia:Georgia Piedmont Technical College","No usable Wikipedia infobox found for this name",,,,5.8,
"Georgia Southern",mens-soccer,"NCAA D1","Sun Belt Conference",Eagles,1,,,,https://upload.wikimedia.org/wikipedia/en/2/2d/Georgia_Southern_University_logo.svg?utm_source=en.wikipedia.org&utm_campaign=imageinfo&utm_content=original,"wikipedia:Georgia Southern University",,,,,5.5,73.61
"Georgia Southwestern",mens-soccer,"NCAA D2","Peach Belt",Hurricanes,1,"""Surge""",#00205b,#c69214,,"wikipedia:Georgia Southwestern State University",,,,,5.4,48.73
"Georgia State",mens-soccer,"NCAA D1","Sun Belt Conference",Panthers,1,"Pounce the Blue Panther",,,https://upload.wikimedia.org/wikipedia/commons/6/6c/Georgia_State_University_Logo.svg?utm_source=commons.wikimedia.org&utm_campaign=imageinfo&utm_content=original,"wikipedia:Georgia State University",,,,,6.1,70.8
"Georgian Court",mens-soccer,"NCAA D2",CACC,Lions,1,"Roary the Lion",,,https://upload.wikimedia.org/wikipedia/commons/d/d2/Georgian_court_univ_logo.png?utm_source=commons.wikimedia.org&utm_campaign=imageinfo&utm_content=original,"wikipedia:Georgian Court University",,,,,5.4,52.75
Gettysburg,mens-soccer,"NCAA D3",Centennial,Bullets,1,,#23336E,,https://upload.wikimedia.org/wikipedia/commons/4/4a/Gettysburg_College_Logo.svg?utm_source=commons.wikimedia.org&utm_campaign=imageinfo&utm_content=original,"wikipedia:Gettysburg College",,,,,8.8,45.58
"Gloucester County",mens-soccer,NJCAA,GNYAC,,,,,,,,"Cleared on audit: previous match (Rowan College of South Jersey) failed re-verification",,,,6.0,
Goldey-Beacom,mens-soccer,"NCAA D2",CACC,Lightning,0,Strike,#00214C,#E7D565,https://upload.wikimedia.org/wikipedia/commons/7/78/Goldey_beacom_college_logo.png?utm_source=commons.wikimedia.org&utm_campaign=imageinfo&utm_content=original,"wikipedia:Goldey–Beacom College",,,,,5.4,45.4
Gonzaga,mens-soccer,"NCAA D1","Pac-12 Conference",Bulldogs,1,"Spike the Bulldog",#06274F,#FFFFFF,https://upload.wikimedia.org/wikipedia/en/6/65/Gonzaga_University_Logo.svg?utm_source=en.wikipedia.org&utm_campaign=imageinfo&utm_content=original,"wikipedia:Gonzaga University",,,,,8.4,66.97
Gordon,mens-soccer,"NCAA D3",CCC,,,,,,,,"Cleared on audit: previous match (Robert Gordon University) failed re-verification",,,,6.5,41.87
Goshen,mens-soccer,NAIA,CCAC,"Maple Leafs",1,"Black squirrel (Dash)",#49176d,,,"wikipedia:Goshen College",,,,,6.5,41.79
Goucher,mens-soccer,"NCAA D3",LANDMARK,Gophers,1,Rowdy,#00214C,#E7D565,https://upload.wikimedia.org/wikipedia/commons/6/64/Goucher_College_Wordmark.svg?utm_source=commons.wikimedia.org&utm_campaign=imageinfo&utm_content=original,"wikipedia:Goucher College",,,,,6.5,41.85
"Governors State University",mens-soccer,NAIA,"Chicagoland Collegiate Athletic Conference",Jaguars,1,"Jax the Jaguar",#e97726,#231f20,,"wikipedia:Governors State University","copied from this school's other-sport row (Governors State University); the article ""Governors State University"" names this institution",,,,,43.41
Grace,mens-soccer,NAIA,CCAC,Lancers,1,,#a6101b,,,"wikipedia:Grace College & Seminary","corrected from this school's women's row: had been matched to a different institution of a similar name (wikipedia:Grace College & Seminary)",,,,5.6,55.77
"Grace Christian",mens-soccer,"NCAA D3",NEAC,Tigers,1,Tigers,,,,athletics-domain:gracetigers.com,"nickname recovered from the school's own athletics hostname; its Wikipedia article states none. Confirmed by that site's title (""Refreshing Grace Athletics - The Official Site of the Grace Christian University"").",,,,5.7,43.71
"Grand Canyon",mens-soccer,"NCAA D1","Mountain West Conference",Antelopes,1,"Thunder the Antelope",,,https://upload.wikimedia.org/wikipedia/commons/3/34/Grand_Canyon_University_%28Redesigned%29.svg?utm_source=commons.wikimedia.org&utm_campaign=imageinfo&utm_content=original,"wikipedia:Grand Canyon University",,1,WAC,"wikipedia:2025 NCAA Division I men's soccer tournament",6.0,77.04
"Grand Rapids Community",mens-soccer,NJCAA,MCCAA,"GRCC Raiders",1,"The River Raider",,,https://upload.wikimedia.org/wikipedia/commons/8/85/Grand_Rapids_Community_College_logo.svg?utm_source=commons.wikimedia.org&utm_campaign=imageinfo&utm_content=original,"wikipedia:Grand Rapids Community College",,,,,6.8,34.28
"Grand View",mens-soccer,NAIA,HAAC,Vikings,1,"Viktor the Viking",#d21b36,,,"wikipedia:Grand View University",,,,,5.6,59.58
"Green Bay",mens-soccer,"NCAA D1","Horizon League",Phoenix,0,"Phlash the Phoenix",#0F5640,#FFFFFF,https://upload.wikimedia.org/wikipedia/en/0/00/UW-Green_Bay_Logo_2018.svg?utm_source=en.wikipedia.org&utm_campaign=imageinfo&utm_content=original,"wikipedia:University of Wisconsin–Green Bay",,,,,5.0,79.38
Greensboro,mens-soccer,"NCAA D3",ODAC,Spartans,1,"""Spiro"" the Spartan",#FFCC00,#FFFFFF,https://upload.wikimedia.org/wikipedia/en/f/f1/University_of_North_Carolina_at_Greensboro_logo.svg?utm_source=en.wikipedia.org&utm_campaign=imageinfo&utm_content=original,"wikipedia:University of North Carolina at Greensboro",,,,,6.5,34.29
Greenville,mens-soccer,"NCAA D3",SLIAC,Panthers,1,"Hoguey Panther",,,https://upload.wikimedia.org/wikipedia/commons/5/59/Greenville_univ_textlogo.png?utm_source=commons.wikimedia.org&utm_campaign=imageinfo&utm_content=original,"wikipedia:Greenville University",,,,,5.6,41.54
Grinnell,mens-soccer,"NCAA D3",MWC-D3,Pioneers,1,"Squirrel (unofficial)",,,https://upload.wikimedia.org/wikipedia/commons/e/e4/Grinnell_College_logo.svg?utm_source=commons.wikimedia.org&utm_campaign=imageinfo&utm_content=original,"wikipedia:Grinnell College",,,,,10.0,41.03
"Grove City",mens-soccer,"NCAA D3",PAC,Wolverines,1,"Willie the Wolverine",,,https://upload.wikimedia.org/wikipedia/commons/7/7a/Grove_city_college_penn_logo.png?utm_source=commons.wikimedia.org&utm_campaign=imageinfo&utm_content=original,"wikipedia:Grove City College",,1,PAC,https://pacathletics.org/news/2025/11/8/2025-all-pac-mens-soccer-teams-major-awards-released.aspx,8.8,48.51
Guilford,mens-soccer,"NCAA D3",ODAC,Quakers,1,"Nathan the Quaker",,,https://upload.wikimedia.org/wikipedia/commons/f/fa/Guilford_college_logo.png?utm_source=commons.wikimedia.org&utm_campaign=imageinfo&utm_content=original,"wikipedia:Guilford College",,,,,6.5,32.47
"Gustavus Adolphus",mens-soccer,"NCAA D3",MIAC,"Golden Gusties",1,"Gus the Lion",#000000,#FFD700,https://upload.wikimedia.org/wikipedia/commons/e/e6/Gustavus_adolphus_college_minn_logo.png?utm_source=commons.wikimedia.org&utm_campaign=imageinfo&utm_content=original,"wikipedia:Gustavus Adolphus College",,,,,8.0,54.98
"Gwynedd Mercy",mens-soccer,"NCAA D3",CSAC,Griffins,1,M.E.R.V,#C1131E,#B28A00,https://upload.wikimedia.org/wikipedia/commons/9/97/Gmercy_u_logo.png?utm_source=commons.wikimedia.org&utm_campaign=imageinfo&utm_content=original,"wikipedia:Gwynedd Mercy University",,,,,6.5,33.44
Hagerstown,mens-soccer,NJCAA,MDJUCO,,,Hawks,,,https://upload.wikimedia.org/wikipedia/en/2/28/Usmh-logo.png?utm_source=en.wikipedia.org&utm_campaign=imageinfo&utm_content=original,"wikipedia:Hagerstown Community College",,,,,5.8,28.71
Hamilton,mens-soccer,"NCAA D3","Liberty League",Continentals,1,Alex,#002F86,#D6BA8B,https://upload.wikimedia.org/wikipedia/commons/3/35/Hamilton_College_logo.svg?utm_source=commons.wikimedia.org&utm_campaign=imageinfo&utm_content=original,"wikipedia:Hamilton College","corrected from this school's women's row: had been matched to a different institution of a similar name (wikipedia:Hamilton College)",,,,10.0,46.79
Hamline,mens-soccer,"NCAA D3",MIAC,Pipers,1,"The Piper",,,,"wikipedia:Hamline University",,,,,6.5,47.36
Hampden-Sydney,mens-soccer,"NCAA D3",ODAC,Tigers,1,,,,https://upload.wikimedia.org/wikipedia/commons/3/3a/Hampsydney_college_wmark.png?utm_source=commons.wikimedia.org&utm_campaign=imageinfo&utm_content=original,"wikipedia:Hampden–Sydney College",,,,,6.5,45.2
Hannibal-LaGrange,mens-soccer,NAIA,AMC,Trojans,1,Trojan,,,,"wikipedia:Hannibal–LaGrange University",,,,,5.6,44.99
Hanover,mens-soccer,"NCAA D3",HCAC,Panthers,1,Panther,#990000,#02324f,https://upload.wikimedia.org/wikipedia/commons/c/c7/Hanover_college_indiana_logo.svg?utm_source=commons.wikimedia.org&utm_campaign=imageinfo&utm_content=original,"wikipedia:Hanover College",,,,,6.5,51.17
Hardin-Simmons,mens-soccer,"NCAA D3",ASC,,,Cowboy/Cowgirl,#581483,#ad841f,https://upload.wikimedia.org/wikipedia/commons/2/2a/Hardin_simmons_univ_textlogo.png?utm_source=commons.wikimedia.org&utm_campaign=imageinfo&utm_content=original,"wikipedia:Hardin–Simmons University",,1,ASC,https://ascsports.org/news/2025/11/9/hardin-simmons-wins-2025-asc-mens-soccer-championship-with-penalty-kicks.aspx,6.5,41.3
Harding,mens-soccer,"NCAA D2",GAC,Bisons,1,,#000000,#EEB111,,"wikipedia:Harding University",,,,,6.8,43.93
"Harford County",mens-soccer,NJCAA,MDJUCO,,,,,,,,"Cleared on audit: previous match (Harford Community College) failed re-verification",,,,6.0,36.18
Harper,mens-soccer,NJCAA,GRAC,Hawks,1,,,,,athletics-domain:harperhawks.net,"nickname recovered from the school's own athletics hostname; its Wikipedia article states none. Confirmed by that site's title (""Harper College Athletics - Official Athletics Website"").",,,,7.0,25.75
"Harris-Stowe State University",mens-soccer,NAIA,"American Midwest Conference",Hornets,1,,,,https://upload.wikimedia.org/wikipedia/commons/3/36/Harris%E2%80%93Stowe_State_University_logo.png?utm_source=commons.wikimedia.org&utm_campaign=imageinfo&utm_content=original,"wikipedia:Harris–Stowe State University","copied from this school's other-sport row (Harris-Stowe State University); the article ""Harris–Stowe State University"" names this institution",,,,,51.1
Hartford,mens-soccer,"NCAA D1",,,,,,,,,"Added for coaching-contact coverage; soccer_score/academic_rating are placeholders",,,,6.0,55.0
Hartwick,mens-soccer,"NCAA D3","Liberty League",Hawks,1,Swoop,#1560BD,#FFFFFF,,"wikipedia:Hartwick College",,,,,6.5,39.16
Harvard,mens-soccer,"NCAA D1","Ivy League",Crimson,0,"John Harvard",,,https://upload.wikimedia.org/wikipedia/commons/7/70/Harvard_University_logo.svg?utm_source=commons.wikimedia.org&utm_campaign=imageinfo&utm_content=original,"wikipedia:Harvard University",,,,,10.0,72.9
Hastings,mens-soccer,NAIA,GPAC,Broncos,1,,,,,"wikipedia:Hastings College",,,,,5.6,50.8
Haverford,mens-soccer,"NCAA D3",Centennial,Fords,1,"Black Squirrel",#981E32,,https://upload.wikimedia.org/wikipedia/en/4/41/Haverford_College_logo.svg?utm_source=en.wikipedia.org&utm_campaign=imageinfo&utm_content=original,"wikipedia:Haverford College",,,,,10.0,43.8
"Hawaii Hilo",mens-soccer,"NCAA D2",PacWest,Vulcans,1,Vulcan,#DA291C,#000000,,"wikipedia:University of Hawaiʻi at Hilo","Cleared on audit: previous match (University of Hawaiʻi at Hilo) failed re-verification",,,,5.4,56.27
"Hawaii Pacific",mens-soccer,"NCAA D2",PacWest,Sharks,1,"Sharky the Shark",#007298,#50748A,https://upload.wikimedia.org/wikipedia/commons/9/9b/Hawaii_pacific_univ_logo.png?utm_source=commons.wikimedia.org&utm_campaign=imageinfo&utm_content=original,"wikipedia:Hawaii Pacific University",,,,,5.4,48.53
Hawkeye,mens-soccer,NJCAA,ICCAC,,,,,,,,"No usable Wikipedia infobox found for this name",,,,6.8,26.32
Heidelberg,mens-soccer,"NCAA D3",OAC,,,"The Student Prince",,,https://upload.wikimedia.org/wikipedia/en/b/bb/Heidelberg_University_%28Ohio%29_logo.svg?utm_source=en.wikipedia.org&utm_campaign=imageinfo&utm_content=original,"wikipedia:Heidelberg University (Ohio)",,,,,6.5,27.69
Hendrix,mens-soccer,"NCAA D3",ASC,"The Warriors",1,"Altus the Warrior",,,https://upload.wikimedia.org/wikipedia/commons/8/8b/Hendrix_college_arkansas_logo.svg?utm_source=commons.wikimedia.org&utm_campaign=imageinfo&utm_content=original,"wikipedia:Hendrix College",,,,,6.5,39.94
"Hesston College",mens-soccer,NAIA,"Continental Athletic Conference",Larks,1,,#862633,#F2A900,https://upload.wikimedia.org/wikipedia/commons/d/d2/Hesston_College_Nameplate.png?utm_source=commons.wikimedia.org&utm_campaign=imageinfo&utm_content=original,"wikipedia:Hesston College","copied from this school's other-sport row (Hesston College); the article ""Hesston College"" names this institution",,,,,50.54
"High Point",mens-soccer,"NCAA D1","Big South Conference",Panthers,1,"Prowler the Panther",,,https://upload.wikimedia.org/wikipedia/en/1/10/High_Point_University_logo.png?utm_source=en.wikipedia.org&utm_campaign=imageinfo&utm_content=original,"wikipedia:High Point University",,1,"Big South","wikipedia:2025 NCAA Division I men's soccer tournament",6.3,86.09
Highland,mens-soccer,NJCAA,KJCCC,Scotties,1,Scottie,,,,"wikipedia:Highland Community College (Kansas)",,,,,5.8,
Hilbert,mens-soccer,"NCAA D3",AMCC,Hawks,1,"Bert the Hawk",#0071CE,#FFC629,https://upload.wikimedia.org/wikipedia/commons/f/f9/Hilbert_college_textlogo.png?utm_source=commons.wikimedia.org&utm_campaign=imageinfo&utm_content=original,"wikipedia:Hilbert College","copied from this school's other-sport row (Hilbert College); the article ""Hilbert College"" names this institution",,,,6.5,35.69
Hillsborough,mens-soccer,NJCAA,FCSAA,Hawks,1,,,,,"wikipedia:Hillsborough College",,,,,6.8,35.58
Hiram,mens-soccer,"NCAA D3",PAC,Terriers,1,,#032138,#7badd3,https://upload.wikimedia.org/wikipedia/commons/4/42/Hiram_college_ohio_logo.png?utm_source=commons.wikimedia.org&utm_campaign=imageinfo&utm_content=original,"wikipedia:Hiram College",,,,,6.5,34.05
"Hobart & William Smith",mens-soccer,"NCAA D3","Liberty League",Statesmen,1,,#FF6418,#472663,https://upload.wikimedia.org/wikipedia/en/0/02/Hobart_and_William_Smith_Colleges_shields_logo.png?utm_source=en.wikipedia.org&utm_campaign=imageinfo&utm_content=original,"wikipedia:Hobart and William Smith Colleges",,1,"Liberty League",https://libertyleagueathletics.com/news/2025/11/11/liberty-league-unveils-2025-mens-soccer-accolades-vassars-fiske-named-player-of-the-year.aspx,8.8,45.89
Hocking,mens-soccer,NJCAA,OHSJCC,Hawks,1,,#FCA311,#009E49,https://upload.wikimedia.org/wikipedia/en/1/15/Hocking_College.png?utm_source=en.wikipedia.org&utm_campaign=imageinfo&utm_content=original,"wikipedia:Hocking College",,,,,5.8,26.46
Hofstra,mens-soccer,"NCAA D1","Coastal Athletic Association",Pride,0,"Kate & Willie Pride",,,https://upload.wikimedia.org/wikipedia/commons/f/f5/Hofstra_University_logo_wide.svg?utm_source=commons.wikimedia.org&utm_campaign=imageinfo&utm_content=original,"wikipedia:Hofstra University",,,,,7.0,87.44
Holmes,mens-soccer,NJCAA,MACJC,,,,,,,,"No usable Wikipedia infobox found for this name",,,,5.8,24.43
"Holy Cross",mens-soccer,"NCAA D1","Patriot League",Crusaders,1,,,,https://upload.wikimedia.org/wikipedia/en/f/f9/College_of_the_Holy_Cross_logo.svg?utm_source=en.wikipedia.org&utm_campaign=imageinfo&utm_content=original,"wikipedia:College of the Holy Cross",,,,,8.5,66.63
"Holy Cross College",mens-soccer,NAIA,"Chicagoland Collegiate Athletic Conference",Crusaders,1,,,,https://upload.wikimedia.org/wikipedia/en/f/f9/College_of_the_Holy_Cross_logo.svg?utm_source=en.wikipedia.org&utm_campaign=imageinfo&utm_content=original,"wikipedia:College of the Holy Cross","copied from this school's other-sport row (Holy Cross College); the article ""College of the Holy Cross"" names this institution",,,,,50.68
"Holy Family",mens-soccer,"NCAA D2",CACC,Tigers,1,"Blue the Tiger",#004c97,#00a3e0,,"wikipedia:Holy Family University",,,,,5.4,53.8
Holyoke,mens-soccer,NJCAA,MVAL,Lyons,1,,,,https://upload.wikimedia.org/wikipedia/commons/8/8b/Mount_Holyoke_College_logo.svg?utm_source=commons.wikimedia.org&utm_campaign=imageinfo&utm_content=original,"wikipedia:Mount Holyoke College",,,,,5.8,24.83
Hood,mens-soccer,"NCAA D3",Centennial,Blazers,1,Blaze,#005994,#b8afa3,https://upload.wikimedia.org/wikipedia/commons/e/e4/Hood_college_md_logo.png?utm_source=commons.wikimedia.org&utm_campaign=imageinfo&utm_content=original,"wikipedia:Hood College","copied from this school's other-sport row (Hood College); the article ""Hood College"" names this institution",,,,6.5,36.36
Hope,mens-soccer,"NCAA D3",MIAA-D3,"Flying Dutchmen",1,Dutch,,,https://upload.wikimedia.org/wikipedia/en/5/58/Hope_College_wordmark.svg?utm_source=en.wikipedia.org&utm_campaign=imageinfo&utm_content=original,"wikipedia:Hope College","men's form; Hope College's women are the Flying Dutch and its men the Flying Dutchmen",,,,8.5,47.07
"Hope International University",mens-soccer,NAIA,"Golden State Athletic Conference",Royals,1,Royals,#283794,#d1d2d4,,athletics-domain:hiuroyals.com,"copied from this school's other row (Hope International University), same division; that row's nickname was recovered from the school's own athletics site",,,,,55.93
Houghton,mens-soccer,"NCAA D3","Empire 8",Highlanders,1,,#1f145d,#b4a76c,https://upload.wikimedia.org/wikipedia/commons/b/b5/Houghton_univ_logotype.png?utm_source=commons.wikimedia.org&utm_campaign=imageinfo&utm_content=original,"wikipedia:Houghton University",,,,,6.5,32.86
"Houston Christian",mens-soccer,"NCAA D1","Ohio Valley Conference",Huskies,1,"Wakiza III (Live), Mingo (Animated)",#273A80,#F05123,https://upload.wikimedia.org/wikipedia/en/2/23/Houston_Christian_University_primary_logo.svg?utm_source=en.wikipedia.org&utm_campaign=imageinfo&utm_content=original,"wikipedia:Houston Christian University",,,,,3.8,70.46
Howard,mens-soccer,"NCAA D1",NEC,Bison,0,Bison,#003A63,#E51937,https://upload.wikimedia.org/wikipedia/en/2/21/Howard_University_logo.svg?utm_source=en.wikipedia.org&utm_campaign=imageinfo&utm_content=original,"wikipedia:Howard University",,,,,6.8,58.64
"Howard Community",mens-soccer,NJCAA,MDJUCO,Dragons,1,Dragon,,,https://upload.wikimedia.org/wikipedia/en/c/c0/Howard_Community_College_Logo_2024.png?utm_source=en.wikipedia.org&utm_campaign=imageinfo&utm_content=original,athletics-domain:howardccdragons.com,"nickname recovered from the school's own athletics hostname; its Wikipedia article states none. Confirmed by that site's title (""Golf Tournament - Howard Community College Athletics - Official Athletics Websit"").",1,MDJUCO,https://howardccdragons.com/news/2026/1/26/mens-soccer-six-dragons-represent-to-earn-all-md-juco-honors.aspx,7.0,36.25
"Howard Payne",mens-soccer,"NCAA D3",ASC,"Yellow Jackets",1,,#003976,#FFD046,,"wikipedia:Howard Payne University",,,,,6.5,29.8
"Hudson Valley",mens-soccer,NJCAA,GNYAC,Vikings,1,"Victor the Viking",#00492C,,,"wikipedia:Hudson Valley Community College",,,,,6.0,28.49
Huntingdon,mens-soccer,"NCAA D3",SAA,Hawks,1,Hawks,,,https://upload.wikimedia.org/wikipedia/commons/c/c3/Huntingdon_college_logo.png?utm_source=commons.wikimedia.org&utm_campaign=imageinfo&utm_content=original,athletics-domain:huntingdonhawks.com,"nickname recovered from the school's own athletics hostname; its Wikipedia article states none. Confirmed by that site's title (""Huntingdon College"").",,,,6.5,30.96
Husson,mens-soccer,"NCAA D3",NAC,Eagles,1,Baldwin,#004C45,#A89968,https://upload.wikimedia.org/wikipedia/commons/1/18/Husson_univ_logo.png?utm_source=commons.wikimedia.org&utm_campaign=imageinfo&utm_content=original,"wikipedia:Husson University",,,,,6.5,43.55
"Huston-Tillotson University",mens-soccer,NAIA,"HBCU Athletic Conference",Rams,1,,#762b27,#ffcb05,https://upload.wikimedia.org/wikipedia/en/d/d3/Huston-Tillotson_University_logo.png?utm_source=en.wikipedia.org&utm_campaign=imageinfo&utm_content=original,"wikipedia:Huston–Tillotson University","copied from this school's other-sport row (Huston-Tillotson University); the article ""Huston–Tillotson University"" names this institution",,,,,44.48
"IU Indy",mens-soccer,"NCAA D1","Horizon League",Jaguars,1,"Jawz, Jinx, and Jazzy",#fff,#7D110C,,"wikipedia:Indiana University Indianapolis",,,,,5.0,71.07
"Illinois College",mens-soccer,"NCAA D3",MWC-D3,Blueboys,1,Blueboy,,,https://upload.wikimedia.org/wikipedia/commons/2/2f/Illinois_college_bluelogo.png?utm_source=commons.wikimedia.org&utm_campaign=imageinfo&utm_content=original,"wikipedia:Illinois College",,,,,6.6,45.85
"Illinois Springfield",mens-soccer,"NCAA D2",GLVC,"Prairie Stars",1,Orion,#003366,#FFFFFF,https://upload.wikimedia.org/wikipedia/commons/1/1d/UIS_Wordmark.png?utm_source=commons.wikimedia.org&utm_campaign=imageinfo&utm_content=original,"wikipedia:University of Illinois Springfield",,,,,6.2,53.75
"Illinois Tech",mens-soccer,"NCAA D3",NACC,"Scarlet Hawks",1,"Talon the Hawk",#cc0000,#8c8984,https://upload.wikimedia.org/wikipedia/commons/9/9b/Illinois_tech_logo.png?utm_source=commons.wikimedia.org&utm_campaign=imageinfo&utm_content=original,"wikipedia:Illinois Institute of Technology",,,,,8.8,42.51
"Illinois Wesleyan",mens-soccer,"NCAA D3",CCIW,Titans,1,,#006633,#FFFFFF,https://upload.wikimedia.org/wikipedia/commons/1/1e/Illinois_wesleyan_univ_logo_horiz.png?utm_source=commons.wikimedia.org&utm_campaign=imageinfo&utm_content=original,"wikipedia:Illinois Wesleyan University",,1,CCIW,https://cciw.org/news/2025/11/8/illinois-wesleyan-earns-second-cciw-mens-soccer-crown.aspx,8.5,44.54
Immaculata,mens-soccer,"NCAA D3",CSAC,"The Mighty Macs",1,"Mac the Scottish Terrier",,,https://upload.wikimedia.org/wikipedia/en/6/6b/Immaculata_University_logo.png?utm_source=en.wikipedia.org&utm_campaign=imageinfo&utm_content=original,"wikipedia:Immaculata University",,,,,6.5,35.91
"Indian Hills",mens-soccer,NJCAA,ICCAC,,,"Warriors, Falcons (baseball)",,,,"wikipedia:Indian Hills Community College",,1,ICCAC,https://iccac.org/Conference_Champions/Men_Soccer_Champions_Archive,5.8,36.85
Indiana,mens-soccer,"NCAA D1","Big Ten Conference",Hoosiers,1,"Hoosier the Bison",#EDEBEB,#990000,https://upload.wikimedia.org/wikipedia/commons/7/7e/Indiana_University_logotype.svg?utm_source=commons.wikimedia.org&utm_campaign=imageinfo&utm_content=original,"wikipedia:Indiana University Bloomington",,,,,8.4,98.96
"Indiana Institute of Technology",mens-soccer,NAIA,WHAC,Warriors,1,"Maximus the Warrior",#fa4616,,,"wikipedia:Indiana Institute of Technology",,1,WHAC,https://www.whac.net/sports/msoc,5.7,59.61
"Indiana University Columbus",mens-soccer,NAIA,"River States Conference","Crimson Pride",0,Lion,#eceaea,#980000,,"wikipedia:Indiana University Columbus","copied from this school's other-sport row (Indiana University Columbus); the article ""Indiana University Columbus"" names this institution",,,,,45.08
"Indiana University Northwest",mens-soccer,NAIA,"Chicagoland Collegiate Athletic Conference",RedHawks,1,"Rufus the RedHawk",#eceaea,#980000,,"wikipedia:Indiana University Northwest","copied from this school's other-sport row (Indiana University Northwest); the article ""Indiana University Northwest"" names this institution",,,,,37.99
"Indiana Wesleyan",mens-soccer,NAIA,CCAC,Wildcats,1,"Wesley the Wildcat",#d21437,#666666,https://upload.wikimedia.org/wikipedia/commons/5/53/Masterlogo.png?utm_source=commons.wikimedia.org&utm_campaign=imageinfo&utm_content=original,"wikipedia:Indiana Wesleyan University",,,,,7.2,57.39
Indianapolis,mens-soccer,"NCAA D2",GLVC,Greyhounds,1,,#990033,#666666,https://upload.wikimedia.org/wikipedia/commons/a/ae/Uindy_logo_black_horiz.png?utm_source=commons.wikimedia.org&utm_campaign=imageinfo&utm_content=original,"wikipedia:University of Indianapolis",,,,,5.4,61.84
"Inter American (PR)",mens-soccer,"NCAA D2",,,,,,,,,"Added for coaching-contact coverage; soccer_score/academic_rating are placeholders",,,,6.0,48.0
Iona,mens-soccer,"NCAA D1","Metro Atlantic Athletic Conference",Gaels,1,Killian,#910026,#FDB913,,"wikipedia:Iona University",,,,,6.0,82.47
"Iowa Central",mens-soccer,NJCAA,ICCAC,Dutch,0,,#C40233,#FFFFFF,https://upload.wikimedia.org/wikipedia/commons/b/ba/Central_Logo_%28registered_TM%29.png?utm_source=commons.wikimedia.org&utm_campaign=imageinfo&utm_content=original,"wikipedia:Central College (Iowa)",,,,,5.8,32.73
"Iowa Lakes",mens-soccer,NJCAA,ICCAC,Lakers,1,"Captain Jack",,,,"wikipedia:Iowa Lakes Community College",,,,,5.8,39.26
"Iowa Wesleyan",mens-soccer,NAIA,HAAC,Tigers,1,"Wesley the Tiger",,,,"wikipedia:Iowa Wesleyan University",,,,,5.6,55.03
"Iowa Western",mens-soccer,NJCAA,ICCAC,Reivers,1,"Rocky The Reiver",,,https://upload.wikimedia.org/wikipedia/commons/4/4d/Iowa_Western_Community_College_logo.png?utm_source=commons.wikimedia.org&utm_campaign=imageinfo&utm_content=original,"wikipedia:Iowa Western Community College",,,,,6.8,41.12
Ithaca,mens-soccer,"NCAA D3","Liberty League",Bombers,1,,#003B71,#FFBB00,https://upload.wikimedia.org/wikipedia/commons/d/d5/Ithaca_College_logo.svg?utm_source=commons.wikimedia.org&utm_campaign=imageinfo&utm_content=original,"wikipedia:Ithaca College",,,,,8.2,40.2
"J. Sargeant Reynolds",mens-soccer,NJCAA,VCCAA,"Red Hawks",1,,#a31f36,#d8d7d6,https://upload.wikimedia.org/wikipedia/commons/6/69/Reynolds_Community_College.png?utm_source=commons.wikimedia.org&utm_campaign=imageinfo&utm_content=original,"wikipedia:J. Sargeant Reynolds Community College",,,,,5.8,
"Jackson College",mens-soccer,NJCAA,MCCAA,Jets,1,,#F0A817,#7D0044,,"wikipedia:Jackson College",,,,,5.8,24.33
Jacksonville,mens-soccer,"NCAA D1","Atlantic Sun Conference",Dolphins,1,Nellie,#004d40,,https://upload.wikimedia.org/wikipedia/commons/9/90/Jacksonville_University_wordmark.svg?utm_source=commons.wikimedia.org&utm_campaign=imageinfo&utm_content=original,"wikipedia:Jacksonville University",,,,,5.8,69.32
"James Madison",mens-soccer,"NCAA D1","Sun Belt Conference",Dukes,1,"Duke Dog",,,,"wikipedia:James Madison University",,,,,7.2,71.22
Jamestown,mens-soccer,"NCAA D2",NSIC,Jimmies,1,Jimmie,#f74902,,https://upload.wikimedia.org/wikipedia/commons/b/b9/UofJ_Logo_69-98%2Bk.jpg?utm_source=commons.wikimedia.org&utm_campaign=imageinfo&utm_content=original,"wikipedia:University of Jamestown",,,,,5.4,46.69
"Jefferson (NY)",mens-soccer,NJCAA,GNYAC,,,,,,,,"No usable Wikipedia infobox found for this name",,,,5.8,31.07
"Jefferson Davis",mens-soccer,NJCAA,ACCC,,,,,,,,"No usable Wikipedia infobox found for this name",,,,5.8,
Jessup,mens-soccer,"NCAA D2",PacWest,Warriors,1,,#0f2c47,#00addb,https://upload.wikimedia.org/wikipedia/commons/e/e6/Jessup_univ_full_logo.png?utm_source=commons.wikimedia.org&utm_campaign=imageinfo&utm_content=original,"wikipedia:Jessup University",,,,,5.4,45.38
"John Brown",mens-soccer,NAIA,Sooner,"Golden Eagles",1,,#174d83,#f8c925,,"wikipedia:John Brown University",,,,,7.5,56.81
"John Carroll",mens-soccer,"NCAA D3",OAC,"Blue Streaks",1,Lobo,,,https://upload.wikimedia.org/wikipedia/commons/5/53/Jcu_university_logo.png?utm_source=commons.wikimedia.org&utm_campaign=imageinfo&utm_content=original,"wikipedia:John Carroll University",,,,,8.0,45.09
"Johns Hopkins",mens-soccer,"NCAA D3",Centennial,"Blue Jays",1,"Blue Jay",#002D72,#68ACE5,https://upload.wikimedia.org/wikipedia/en/f/fb/Johns_Hopkins_University_logo.svg?utm_source=en.wikipedia.org&utm_campaign=imageinfo&utm_content=original,"wikipedia:Johns Hopkins University",,,,,10.0,50.91
"Johnson & Wales (Charlotte)",mens-soccer,"NCAA D3",SAA,Wildcats,1,"Wildcat Willie",#153683,#ffffff,https://upload.wikimedia.org/wikipedia/en/2/27/Johnson_%26_Wales_University_Logo.svg?utm_source=en.wikipedia.org&utm_campaign=imageinfo&utm_content=original,"wikipedia:Johnson & Wales University",,,,,6.5,45.48
"Johnson & Wales (Providence)",mens-soccer,"NCAA D3",CCC,Wildcats,1,"Wildcat Willie",#153683,#ffffff,https://upload.wikimedia.org/wikipedia/en/2/27/Johnson_%26_Wales_University_Logo.svg?utm_source=en.wikipedia.org&utm_campaign=imageinfo&utm_content=original,"wikipedia:Johnson & Wales University",,,,,6.5,48.38
"Johnson County Community",mens-soccer,NJCAA,KJCCC,Cavaliers,1,,,,,"wikipedia:Johnson County Community College",,,,,7.2,37.51
"Judson University",mens-soccer,NAIA,"Chicagoland Collegiate Athletic Conference",Eagles,1,Eagle,#192851,#b3934a,,"wikipedia:Judson University","copied from this school's other-sport row (Judson University); the article ""Judson University"" names this institution",,,,,52.96
Juniata,mens-soccer,"NCAA D3",Landmark,,,Eagles,#9e9165,#000,https://upload.wikimedia.org/wikipedia/en/e/ee/Juniata_College_logo.svg?utm_source=en.wikipedia.org&utm_campaign=imageinfo&utm_content=original,"wikipedia:Juniata College",,,,,8.0,43.72
Kalamazoo,mens-soccer,"NCAA D3",MIAA-D3,Hornets,1,Buzz,#e17000,,https://upload.wikimedia.org/wikipedia/commons/8/82/Kalamazoo_college_logo_stackleft.png?utm_source=commons.wikimedia.org&utm_campaign=imageinfo&utm_content=original,"wikipedia:Kalamazoo College",,,,,8.2,36.38
"Kalamazoo Valley",mens-soccer,NJCAA,MCCAA,Cougars,1,,,,,"wikipedia:Kalamazoo Valley Community College",,,,,6.5,
"Kankakee Community",mens-soccer,NJCAA,GRAC,Cavaliers,1,,#C60C46,#003768,,"wikipedia:Kankakee Community College",,,,,6.0,32.67
"Kansas City",mens-soccer,"NCAA D1","The Summit League",Roos,1,"Kasey the Kangaroo",#0066CC,#FFDD00,,"wikipedia:University of Missouri–Kansas City","corrected: had been matched to a different institution of a similar name; the school's own athletics domain implies ""Roos""",,,,5.8,74.65
"Kansas Wesleyan",mens-soccer,NAIA,KCAC,Coyotes,1,,,,https://upload.wikimedia.org/wikipedia/en/5/54/Kansas_Wesleyan_University_logo.svg?utm_source=en.wikipedia.org&utm_campaign=imageinfo&utm_content=original,"wikipedia:Kansas Wesleyan University",,,,,5.6,54.43
Kean,mens-soccer,"NCAA D3",NJAC,Cougars,1,"Keanu the Cougar",#15293F,#3CAFF1,https://upload.wikimedia.org/wikipedia/commons/c/c7/Kean_univ_textlogo.png?utm_source=commons.wikimedia.org&utm_campaign=imageinfo&utm_content=original,"wikipedia:Kean University",,,,,6.5,37.58
"Keene State",mens-soccer,"NCAA D3",LEC,Owls,1,"Hootie the Owl",#CE1126,#FFFFFF,https://upload.wikimedia.org/wikipedia/commons/b/b7/Keenestate_college_logo.png?utm_source=commons.wikimedia.org&utm_campaign=imageinfo&utm_content=original,"wikipedia:Keene State College",,,,,6.2,39.21
"Keiser University",mens-soccer,NAIA,"Sun Conference",Seahawks,1,"The Keiser Seahawk",#0b295e,#017bc4,https://upload.wikimedia.org/wikipedia/commons/3/31/Keiser_univ_textlogo.png?utm_source=commons.wikimedia.org&utm_campaign=imageinfo&utm_content=original,"wikipedia:Keiser University","copied from this school's other-sport row (Keiser University); the article ""Keiser University"" names this institution",,,,,66.0
"Kellogg Community",mens-soccer,NJCAA,MCCAA,,,Bruins,,,,"wikipedia:Kellogg Community College",,,,,6.0,
Kentucky,mens-soccer,"NCAA D1","Sun Belt Conference",Wildcats,1,,,,https://upload.wikimedia.org/wikipedia/commons/c/c4/University_of_Kentucky_logo.svg?utm_source=commons.wikimedia.org&utm_campaign=imageinfo&utm_content=original,"wikipedia:University of Kentucky",,,,,8.0,79.76
"Kentucky Christian",mens-soccer,NAIA,AMC,,,"Knights and Lady Knights",#de002c,,,"wikipedia:Kentucky Christian University",,,,,5.4,35.63
"Kentucky Wesleyan",mens-soccer,"NCAA D2",GLVC,Panthers,1,Panthers,,,https://upload.wikimedia.org/wikipedia/en/a/ae/Kentucky_Wesleyan_College_logo.png?utm_source=en.wikipedia.org&utm_campaign=imageinfo&utm_content=original,athletics-domain:kwcpanthers.com,"nickname recovered from the school's own athletics hostname; its Wikipedia article states none. Confirmed by that site's title (""Kentucky Wesleyan College Athletics - Official Athletics Website"").",,,,5.4,59.27
Kenyon,mens-soccer,"NCAA D3",NCAC,,,,,,https://upload.wikimedia.org/wikipedia/commons/9/90/Kenyon_logotype_purple.png?utm_source=commons.wikimedia.org&utm_campaign=imageinfo&utm_content=original,"wikipedia:Kenyon College",,,,,9.5,48.53
Keuka,mens-soccer,"NCAA D3",NEAC,Wolves,1,,,,https://upload.wikimedia.org/wikipedia/en/e/e7/Keuka_College_Logo-New.png?utm_source=en.wikipedia.org&utm_campaign=imageinfo&utm_content=original,"wikipedia:Keuka College",,,,,6.5,27.2
Keystone,mens-soccer,"NCAA D3",NEAC,Giants,1,,,,https://upload.wikimedia.org/wikipedia/commons/0/08/KCLogo.png?utm_source=commons.wikimedia.org&utm_campaign=imageinfo&utm_content=original,"wikipedia:Keystone College","copied from this school's other-sport row (Keystone College); the article ""Keystone College"" names this institution",,,,6.5,32.96
Kilgore,mens-soccer,NJCAA,WJCAC,Rangers,1,Rangers,#FFFFFF,,https://upload.wikimedia.org/wikipedia/en/b/b8/Kilgore_College.svg?utm_source=en.wikipedia.org&utm_campaign=imageinfo&utm_content=original,"wikipedia:Kilgore College",,,,,5.8,
"King (TN)",mens-soccer,"NCAA D2",SAC,"The Tornado",0,"Twister the Lion",#1a428a,#cf102d,,"wikipedia:King University",,,,,5.4,47.87
"King's (PA)",mens-soccer,"NCAA D3","MAC Freedom",Monarchs,1,"Leo the Lion",#AD1F2D,,https://upload.wikimedia.org/wikipedia/commons/e/e3/Kings_college_penn_textlogo.png?utm_source=commons.wikimedia.org&utm_campaign=imageinfo&utm_content=original,"wikipedia:King's College (Pennsylvania)",,,,,6.5,35.56
Kirkwood,mens-soccer,NJCAA,ICCAC,,,,,,,,"No usable Wikipedia infobox found for this name",,,,6.8,
Knox,mens-soccer,"NCAA D3",MWC-D3,,,,,,,,"No usable Wikipedia infobox found for this name",,,,7.8,40.2
LIU,mens-soccer,"NCAA D1",NEC,Sharks,1,,#69B3E7,#FFC72C,,"wikipedia:Long Island University",,,,,4.5,73.57
"LSU Alexandria",mens-soccer,NAIA,"Red River Athletic Conference",,,,,,,,,,,,,55.77
"LSU Shreveport",mens-soccer,NAIA,"Red River Athletic Conference",,,,,,,,,,,,,59.38
"La Roche",mens-soccer,"NCAA D3",AMCC,Redhawks,1,"Red Hawk",,,https://upload.wikimedia.org/wikipedia/commons/c/c7/La_roche_univ_logo.png?utm_source=commons.wikimedia.org&utm_campaign=imageinfo&utm_content=original,"wikipedia:La Roche University",,1,AMCC,https://mountieathletics.com/news/2025/11/8/mens-soccer-mount-aloysius-falls-short-in-amcc-championship-match.aspx,6.5,32.66
"La Salle",mens-soccer,"NCAA D1","Atlantic 10 Conference",Explorers,1,"The Explorer",,,,"wikipedia:La Salle University",,,,,6.0,69.64
"La Sierra University",mens-soccer,NAIA,"Great Southwest Athletic Conference","Golden Eagles",1,"Golden Eagle",#00355f,#ead666,https://upload.wikimedia.org/wikipedia/en/5/50/La_Sierra_University_logo.svg?utm_source=en.wikipedia.org&utm_campaign=imageinfo&utm_content=original,"wikipedia:La Sierra University","copied from this school's other-sport row (La Sierra University); the article ""La Sierra University"" names this institution",,,,,55.05
LaGrange,mens-soccer,"NCAA D3",SAA,Panthers,1,Trojan,,,,athletics-domain:lagrangepanthers.com,"nickname taken from the school's own athletics domain; neither the university nor the athletics Wikipedia article states one. Previous value belonged to a different institution of a similar name.",,,,6.5,38.95
Labette,mens-soccer,NJCAA,KJCCC,Cardinals,1,,#DF223A,,,"wikipedia:Labette Community College",,,,,5.2,
Lafayette,mens-soccer,"NCAA D1","Patriot League",Leopards,1,,#822433,,https://upload.wikimedia.org/wikipedia/en/6/6c/University_of_Louisiana_at_Lafayette_logo.svg?utm_source=en.wikipedia.org&utm_campaign=imageinfo&utm_content=original,"wikipedia:Lafayette College","corrected: had been matched to a different institution of a similar name; the school's own athletics domain implies ""Leopards""",1,Patriot,"wikipedia:2025 NCAA Division I men's soccer tournament",8.4,76.03
"Lake Erie",mens-soccer,"NCAA D2",GLIAC,Storm,0,"Stormy the Cyclone",#004833,,,"wikipedia:Lake Erie College",,,,,5.4,56.53
"Lake Forest",mens-soccer,"NCAA D3",MWC-D3,Foresters,1,"Boomer the Bear",,,,"wikipedia:Lake Forest College",,1,MWC-D3,https://midwestconference.org/news/2025/11/9/general-lake-forest-secures-fourth-mwc-tournament-title-in-a-row.aspx,8.2,46.52
"Lake Land",mens-soccer,NJCAA,GRAC,Lakers,1,"Laker Louie",#AF0000,#000000,,"wikipedia:Lake Land College",,,,,5.8,
Lakeland,mens-soccer,"NCAA D3",NACC,Muskies,1,Musko,#0c233f,#ffc62f,https://upload.wikimedia.org/wikipedia/commons/5/5e/Lakeland_univ_logo.png?utm_source=commons.wikimedia.org&utm_campaign=imageinfo&utm_content=original,"wikipedia:Lakeland University",,,,,6.5,34.53
"Lamar Institute",mens-soccer,NJCAA,MOVAL,,,,#003F77,#D81D05,https://upload.wikimedia.org/wikipedia/commons/1/12/Lamar_Institute_of_Technology_2020_Logo_Wordmark.png?utm_source=commons.wikimedia.org&utm_campaign=imageinfo&utm_content=original,"wikipedia:Lamar Institute of Technology",,,,,5.7,
"Lancaster Bible",mens-soccer,"NCAA D3",CSAC,Chargers,1,,#cc2647,#000000,https://upload.wikimedia.org/wikipedia/commons/d/d9/Lancaster_bible_college_logo25.png?utm_source=commons.wikimedia.org&utm_campaign=imageinfo&utm_content=original,"wikipedia:Lancaster Bible College",,,,,5.7,40.82
Lander,mens-soccer,"NCAA D2","Peach Belt",Bearcats,1,,,,https://upload.wikimedia.org/wikipedia/commons/2/2f/Lander_univ_textlogoooo.png?utm_source=commons.wikimedia.org&utm_campaign=imageinfo&utm_content=original,"wikipedia:Lander Bearcats","corrected: had been matched to a different institution of a similar name; the school's own athletics domain implies ""Bearcats""",,,,5.4,58.08
"Laramie County",mens-soccer,NJCAA,RMJCAA,"Golden Eagles",1,"Talon the Golden Eagle",#ffc001,#003278,,"wikipedia:Laramie County Community College",,,,,6.0,
Lasell,mens-soccer,"NCAA D3",CCC,Lasers,1,"Boomer the Torchbearer",#001D4E,#75B8E5,https://upload.wikimedia.org/wikipedia/commons/c/c2/Newton_Ma_Lasell_University_.png?utm_source=commons.wikimedia.org&utm_campaign=imageinfo&utm_content=original,"wikipedia:Lasell University",,,,,6.5,34.27
Lawrence,mens-soccer,"NCAA D3",MWC-D3,Vikings,1,,,,https://upload.wikimedia.org/wikipedia/en/2/24/Lawrence_University_of_Wisconsin_logo.svg?utm_source=en.wikipedia.org&utm_campaign=imageinfo&utm_content=original,"wikipedia:Lawrence University",,,,,8.8,40.86
"Lawrence Technological University",mens-soccer,NAIA,"Wolverine-Hoosier Athletic Conference","Blue Devils",1,"Blue, the Blue Devil",#005fb8,,https://upload.wikimedia.org/wikipedia/commons/4/41/Logo_of_Lawrence_Technological_University.svg?utm_source=commons.wikimedia.org&utm_campaign=imageinfo&utm_content=original,"wikipedia:Lawrence Technological University","copied from this school's other-sport row (Lawrence Technological University); the article ""Lawrence Technological University"" names this institution",,,,,49.44
"Le Moyne",mens-soccer,"NCAA D1",NEC,Dolphins,1,"Iggy the Dolphin",#CFB53B,,https://upload.wikimedia.org/wikipedia/commons/9/9c/Le_Moyne_College.svg?utm_source=commons.wikimedia.org&utm_campaign=imageinfo&utm_content=original,"wikipedia:Le Moyne College",,,,,5.3,65.51
LeTourneau,mens-soccer,"NCAA D3",ASC,"Yellow Jackets",1,"Buzz the YellowJacket",#001e69,#f8b435,https://upload.wikimedia.org/wikipedia/commons/f/fc/Letourneau_univ_textlogo.png?utm_source=commons.wikimedia.org&utm_campaign=imageinfo&utm_content=original,"wikipedia:LeTourneau University",,,,,6.5,39.12
"Lebanon Valley",mens-soccer,"NCAA D3","MAC Commonwealth","Flying Dutchmen",1,"Flying Dutchman",#00305C,#FFFFFF,https://upload.wikimedia.org/wikipedia/commons/e/e4/Lebanon_valley_college_penn_logo.png?utm_source=commons.wikimedia.org&utm_campaign=imageinfo&utm_content=original,"wikipedia:Lebanon Valley College",,,,,6.5,44.78
"Lee (TN)",mens-soccer,"NCAA D2",SAC,Flames,1,Flames,,,https://upload.wikimedia.org/wikipedia/commons/d/dd/Lee_university_tenn_logo.png?utm_source=commons.wikimedia.org&utm_campaign=imageinfo&utm_content=original,"wikipedia:Lee University",,,,,6.8,54.23
Lees-McRae,mens-soccer,"NCAA D2",SAC,Bobcats,1,"Wily the Bobcat",,,,"wikipedia:Lees–McRae College",,,,,5.4,53.35
Lehigh,mens-soccer,"NCAA D1","Patriot League","Mountain Hawks",1,"Clutch the Mountain Hawk",#663700,,https://upload.wikimedia.org/wikipedia/en/e/ef/LUwithShield-CMYK.svg?utm_source=en.wikipedia.org&utm_campaign=imageinfo&utm_content=original,"wikipedia:Lehigh University",,,,,8.6,70.44
Lenoir-Rhyne,mens-soccer,"NCAA D2",SAC,Bears,1,"Joe Bear",,,https://upload.wikimedia.org/wikipedia/commons/8/8c/Lenoir-Rhyne_University_logo.png?utm_source=commons.wikimedia.org&utm_campaign=imageinfo&utm_content=original,"wikipedia:Lenoir–Rhyne University",,,,,5.4,58.61
Lesley,mens-soccer,"NCAA D3",NECC,Lynx,0,,,,https://upload.wikimedia.org/wikipedia/commons/e/e0/Lesley_University_logo.svg?utm_source=commons.wikimedia.org&utm_campaign=imageinfo&utm_content=original,"wikipedia:Lesley University",,,,,6.5,30.77
Lewis,mens-soccer,"NCAA D2",GLVC,Flyers,1,,,,https://upload.wikimedia.org/wikipedia/commons/b/bf/Lewis_univ_logo.png?utm_source=commons.wikimedia.org&utm_campaign=imageinfo&utm_content=original,"wikipedia:Lewis University",,,,,5.4,59.48
"Lewis & Clark",mens-soccer,"NCAA D3",NWC,"River Otters",1,"River Otter",,,https://upload.wikimedia.org/wikipedia/commons/6/61/Lewis_clark_college_stacklogo.png?utm_source=commons.wikimedia.org&utm_campaign=imageinfo&utm_content=original,"wikipedia:Lewis & Clark College",,,,,8.5,25.0
"Lewis & Clark (ID)",mens-soccer,NJCAA,NWAACC,,,,,,,,"No usable Wikipedia infobox found for this name",,,,8.5,
Liberty,mens-soccer,"NCAA D1","Southern Conference",Flames,1,"Sparky the Eagle",,,,"wikipedia:Liberty University",,,,,6.0,76.03
"Life (GA)",mens-soccer,NAIA,AMC,"Running Eagles",1,,,,,athletics-domain:liferunningeagles.com,"nickname recovered from the school's own athletics hostname; its Wikipedia article states none. Confirmed by that site's title (""Life University Athletics - Official Athletics Website"").",,,,5.6,59.35
"Lincoln (MO)",mens-soccer,"NCAA D2",MIAA,,,,,,,,"No usable Wikipedia infobox found for this name",,,,4.6,60.22
"Lincoln Land",mens-soccer,NJCAA,GRAC,Loggers,1,Loggers,,,,athletics-domain:lincolnlandloggers.com,"nickname recovered from the school's own athletics hostname; its Wikipedia article states none. Confirmed by that site's title (""Lincoln Land Community College Athletics - Official Athletics Website"").",,,,5.8,23.52
"Lincoln Memorial",mens-soccer,"NCAA D2",SAC,Railsplitters,1,Abe,#002d72,#bfbab5,https://upload.wikimedia.org/wikipedia/commons/4/4c/Logo_of_LMU_2023.svg?utm_source=commons.wikimedia.org&utm_campaign=imageinfo&utm_content=original,"wikipedia:Lincoln Memorial University",,1,SAC,https://sac.prestosports.com/sports/msoc/2025-26/news,4.6,60.1
"Lincoln Trail",mens-soccer,NJCAA,GRAC,Statesmen,1,,#154734,#ffffff,,"wikipedia:Lincoln Trail College",,,,,5.8,25.8
Lindenwood,mens-soccer,"NCAA D1","Ohio Valley Conference",Lions,1,"Leo the Lion",,,https://upload.wikimedia.org/wikipedia/commons/c/c1/Lindenwood_University_logo.svg?utm_source=commons.wikimedia.org&utm_campaign=imageinfo&utm_content=original,"wikipedia:Lindenwood University",,1,"Ohio Valley","wikipedia:2025 NCAA Division I men's soccer tournament",4.2,74.39
"Lindsey Wilson",mens-soccer,NAIA,Mid-South,"Blue Raiders",1,"Blue Raider Bob",#0050a3,,,"wikipedia:Lindsey Wilson University",,,,,5.8,61.5
Linfield,mens-soccer,"NCAA D3",NWC,Wildcats,1,"Mack the Wildcat",#441166,#DD1144,,"wikipedia:Linfield University",,,,,7.8,31.39
Lipscomb,mens-soccer,"NCAA D1","Atlantic Sun Conference",Bisons,1,"Lou the Bison",#331E54,#F4AA00,https://upload.wikimedia.org/wikipedia/en/9/99/Lipscomb_Logo.svg?utm_source=en.wikipedia.org&utm_campaign=imageinfo&utm_content=original,"wikipedia:Lipscomb University",,,,,6.2,71.76
"Lone Star",mens-soccer,NJCAA,WJCAC,,,,#b30838,#003768,https://upload.wikimedia.org/wikipedia/commons/8/86/LSC_Vertical_Blue.png?utm_source=commons.wikimedia.org&utm_campaign=imageinfo&utm_content=original,"wikipedia:Lone Star College System","cleared: the infobox value 'LSCS' is the Lone Star College System abbreviation, not a team nickname",,,,6.8,28.28
Longwood,mens-soccer,"NCAA D1","Big South Conference",Lancers,1,Elwood,,,https://upload.wikimedia.org/wikipedia/en/1/15/Longwood_University_logo.svg?utm_source=en.wikipedia.org&utm_campaign=imageinfo&utm_content=original,"wikipedia:Longwood University",,,,,5.0,66.52
Loras,mens-soccer,"NCAA D3","Iowa Conference",Duhawks,1,Dewey,,,https://upload.wikimedia.org/wikipedia/commons/c/c0/Loras_College_wordmark.svg?utm_source=commons.wikimedia.org&utm_campaign=imageinfo&utm_content=original,"wikipedia:Loras College",,,,,6.5,46.28
"Lord Fairfax",mens-soccer,NJCAA,VCCAA,,,,,,,,"No usable Wikipedia infobox found for this name",,,,6.5,
"Louisiana Christian University",mens-soccer,NAIA,"Red River Athletic Conference",Wildcats,1,,#fa8a5c,#0038a8,https://upload.wikimedia.org/wikipedia/commons/1/1e/Louisiana_christian_univ_wordmark.png?utm_source=commons.wikimedia.org&utm_campaign=imageinfo&utm_content=original,"wikipedia:Louisiana Christian University","copied from this school's other-sport row (Louisiana Christian University); the article ""Louisiana Christian University"" names this institution",,,,,55.08
"Louisiana Delta",mens-soccer,NJCAA,MSJC,,,Knights,,,,"wikipedia:Louisiana Delta Community College",,,,,5.2,
Louisville,mens-soccer,"NCAA D1","Atlantic Coast Conference",Cardinals,1,"Louie the Cardinal",#AD0000,#000000,https://upload.wikimedia.org/wikipedia/en/7/7c/University_of_Louisville_logo.svg?utm_source=en.wikipedia.org&utm_campaign=imageinfo&utm_content=original,"wikipedia:University of Louisville",,,,,7.8,86.4
"Lower Columbia",mens-soccer,NJCAA,NWAACC,,,"Red Devils",,,,"wikipedia:Lower Columbia College",,,,,5.8,
"Loyola Chicago",mens-soccer,"NCAA D1","Atlantic 10 Conference",Ramblers,1,"Lu Wolf",#8D0034,#FEBC18,https://upload.wikimedia.org/wikipedia/en/6/62/Loyola_University_Chicago_logo.svg?utm_source=en.wikipedia.org&utm_campaign=imageinfo&utm_content=original,"wikipedia:Loyola University Chicago",,,,,7.4,74.34
"Loyola Maryland",mens-soccer,"NCAA D1","Patriot League",Greyhounds,1,,#0D4B34,#C8C8C8,https://upload.wikimedia.org/wikipedia/commons/e/ef/Loyola_University_Maryland_wordmark.svg?utm_source=commons.wikimedia.org&utm_campaign=imageinfo&utm_content=original,"wikipedia:Loyola University Maryland",,,,,7.8,68.57
"Loyola Marymount",mens-soccer,"NCAA D1","West Coast Conference",Lions,1,"Iggy the Lion",,,https://upload.wikimedia.org/wikipedia/en/e/e8/Loyola_Marymount_University_logo.png?utm_source=en.wikipedia.org&utm_campaign=imageinfo&utm_content=original,"wikipedia:Loyola Marymount University",,,,,8.3,80.13
"Lubbock Christian",mens-soccer,"NCAA D2","Lone Star",Chaparrals,1,Chaparral,#1a468d,,https://upload.wikimedia.org/wikipedia/commons/1/15/Lubbock_Christian_University_logo.svg?utm_source=commons.wikimedia.org&utm_campaign=imageinfo&utm_content=original,"wikipedia:Lubbock Christian University",,,,,5.5,55.01
"Lurleen B. Wallace",mens-soccer,NJCAA,ACCC,Saints,1,,,,,"wikipedia:Lurleen B. Wallace Community College",,,,,5.8,
Luther,mens-soccer,"NCAA D3","Iowa Conference",Norse,0,,,,,athletics-domain:luthernorse.com,"nickname recovered from the school's own athletics hostname; its Wikipedia article states none. Confirmed by that site's title (""Luther College - Official Athletics Website"").",1,"Iowa Conference",https://luthernorse.com/news/2025/11/8/mens-soccer-luther-wins-a-r-c-tournament-championship-with-1-0-victory-over-wartburg.aspx,8.0,43.83
Lycoming,mens-soccer,"NCAA D3","MAC Freedom",Warriors,1,,#003366,#FF9900,https://upload.wikimedia.org/wikipedia/commons/4/41/Lycoming_college_logo.png?utm_source=commons.wikimedia.org&utm_campaign=imageinfo&utm_content=original,"wikipedia:Lycoming College",,,,,6.5,43.47
Lynn,mens-soccer,"NCAA D2","Sunshine State","Fighting Knights",1,"Lance the Fighting Knight",#002366,#FFFFFF,https://upload.wikimedia.org/wikipedia/commons/1/18/Lynn_university_logo.png?utm_source=commons.wikimedia.org&utm_campaign=imageinfo&utm_content=original,"wikipedia:Lynn University",,,,,6.5,68.57
"Lyon College",mens-soccer,"NCAA D3",ASC,Scots,1,,#851c1a,#001632,https://upload.wikimedia.org/wikipedia/commons/3/3a/Lyon_college_textlogo.png?utm_source=commons.wikimedia.org&utm_campaign=imageinfo&utm_content=original,"wikipedia:Lyon College",,1,SLIAC,https://www.kait8.com/2025/11/09/lyon-wins-sliac-mens-soccer-championship/,6.6,43.03
MIT,mens-soccer,"NCAA D3",NEWMAC,Engineers,1,"Tim the Beaver",,,https://upload.wikimedia.org/wikipedia/commons/b/b8/MIT_2023_red_logo.svg?utm_source=commons.wikimedia.org&utm_campaign=imageinfo&utm_content=original,"wikipedia:Massachusetts Institute of Technology",,,,,10.0,41.79
Macalester,mens-soccer,"NCAA D3",MIAC,Scots,1,"Coo the Highland Cow",#01426A,#D44420,https://upload.wikimedia.org/wikipedia/commons/8/8a/Macalester_College_Logo.png?utm_source=commons.wikimedia.org&utm_campaign=imageinfo&utm_content=original,"wikipedia:Macalester College",,1,MIAC,https://athletics.macalester.edu/news/2025/11/8/mens-soccer-mens-soccer-macalester-wins-miac-playoff-championship-with-4-1-victory-over-no-4-st-olaf.aspx,9.8,54.16
"Madonna University",mens-soccer,NAIA,"Wolverine-Hoosier Athletic Conference",Crusaders,1,"Cruzer the Crusader",#0067b1,#ffe412,,"wikipedia:Madonna University","copied from this school's other-sport row (Madonna University); the article ""Madonna University"" names this institution",,,,,60.69
"Maine Maritime",mens-soccer,"NCAA D3",NIAC,Mariners,1,,#002F6C,#FFCD00,https://upload.wikimedia.org/wikipedia/commons/7/72/Maine_Maritime_Academy_wordmark.svg?utm_source=commons.wikimedia.org&utm_campaign=imageinfo&utm_content=original,"wikipedia:Maine Maritime Academy",,,,,6.5,40.89
Malone,mens-soccer,"NCAA D2",GMAC,Pioneers,1,,,,,"wikipedia:Malone University",,,,,5.4,45.42
Manchester,mens-soccer,"NCAA D3",HCAC,Spartans,1,,,,,athletics-domain:muspartans.com,"nickname recovered from the school's own athletics hostname; its Wikipedia article states none. Confirmed by that site's title (""Manchester University - Official Athletics Website"").",,,,6.5,41.5
Manhattan,mens-soccer,"NCAA D1","Metro Atlantic Athletic Conference",Jaspers,1,,#00703C,#FFFFFF,https://upload.wikimedia.org/wikipedia/en/7/71/Manhattan_College_logo.svg?utm_source=en.wikipedia.org&utm_campaign=imageinfo&utm_content=original,"wikipedia:Manhattan University",,,,,5.8,70.47
Manhattanville,mens-soccer,"NCAA D3",Skyline,,,Valiant,#A1243F,#FFFFFF,https://upload.wikimedia.org/wikipedia/en/2/25/Manhattanville_College_logo.svg?utm_source=en.wikipedia.org&utm_campaign=imageinfo&utm_content=original,"wikipedia:Manhattanville University",,,,,6.5,42.71
"Marian (WI)",mens-soccer,"NCAA D3",NACC,"The Sabres",1,"Sammy the Sabre",,,https://upload.wikimedia.org/wikipedia/commons/3/36/Marian_univ_wisconsin_logo.png?utm_source=commons.wikimedia.org&utm_campaign=imageinfo&utm_content=original,"wikipedia:Marian University (Wisconsin)",,,,,6.5,35.76
"Marian University (IN)",mens-soccer,NAIA,"Crossroads League",Knights,1,Knightro,#001c44,#fdb813,https://upload.wikimedia.org/wikipedia/commons/7/75/Marian_University_Logo.png?utm_source=commons.wikimedia.org&utm_campaign=imageinfo&utm_content=original,"wikipedia:Marian University (Indiana)","copied from this school's other-sport row (Marian University (IN)); the article ""Marian University (Indiana)"" names this institution",,,,,53.71
Marietta,mens-soccer,"NCAA D3",OAC,Pioneers,1,,,,https://upload.wikimedia.org/wikipedia/en/a/a7/Marietta_College_logo.svg?utm_source=en.wikipedia.org&utm_campaign=imageinfo&utm_content=original,"wikipedia:Marietta College",,,,,6.5,35.56
Marist,mens-soccer,"NCAA D1","Metro Atlantic Athletic Conference","Red Foxes",1,"Red Fox",#C8102E,#FFFFFF,https://upload.wikimedia.org/wikipedia/commons/6/65/Marist_College_wordmark.svg?utm_source=commons.wikimedia.org&utm_campaign=imageinfo&utm_content=original,"wikipedia:Marist University",,,,,6.8,75.05
Marquette,mens-soccer,"NCAA D1","Big East Conference","Golden Eagles",1,"Iggy the Golden Eagle",#003366,#FFCC00,https://upload.wikimedia.org/wikipedia/en/a/a2/Marquette_University.svg?utm_source=en.wikipedia.org&utm_campaign=imageinfo&utm_content=original,"wikipedia:Marquette University",,,,,8.4,78.8
"Mars Hill",mens-soccer,"NCAA D2",SAC,Lions,1,,#002d72,#90754d,https://upload.wikimedia.org/wikipedia/en/3/36/Mars_Hill_University_Seal.png?utm_source=en.wikipedia.org&utm_campaign=imageinfo&utm_content=original,"wikipedia:Mars Hill University",,,,,5.4,54.89
Marshall,mens-soccer,"NCAA D1","Sun Belt Conference","Thundering Herd",0,"Marco the Bison",#00B140,#FFFFFF,https://upload.wikimedia.org/wikipedia/commons/5/51/Marshall_University_logo.svg?utm_source=commons.wikimedia.org&utm_campaign=imageinfo&utm_content=original,"wikipedia:Marshall University",,,,,5.8,88.17
"Martin Luther",mens-soccer,"NCAA D3",UMAC,Knights,1,,,,https://upload.wikimedia.org/wikipedia/commons/e/e1/MLC-Logo.svg?utm_source=commons.wikimedia.org&utm_campaign=imageinfo&utm_content=original,"wikipedia:Martin Luther College","copied from this school's other-sport row (Martin Luther College); the article ""Martin Luther College"" names this institution",,,,6.5,29.22
"Mary Baldwin",mens-soccer,"NCAA D3",ODAC,"Fighting Squirrels",1,"Baldwin the Fighting Squirrel and Gladys the Squirrel",,,https://upload.wikimedia.org/wikipedia/commons/d/d1/Mary_baldwin_univ_logo.png?utm_source=commons.wikimedia.org&utm_campaign=imageinfo&utm_content=original,"wikipedia:Mary Baldwin University",,,,,6.5,29.17
Maryland,mens-soccer,"NCAA D1","Big Ten Conference",Terrapins,1,"Testudo the Terrapin",,,https://upload.wikimedia.org/wikipedia/commons/d/df/University_of_Maryland_wordmark.svg?utm_source=commons.wikimedia.org&utm_campaign=imageinfo&utm_content=original,"wikipedia:University of Maryland, College Park",,,,,8.8,94.88
"Marymount (VA)",mens-soccer,"NCAA D3",CSAC,Saints,1,"Bernie The Dog",#10069F,,https://upload.wikimedia.org/wikipedia/en/4/4f/Marymount_University.svg?utm_source=en.wikipedia.org&utm_campaign=imageinfo&utm_content=original,"wikipedia:Marymount University",,,,,6.5,43.64
"Maryville (MO)",mens-soccer,"NCAA D2",GLVC,Saints,1,"""Louie"" the Saint Bernard<br>and ""LJ"" Louie Jr.",#C8102E,#000000,https://upload.wikimedia.org/wikipedia/commons/6/6f/Maryville_University.svg?utm_source=commons.wikimedia.org&utm_campaign=imageinfo&utm_content=original,"wikipedia:Maryville University",,1,GLVC,https://glvcsports.com/news/2025/11/15/championships-maryville-claims-fourth-glvc-mens-soccer-championship.aspx,5.4,61.98
"Maryville (TN)",mens-soccer,"NCAA D3",SAA,Scots,1,Scots,,,https://upload.wikimedia.org/wikipedia/commons/a/ad/Maryville_college_textlogo.png?utm_source=commons.wikimedia.org&utm_campaign=imageinfo&utm_content=original,"wikipedia:Maryville College",,1,CCS,https://mcscots.com/news/2025/11/10/mens-soccer-maryville-outlasts-covenant-in-shootout-to-bring-home-the-ccs-championship.aspx,6.5,41.1
Marywood,mens-soccer,"NCAA D3","MAC Freedom",Pacers,1,Pacers,,,https://upload.wikimedia.org/wikipedia/commons/f/ff/Marywood_univ_textlogo.png?utm_source=commons.wikimedia.org&utm_campaign=imageinfo&utm_content=original,"wikipedia:Marywood University",,,,,6.5,39.15
"Massachusetts College of Liberal Arts",mens-soccer,"NCAA D3",MASCAC,Trailblazers,1,"Murdock the Mountain Lion",#25408F,#FCB426,https://upload.wikimedia.org/wikipedia/commons/6/60/Mcla_college_logo.png?utm_source=commons.wikimedia.org&utm_campaign=imageinfo&utm_content=original,"wikipedia:Massachusetts College of Liberal Arts",,,,,6.6,35.74
"Massachusetts Maritime",mens-soccer,"NCAA D3",MASCAC,Buccaneers,1,,#002066,#d4af37,https://upload.wikimedia.org/wikipedia/commons/e/e3/Massachusetts_Maritime_Academy_logo.svg?utm_source=commons.wikimedia.org&utm_campaign=imageinfo&utm_content=original,"wikipedia:Massachusetts Maritime Academy",,,,,6.5,38.61
McDaniel,mens-soccer,"NCAA D3",Centennial,,,"Green Terror",,,https://upload.wikimedia.org/wikipedia/commons/e/e8/Mcdaniel_college_logo.png?utm_source=commons.wikimedia.org&utm_campaign=imageinfo&utm_content=original,"wikipedia:McDaniel College",,,,,6.5,46.82
McKendree,mens-soccer,"NCAA D2",GLVC,Bearcats,1,Bogey,,,https://upload.wikimedia.org/wikipedia/commons/a/af/Mckendree_University_Logo.png?utm_source=commons.wikimedia.org&utm_campaign=imageinfo&utm_content=original,"wikipedia:McKendree University",,,,,5.4,62.59
McLennan,mens-soccer,NJCAA,WJCAC,Highlanders,1,,,,https://upload.wikimedia.org/wikipedia/commons/e/e0/McLennan_Community_College.jpg?utm_source=commons.wikimedia.org&utm_campaign=imageinfo&utm_content=original,"wikipedia:McLennan Community College","No usable Wikipedia infobox found for this name",,,,5.8,35.97
McMurry,mens-soccer,"NCAA D3",ASC,,,"War Hawks",#6F1830,#FFFFFF,https://upload.wikimedia.org/wikipedia/commons/9/93/Mcmurry_univ_logo_horiz.png?utm_source=commons.wikimedia.org&utm_campaign=imageinfo&utm_content=original,"wikipedia:McMurry University",,,,,6.5,32.89
"McPherson College",mens-soccer,NAIA,"Kansas Collegiate Athletic Conference",Bulldogs,1,"Ben the Bulldog",,,https://upload.wikimedia.org/wikipedia/commons/0/0e/McPherson_College_logo.png?utm_source=commons.wikimedia.org&utm_campaign=imageinfo&utm_content=original,"wikipedia:McPherson College","copied from this school's other-sport row (McPherson College); the article ""McPherson College"" names this institution",,,,,45.17
Memphis,mens-soccer,"NCAA D1","American Conference",Tigers,1,,#003087,#898D8D,https://upload.wikimedia.org/wikipedia/commons/e/e8/University_of_Memphis_wordmark.svg?utm_source=commons.wikimedia.org&utm_campaign=imageinfo&utm_content=original,"wikipedia:University of Memphis",,,,,6.5,80.32
Menlo,mens-soccer,"NCAA D2","Golden State",Oaks,1,,#00396f,#aaaaaa,,"wikipedia:Menlo College",,,,,5.4,58.35
Merced,mens-soccer,NJCAA,CCCAA,"Golden Bobcats",1,"Rufus the Bobcat",#002856,#daa900,https://upload.wikimedia.org/wikipedia/commons/e/ee/Uc_merced_logo.png?utm_source=commons.wikimedia.org&utm_campaign=imageinfo&utm_content=original,"wikipedia:University of California, Merced",,,,,5.8,37.38
Mercer,mens-soccer,"NCAA D1","Southern Conference",Bears,1,,#222222,#F76800,https://upload.wikimedia.org/wikipedia/commons/d/d0/Mercer_University_logo.png?utm_source=commons.wikimedia.org&utm_campaign=imageinfo&utm_content=original,"wikipedia:Mercer University",,,,,6.6,72.15
Mercy,mens-soccer,"NCAA D2",ECC,Mavericks,1,"Maverick or Mav",,,https://upload.wikimedia.org/wikipedia/commons/4/49/Mercy_university_ny_logo.png?utm_source=commons.wikimedia.org&utm_campaign=imageinfo&utm_content=original,"wikipedia:Mercy University",,,,,5.4,60.06
Mercyhurst,mens-soccer,"NCAA D1",NEC,Lakers,1,"Luke the Laker",#125D55,#FFFFFF,https://upload.wikimedia.org/wikipedia/commons/9/95/Mercyhurst_logo_from_NCAA.svg?utm_source=commons.wikimedia.org&utm_campaign=imageinfo&utm_content=original,"wikipedia:Mercyhurst University",,,,,5.4,73.44
Meridian,mens-soccer,NJCAA,MACJC,Eagles,1,,,,,athletics-domain:mcceagles.com,"nickname recovered from the school's own athletics hostname; its Wikipedia article states none. Confirmed by that site's title (""Meridian Community College"").",,,,5.8,26.75
Merrimack,mens-soccer,"NCAA D1","Metro Atlantic Athletic Conference",Warriors,1,"Mack the Warrior",#00337F,,https://upload.wikimedia.org/wikipedia/en/6/61/Merrimack_College_logo.svg?utm_source=en.wikipedia.org&utm_campaign=imageinfo&utm_content=original,"wikipedia:Merrimack College",,,,,6.0,67.27
"Mesa Community",mens-soccer,NJCAA,ACCAC,Thunderbirds,1,,#004C97,#BF0D3E,https://upload.wikimedia.org/wikipedia/en/4/4a/Mesa_Community_College_Logo_RGB_H.png?utm_source=en.wikipedia.org&utm_campaign=imageinfo&utm_content=original,"wikipedia:Mesa Community College",,,,,6.8,30.36
Messiah,mens-soccer,"NCAA D3","MAC Commonwealth",Falcons,1,"Flex the Falcon",,,,"wikipedia:Messiah University",,1,"MAC Commonwealth",https://gomacsports.com/news/2025/11/9/mens-soccer-defeats-stevenson-wins-seventh-straight-mac-commonwealth-championship.aspx,8.0,50.34
Methodist,mens-soccer,"NCAA D3","USA South",Monarchs,1,Lion,#00573C,#CBB676,https://upload.wikimedia.org/wikipedia/commons/f/fe/Methodist_University_png_logo.png?utm_source=commons.wikimedia.org&utm_campaign=imageinfo&utm_content=original,"wikipedia:Methodist University",,,,,6.5,41.97
"Metro State Denver",mens-soccer,"NCAA D2",RMAC,Roadrunners,1,"Rowdy the Roadrunner",,,https://upload.wikimedia.org/wikipedia/en/1/16/Metropolitan_State_University_of_Denver_PNG_logo.png?utm_source=en.wikipedia.org&utm_campaign=imageinfo&utm_content=original,"wikipedia:Metropolitan State University of Denver",,,,,5.3,57.32
Michigan,mens-soccer,"NCAA D1","Big Ten Conference",Wolverines,1,,,,https://upload.wikimedia.org/wikipedia/commons/c/c1/University_of_Michigan_logo.svg?utm_source=commons.wikimedia.org&utm_campaign=imageinfo&utm_content=original,"wikipedia:University of Michigan",,,,,9.2,89.85
"Michigan State",mens-soccer,"NCAA D1","Big Ten Conference",Spartans,1,Sparty,#18453B,#FFFFFF,https://upload.wikimedia.org/wikipedia/commons/7/7a/Michigan_State_University_wordmark.svg?utm_source=commons.wikimedia.org&utm_campaign=imageinfo&utm_content=original,"wikipedia:Michigan State University",,,,,8.3,82.14
"Mid-America Christian University",mens-soccer,NAIA,"Sooner Athletic Conference",Evangels,1,Evangel,,,,"wikipedia:Mid-America Christian University","copied from this school's other-sport row (Mid-America Christian University); the article ""Mid-America Christian University"" names this institution",,,,,58.11
"MidAmerica Nazarene",mens-soccer,NAIA,KCAC,Pioneers,1,Pioneer,#D11242,#002D6A,https://upload.wikimedia.org/wikipedia/commons/1/1d/MNU_Logo_Full_Title_Hz.png?utm_source=commons.wikimedia.org&utm_campaign=imageinfo&utm_content=original,"wikipedia:MidAmerica Nazarene University",,1,Heart,https://heartofamericaconference.com/sports/msoc/2025-26/releases,5.6,63.9
"Middle Georgia State",mens-soccer,"NCAA D2","Peach Belt",Knights,1,Duke,#633393,#B0B6BB,https://upload.wikimedia.org/wikipedia/en/4/42/Middle_Georgia_State_University_logo.png?utm_source=en.wikipedia.org&utm_campaign=imageinfo&utm_content=original,"wikipedia:Middle Georgia State University",,,,,5.3,44.96
Middlebury,mens-soccer,"NCAA D3",NESCAC,Panthers,1,Panther,,,https://upload.wikimedia.org/wikipedia/en/8/85/Middlebury_College_logo.svg?utm_source=en.wikipedia.org&utm_campaign=imageinfo&utm_content=original,"wikipedia:Middlebury College",,,,,10.0,54.59
"Middlesex County",mens-soccer,NJCAA,GNYAC,,,,,,,,"Cleared on audit: previous match (Middlesex University) failed re-verification",,,,6.5,33.71
Midland,mens-soccer,NAIA,GPAC,Warriors,1,,#0e2240,#ee7421,https://upload.wikimedia.org/wikipedia/commons/3/30/Midland_University_logo_alt.png?utm_source=commons.wikimedia.org&utm_campaign=imageinfo&utm_content=original,"wikipedia:Midland University",,,,,5.6,56.62
Midway,mens-soccer,NAIA,AMC,Eagles,1,Eagle,#1d4f91,#ffd24f,,"wikipedia:Midway University",,,,,5.6,43.23
"Midwestern State",mens-soccer,"NCAA D2",LSC,Mustangs,1,"Maverick T. Mustang",#660000,#ECAC00,https://upload.wikimedia.org/wikipedia/commons/f/ff/Msu_texas_map_logo.png?utm_source=commons.wikimedia.org&utm_campaign=imageinfo&utm_content=original,"wikipedia:Midwestern State University",,1,"Lone Star",https://msumustangs.com/news/2025/11/15/mens-soccer-wins-5th-straight-lone-star-conference-tournament-championship-beating-3-lubbock-christian-1-0.aspx,5.3,70.19
Millersville,mens-soccer,"NCAA D2",PSAC,Marauders,1,"Millersville Marauder and Skully (Marauders)",#000000,#EEB211,https://upload.wikimedia.org/wikipedia/commons/5/55/Millersville_logo.svg?utm_source=commons.wikimedia.org&utm_campaign=imageinfo&utm_content=original,"wikipedia:Millersville University",,,,,5.4,63.33
"Milligan University",mens-soccer,NAIA,"Appalachian Athletic Conference",Buffaloes,1,,,,https://upload.wikimedia.org/wikipedia/commons/1/10/Milligan_University.png?utm_source=commons.wikimedia.org&utm_campaign=imageinfo&utm_content=original,"wikipedia:Milligan University","copied from this school's other-sport row (Milligan University); the article ""Milligan University"" names this institution",,,,,58.52
Millikin,mens-soccer,"NCAA D3",CCIW,"Big Blue",0,,,,,"wikipedia:Millikin University",,,,,6.5,38.44
Millsaps,mens-soccer,"NCAA D3",SAA,Majors,1,"The Millsaps Major",,,https://upload.wikimedia.org/wikipedia/commons/e/ef/Millsaps_College.png?utm_source=commons.wikimedia.org&utm_campaign=imageinfo&utm_content=original,"wikipedia:Millsaps College",,,,,8.0,33.59
Milwaukee,mens-soccer,"NCAA D1","Horizon League",Panthers,1,"Pounce Panther",#000000,#FFBD00,https://upload.wikimedia.org/wikipedia/commons/b/bf/UWM-logo-2024.svg?utm_source=commons.wikimedia.org&utm_campaign=imageinfo&utm_content=original,"wikipedia:University of Wisconsin–Milwaukee",,,,,5.8,69.54
"Mineral Area",mens-soccer,NJCAA,MOVAL,,,"Kirby the Cardinal",,,,"wikipedia:Mineral Area College",,,,,5.8,35.23
"Mission University",mens-soccer,NAIA,"American Midwest Conference",,,,,,,,,,,,,36.58
"Mississippi College",mens-soccer,"NCAA D2",GSC,Choctaws,1,,#0C2340,#C99700,https://upload.wikimedia.org/wikipedia/en/7/78/Mississppi_Christian_University_Primary_Logo.svg?utm_source=en.wikipedia.org&utm_campaign=imageinfo&utm_content=original,"wikipedia:Mississippi Christian University",,,,,5.4,65.49
"Mississippi Delta",mens-soccer,NJCAA,MACJC,,,,,,,,"Cleared on audit: previous match (Delta State University) failed re-verification",,,,5.2,28.84
"Mississippi Gulf Coast",mens-soccer,NJCAA,MACJC,Bulldogs,1,Bulldogs,,,,athletics-domain:mgcccbulldogs.com,"nickname recovered from the school's own athletics hostname; its Wikipedia article states none. Confirmed by that site's title (""Mississippi Gulf Coast Community College Athletics"").",,,,5.8,36.47
"Missouri Baptist",mens-soccer,NAIA,AMC,Spartans,1,,#002144,,,"wikipedia:Missouri Baptist University",,,,,5.4,54.64
"Missouri S&T",mens-soccer,"NCAA D2",GLVC,Miners,1,"Joe Miner",#B3B4B2,#D9AB28,https://upload.wikimedia.org/wikipedia/commons/7/70/Missouri_st_logo_horiz.png?utm_source=commons.wikimedia.org&utm_campaign=imageinfo&utm_content=original,"wikipedia:Missouri University of Science and Technology",,,,,8.5,55.38
"Missouri State",mens-soccer,"NCAA D1","American Conference",Bears,1,"Boomer Bear",#5E0009,,https://upload.wikimedia.org/wikipedia/commons/d/db/Missouri_State_University.svg?utm_source=commons.wikimedia.org&utm_campaign=imageinfo&utm_content=original,"wikipedia:Missouri State University",,,,,5.8,90.08
"Missouri State-West Plains",mens-soccer,NJCAA,MOVAL,Bears,1,"Boomer Bear",#5E0009,,https://upload.wikimedia.org/wikipedia/commons/d/db/Missouri_State_University.svg?utm_source=commons.wikimedia.org&utm_campaign=imageinfo&utm_content=original,"wikipedia:Missouri State University",,,,,5.8,
"Missouri Valley College",mens-soccer,NAIA,"Heart of America Athletic Conference",Vikings,1,,#6e1b70,#f09330,https://upload.wikimedia.org/wikipedia/en/3/39/MO_Valley_College_wordmark.png?utm_source=en.wikipedia.org&utm_campaign=imageinfo&utm_content=original,"wikipedia:Missouri Valley University","copied from this school's other-sport row (Missouri Valley College); the article ""Missouri Valley University"" names this institution",,,,,61.03
"Moberly Area",mens-soccer,NJCAA,MOVAL,,,Greyhound,,,,"wikipedia:Moberly Area Community College",,,,,5.8,
Molloy,mens-soccer,"NCAA D2",ECC,Lions,1,"Victor E. Lion",#960423,#D6C173,https://upload.wikimedia.org/wikipedia/en/f/f7/Molloy_University_logo.png?utm_source=en.wikipedia.org&utm_campaign=imageinfo&utm_content=original,"wikipedia:Molloy University",,,,,5.4,51.2
Monmouth,mens-soccer,"NCAA D1","Coastal Athletic Association",Hawks,1,"Shadow The Hawk",,,https://upload.wikimedia.org/wikipedia/en/f/f4/MonmouthUniversityLogo.svg?utm_source=en.wikipedia.org&utm_campaign=imageinfo&utm_content=original,"wikipedia:Monmouth University",,,,,6.0,75.81
"Monmouth (IL)",mens-soccer,"NCAA D3",MWC-D3,"Fighting Scots",1,"Big Red",#a40c34,,https://upload.wikimedia.org/wikipedia/en/9/91/Monmouth_College_website_logo.png?utm_source=en.wikipedia.org&utm_campaign=imageinfo&utm_content=original,"wikipedia:Monmouth College",,,,,6.0,32.79
"Monroe (NY)",mens-soccer,"NCAA D2",ECC,Tribunes,1,,,,https://upload.wikimedia.org/wikipedia/commons/e/e4/MCC_logo_left_color_cmyk.svg?utm_source=commons.wikimedia.org&utm_campaign=imageinfo&utm_content=original,"wikipedia:Monroe Community College","No usable Wikipedia infobox found for this name",,,,5.4,64.01
"Monroe Community",mens-soccer,NJCAA,GNYAC,Tribunes,1,,,,https://upload.wikimedia.org/wikipedia/commons/e/e4/MCC_logo_left_color_cmyk.svg?utm_source=commons.wikimedia.org&utm_campaign=imageinfo&utm_content=original,"wikipedia:Monroe Community College",,,,,6.8,38.78
"Montana State Billings",mens-soccer,"NCAA D2",,,,,,,,,"Added for coaching-contact coverage; soccer_score/academic_rating are placeholders",,,,6.0,48.0
"Montclair State",mens-soccer,"NCAA D3",NJAC,"Red Hawks",1,"Rocky the Red Hawk <br/> (formerly, the Indians)",#D1190D,,https://upload.wikimedia.org/wikipedia/en/6/68/Montclair_State_University_logo.svg?utm_source=en.wikipedia.org&utm_campaign=imageinfo&utm_content=original,"wikipedia:Montclair State University",,,,,6.2,50.79
Montevallo,mens-soccer,"NCAA D2",GSC,Falcons,1,"Freddie the Falcon",#59118e,#ffc61e,https://upload.wikimedia.org/wikipedia/commons/a/a3/University_of_Montevallo_logo.svg?utm_source=commons.wikimedia.org&utm_campaign=imageinfo&utm_content=original,"wikipedia:University of Montevallo",,,,,5.4,52.54
Montgomery,mens-soccer,NJCAA,ACCC,Warhawks,1,Curtiss,#000000,#FA4616,https://upload.wikimedia.org/wikipedia/commons/a/a5/Auburn_univ_montgomery_logo_horiz.png?utm_source=commons.wikimedia.org&utm_campaign=imageinfo&utm_content=original,"wikipedia:Auburn University at Montgomery",,,,,6.5,34.86
"Montreat College",mens-soccer,NAIA,"Appalachian Athletic Conference",Cavaliers,1,"Calvin the Cavalier",,,https://upload.wikimedia.org/wikipedia/commons/2/29/Montreat_Logo_Full_Color.svg?utm_source=commons.wikimedia.org&utm_campaign=imageinfo&utm_content=original,"wikipedia:Montreat College","copied from this school's other-sport row (Montreat College); the article ""Montreat College"" names this institution",,,,,44.78
Moravian,mens-soccer,"NCAA D3","MAC Freedom",Greyhounds,1,,,,https://upload.wikimedia.org/wikipedia/commons/3/38/Moravian-TwoLineWordmark-MoravianBlue.svg?utm_source=commons.wikimedia.org&utm_campaign=imageinfo&utm_content=original,"wikipedia:Moravian University",,,,,6.5,41.73
Morningside,mens-soccer,NAIA,GPAC,Mustangs,1,"Monte the Mustang",#7e262c,,,"wikipedia:Morningside University",,,,,7.0,56.0
"Motlow State",mens-soccer,NJCAA,TCCAA,Bucks,1,"Reagor the buck",,,https://upload.wikimedia.org/wikipedia/en/7/7c/Motlow_State_Community_College_%28Lynchburg%2C_Tennessee%29_logo.png?utm_source=en.wikipedia.org&utm_campaign=imageinfo&utm_content=original,"wikipedia:Motlow State Community College",,,,,5.8,
"Mount Marty University",mens-soccer,NAIA,"Great Plains Athletic Conference",Lancers,1,"Benedict The Lancer",#091f40,#fdb71a,,"wikipedia:Mount Marty University","copied from this school's other-sport row (Mount Marty University); the article ""Mount Marty University"" names this institution",,,,,46.18
"Mount Mercy",mens-soccer,NAIA,HAAC,Mustangs,1,"Mustang Sally",#0a3255,#fed105,,"wikipedia:Mount Mercy University",,,,,5.6,53.85
"Mount Olive",mens-soccer,"NCAA D2",SAC,Trojans,1,"Trojan (Official)",#00693E,,https://upload.wikimedia.org/wikipedia/commons/e/e3/Mountolive_univ_logo.png?utm_source=commons.wikimedia.org&utm_campaign=imageinfo&utm_content=original,"wikipedia:University of Mount Olive",,,,,5.4,50.65
"Mount San Antonio",mens-soccer,NJCAA,CCCAA,Mounties,1,"Rizzly the Grizzly",,,,"wikipedia:Mt. San Antonio College",,,,,7.5,35.61
"Mount St. Joseph",mens-soccer,"NCAA D3",OAC,Lions,1,Lion,,,https://upload.wikimedia.org/wikipedia/en/2/2d/Mount_St._Joseph_University_logo.svg?utm_source=en.wikipedia.org&utm_campaign=imageinfo&utm_content=original,"wikipedia:Mount St. Joseph University",,,,,6.5,35.66
"Mount St. Mary's",mens-soccer,"NCAA D1","Metro Atlantic Athletic Conference",Mountaineers,1,"Emmit S. Burg",#002855,#ffffff,https://upload.wikimedia.org/wikipedia/en/4/4a/Mount_St_Mary%27s_University_Logo.svg?utm_source=en.wikipedia.org&utm_campaign=imageinfo&utm_content=original,"wikipedia:Mount St. Mary's University (Maryland)",,,,,5.5,63.59
"Mount Union",mens-soccer,"NCAA D3",OAC,"Purple Raiders",1,MUcaw,#661C78,#FFFFFF,https://upload.wikimedia.org/wikipedia/en/0/0c/Mount_Union_logo.png?utm_source=en.wikipedia.org&utm_campaign=imageinfo&utm_content=original,"wikipedia:University of Mount Union",,,,,6.5,50.07
"Mount Vernon Nazarene",mens-soccer,NAIA,AMC,Cougars,1,"Casey the Cougar",#006940,#00457a,https://upload.wikimedia.org/wikipedia/en/b/b6/Mvnulogo.png?utm_source=en.wikipedia.org&utm_campaign=imageinfo&utm_content=original,"wikipedia:Mount Vernon Nazarene University",,,,,5.6,48.55
Muhlenberg,mens-soccer,"NCAA D3",Centennial,Mules,1,"Marti The Mule",#A41D36,#a2aaad,https://upload.wikimedia.org/wikipedia/commons/3/3c/Muhlenberg_college_full_logo.png?utm_source=commons.wikimedia.org&utm_campaign=imageinfo&utm_content=original,"wikipedia:Muhlenberg College",,,,,8.8,50.14
Muskingum,mens-soccer,"NCAA D3",OAC,"Fighting Muskies",1,,#FF0090,,https://upload.wikimedia.org/wikipedia/commons/0/0c/Muskingum_univ_logo.png?utm_source=commons.wikimedia.org&utm_campaign=imageinfo&utm_content=original,"wikipedia:Muskingum University",,,,,6.5,34.14
"NC State",mens-soccer,"NCAA D1","Atlantic Coast Conference",Wolfpack,0,"Mr. Wuf & Mrs. Wuf",#CC0000,#FFFFFF,https://upload.wikimedia.org/wikipedia/commons/5/59/North_Carolina_State_University_logo.svg?utm_source=commons.wikimedia.org&utm_campaign=imageinfo&utm_content=original,"wikipedia:North Carolina State University",,,,,8.2,95.05
NJIT,mens-soccer,"NCAA D1","America East Conference",Highlanders,1,"The Highlander",#CC0000,#FFFFFF,https://upload.wikimedia.org/wikipedia/commons/4/40/New_Jersey_IT_logo.svg?utm_source=commons.wikimedia.org&utm_campaign=imageinfo&utm_content=original,"wikipedia:New Jersey Institute of Technology",,,,,6.7,68.4
"Nassau Community",mens-soccer,NJCAA,GNYAC,Lions,1,"Leo the Lion",,,https://upload.wikimedia.org/wikipedia/commons/a/a8/Nassau_Community_College_logo.svg?utm_source=commons.wikimedia.org&utm_campaign=imageinfo&utm_content=original,"wikipedia:Nassau Community College",,,,,6.8,41.75
Navy,mens-soccer,"NCAA D1","Patriot League",Midshipmen,1,,,,,athletics-domain:navysports.com,"confirmed on navysports.com (43 mentions); the Wikipedia article states no sports nickname",,,,8.3,68.19
Nazareth,mens-soccer,"NCAA D3","Empire 8","Golden Flyers",1,"Golden Flyer",#8666ab,#d4a66d,https://upload.wikimedia.org/wikipedia/commons/3/3f/Nazareth-university-logo_primary_RGB-purple.png?utm_source=commons.wikimedia.org&utm_campaign=imageinfo&utm_content=original,"wikipedia:Nazareth University",,,,,6.5,43.91
"Nebraska Central",mens-soccer,NJCAA,ICCAC,,,,,,,,"Cleared on audit: previous match (University of Nebraska–Lincoln) failed re-verification",,,,5.8,
"Nelson University",mens-soccer,NAIA,"Sooner Athletic Conference",Lions,1,"Judah the Lion",#502d7f,#fdbb30,,"wikipedia:Nelson University","copied from this school's other-sport row (Nelson University); the article ""Nelson University"" names this institution",,,,,47.32
"New College of Florida",mens-soccer,NAIA,"Sun Conference","Mighty Banyans",1,"The Mighty Banyan (since 2023)",,,,"wikipedia:New College of Florida","copied from this school's other-sport row (New College of Florida); the article ""New College of Florida"" names this institution",,,,,57.57
"New England College",mens-soccer,"NCAA D3",CCC,Pilgrims,1,"Patty the Pilgrim",#BE333A,#223E77,https://upload.wikimedia.org/wikipedia/commons/3/3a/Newengland_colelge_full_logo.png?utm_source=commons.wikimedia.org&utm_campaign=imageinfo&utm_content=original,"wikipedia:New England College",,,,,6.6,39.79
"New Hampshire",mens-soccer,"NCAA D1","America East Conference",Wildcats,1,"Wild E. Cat and Gnarlz",,,https://upload.wikimedia.org/wikipedia/commons/6/65/University_of_New_Hampshire_logo.svg?utm_source=commons.wikimedia.org&utm_campaign=imageinfo&utm_content=original,"wikipedia:University of New Hampshire",,,,,6.8,79.06
"New Haven",mens-soccer,"NCAA D1",NEC,Chargers,1,"Charlie the Charger",#003366,#FFCC33,https://upload.wikimedia.org/wikipedia/commons/0/0b/University_of_New_Haven_logo.png?utm_source=commons.wikimedia.org&utm_campaign=imageinfo&utm_content=original,"wikipedia:University of New Haven",,,,,6.3,69.86
"New Jersey City",mens-soccer,"NCAA D3",NJAC,"Gothic Knights",1,,#15293F,#115740,,"wikipedia:Kean Jersey City",,,,,6.5,37.99
"New Mexico Junior",mens-soccer,NJCAA,NJCAAD1,Thunderbirds,1,,,,,"wikipedia:New Mexico Junior College",,,,,6.0,
"New York University",mens-soccer,"NCAA D3",UAA,Violets,1,Bobcat,#57068C,#FFFFFF,https://upload.wikimedia.org/wikipedia/en/5/58/NYU_logo.svg?utm_source=en.wikipedia.org&utm_campaign=imageinfo&utm_content=original,"wikipedia:New York University",,,,,9.8,42.36
Newberry,mens-soccer,"NCAA D2",SAC,Wolves,1,,,,https://upload.wikimedia.org/wikipedia/en/0/0e/Logo_of_Newberry_College.png?utm_source=en.wikipedia.org&utm_campaign=imageinfo&utm_content=original,"wikipedia:Newberry College",,,,,5.4,51.4
Newman,mens-soccer,"NCAA D2",MIAA,Jets,1,"Johnny Jet",,,https://upload.wikimedia.org/wikipedia/commons/9/92/Newman_University%2C_Wichita_logo.svg?utm_source=commons.wikimedia.org&utm_campaign=imageinfo&utm_content=original,"wikipedia:Newman University (Kansas)",,,,,5.4,51.39
Niagara,mens-soccer,"NCAA D1","Metro Atlantic Athletic Conference","Purple Eagles",1,Monte,#582C83,#FFFFFF,https://upload.wikimedia.org/wikipedia/en/2/26/Niagara_University_wordmark.svg?utm_source=en.wikipedia.org&utm_campaign=imageinfo&utm_content=original,"wikipedia:Niagara University",,,,,5.5,67.65
"Niagara County",mens-soccer,NJCAA,GNYAC,,,,,,,,"Cleared on audit: previous match (Niagara University) failed re-verification",,,,6.0,15.73
Nichols,mens-soccer,"NCAA D3",CCC,Bison,0,,#000000,#006E5C,https://upload.wikimedia.org/wikipedia/commons/4/48/Nichols-college-logo.png?utm_source=commons.wikimedia.org&utm_campaign=imageinfo&utm_content=original,"wikipedia:Nichols College","copied from this school's other-sport row (Nichols College); the article ""Nichols College"" names this institution",,,,6.5,36.82
"North American University",mens-soccer,NAIA,"Red River Athletic Conference",Stallions,1,Stallion,#002d74,#d9d8d6,,"wikipedia:North American University","copied from this school's other-sport row (North American University); the article ""North American University"" names this institution",,,,,46.21
"North Arkansas",mens-soccer,NJCAA,MOVAL,Pioneers,1,Pioneers,,,https://upload.wikimedia.org/wikipedia/en/8/80/UA_Northark_Pioneers_Logo.svg?utm_source=en.wikipedia.org&utm_campaign=imageinfo&utm_content=original,"wikipedia:North Arkansas College",,,,,5.8,23.84
"North Carolina",mens-soccer,"NCAA D1","Atlantic Coast Conference","Tar Heels",1,Rameses,#4B9CD3,#FFFFFF,https://upload.wikimedia.org/wikipedia/commons/1/1d/University_of_North_Carolina_at_Chapel_Hill_logo%2C_2025.svg?utm_source=commons.wikimedia.org&utm_campaign=imageinfo&utm_content=original,"wikipedia:University of North Carolina at Chapel Hill",,,,,9.5,92.86
"North Carolina Wesleyan",mens-soccer,"NCAA D3",ASC,"Battling Bishops",1,,#003C69,#D8A901,https://upload.wikimedia.org/wikipedia/commons/d/d9/Nc_wesleyan_univ_logo.png?utm_source=commons.wikimedia.org&utm_campaign=imageinfo&utm_content=original,"wikipedia:North Carolina Wesleyan University",,1,"USA South",https://ncwsports.com/news/2025/11/8/mens-soccer-captures-usa-south-championship-punches-ticket-to-ncaa-tournament.aspx,6.5,43.02
"North Central (IL)",mens-soccer,"NCAA D3",CCIW,Cardinals,1,,,,,athletics-domain:northcentralcardinals.com,"North Central College (IL). Confirmed on northcentralcardinals.com (136 mentions); matches this school's womens-soccer row.",,,,8.2,34.61
"North Central Missouri",mens-soccer,NJCAA,MOVAL,,,Pirates,,,,"wikipedia:North Central Missouri College",,,,,5.8,
"North Florida",mens-soccer,"NCAA D1","Atlantic Sun Conference",Ospreys,1,"Ozzie Osprey",#003886,#929497,https://upload.wikimedia.org/wikipedia/en/5/59/University_of_North_Florida.svg?utm_source=en.wikipedia.org&utm_campaign=imageinfo&utm_content=original,"wikipedia:University of North Florida",,1,ASUN,"wikipedia:2025 NCAA Division I men's soccer tournament",5.8,75.04
"North Georgia",mens-soccer,"NCAA D2","Peach Belt",Nighthawks,1,,#003893,#FFC82E,https://upload.wikimedia.org/wikipedia/commons/b/b1/University_of_North_Georgia_logo.png?utm_source=commons.wikimedia.org&utm_campaign=imageinfo&utm_content=original,"wikipedia:University of North Georgia",,,,,5.4,57.72
"North Park",mens-soccer,"NCAA D3",CCIW,Vikings,1,Ragnar,#002D62,#FBD329,https://upload.wikimedia.org/wikipedia/commons/6/68/North_park_univ_textlogo.png?utm_source=commons.wikimedia.org&utm_campaign=imageinfo&utm_content=original,"wikipedia:North Park University",,,,,6.5,46.89
"Northeast Mississippi",mens-soccer,NJCAA,MACJC,Tigers,1,,#000000,#ccbb77,,"wikipedia:Northeast Mississippi Community College",,,,,5.8,
"Northeast Oklahoma A&M",mens-soccer,NJCAA,SACC,Eagles,1,,#7A303F,#011E41,https://upload.wikimedia.org/wikipedia/commons/e/ed/Texas_A%26M_University%E2%80%93Texarkana_wordmark.svg?utm_source=commons.wikimedia.org&utm_campaign=imageinfo&utm_content=original,"wikipedia:Texas A&M University–Texarkana",,,,,5.8,28.05
"Northeast Texas",mens-soccer,NJCAA,WJCAC,Eagle,0,,,,,"wikipedia:Northeast Texas Community College",,,,,5.8,18.44
Northeastern,mens-soccer,"NCAA D1","Coastal Athletic Association",Huskies,1,"Paws the Husky",#C8102E,,https://upload.wikimedia.org/wikipedia/commons/0/02/Northeastern_Wordmark.svg?utm_source=commons.wikimedia.org&utm_campaign=imageinfo&utm_content=original,"wikipedia:Northeastern University",,,,,8.8,68.87
"Northeastern State",mens-soccer,"NCAA D2",GAC,RiverHawks,1,"Rowdy the RiverHawk",#008265,#343434,https://upload.wikimedia.org/wikipedia/en/2/2d/Northeastern_State_University_logo.svg?utm_source=en.wikipedia.org&utm_campaign=imageinfo&utm_content=original,"wikipedia:Northeastern State University",,,,,5.3,54.3
"Northern Essex",mens-soccer,NJCAA,MVAL,Knights,1,,,,,athletics-domain:neccknights.com,"nickname recovered from the school's own athletics hostname; its Wikipedia article states none. Confirmed by that site's title (""Northern Essex Community College Athletics"").",,,,6.5,39.34
"Northern Idaho",mens-soccer,NJCAA,NWAACC,,,,,,,,"Cleared on audit: previous match (University of Idaho) failed re-verification",,,,5.8,
"Northern Illinois",mens-soccer,"NCAA D1","Horizon League",Huskies,1,,#C8102E,#000000,https://upload.wikimedia.org/wikipedia/en/6/6d/Northern_Illinois_University_logo.svg?utm_source=en.wikipedia.org&utm_campaign=imageinfo&utm_content=original,"wikipedia:Northern Illinois University",,,,,5.5,68.29
"Northern Kentucky",mens-soccer,"NCAA D1","Horizon League",Norse,0,"Victor E. Viking",#FFC72C,#000000,https://upload.wikimedia.org/wikipedia/en/7/7d/Northern_Kentucky_University_wordmark.svg?utm_source=en.wikipedia.org&utm_campaign=imageinfo&utm_content=original,"wikipedia:Northern Kentucky University",,,,,5.5,65.1
"Northern Michigan",mens-soccer,"NCAA D2",GLIAC,Wildcats,1,"Wildcat Willy",#095339,#FFC425,,"wikipedia:Northern Michigan University",,1,GLIAC,https://www.uppermichiganssource.com/2025/11/16/northern-michigan-mens-soccer-wins-gliac-title-first-time-program-history/,5.4,53.27
"Northland Pioneer",mens-soccer,NJCAA,ACCAC,"Golden Eagles",1,"Ernie Eagle",#003893,,https://upload.wikimedia.org/wikipedia/en/2/2c/Northland_Pioneer_College_%28logo%29.png?utm_source=en.wikipedia.org&utm_campaign=imageinfo&utm_content=original,"wikipedia:Northland Pioneer College",,,,,5.8,
"Northwest College",mens-soccer,NJCAA,RMJCAA,,,Trapper,,,https://upload.wikimedia.org/wikipedia/en/4/4d/Northwest_WY_Logo.svg?utm_source=en.wikipedia.org&utm_campaign=imageinfo&utm_content=original,"wikipedia:Northwest College",,,,,5.8,33.29
"Northwest Mississippi",mens-soccer,NJCAA,MACJC,Rangers,1,,,,,"wikipedia:Northwest Mississippi Community College",,,,,5.8,22.76
"Northwest Nazarene",mens-soccer,"NCAA D2",GNAC,Nighthawks,1,Nighthawks,,,https://upload.wikimedia.org/wikipedia/commons/e/e2/Northwest_nazarene_univ_logo.png?utm_source=commons.wikimedia.org&utm_campaign=imageinfo&utm_content=original,"wikipedia:Northwest Nazarene University",,,,,5.5,51.97
"Northwest Shoals",mens-soccer,NJCAA,ACCC,,,Patriots/Vikings,#000080,#FF0000,,"wikipedia:Northwest–Shoals Community College",,,,,5.8,
"Northwest University",mens-soccer,NAIA,Cascade,Eagles,1,,#003358,#fcbf49,https://upload.wikimedia.org/wikipedia/commons/2/29/Purdue_nw_univ_logo.png?utm_source=commons.wikimedia.org&utm_campaign=imageinfo&utm_content=original,"wikipedia:Northwest University (Kirkland, Washington)","corrected: had been matched to a different institution of a similar name; the school's own athletics domain implies ""Eagles""",,,,5.7,45.77
Northwestern,mens-soccer,"NCAA D1","Big Ten Conference",Wildcats,1,"Willie the Wildcat",#4E2A84,#FFFFFF,https://upload.wikimedia.org/wikipedia/commons/0/05/Northwestern_University_wordmark.svg?utm_source=commons.wikimedia.org&utm_campaign=imageinfo&utm_content=original,"wikipedia:Northwestern University",,,,,9.8,89.35
"Northwestern (IA)",mens-soccer,NAIA,GPAC,"Red Raiders",1,,,,https://upload.wikimedia.org/wikipedia/commons/7/73/Northwestern_college_iowa_logo.png?utm_source=commons.wikimedia.org&utm_campaign=imageinfo&utm_content=original,"wikipedia:Northwestern College (Iowa)",,,,,7.8,63.06
"Northwestern (MN)",mens-soccer,"NCAA D3",UMAC,Eagles,1,Screech,#331e54,#ecac00,https://upload.wikimedia.org/wikipedia/commons/6/62/Northwestern_univ_stpaul_logo.svg?utm_source=commons.wikimedia.org&utm_campaign=imageinfo&utm_content=original,"wikipedia:University of Northwestern – St. Paul",,,,,7.2,38.97
Northwood,mens-soccer,"NCAA D2",GLIAC,Timberwolves,1,"""Woody"" Timberwolf",#081e3f,#0076bb,https://upload.wikimedia.org/wikipedia/commons/e/ef/Northwood_univ_logo.png?utm_source=commons.wikimedia.org&utm_campaign=imageinfo&utm_content=original,"wikipedia:Northwood University",,,,,5.4,46.76
"Notre Dame",mens-soccer,"NCAA D1","Atlantic Coast Conference","Fighting Irish",1,Leprechaun,#0C2340,#AE9142,,"wikipedia:University of Notre Dame",,,,,9.5,91.84
"Nova Southeastern",mens-soccer,"NCAA D2","Sunshine State",Sharks,1,"Razor the Shortfin Mako Shark",,,https://upload.wikimedia.org/wikipedia/commons/f/fd/Nova_Southeastern_University_wordmark.svg?utm_source=commons.wikimedia.org&utm_campaign=imageinfo&utm_content=original,"wikipedia:Nova Southeastern University",,,,,7.5,58.17
Oakland,mens-soccer,"NCAA D1","Horizon League","Golden Grizzlies",1,Grizz,,,https://upload.wikimedia.org/wikipedia/commons/7/74/Oakland_University_wordmark.svg?utm_source=commons.wikimedia.org&utm_campaign=imageinfo&utm_content=original,"wikipedia:Oakland University",,,,,5.5,70.17
"Oakland City University",mens-soccer,NAIA,"River States Conference","Mighty Oaks",1,Oakie,#6baddf,#063479,,"wikipedia:Oakland City University","copied from this school's other-sport row (Oakland City University); the article ""Oakland City University"" names this institution",,,,,50.2
"Oakwood University",mens-soccer,NAIA,"HBCU Athletic Conference",Ambassadors,1,"The Ambassador",,,https://upload.wikimedia.org/wikipedia/commons/a/a1/2017acornlogo_copy.png?utm_source=commons.wikimedia.org&utm_campaign=imageinfo&utm_content=original,"wikipedia:Oakwood University","copied from this school's other-sport row (Oakwood University); the article ""Oakwood University"" names this institution",,,,,43.03
Oberlin,mens-soccer,"NCAA D3",NCAC,Yeomen,1,"Yeobie the Squirrel",#CF102D,#FFC72C,https://upload.wikimedia.org/wikipedia/commons/3/32/Oberlin_College_logo.svg?utm_source=commons.wikimedia.org&utm_campaign=imageinfo&utm_content=original,"wikipedia:Oberlin College",,,,,9.5,34.86
Odessa,mens-soccer,NJCAA,WJCAC,Wranglers,1,"""Willie"" the Wrangler",,,,"wikipedia:Odessa College",,,,,5.8,
Oglethorpe,mens-soccer,"NCAA D3",SAA,"Stormy Petrels",1,Petey,#000000,#FFDD00,https://upload.wikimedia.org/wikipedia/en/3/3e/Oglethorpe_University_logo.png?utm_source=en.wikipedia.org&utm_campaign=imageinfo&utm_content=original,"wikipedia:Oglethorpe University",,,,,6.5,43.35
"Ohio Dominican",mens-soccer,"NCAA D2",GMAC,Panthers,1,,#000000,#FFC72C,https://upload.wikimedia.org/wikipedia/en/7/76/Ohio_Dominican_University_logo.jpg?utm_source=en.wikipedia.org&utm_campaign=imageinfo&utm_content=original,"wikipedia:Ohio Dominican University",,,,,5.4,44.79
"Ohio Northern",mens-soccer,"NCAA D3",OAC,"Polar Bears",1,Klondike,#FA653D,,https://upload.wikimedia.org/wikipedia/commons/5/5b/Ohio_Northern_University_logo.svg?utm_source=commons.wikimedia.org&utm_campaign=imageinfo&utm_content=original,"wikipedia:Ohio Northern University",,,,,8.0,49.05
"Ohio State",mens-soccer,"NCAA D1","Big Ten Conference",Buckeyes,1,"Brutus Buckeye",,,https://upload.wikimedia.org/wikipedia/commons/f/fa/Ohio_State_University_horizontal_logo.svg?utm_source=commons.wikimedia.org&utm_campaign=imageinfo&utm_content=original,"wikipedia:Ohio State University",,,,,8.9,94.06
"Ohio Wesleyan",mens-soccer,"NCAA D3",NCAC,"Battling Bishops",1,"The Battling Bishop",#c81434,,https://upload.wikimedia.org/wikipedia/commons/f/f0/Owu_university_logo.png?utm_source=commons.wikimedia.org&utm_campaign=imageinfo&utm_content=original,"wikipedia:Ohio Wesleyan University",,,,,8.5,45.26
"Oklahoma Christian",mens-soccer,"NCAA D2",Heartland,Eagles,1,Eagle,#660000,#cccccc,https://upload.wikimedia.org/wikipedia/commons/0/0c/OC-Logo-MedMark1-Maroon.png?utm_source=commons.wikimedia.org&utm_campaign=imageinfo&utm_content=original,"wikipedia:Oklahoma Christian University",,,,,5.5,52.87
"Oklahoma City Community",mens-soccer,NJCAA,SACC,Stars,1,"Starsky the Ram",#00669B,,https://upload.wikimedia.org/wikipedia/commons/a/a3/Oklahoma_City_University_logo.svg?utm_source=commons.wikimedia.org&utm_campaign=imageinfo&utm_content=original,"wikipedia:Oklahoma City University",,,,,6.5,
"Oklahoma Panhandle State University",mens-soccer,NAIA,"Sooner Athletic Conference",Aggies,1,,#cf0a2c,#001f5b,https://upload.wikimedia.org/wikipedia/commons/c/c6/Oklahoma_panhandle_univ_logofull.png?utm_source=commons.wikimedia.org&utm_campaign=imageinfo&utm_content=original,"wikipedia:Oklahoma Panhandle State University","copied from this school's other-sport row (Oklahoma Panhandle State University); the article ""Oklahoma Panhandle State University"" names this institution",,,,,44.11
"Oklahoma Wesleyan University",mens-soccer,NAIA,"Kansas Collegiate Athletic Conference",Eagles,1,,,,https://upload.wikimedia.org/wikipedia/commons/d/d2/Oklahoma_Wesleyan_University_logo.svg?utm_source=commons.wikimedia.org&utm_campaign=imageinfo&utm_content=original,"wikipedia:Oklahoma Wesleyan University","copied from this school's other-sport row (Oklahoma Wesleyan University); the article ""Oklahoma Wesleyan University"" names this institution",,,,,64.43
"Old Dominion",mens-soccer,"NCAA D1","Sun Belt Conference",Monarchs,1,"Big Blue",,,https://upload.wikimedia.org/wikipedia/en/e/e7/Old_Dominion_University.svg?utm_source=en.wikipedia.org&utm_campaign=imageinfo&utm_content=original,"wikipedia:Old Dominion University",,,,,6.0,71.7
Olivet,mens-soccer,"NCAA D3",MIAA-D3,Comets,1,"Clyde & Haley",#E72523,#FFFFFF,https://upload.wikimedia.org/wikipedia/commons/c/ca/UOlivet-horizontal-full-color.jpg?utm_source=commons.wikimedia.org&utm_campaign=imageinfo&utm_content=original,"wikipedia:University of Olivet",,,,,6.5,34.79
"Olivet Nazarene",mens-soccer,NAIA,CCAC,Tigers,1,"Toby the Tiger",#48206e,#fdb913,,"wikipedia:Olivet Nazarene University",,1,NACC,https://www.ccacsports.com/sports/msoc/index,6.8,60.45
Omaha,mens-soccer,"NCAA D1","The Summit League",Mavericks,1,Durango,,,https://upload.wikimedia.org/wikipedia/commons/7/73/Nebraska%E2%80%93Omaha_wordmark.svg?utm_source=commons.wikimedia.org&utm_campaign=imageinfo&utm_content=original,"wikipedia:University of Nebraska Omaha",,,,,5.2,66.9
"Onondaga Community",mens-soccer,NJCAA,GNYAC,Lazers,1,Blaze,#56A0D3,,https://upload.wikimedia.org/wikipedia/commons/0/01/Onondaga_Community_College_Logo.svg?utm_source=commons.wikimedia.org&utm_campaign=imageinfo&utm_content=original,"wikipedia:Onondaga Community College",,,,,6.5,33.6
"Oral Roberts",mens-soccer,"NCAA D1","The Summit League","Golden Eagles",1,,#002f60,#CFB67C,https://upload.wikimedia.org/wikipedia/commons/d/da/Oral_Roberts_University_logo.png?utm_source=commons.wikimedia.org&utm_campaign=imageinfo&utm_content=original,"wikipedia:Oral Roberts University",,,,,4.8,70.19
"Orange Coast",mens-soccer,NJCAA,CCCAA,Pirates,1,"Pete the Pirate",,,,"wikipedia:Orange Coast College",,,,,7.2,20.99
"Oregon Institute of Technology",mens-soccer,NAIA,"Cascade Collegiate Conference",Owls,1,"Hootie the Owl",#003768,#fdc030,https://upload.wikimedia.org/wikipedia/commons/f/fc/Oregon_Institute_of_Technology_logo.svg?utm_source=commons.wikimedia.org&utm_campaign=imageinfo&utm_content=original,"wikipedia:Oregon Institute of Technology","copied from this school's other-sport row (Oregon Institute of Technology); the article ""Oregon Institute of Technology"" names this institution",,,,,52.69
"Oregon State",mens-soccer,"NCAA D1","Pac-12 Conference",Beavers,1,"Benny Beaver",,,https://upload.wikimedia.org/wikipedia/en/1/17/Oregon_State_University_primary_logo.svg?utm_source=en.wikipedia.org&utm_campaign=imageinfo&utm_content=original,"wikipedia:Oregon State University",,,,,7.8,81.41
"Otero College",mens-soccer,NJCAA,RMJCAA,Rattlers,1,,,,,athletics-domain:oterorattlers.com,"nickname recovered from the school's own athletics hostname; its Wikipedia article states none. Confirmed by that site's title (""Otero College"").",,,,5.8,37.19
Ottawa,mens-soccer,NAIA,KCAC,Braves,1,,#ab2328,#Ff8200,https://upload.wikimedia.org/wikipedia/commons/8/8e/Ottawa_University_wordmark.svg?utm_source=commons.wikimedia.org&utm_campaign=imageinfo&utm_content=original,"wikipedia:Ottawa University",,,,,5.6,56.91
"Ottawa University Arizona",mens-soccer,NAIA,,,,,,,,,"Added for coaching-contact coverage; soccer_score/academic_rating are placeholders",,,,6.0,45.0
Otterbein,mens-soccer,"NCAA D3",OAC,Cardinals,1,"Cardy the Cardinal",,,https://upload.wikimedia.org/wikipedia/en/6/67/Otterbein_University_logo.png?utm_source=en.wikipedia.org&utm_campaign=imageinfo&utm_content=original,"wikipedia:Otterbein University",,1,OAC,https://oac.org/news/2025/11/9/mens-soccer-otterbein-outlasts-onu-in-penalty-kicks-wins-second-straight-oac-tournament-title.aspx,6.5,47.01
"Ouachita Baptist",mens-soccer,"NCAA D2",GAC,Tigers,1,Tiger,#552988,#FFC627,https://upload.wikimedia.org/wikipedia/en/1/16/Ouachita_Baptist_University_horizontal_wordmark_2025.png?utm_source=en.wikipedia.org&utm_campaign=imageinfo&utm_content=original,"wikipedia:Ouachita Baptist University",,,,,5.5,44.65
"Our Lady of the Lake University",mens-soccer,NAIA,"Red River Athletic Conference",Saints,1,,,,https://upload.wikimedia.org/wikipedia/commons/8/87/Primary-academic-logo-W-DUO.png?utm_source=commons.wikimedia.org&utm_campaign=imageinfo&utm_content=original,"wikipedia:Our Lady of the Lake University","copied from this school's other-sport row (Our Lady of the Lake University); the article ""Our Lady of the Lake University"" names this institution",,,,,49.51
Owens,mens-soccer,NJCAA,OHSJCC,,,,,,,,"No usable Wikipedia infobox found for this name",,,,5.8,32.33
Ozarka,mens-soccer,NJCAA,MOVAL,,,,,,,"wikipedia:Ozarka College","No usable Wikipedia infobox found for this name",,,,5.2,
"Ozarks (AR)",mens-soccer,NAIA,AMC,Ozarks,1,Eagles,,,https://upload.wikimedia.org/wikipedia/commons/e/e0/UofO_Color-GreyBack.png?utm_source=commons.wikimedia.org&utm_campaign=imageinfo&utm_content=original,"wikipedia:University of the Ozarks",,,,,5.6,44.31
"Ozarks (MO)",mens-soccer,NAIA,AMC,Bobcats,1,,,,,"wikipedia:College of the Ozarks",,,,,5.6,43.89
Pace,mens-soccer,"NCAA D2",,,,,,,,,"Added for coaching-contact coverage; soccer_score/academic_rating are placeholders",,,,6.0,48.0
Pacific,mens-soccer,"NCAA D1","West Coast Conference",Tigers,1,Powercat,#FF671D,,https://upload.wikimedia.org/wikipedia/en/4/40/Pacific_University_Oregon_hz_logo.svg?utm_source=en.wikipedia.org&utm_campaign=imageinfo&utm_content=original,"wikipedia:University of the Pacific (United States)","corrected: had been matched to a different institution of a similar name; the school's own athletics domain implies ""Tigers""",,,,6.8,67.91
"Pacific Lutheran",mens-soccer,"NCAA D3",NWC,Lutes,1,"Sir Lance-a-Lute",,,https://upload.wikimedia.org/wikipedia/commons/f/f4/Pacific_lutheran_univ_logo.png?utm_source=commons.wikimedia.org&utm_campaign=imageinfo&utm_content=original,"wikipedia:Pacific Lutheran University",,,,,6.5,50.06
"Pacific Union College",mens-soccer,NAIA,"California Pacific Conference",Pioneers,1,"Pioneer Pete",#1e5732,#aa9e7d,,"wikipedia:Pacific Union College","copied from this school's other-sport row (Pacific Union College); the article ""Pacific Union College"" names this institution",,,,,40.65
"Palm Beach Atlantic",mens-soccer,"NCAA D2","Sunshine State",Sailfish,0,,#002a5c,,https://upload.wikimedia.org/wikipedia/en/c/cc/Palm_Beach_Atlantic_Univ._logo.png?utm_source=en.wikipedia.org&utm_campaign=imageinfo&utm_content=original,"wikipedia:Palm Beach Atlantic University",,,,,5.4,60.53
Panola,mens-soccer,NJCAA,WJCAC,Pony,0,,,,,"wikipedia:Panola College",,,,,5.8,28.76
"Paradise Valley",mens-soccer,NJCAA,ACCAC,,,,,,,,"No usable Wikipedia infobox found for this name",,,,6.8,26.25
Park,mens-soccer,NAIA,AMC,Pirates,1,,#9D2235,#F5A81C,https://upload.wikimedia.org/wikipedia/en/f/f9/Park_University_logo.svg?utm_source=en.wikipedia.org&utm_campaign=imageinfo&utm_content=original,"wikipedia:Park University",,,,,5.6,46.53
"Park University Gilbert",mens-soccer,NAIA,,,,,,,,,"Added for coaching-contact coverage; soccer_score/academic_rating are placeholders",,,,6.0,45.0
Parkland,mens-soccer,NJCAA,GRAC,,,,,,,,"No usable Wikipedia infobox found for this name",,,,7.0,33.62
"Passaic County",mens-soccer,NJCAA,GNYAC,,,,,,,,"No usable Wikipedia infobox found for this name",,,,6.0,
"Paul D. Camp",mens-soccer,NJCAA,VCCAA,,,,,,,"wikipedia:Paul D. Camp Community College","No usable Wikipedia infobox found for this name",,,,5.8,
"Paul Quinn College",mens-soccer,NAIA,"Red River Athletic Conference",Tigers,1,,#45115e,#fece1c,,"wikipedia:Paul Quinn College","copied from this school's other-sport row (Paul Quinn College); the article ""Paul Quinn College"" names this institution",,,,,41.43
"Pearl River",mens-soccer,NJCAA,MACJC,,,Wildcats,,,,"wikipedia:Pearl River Community College",,,,,5.8,36.37
"Pellissippi State",mens-soccer,NJCAA,TCCAA,Panthers,1,,,,https://upload.wikimedia.org/wikipedia/en/0/0c/Pellissippi_State_CC_logo.png?utm_source=en.wikipedia.org&utm_campaign=imageinfo&utm_content=original,"wikipedia:Pellissippi State Community College",,,,,6.5,
Penn,mens-soccer,"NCAA D1","Ivy League",Quakers,1,"The Quaker",,,,"wikipedia:University of Pennsylvania",,,,,10.0,83.58
"Penn State",mens-soccer,"NCAA D1","Big Ten Conference","Nittany Lions",1,"Nittany Lion",,,https://upload.wikimedia.org/wikipedia/en/6/6b/Pennsylvania_State_University_logo.svg?utm_source=en.wikipedia.org&utm_campaign=imageinfo&utm_content=original,"wikipedia:Pennsylvania State University",,,,,8.7,83.0
"Penn State Behrend",mens-soccer,"NCAA D3",AMCC,Lions,1,"Nittany Lion",#000099,,https://upload.wikimedia.org/wikipedia/en/f/f5/Penn_State_Behrend_logo.svg?utm_source=en.wikipedia.org&utm_campaign=imageinfo&utm_content=original,"wikipedia:Penn State Erie, The Behrend College",,,,,6.2,47.61
"Penn State Harrisburg",mens-soccer,"NCAA D3",AMCC,,,"Nittany Lion",,,https://upload.wikimedia.org/wikipedia/en/b/be/Penn_State_Harrisburg_logo.svg?utm_source=en.wikipedia.org&utm_campaign=imageinfo&utm_content=original,"wikipedia:Penn State Harrisburg",,,,,6.2,45.58
"Penn State Hazleton",mens-soccer,NJCAA,PSJUCO,,,"Nittany Lion",,,https://upload.wikimedia.org/wikipedia/en/1/15/Penn_State_Hazleton_logo.svg?utm_source=en.wikipedia.org&utm_campaign=imageinfo&utm_content=original,"wikipedia:Penn State Hazleton",,,,,5.8,
"PennWest California",mens-soccer,"NCAA D2",PSAC,Vulcans,1,Blaze,,,https://upload.wikimedia.org/wikipedia/commons/8/8b/PennWest_california_wordmark.png?utm_source=commons.wikimedia.org&utm_campaign=imageinfo&utm_content=original,"wikipedia:PennWest California",,,,,5.3,45.79
"PennWest Johnstown",mens-soccer,"NCAA D2",PSAC,,,,,,,,"Cleared on audit: previous match (PennWest Edinboro) failed re-verification",,,,5.3,47.99
"Pensacola State",mens-soccer,NJCAA,FCSAA,Pirates,1,,#036A38,#003E7E,https://upload.wikimedia.org/wikipedia/en/2/24/Logo-of-Pensacola-State-College.svg?utm_source=en.wikipedia.org&utm_campaign=imageinfo&utm_content=original,"wikipedia:Pensacola State College",,,,,6.8,
"Piedmont Virginia",mens-soccer,NJCAA,VCCAA,Panthers,1,"Pouncer the Panther",#861f41,#003087,https://upload.wikimedia.org/wikipedia/commons/9/9b/Piedmont_VA_Comm_College_logo.gif?utm_source=commons.wikimedia.org&utm_campaign=imageinfo&utm_content=original,"wikipedia:Piedmont Virginia Community College",,,,,5.8,
Pikeville,mens-soccer,NAIA,AMC,Bears,1,"Pikey the Bear",#ff4713,,https://upload.wikimedia.org/wikipedia/commons/0/06/Upike_univ_logo.png?utm_source=commons.wikimedia.org&utm_campaign=imageinfo&utm_content=original,"wikipedia:University of Pikeville",,,,,5.6,45.73
Pima,mens-soccer,NJCAA,ACCAC,Aztecs,1,,,,,"wikipedia:Pima Community College",,,,,6.8,43.0
Pittsburgh,mens-soccer,"NCAA D1","Atlantic Coast Conference",Panthers,1,"Roc the Panther",,,https://upload.wikimedia.org/wikipedia/en/d/dc/University_of_Pittsburgh_logo.svg?utm_source=en.wikipedia.org&utm_campaign=imageinfo&utm_content=original,"wikipedia:University of Pittsburgh",,,,,8.3,90.61
"Plattsburgh State",mens-soccer,"NCAA D3",SUNYAC,Cardinals,1,Burghy,#C8102E,#27251F,https://upload.wikimedia.org/wikipedia/commons/a/ae/State_University_of_New_York_at_Plattsburgh_wordmark.svg?utm_source=commons.wikimedia.org&utm_campaign=imageinfo&utm_content=original,"wikipedia:State University of New York at Plattsburgh",,,,,6.2,45.99
"Plymouth State",mens-soccer,"NCAA D3",LEC,Panthers,1,"Pemi the Panther",,,https://upload.wikimedia.org/wikipedia/commons/8/8d/Plymouth_st_univ_logo.png?utm_source=commons.wikimedia.org&utm_campaign=imageinfo&utm_content=original,"wikipedia:Plymouth State University",,,,,6.2,37.23
"Point (GA)",mens-soccer,NAIA,"Southern States Athletic Conference",Skyhawks,1,,#00407a,#fcc917,https://upload.wikimedia.org/wikipedia/commons/c/cb/PointUnivlogo.png?utm_source=commons.wikimedia.org&utm_campaign=imageinfo&utm_content=original,"wikipedia:Point University","copied from this school's other-sport row (Point University); the article ""Point University"" names this institution",,,,5.6,44.14
"Point Loma Nazarene",mens-soccer,"NCAA D2",PacWest,"Sea Lions",1,"Splash the Sea Lion",,,https://upload.wikimedia.org/wikipedia/en/d/dc/Point_Loma_Nazarene_University_logo.svg?utm_source=en.wikipedia.org&utm_campaign=imageinfo&utm_content=original,"wikipedia:Point Loma Nazarene University",,1,PacWest,https://thepacwest.com/news/2025/12/15/pacwest-mens-soccer-season-one-for-the-books.aspx,8.0,60.32
"Point Park",mens-soccer,"NCAA D2",AMC,Pioneers,1,"Black Diamond II the Bison",#007c57,#e3d479,https://upload.wikimedia.org/wikipedia/commons/3/30/Point_park_univ_logo.png?utm_source=commons.wikimedia.org&utm_campaign=imageinfo&utm_content=original,"wikipedia:Point Park University",,,,,5.4,54.51
"Polk State",mens-soccer,NJCAA,FCSAA,Eagles,1,,#b13146,#e9b54a,,"wikipedia:Polk State College",,,,,6.8,
Pomona-Pitzer,mens-soccer,"NCAA D3",SCIAC,Sagehens,1,,,,,athletics-domain:sagehens.com,"nickname recovered from the school's own athletics hostname; its Wikipedia article states none. Confirmed by that site's title (""Pomona Pitzer Athletics"").",,,,10.0,44.52
Portland,mens-soccer,"NCAA D1","West Coast Conference",Pilots,1,"Wally Pilot",#1E1656,#FFFFFF,https://upload.wikimedia.org/wikipedia/en/c/ca/University_of_Portland_logo.svg?utm_source=en.wikipedia.org&utm_campaign=imageinfo&utm_content=original,"wikipedia:University of Portland",,,,,7.6,94.55
Post,mens-soccer,"NCAA D2",ECC,Eagles,1,"""Swoop"" the Eagle",#632D50,#FF8300,,"wikipedia:Post University",,,,,5.4,63.96
"Prairie State",mens-soccer,NJCAA,GRAC,Pioneers,1,,,,https://upload.wikimedia.org/wikipedia/commons/e/e9/Prairie_State_College_logo.svg?utm_source=commons.wikimedia.org&utm_campaign=imageinfo&utm_content=original,"wikipedia:Prairie State College",,,,,5.8,38.22
"Pratt Community",mens-soccer,NJCAA,KJCCC,Cannoneers,1,"Charlie the Cannoneer",#FFCE2E,#000000,https://upload.wikimedia.org/wikipedia/commons/3/39/Pratt_Institute_Logo.svg?utm_source=commons.wikimedia.org&utm_campaign=imageinfo&utm_content=original,"wikipedia:Pratt Institute",,,,,6.0,27.41
Presbyterian,mens-soccer,"NCAA D1","Big South Conference","Blue Hose",0,,,,,athletics-domain:gobluehose.com,"confirmed on gobluehose.com (20 mentions); unique nickname, so the table-derived vocabulary could not recover it",,,,5.3,72.81
Princeton,mens-soccer,"NCAA D1","Ivy League",Tigers,1,"The Tiger",,,https://upload.wikimedia.org/wikipedia/en/0/0e/Princeton_logo.svg?utm_source=en.wikipedia.org&utm_campaign=imageinfo&utm_content=original,"wikipedia:Princeton University",,1,Ivy,"wikipedia:2025 NCAA Division I men's soccer tournament",10.0,82.75
Providence,mens-soccer,"NCAA D1","Big East Conference",Friars,1,"Friar Dom",#041e42,#3dae2b,https://upload.wikimedia.org/wikipedia/commons/d/d8/Providence_univ_montana_logo.png?utm_source=commons.wikimedia.org&utm_campaign=imageinfo&utm_content=original,athletics-domain:friars.com,"Providence College (RI, Big East). Had been matched to the University of Providence (MT), a different institution, whose Argonauts remain correct on the Providence (MT) row.",,,,7.2,83.49
"Providence (MT)",mens-soccer,NAIA,"Cascade Collegiate Conference",Argonauts,1,,#041e42,#3dae2b,https://upload.wikimedia.org/wikipedia/commons/d/d8/Providence_univ_montana_logo.png?utm_source=commons.wikimedia.org&utm_campaign=imageinfo&utm_content=original,"wikipedia:University of Providence","copied from this school's other-sport row (University of Providence); the article ""University of Providence"" names this institution",,,,6.5,39.89
"Puget Sound",mens-soccer,"NCAA D3",NWC,Loggers,1,"""Grizz"" the Logger",,,https://upload.wikimedia.org/wikipedia/en/3/33/University_of_Puget_Sound_logo.svg?utm_source=en.wikipedia.org&utm_campaign=imageinfo&utm_content=original,"wikipedia:University of Puget Sound",,,,,8.0,41.15
"Purdue Fort Wayne",mens-soccer,"NCAA D1","Horizon League",Mastodons,1,"Don the Mastodon",,,https://upload.wikimedia.org/wikipedia/commons/a/aa/Purdue-FW-Logo-LinkPreview.png?utm_source=commons.wikimedia.org&utm_campaign=imageinfo&utm_content=original,"wikipedia:Purdue University Fort Wayne",,,,,4.8,75.0
"Purdue Northwest",mens-soccer,"NCAA D2",GLIAC,Pride,0,"Lion (named Leo)",#E6B10E,#000000,https://upload.wikimedia.org/wikipedia/commons/2/29/Purdue_nw_univ_logo.png?utm_source=commons.wikimedia.org&utm_campaign=imageinfo&utm_content=original,"wikipedia:Purdue University Northwest",,,,,5.4,51.89
"Queens (CUNY)",mens-soccer,"NCAA D2",ECC,Knights,1,Knight,,,https://upload.wikimedia.org/wikipedia/commons/e/e7/Queens_college_logo.png?utm_source=commons.wikimedia.org&utm_campaign=imageinfo&utm_content=original,"wikipedia:Queens College, City University of New York",,,,,6.8,61.76
"Queens (NC)",mens-soccer,"NCAA D1","Atlantic Sun Conference",Royals,1,,,,,athletics-domain:queensathletics.com,"confirmed on the Queens University of Charlotte men's soccer roster page (41 mentions)",,,,5.6,68.02
Queensborough,mens-soccer,NJCAA,GNYAC,Tigers,1,Tiger,,,https://upload.wikimedia.org/wikipedia/commons/b/bb/QueensboroughCC_logo.svg?utm_source=commons.wikimedia.org&utm_campaign=imageinfo&utm_content=original,athletics-domain:qcctigers.com,"nickname recovered from the school's own athletics hostname; its Wikipedia article states none. Confirmed by that site's title (""Queensborough Community College - Official Athletics Website"").",,,,6.5,27.02
Quincy,mens-soccer,"NCAA D2",GLVC,Hawks,1,"Victor E. Hawk",#3D141A,,https://upload.wikimedia.org/wikipedia/commons/6/6e/Quince_univ_logo_text.png?utm_source=commons.wikimedia.org&utm_campaign=imageinfo&utm_content=original,"wikipedia:Quincy University",,,,,5.4,51.63
Quinnipiac,mens-soccer,"NCAA D1","Metro Atlantic Athletic Conference",Bobcats,1,"Boomer the Bobcat",#0b233f,#fdb427,https://upload.wikimedia.org/wikipedia/commons/0/0d/Quinnipiac_University_logo_%282017%29.svg?utm_source=commons.wikimedia.org&utm_campaign=imageinfo&utm_content=original,"wikipedia:Quinnipiac University",,,,,6.6,72.01
Radford,mens-soccer,"NCAA D1","Big South Conference",Highlanders,1,"The Highlander",#C2011B,#003C71,https://upload.wikimedia.org/wikipedia/commons/9/91/Radford_University_Logo.svg?utm_source=commons.wikimedia.org&utm_campaign=imageinfo&utm_content=original,"wikipedia:Radford University",,,,,4.8,58.77
Randolph-Macon,mens-soccer,"NCAA D3",ODAC,"Yellow Jackets",1,,#F5F556,,https://upload.wikimedia.org/wikipedia/commons/c/cd/Randolphmacon_wordmark.png?utm_source=commons.wikimedia.org&utm_campaign=imageinfo&utm_content=original,"wikipedia:Randolph–Macon College",,,,,8.2,42.01
Ranger,mens-soccer,NJCAA,WJCAC,,,,,,,,"No usable Wikipedia infobox found for this name",,,,5.2,32.81
"Reading Area",mens-soccer,NJCAA,EPAC,,,Raven,,,,"wikipedia:Reading Area Community College",,,,,5.8,
"Regis (CO)",mens-soccer,"NCAA D2",RMAC,Rangers,1,"Regi the Ranger",#33556D,#F1C400,https://upload.wikimedia.org/wikipedia/commons/4/46/Regis_univ_denver_logo.svg?utm_source=commons.wikimedia.org&utm_campaign=imageinfo&utm_content=original,"wikipedia:Regis University",,,,,6.8,56.21
"Reinhardt University",mens-soccer,NAIA,"Appalachian Athletic Conference",Eagles,1,"SOAR, the Eagle",#002e5c,#f1b310,https://upload.wikimedia.org/wikipedia/commons/9/91/Reinhardt_univ_horizlogo.png?utm_source=commons.wikimedia.org&utm_campaign=imageinfo&utm_content=original,"wikipedia:Reinhardt University","copied from this school's other-sport row (Reinhardt University); the article ""Reinhardt University"" names this institution",,,,,47.39
"Rend Lake",mens-soccer,NJCAA,GRAC,Warriors,1,,#CC0000,#000000,https://upload.wikimedia.org/wikipedia/en/9/96/RendLakeCollegeLogo.png?utm_source=en.wikipedia.org&utm_campaign=imageinfo&utm_content=original,"wikipedia:Rend Lake College",,,,,5.8,
Rensselaer,mens-soccer,"NCAA D3","Liberty League",Engineers,1,,#E2231B,#FFFFFF,https://upload.wikimedia.org/wikipedia/commons/c/c9/Rensselear_poly_ny_logo.png?utm_source=commons.wikimedia.org&utm_campaign=imageinfo&utm_content=original,"wikipedia:Rensselaer Polytechnic Institute",,,,,9.5,36.93
"Rhode Island",mens-soccer,"NCAA D1","Atlantic 10 Conference",Rams,1,"Rhody the Ram",#002147,#75b2dd,https://upload.wikimedia.org/wikipedia/commons/c/cd/University_of_Rhode_Island_logo.svg?utm_source=commons.wikimedia.org&utm_campaign=imageinfo&utm_content=original,"wikipedia:University of Rhode Island",,,,,6.5,71.23
"Rhode Island College",mens-soccer,"NCAA D3",LEC,Anchormen,1,Anchorman,,,https://upload.wikimedia.org/wikipedia/commons/a/a3/Rhodeisland_college_logo.svg?utm_source=commons.wikimedia.org&utm_campaign=imageinfo&utm_content=original,"wikipedia:Rhode Island College",,,,,6.6,40.28
Rhodes,mens-soccer,"NCAA D3",SAA,Lynx,0,Leroy,#EF3A41,#000000,https://upload.wikimedia.org/wikipedia/en/6/64/Rhodes_College_logo.svg?utm_source=en.wikipedia.org&utm_campaign=imageinfo&utm_content=original,"wikipedia:Rhodes College","copied from this school's other-sport row (Rhodes College); the article ""Rhodes College"" names this institution",,,,8.8,44.11
Richland,mens-soccer,NJCAA,WJCAC,,,Roadrunner,,,,"wikipedia:University of Wisconsin–Platteville Richland",,,,,6.8,42.57
Rider,mens-soccer,"NCAA D1","Metro Atlantic Athletic Conference",Broncs,1,,#981E32,#6C6F70,https://upload.wikimedia.org/wikipedia/commons/d/d8/Rider_University_wordmark.svg?utm_source=commons.wikimedia.org&utm_campaign=imageinfo&utm_content=original,"wikipedia:Rider University",,,,,5.5,74.39
"Rio Grande (University of)",mens-soccer,NAIA,"River States Conference",,,,,,,,,,,,,58.15
Ripon,mens-soccer,"NCAA D3",MWC-D3,"Red Hawks",1,"Rally the Red Hawk",#9d2235,#000000,https://upload.wikimedia.org/wikipedia/en/b/bd/Ripon_College_Logo.svg?utm_source=en.wikipedia.org&utm_campaign=imageinfo&utm_content=original,"wikipedia:Ripon College (Wisconsin)",,,,,6.5,44.05
Riverside,mens-soccer,NJCAA,CCCAA,Highlanders,1,"Scotty Highlander",,,https://upload.wikimedia.org/wikipedia/commons/a/aa/UC_Riverside_logo.svg?utm_source=commons.wikimedia.org&utm_campaign=imageinfo&utm_content=original,"wikipedia:University of California, Riverside",,,,,6.8,
"Roane State",mens-soccer,NJCAA,TCCAA,,,,,,,,"Cleared on audit: previous match (Pellissippi State Community College) failed re-verification",,,,6.5,
Roanoke,mens-soccer,"NCAA D3",ODAC,Maroons,1,"Rooney (a ""Maroon-tailed Hawk"")",#8F2140,#636B70,https://upload.wikimedia.org/wikipedia/commons/2/2d/RoanokeCollegeWorkmark1.png?utm_source=commons.wikimedia.org&utm_campaign=imageinfo&utm_content=original,"wikipedia:Roanoke College",,,,,6.5,41.4
"Robert Morris",mens-soccer,"NCAA D1","Horizon League",Colonials,1,RoMo,#14234B,#FFFFFF,https://upload.wikimedia.org/wikipedia/commons/9/95/Robert_Morris_University_wordmark.svg?utm_source=commons.wikimedia.org&utm_campaign=imageinfo&utm_content=original,"wikipedia:Robert Morris University",,,,,5.0,74.65
"Roberts Wesleyan",mens-soccer,"NCAA D2",ECC,Redhawks,1,"Reggie the Redhawk",,,,"wikipedia:Roberts Wesleyan University",,1,ECC,https://eccsports.org/news/2025/11/16/roberts-wesleyan-wins-programs-first-ecc-mens-soccer-championship.aspx,5.4,58.92
Rochester,mens-soccer,"NCAA D3",UAA,Yellowjackets,1,"Rocky the Yellowjacket",,,https://upload.wikimedia.org/wikipedia/en/3/34/University_of_Rochester_logo_%282025%29.svg?utm_source=en.wikipedia.org&utm_campaign=imageinfo&utm_content=original,"wikipedia:University of Rochester",,,,,9.8,49.15
"Rochester Christian University",mens-soccer,NAIA,"Wolverine-Hoosier Athletic Conference",Warriors,1,,#ce202f,,,"wikipedia:Rochester Christian University","copied from this school's other-sport row (Rochester Christian University); the article ""Rochester Christian University"" names this institution",,,,,39.24
"Rochester Institute of Technology",mens-soccer,"NCAA D3","Liberty League",Tigers,1,"RITchie the Tiger",,,https://upload.wikimedia.org/wikipedia/commons/0/06/RIT_2018_logo_short_orange.svg?utm_source=commons.wikimedia.org&utm_campaign=imageinfo&utm_content=original,"wikipedia:Rochester Institute of Technology",,,,,9.0,39.54
"Rock Valley",mens-soccer,NJCAA,GRAC,"Golden Eagles",1,"Arvee the Golden Eagle",#003866,#FFD12F,,"wikipedia:Rock Valley College",,,,,6.0,33.56
Rockhurst,mens-soccer,"NCAA D2",MIAA,Hawks,1,Hawk,#0055AF,#FFFFFF,https://upload.wikimedia.org/wikipedia/commons/e/ed/Rockhurst_University_logo.png?utm_source=commons.wikimedia.org&utm_campaign=imageinfo&utm_content=original,"wikipedia:Rockhurst University",,,,,6.8,57.74
"Rockland Community",mens-soccer,NJCAA,GNYAC,"Fighting Hawks",1,"Rocky the Hawk",,,https://upload.wikimedia.org/wikipedia/en/4/47/Rockland_Community_College_Logo.png?utm_source=en.wikipedia.org&utm_campaign=imageinfo&utm_content=original,"wikipedia:Rockland Community College",,,,,6.0,22.87
"Rocky Mountain",mens-soccer,NAIA,Frontier,"Battlin' Bears",1,,#00582c,#af9c68,,"wikipedia:Rocky Mountain College",,,,,5.6,50.3
"Roger Williams",mens-soccer,"NCAA D3",CCC,Hawks,1,,,,https://upload.wikimedia.org/wikipedia/commons/4/4c/Roger_Williams_University_logo.png?utm_source=commons.wikimedia.org&utm_campaign=imageinfo&utm_content=original,"wikipedia:Roger Williams University",,1,CCC,https://cnesports.org/news/2025/11/9/mens-soccer-hawks-take-home-cne-championship-defeat-suffolk-on-pks.aspx,6.5,46.49
"Rogers State",mens-soccer,"NCAA D2",Heartland,Hillcats,1,"Hunter the Hillcat",,,https://upload.wikimedia.org/wikipedia/en/5/5f/Rogers_State_University_logo.svg?utm_source=en.wikipedia.org&utm_campaign=imageinfo&utm_content=original,"wikipedia:Rogers State University",,,,,5.3,62.27
Rollins,mens-soccer,"NCAA D2","Sunshine State",Tars,1,"Tommy Tar",#0071BA,#FACF00,,"wikipedia:Rollins College",,,,,8.2,62.53
Roosevelt,mens-soccer,"NCAA D2",CCAC,Lakers,1,"Fala the Laker",#00843d,,https://upload.wikimedia.org/wikipedia/commons/a/ad/Roosevelt_University_Logo.svg?utm_source=commons.wikimedia.org&utm_campaign=imageinfo&utm_content=original,"wikipedia:Roosevelt University",,,,,5.4,61.66
"Rose State",mens-soccer,NJCAA,SACC,Raiders,1,Raider,,,,athletics-domain:rscraiders.com,"nickname recovered from the school's own athletics hostname; its Wikipedia article states none. Confirmed by that site's title (""Rose State College Athletics - Official Athletics Website"").",,,,6.5,29.44
Rose-Hulman,mens-soccer,"NCAA D3",HCAC,"Fightin' Engineers",1,"Rosie the Elephant",#800000,#FFFFFF,https://upload.wikimedia.org/wikipedia/commons/3/35/Rose%E2%80%93Hulman_Institute_of_Technology_wordmark.svg?utm_source=commons.wikimedia.org&utm_campaign=imageinfo&utm_content=original,"wikipedia:Rose–Hulman Institute of Technology",,,,,9.5,51.37
Rowan,mens-soccer,"NCAA D3",NJAC,Profs,1,"Whoo RU the Prof",#57150B,#FFCC00,https://upload.wikimedia.org/wikipedia/en/c/c4/Rowan_University_logo.svg?utm_source=en.wikipedia.org&utm_campaign=imageinfo&utm_content=original,"wikipedia:Rowan University",,,,,6.5,47.6
Rutgers,mens-soccer,"NCAA D1","Big Ten Conference","Scarlet Knights",1,"Sir Henry, the Scarlet Knight",#CC0033,,,"wikipedia:Rutgers University",,,,,8.3,85.3
Rutgers-Camden,mens-soccer,"NCAA D3",NJAC,,,"Scarlet Raptors",#CC0033,,https://upload.wikimedia.org/wikipedia/commons/b/bf/Rutgers_camden_univ_logo.png?utm_source=commons.wikimedia.org&utm_campaign=imageinfo&utm_content=original,"wikipedia:Rutgers University–Camden",,,,,6.2,40.37
Rutgers-Newark,mens-soccer,"NCAA D3",NJAC,"Scarlet Raiders",1,"Scarlett Raider the Fox",#CC0033,,https://upload.wikimedia.org/wikipedia/commons/8/8c/Rutgers_newark_univ_logo.png?utm_source=commons.wikimedia.org&utm_campaign=imageinfo&utm_content=original,"wikipedia:Rutgers University–Newark",,,,,6.2,42.08
SCAD,mens-soccer,"NCAA D3",ASC,Bees,1,"Art the Bee",,,https://upload.wikimedia.org/wikipedia/commons/a/ad/Scad_college_art_design_logo.png?utm_source=commons.wikimedia.org&utm_campaign=imageinfo&utm_content=original,"wikipedia:Savannah College of Art and Design",,,,,6.5,41.24
SIUE,mens-soccer,"NCAA D1","Ohio Valley Conference",Cougars,1,"Eddie the Cougar #57",#CC0000,#FFFFFF,,"wikipedia:Southern Illinois University Edwardsville",,,,,5.2,73.28
SMU,mens-soccer,"NCAA D1","Atlantic Coast Conference",Mustangs,1,Peruna,#CC0035,#354CA1,https://upload.wikimedia.org/wikipedia/en/6/6d/Southern_Methodist_University_logo.svg?utm_source=en.wikipedia.org&utm_campaign=imageinfo&utm_content=original,"wikipedia:Southern Methodist University",,1,ACC,"wikipedia:2025 NCAA Division I men's soccer tournament",8.5,100.0
"SUNY Cortland",mens-soccer,"NCAA D3",SUNYAC,"Red Dragons",1,Blaze,,,https://upload.wikimedia.org/wikipedia/commons/6/6a/SUNY_Cortland_Logo.svg?utm_source=commons.wikimedia.org&utm_campaign=imageinfo&utm_content=original,"wikipedia:State University of New York at Cortland",,,,,6.2,50.21
"SUNY Geneseo",mens-soccer,"NCAA D3",SUNYAC,Knights,1,"Victor E. Knight",#003087,#9ea2a2,https://upload.wikimedia.org/wikipedia/en/a/a6/SUNY_Geneseo_logo.svg?utm_source=en.wikipedia.org&utm_campaign=imageinfo&utm_content=original,"wikipedia:State University of New York at Geneseo",,1,"Empire 8",https://empire8.com/news/2025/11/6/no-1-suny-geneseo-and-no-2-seed-suny-brockport-to-meet-in-2025-empire-8-mens-soccer-championship-match.aspx,8.5,44.78
"SUNY New Paltz",mens-soccer,"NCAA D3",SUNYAC,Hawks,1,"Hugo the Hawk",,,https://upload.wikimedia.org/wikipedia/commons/a/af/SUNY_New_Paltz_logo.svg?utm_source=commons.wikimedia.org&utm_campaign=imageinfo&utm_content=original,"wikipedia:State University of New York at New Paltz",,,,,6.2,44.98
"SUNY Old Westbury",mens-soccer,"NCAA D3",Skyline,Panthers,1,"OWWIN the Panther",#00693E,#FFFFF0,https://upload.wikimedia.org/wikipedia/en/2/2f/SUNY_Old_Westbury_logo.svg?utm_source=en.wikipedia.org&utm_campaign=imageinfo&utm_content=original,"wikipedia:State University of New York at Old Westbury",,,,,6.2,36.12
"SUNY Oneonta",mens-soccer,"NCAA D3",SUNYAC,"Red Dragons",1,,,,https://upload.wikimedia.org/wikipedia/commons/9/9a/Suny_oneota_textlogo.png?utm_source=commons.wikimedia.org&utm_campaign=imageinfo&utm_content=original,"wikipedia:State University of New York at Oneonta",,1,SUNYAC,https://www.sunyacsports.com/sports/msoc/2025-26/releases/20251107e8snt6,6.2,48.57
"SUNY Oswego",mens-soccer,"NCAA D3",SUNYAC,Lakers,1,,#355E3B,#FFCC33,https://upload.wikimedia.org/wikipedia/en/1/10/SUNY_Oswego_logo.svg?utm_source=en.wikipedia.org&utm_campaign=imageinfo&utm_content=original,"wikipedia:State University of New York at Oswego",,,,,6.2,35.21
"SUNY Potsdam",mens-soccer,"NCAA D3",SUNYAC,Bears,1,"Max C. Bear",#8A1538,#A2AAAD,https://upload.wikimedia.org/wikipedia/en/d/d3/SUNY_Potsdam_logo.svg?utm_source=en.wikipedia.org&utm_campaign=imageinfo&utm_content=original,"wikipedia:State University of New York at Potsdam",,,,,6.2,35.8
"Sacramento State",mens-soccer,"NCAA D1","Big West Conference",Hornets,1,"Herky the Hornet",,,https://upload.wikimedia.org/wikipedia/commons/c/cc/California_State_University%2C_Sacramento_logo.svg?utm_source=commons.wikimedia.org&utm_campaign=imageinfo&utm_content=original,"wikipedia:California State University, Sacramento",,,,,5.8,65.4
"Sacred Heart",mens-soccer,"NCAA D1","Metro Atlantic Athletic Conference",Pioneers,1,"""Big Red"" the Pioneer",#DC143C,#FFFFFF,https://upload.wikimedia.org/wikipedia/commons/7/7c/Sacred_Heart_University_logo.png?utm_source=commons.wikimedia.org&utm_campaign=imageinfo&utm_content=original,"wikipedia:Sacred Heart University",,,,,5.8,76.46
"Saginaw Valley State",mens-soccer,"NCAA D2",GLIAC,Cardinals,1,,#003663,#990000,https://upload.wikimedia.org/wikipedia/commons/e/e2/Saginaw_Valley_State_University_logo.svg?utm_source=commons.wikimedia.org&utm_campaign=imageinfo&utm_content=original,"wikipedia:Saginaw Valley State University",,,,,5.3,63.86
"Saint Ambrose",mens-soccer,NAIA,CCAC,"Fighting Bees",1,,#00529b,,,"wikipedia:St. Ambrose University",,,,,6.8,45.13
"Saint Anselm",mens-soccer,"NCAA D2",Northeast-10,Hawks,1,,#143E5F,,https://upload.wikimedia.org/wikipedia/commons/6/6b/Saint_Anselm_College_wordmark.svg?utm_source=commons.wikimedia.org&utm_campaign=imageinfo&utm_content=original,"wikipedia:Saint Anselm College",,,,,7.0,50.45
"Saint Francis (IL)",mens-soccer,NAIA,CCAC,"Fighting Saints",1,"Bernie the St. Bernard",#503412,#ffd400,,"wikipedia:University of St. Francis",,,,,5.6,43.59
"Saint Francis (PA)",mens-soccer,"NCAA D1",NEC,"Red Wolves",1,,#990000,#FFFFFF,,"wikipedia:Saint Francis University",,,,,4.8,71.02
"Saint John Fisher",mens-soccer,"NCAA D3","Empire 8",Cardinals,1,"Beaks The Cardinal",,,https://upload.wikimedia.org/wikipedia/commons/3/3d/Fisger_univ_textlogo.png?utm_source=commons.wikimedia.org&utm_campaign=imageinfo&utm_content=original,"wikipedia:St. John Fisher University",,,,,6.5,41.57
"Saint Joseph's",mens-soccer,"NCAA D1","Atlantic 10 Conference",Hawks,1,"The Hawk",#9E1b32,#6C6F70,https://upload.wikimedia.org/wikipedia/en/5/54/Saint_Joseph%27s_University_logo.svg?utm_source=en.wikipedia.org&utm_campaign=imageinfo&utm_content=original,"wikipedia:Saint Joseph's University",,,,,7.2,66.87
"Saint Joseph's (ME)",mens-soccer,"NCAA D3",NAC,Monks,1,,,,https://upload.wikimedia.org/wikipedia/en/f/fc/Saint_Joseph%27s_College_of_Maine_Logo.svg?utm_source=en.wikipedia.org&utm_campaign=imageinfo&utm_content=original,"wikipedia:Saint Joseph's College of Maine",,,,,6.5,43.53
"Saint Lawrence",mens-soccer,"NCAA D3","Liberty League",Saints,1,,,,https://upload.wikimedia.org/wikipedia/commons/1/1e/St_lawrence_univ_logo.png?utm_source=commons.wikimedia.org&utm_campaign=imageinfo&utm_content=original,"wikipedia:St. Lawrence University",,,,,8.8,45.4
"Saint Leo",mens-soccer,"NCAA D2","Sunshine State",Lions,1,"""Fritz""",#008000,#FFCC00,https://upload.wikimedia.org/wikipedia/en/e/e9/Saint_Leo_University_logo.svg?utm_source=en.wikipedia.org&utm_campaign=imageinfo&utm_content=original,"wikipedia:Saint Leo University",,,,,5.4,49.62
"Saint Louis",mens-soccer,"NCAA D1","Atlantic 10 Conference",Billikens,1,,#003DA5,#FFFFFF,https://upload.wikimedia.org/wikipedia/en/4/4b/Saint_Louis_University_logo.svg?utm_source=en.wikipedia.org&utm_campaign=imageinfo&utm_content=original,"wikipedia:Saint Louis University",,1,"Atlantic 10","wikipedia:2025 NCAA Division I men's soccer tournament",7.8,81.24
"Saint Martin's",mens-soccer,"NCAA D2",GNAC,Saints,1,,,,https://upload.wikimedia.org/wikipedia/en/a/ab/Saint_martin_univ_logo.png?utm_source=en.wikipedia.org&utm_campaign=imageinfo&utm_content=original,"wikipedia:Saint Martin's University",,,,,5.4,38.0
"Saint Mary (KS)",mens-soccer,NAIA,KCAC,Spires,1,Crusaders,,,https://upload.wikimedia.org/wikipedia/en/a/a6/University_of_Saint_Mary_logo.svg?utm_source=en.wikipedia.org&utm_campaign=imageinfo&utm_content=original,"wikipedia:University of Saint Mary",,,,,5.6,49.36
"Saint Mary's",mens-soccer,"NCAA D1","West Coast Conference",Belles,1,Belle,,,https://upload.wikimedia.org/wikipedia/commons/2/26/SMC_Logo_CMYK.svg?utm_source=commons.wikimedia.org&utm_campaign=imageinfo&utm_content=original,"wikipedia:Saint Mary's College (Indiana)",,,,,8.2,71.62
"Saint Mary's (MN)",mens-soccer,"NCAA D3",MIAC,Cardinals,1,Cardinal,#213F64,#DA1A32,https://upload.wikimedia.org/wikipedia/commons/d/d8/St_mary_univ_minnesota_logo.png?utm_source=commons.wikimedia.org&utm_campaign=imageinfo&utm_content=original,"wikipedia:Saint Mary's University of Minnesota",,,,,8.2,39.59
"Saint Mary-of-the-Woods College",mens-soccer,NAIA,"River States Conference",Pomeroys,1,Onyx,#579ed2,,https://upload.wikimedia.org/wikipedia/commons/5/55/Logo_of_SMWC.png?utm_source=commons.wikimedia.org&utm_campaign=imageinfo&utm_content=original,"wikipedia:Saint Mary-of-the-Woods College","copied from this school's other-sport row (Saint Mary-of-the-Woods College); the article ""Saint Mary-of-the-Woods College"" names this institution",,,,,42.51
"Saint Michael's",mens-soccer,"NCAA D2",Northeast-10,"Purple Knights",1,,#652d8a,#cfab7a,https://upload.wikimedia.org/wikipedia/commons/3/3c/St_michaels_college_logo.png?utm_source=commons.wikimedia.org&utm_campaign=imageinfo&utm_content=original,"wikipedia:Saint Michael's College",,,,,7.0,55.27
"Saint Olaf",mens-soccer,"NCAA D3",MIAC,"""Oles""",1,"St. Olaf Lion, ""Ole""",,,https://upload.wikimedia.org/wikipedia/commons/7/70/St_olaf_college_minn_logo.svg?utm_source=commons.wikimedia.org&utm_campaign=imageinfo&utm_content=original,"wikipedia:St. Olaf College",,,,,8.8,57.86
"Saint Peter's",mens-soccer,"NCAA D1","Metro Atlantic Athletic Conference",Peacocks,1,"Peter the Peacock",#003C71,#0072CE,https://upload.wikimedia.org/wikipedia/en/3/3b/Saint_Peter%27s_University_logo.svg?utm_source=en.wikipedia.org&utm_campaign=imageinfo&utm_content=original,"wikipedia:Saint Peter's University",,,,,4.8,62.38
"Saint Thomas (FL)",mens-soccer,NAIA,Mid-South,Bobcats,1,,#862633,#002855,https://upload.wikimedia.org/wikipedia/commons/b/b3/STU_Logo_Main.png?utm_source=commons.wikimedia.org&utm_campaign=imageinfo&utm_content=original,"wikipedia:St. Thomas University (Florida)",,,,,6.8,65.57
"Saint Vincent",mens-soccer,"NCAA D3",PAC,Bearcats,1,Bearcat,#1e5632,#daad28,https://upload.wikimedia.org/wikipedia/commons/e/e2/St_vincent_college_textlogo.png?utm_source=commons.wikimedia.org&utm_campaign=imageinfo&utm_content=original,"wikipedia:Saint Vincent College","corrected from this school's women's row: had been matched to a different institution of a similar name (wikipedia:Saint Vincent College)",,,,6.5,38.98
"Saint Xavier University",mens-soccer,NAIA,"Chicagoland Collegiate Athletic Conference",Cougars,1,Cougar,,,https://upload.wikimedia.org/wikipedia/en/f/fc/Saint_Xavier_University_logo.svg?utm_source=en.wikipedia.org&utm_campaign=imageinfo&utm_content=original,"wikipedia:Saint Xavier University","copied from this school's other-sport row (Saint Xavier University); the article ""Saint Xavier University"" names this institution",,,,,48.97
Salem,mens-soccer,"NCAA D2",SAC,Tigers,1,,,,https://upload.wikimedia.org/wikipedia/commons/5/5d/Salem_college_textlogo.png?utm_source=commons.wikimedia.org&utm_campaign=imageinfo&utm_content=original,athletics-domain:salemtigers.com,"Salem University (WV); the D3 women-only Salem College had been copied here in error. Wikipedia states no nickname, so this comes from the school's own athletics domain.",,,,4.6,50.14
Salisbury,mens-soccer,"NCAA D3",CAC,"Sea Gulls",1,"Sammy the Sea Gull",,,https://upload.wikimedia.org/wikipedia/commons/0/04/Salisbury_University_logo.svg?utm_source=commons.wikimedia.org&utm_campaign=imageinfo&utm_content=original,"wikipedia:Salisbury University",,,,,6.5,40.17
"Salt Lake Community",mens-soccer,NJCAA,RMJCAA,,,"Brutus the Bruin Bear",,,,"wikipedia:Salt Lake Community College",,,,,7.0,41.07
"Salve Regina",mens-soccer,"NCAA D3",CCC,Seahawks,1,Seahawk,#002855,#FFFFFF,https://upload.wikimedia.org/wikipedia/commons/1/1e/Salve_regina_univ_centerlogo.png?utm_source=commons.wikimedia.org&utm_campaign=imageinfo&utm_content=original,"wikipedia:Salve Regina University",,,,,6.5,45.34
"San Bernardino Valley",mens-soccer,NJCAA,CCCAA,,,"Wolverines (2001–present), Indians (1926–2000)",#25347A,#979899,,"wikipedia:San Bernardino Valley College",,,,,6.8,34.65
"San Diego",mens-soccer,"NCAA D1","West Coast Conference",Tritons,1,"King Triton",#182B49,#00629B,https://upload.wikimedia.org/wikipedia/commons/c/cc/University_of_California%2C_San_Diego_logo.svg?utm_source=commons.wikimedia.org&utm_campaign=imageinfo&utm_content=original,"wikipedia:University of California, San Diego",,1,"West Coast","wikipedia:2025 NCAA Division I men's soccer tournament",8.0,95.31
"San Diego Mesa",mens-soccer,NJCAA,CCCAA,,,Olympians,,,https://upload.wikimedia.org/wikipedia/commons/9/93/San_Diego_Mesa_College_Linear_Logo.png?utm_source=commons.wikimedia.org&utm_campaign=imageinfo&utm_content=original,"wikipedia:San Diego Mesa College",,,,,7.0,21.65
"San Diego Miramar",mens-soccer,NJCAA,CCCAA,,,Jets,#008080,#B0B0B0,,"wikipedia:San Diego Miramar College",,,,,6.0,22.69
"San Diego State",mens-soccer,"NCAA D1","Pac-12 Conference",Aztecs,1,"Aztec warrior",#D41736,#000000,https://upload.wikimedia.org/wikipedia/commons/5/59/San_Diego_State_University_primary_logo.svg?utm_source=commons.wikimedia.org&utm_campaign=imageinfo&utm_content=original,"wikipedia:San Diego State University",,,,,7.8,73.93
"San Francisco",mens-soccer,"NCAA D1","West Coast Conference",Dons,1,"The Don, a Spanish nobleman",#00543C,#FDBB30,https://upload.wikimedia.org/wikipedia/en/0/0a/University_of_San_Francisco_%28logo%29.png?utm_source=en.wikipedia.org&utm_campaign=imageinfo&utm_content=original,"wikipedia:University of San Francisco",,,,,8.0,85.29
"San Francisco State",mens-soccer,"NCAA D2",CCAA,Gators,1,Gator,#231161,#CD9700,,"wikipedia:San Francisco State University",,,,,5.3,41.57
"San Joaquin Delta",mens-soccer,NJCAA,CCCAA,Mustangs,1,,,,,"wikipedia:San Joaquin Delta College",,,,,6.5,26.45
"San Jose State",mens-soccer,"NCAA D1","Mountain West Conference",Spartans,1,"Sammy Spartan",#0055A2,#E5A823,https://upload.wikimedia.org/wikipedia/commons/0/00/San_Jose_State_University_logo.svg?utm_source=commons.wikimedia.org&utm_campaign=imageinfo&utm_content=original,"wikipedia:San Jose State University",,,,,6.2,77.27
Sandhills,mens-soccer,NJCAA,CCAC-NJCAA,,,,,,,,"No usable Wikipedia infobox found for this name",,,,6.8,
"Santa Ana",mens-soccer,NJCAA,CCCAA,Dons,1,,,,,"wikipedia:Santa Ana College",,,,,6.8,27.83
"Santa Barbara City",mens-soccer,NJCAA,CCCAA,Vaqueros,1,,,,,"wikipedia:Santa Barbara City College",,,,,7.5,
"Santa Clara",mens-soccer,"NCAA D1","West Coast Conference",Broncos,1,"Bucky Bronco",,,https://upload.wikimedia.org/wikipedia/commons/3/35/Santa_Clara_University_Text_Logo_Stacked.png?utm_source=commons.wikimedia.org&utm_campaign=imageinfo&utm_content=original,"wikipedia:Santa Clara University",,,,,8.8,77.74
"Santa Monica",mens-soccer,NJCAA,CCCAA,Corsairs,1,"Pico the Corsair",#00549E,#FFFFFF,,"wikipedia:Santa Monica College",,,,,7.5,40.53
"Santa Rosa Junior",mens-soccer,NJCAA,CCCAA,"Bear Cubs",1,"Rosco the Bear Cub",,,,"wikipedia:Santa Rosa Junior College",,,,,7.2,39.17
"Savannah College of Art and Design",mens-soccer,NAIA,"Sun Conference",Bees,1,"Art the Bee",,,https://upload.wikimedia.org/wikipedia/commons/a/ad/Scad_college_art_design_logo.png?utm_source=commons.wikimedia.org&utm_campaign=imageinfo&utm_content=original,"wikipedia:Savannah College of Art and Design","copied from this school's other-sport row (Savannah College of Art and Design); the article ""Savannah College of Art and Design"" names this institution",,,,,53.51
"Science & Arts (OK)",mens-soccer,NAIA,Sooner,Drovers,1,"Dusty the Drover",#00543d,#f1cd44,https://upload.wikimedia.org/wikipedia/commons/b/b5/USAO_logo.png?utm_source=commons.wikimedia.org&utm_campaign=imageinfo&utm_content=original,"wikipedia:University of Science and Arts of Oklahoma",,,,,6.5,49.6
Scottsdale,mens-soccer,NJCAA,ACCAC,"Fighting Artichokes",1,"Artie the Artichoke",#215732,#C69214,https://upload.wikimedia.org/wikipedia/en/e/ef/Scottsdale_Community_College_Logo_RGB_H.png?utm_source=en.wikipedia.org&utm_campaign=imageinfo&utm_content=original,"wikipedia:Scottsdale Community College",,,,,6.8,28.32
Scranton,mens-soccer,"NCAA D3",Landmark,Royals,1,"Iggy the Royal Wolf",,,https://upload.wikimedia.org/wikipedia/commons/1/15/University_of_Scranton_logo.png?utm_source=commons.wikimedia.org&utm_campaign=imageinfo&utm_content=original,"wikipedia:University of Scranton",,,,,8.2,46.36
Seattle,mens-soccer,"NCAA D1","West Coast Conference",Redhawks,1,"Rudy the Redhawk",,,https://upload.wikimedia.org/wikipedia/commons/e/eb/Seattle_University_Logo_red_background.svg?utm_source=commons.wikimedia.org&utm_campaign=imageinfo&utm_content=original,"wikipedia:Seattle University",,,,,6.8,83.92
"Seattle Pacific",mens-soccer,"NCAA D2",GNAC,Falcons,1,"Talon the Falcon",,,https://upload.wikimedia.org/wikipedia/commons/0/05/Seattle_pacific_univ_logo.png?utm_source=commons.wikimedia.org&utm_campaign=imageinfo&utm_content=original,"wikipedia:Seattle Pacific University",,,,,5.4,53.74
"Seton Hall",mens-soccer,"NCAA D1","Big East Conference",Pirates,1,Pirate,#004488,#A2AAAD,https://upload.wikimedia.org/wikipedia/en/e/e6/Seton_Hall_University_Logotype.svg?utm_source=en.wikipedia.org&utm_campaign=imageinfo&utm_content=original,"wikipedia:Seton Hall University",,,,,7.4,85.14
"Seton Hill",mens-soccer,"NCAA D2",PSAC,Griffins,1,Griffin,,,https://upload.wikimedia.org/wikipedia/commons/8/84/Seton_hill_univ_logo.png?utm_source=commons.wikimedia.org&utm_campaign=imageinfo&utm_content=original,"wikipedia:Seton Hill University",,,,,5.4,57.96
"Seward County",mens-soccer,NJCAA,KJCCC,,,,,,,,"Cleared on audit: previous match (Concordia University Nebraska) failed re-verification",,,,6.0,29.69
Shaw,mens-soccer,"NCAA D2",CIAA,Bears,1,"The Bear",,,https://upload.wikimedia.org/wikipedia/commons/8/87/Shaw_university_logo.png?utm_source=commons.wikimedia.org&utm_campaign=imageinfo&utm_content=original,"wikipedia:Shaw University",,,,,4.6,51.39
"Shawnee Community",mens-soccer,NJCAA,GRAC,Saints,1,,#990000,,,"wikipedia:Shawnee Community College",,,,,6.0,
"Shawnee State",mens-soccer,"NCAA D2",GMAC,Bears,1,,#013e7d,#c5c6c8,https://upload.wikimedia.org/wikipedia/en/1/13/ShawneeStateU.PNG?utm_source=en.wikipedia.org&utm_campaign=imageinfo&utm_content=original,"wikipedia:Shawnee State University",,,,,4.5,56.11
"Shawnee State University",mens-soccer,NAIA,"River States Conference",Bears,1,,#013e7d,#c5c6c8,https://upload.wikimedia.org/wikipedia/en/1/13/ShawneeStateU.PNG?utm_source=en.wikipedia.org&utm_campaign=imageinfo&utm_content=original,"wikipedia:Shawnee State University","copied from this school's other-sport row (Shawnee State University); the article ""Shawnee State University"" names this institution",,,,,49.89
Shenandoah,mens-soccer,"NCAA D3",ODAC,Hornets,1,,#98002E,#002D62,https://upload.wikimedia.org/wikipedia/commons/7/77/Shenandoah_univ_virginia_logo.svg?utm_source=commons.wikimedia.org&utm_campaign=imageinfo&utm_content=original,"wikipedia:Shenandoah University",,,,,6.5,40.32
Shepherd,mens-soccer,"NCAA D2","Mountain East",Rams,1,"JC the Ram",#FABD00,#011e41,https://upload.wikimedia.org/wikipedia/commons/e/ed/Sheph_university_brand_logo.png?utm_source=commons.wikimedia.org&utm_campaign=imageinfo&utm_content=original,"wikipedia:Shepherd University",,,,,5.4,47.45
Shippensburg,mens-soccer,"NCAA D2",PSAC,Raiders,1,"Big Red and Shippo the Hippo",,,https://upload.wikimedia.org/wikipedia/commons/8/80/Shippensburg_university_textlogo.png?utm_source=commons.wikimedia.org&utm_campaign=imageinfo&utm_content=original,"wikipedia:Shippensburg University",,,,,5.4,45.81
Shorter,mens-soccer,"NCAA D2","Peach Belt",Hawks,1,"Alfred the Hawk",,,https://upload.wikimedia.org/wikipedia/commons/0/02/Shorter_univ_simplelogo.png?utm_source=commons.wikimedia.org&utm_campaign=imageinfo&utm_content=original,"wikipedia:Shorter University",,,,,4.6,42.22
Siena,mens-soccer,"NCAA D1","Metro Atlantic Athletic Conference",Saints,1,"Bernie ""Saint"" Bernard (St. Bernard Dog)",#008933,#FFC91F,,"wikipedia:Siena University (New York)",,1,MAAC,"wikipedia:2025 NCAA Division I men's soccer tournament",5.8,76.95
"Siena Heights",mens-soccer,NAIA,WHAC,Saints,1,"Halo the Husky Dog",,,https://upload.wikimedia.org/wikipedia/en/e/e7/Siena_Heights_University_logo.png?utm_source=en.wikipedia.org&utm_campaign=imageinfo&utm_content=original,"wikipedia:Siena Heights University",,,,,5.6,42.8
Sierra,mens-soccer,NJCAA,CCCAA,"Golden Eagles",1,"Golden Eagle",#00355f,#ead666,https://upload.wikimedia.org/wikipedia/en/5/50/La_Sierra_University_logo.svg?utm_source=en.wikipedia.org&utm_campaign=imageinfo&utm_content=original,"wikipedia:La Sierra University",,,,,6.8,34.85
"Simon Fraser",mens-soccer,"NCAA D2",GNAC,"Red Leafs",1,"Red Leafs",#CC0633,#A6192E,https://upload.wikimedia.org/wikipedia/en/9/97/Simon_Fraser_University_Logo.svg?utm_source=en.wikipedia.org&utm_campaign=imageinfo&utm_content=original,"wikipedia:Simon Fraser University",,,,,7.2,52.01
"Simpson (IA)",mens-soccer,"NCAA D3","Iowa Conference",,,,,,,,"Cleared on audit: previous match (University of Wisconsin–Whitewater) failed re-verification",,,,6.5,40.22
"Simpson University",mens-soccer,NAIA,"California Pacific Conference","Red Hawks",1,,#d90000,,,"wikipedia:Simpson University","copied from this school's other-sport row (Simpson University); the article ""Simpson University"" names this institution",,,,,42.78
Sinclair,mens-soccer,NJCAA,OHSJCC,,,,,,,,"No usable Wikipedia infobox found for this name",,,,7.0,
"Skagit Valley",mens-soccer,NJCAA,NWAACC,Cardinals,1,"Fighting Cardinal",,,,"wikipedia:Skagit Valley College",,,,,6.5,32.79
Skidmore,mens-soccer,"NCAA D3","Liberty League",Thoroughbreds,1,Thoroughbreds,#1f6855,#ffcc00,https://upload.wikimedia.org/wikipedia/commons/d/df/Skidmore_college_logo.png?utm_source=commons.wikimedia.org&utm_campaign=imageinfo&utm_content=original,"wikipedia:Skidmore College",,,,,9.2,42.43
"Slippery Rock",mens-soccer,"NCAA D2",PSAC,,,"Rocky – The Pride of the Rock",,,https://upload.wikimedia.org/wikipedia/commons/3/3b/Slippery_rock_univ_logo.png?utm_source=commons.wikimedia.org&utm_campaign=imageinfo&utm_content=original,"wikipedia:Slippery Rock University",,,,,5.4,55.07
Snow,mens-soccer,NJCAA,UCAC,Badgers,1,,,,,athletics-domain:snowbadgers.com,"nickname recovered from the school's own athletics hostname; its Wikipedia article states none. Confirmed by that site's title (""Snow College Athletics - Official Athletics Website"").",,,,6.5,37.75
"Soka University of America",mens-soccer,NAIA,"Great Southwest Athletic Conference",Lions,1,Lion,#10147f,#ffc72a,,"wikipedia:Soka University of America","copied from this school's other-sport row (Soka University of America); the article ""Soka University of America"" names this institution",,,,,46.77
Somerset,mens-soccer,NJCAA,GNYAC,,,,,,,,"No usable Wikipedia infobox found for this name",,,,5.8,
"South Carolina",mens-soccer,"NCAA D1","Sun Belt Conference",Gamecocks,1,Cocky,,,https://upload.wikimedia.org/wikipedia/en/5/56/University_of_South_Carolina_horizontal_logo.svg?utm_source=en.wikipedia.org&utm_campaign=imageinfo&utm_content=original,"wikipedia:University of South Carolina",,,,,7.9,73.8
"South Carolina Aiken",mens-soccer,"NCAA D2","Peach Belt",Pacers,1,"Ace the Pacer",#002341,#FF0039,,"wikipedia:University of South Carolina Aiken",,,,,5.4,47.22
"South Dakota Mines",mens-soccer,"NCAA D2",RMAC,Hardrockers,1,"Grubby the Miner",#333367,#B3A369,https://upload.wikimedia.org/wikipedia/commons/3/39/Southdakota_mines_logo.png?utm_source=commons.wikimedia.org&utm_campaign=imageinfo&utm_content=original,"wikipedia:South Dakota School of Mines and Technology",,,,,8.0,45.41
"South Florida",mens-soccer,"NCAA D1","American Conference",Bulls,1,"Rocky D. Bull",,,https://upload.wikimedia.org/wikipedia/en/3/3b/University_of_South_Florida_logo.svg?utm_source=en.wikipedia.org&utm_campaign=imageinfo&utm_content=original,"wikipedia:University of South Florida",,,,,6.8,83.16
"South Mountain Community",mens-soccer,NJCAA,ACCAC,Cougars,1,,#CF7F00,#2D2926,https://upload.wikimedia.org/wikipedia/en/5/58/South_Mountain_Community_College_logo.svg?utm_source=en.wikipedia.org&utm_campaign=imageinfo&utm_content=original,"wikipedia:South Mountain Community College",,,,,6.5,22.72
"South Plains",mens-soccer,NJCAA,WJCAC,,,Texans,,,,"wikipedia:South Plains College",,,,,5.8,
"South Puget Sound",mens-soccer,NJCAA,NWAACC,,,Clippers,,,,"wikipedia:South Puget Sound Community College",,,,,6.5,
"Southeastern Community (IA)",mens-soccer,NJCAA,ICCAC,,,,,,,,"No usable Wikipedia infobox found for this name",,,,6.0,
"Southeastern University",mens-soccer,NAIA,Mid-South,Fire,0,Scorch,,,https://upload.wikimedia.org/wikipedia/commons/f/f3/Southeastern_univ_flamelogo.png?utm_source=commons.wikimedia.org&utm_campaign=imageinfo&utm_content=original,"wikipedia:Southeastern University",,,,,6.5,57.69
"Southern Connecticut State",mens-soccer,"NCAA D2",Northeast-10,Owls,1,"Otus the Owl",#003399,#FFFFFF,https://upload.wikimedia.org/wikipedia/commons/5/5f/Scsu_univ_textlogo.png?utm_source=commons.wikimedia.org&utm_campaign=imageinfo&utm_content=original,"wikipedia:Southern Connecticut State University",,,,,5.3,56.08
"Southern Indiana",mens-soccer,"NCAA D1","Ohio Valley Conference","Screaming Eagles",1,"Archibald Eagle (Archie)",#C41E3A,#1D2951,https://upload.wikimedia.org/wikipedia/commons/1/18/University_of_Southern_Indiana_Logo.svg?utm_source=commons.wikimedia.org&utm_campaign=imageinfo&utm_content=original,"wikipedia:University of Southern Indiana",,,,,4.8,56.51
"Southern Maine",mens-soccer,"NCAA D3",LEC,Huskies,1,"Champ the Husky",#0e1033,#f5a800,https://upload.wikimedia.org/wikipedia/commons/7/7c/Univ_southern_maine_logo.svg?utm_source=commons.wikimedia.org&utm_campaign=imageinfo&utm_content=original,"wikipedia:University of Southern Maine",,,,,6.5,36.41
"Southern Nazarene",mens-soccer,"NCAA D2",Heartland,"Crimson Storm",0,,#a20b35,#FFFFFF,https://upload.wikimedia.org/wikipedia/commons/f/f5/Southern_nazarene_univ_logo.png?utm_source=commons.wikimedia.org&utm_campaign=imageinfo&utm_content=original,"wikipedia:Southern Nazarene University",,,,,5.5,60.16
"Southern New Hampshire",mens-soccer,"NCAA D2",Northeast-10,Penmen,1,"Petey Penmen",#001E60,#F2A900,https://upload.wikimedia.org/wikipedia/en/9/97/Logo_of_SNHU.svg?utm_source=en.wikipedia.org&utm_campaign=imageinfo&utm_content=original,"wikipedia:Southern New Hampshire University",,,,,5.4,66.25
"Southern Oregon",mens-soccer,NAIA,Cascade,Raiders,1,"Red-tailed hawk",#cf142b,,https://upload.wikimedia.org/wikipedia/commons/f/f1/South_oregon_univ_logo.png?utm_source=commons.wikimedia.org&utm_campaign=imageinfo&utm_content=original,"wikipedia:Southern Oregon University",,,,,6.5,57.95
"Southern Virginia",mens-soccer,"NCAA D3",ODAC,Knights,1,,#892333,#ffffff,https://upload.wikimedia.org/wikipedia/commons/3/37/South_virginia_univ_textlogo.svg?utm_source=commons.wikimedia.org&utm_campaign=imageinfo&utm_content=original,"wikipedia:Southern Virginia University",,,,,6.5,39.13
"Southern Wesleyan",mens-soccer,"NCAA D2",SAC,Warriors,1,"Ty the Warrior",,,https://upload.wikimedia.org/wikipedia/commons/9/98/South_wesleyan_univ_logo.png?utm_source=commons.wikimedia.org&utm_campaign=imageinfo&utm_content=original,"wikipedia:Southern Wesleyan University",,,,,5.4,47.22
"Southwest Baptist",mens-soccer,"NCAA D2",MIAA,Bearcats,1,,,,https://upload.wikimedia.org/wikipedia/commons/f/f5/South_baptist_univ_logo.png?utm_source=commons.wikimedia.org&utm_campaign=imageinfo&utm_content=original,"wikipedia:Southwest Baptist University",,,,,5.5,45.62
"Southwest Minnesota State",mens-soccer,"NCAA D2",NSIC,Mustangs,1,,#3A1807,#BCAA71,https://upload.wikimedia.org/wikipedia/commons/9/9d/Southwest_msu_logo.svg?utm_source=commons.wikimedia.org&utm_campaign=imageinfo&utm_content=original,"wikipedia:Southwest Minnesota State University",,,,,5.7,57.62
"Southwestern (CA)",mens-soccer,NJCAA,CCCAA,,,,,,,,"No usable Wikipedia infobox found for this name",,,,6.8,36.67
"Southwestern (KS)",mens-soccer,NAIA,KCAC,Moundbuilders,1,,,,https://upload.wikimedia.org/wikipedia/en/f/f8/SouthwesternCollege-logo.png?utm_source=en.wikipedia.org&utm_campaign=imageinfo&utm_content=original,"wikipedia:Southwestern College (Kansas)",,,,,5.6,48.28
"Southwestern (TX)",mens-soccer,"NCAA D3",ASC,Pirates,1,"The Captain",#FFCC33,,https://upload.wikimedia.org/wikipedia/commons/7/77/SU-signature.png?utm_source=commons.wikimedia.org&utm_campaign=imageinfo&utm_content=original,"wikipedia:Southwestern University",,,,,8.5,49.35
"Southwestern Christian University",mens-soccer,NAIA,"Sooner Athletic Conference",Eagles,1,,#0039a6,,,"wikipedia:Southwestern Christian University","copied from this school's other-sport row (Southwestern Christian University); the article ""Southwestern Christian University"" names this institution",,,,,49.64
"Southwestern Illinois",mens-soccer,NJCAA,GRAC,"Blue Storm",0,"Kashmir the Snow Leopard",#005DAB,#FFFFFF,https://upload.wikimedia.org/wikipedia/en/f/f7/SWIC_horizontal_logo.svg?utm_source=en.wikipedia.org&utm_campaign=imageinfo&utm_content=original,"wikipedia:Southwestern Illinois College",,,,,5.8,32.14
"Spartanburg Methodist",mens-soccer,NJCAA,CCAC-NJCAA,Pioneers,1,"Big Blue",,,https://upload.wikimedia.org/wikipedia/commons/e/ef/Smcsc.png?utm_source=commons.wikimedia.org&utm_campaign=imageinfo&utm_content=original,"wikipedia:Spartanburg Methodist College",,,,,5.8,25.45
"Spartanburg Methodist College",mens-soccer,NAIA,"Appalachian Athletic Conference",Pioneers,1,"Big Blue",,,https://upload.wikimedia.org/wikipedia/commons/e/ef/Smcsc.png?utm_source=commons.wikimedia.org&utm_campaign=imageinfo&utm_content=original,"wikipedia:Spartanburg Methodist College","copied from this school's other-sport row (Spartanburg Methodist College); the article ""Spartanburg Methodist College"" names this institution",,,,,44.29
"Spring Arbor",mens-soccer,NAIA,WHAC,Cougars,1,Cougar,#001641,#ffdd00,https://upload.wikimedia.org/wikipedia/en/1/1f/Spring_Arbor_University_wordmark.svg?utm_source=en.wikipedia.org&utm_campaign=imageinfo&utm_content=original,"wikipedia:Spring Arbor University",,,,,6.5,53.58
"Spring Hill",mens-soccer,"NCAA D2",GSC,Badgers,1,Beaumont,,,,"wikipedia:Spring Hill College",,,,,5.4,46.02
Springfield,mens-soccer,"NCAA D3",NEWMAC,Pride,0,"Spirit the Majestic Lion",#862633,#FFFFFF,https://upload.wikimedia.org/wikipedia/commons/1/1d/UIS_Wordmark.png?utm_source=commons.wikimedia.org&utm_campaign=imageinfo&utm_content=original,"wikipedia:Springfield College","corrected: had been matched to a different institution of a similar name; the school's own athletics domain implies ""Pride""",,,,6.5,40.66
"St. Bonaventure",mens-soccer,"NCAA D1","Atlantic 10 Conference",Bonnies,1,"The Bona Wolf",,,,"wikipedia:St. Bonaventure University",,,,,6.2,67.41
"St. Charles Community",mens-soccer,NJCAA,MOVAL,,,"Scooter McCougar (a Cougar)",#931638,#919693,,"wikipedia:St. Charles Community College",,,,,6.0,35.75
"St. Cloud State",mens-soccer,"NCAA D2",NSIC,Huskies,1,"Blizzard T. Husky",#CD1041,#000000,https://upload.wikimedia.org/wikipedia/commons/4/46/St._Cloud_State_University_logo.svg?utm_source=commons.wikimedia.org&utm_campaign=imageinfo&utm_content=original,"wikipedia:St. Cloud State University",,,,,5.3,49.85
"St. John's",mens-soccer,"NCAA D1","Big East Conference","Red Storm",0,,,,https://upload.wikimedia.org/wikipedia/commons/5/54/StJohns_logo.svg?utm_source=commons.wikimedia.org&utm_campaign=imageinfo&utm_content=original,"wikipedia:St. John's University (New York City)",,,,,7.8,83.22
"St. Joseph's (NY)",mens-soccer,"NCAA D3",Skyline,Bears,1,"Brooklyn - Vandy<br/> Long Island - Hot Wyngz",#04245c,#f7ba2a,https://upload.wikimedia.org/wikipedia/commons/b/b1/St_joseph_univ_ny_logo.png?utm_source=commons.wikimedia.org&utm_campaign=imageinfo&utm_content=original,"wikipedia:St. Joseph's University, New York",,1,Skyline,https://sjliathletics.com/news/2025/11/8/mens-soccer-wins-skyline-conference-championship.aspx,6.5,47.56
"St. Louis Community-Florissant Valley",mens-soccer,NJCAA,MOVAL,Archers,1,,#003366,#999999,,"wikipedia:St. Louis Community College–Florissant Valley",,,,,6.2,
"St. Louis Community-Forest Park",mens-soccer,NJCAA,MOVAL,Archers,1,,,,,"wikipedia:St. Louis Community College–Forest Park",,,,,6.2,
"St. Louis Community-Meramec",mens-soccer,NJCAA,MOVAL,Archers,1,,#003366,#999999,,"wikipedia:St. Louis Community College–Meramec",,,,,6.5,
"St. Mary's (TX)",mens-soccer,"NCAA D2",Heartland,Rattlers,1,"Rattler Man",#F2BF49,#003366,,"wikipedia:St. Mary's University, Texas",,,,,6.8,57.46
"St. Mary's College of Maryland",mens-soccer,"NCAA D3",CAC,Seahawks,1,,,,https://upload.wikimedia.org/wikipedia/commons/c/ca/St_mary_college_md_logo_motto.png?utm_source=commons.wikimedia.org&utm_campaign=imageinfo&utm_content=original,"wikipedia:St. Mary's College of Maryland",,,,,8.2,45.77
"St. Norbert",mens-soccer,"NCAA D3",MWC-D3,"Green Knights",1,,#1a472b,#edbd3d,https://upload.wikimedia.org/wikipedia/en/1/14/St._Norbert_College_logo.svg?utm_source=en.wikipedia.org&utm_campaign=imageinfo&utm_content=original,"wikipedia:St. Norbert College",,,,,6.5,41.04
"St. Scholastica",mens-soccer,"NCAA D3",UMAC,Saints,1,"Storm the Saint Bernard",#2650A4,#F4BD49,https://upload.wikimedia.org/wikipedia/commons/9/98/College_st_scholastica_textlogo.png?utm_source=commons.wikimedia.org&utm_campaign=imageinfo&utm_content=original,"wikipedia:College of St. Scholastica",,,,,6.5,34.2
"St. Thomas",mens-soccer,"NCAA D1","The Summit League",Tommies,1,"Tommie the Tomcat",#663399,#999999,https://upload.wikimedia.org/wikipedia/en/5/52/University_of_St._Thomas-Minnesota_Academic_Wordmark.png?utm_source=en.wikipedia.org&utm_campaign=imageinfo&utm_content=original,"wikipedia:University of St. Thomas (Minnesota)",,,,,7.5,64.28
"St. Thomas Aquinas",mens-soccer,"NCAA D2",ECC,,,Spartans,,,https://upload.wikimedia.org/wikipedia/commons/3/3b/St_thomas_aquinas_college_logotext.png?utm_source=commons.wikimedia.org&utm_campaign=imageinfo&utm_content=original,"wikipedia:St. Thomas Aquinas College",,,,,5.4,56.33
Stanford,mens-soccer,"NCAA D1","Atlantic Coast Conference",Cardinal,0,"Stanford Tree (unofficial)",#8C1515,,https://upload.wikimedia.org/wikipedia/commons/a/a9/Stanford_wordmark_%282012%29.svg?utm_source=commons.wikimedia.org&utm_campaign=imageinfo&utm_content=original,"wikipedia:Stanford University",,,,,10.0,99.59
"Staten Island",mens-soccer,"NCAA D2",ECC,Dolphins,1,"Danny the Dolphin",#79BDE8,#6A737B,https://upload.wikimedia.org/wikipedia/commons/e/e1/Staten_island_college_logo.svg?utm_source=commons.wikimedia.org&utm_campaign=imageinfo&utm_content=original,"wikipedia:College of Staten Island",,,,,5.3,45.89
Sterling,mens-soccer,NAIA,KCAC,Warriors,1,,,,,athletics-domain:scwarriors.com,"nickname recovered from the school's own athletics hostname; its Wikipedia article states none. Confirmed by that site's title (""Sterling College"").",,,,5.6,44.13
Stetson,mens-soccer,"NCAA D1","Atlantic Sun Conference",Hatters,1,"John B.",#3D8E33,#FFFFFF,https://upload.wikimedia.org/wikipedia/commons/9/96/Stetson_University_wordmark.svg?utm_source=commons.wikimedia.org&utm_campaign=imageinfo&utm_content=original,"wikipedia:Stetson University",,,,,6.0,72.46
"Stevens Tech",mens-soccer,"NCAA D3",MAC,Ducks,1,"Attila the Duck",#A32638,#7F7F7F,https://upload.wikimedia.org/wikipedia/en/5/52/Stevens_Institute_of_Technology_Logo_2022.png?utm_source=en.wikipedia.org&utm_campaign=imageinfo&utm_content=original,"wikipedia:Stevens Institute of Technology",,1,"MAC Freedom",https://stevensducks.com/news/2025/11/8,9.5,47.61
Stevenson,mens-soccer,"NCAA D3","MAC Commonwealth",Mustangs,1,,#15472A,#FFFFFF,https://upload.wikimedia.org/wikipedia/commons/2/2d/Stevenson_University_logo.svg?utm_source=commons.wikimedia.org&utm_campaign=imageinfo&utm_content=original,"wikipedia:Stevenson University",,,,,6.5,38.09
Stockton,mens-soccer,"NCAA D3",NJAC,Ospreys,1,"Talon the Osprey",#000000,#ffffff,https://upload.wikimedia.org/wikipedia/commons/2/2b/Stockton_univ_wmark.png?utm_source=commons.wikimedia.org&utm_campaign=imageinfo&utm_content=original,"wikipedia:Stockton University",,,,,6.5,44.5
Stonehill,mens-soccer,"NCAA D1",NEC,Skyhawks,1,"""Ace"" the Skyhawk",#4F2684,#FFFFFF,https://upload.wikimedia.org/wikipedia/en/4/42/Stonehill_College_logo.png?utm_source=en.wikipedia.org&utm_campaign=imageinfo&utm_content=original,"wikipedia:Stonehill College",,,,,5.3,62.93
"Stony Brook",mens-soccer,"NCAA D1","Coastal Athletic Association",Seawolves,1,"Wolfie the Seawolf",#990000,,https://upload.wikimedia.org/wikipedia/commons/6/63/Stony_Brook_U_logo_horizontal.svg?utm_source=commons.wikimedia.org&utm_campaign=imageinfo&utm_content=original,"wikipedia:Stony Brook University",,,,,7.5,71.78
Suffolk,mens-soccer,"NCAA D3",CCC,Rams,1,"Hiram (Rammy) the Ram",#142f53,#c6a141,https://upload.wikimedia.org/wikipedia/commons/5/5f/Suffolk_University_wordmark.svg?utm_source=commons.wikimedia.org&utm_campaign=imageinfo&utm_content=original,"wikipedia:Suffolk University",,,,,6.5,45.86
"Suffolk County",mens-soccer,NJCAA,GNYAC,,,,,,,,"Cleared on audit: previous match (Suffolk University) failed re-verification",,,,6.5,36.66
"Sul Ross State",mens-soccer,"NCAA D2",Heartland,Lobos,1,Sully,#BC0107,#5C5C5C,https://upload.wikimedia.org/wikipedia/commons/6/6a/Sul_Ross_State_University_wordmark.png?utm_source=commons.wikimedia.org&utm_campaign=imageinfo&utm_content=original,"wikipedia:Sul Ross State University",,,,,5.3,48.63
"Sullivan County",mens-soccer,NJCAA,GNYAC,,,,,,,,"No usable Wikipedia infobox found for this name",,,,6.0,
Surry,mens-soccer,NJCAA,CCAC-NJCAA,,,,,,,,"No usable Wikipedia infobox found for this name",,,,5.8,
Susquehanna,mens-soccer,"NCAA D3","MAC Freedom","River Hawks",1,"Benny the Hawk",#FF6A14,#651C32,,"wikipedia:Susquehanna University",,,,,8.0,36.01
Swarthmore,mens-soccer,"NCAA D3",Centennial,"The Garnet",0,"Phineas the Phoenix",,,https://upload.wikimedia.org/wikipedia/en/c/cb/Formal_Logo_of_Swarthmore_College%2C_Swarthmore%2C_PA%2C_USA.svg?utm_source=en.wikipedia.org&utm_campaign=imageinfo&utm_content=original,"wikipedia:Swarthmore College",,,,,10.0,44.44
Syracuse,mens-soccer,"NCAA D1","Atlantic Coast Conference",Orange,0,"Otto the Orange",#F76900,,https://upload.wikimedia.org/wikipedia/commons/4/44/Syracuse_University_wordmark.svg?utm_source=commons.wikimedia.org&utm_campaign=imageinfo&utm_content=original,"wikipedia:Syracuse University",,,,,8.5,92.17
Tabor,mens-soccer,NAIA,KCAC,Bluejays,1,,,,,athletics-domain:taborbluejays.com,"nickname recovered from the school's own athletics hostname; its Wikipedia article states none. Confirmed by that site's title (""Tabor College - Official Athletics Website"").",,,,5.6,47.59
"Talladega College",mens-soccer,NAIA,"HBCU Athletic Conference",Tornadoes,1,"Dear Ole' Dega, Dega, TC",#aa0534,#72cdf4,,"wikipedia:Talladega College","copied from this school's other-sport row (Talladega College); the article ""Talladega College"" names this institution",,,,,43.58
Tallahassee,mens-soccer,NJCAA,FCSAA,Eagles,1,,,,https://upload.wikimedia.org/wikipedia/en/f/fc/TSCLogo.jpg?utm_source=en.wikipedia.org&utm_campaign=imageinfo&utm_content=original,"wikipedia:Tallahassee State College","Cleared on audit: previous match (Keiser University) failed re-verification",,,,5.8,
Tampa,mens-soccer,"NCAA D2","Sunshine State",Spartans,1,Spartacus,,,https://upload.wikimedia.org/wikipedia/en/e/ef/UT_logo_notag_small_web.png?utm_source=en.wikipedia.org&utm_campaign=imageinfo&utm_content=original,"wikipedia:University of Tampa",,,,,7.8,56.23
Taylor,mens-soccer,NAIA,CCAC,Trojans,1,,#522d72,,https://upload.wikimedia.org/wikipedia/commons/2/27/Taylor_univ_full_logo.png?utm_source=commons.wikimedia.org&utm_campaign=imageinfo&utm_content=original,"wikipedia:Taylor University",,,,,7.8,45.95
Temple,mens-soccer,"NCAA D1","American Conference",Owls,1,,#A41E35,#FFFFFF,https://upload.wikimedia.org/wikipedia/commons/3/39/Temple_University_logo.svg?utm_source=commons.wikimedia.org&utm_campaign=imageinfo&utm_content=original,"wikipedia:Temple University",,,,,7.0,66.26
"Tennessee Wesleyan University",mens-soccer,NAIA,"Appalachian Athletic Conference",Bulldogs,1,,,,https://upload.wikimedia.org/wikipedia/commons/0/06/Tennessee_wesleyan_univ_logo.png?utm_source=commons.wikimedia.org&utm_campaign=imageinfo&utm_content=original,"wikipedia:Tennessee Wesleyan University","copied from this school's other-sport row (Tennessee Wesleyan University); the article ""Tennessee Wesleyan University"" names this institution",,,,,52.2
"Terra State",mens-soccer,NJCAA,OHSJCC,Titans,1,Titus,,,https://upload.wikimedia.org/wikipedia/commons/f/fd/Terra_2.5inLogo_BlueWeb.png?utm_source=commons.wikimedia.org&utm_campaign=imageinfo&utm_content=original,"wikipedia:Terra State Community College",,,,,5.8,16.19
"Texas A&M International",mens-soccer,"NCAA D2",Heartland,Dustdevils,1,"Dusty the Dustdevil",#61162d,#cccccc,https://upload.wikimedia.org/wikipedia/commons/6/6c/Texas_A%26M_International_University_logo.svg?utm_source=commons.wikimedia.org&utm_campaign=imageinfo&utm_content=original,"wikipedia:Texas A&M International University",,,,,5.4,48.22
"Texas A&M University-San Antonio",mens-soccer,NAIA,"Red River Athletic Conference",Jaguars,1,"General the Jaguar",#8e9191,#702e3d,https://upload.wikimedia.org/wikipedia/en/f/f6/Texas_A%26M_University_San_Antonio_logo.svg?utm_source=en.wikipedia.org&utm_campaign=imageinfo&utm_content=original,"wikipedia:Texas A&M University–San Antonio","copied from this school's other-sport row (Texas A&M University-San Antonio); the article ""Texas A&M University–San Antonio"" names this institution",,,,,55.57
"Texas A&M University-Texarkana",mens-soccer,NAIA,"Red River Athletic Conference",Eagles,1,,#7A303F,#011E41,https://upload.wikimedia.org/wikipedia/commons/e/ed/Texas_A%26M_University%E2%80%93Texarkana_wordmark.svg?utm_source=commons.wikimedia.org&utm_campaign=imageinfo&utm_content=original,"wikipedia:Texas A&M University–Texarkana","copied from this school's other-sport row (Texas A&M University-Texarkana); the article ""Texas A&M University–Texarkana"" names this institution",,,,,48.27
"Texas A&M University-Victoria",mens-soccer,NAIA,"Red River Athletic Conference",Jaguars,1,,#e81c18,#ad8b3a,https://upload.wikimedia.org/wikipedia/en/5/59/Texas_A%26M_University-Victoria_Logo.svg?utm_source=en.wikipedia.org&utm_campaign=imageinfo&utm_content=original,"wikipedia:Texas A&M University–Victoria","copied from this school's other-sport row (Texas A&M University-Victoria); the article ""Texas A&M University–Victoria"" names this institution",,,,,52.32
"Texas College",mens-soccer,NAIA,"Red River Athletic Conference",Steers,1,Steers,#4a1e59,#ffa32a,,"wikipedia:Texas College","copied from this school's other-sport row (Texas College); the article ""Texas College"" names this institution",,,,,34.77
"Texas Wesleyan University",mens-soccer,NAIA,"Sooner Athletic Conference",Rams,1,"Willie and Wilma the Rams",#002867,#ffd204,,"wikipedia:Texas Wesleyan University","copied from this school's other-sport row (Texas Wesleyan University); the article ""Texas Wesleyan University"" names this institution",,,,,50.66
"The Evergreen State College",mens-soccer,NAIA,"Cascade Collegiate Conference",Geoduck,0,"Speedy the Geoduck",#006837,,https://upload.wikimedia.org/wikipedia/en/7/7d/Evergreen_PRI_RGB.svg?utm_source=en.wikipedia.org&utm_campaign=imageinfo&utm_content=original,"wikipedia:Evergreen State College","copied from this school's other-sport row (The Evergreen State College); the article ""Evergreen State College"" names this institution",,,,,40.29
"The Master's University",mens-soccer,NAIA,"Great Southwest Athletic Conference",Mustangs,1,"Monty the Mustang",#0d223f,#daaa00,,"wikipedia:The Master's University","copied from this school's other-sport row (The Master's University); the article ""The Master's University"" names this institution",,,,,47.84
"Thomas Jefferson",mens-soccer,"NCAA D2",CACC,Rams,1,"Phil the Ram",#152456,#59B7df,https://upload.wikimedia.org/wikipedia/en/0/0d/Thomas_Jefferson_University_logo.svg?utm_source=en.wikipedia.org&utm_campaign=imageinfo&utm_content=original,"wikipedia:Thomas Jefferson University",,,,,7.0,55.27
"Thomas More",mens-soccer,"NCAA D2",AMC,Saints,1,"Tommy Mo",#00549f,#848689,https://upload.wikimedia.org/wikipedia/commons/6/65/Thomas_more_univ_logo.png?utm_source=commons.wikimedia.org&utm_campaign=imageinfo&utm_content=original,"wikipedia:Thomas More University",,,,,5.4,57.53
"Thomas University",mens-soccer,NAIA,"Southern States Athletic Conference","Night Hawks",1,,#006938,,https://upload.wikimedia.org/wikipedia/commons/c/cc/Thomas_univ_ge_textlogo.png?utm_source=commons.wikimedia.org&utm_campaign=imageinfo&utm_content=original,"wikipedia:Thomas University","copied from this school's other-sport row (Thomas University); the article ""Thomas University"" names this institution",,,,,48.84
"Three Rivers",mens-soccer,NJCAA,MOVAL,Raiders,1,"Rocky Raider",#EFB62A,,,"wikipedia:Three Rivers College (Missouri)",,,,,5.8,
Tidewater,mens-soccer,NJCAA,VCCAA,,,,,,,,"No usable Wikipedia infobox found for this name",,,,6.5,
Tiffin,mens-soccer,"NCAA D2",GLIAC,Dragons,1,"Blaze the Dragon",#006235,#fff200,https://upload.wikimedia.org/wikipedia/commons/3/38/Tiffin_University_logo.svg?utm_source=commons.wikimedia.org&utm_campaign=imageinfo&utm_content=original,"wikipedia:Tiffin University",,1,GMAC,https://greatmidwestsports.com/news/2025/11/15/tiffin-secures-fourth-g-mac-mens-soccer-title.aspx,5.4,66.14
"Tompkins Cortland",mens-soccer,NJCAA,GNYAC,Panthers,1,,#355E3B,,,"wikipedia:Tompkins Cortland Community College",,,,,5.8,25.39
"Tougaloo College",mens-soccer,NAIA,"HBCU Athletic Conference",Bulldogs,1,,#1a75bc,#ed1c24,https://upload.wikimedia.org/wikipedia/en/b/b4/Tougaloo_College_logo.svg?utm_source=en.wikipedia.org&utm_campaign=imageinfo&utm_content=original,"wikipedia:Tougaloo College","copied from this school's other-sport row (Tougaloo College); the article ""Tougaloo College"" names this institution",,,,,39.41
"Trevecca Nazarene",mens-soccer,"NCAA D2",Mid-South,Trojans,1,"Troy Trevecca",,,https://upload.wikimedia.org/wikipedia/commons/6/6f/Trevecca_nazarene_univ_logo.png?utm_source=commons.wikimedia.org&utm_campaign=imageinfo&utm_content=original,"wikipedia:Trevecca Nazarene University",,,,,5.5,51.15
Trine,mens-soccer,"NCAA D3",HCAC,Thunder,0,"Storm, a white tiger",#00335B,#FFFFFF,https://upload.wikimedia.org/wikipedia/commons/4/48/Trine_univ_textlogo.png?utm_source=commons.wikimedia.org&utm_campaign=imageinfo&utm_content=original,"wikipedia:Trine University",,,,,6.5,36.43
"Trinity (CT)",mens-soccer,"NCAA D3",NESCAC,Bantams,1,Bantam,#1E388C,#FFC424,https://upload.wikimedia.org/wikipedia/commons/b/b0/Trinity_College_Connecticut.svg?utm_source=commons.wikimedia.org&utm_campaign=imageinfo&utm_content=original,"wikipedia:Trinity College (Connecticut)",,,,,9.2,34.57
"Trinity (TX)",mens-soccer,"NCAA D3",SCAC,Tigers,1,,#851619,#ffffff,https://upload.wikimedia.org/wikipedia/en/8/89/Trinity_University%2C_Texas_logo.svg?utm_source=en.wikipedia.org&utm_campaign=imageinfo&utm_content=original,"wikipedia:Trinity University",,,,,9.5,53.03
"Trinity Christian",mens-soccer,NAIA,CCAC,Trolls,1,Troll,#081c33,#8cb6e1,,"wikipedia:Trinity Christian College",,,,,5.4,51.21
"Trinity Valley",mens-soccer,NJCAA,WJCAC,,,Cardinals,,,https://upload.wikimedia.org/wikipedia/en/2/24/Trinity_Valley_Community_College.jpg?utm_source=en.wikipedia.org&utm_campaign=imageinfo&utm_content=original,"wikipedia:Trinity Valley Community College",,,,,6.0,16.32
"Truett McConnell University",mens-soccer,NAIA,"Appalachian Athletic Conference",Bears,1,Bears,#002a46,#fec541,https://upload.wikimedia.org/wikipedia/en/a/a1/Truett_McConnell_University_logo.svg?utm_source=en.wikipedia.org&utm_campaign=imageinfo&utm_content=original,athletics-domain:tmbears.com,"copied from this school's other row (Truett McConnell University), same division; that row's nickname was recovered from the school's own athletics site",,,,,55.25
"Truman State",mens-soccer,"NCAA D2",GLVC,Bulldogs,1,Spike,#510B76,#FFFFFF,https://upload.wikimedia.org/wikipedia/commons/6/61/Truman_state_univ_logo_horiz.png?utm_source=commons.wikimedia.org&utm_campaign=imageinfo&utm_content=original,"wikipedia:Truman State University",,,,,8.0,49.91
Tufts,mens-soccer,"NCAA D3",NESCAC,Jumbos,1,"Jumbo the Elephant",#3E8EDE,#512C1D,https://upload.wikimedia.org/wikipedia/commons/1/12/Tufts_University_wordmark.svg?utm_source=commons.wikimedia.org&utm_campaign=imageinfo&utm_content=original,"wikipedia:Tufts University",,1,NESCAC,https://nescac.com/news/2025/11/9/top-seeded-tufts-claims-2025-nescac-mens-soccer-crown.aspx,10.0,58.0
Tulsa,mens-soccer,"NCAA D1","American Conference","Golden Hurricane",0,"Gus T.",#0A2240,#C2A01E,https://upload.wikimedia.org/wikipedia/en/9/99/University_of_Tulsa_logo.svg?utm_source=en.wikipedia.org&utm_campaign=imageinfo&utm_content=original,"wikipedia:University of Tulsa",,,,,7.2,73.54
"Tulsa Community",mens-soccer,NJCAA,SACC,,,Goose,,,,"wikipedia:Tulsa Community College",,,,,6.8,
Tusculum,mens-soccer,"NCAA D2",SAC,Pioneers,1,Pioneers,#FF671b,,https://upload.wikimedia.org/wikipedia/commons/e/e1/TusculumUniv_Logo.png?utm_source=commons.wikimedia.org&utm_campaign=imageinfo&utm_content=original,athletics-domain:tusculumpioneers.com,"nickname recovered from the school's own athletics hostname; its Wikipedia article states none. Confirmed by that site's title (""Tusculum Pioneers"").",,,,5.4,50.02
"Tyler Junior",mens-soccer,NJCAA,WJCAC,Apaches,1,"Harry the Hawk",,,,"wikipedia:Tyler Junior College",,,,,6.0,45.0
UAB,mens-soccer,"NCAA D1","American Conference",Blazers,1,"Blaze the Dragon",#1a5632,#fdB913,https://upload.wikimedia.org/wikipedia/commons/f/f5/UAB_Core_Logo_Centered_Full_Color.svg?utm_source=commons.wikimedia.org&utm_campaign=imageinfo&utm_content=original,"wikipedia:University of Alabama at Birmingham",,,,,6.8,70.68
"UC Davis",mens-soccer,"NCAA D1","Mountain West Conference",Aggies,1,"Gunrock the Mustang",#002851,#FFBF00,https://upload.wikimedia.org/wikipedia/commons/0/09/UC_Davis_wordmark.svg?utm_source=commons.wikimedia.org&utm_campaign=imageinfo&utm_content=original,"wikipedia:University of California, Davis",,,,,8.4,72.19
"UC Irvine",mens-soccer,"NCAA D1","Big West Conference",Anteaters,1,"Peter the Anteater",,,https://upload.wikimedia.org/wikipedia/commons/8/8f/University_of_California%2C_Irvine_logo.svg?utm_source=commons.wikimedia.org&utm_campaign=imageinfo&utm_content=original,"wikipedia:University of California, Irvine",,1,"Big West","wikipedia:2025 NCAA Division I men's soccer tournament",8.7,76.81
"UC Merced",mens-soccer,"NCAA D2",CCAA,"Golden Bobcats",1,"Rufus the Bobcat",#002856,#daa900,https://upload.wikimedia.org/wikipedia/commons/e/ee/Uc_merced_logo.png?utm_source=commons.wikimedia.org&utm_campaign=imageinfo&utm_content=original,"wikipedia:University of California, Merced",,,,,7.5,51.81
"UC Riverside",mens-soccer,"NCAA D1","Pac-12 Conference",Highlanders,1,"Scotty Highlander",,,https://upload.wikimedia.org/wikipedia/commons/a/aa/UC_Riverside_logo.svg?utm_source=commons.wikimedia.org&utm_campaign=imageinfo&utm_content=original,"wikipedia:University of California, Riverside",,,,,7.0,68.08
"UC San Diego",mens-soccer,"NCAA D1","Pac-12 Conference",Tritons,1,"King Triton",#182B49,#00629B,https://upload.wikimedia.org/wikipedia/commons/c/cc/University_of_California%2C_San_Diego_logo.svg?utm_source=commons.wikimedia.org&utm_campaign=imageinfo&utm_content=original,"wikipedia:University of California, San Diego",,,,,9.2,65.17
"UC Santa Barbara",mens-soccer,"NCAA D1","Big West Conference",Gauchos,1,"Olé the Gaucho",#003660,#FEBC11,https://upload.wikimedia.org/wikipedia/commons/6/6e/University_of_California%2C_Santa_Barbara_logo.svg?utm_source=commons.wikimedia.org&utm_campaign=imageinfo&utm_content=original,"wikipedia:University of California, Santa Barbara",,,,,8.8,78.62
UCCS,mens-soccer,"NCAA D2",RMAC,"Mountain Lions",1,Clyde,#000000,#CFB87C,https://upload.wikimedia.org/wikipedia/en/7/73/UC_Colorado_Springs_logo.svg?utm_source=en.wikipedia.org&utm_campaign=imageinfo&utm_content=original,"wikipedia:University of Colorado Colorado Springs",,1,RMAC,https://rmacsports.org/news/2025/11/16/rmac-mens-soccer-championship-uccs-claims-first-rmac-tournament-title.aspx,5.4,62.4
UCF,mens-soccer,"NCAA D1","Sun Belt Conference",Knights,1,,#FFC904,,https://upload.wikimedia.org/wikipedia/en/9/99/University_of_Central_Florida_logo.svg?utm_source=en.wikipedia.org&utm_campaign=imageinfo&utm_content=original,"wikipedia:University of Central Florida",,1,"Sun Belt","wikipedia:2025 NCAA Division I men's soccer tournament",7.6,79.03
UCLA,mens-soccer,"NCAA D1","Big Ten Conference",Bruins,1,,#2774AE,#FFD100,https://upload.wikimedia.org/wikipedia/commons/6/6c/University_of_California%2C_Los_Angeles_logo.svg?utm_source=commons.wikimedia.org&utm_campaign=imageinfo&utm_content=original,"wikipedia:University of California, Los Angeles",,1,"Big Ten","wikipedia:2025 NCAA Division I men's soccer tournament",9.8,90.15
UConn,mens-soccer,"NCAA D1","Big East Conference",Huskies,1,"Jonathan the Husky",,,https://upload.wikimedia.org/wikipedia/commons/8/8f/University_of_Connecticut_logo.svg?utm_source=commons.wikimedia.org&utm_campaign=imageinfo&utm_content=original,"wikipedia:University of Connecticut",,,,,8.1,86.58
UIC,mens-soccer,"NCAA D1","Missouri Valley Conference",Flames,1,Sparky,,,,"wikipedia:University of Illinois Chicago",,,,,6.2,75.79
UIW,mens-soccer,"NCAA D1","Ohio Valley Conference",Cardinals,1,"Red the Cardinal",,,https://upload.wikimedia.org/wikipedia/en/6/64/University_of_Incarnate_Word_logo.svg?utm_source=en.wikipedia.org&utm_campaign=imageinfo&utm_content=original,"wikipedia:University of the Incarnate Word",,,,,4.3,65.61
UMBC,mens-soccer,"NCAA D1","America East Conference",Retrievers,1,"True Grit the Retriever",#000000,#FDB515,https://upload.wikimedia.org/wikipedia/commons/b/b0/University_of_Maryland%2C_Baltimore_County_logo.svg?utm_source=commons.wikimedia.org&utm_campaign=imageinfo&utm_content=original,"wikipedia:University of Maryland, Baltimore County",,,,,7.4,75.91
UMSL,mens-soccer,"NCAA D2",GLVC,Tritons,1,Louie,#981E32,#EAAB00,https://upload.wikimedia.org/wikipedia/commons/8/86/Umsl_missouri_st_louis_univ_horiz_logo.png?utm_source=commons.wikimedia.org&utm_campaign=imageinfo&utm_content=original,"wikipedia:University of Missouri–St. Louis",,,,,5.4,52.78
UMass,mens-soccer,"NCAA D1","The Summit League",Minutemen,1,,,,https://upload.wikimedia.org/wikipedia/commons/3/3b/University_of_Massachusetts_wordmark.svg?utm_source=commons.wikimedia.org&utm_campaign=imageinfo&utm_content=original,"wikipedia:University of Massachusetts","men's form confirmed on umassathletics.com; the Wikipedia infobox gave only the abbreviation 'UMass'",,,,7.2,72.77
"UMass Lowell",mens-soccer,"NCAA D1","America East Conference","River Hawks",1,"Rowdy the River Hawk",,,,"wikipedia:University of Massachusetts Lowell",,,,,6.6,69.18
"UNC Asheville",mens-soccer,"NCAA D1","Big South Conference",Bulldogs,1,Rocky,#003da5,,https://upload.wikimedia.org/wikipedia/commons/3/3d/Unc_asheville_logo.png?utm_source=commons.wikimedia.org&utm_campaign=imageinfo&utm_content=original,"wikipedia:University of North Carolina at Asheville",,,,,5.8,75.09
"UNC Greensboro",mens-soccer,"NCAA D1","Southern Conference",Spartans,1,"""Spiro"" the Spartan",#FFCC00,#FFFFFF,https://upload.wikimedia.org/wikipedia/en/f/f1/University_of_North_Carolina_at_Greensboro_logo.svg?utm_source=en.wikipedia.org&utm_campaign=imageinfo&utm_content=original,"wikipedia:University of North Carolina at Greensboro",,,,,6.4,79.62
UNCW,mens-soccer,"NCAA D1","Coastal Athletic Association",Seahawks,1,"Sammy C. Hawk",#007680,#003366,https://upload.wikimedia.org/wikipedia/commons/5/59/Uncwlogo.svg?utm_source=commons.wikimedia.org&utm_campaign=imageinfo&utm_content=original,"wikipedia:University of North Carolina Wilmington",,,,,7.0,70.61
UNLV,mens-soccer,"NCAA D1","Mountain West Conference",Rebels,1,,#B10202,,https://upload.wikimedia.org/wikipedia/commons/9/9f/University_of_Nevada%2C_Las_Vegas_logo.svg?utm_source=commons.wikimedia.org&utm_campaign=imageinfo&utm_content=original,"wikipedia:University of Nevada, Las Vegas",,,,,6.2,68.73
"USC Upstate",mens-soccer,"NCAA D1","Big South Conference",Spartans,1,,#00833e,#373a36,https://upload.wikimedia.org/wikipedia/commons/f/ff/COLOR_HOR_BLK_Upstate_Logo.png?utm_source=commons.wikimedia.org&utm_campaign=imageinfo&utm_content=original,"wikipedia:University of South Carolina Upstate",,,,,4.8,65.08
"UT Dallas",mens-soccer,"NCAA D2",Heartland,Comets,1,Temoc,,,https://upload.wikimedia.org/wikipedia/commons/9/98/Ut_dallas_univ_wordmark.svg?utm_source=commons.wikimedia.org&utm_campaign=imageinfo&utm_content=original,"wikipedia:University of Texas at Dallas",,,,,9.2,63.78
"UT Tyler",mens-soccer,"NCAA D2",Heartland,Patriots,1,Eagle,#E65300,#FFFFFF,https://upload.wikimedia.org/wikipedia/en/e/ed/UTTyler_Primary_Academic_Mark.png?utm_source=en.wikipedia.org&utm_campaign=imageinfo&utm_content=original,"wikipedia:University of Texas at Tyler",,,,,5.4,54.23
UTRGV,mens-soccer,"NCAA D1","Ohio Valley Conference",Vaqueros,1,Vaqueros,#F05023,#646469,https://upload.wikimedia.org/wikipedia/commons/5/56/University_of_Texas_Rio_Grande_Valley_logo.svg?utm_source=commons.wikimedia.org&utm_campaign=imageinfo&utm_content=original,"wikipedia:University of Texas Rio Grande Valley",,,,,4.8,63.16
"Union (KY)",mens-soccer,NAIA,"Appalachian Athletic Conference",Bulldogs,1,,,,https://upload.wikimedia.org/wikipedia/en/d/d8/Union_University_crest.svg?utm_source=en.wikipedia.org&utm_campaign=imageinfo&utm_content=original,"wikipedia:Union University",,1,Appalachian,https://www.aacsports.com/sports/msoc/2025-26/releases/20251108wnmit6,5.6,59.45
"Union (NY)",mens-soccer,"NCAA D3","Liberty League","Garnet Chargers",1,,,,https://upload.wikimedia.org/wikipedia/commons/4/4a/Union_college_f1795_logo.png?utm_source=commons.wikimedia.org&utm_campaign=imageinfo&utm_content=original,"wikipedia:Union College","corrected from this school's women's row: had been matched to a different institution of a similar name (wikipedia:Union College)",,,,6.5,39.88
"Union (TN)",mens-soccer,"NCAA D2",Mid-South,Bulldogs,1,,,,https://upload.wikimedia.org/wikipedia/en/d/d8/Union_University_crest.svg?utm_source=en.wikipedia.org&utm_campaign=imageinfo&utm_content=original,"wikipedia:Union University",,,,,6.8,48.24
"Union County",mens-soccer,NJCAA,GNYAC,,,,,,,,"Cleared on audit: previous match (Union University) failed re-verification",,,,6.0,23.67
"University of Chicago",mens-soccer,"NCAA D3",UAA,Maroons,1,"Phil the Phoenix",#800000,,https://upload.wikimedia.org/wikipedia/commons/0/05/University_of_Chicago_wordmark.svg?utm_source=commons.wikimedia.org&utm_campaign=imageinfo&utm_content=original,"wikipedia:University of Chicago",,,,,10.0,53.03
"University of Health Sciences and Pharmacy in St. Louis",mens-soccer,NAIA,"American Midwest Conference",Eutectics,1,"Mortarmer McPestle (aka The Eutectic)",#4e2a84,#fcb714,,"wikipedia:University of Health Sciences and Pharmacy in St. Louis","copied from this school's other-sport row (University of Health Sciences and Pharmacy in St. Louis); the article ""University of Health Sciences and Pharmacy in St. Louis"" names this institution",,,,,34.62
"University of Michigan-Dearborn",mens-soccer,NAIA,"Wolverine-Hoosier Athletic Conference",Wolverines,1,,#fad224,#001449,https://upload.wikimedia.org/wikipedia/commons/a/a7/UMDearborn_Vertical_Logo.svg?utm_source=commons.wikimedia.org&utm_campaign=imageinfo&utm_content=original,"wikipedia:University of Michigan–Dearborn","copied from this school's other-sport row (University of Michigan-Dearborn); the article ""University of Michigan–Dearborn"" names this institution",,,,,39.58
"University of Mobile",mens-soccer,NAIA,"Southern States Athletic Conference",Rams,1,"Mac the Ram",#a32136,#dad9d7,,"wikipedia:University of Mobile","copied from this school's other-sport row (University of Mobile); the article ""University of Mobile"" names this institution",,,,,57.14
"University of New England",mens-soccer,"NCAA D3",CCC,"Nor'easters",1,"Stormin' Norman",,,,"wikipedia:University of New England (United States)",,,,,6.6,31.04
"University of Northwestern Ohio",mens-soccer,NAIA,"Wolverine-Hoosier Athletic Conference",Racers,1,,#8b0f04,#555657,,"wikipedia:University of Northwestern Ohio","copied from this school's other-sport row (University of Northwestern Ohio); the article ""University of Northwestern Ohio"" names this institution",,,,,53.71
"University of Saint Francis (IN)",mens-soccer,NAIA,"Crossroads League",Cougars,1,,,,,athletics-domain:saintfranciscougars.com,"University of Saint Francis (Fort Wayne, IN). Had been matched to Saint Francis University (PA), whose Red Wolves remain correct on the Saint Francis (PA) row. Confirmed on saintfranciscougars.com, title ""University of Saint Francis (IN)"".",,,,,48.41
"University of Tennessee Southern",mens-soccer,NAIA,"Southern States Athletic Conference",Firehawks,1,"Flame the Firehawk",,,https://upload.wikimedia.org/wikipedia/commons/a/a8/University_of_Tennessee_Southern_logo.png?utm_source=commons.wikimedia.org&utm_campaign=imageinfo&utm_content=original,"wikipedia:University of Tennessee Southern","copied from this school's other-sport row (University of Tennessee Southern); the article ""University of Tennessee Southern"" names this institution",,,,,53.97
"University of the Southwest (New Mexico)",mens-soccer,NAIA,"Red River Athletic Conference",,,,,,,,,,,,,43.88
"Upper Iowa",mens-soccer,"NCAA D2",NSIC,Peacocks,1,,#007FFF,,https://upload.wikimedia.org/wikipedia/commons/b/b4/Upper_iowa_univ_logo.png?utm_source=commons.wikimedia.org&utm_campaign=imageinfo&utm_content=original,"wikipedia:Upper Iowa University",,,,,5.4,46.56
Ursinus,mens-soccer,"NCAA D3",Centennial,Bears,1,"Grizzly Bear",#990000,#FFC600,https://upload.wikimedia.org/wikipedia/commons/1/15/Ursinus_college_penn_logo.png?utm_source=commons.wikimedia.org&utm_campaign=imageinfo&utm_content=original,"wikipedia:Ursinus College",,,,,8.0,41.17
"Utah Tech",mens-soccer,"NCAA D1","Mountain West Conference",Trailblazers,1,"""Brooks the Bison""",,,https://upload.wikimedia.org/wikipedia/commons/8/89/Utah_Tech_University_monogram.svg?utm_source=commons.wikimedia.org&utm_campaign=imageinfo&utm_content=original,"wikipedia:Utah Tech University",,,,,4.5,67.99
"Utah Valley",mens-soccer,"NCAA D1","Big West Conference",Wolverines,1,"Willy the Wolverine",#275D38,#FFFFFF,https://upload.wikimedia.org/wikipedia/commons/0/00/UVU-Institutional-Square-Mark-2016.svg?utm_source=commons.wikimedia.org&utm_campaign=imageinfo&utm_content=original,"wikipedia:Utah Valley University",,,,,5.8,75.28
Utica,mens-soccer,"NCAA D3","Empire 8",Pioneers,1,"Trax the Moose",#0c223f,#e75200,https://upload.wikimedia.org/wikipedia/commons/9/96/Utica_University_logo.svg?utm_source=commons.wikimedia.org&utm_campaign=imageinfo&utm_content=original,"wikipedia:Utica University",,,,,6.5,39.02
VCU,mens-soccer,"NCAA D1","Atlantic 10 Conference",Rams,1,"Rodney the Ram",,,https://upload.wikimedia.org/wikipedia/commons/8/8c/VCU_typeface.svg?utm_source=commons.wikimedia.org&utm_campaign=imageinfo&utm_content=original,"wikipedia:Virginia Commonwealth University",,,,,7.2,71.16
VMI,mens-soccer,"NCAA D1","Southern Conference",Keydets,1,"Moe the Kangaroo",,,https://upload.wikimedia.org/wikipedia/commons/7/7c/Virginia_Military_Institute_full_logo.png?utm_source=commons.wikimedia.org&utm_campaign=imageinfo&utm_content=original,"wikipedia:Virginia Military Institute",,,,,6.5,62.15
Vanguard,mens-soccer,"NCAA D2",PacWest,Lions,1,,#003767,#ffc522,https://upload.wikimedia.org/wikipedia/commons/b/bf/Vanguard_univ_full_logo.png?utm_source=commons.wikimedia.org&utm_campaign=imageinfo&utm_content=original,"wikipedia:Vanguard University",,,,,7.0,56.64
Ventura,mens-soccer,NJCAA,CCCAA,,,,,,,,"Cleared on audit: previous match (Pampanga State University) failed re-verification",,,,7.2,
Vermont,mens-soccer,"NCAA D1","America East Conference",Catamounts,1,"Rally Catamount",,,https://upload.wikimedia.org/wikipedia/commons/f/f4/University_of_Vermont_Primary_Horizontal_Wordmark.svg?utm_source=commons.wikimedia.org&utm_campaign=imageinfo&utm_content=original,"wikipedia:University of Vermont",,1,"America East","wikipedia:2025 NCAA Division I men's soccer tournament",8.0,89.21
Vernon,mens-soccer,NJCAA,WJCAC,Cougars,1,"Casey the Cougar",#006940,#00457a,https://upload.wikimedia.org/wikipedia/en/b/b6/Mvnulogo.png?utm_source=en.wikipedia.org&utm_campaign=imageinfo&utm_content=original,"wikipedia:Mount Vernon Nazarene University",,,,,5.2,32.6
"Victor Valley",mens-soccer,NJCAA,CCCAA,Rams,1,,,,,"wikipedia:Victor Valley College",,,,,6.0,23.18
Villanova,mens-soccer,"NCAA D1","Big East Conference",Wildcats,1,"Will D. Cat (current)<br />Count Villan (former)",#002664,#FFFFFF,https://upload.wikimedia.org/wikipedia/en/c/c8/Villanova_University_logo.svg?utm_source=en.wikipedia.org&utm_campaign=imageinfo&utm_content=original,"wikipedia:Villanova University",,,,,8.9,71.23
Vincennes,mens-soccer,NJCAA,OHSJCC,Trailblazers,1,,#1E2952,#FFD700,https://upload.wikimedia.org/wikipedia/commons/d/d9/Vincennes_Wordmark.png?utm_source=commons.wikimedia.org&utm_campaign=imageinfo&utm_content=original,"wikipedia:Vincennes University",,,,,6.8,
Virginia,mens-soccer,"NCAA D1","Atlantic Coast Conference",Cavaliers,1,Cavalier,#E57200,#232D4B,,"wikipedia:University of Virginia",,,,,9.6,98.75
"Virginia Highlands",mens-soccer,NJCAA,VCCAA,,,Wolf,,,,"wikipedia:Virginia Highlands Community College",,,,,5.8,
"Virginia State",mens-soccer,"NCAA D2",CIAA,Trojans,1,,#EA6D26,#00358E,https://upload.wikimedia.org/wikipedia/commons/9/95/Virginia_state_univ_logo.png?utm_source=commons.wikimedia.org&utm_campaign=imageinfo&utm_content=original,"wikipedia:Virginia State University",,1,CIAA,https://theciaa.com/news/2025/11/10/about-the-ciaa-virginia-state-sweeps-inaugural-ciaa-soccer-cups-with-mens-and-womens-titles.aspx,5.3,43.87
"Virginia Tech",mens-soccer,"NCAA D1","Atlantic Coast Conference",Hokies,1,HokieBird,,,https://upload.wikimedia.org/wikipedia/commons/8/8f/Virginia_Tech_logo.svg?utm_source=commons.wikimedia.org&utm_campaign=imageinfo&utm_content=original,"wikipedia:Virginia Tech",,,,,8.2,81.74
"Virginia Wesleyan",mens-soccer,"NCAA D3",ODAC,Marlins,1,"Bob Marlin",#003e69,#7e929f,https://upload.wikimedia.org/wikipedia/en/2/24/Virginia_Wesleyan_University_logo.png?utm_source=en.wikipedia.org&utm_campaign=imageinfo&utm_content=original,"wikipedia:Batten University",,,,,6.5,48.42
"Virginia Western",mens-soccer,NJCAA,VCCAA,,,,,,,,"No usable Wikipedia infobox found for this name",,,,5.8,
"Volunteer State",mens-soccer,NJCAA,TCCAA,Pioneers,1,,#001a72,#9D2235,https://upload.wikimedia.org/wikipedia/en/a/a5/Volunteer_State_Community_College_%28Gallatin%2C_Tennessee%29_logo.png?utm_source=en.wikipedia.org&utm_campaign=imageinfo&utm_content=original,"wikipedia:Volunteer State Community College",,,,,5.8,
"Wake Forest",mens-soccer,"NCAA D1","Atlantic Coast Conference","Demon Deacons",1,"The Demon Deacon",#9E7E38,#000000,https://upload.wikimedia.org/wikipedia/en/b/b9/Wake_Forest_University_logo.svg?utm_source=en.wikipedia.org&utm_campaign=imageinfo&utm_content=original,"wikipedia:Wake Forest University",,,,,9.2,95.71
"Wake Technical",mens-soccer,NJCAA,CCAC-NJCAA,Eagles,1,,#003366,#FFFF99,,"wikipedia:Wake Technical Community College",,,,,7.0,27.88
Waldorf,mens-soccer,NAIA,HAAC,Warriors,1,,#471F6E,#B79257,https://upload.wikimedia.org/wikipedia/commons/6/66/Waldorf_univ_logo_horiz.png?utm_source=commons.wikimedia.org&utm_campaign=imageinfo&utm_content=original,"wikipedia:Waldorf University",,,,,5.6,43.06
"Walla Walla University",mens-soccer,NAIA,"Cascade Collegiate Conference",Wolves,1,,#3f4727,#af6112,,"wikipedia:Walla Walla University","copied from this school's other-sport row (Walla Walla University); the article ""Walla Walla University"" names this institution",,,,,34.8
"Wallace State",mens-soccer,NJCAA,ACCC,,,,,,,"wikipedia:Wallace State Community College","No usable Wikipedia infobox found for this name",1,ACCC,https://www.wallacestate.edu/news/2025/10/26/soccer_accc_championship.html,6.5,36.02
Walsh,mens-soccer,"NCAA D2",GMAC,Cavaliers,1,"Sir Walter the Cavalier",,,https://upload.wikimedia.org/wikipedia/commons/5/53/Walsh_univ_ohio_textlogo.png?utm_source=commons.wikimedia.org&utm_campaign=imageinfo&utm_content=original,"wikipedia:Walsh University",,,,,5.4,50.78
"Walters State",mens-soccer,NJCAA,TCCAA,Senators,1,,#d50032,#00244d,https://upload.wikimedia.org/wikipedia/en/8/88/Walters_State_Community_College_logo.png?utm_source=en.wikipedia.org&utm_campaign=imageinfo&utm_content=original,"wikipedia:Walters State Community College",,,,,6.8,
Warner,mens-soccer,NAIA,Mid-South,Royals,1,Duke,#002b5c,#e9aa1c,https://upload.wikimedia.org/wikipedia/commons/5/59/Warner_univ_florida_textlogo.png?utm_source=commons.wikimedia.org&utm_campaign=imageinfo&utm_content=original,"wikipedia:Warner University",,,,,5.6,38.48
"Warner Pacific University",mens-soccer,NAIA,,,,,,,,,"Added for coaching-contact coverage; soccer_score/academic_rating are placeholders",,,,6.0,45.0
Wartburg,mens-soccer,"NCAA D3","Iowa Conference",Knights,1,,#F58025,#000000,https://upload.wikimedia.org/wikipedia/commons/4/4a/Wartburg_college_logo.png?utm_source=commons.wikimedia.org&utm_campaign=imageinfo&utm_content=original,"wikipedia:Wartburg College",,,,,6.5,44.63
Washington,mens-soccer,"NCAA D1","Big Ten Conference",Huskies,1,,#4B2E83,#B7A57A,https://upload.wikimedia.org/wikipedia/commons/f/f7/University_of_Washington_signature.svg?utm_source=commons.wikimedia.org&utm_campaign=imageinfo&utm_content=original,"wikipedia:University of Washington",,,,,8.9,95.43
"Washington & Jefferson",mens-soccer,"NCAA D3",PAC,Presidents,1,DubJay,#B80007,#000000,https://upload.wikimedia.org/wikipedia/en/d/d2/Washington_and_Jefferson_College_logo_2021.png?utm_source=en.wikipedia.org&utm_campaign=imageinfo&utm_content=original,"wikipedia:Washington & Jefferson College",,,,,8.0,39.22
"Washington & Lee",mens-soccer,"NCAA D3",ODAC,Generals,1,"Trident (no mascot - athletics symbol)",,,https://upload.wikimedia.org/wikipedia/commons/1/12/Web_wordmark1.png?utm_source=commons.wikimedia.org&utm_campaign=imageinfo&utm_content=original,"wikipedia:Washington and Lee University",,,,,10.0,52.42
"Washington (MO)",mens-soccer,"NCAA D3",UAA,Bears,1,Bear,#BA0C2F,#215732,https://upload.wikimedia.org/wikipedia/commons/d/da/George_Washington_University_wordmark.svg?utm_source=commons.wikimedia.org&utm_campaign=imageinfo&utm_content=original,"wikipedia:Washington University in St. Louis","corrected: had been matched to a different institution of a similar name; the school's own athletics domain implies ""Bears""",1,UAA,https://washubears.com/news/2025/11/8/champs-no-12-washu-mens-soccer-wins-2025-uaa-title-with-1-0-shutout-over-no-3-chicago.aspx,10.0,50.42
"Washington Adventist University",mens-soccer,NAIA,"Continental Athletic Conference",Shock,0,,#103459,#f26722,,"wikipedia:Washington Adventist University","copied from this school's other-sport row (Washington Adventist University); the article ""Washington Adventist University"" names this institution",,,,,54.8
"Washington College (MD)",mens-soccer,"NCAA D3",Centennial,Shoremen,1,"Gus the Goose",#800000,#000000,https://upload.wikimedia.org/wikipedia/commons/8/84/Washington_college_logo_horiz.png?utm_source=commons.wikimedia.org&utm_campaign=imageinfo&utm_content=original,"wikipedia:Washington College",,,,,8.0,47.21
"Wayland Baptist",mens-soccer,NAIA,RRAC,Pioneers,1,"Pioneer Pete",#084a8e,#eec301,https://upload.wikimedia.org/wikipedia/en/9/9a/Wayland-baptist-university-logo.png?utm_source=en.wikipedia.org&utm_campaign=imageinfo&utm_content=original,"wikipedia:Wayland Baptist University",,,,,5.4,50.49
Waynesburg,mens-soccer,"NCAA D3",PAC,"Yellow Jackets",1,,,,https://upload.wikimedia.org/wikipedia/commons/6/63/Waynesburg_univ_textlogo.png?utm_source=commons.wikimedia.org&utm_campaign=imageinfo&utm_content=original,"wikipedia:Waynesburg University",,,,,6.5,40.75
Weatherford,mens-soccer,NJCAA,WJCAC,,,,,,,,"No usable Wikipedia infobox found for this name",,,,5.8,
"Webber International",mens-soccer,NAIA,Mid-South,Warriors,1,,#234f33,#ae831f,https://upload.wikimedia.org/wikipedia/commons/2/2c/Webber_internat_univ_logo.png?utm_source=commons.wikimedia.org&utm_campaign=imageinfo&utm_content=original,"wikipedia:Webber International University",,,,,4.7,49.57
Webster,mens-soccer,"NCAA D3",SLIAC,Gorloks,1,"Webster Gorlok",#0047BB,#FFBF3F,https://upload.wikimedia.org/wikipedia/commons/8/86/Webster_University_Logo.svg?utm_source=commons.wikimedia.org&utm_campaign=imageinfo&utm_content=original,"wikipedia:Webster University",,,,,6.5,43.46
Wentworth,mens-soccer,"NCAA D3",CCC,,,Leopard,,,https://upload.wikimedia.org/wikipedia/commons/f/f0/Wentworth_institute_logo.png?utm_source=commons.wikimedia.org&utm_campaign=imageinfo&utm_content=original,"wikipedia:Wentworth Institute of Technology",,,,,6.5,33.87
"Wesleyan (CT)",mens-soccer,"NCAA D3",NESCAC,Cardinals,1,,,,https://upload.wikimedia.org/wikipedia/commons/e/e8/Wesleyan_University_logo.svg?utm_source=commons.wikimedia.org&utm_campaign=imageinfo&utm_content=original,"wikipedia:Wesleyan University",,,,,10.0,47.48
"West Alabama",mens-soccer,"NCAA D2",GSC,Tigers,1,"LUie the Tiger",,,https://upload.wikimedia.org/wikipedia/commons/0/00/Uwa_logo_horizontal.png?utm_source=commons.wikimedia.org&utm_campaign=imageinfo&utm_content=original,"wikipedia:University of West Alabama",,,,,5.4,54.66
"West Chester",mens-soccer,"NCAA D2",PSAC,"Golden Rams",1,Rammy,#45156B,#FDC423,https://upload.wikimedia.org/wikipedia/commons/2/26/West_Chester_University_logo.png?utm_source=commons.wikimedia.org&utm_campaign=imageinfo&utm_content=original,"wikipedia:West Chester University",,,,,6.5,59.63
"West Florida",mens-soccer,"NCAA D2",GSC,Argonauts,1,"Argie the Argonaut",#00205B,#00A346,https://upload.wikimedia.org/wikipedia/en/6/64/University_of_West_Florida_Logo.svg?utm_source=en.wikipedia.org&utm_campaign=imageinfo&utm_content=original,"wikipedia:University of West Florida",,1,GSC,https://gscsports.org/news/2025/11/16/msoc-champs-25.aspx,5.4,66.77
"West Liberty",mens-soccer,"NCAA D2","Mountain East",Hilltoppers,1,"Topper the Bear",,,https://upload.wikimedia.org/wikipedia/commons/7/7c/West_Liberty_University_Logo.png?utm_source=commons.wikimedia.org&utm_campaign=imageinfo&utm_content=original,"wikipedia:West Liberty University",,,,,5.4,51.14
"West Texas A&M",mens-soccer,"NCAA D2",LSC,"Buffaloes or Buffs",1,Buffalo,#581818,,https://upload.wikimedia.org/wikipedia/commons/0/0c/West_Texas_A%26M_University_wordmark.svg?utm_source=commons.wikimedia.org&utm_campaign=imageinfo&utm_content=original,"wikipedia:West Texas A&M University",,,,,5.4,53.69
"West Virginia",mens-soccer,"NCAA D1","Sun Belt Conference",Mountaineers,1,"The Mountaineer",,,https://upload.wikimedia.org/wikipedia/commons/8/87/West_Virginia_University_logo.svg?utm_source=commons.wikimedia.org&utm_campaign=imageinfo&utm_content=original,"wikipedia:West Virginia University",,,,,6.8,85.45
"West Virginia University Institute of Technology",mens-soccer,NAIA,"River States Conference","Golden Bears",1,Monty,#00457c,#f0b310,https://upload.wikimedia.org/wikipedia/en/4/44/WVU_Tech_logo.svg?utm_source=en.wikipedia.org&utm_campaign=imageinfo&utm_content=original,"wikipedia:West Virginia University Institute of Technology","copied from this school's other-sport row (West Virginia University Institute of Technology); the article ""West Virginia University Institute of Technology"" names this institution",,,,,60.52
"West Virginia Wesleyan",mens-soccer,"NCAA D2","Mountain East",Bobcats,1,Bobcat,#FF6600,,https://upload.wikimedia.org/wikipedia/commons/e/e0/Wv_wesleyan_college_logo.png?utm_source=commons.wikimedia.org&utm_campaign=imageinfo&utm_content=original,"wikipedia:West Virginia Wesleyan College",,,,,5.4,49.73
"Westcliff University",mens-soccer,NAIA,"California Pacific Conference",Warriors,1,,#00275a,#0273ae,,"wikipedia:Westcliff University","copied from this school's other-sport row (Westcliff University); the article ""Westcliff University"" names this institution",,,,,60.45
"Western Connecticut",mens-soccer,"NCAA D3",LEC,Wolves,1,,,,https://upload.wikimedia.org/wikipedia/commons/d/d8/Western_Connecticut_State_University_logo.svg?utm_source=commons.wikimedia.org&utm_campaign=imageinfo&utm_content=original,"wikipedia:Western Connecticut State University",,,,,6.5,49.44
"Western Illinois",mens-soccer,"NCAA D1","Ohio Valley Conference",Leathernecks,1,"Colonel Rock (Live Bulldog), Rocky (Costumed Bulldog)",,,https://upload.wikimedia.org/wikipedia/commons/7/7f/Western_Illinois_University_logo.png?utm_source=commons.wikimedia.org&utm_campaign=imageinfo&utm_content=original,"wikipedia:Western Illinois University",,,,,4.5,61.88
"Western Michigan",mens-soccer,"NCAA D1","Missouri Valley Conference",Broncos,1,"Buster Bronco",#532E1F,#F1C500,https://upload.wikimedia.org/wikipedia/en/3/31/Western_Michigan_University_Primary_Logo.svg?utm_source=en.wikipedia.org&utm_campaign=imageinfo&utm_content=original,"wikipedia:Western Michigan University",,1,"Missouri Valley","wikipedia:2025 NCAA Division I men's soccer tournament",5.8,81.46
"Western Nebraska",mens-soccer,NJCAA,RMJCAA,,,Cougars,#002F65,#FFD200,https://upload.wikimedia.org/wikipedia/commons/b/b3/Western_Nebraska_Community_College_logo.png?utm_source=commons.wikimedia.org&utm_campaign=imageinfo&utm_content=original,"wikipedia:Western Nebraska Community College",,,,,5.8,29.08
"Western New England",mens-soccer,"NCAA D3",CCC,"Golden Bears",1,Spirit,#003082,#E6B012,https://upload.wikimedia.org/wikipedia/commons/e/ea/Logo_of_Western_New_England_University.svg?utm_source=commons.wikimedia.org&utm_campaign=imageinfo&utm_content=original,"wikipedia:Western New England University",,,,,6.5,41.0
"Western Oregon",mens-soccer,"NCAA D2",GNAC,Wolves,1,Wolfie,#E31837,,https://upload.wikimedia.org/wikipedia/en/d/d5/WesternOregonSignature.png?utm_source=en.wikipedia.org&utm_campaign=imageinfo&utm_content=original,"wikipedia:Western Oregon University",,1,GNAC,https://gnacsports.com/news/2025/11/15/mens-soccer-wolves-win-gnac-championship-in-double-overtime.aspx,5.4,56.73
"Western Washington",mens-soccer,"NCAA D2",GNAC,Vikings,1,"Victor E. Viking",#00285e,#5387bd,https://upload.wikimedia.org/wikipedia/commons/8/8f/West_washington_univ_logo.svg?utm_source=commons.wikimedia.org&utm_campaign=imageinfo&utm_content=original,"wikipedia:Western Washington University",,,,,7.2,54.15
"Western Wyoming",mens-soccer,NJCAA,RMJCAA,Mustangs,1,Maverick,,,,"wikipedia:Western Wyoming College",,,,,5.2,
"Westfield State",mens-soccer,"NCAA D3",MASCAC,Owls,1,Nestor,#00247d,#FFFFFF,https://upload.wikimedia.org/wikipedia/commons/3/3e/Logo_of_Westfield_State_University.svg?utm_source=commons.wikimedia.org&utm_campaign=imageinfo&utm_content=original,"wikipedia:Westfield State University",,,,,6.2,41.86
"Westminster (MO)",mens-soccer,"NCAA D3",SLIAC,"Blue Jays",1,"Winston the Blue Jay",#003767,#79BDE8,https://upload.wikimedia.org/wikipedia/en/8/89/Westminster_College_logo.svg?utm_source=en.wikipedia.org&utm_campaign=imageinfo&utm_content=original,"wikipedia:Westminster College (Missouri)",,,,,6.5,38.18
"Westminster (PA)",mens-soccer,"NCAA D3",PAC,Titans,1,,#0b1143,,https://upload.wikimedia.org/wikipedia/commons/f/fa/Westminster_college_full_logo.png?utm_source=commons.wikimedia.org&utm_campaign=imageinfo&utm_content=original,"wikipedia:Westminster College (Pennsylvania)",,,,,6.5,34.66
"Westminster (UT)",mens-soccer,"NCAA D2",RMAC,Griffins,1,,#4a245e,#947750,https://upload.wikimedia.org/wikipedia/commons/6/61/Westminster_univ_logo.png?utm_source=commons.wikimedia.org&utm_campaign=imageinfo&utm_content=original,"wikipedia:Westminster University (Utah)",,,,,5.4,57.61
Westmont,mens-soccer,"NCAA D2",PacWest,Warriors,1,Warrior,,,https://upload.wikimedia.org/wikipedia/commons/4/46/Westmont_college_textlogo.png?utm_source=commons.wikimedia.org&utm_campaign=imageinfo&utm_content=original,"wikipedia:Westmont College",,,,,8.0,54.39
"Westmoreland County",mens-soccer,NJCAA,PSJUCO,Wolfpack,0,"Westly Wolf",#0083c2,#76bd22,,"wikipedia:Westmoreland County Community College",,,,,6.0,21.43
"Wharton County Junior",mens-soccer,NJCAA,WJCAC,,,Pioneers,,,https://upload.wikimedia.org/wikipedia/commons/1/15/Wharton_County_Junior_College.jpg?utm_source=commons.wikimedia.org&utm_campaign=imageinfo&utm_content=original,"wikipedia:Wharton County Junior College",,,,,6.5,
"Wheaton (IL)",mens-soccer,"NCAA D3",CCIW,Thunder,0,"Tor the Mastodon",,,,"wikipedia:Wheaton College (Illinois)",,,,,8.8,46.28
"Wheaton (MA)",mens-soccer,"NCAA D3",NEWMAC,Lyons,1,,,,https://upload.wikimedia.org/wikipedia/commons/4/4f/Wheaton_College%2C_Massachusetts_wordmark.svg?utm_source=commons.wikimedia.org&utm_campaign=imageinfo&utm_content=original,"wikipedia:Wheaton College (Massachusetts)",,,,,8.2,51.29
Wheeling,mens-soccer,"NCAA D2","Mountain East",Cardinals,1,"Iggy the Cardinal",,,https://upload.wikimedia.org/wikipedia/commons/d/df/Wheeling_university_logo.png?utm_source=commons.wikimedia.org&utm_campaign=imageinfo&utm_content=original,"wikipedia:Wheeling University",,,,,5.4,41.95
Whitman,mens-soccer,"NCAA D3",NWC,Blues,1,,#002868,#FFC627,https://upload.wikimedia.org/wikipedia/en/1/18/Whitman_College_Wordmark_Clock_Tower.svg?utm_source=en.wikipedia.org&utm_campaign=imageinfo&utm_content=original,"wikipedia:Whitman College",,1,NWC,https://nwcsports.com/news/2025/11/9/whitman-claims-2025-nwc-mens-soccer-title-and-ncaa-automatic-qualification.aspx,9.2,47.07
Whitworth,mens-soccer,"NCAA D3",NWC,"Pirates, Bucs",1,,,,https://upload.wikimedia.org/wikipedia/commons/9/93/Whitworth_univ_logo.svg?utm_source=commons.wikimedia.org&utm_campaign=imageinfo&utm_content=original,"wikipedia:Whitworth University",,,,,6.5,43.46
Widener,mens-soccer,"NCAA D3","MAC Commonwealth",Pride,0,"Chester & Melrose (Lions)",#008aff,#ffd461,https://upload.wikimedia.org/wikipedia/commons/2/25/Widener_univ_logo_blue.png?utm_source=commons.wikimedia.org&utm_campaign=imageinfo&utm_content=original,"wikipedia:Widener University",,,,,6.5,41.07
"Wiley University",mens-soccer,NAIA,"Continental Athletic Conference",Wildcats,1,"Wiley the Wildcat",#5c3a8c,#b1b6c1,https://upload.wikimedia.org/wikipedia/commons/0/08/Standard_Nameplate_Purple.png?utm_source=commons.wikimedia.org&utm_campaign=imageinfo&utm_content=original,"wikipedia:Wiley University","copied from this school's other-sport row (Wiley University); the article ""Wiley University"" names this institution",,,,,43.74
Wilkes,mens-soccer,"NCAA D3","MAC Freedom",Colonels,1,Colonel,#022C5A,#FFCD00,https://upload.wikimedia.org/wikipedia/commons/e/e5/Wilkes_univ_textlogo.png?utm_source=commons.wikimedia.org&utm_campaign=imageinfo&utm_content=original,"wikipedia:Wilkes University",,,,,6.5,31.99
"William & Mary",mens-soccer,"NCAA D1","Coastal Athletic Association",Tribe,0,"The Griffin",#115740,#B9975B,,"wikipedia:College of William & Mary",,,,,9.0,63.96
"William Carey University",mens-soccer,NAIA,"Southern States Athletic Conference",Crusaders,1,,#b01e24,,,"wikipedia:William Carey University","copied from this school's other-sport row (William Carey University); the article ""William Carey University"" names this institution",,,,,59.54
"William Jewell",mens-soccer,"NCAA D2",GLVC,Cardinals,1,,,,https://upload.wikimedia.org/wikipedia/commons/b/b6/Jewell_college_textlogo.png?utm_source=commons.wikimedia.org&utm_campaign=imageinfo&utm_content=original,"wikipedia:William Jewell College",,,,,5.4,46.08
"William Penn",mens-soccer,NAIA,HAAC,Statesmen,1,Statesmen,#00214d,#ffd204,,"wikipedia:William Penn University",,,,,5.6,63.05
"William Rainey Harper",mens-soccer,NJCAA,GRAC,,,,,,,,"Cleared on audit: previous match (Harper College) failed re-verification",,,,7.0,
"William Woods",mens-soccer,NAIA,AMC,Owls,1,"Screech the Owl",#02493b,#7f2346,,"wikipedia:William Woods University",,,,,5.6,55.4
Williams,mens-soccer,"NCAA D3",NESCAC,Ephs,1,"Ephelia, the Purple Cow",#512698,#FDCC09,https://upload.wikimedia.org/wikipedia/commons/1/14/Williams_College_wordmark.svg?utm_source=commons.wikimedia.org&utm_campaign=imageinfo&utm_content=original,"wikipedia:Williams College","corrected from this school's women's row: had been matched to a different institution of a similar name (wikipedia:Williams College)",,,,10.0,50.41
"Williams Baptist University",mens-soccer,NAIA,"American Midwest Conference",Eagles,1,Eagle,#014fa3,,,"wikipedia:Williams Baptist University","copied from this school's other-sport row (Williams Baptist University); the article ""Williams Baptist University"" names this institution",,,,,55.34
"Wilmington (DE)",mens-soccer,"NCAA D2",CACC,Wildcats,1,"Wiley D. Wildcat",#008751,#FFFFFF,https://upload.wikimedia.org/wikipedia/en/0/0b/Logo-of-Wilmington-University.svg?utm_source=en.wikipedia.org&utm_campaign=imageinfo&utm_content=original,"wikipedia:Wilmington University",,,,,5.4,59.46
"Wilmington (OH)",mens-soccer,"NCAA D3",HCAC,Quakers,1,Quakerman,,,https://upload.wikimedia.org/wikipedia/commons/2/24/Wilmington_college_of_ohio_logo.svg?utm_source=commons.wikimedia.org&utm_campaign=imageinfo&utm_content=original,"wikipedia:Wilmington College (Ohio)",,,,,6.5,48.74
Wingate,mens-soccer,"NCAA D2",SAC,Bulldogs,1,"Victor E. Bulldog",,,https://upload.wikimedia.org/wikipedia/commons/2/28/Wingate_univ_flag.png?utm_source=commons.wikimedia.org&utm_campaign=imageinfo&utm_content=original,"wikipedia:Wingate University",,,,,6.5,54.78
Winthrop,mens-soccer,"NCAA D1","Big South Conference",Eagles,1,"Big Stuff",#660000,#F0B323,https://upload.wikimedia.org/wikipedia/en/f/f9/Winthrop_University_logo_2018.svg?utm_source=en.wikipedia.org&utm_campaign=imageinfo&utm_content=original,"wikipedia:Winthrop University",,,,,5.0,60.59
Wisconsin,mens-soccer,"NCAA D1","Big Ten Conference",Badgers,1,"Bucky Badger",,,https://upload.wikimedia.org/wikipedia/en/e/e0/University_of_Wisconsin-Madison_logo.svg?utm_source=en.wikipedia.org&utm_campaign=imageinfo&utm_content=original,"wikipedia:University of Wisconsin–Madison",,,,,9.0,87.26
"Wisconsin-Eau Claire",mens-soccer,"NCAA D3",WIAC,Blugolds,1,Blu,#2B3E85,#EDAC1A,https://upload.wikimedia.org/wikipedia/commons/5/51/Eauclairewordmark.png?utm_source=commons.wikimedia.org&utm_campaign=imageinfo&utm_content=original,"wikipedia:University of Wisconsin–Eau Claire",,1,WIAC,"WIAC official 2025 championship coverage",6.5,51.0
"Wisconsin-La Crosse",mens-soccer,"NCAA D3",WIAC,Eagles,1,"Stryker the Eagle",#830019,#969799,https://upload.wikimedia.org/wikipedia/commons/9/9f/Univ_wisconsin_lacrosse_textlogo.png?utm_source=commons.wikimedia.org&utm_campaign=imageinfo&utm_content=original,"wikipedia:University of Wisconsin–La Crosse",,,,,6.5,40.12
Wisconsin-Oshkosh,mens-soccer,"NCAA D3",WIAC,Titans,1,Clash,#000000,#FFCC00,https://upload.wikimedia.org/wikipedia/commons/0/0c/UWO_Lettermark.png?utm_source=commons.wikimedia.org&utm_campaign=imageinfo&utm_content=original,"wikipedia:University of Wisconsin–Oshkosh",,,,,6.5,46.54
Wisconsin-Parkside,mens-soccer,"NCAA D2",GLIAC,Rangers,1,"Ranger Bear",#00693E,#231F20,https://upload.wikimedia.org/wikipedia/commons/7/75/UWParkside_logo.png?utm_source=commons.wikimedia.org&utm_campaign=imageinfo&utm_content=original,"wikipedia:University of Wisconsin–Parkside",,,,,5.4,56.99
Wisconsin-Platteville,mens-soccer,"NCAA D3",WIAC,Pioneers,1,"Pioneer Pete",#F37321,#0068B3,https://upload.wikimedia.org/wikipedia/commons/e/eb/Uw_platteville_logo_horiz.png?utm_source=commons.wikimedia.org&utm_campaign=imageinfo&utm_content=original,"wikipedia:University of Wisconsin–Platteville",,,,,6.5,46.96
"Wisconsin-River Falls",mens-soccer,"NCAA D3",WIAC,Falcons,1,"Freddy Falcon",#C41E3A,#FFFFFF,https://upload.wikimedia.org/wikipedia/commons/3/3c/Uw_river_falls_wmark.png?utm_source=commons.wikimedia.org&utm_campaign=imageinfo&utm_content=original,"wikipedia:University of Wisconsin–River Falls",,,,,6.5,36.16
"Wisconsin-Stevens Point",mens-soccer,"NCAA D3",WIAC,Pointers,1,"Stevie Pointer",#512698,#FFC82E,https://upload.wikimedia.org/wikipedia/en/e/ec/UW%E2%80%93Stevens_Point_logo.png?utm_source=en.wikipedia.org&utm_campaign=imageinfo&utm_content=original,"wikipedia:University of Wisconsin–Stevens Point",,,,,6.5,44.67
Wisconsin-Stout,mens-soccer,"NCAA D3",WIAC,"Blue Devils",1,,#13294B,#1D4F91,https://upload.wikimedia.org/wikipedia/en/2/23/University_of_Wisconsin-Stout_Polytechnic_Logo.svg?utm_source=en.wikipedia.org&utm_campaign=imageinfo&utm_content=original,"wikipedia:University of Wisconsin–Stout Polytechnic",,,,,6.5,29.18
Wisconsin-Superior,mens-soccer,"NCAA D3",WIAC,Yellowjackets,1,"Buzz the Yellowjacket",#000000,#FFD046,https://upload.wikimedia.org/wikipedia/en/8/8d/UW-Superior_university_logo%2C_adopted_2025.svg?utm_source=en.wikipedia.org&utm_campaign=imageinfo&utm_content=original,"wikipedia:University of Wisconsin–Superior",,1,UMAC,https://umacathletics.com/news/2025/11/8/uw-superior-wins-2025-umac-mens-soccer-tournament-championship.aspx,6.5,50.55
Wisconsin-Whitewater,mens-soccer,"NCAA D3",WIAC,Warhawks,1,"Willie Warhawk",#502D7F,#FFFFFF,https://upload.wikimedia.org/wikipedia/commons/c/c7/UW-Whitewater_logo_2c_lead_hortizontal.svg?utm_source=commons.wikimedia.org&utm_campaign=imageinfo&utm_content=original,"wikipedia:University of Wisconsin–Whitewater",,,,,6.5,48.18
Wittenberg,mens-soccer,"NCAA D3",OAC,Tigers,1,"Ezry the Tiger",,,https://upload.wikimedia.org/wikipedia/commons/e/e9/Wittenberg_University_logo.svg?utm_source=commons.wikimedia.org&utm_campaign=imageinfo&utm_content=original,athletics-domain:wittenbergtigers.com,"nickname recovered from the school's own athletics hostname; its Wikipedia article states none. Confirmed by that site's title (""Wittenberg"").",,,,7.8,41.5
Wofford,mens-soccer,"NCAA D1","Southern Conference",Terriers,1,Terrier,#886E4C,#000000,https://upload.wikimedia.org/wikipedia/commons/d/d8/Wofford-Stacked-Black.png?utm_source=commons.wikimedia.org&utm_campaign=imageinfo&utm_content=original,"wikipedia:Wofford College",,,,,7.6,72.58
"Worcester Polytechnic",mens-soccer,"NCAA D3",NEWMAC,Engineers,1,"Gompei the Goat",#AC2B37,#A9B0B7,https://upload.wikimedia.org/wikipedia/commons/7/7e/WPI_wordmark.svg?utm_source=commons.wikimedia.org&utm_campaign=imageinfo&utm_content=original,"wikipedia:Worcester Polytechnic Institute",,,,,9.5,46.05
"Worcester State",mens-soccer,"NCAA D3",MASCAC,Lancers,1,"Chandler H. Lancer",#003896,#f0e07d,https://upload.wikimedia.org/wikipedia/commons/f/fa/Worcester_state_univ_wordmark.png?utm_source=commons.wikimedia.org&utm_campaign=imageinfo&utm_content=original,"wikipedia:Worcester State University",,,,,6.2,37.16
"Wright State",mens-soccer,"NCAA D1","Horizon League",Raiders,1,"Gray Wolf, Raider personified as Rowdy Raider",#026937,#CEA052,https://upload.wikimedia.org/wikipedia/en/b/bd/Wright_State_University_logo.svg?utm_source=en.wikipedia.org&utm_campaign=imageinfo&utm_content=original,"wikipedia:Wright State University",,,,,5.2,64.71
Xavier,mens-soccer,"NCAA D1","Big East Conference",Musketeers,1,"D'Artagnan the Musketeer<br />The Blue Blob",,,https://upload.wikimedia.org/wikipedia/en/a/a6/Xavier_University_Shield_banner.svg?utm_source=en.wikipedia.org&utm_campaign=imageinfo&utm_content=original,"wikipedia:Xavier University",,,,,8.0,80.0
"Xavier (LA)",mens-soccer,NAIA,RRAC,"Gold Rush",0,,#ffc530,,https://upload.wikimedia.org/wikipedia/commons/f/fa/Xavier_univ_louisiana_simplelogo.png?utm_source=commons.wikimedia.org&utm_campaign=imageinfo&utm_content=original,"wikipedia:Xavier University of Louisiana",,,,,7.5,58.08
Yale,mens-soccer,"NCAA D1","Ivy League",Bulldogs,1,"Handsome Dan",#00356B,,,"wikipedia:Yale University",,,,,10.0,70.11
Yeshiva,mens-soccer,"NCAA D3",Skyline,Maccabees,1,"The Maccabee",,,https://upload.wikimedia.org/wikipedia/commons/3/3b/Yeshiva_univ_logo.png?utm_source=commons.wikimedia.org&utm_campaign=imageinfo&utm_content=original,"wikipedia:Yeshiva University",,,,,8.8,38.74
"York (PA)",mens-soccer,"NCAA D3","MAC Freedom",Spartans,1,,#006027,#FFFFFF,https://upload.wikimedia.org/wikipedia/commons/3/3b/York_college_penn_logo.png?utm_source=commons.wikimedia.org&utm_campaign=imageinfo&utm_content=original,"wikipedia:York College of Pennsylvania",,,,,6.5,34.91
"York County",mens-soccer,NJCAA,VCCAA,,,,,,,,"Cleared on audit: previous match (New York University) failed re-verification",,,,6.0,27.94
"York University (Nebraska)",mens-soccer,NAIA,"Kansas Collegiate Athletic Conference",Panthers,1,,,,https://upload.wikimedia.org/wikipedia/commons/7/73/York_univ_nebraska_logo.png?utm_source=commons.wikimedia.org&utm_campaign=imageinfo&utm_content=original,"wikipedia:York University (Nebraska)","copied from this school's other-sport row (York University (Nebraska)); the article ""York University (Nebraska)"" names this institution",,,,,49.11
"Young Harris",mens-soccer,"NCAA D2","Peach Belt","Mountain Lions",1,,,,https://upload.wikimedia.org/wikipedia/commons/5/5e/Young_harris_college_logo.png?utm_source=commons.wikimedia.org&utm_campaign=imageinfo&utm_content=original,"wikipedia:Young Harris College",,,,,5.4,65.23
"Abilene Christian",womens-soccer,"NCAA D1",UAC,Wildcats,1,"Willie the Wildcat",,,https://upload.wikimedia.org/wikipedia/commons/1/11/Abilene_Christian_University_wordmark_hz_logo.svg?utm_source=commons.wikimedia.org&utm_campaign=imageinfo&utm_content=original,"wikipedia:Abilene Christian University",,,,,,63.43
"Abraham Baldwin Agricultural College",womens-soccer,NAIA,"Southern States Athletic Conference","Golden Stallions",1,,,,,"wikipedia:Abraham Baldwin Agricultural College",,,,,,38.08
"Adams State",womens-soccer,"NCAA D2","Rocky Mountain Athletic Conference",Grizzlies,1,"Grizzly bear",#007a53,,https://upload.wikimedia.org/wikipedia/en/a/ae/Adams_State_University_logo.png?utm_source=en.wikipedia.org&utm_campaign=imageinfo&utm_content=original,"wikipedia:Adams State University",,,,,5.3,50.62
Adelphi,womens-soccer,"NCAA D2","Northeast-10 Conference",Panthers,1,Panther,#4F2C1D,#FFB500,https://upload.wikimedia.org/wikipedia/commons/f/f5/Adelphi_University_wordmark.svg?utm_source=commons.wikimedia.org&utm_campaign=imageinfo&utm_content=original,"wikipedia:Adelphi University",,,,,6.5,65.38
"Adrian College",womens-soccer,"NCAA D3","Michigan Intercollegiate Athletic Association",Bulldogs,1,Bruiser,#D4AF37,,https://upload.wikimedia.org/wikipedia/commons/6/60/Adrian_college_logo_black.png?utm_source=commons.wikimedia.org&utm_campaign=imageinfo&utm_content=original,"wikipedia:Adrian College",,,,,6.5,42.34
"Agnes Scott College",womens-soccer,"NCAA D3","Collegiate Conference of the South",Scotties,1,"Scottish Terrier",,,https://upload.wikimedia.org/wikipedia/commons/5/54/Agnes_Scott_College_wordmark.svg?utm_source=commons.wikimedia.org&utm_campaign=imageinfo&utm_content=original,"wikipedia:Agnes Scott College",,,,,,31.38
"Air Force",womens-soccer,"NCAA D1","Mountain West",Falcons,1,,,,,athletics-domain:goairforcefalcons.com,"nickname recovered from the school's own athletics hostname; its Wikipedia article states none. Confirmed by that site's title (""Air Force Academy Athletics - Official Athletics Website"").",,,,7.8,69.39
Akron,womens-soccer,"NCAA D1",MAC,Zips,1,"Zippy the Kangaroo",#041E42,#A89968,https://upload.wikimedia.org/wikipedia/commons/1/16/University_of_Akron_logo.svg?utm_source=commons.wikimedia.org&utm_campaign=imageinfo&utm_content=original,"wikipedia:University of Akron",,,,,5.6,64.62
Alabama,womens-soccer,"NCAA D1",SEC,"Crimson Tide",0,"Big Al",#9E1B32,#FFFFFF,https://upload.wikimedia.org/wikipedia/commons/0/0d/University_of_Alabama_logo.svg?utm_source=commons.wikimedia.org&utm_campaign=imageinfo&utm_content=original,"wikipedia:University of Alabama",,,,,,87.92
"Alabama A&M",womens-soccer,"NCAA D1",SWAC,Bulldogs,1,Butch,#862633,#FFFFFF,https://upload.wikimedia.org/wikipedia/commons/1/10/Alternative_Alabama_A%26M_logo.png?utm_source=commons.wikimedia.org&utm_campaign=imageinfo&utm_content=original,"wikipedia:Alabama A&M University",,,,,,65.98
"Alabama Huntsville",womens-soccer,"NCAA D2","Gulf South Conference",Chargers,1,"Charger Blue",#0077C8,#FFFFFF,https://upload.wikimedia.org/wikipedia/commons/1/1e/Alabama-Huntsville_UAH_logo.svg?utm_source=commons.wikimedia.org&utm_campaign=imageinfo&utm_content=original,"wikipedia:University of Alabama in Huntsville",,,,,5.4,53.79
"Alabama State",womens-soccer,"NCAA D1",SWAC,Hornets,1,,#000000,#F0A40F,https://upload.wikimedia.org/wikipedia/commons/2/29/Alabama_State_University_wordmark.svg?utm_source=commons.wikimedia.org&utm_campaign=imageinfo&utm_content=original,"wikipedia:Alabama State University",,,,,,59.87
Albany,womens-soccer,"NCAA D1","America East","Great Danes",1,"Great Danes",,,https://upload.wikimedia.org/wikipedia/en/3/3d/Logo_for_the_University_at_Albany_2.png?utm_source=en.wikipedia.org&utm_campaign=imageinfo&utm_content=original,"wikipedia:University at Albany",,,,,6.2,62.27
"Albertus Magnus",womens-soccer,"NCAA D3",,,,,,,,,"Added for coaching-contact coverage; soccer_score/academic_rating are placeholders",,,,6.0,38.0
"Albion College",womens-soccer,"NCAA D3","Michigan Intercollegiate Athletic Association",Britons,1,"Brit the Briton",#4B306A,#FFC845,https://upload.wikimedia.org/wikipedia/commons/e/ec/Albiion_college_full_logo.png?utm_source=commons.wikimedia.org&utm_campaign=imageinfo&utm_content=original,"wikipedia:Albion College",,,,,6.5,42.14
"Albright College",womens-soccer,"NCAA D3","Middle Atlantic Conference (Commonwealth)",Lions,1,,,,https://upload.wikimedia.org/wikipedia/commons/d/d1/Albright_college_penn_logo.png?utm_source=commons.wikimedia.org&utm_campaign=imageinfo&utm_content=original,"wikipedia:Albright College",,,,,6.5,29.56
"Alcorn State",womens-soccer,"NCAA D1",SWAC,Braves,1,Bravehawk,#512D6D,#CC8A00,https://upload.wikimedia.org/wikipedia/en/7/76/Alcorn_State_University_logo.svg?utm_source=en.wikipedia.org&utm_campaign=imageinfo&utm_content=original,"wikipedia:Alcorn State University",,,,,,63.99
"Alfred University",womens-soccer,"NCAA D3","Empire 8",Saxons,1,,#550D8A,#F5AA01,https://upload.wikimedia.org/wikipedia/en/8/89/Alfredunilogo.png?utm_source=en.wikipedia.org&utm_campaign=imageinfo&utm_content=original,"wikipedia:Alfred University",,,,,6.6,39.56
"Allegheny College",womens-soccer,"NCAA D3","Presidents' Athletic Conference",Gators,1,Chompers,,,https://upload.wikimedia.org/wikipedia/en/9/91/Alleghenycollegelogo.png?utm_source=en.wikipedia.org&utm_campaign=imageinfo&utm_content=original,"wikipedia:Allegheny College",,,,,6.5,39.82
Allen,womens-soccer,"NCAA D2",Independent,"Yellow Jackets",1,"Yellow Jacket",#025399,#f3cf3e,https://upload.wikimedia.org/wikipedia/en/0/0d/Allen_University_logo.png?utm_source=en.wikipedia.org&utm_campaign=imageinfo&utm_content=original,"wikipedia:Allen University",,,,,,43.94
"Alma College",womens-soccer,"NCAA D3","Michigan Intercollegiate Athletic Association",Scots,1,Scotty,,,https://upload.wikimedia.org/wikipedia/commons/1/1e/Stacked_2_Maroon.png?utm_source=commons.wikimedia.org&utm_campaign=imageinfo&utm_content=original,"wikipedia:Alma College",,,,,6.5,34.62
"Alvernia University",womens-soccer,"NCAA D3","Middle Atlantic Conference (Commonwealth)",Wolves,1,"Golden Wolves",,,https://upload.wikimedia.org/wikipedia/commons/b/b5/Alvernia_University_Logo.PNG?utm_source=commons.wikimedia.org&utm_campaign=imageinfo&utm_content=original,athletics-domain:auwolves.com,"copied from this school's other row (Alvernia), same division; that row's nickname was recovered from the school's own athletics site",,,,6.5,34.07
"Alverno College",womens-soccer,"NCAA D3","Northern Athletics Collegiate Conference",Inferno,0,"Blaze the Inferno",#90002E,#FDB714,https://upload.wikimedia.org/wikipedia/commons/d/dc/Alverno_college_logo.svg?utm_source=commons.wikimedia.org&utm_campaign=imageinfo&utm_content=original,"wikipedia:Alverno College",,,,,,28.46
American,womens-soccer,"NCAA D1",Patriot,Eagles,1,"Clawed Z. Eagle",#ED193A,#004FA2,https://upload.wikimedia.org/wikipedia/commons/c/c6/American_University_logo.svg?utm_source=commons.wikimedia.org&utm_campaign=imageinfo&utm_content=original,"wikipedia:American University",,,,,8.1,65.47
"American International",womens-soccer,"NCAA D2","Northeast-10 Conference","Yellow Jackets",1,,,,,athletics-domain:aicyellowjackets.com,"nickname recovered from the school's own athletics hostname; its Wikipedia article states none. Confirmed by that site's title (""American International College - Official Athletics Website"").",,,,5.4,51.1
"Amherst College",womens-soccer,"NCAA D3","New England Small College Athletic Conference",,,Mammoths,#3f1f69,#FFFFFF,https://upload.wikimedia.org/wikipedia/commons/a/a8/Amherst_College_logo.svg?utm_source=commons.wikimedia.org&utm_campaign=imageinfo&utm_content=original,"wikipedia:Amherst College",,,,,10.0,52.94
"Anderson (SC)",womens-soccer,"NCAA D2","South Atlantic Conference",Trojans,1,"Troy the Trojan",#BCA270,#983141,https://upload.wikimedia.org/wikipedia/en/c/c0/Seal_of_Anderson_University%2C_SC.jpg?utm_source=en.wikipedia.org&utm_campaign=imageinfo&utm_content=original,"wikipedia:Anderson University (South Carolina)",,,,,5.4,61.07
"Anderson University (IN)",womens-soccer,"NCAA D3","Heartland Collegiate Athletic Conference",Ravens,1,"Rodney the Raven",#F57501,,https://upload.wikimedia.org/wikipedia/commons/7/7b/Anderson_univ_indiana_logo.png?utm_source=commons.wikimedia.org&utm_campaign=imageinfo&utm_content=original,"wikipedia:Anderson University (Indiana)",,,,,6.5,41.85
"Angelo State",womens-soccer,"NCAA D2","Lone Star Conference",Rams,1,"Dominic the Ram <small>(live)</small> / Roscoe and Bella <small>(costumed)</small>",#245397,#F0C33B,https://upload.wikimedia.org/wikipedia/commons/5/59/Angelostate_univ_logo.png?utm_source=commons.wikimedia.org&utm_campaign=imageinfo&utm_content=original,"wikipedia:Angelo State University",,,,,,63.54
"Anna Maria College",womens-soccer,"NCAA D3","Massachusetts State Collegiate Athletic Conference",Amcats,1,,#A52238,,https://upload.wikimedia.org/wikipedia/en/a/ae/Anna_Maria_College_logo.png?utm_source=en.wikipedia.org&utm_campaign=imageinfo&utm_content=original,"wikipedia:Anna Maria College",,,,,6.5,30.5
"Appalachian State",womens-soccer,"NCAA D1","Sun Belt",Mountaineers,1,Yosef,,,https://upload.wikimedia.org/wikipedia/en/c/c1/Appalachian_State_University_logo.png?utm_source=en.wikipedia.org&utm_campaign=imageinfo&utm_content=original,"wikipedia:Appalachian State University",,,,,,71.37
"Aquinas College (Michigan)",womens-soccer,NAIA,"Wolverine-Hoosier Athletic Conference",Saints,1,"Nelson the St. Bernard (dog)",#751b19,,,"wikipedia:Aquinas College (Michigan)",,,,,5.6,61.23
"Arcadia University",womens-soccer,"NCAA D3","Middle Atlantic Conference (Freedom)",Knights,1,Archie,#FF2400,#808080,https://upload.wikimedia.org/wikipedia/commons/8/84/Arcadia_univ_logo.png?utm_source=commons.wikimedia.org&utm_campaign=imageinfo&utm_content=original,"wikipedia:Arcadia University",,,,,6.5,42.36
Arizona,womens-soccer,"NCAA D1","Big 12",Wildcats,1,"Wilbur and Wilma T. Wildcat",,,https://upload.wikimedia.org/wikipedia/commons/b/b6/University_of_Arizona_logo.svg?utm_source=commons.wikimedia.org&utm_campaign=imageinfo&utm_content=original,"wikipedia:University of Arizona",,,,,,79.52
"Arizona Christian University",womens-soccer,NAIA,"Great Southwest Athletic Conference",Firestorm,0,"Firestorm (Stormin' Norman)",,,https://upload.wikimedia.org/wikipedia/en/5/53/Arizona_Christian_University_triangle_logo.png?utm_source=en.wikipedia.org&utm_campaign=imageinfo&utm_content=original,"wikipedia:Arizona Christian University",,,,,5.4,44.28
"Arizona State",womens-soccer,"NCAA D1","Big 12","Sun Devils",1,"Sparky the Sun Devil",#8C1D40,#FFC627,https://upload.wikimedia.org/wikipedia/commons/b/b3/Arizona_State_University_logo.svg?utm_source=commons.wikimedia.org&utm_campaign=imageinfo&utm_content=original,"wikipedia:Arizona State University",,,,,,83.81
Arkansas,womens-soccer,"NCAA D1",SEC,Razorbacks,1,"Sue E. / Tusk / Big Red",#9D2235,#FFFFFF,https://upload.wikimedia.org/wikipedia/en/2/25/University_of_Arkansas_logo.svg?utm_source=en.wikipedia.org&utm_campaign=imageinfo&utm_content=original,"wikipedia:University of Arkansas",,,,,4.8,92.07
"Arkansas State",womens-soccer,"NCAA D1","Sun Belt","Red Wolves",1,"Howl and Scarlet",,,https://upload.wikimedia.org/wikipedia/commons/f/f4/AState_Logo.png?utm_source=commons.wikimedia.org&utm_campaign=imageinfo&utm_content=original,"wikipedia:Arkansas State University",,,,,,68.06
"Arkansas-Pine Bluff",womens-soccer,"NCAA D1",SWAC,,,"Golden Lions",#FDB913,,https://upload.wikimedia.org/wikipedia/en/0/07/University_of_Arkansas_at_Pine_Bluff_logo.svg?utm_source=en.wikipedia.org&utm_campaign=imageinfo&utm_content=original,"wikipedia:University of Arkansas at Pine Bluff",,,,,,63.34
Army,womens-soccer,"NCAA D1",Patriot,"Black Knights",1,Mule,#000000,#BE9969,https://upload.wikimedia.org/wikipedia/commons/b/b9/United_States_Military_Academy_wordmark.svg?utm_source=commons.wikimedia.org&utm_campaign=imageinfo&utm_content=original,"wikipedia:United States Military Academy","corrected from this school's men's row: had been matched to a different institution of a similar name (wikipedia:Army University)",1,Patriot,"wikipedia:2025 NCAA Division I women's soccer tournament",8.2,77.69
"Asbury University",womens-soccer,"NCAA D3","Collegiate Conference of the South",Eagles,1,Eagle,,,,athletics-domain:asburyeagles.com,"copied from this school's other row (Asbury), same division; that row's nickname was recovered from the school's own athletics site",,,,6.5,38.86
Ashland,womens-soccer,"NCAA D2","Great Midwest Athletic Conference",Eagles,1,"Tuffy the Eagle",#4F2170,#FFC72C,https://upload.wikimedia.org/wikipedia/commons/c/ce/Ashland_University_logo.svg?utm_source=commons.wikimedia.org&utm_campaign=imageinfo&utm_content=original,"wikipedia:Ashland University",,1,GMAC,agent-research:2025-womens-soccer,5.4,71.26
Assumption,womens-soccer,"NCAA D2","Northeast-10 Conference",Greyhounds,1,"Pierre the Greyhound",,,https://upload.wikimedia.org/wikipedia/commons/c/c1/Assumpt_univ_textlogo.png?utm_source=commons.wikimedia.org&utm_campaign=imageinfo&utm_content=original,"wikipedia:Assumption University (Worcester)",,,,,6.0,55.22
Auburn,womens-soccer,"NCAA D1",SEC,Tigers,1,"Aubie the Tiger",#E86100,#0B2341,,"wikipedia:Auburn University",,,,,,84.78
"Auburn Montgomery",womens-soccer,"NCAA D2","Gulf South Conference",Warhawks,1,Curtiss,#000000,#FA4616,https://upload.wikimedia.org/wikipedia/commons/a/a5/Auburn_univ_montgomery_logo_horiz.png?utm_source=commons.wikimedia.org&utm_campaign=imageinfo&utm_content=original,"wikipedia:Auburn University at Montgomery",,,,,5.4,44.11
"Augsburg University",womens-soccer,"NCAA D3","Minnesota Intercollegiate Athletic Conference",Auggies,1,Eagle,,,https://upload.wikimedia.org/wikipedia/commons/f/f8/Augsburg_University_wordmark.svg?utm_source=commons.wikimedia.org&utm_campaign=imageinfo&utm_content=original,"wikipedia:Augsburg University",,,,,6.5,44.01
"Augustana (SD)",womens-soccer,"NCAA D2","Northern Sun Intercollegiate Conference",Vikings,1,"Ole the Viking",,,https://upload.wikimedia.org/wikipedia/commons/b/bc/Augustana_University_wordmark.svg?utm_source=commons.wikimedia.org&utm_campaign=imageinfo&utm_content=original,"wikipedia:Augustana University",,,,,,61.95
"Augustana College",womens-soccer,"NCAA D3","College Conference of Illinois & Wisconsin",Vikings,1,Vikings,#002F6C,#FFDD00,https://upload.wikimedia.org/wikipedia/commons/3/31/Augustana_College_wordmark.svg?utm_source=commons.wikimedia.org&utm_campaign=imageinfo&utm_content=original,"wikipedia:Augustana College (Illinois)",,,,,,39.68
"Aurora University",womens-soccer,"NCAA D3","Northern Athletics Collegiate Conference",Spartans,1,,#00467F,#47AA42,https://upload.wikimedia.org/wikipedia/commons/f/fe/Aurora_univ_logo.png?utm_source=commons.wikimedia.org&utm_campaign=imageinfo&utm_content=original,"wikipedia:Aurora University",,,,,6.5,34.9
"Austin College",womens-soccer,"NCAA D3","Southern Collegiate Athletic Conference","Kangaroos, The Fighting 'Roos",1,"Rowdy 'Roo",#981E32,#FDB913,,"wikipedia:Austin College",,,,,6.6,29.5
"Austin Peay",womens-soccer,"NCAA D1",UAC,,,Governors,,,https://upload.wikimedia.org/wikipedia/commons/1/1c/Austin_Peay_State_University_wordmark.svg?utm_source=commons.wikimedia.org&utm_campaign=imageinfo&utm_content=original,"wikipedia:Austin Peay State University",,,,,,61.71
"Ave Maria University",womens-soccer,NAIA,"Sun Conference",Gyrenes,1,,#0033a1,#8a6e4b,https://upload.wikimedia.org/wikipedia/commons/1/1d/Ave_maria_univ_logo.svg?utm_source=commons.wikimedia.org&utm_campaign=imageinfo&utm_content=original,"wikipedia:Ave Maria University",,,,,,45.87
"Averett University",womens-soccer,"NCAA D3","Old Dominion Athletic Conference",Cougars,1,"Ave and Rett",#002856,#FFB81D,https://upload.wikimedia.org/wikipedia/en/b/bc/Averett_stacked_logo.png?utm_source=en.wikipedia.org&utm_campaign=imageinfo&utm_content=original,"wikipedia:Averett University",,,,,6.5,33.98
"Avila University",womens-soccer,NAIA,"Kansas Collegiate Athletic Conference",Eagles,1,"Dominic the Eagle",,,https://upload.wikimedia.org/wikipedia/commons/7/7c/Avila_University_logo.svg?utm_source=commons.wikimedia.org&utm_campaign=imageinfo&utm_content=original,"wikipedia:Avila University",,,,,5.6,47.98
"Azusa Pacific University",womens-soccer,"NCAA D3","Southern California Intercollegiate Athletic Conference",Cougars,1,"Freddy the Cougar",#A8353A,#000000,,"wikipedia:Azusa Pacific University",,,,,,48.22
BYU,womens-soccer,"NCAA D1","Big 12",Cougars,1,"Cosmo the Cougar",#002E5D,#FFFFFF,https://upload.wikimedia.org/wikipedia/commons/0/0c/BYU_Header.svg?utm_source=commons.wikimedia.org&utm_campaign=imageinfo&utm_content=original,"wikipedia:Brigham Young University",,1,"Big 12","wikipedia:2025 NCAA Division I women's soccer tournament",,87.7
"Babson College",womens-soccer,"NCAA D3","New England Women's and Men's Athletic Conference",Beavers,1,"Biz E. Beaver",,,https://upload.wikimedia.org/wikipedia/commons/d/db/Logo-Babson-College-Horizontal-RGB_%282%29.svg?utm_source=commons.wikimedia.org&utm_campaign=imageinfo&utm_content=original,"wikipedia:Babson College",,,,,9.8,45.06
"Baker University",womens-soccer,NAIA,"Heart of America Athletic Conference",Wildcats,1,,#fe5a1d,,https://upload.wikimedia.org/wikipedia/commons/2/25/Baker_University_wordmark.png?utm_source=commons.wikimedia.org&utm_campaign=imageinfo&utm_content=original,"wikipedia:Baker University",,,,,5.6,41.83
"Baldwin Wallace University",womens-soccer,"NCAA D3","Ohio Athletic Conference","Yellow Jackets",1,Stinger,#654321,,https://upload.wikimedia.org/wikipedia/commons/7/78/Baldwin_Wallace_University.svg?utm_source=commons.wikimedia.org&utm_campaign=imageinfo&utm_content=original,"wikipedia:Baldwin Wallace University",,,,,6.5,37.57
"Ball State",womens-soccer,"NCAA D1",MAC,Cardinals,1,"Charlie Cardinal",#BA0C2F,#FFFFFF,,"wikipedia:Ball State University",,,,,,72.37
"Bard College",womens-soccer,"NCAA D3","Liberty League",Raptors,1,,#BE0F34,,https://upload.wikimedia.org/wikipedia/commons/5/54/Bard_College_Logo.png?utm_source=commons.wikimedia.org&utm_campaign=imageinfo&utm_content=original,"wikipedia:Bard College",,,,,9.2,30.82
Barry,womens-soccer,"NCAA D2","Sunshine State Conference",Buccaneers,1,"Bucky the Parrot",#ac1f2d,#000000,https://upload.wikimedia.org/wikipedia/commons/6/64/Barry_university_florida_logo.png?utm_source=commons.wikimedia.org&utm_campaign=imageinfo&utm_content=original,"wikipedia:Barry University",,,,,6.0,56.01
Barton,womens-soccer,"NCAA D2","Conference Carolinas",Bulldogs,1,,,,,athletics-domain:bartonbulldogs.com,"nickname recovered from the school's own athletics hostname; its Wikipedia article states none. Confirmed by that site's title (""Summer Camp Page - Barton College - Official Athletics Website"").",,,,5.4,51.23
"Bates College",womens-soccer,"NCAA D3","New England Small College Athletic Conference",Bobcats,1,,#881124,,https://upload.wikimedia.org/wikipedia/commons/0/0e/Bates_College_wordmark.svg?utm_source=commons.wikimedia.org&utm_campaign=imageinfo&utm_content=original,"wikipedia:Bates College",,,,,9.8,35.96
"Batten University",womens-soccer,"NCAA D3","Old Dominion Athletic Conference",Marlins,1,"Bob Marlin",#003e69,#7e929f,https://upload.wikimedia.org/wikipedia/en/2/24/Virginia_Wesleyan_University_logo.png?utm_source=en.wikipedia.org&utm_campaign=imageinfo&utm_content=original,"wikipedia:Batten University",,,,,,51.14
Baylor,womens-soccer,"NCAA D1","Big 12",Bears,1,"Judge Indy and Judge Belle (live bears) / Bruiser and Marigold (costumed)",,,https://upload.wikimedia.org/wikipedia/commons/f/fe/Baylor_University_logo.svg?utm_source=commons.wikimedia.org&utm_campaign=imageinfo&utm_content=original,"wikipedia:Baylor University",,,,,,83.28
"Belhaven University",womens-soccer,"NCAA D3","Collegiate Conference of the South",Blazers,1,,#093D2D,#FED100,https://upload.wikimedia.org/wikipedia/commons/0/05/Belhaven_University_wordmark.svg?utm_source=commons.wikimedia.org&utm_campaign=imageinfo&utm_content=original,"wikipedia:Belhaven University",,1,CCS,agent-research:2025-womens-soccer,6.5,49.16
Bellarmine,womens-soccer,"NCAA D1",ASUN,Knights,1,"Valor the Knight",#660000,#CCCCCC,https://upload.wikimedia.org/wikipedia/commons/3/31/BellarmineWaterMark.png?utm_source=commons.wikimedia.org&utm_campaign=imageinfo&utm_content=original,"wikipedia:Bellarmine University",,,,,5.8,68.81
"Bellevue University",womens-soccer,NAIA,"Continental Athletic Conference",Bruins,1,,#4f3674,#cfa427,https://upload.wikimedia.org/wikipedia/commons/0/0c/Bellevue_University_logo.svg?utm_source=commons.wikimedia.org&utm_campaign=imageinfo&utm_content=original,"wikipedia:Bellevue University",,,,,,56.82
Belmont,womens-soccer,"NCAA D1","Missouri Valley",Bruins,1,"Bruiser the Bruin",#001D54,#B21029,https://upload.wikimedia.org/wikipedia/en/0/02/Belmont_University_Full_Color_Logo.png?utm_source=en.wikipedia.org&utm_campaign=imageinfo&utm_content=original,"wikipedia:Belmont University",,,,,7.0,67.82
"Belmont Abbey",womens-soccer,"NCAA D2","Conference Carolinas",Crusaders,1,"Mr. Crusader",#B7202E,#FFFFFF,https://upload.wikimedia.org/wikipedia/en/5/5f/Belmont_Abbey_College_logo.svg?utm_source=en.wikipedia.org&utm_campaign=imageinfo&utm_content=original,"wikipedia:Belmont Abbey College",,1,"Conference Carolinas",agent-research:2025-womens-soccer,5.4,66.2
"Beloit College",womens-soccer,"NCAA D3","Midwest Conference",,,"Buccaneer (official), Turtle (unofficial)",#00365c,#cd8829,https://upload.wikimedia.org/wikipedia/commons/5/5f/Beloit_Logo.png?utm_source=commons.wikimedia.org&utm_campaign=imageinfo&utm_content=original,"wikipedia:Beloit College",,,,,7.8,36.04
"Bemidji State",womens-soccer,"NCAA D2","Northern Sun Intercollegiate Conference",Beavers,1,"Bucky the Beaver",#004D44,#FFFFFF,https://upload.wikimedia.org/wikipedia/commons/5/5d/Bemidji_state_univ_logo.png?utm_source=commons.wikimedia.org&utm_campaign=imageinfo&utm_content=original,"wikipedia:Bemidji State University",,,,,,65.35
"Benedictine College",womens-soccer,NAIA,"Heart of America Athletic Conference",Ravens,1,,,,,"wikipedia:Benedictine College",,,,,,56.47
"Benedictine University",womens-soccer,"NCAA D3","Northern Athletics Collegiate Conference",Eagles,1,"Eagle, / Redhawk",#ba0c2c,,https://upload.wikimedia.org/wikipedia/commons/0/01/Benedictine_univ_logo.png?utm_source=commons.wikimedia.org&utm_campaign=imageinfo&utm_content=original,"wikipedia:Benedictine University",,,,,,29.64
"Benedictine University at Mesa",womens-soccer,NAIA,"Great Southwest Athletic Conference",Redhawks,1,"Eagle, / Redhawk",#ba0c2c,,https://upload.wikimedia.org/wikipedia/commons/0/01/Benedictine_univ_logo.png?utm_source=commons.wikimedia.org&utm_campaign=imageinfo&utm_content=original,"wikipedia:Benedictine University",,,,,,41.11
Bentley,womens-soccer,"NCAA D2","Northeast-10 Conference",Falcons,1,"Flex the Falcon",#0075BE,#2B4566,https://upload.wikimedia.org/wikipedia/commons/1/14/Bentley_Wordmark_Stacked.png?utm_source=commons.wikimedia.org&utm_campaign=imageinfo&utm_content=original,"wikipedia:Bentley University",,,,,7.8,55.72
"Berea College",womens-soccer,"NCAA D3","Heartland Collegiate Athletic Conference",Mountaineers,1,,#005A8B,,https://upload.wikimedia.org/wikipedia/commons/2/20/Berea_college_full_logo.png?utm_source=commons.wikimedia.org&utm_campaign=imageinfo&utm_content=original,"wikipedia:Berea College",,,,,8.5,33.39
"Berry College",womens-soccer,"NCAA D3","Southern Athletic Association",Vikings,1,"Victor the Viking",#A2AAAD,,https://upload.wikimedia.org/wikipedia/commons/8/8e/BerryCollegeLogo.svg?utm_source=commons.wikimedia.org&utm_campaign=imageinfo&utm_content=original,athletics-domain:berryvikings.com,"copied from this school's other row (Berry), same division; that row's nickname was recovered from the school's own athletics site",,,,8.2,41.45
"Bethany College (Kansas)",womens-soccer,NAIA,"Kansas Collegiate Athletic Conference",,,Swedes,,,https://upload.wikimedia.org/wikipedia/en/7/78/Bethany_%28Kansas%29_College_logo.svg?utm_source=en.wikipedia.org&utm_campaign=imageinfo&utm_content=original,"wikipedia:Bethany College (Kansas)",,,,,,32.0
"Bethany College (WV)",womens-soccer,"NCAA D3","Presidents' Athletic Conference",Bison,0,"Boomer The Bison",,,https://upload.wikimedia.org/wikipedia/en/c/c9/Bethany_College_WV_logo.jpg?utm_source=en.wikipedia.org&utm_campaign=imageinfo&utm_content=original,"wikipedia:Bethany College (West Virginia)",,,,,6.5,35.47
"Bethany Lutheran College",womens-soccer,"NCAA D3","Upper Midwest Athletic Conference",Vikings,1,Viking,#9b121f,#ffffff,https://upload.wikimedia.org/wikipedia/commons/2/29/Logo_of_Bethany_Lutheran_College_%282024%29.png?utm_source=commons.wikimedia.org&utm_campaign=imageinfo&utm_content=original,athletics-domain:blcvikings.com,"copied from this school's other row (Bethany Lutheran), same division; that row's nickname was recovered from the school's own athletics site",,,,6.5,44.36
"Bethel College (Kansas)",womens-soccer,NAIA,"Kansas Collegiate Athletic Conference",Threshers,1,Thresher,,,,"wikipedia:Bethel College (Kansas)",,,,,,43.03
"Bethel University (IN)",womens-soccer,NAIA,"Crossroads League",Pilots,1,,#17489a,,https://upload.wikimedia.org/wikipedia/en/0/0b/Bethel_University_Logo.png?utm_source=en.wikipedia.org&utm_campaign=imageinfo&utm_content=original,"wikipedia:Bethel University (Indiana)","corrected from this school's men's row: had been matched to a different institution of a similar name (wikipedia:Bethel University (Indiana))",,,,5.6,50.93
"Bethel University (MN)",womens-soccer,"NCAA D3","Minnesota Intercollegiate Athletic Conference",Royals,1,"Roy the Lion",#000080,#F0C52D,https://upload.wikimedia.org/wikipedia/commons/7/79/Bethel_univ_minn_logo.png?utm_source=commons.wikimedia.org&utm_campaign=imageinfo&utm_content=original,"wikipedia:Bethel University (Minnesota)",,,,,6.5,34.45
"Bethel University (TN)",womens-soccer,NAIA,"Mid-South Conference",Wildcats,1,"Rowdy the Wildcat",#2e1846,#f3c300,,"wikipedia:Bethel University (Tennessee)",,,,,5.6,46.15
Binghamton,womens-soccer,"NCAA D1","America East",Bearcats,1,"Baxter the Bearcat",#005A43,,https://upload.wikimedia.org/wikipedia/commons/6/67/Binghamton_University_logo.svg?utm_source=commons.wikimedia.org&utm_campaign=imageinfo&utm_content=original,"wikipedia:Binghamton University",,,,,8.1,75.06
Biola,womens-soccer,"NCAA D2","Pacific West Conference",Eagles,1,,#cc0000,#fff,,"wikipedia:Biola University",,,,,7.2,50.46
"Black Hills State",womens-soccer,"NCAA D2","Rocky Mountain Athletic Conference","Yellow Jackets",1,"Sting the Yellow Jacket",#006233,#FFC726,https://upload.wikimedia.org/wikipedia/commons/b/b3/Black_Hills_State_University_logo.svg?utm_source=commons.wikimedia.org&utm_campaign=imageinfo&utm_content=original,"wikipedia:Black Hills State University",,,,,,45.73
"Blackburn College",womens-soccer,"NCAA D3","St. Louis Intercollegiate Athletic Conference",Beavers,1,"Barney the Beaver and Buzz the Athletic Beaver",,,https://upload.wikimedia.org/wikipedia/commons/e/ed/Blackburn_college_illinois_logo.png?utm_source=commons.wikimedia.org&utm_campaign=imageinfo&utm_content=original,"wikipedia:Blackburn College (Illinois)",,,,,6.5,30.59
"Blue Mountain Christian University",womens-soccer,NAIA,"Southern States Athletic Conference",Toppers,1,Ram,#0c1137,#4a8ac9,,"wikipedia:Blue Mountain Christian University",,,,,,38.29
"Bluefield State",womens-soccer,"NCAA D2",Independent,"Big Blue",0,"Sir Blue",#102c52,#c1a458,https://upload.wikimedia.org/wikipedia/commons/5/5a/BStateLogo.png?utm_source=commons.wikimedia.org&utm_campaign=imageinfo&utm_content=original,"wikipedia:Bluefield State University",,,,,,49.41
"Bluefield University",womens-soccer,NAIA,"Appalachian Athletic Conference",Rams,1,"Victor E. Ram",#003e7e,#e31937,https://upload.wikimedia.org/wikipedia/commons/2/29/Bluefield_univ_textlogo.png?utm_source=commons.wikimedia.org&utm_campaign=imageinfo&utm_content=original,"wikipedia:Bluefield University",,,,,,34.04
"Bluffton University",womens-soccer,"NCAA D3","Heartland Collegiate Athletic Conference",Beavers,1,"J. Denny and Jenny Beaver",,,https://upload.wikimedia.org/wikipedia/en/9/97/Bluffton_University_logo.svg?utm_source=en.wikipedia.org&utm_campaign=imageinfo&utm_content=original,"wikipedia:Bluffton University",,,,,6.5,34.94
"Boise State",womens-soccer,"NCAA D1",Pac-12,Broncos,1,"Buster Bronco",#0033A0,#D64309,https://upload.wikimedia.org/wikipedia/commons/2/2d/Boise_State_University_logo.svg?utm_source=commons.wikimedia.org&utm_campaign=imageinfo&utm_content=original,"wikipedia:Boise State University",,,,,,78.21
"Boston College",womens-soccer,"NCAA D1",ACC,Eagles,1,"Baldwin the Eagle",#8A100B,#b29d6c,https://upload.wikimedia.org/wikipedia/commons/2/21/Boston_College_Logotype.svg?utm_source=commons.wikimedia.org&utm_campaign=imageinfo&utm_content=original,"wikipedia:Boston College",,,,,9.2,77.63
"Boston University",womens-soccer,"NCAA D1",Patriot,Terriers,1,"Rhett the Boston Terrier",#CC0000,,https://upload.wikimedia.org/wikipedia/commons/3/31/Boston_University_wordmark.svg?utm_source=commons.wikimedia.org&utm_campaign=imageinfo&utm_content=original,"wikipedia:Boston University",,,,,9.3,73.12
"Bowdoin College",womens-soccer,"NCAA D3","New England Small College Athletic Conference","Polar Bears",1,"Peary the Polar Bear",,,https://upload.wikimedia.org/wikipedia/commons/0/09/Bowdoin_college_blacklogo.png?utm_source=commons.wikimedia.org&utm_campaign=imageinfo&utm_content=original,"wikipedia:Bowdoin College",,,,,10.0,43.77
"Bowling Green",womens-soccer,"NCAA D1",MAC,Falcons,1,"Freddie and Frieda Falcon",#FD5000,#4F2C1D,https://upload.wikimedia.org/wikipedia/commons/3/3f/Bowling_Green_State_University_wordmark.svg?utm_source=commons.wikimedia.org&utm_campaign=imageinfo&utm_content=original,"wikipedia:Bowling Green State University",,,,,5.8,74.74
"Brandeis University",womens-soccer,"NCAA D3","University Athletic Association",Judges,1,"The Judge and Ollie the Owl (named for Justice Oliver Wendell Holmes Jr.)",#003478,,https://upload.wikimedia.org/wikipedia/commons/a/a6/Brandeis-University-Word-Mark.svg?utm_source=commons.wikimedia.org&utm_campaign=imageinfo&utm_content=original,"wikipedia:Brandeis University",,,,,9.5,42.5
"Brenau University",womens-soccer,NAIA,"Appalachian Athletic Conference","Golden Tigers",1,HJ,#e5b53b,,https://upload.wikimedia.org/wikipedia/en/4/45/Brenau_University_logo.png?utm_source=en.wikipedia.org&utm_campaign=imageinfo&utm_content=original,"wikipedia:Brenau University",,,,,,49.03
"Brescia University",womens-soccer,NAIA,"River States Conference",Bearcats,1,Bearcat,#0069aa,#f0cc01,,"wikipedia:Brescia University",,,,,,47.12
"Brevard College",womens-soccer,"NCAA D3","USA South Athletic Conference",Tornados,1,Tornado,#003b75,,https://upload.wikimedia.org/wikipedia/en/7/7d/Brevard_College_Logo.jpg?utm_source=en.wikipedia.org&utm_campaign=imageinfo&utm_content=original,"wikipedia:Brevard College",,1,"USA South",agent-research:2025-womens-soccer,6.5,54.88
"Brewton-Parker Christian University",womens-soccer,NAIA,"Southern States Athletic Conference",Barons,1,,#f78f1e,#012d6b,,"wikipedia:Brewton–Parker Christian University",,,,,5.6,37.14
"Briar Cliff University",womens-soccer,NAIA,"Great Plains Athletic Conference",Chargers,1,,#003594,#ffc72c,,"wikipedia:Briar Cliff University",,,,,,46.39
Bridgeport,womens-soccer,"NCAA D2","Central Atlantic Collegiate Conference","Purple Knights",1,"Purple Knight",#634298,#FFFFFF,https://upload.wikimedia.org/wikipedia/commons/c/c1/Bridgeport_univ_textlogo.png?utm_source=commons.wikimedia.org&utm_campaign=imageinfo&utm_content=original,"wikipedia:University of Bridgeport",,,,,5.4,55.72
"Bridgewater College",womens-soccer,"NCAA D3","Old Dominion Athletic Conference",Eagles,1,,#990022,#b5985a,https://upload.wikimedia.org/wikipedia/commons/b/bf/Bridgewater_college_logo.png?utm_source=commons.wikimedia.org&utm_campaign=imageinfo&utm_content=original,"wikipedia:Bridgewater College",,,,,6.2,47.94
"Bridgewater State University",womens-soccer,"NCAA D3","Massachusetts State Collegiate Athletic Conference",Bears,1,,,,https://upload.wikimedia.org/wikipedia/en/f/f3/Bridgewater_State_University_logo.svg?utm_source=en.wikipedia.org&utm_campaign=imageinfo&utm_content=original,"wikipedia:Bridgewater State University",,,,,6.2,43.92
Brown,womens-soccer,"NCAA D1","Ivy League",Bears,1,"Bruno the Bear",,,https://upload.wikimedia.org/wikipedia/commons/a/a1/Brown_University_logo.svg?utm_source=commons.wikimedia.org&utm_campaign=imageinfo&utm_content=original,"wikipedia:Brown University",,,,,9.9,77.98
"Bryan College",womens-soccer,NAIA,"Appalachian Athletic Conference",Lions,1,Lion,#990000,#fdba00,https://upload.wikimedia.org/wikipedia/commons/1/18/BC-Stacked_Red.png?utm_source=commons.wikimedia.org&utm_campaign=imageinfo&utm_content=original,"wikipedia:Bryan College",,,,,5.6,40.3
Bryant,womens-soccer,"NCAA D1","America East",Bulldogs,1,"Tupper the Bulldog",#231F20,#B09863,https://upload.wikimedia.org/wikipedia/commons/5/50/Bryant_University_logo.svg?utm_source=commons.wikimedia.org&utm_campaign=imageinfo&utm_content=original,"wikipedia:Bryant University",,,,,5.6,68.47
"Bryn Athyn College of the New Church",womens-soccer,"NCAA D3","United East Conference",,,Lion,,,,"wikipedia:Bryn Athyn College",,,,,6.5,47.66
"Bryn Mawr College",womens-soccer,"NCAA D3","Centennial Conference",,,Owl,#FFC600,#FFFFFF,https://upload.wikimedia.org/wikipedia/commons/e/e2/Bryn_Mawr_College_logo.svg?utm_source=commons.wikimedia.org&utm_campaign=imageinfo&utm_content=original,"wikipedia:Bryn Mawr College",,,,,,32.53
Bucknell,womens-soccer,"NCAA D1",Patriot,Bison,0,"Bucky the Bison",,,https://upload.wikimedia.org/wikipedia/commons/1/1f/Bucknell_University_logo.svg?utm_source=commons.wikimedia.org&utm_campaign=imageinfo&utm_content=original,"wikipedia:Bucknell University",,,,,8.4,72.91
"Buena Vista University",womens-soccer,"NCAA D3","American Rivers Conference",,,Beavers,#002244,#FECB00,https://upload.wikimedia.org/wikipedia/en/5/50/Buena_Vista_University_logo.png?utm_source=en.wikipedia.org&utm_campaign=imageinfo&utm_content=original,"wikipedia:Buena Vista University",,,,,6.5,34.8
Buffalo,womens-soccer,"NCAA D1",MAC,Bulls,1,"Victor E. Bull",#005BBB,#FFFFFF,https://upload.wikimedia.org/wikipedia/commons/3/33/University_at_Buffalo_logo.svg?utm_source=commons.wikimedia.org&utm_campaign=imageinfo&utm_content=original,"wikipedia:University at Buffalo",,,,,,78.63
"Bushnell University",womens-soccer,NAIA,"Cascade Collegiate Conference",Beacons,1,Beacon,#011e41,#ffc424,https://upload.wikimedia.org/wikipedia/en/8/8b/Bushnell_University_logo.svg?utm_source=en.wikipedia.org&utm_campaign=imageinfo&utm_content=original,"wikipedia:Bushnell University",,,,,,45.24
Butler,womens-soccer,"NCAA D1","Big East",Bulldogs,1,"Butler Blue IV<br />Hink",,,https://upload.wikimedia.org/wikipedia/commons/5/57/Butler_University_logo.svg?utm_source=commons.wikimedia.org&utm_campaign=imageinfo&utm_content=original,"wikipedia:Butler University",,,,,7.5,76.45
"CUNY Brooklyn College",womens-soccer,"NCAA D3","City University of New York Athletic Conference",Bulldogs,1,"Buster the Bulldog",#861f41,#f1be48,https://upload.wikimedia.org/wikipedia/commons/4/43/Brooklyn_College_Logo.svg?utm_source=commons.wikimedia.org&utm_campaign=imageinfo&utm_content=original,"wikipedia:Brooklyn College",,,,,,33.5
"CUNY City College",womens-soccer,"NCAA D3","City University of New York Athletic Conference",Beavers,1,"Benny the Beaver",#7D5CC6,#565A5C,https://upload.wikimedia.org/wikipedia/commons/2/25/CCNY_logo_flush_left.svg?utm_source=commons.wikimedia.org&utm_campaign=imageinfo&utm_content=original,"wikipedia:City College of New York",,,,,,39.56
"CUNY John Jay College of Criminal Justice",womens-soccer,"NCAA D3","City University of New York Athletic Conference",Bloodhounds,1,Bloodhound,,,,"wikipedia:John Jay College of Criminal Justice",,1,CUNYAC,agent-research:2025-womens-soccer,,49.25
"CUNY Lehman College",womens-soccer,"NCAA D3","City University of New York Athletic Conference",Lightning,0,"Lightning Bug",,,https://upload.wikimedia.org/wikipedia/en/d/d7/Lehman_College_logo.svg?utm_source=en.wikipedia.org&utm_campaign=imageinfo&utm_content=original,"wikipedia:Lehman College",,,,,,35.81
"CUNY Medgar Evers College",womens-soccer,"NCAA D3","City University of New York Athletic Conference",Cougars,1,,#231F20,#FDD044,https://upload.wikimedia.org/wikipedia/en/e/e8/Medgar_Evers_College_Logo.jpg?utm_source=en.wikipedia.org&utm_campaign=imageinfo&utm_content=original,"wikipedia:Medgar Evers College",,,,,,25.72
"CUNY York College",womens-soccer,"NCAA D3","City University of New York Athletic Conference",,,Cardinal,,,https://upload.wikimedia.org/wikipedia/en/3/37/York_College%2C_CUNY_Logo.png?utm_source=en.wikipedia.org&utm_campaign=imageinfo&utm_content=original,"wikipedia:York College, City University of New York",,,,,,33.38
"Cairn University",womens-soccer,"NCAA D3","United East Conference",Highlanders,1,,,,https://upload.wikimedia.org/wikipedia/commons/b/bf/Cairn_univ_textlogo.png?utm_source=commons.wikimedia.org&utm_campaign=imageinfo&utm_content=original,"wikipedia:Cairn University",,,,,6.5,36.92
"Cal Lutheran",womens-soccer,"NCAA D3",,,,,,,,,"Added for coaching-contact coverage; soccer_score/academic_rating are placeholders",,,,6.0,38.0
"Cal Poly",womens-soccer,"NCAA D1","Big West",Broncos,1,"Billy Bronco",#005030,#ffb81c,https://upload.wikimedia.org/wikipedia/commons/7/77/Calpoly_pomona_univ_logo.png?utm_source=commons.wikimedia.org&utm_campaign=imageinfo&utm_content=original,"wikipedia:California State Polytechnic University, Pomona",,1,"Big West","wikipedia:2025 NCAA Division I women's soccer tournament",7.2,72.42
"Cal Poly Humboldt",womens-soccer,"NCAA D2","California Collegiate Athletic Association",Lumberjacks,1,"Lucky Logger",#046A38,#FFC72C,https://upload.wikimedia.org/wikipedia/commons/5/5a/Cal_poly_humboldt_mark.svg?utm_source=commons.wikimedia.org&utm_campaign=imageinfo&utm_content=original,"wikipedia:California State Polytechnic University, Humboldt",,1,CCAA,agent-research:2025-womens-soccer,5.4,58.9
"Cal Poly Pomona",womens-soccer,"NCAA D2","California Collegiate Athletic Association",Broncos,1,"Billy Bronco",#005030,#ffb81c,https://upload.wikimedia.org/wikipedia/commons/7/77/Calpoly_pomona_univ_logo.png?utm_source=commons.wikimedia.org&utm_campaign=imageinfo&utm_content=original,"wikipedia:California State Polytechnic University, Pomona",,,,,7.0,69.56
"Cal State Bakersfield",womens-soccer,"NCAA D1","Big West",Roadrunners,1,,,,https://upload.wikimedia.org/wikipedia/en/a/a5/CSU_Bakersfield_logo.jpg?utm_source=en.wikipedia.org&utm_campaign=imageinfo&utm_content=original,"wikipedia:California State University, Bakersfield",,,,,4.8,68.03
"Cal State Dominguez Hills",womens-soccer,"NCAA D2","California Collegiate Athletic Association",Toros,1,,,,https://upload.wikimedia.org/wikipedia/commons/e/e2/Csu_dh_logo.png?utm_source=commons.wikimedia.org&utm_campaign=imageinfo&utm_content=original,"wikipedia:California State University, Dominguez Hills",,,,,5.3,46.56
"Cal State East Bay",womens-soccer,"NCAA D2","California Collegiate Athletic Association",Pioneers,1,,,,https://upload.wikimedia.org/wikipedia/commons/5/55/CSUEB_wordmark.svg?utm_source=commons.wikimedia.org&utm_campaign=imageinfo&utm_content=original,"wikipedia:California State University, East Bay",,,,,5.3,55.5
"Cal State Fullerton",womens-soccer,"NCAA D1","Big West",Titans,1,"Tuffy the Titan",#00274C,#E17000,https://upload.wikimedia.org/wikipedia/commons/a/a2/California_State_University%2C_Fullerton_logo.svg?utm_source=commons.wikimedia.org&utm_campaign=imageinfo&utm_content=original,"wikipedia:California State University, Fullerton",,,,,6.3,75.4
"Cal State Los Angeles",womens-soccer,"NCAA D2","California Collegiate Athletic Association","Golden Eagles",1,"Eddie the Golden Eagle",#000000,#FFCE00,https://upload.wikimedia.org/wikipedia/commons/4/41/Cal_state_la_textlogo.png?utm_source=commons.wikimedia.org&utm_campaign=imageinfo&utm_content=original,"wikipedia:California State University, Los Angeles",,,,,,60.45
"Cal State Monterey Bay",womens-soccer,"NCAA D2","California Collegiate Athletic Association",Otters,1,"Monte Rey Otter",#002A4E,#446A59,https://upload.wikimedia.org/wikipedia/commons/f/fa/Cal_state_monterey_bay_logo.png?utm_source=commons.wikimedia.org&utm_campaign=imageinfo&utm_content=original,"wikipedia:California State University, Monterey Bay",,,,,5.3,54.11
"Cal State Northridge",womens-soccer,"NCAA D1","Big West",Matadors,1,"Matty the Matador",#D22030,#000000,https://upload.wikimedia.org/wikipedia/commons/4/4e/CSU_Northridge_logo.svg?utm_source=commons.wikimedia.org&utm_campaign=imageinfo&utm_content=original,"wikipedia:California State University, Northridge",,,,,,65.24
"Cal State San Bernardino",womens-soccer,"NCAA D2","California Collegiate Athletic Association",Coyotes,1,"Cody the Coyote",,,https://upload.wikimedia.org/wikipedia/commons/2/2d/CSU_sanbernardino_univ_logo.svg?utm_source=commons.wikimedia.org&utm_campaign=imageinfo&utm_content=original,"wikipedia:California State University, San Bernardino",,,,,5.3,56.82
"Cal State San Marcos",womens-soccer,"NCAA D2","California Collegiate Athletic Association",Cougars,1,,#1E2A5B,#222021,https://upload.wikimedia.org/wikipedia/en/c/c9/CSU_San_Marcos_logo.svg?utm_source=en.wikipedia.org&utm_campaign=imageinfo&utm_content=original,"wikipedia:California State University, San Marcos",,,,,5.3,58.98
"Cal State Stanislaus",womens-soccer,"NCAA D2","California Collegiate Athletic Association",Warriors,1,Titus,#D13239,#F5C400,https://upload.wikimedia.org/wikipedia/commons/5/55/Csu_stanislaus_shield_logo.svg?utm_source=commons.wikimedia.org&utm_campaign=imageinfo&utm_content=original,"wikipedia:California State University, Stanislaus",,,,,5.3,61.02
Caldwell,womens-soccer,"NCAA D2","Central Atlantic Collegiate Conference",Cougars,1,"Cooper the Cougar",,,https://upload.wikimedia.org/wikipedia/en/1/13/Caldwell_University_logo.png?utm_source=en.wikipedia.org&utm_campaign=imageinfo&utm_content=original,"wikipedia:Caldwell University",,,,,5.4,63.79
California,womens-soccer,"NCAA D1",ACC,"Golden Bears",1,"Oski the Bear",#002676,#FDB515,https://upload.wikimedia.org/wikipedia/en/8/85/University_of_California%2C_Berkeley_Logo_2024.svg?utm_source=en.wikipedia.org&utm_campaign=imageinfo&utm_content=original,"wikipedia:University of California, Berkeley",,,,,9.8,85.3
"California Baptist",womens-soccer,"NCAA D1","Big West",Lancers,1,,,,https://upload.wikimedia.org/wikipedia/en/e/e8/California_Baptist_University_logo.svg?utm_source=en.wikipedia.org&utm_campaign=imageinfo&utm_content=original,"wikipedia:California Baptist University",,1,WAC,"wikipedia:2025 NCAA Division I women's soccer tournament",5.7,74.64
"California Institute of Technology",womens-soccer,"NCAA D3","Southern California Intercollegiate Athletic Conference",Beavers,1,"Bernoulli the Beaver",,,https://upload.wikimedia.org/wikipedia/commons/7/75/Caltech_Logo.svg?utm_source=commons.wikimedia.org&utm_campaign=imageinfo&utm_content=original,"wikipedia:California Institute of Technology",,,,,,28.91
"California Lutheran University",womens-soccer,"NCAA D3","Southern California Intercollegiate Athletic Conference",Regals,1,,#2e1b46,#ffc222,https://upload.wikimedia.org/wikipedia/commons/9/90/California_Lutheran_University_logo_starting_2014.png?utm_source=commons.wikimedia.org&utm_campaign=imageinfo&utm_content=original,"wikipedia:California Lutheran University",,1,SCIAC,agent-research:2025-womens-soccer,8.0,51.91
"Calumet College of St. Joseph",womens-soccer,NAIA,"Chicagoland Collegiate Athletic Conference","Crimson Wave",0,"Crimson Joe",#902132,#818285,,"wikipedia:Calumet College of St. Joseph",,,,,5.7,35.67
"Calvin University",womens-soccer,"NCAA D3","Michigan Intercollegiate Athletic Association",Knights,1,,,,,"wikipedia:Calvin University",,1,MIAA-D3,agent-research:2025-womens-soccer,8.5,54.85
Campbell,womens-soccer,"NCAA D1",CAA,"Fighting Camels",1,"Gaylord the Camel",#1E252B,#EA7125,https://upload.wikimedia.org/wikipedia/en/3/3b/Campbell_University_logo.svg?utm_source=en.wikipedia.org&utm_campaign=imageinfo&utm_content=original,"wikipedia:Campbell University",,,,,5.8,69.24
"Campbellsville University",womens-soccer,NAIA,"Mid-South Conference",Tigers,1,,,,https://upload.wikimedia.org/wikipedia/en/f/f4/Campbellsville_logo.png?utm_source=en.wikipedia.org&utm_campaign=imageinfo&utm_content=original,"wikipedia:Campbellsville University",,1,Mid-South,agent-research:2025-womens-soccer,,57.48
Canisius,womens-soccer,"NCAA D1",Metro,"Golden Griffins",1,"Petey the Griffin",,,https://upload.wikimedia.org/wikipedia/en/4/40/Canisius_University_Logo.png?utm_source=en.wikipedia.org&utm_campaign=imageinfo&utm_content=original,"wikipedia:Canisius University",,,,,5.2,74.42
"Capital University",womens-soccer,"NCAA D3","Ohio Athletic Conference",Comets,1,,#663399,,https://upload.wikimedia.org/wikipedia/commons/3/3e/Capital_univ_logo_motto.png?utm_source=commons.wikimedia.org&utm_campaign=imageinfo&utm_content=original,"wikipedia:Capital University",,,,,6.5,43.85
"Carleton College",womens-soccer,"NCAA D3","Minnesota Intercollegiate Athletic Conference",Knights,1,,#0B5091,#F3B61D,https://upload.wikimedia.org/wikipedia/commons/7/74/Carleton_College_logo.svg?utm_source=commons.wikimedia.org&utm_campaign=imageinfo&utm_content=original,"wikipedia:Carleton College",,1,MIAC,agent-research:2025-womens-soccer,10.0,53.55
"Carlow University",womens-soccer,"NCAA D3","Allegheny Mountain Collegiate Conference",,,Celtics,,,https://upload.wikimedia.org/wikipedia/commons/6/6a/Carlow_univ_logo.png?utm_source=commons.wikimedia.org&utm_campaign=imageinfo&utm_content=original,"wikipedia:Carlow University",,,,,6.5,40.48
"Carnegie Mellon University",womens-soccer,"NCAA D3","University Athletic Association",Tartans,1,"Scotty the Scottish Terrier",#CC002B,#000000,https://upload.wikimedia.org/wikipedia/commons/f/f3/Carnegie_Mellon_University_wordmark.svg?utm_source=commons.wikimedia.org&utm_campaign=imageinfo&utm_content=original,"wikipedia:Carnegie Mellon University",,,,,6.5,50.15
"Carolina University",womens-soccer,NAIA,"Continental Athletic Conference",Bruins,1,"Baron the Bruin",,,,"wikipedia:Carolina University",,,,,,46.41
"Carroll College",womens-soccer,NAIA,"Cascade Collegiate Conference","Fighting Saints",1,"Halo, St. Bernard",#332a87,#e8d4a3,https://upload.wikimedia.org/wikipedia/en/6/6a/Carroll_College_logo.svg?utm_source=en.wikipedia.org&utm_campaign=imageinfo&utm_content=original,"wikipedia:Carroll College",,,,,,52.98
"Carroll University",womens-soccer,"NCAA D3","College Conference of Illinois & Wisconsin",Pioneers,1,"Pio Pete",#F26722,,https://upload.wikimedia.org/wikipedia/commons/5/5a/Carroll_univ_textlogo.png?utm_source=commons.wikimedia.org&utm_campaign=imageinfo&utm_content=original,"wikipedia:Carroll University",,,,,,44.96
Carson-Newman,womens-soccer,"NCAA D2","South Atlantic Conference",Eagles,1,,#0C2340,#FF671F,https://upload.wikimedia.org/wikipedia/commons/8/88/Carson-Newman_University_Logo%2C_August_2022.png?utm_source=commons.wikimedia.org&utm_campaign=imageinfo&utm_content=original,"wikipedia:Carson–Newman University",,,,,5.4,60.73
"Carthage College",womens-soccer,"NCAA D3","College Conference of Illinois & Wisconsin",Firebirds,1,Ember,#D0202E,,https://upload.wikimedia.org/wikipedia/en/7/7d/Carthage_College_logo.svg?utm_source=en.wikipedia.org&utm_campaign=imageinfo&utm_content=original,"wikipedia:Carthage College",,,,,6.5,38.03
"Case Western Reserve University",womens-soccer,"NCAA D3","University Athletic Association",Spartans,1,Spartie,,,,"wikipedia:Case Western Reserve University",,,,,9.8,52.0
Catawba,womens-soccer,"NCAA D2","South Atlantic Conference",Indians,1,Blue,#004990,,https://upload.wikimedia.org/wikipedia/en/1/18/Logo_of_Catawba_College.png?utm_source=en.wikipedia.org&utm_campaign=imageinfo&utm_content=original,"wikipedia:Catawba College",,1,SAC,agent-research:2025-womens-soccer,5.4,71.27
"Catholic University of America",womens-soccer,"NCAA D3","Landmark Conference",Cardinals,1,Cardinal,#FFC72C,#FFFFFF,https://upload.wikimedia.org/wikipedia/commons/8/82/Catholic_univ_america_full_logo.png?utm_source=commons.wikimedia.org&utm_campaign=imageinfo&utm_content=original,"wikipedia:Catholic University of America",,,,,7.8,43.42
"Cedar Crest College",womens-soccer,"NCAA D3","Colonial States Athletic Conference",Falcons,1,,#FCC037,,https://upload.wikimedia.org/wikipedia/en/f/f4/Cedar_Crest_College_logo.svg?utm_source=en.wikipedia.org&utm_campaign=imageinfo&utm_content=original,"wikipedia:Cedar Crest College",,,,,,37.57
Cedarville,womens-soccer,"NCAA D2","Great Midwest Athletic Conference","Yellow Jackets",1,"Yellow Jacket",,,https://upload.wikimedia.org/wikipedia/en/f/fb/Cedarville_University_Logo_Vertical_Orientation.png?utm_source=en.wikipedia.org&utm_campaign=imageinfo&utm_content=original,"wikipedia:Cedarville University",,,,,7.5,66.19
"Centenary College of Louisiana",womens-soccer,"NCAA D3","Southern Collegiate Athletic Conference",Ladies,1,,,,https://upload.wikimedia.org/wikipedia/commons/4/43/Centenary_College.png?utm_source=commons.wikimedia.org&utm_campaign=imageinfo&utm_content=original,"wikipedia:Centenary College of Louisiana",,,,,,30.54
"Centenary University",womens-soccer,"NCAA D3","Atlantic East Conference",Cyclones,1,"Sid the Cyclone",,,https://upload.wikimedia.org/wikipedia/commons/2/26/Centenary_University_logo.svg?utm_source=commons.wikimedia.org&utm_campaign=imageinfo&utm_content=original,"wikipedia:Centenary University",,,,,,34.09
"Central Arkansas",womens-soccer,"NCAA D1",UAC,"Sugar Bears",1,"Bruce D. Bear",#4F2D7F,#818A8F,https://upload.wikimedia.org/wikipedia/en/9/91/University_of_Central_Arkansas_logo.svg?utm_source=en.wikipedia.org&utm_campaign=imageinfo&utm_content=original,"wikipedia:University of Central Arkansas",,,,,4.8,67.25
"Central Baptist College",womens-soccer,NAIA,"American Midwest Conference",Mustangs,1,Mustang,#00447b,#b1b4b6,https://upload.wikimedia.org/wikipedia/en/7/7f/Central_Baptist_College_logo.png?utm_source=en.wikipedia.org&utm_campaign=imageinfo&utm_content=original,"wikipedia:Central Baptist College",,,,,,36.12
"Central Christian College of Kansas",womens-soccer,NAIA,"Sooner Athletic Conference",Tigers,1,Tigers,#002f86,#ffb718,,"wikipedia:Central Christian College of Kansas",,,,,4.5,36.86
"Central College",womens-soccer,"NCAA D3","American Rivers Conference",Cardinals,1,"Chippy the Cardinal",#BA0C2F,#FFFFFF,https://upload.wikimedia.org/wikipedia/en/f/f3/North_Central_College_logo.svg?utm_source=en.wikipedia.org&utm_campaign=imageinfo&utm_content=original,"wikipedia:North Central College",,,,,,45.91
"Central Connecticut",womens-soccer,"NCAA D1",NEC,"Blue Devils",1,"Kizer the Blue Devil",,,https://upload.wikimedia.org/wikipedia/en/8/85/Central_Connecticut_State_University_Logo.png?utm_source=en.wikipedia.org&utm_campaign=imageinfo&utm_content=original,"wikipedia:Central Connecticut State University",,,,,4.8,68.37
"Central Methodist University",womens-soccer,NAIA,"Heart of America Athletic Conference",Eagles,1,,#006647,,https://upload.wikimedia.org/wikipedia/en/1/1b/Central_Methodist_University_Logo.png?utm_source=en.wikipedia.org&utm_campaign=imageinfo&utm_content=original,"wikipedia:Central Methodist University",,,,,5.6,62.63
"Central Michigan",womens-soccer,"NCAA D1",MAC,Chippewas,1,,#6a0032,#ffc82e,https://upload.wikimedia.org/wikipedia/commons/e/ed/Central_Michigan_University_wordmark.svg?utm_source=commons.wikimedia.org&utm_campaign=imageinfo&utm_content=original,"wikipedia:Central Michigan University",,,,,9.2,61.44
"Central Missouri",womens-soccer,"NCAA D2","Mid-America Intercollegiate Athletics Association",Mules,1,"Mo the Mule",,,https://upload.wikimedia.org/wikipedia/en/7/7a/University_of_Central_Missouri_logo.svg?utm_source=en.wikipedia.org&utm_campaign=imageinfo&utm_content=original,"wikipedia:University of Central Missouri",,,,,,67.29
"Central Oklahoma",womens-soccer,"NCAA D2","Mid-America Intercollegiate Athletics Association",Bronchos,1,"Buddy Broncho and Buck Broncho",,,https://upload.wikimedia.org/wikipedia/commons/e/e7/University_central_oklahoma_logo.png?utm_source=commons.wikimedia.org&utm_campaign=imageinfo&utm_content=original,"wikipedia:University of Central Oklahoma",,,,,,59.76
"Central Washington",womens-soccer,"NCAA D2","Great Northwest Athletic Conference",Wildcats,1,"Wellington P. Wildcat",#AB0032,#2C2A29,https://upload.wikimedia.org/wikipedia/commons/8/8f/Cwu_university_logo.svg?utm_source=commons.wikimedia.org&utm_campaign=imageinfo&utm_content=original,"wikipedia:Central Washington University",,,,,,46.17
"Centre College",womens-soccer,"NCAA D3","Southern Athletic Association",Colonels,1,,,,,athletics-domain:centrecolonels.com,"copied from this school's other row (Centre), same division; that row's nickname was recovered from the school's own athletics site",,,,8.8,50.6
Chaminade,womens-soccer,"NCAA D2","Pacific West Conference",Silverswords,1,,,,https://upload.wikimedia.org/wikipedia/commons/4/4d/Chaminade_univ_text_logo.png?utm_source=commons.wikimedia.org&utm_campaign=imageinfo&utm_content=original,"wikipedia:Chaminade University of Honolulu",,,,,5.4,54.1
"Chapman University",womens-soccer,"NCAA D3","Southern California Intercollegiate Athletic Conference",Panthers,1,"Pete the Panther",#a50034,#231f20,https://upload.wikimedia.org/wikipedia/commons/f/f4/Chapman_University_logo.svg?utm_source=commons.wikimedia.org&utm_campaign=imageinfo&utm_content=original,"wikipedia:Chapman University",,,,,8.5,39.75
Charleston,womens-soccer,"NCAA D1",CAA,"Golden Eagles",1,,#61162d,#f2ae00,https://upload.wikimedia.org/wikipedia/commons/7/7d/UC_FULL_-_General_Horizontal_Maroon.jpg?utm_source=commons.wikimedia.org&utm_campaign=imageinfo&utm_content=original,"wikipedia:University of Charleston",,,,,7.1,72.17
"Charleston (WV)",womens-soccer,"NCAA D2","Mountain East Conference",,,,,,,,"No usable Wikipedia infobox found for this name",,,,5.4,64.17
"Charleston Southern",womens-soccer,"NCAA D1","Big South",Buccaneers,1,Bucky,#002855,#A89968,https://upload.wikimedia.org/wikipedia/en/4/49/Charleston_Southern_University_logo.svg?utm_source=en.wikipedia.org&utm_campaign=imageinfo&utm_content=original,"wikipedia:Charleston Southern University",,,,,7.1,70.04
Charlotte,womens-soccer,"NCAA D1",American,49ers,1,"Norm the Niner",#005035,#FFFFFF,https://upload.wikimedia.org/wikipedia/commons/5/57/UNC_Charlotte_Main_Horizontal.png?utm_source=commons.wikimedia.org&utm_campaign=imageinfo&utm_content=original,"wikipedia:University of North Carolina at Charlotte",,,,,6.6,75.11
"Chatham University",womens-soccer,"NCAA D3","Presidents' Athletic Conference",Cougars,1,"Carson the Cougar",#4e2a6e,#686f76,https://upload.wikimedia.org/wikipedia/commons/8/86/Chatham_univ_purplelogo.png?utm_source=commons.wikimedia.org&utm_campaign=imageinfo&utm_content=original,"wikipedia:Chatham University",,,,,6.5,41.66
Chattanooga,womens-soccer,"NCAA D1",Southern,Mocs,1,"Scrappy the Mocking Bird",#00386B,#E0AA0F,https://upload.wikimedia.org/wikipedia/en/4/40/UTChattanooga_logo.png?utm_source=en.wikipedia.org&utm_campaign=imageinfo&utm_content=original,"wikipedia:University of Tennessee at Chattanooga",,,,,,73.9
"Chestnut Hill",womens-soccer,"NCAA D2","Central Atlantic Collegiate Conference",Griffins,1,Griffin,,,https://upload.wikimedia.org/wikipedia/commons/c/c2/Chestnut_hill_college_textlogo.png?utm_source=commons.wikimedia.org&utm_campaign=imageinfo&utm_content=original,"wikipedia:Chestnut Hill College",,,,,5.4,55.44
"Chicago State",womens-soccer,"NCAA D1",NEC,Cougars,1,"Southside T. Cougar",#115740,#003D6E,https://upload.wikimedia.org/wikipedia/commons/a/ae/Chicago_st_univ_textlogo.png?utm_source=commons.wikimedia.org&utm_campaign=imageinfo&utm_content=original,"wikipedia:Chicago State University",,,,,3.2,58.79
"Chico State",womens-soccer,"NCAA D2","California Collegiate Athletic Association",Wildcats,1,"Willie the Wildcat",#9D2235,#75787B,https://upload.wikimedia.org/wikipedia/commons/b/b8/Chico-State-Single-Line-Wordmark.svg?utm_source=commons.wikimedia.org&utm_campaign=imageinfo&utm_content=original,"wikipedia:California State University, Chico",,,,,6.8,59.54
Chowan,womens-soccer,"NCAA D2","Conference Carolinas",Hawks,1,"Murf the Hawk",#4E83B3,,https://upload.wikimedia.org/wikipedia/commons/3/3c/Chowan_univ_textlogo.png?utm_source=commons.wikimedia.org&utm_campaign=imageinfo&utm_content=original,"wikipedia:Chowan University",,,,,4.6,51.14
"Christian Brothers",womens-soccer,"NCAA D2","Gulf South Conference",Buccaneers,1,"The Buccaneer",#CC092F,#A49791,https://upload.wikimedia.org/wikipedia/en/8/8f/Christian_Brothers_University_logo.png?utm_source=en.wikipedia.org&utm_campaign=imageinfo&utm_content=original,"wikipedia:Christian Brothers University",,,,,5.5,46.27
"Christopher Newport University",womens-soccer,"NCAA D3","Coast-to-Coast Athletic Conference",Captains,1,"Captain Chris",#003366,#D8D8D8,https://upload.wikimedia.org/wikipedia/commons/0/0c/Christopher_Newport_University_%28logo%29.svg?utm_source=commons.wikimedia.org&utm_campaign=imageinfo&utm_content=original,"wikipedia:Christopher Newport University",,1,C2C,agent-research:2025-womens-soccer,6.5,57.18
Cincinnati,womens-soccer,"NCAA D1","Big 12",Bearcats,1,"The Bearcat",,,https://upload.wikimedia.org/wikipedia/en/5/59/University_of_Cincinnati_logo.svg?utm_source=en.wikipedia.org&utm_campaign=imageinfo&utm_content=original,"wikipedia:University of Cincinnati",,,,,,75.09
"Claremont McKenna College",womens-soccer,"NCAA D3","Southern California Intercollegiate Athletic Conference","Claremont-Mudd-Scripps Stags",1,,#981A31,#231F20,https://upload.wikimedia.org/wikipedia/en/d/d9/Claremont_McKenna_College_logo.svg?utm_source=en.wikipedia.org&utm_campaign=imageinfo&utm_content=original,"wikipedia:Claremont McKenna College",,,,,,47.66
Claremont-Mudd-Scripps,womens-soccer,"NCAA D3",,,,,,,,,"Added for coaching-contact coverage; soccer_score/academic_rating are placeholders",,,,6.0,38.0
"Clark University",womens-soccer,"NCAA D3","New England Women's and Men's Athletic Conference",Cougars,1,Jonas,#CC0000,#FFFFFF,https://upload.wikimedia.org/wikipedia/commons/f/ff/Clark_University_wordmark.svg?utm_source=commons.wikimedia.org&utm_campaign=imageinfo&utm_content=original,"wikipedia:Clark University",,,,,,40.8
"Clarke University",womens-soccer,NAIA,"Heart of America Athletic Conference",Pride,0,"Cutlass T. Crusader",,,,"wikipedia:Clarke University",,,,,5.6,52.09
"Clarkson University",womens-soccer,"NCAA D3","Liberty League","Golden Knights",1,"The Golden Knight",#004E42,#FDDA24,https://upload.wikimedia.org/wikipedia/commons/5/53/Clarkson-university-logo-green.png?utm_source=commons.wikimedia.org&utm_campaign=imageinfo&utm_content=original,"wikipedia:Clarkson University",,,,,8.2,39.7
"Clayton State",womens-soccer,"NCAA D2","Peach Belt Conference",Lakers,1,,#092C74,#fC6719,https://upload.wikimedia.org/wikipedia/commons/3/3c/Clayton_state_university_textlogo.png?utm_source=commons.wikimedia.org&utm_campaign=imageinfo&utm_content=original,"wikipedia:Clayton State University",,,,,5.3,53.01
"Cleary University",womens-soccer,NAIA,"Wolverine-Hoosier Athletic Conference",Cougars,1,"Clancy The Cougar",#a51e36,#0e274a,,"wikipedia:Cleary University",,,,,,44.29
Clemson,womens-soccer,"NCAA D1",ACC,Tigers,1,,#F66733,#522D80,https://upload.wikimedia.org/wikipedia/commons/4/47/Clemson_University_Wordmark.svg?utm_source=commons.wikimedia.org&utm_campaign=imageinfo&utm_content=original,"wikipedia:Clemson University",,,,,8.5,84.54
"Cleveland State",womens-soccer,"NCAA D1",Horizon,Vikings,1,Magnus,#006A4D,#69BE28,https://upload.wikimedia.org/wikipedia/en/7/7e/Logo_of_CSU_%282023%29.png?utm_source=en.wikipedia.org&utm_campaign=imageinfo&utm_content=original,"wikipedia:Cleveland State University",,,,,5.4,64.81
"Coastal Carolina",womens-soccer,"NCAA D1","Sun Belt",Chanticleers,1,"Chauncey the Chanticleer",,,https://upload.wikimedia.org/wikipedia/en/1/17/Coastal_Carolina_University_logo.svg?utm_source=en.wikipedia.org&utm_campaign=imageinfo&utm_content=original,"wikipedia:Coastal Carolina University",,,,,5.9,66.49
"Coe College",womens-soccer,"NCAA D3","American Rivers Conference",Kohawks,1,"Charlie Kohawk",#880011,#D3902F,https://upload.wikimedia.org/wikipedia/commons/1/10/Coe_college_textlogo.png?utm_source=commons.wikimedia.org&utm_campaign=imageinfo&utm_content=original,"wikipedia:Coe College",,,,,6.5,30.79
Coker,womens-soccer,"NCAA D2","South Atlantic Conference",Cobras,1,,#00457C,#5FAAD8,https://upload.wikimedia.org/wikipedia/commons/5/55/Coker_college_wordmark_blue.png?utm_source=commons.wikimedia.org&utm_campaign=imageinfo&utm_content=original,"wikipedia:Coker University",,,,,5.4,56.55
"Colby College",womens-soccer,"NCAA D3","New England Small College Athletic Conference",Mules,1,"Morty the Mule",#002878,#E3D7D1,https://upload.wikimedia.org/wikipedia/commons/1/10/Colby_College_logo.svg?utm_source=commons.wikimedia.org&utm_campaign=imageinfo&utm_content=original,"wikipedia:Colby College",,,,,9.8,45.23
Colby-Sawyer,womens-soccer,"NCAA D3",,,,,,,,,"Added for coaching-contact coverage; soccer_score/academic_rating are placeholders",,,,6.0,38.0
Colgate,womens-soccer,"NCAA D1",Patriot,Raiders,1,Raider,#821019,,https://upload.wikimedia.org/wikipedia/commons/e/ea/Colgate_University_Wordmark_2018.svg?utm_source=commons.wikimedia.org&utm_campaign=imageinfo&utm_content=original,"wikipedia:Colgate University",,,,,8.7,67.98
"College of Idaho",womens-soccer,NAIA,"Cascade Collegiate Conference",Coyotes,1,Coyote,#412d5e,#a29060,https://upload.wikimedia.org/wikipedia/commons/3/37/Idaho_college_logo.png?utm_source=commons.wikimedia.org&utm_campaign=imageinfo&utm_content=original,"wikipedia:College of Idaho",,1,Cascade,"agent-research:2025-womens-soccer + cascadeconference.org final standings",7.8,64.08
"College of Mount Saint Vincent",womens-soccer,"NCAA D3","Skyline Conference",Dolphins,1,Dolphin,,,https://upload.wikimedia.org/wikipedia/en/f/f7/University_of_Mount_Saint_Vincent_wordmark_2026.png?utm_source=en.wikipedia.org&utm_campaign=imageinfo&utm_content=original,"wikipedia:University of Mount Saint Vincent",,,,,6.5,48.83
"College of Saint Benedict",womens-soccer,"NCAA D3","Minnesota Intercollegiate Athletic Conference",Bennies,1,,,,,"wikipedia:College of Saint Benedict and Saint John's University",,,,,,40.84
"College of Saint Mary",womens-soccer,NAIA,"Great Plains Athletic Conference",Flames,1,,#003767,#62b5e5,https://upload.wikimedia.org/wikipedia/commons/6/63/College_of_Saint_Mary_logo.png?utm_source=commons.wikimedia.org&utm_campaign=imageinfo&utm_content=original,"wikipedia:College of Saint Mary",,,,,,45.22
Colorado,womens-soccer,"NCAA D1","Big 12",Buffaloes,1,"Ralphie (bison) / Chip (costume)",,,https://upload.wikimedia.org/wikipedia/commons/e/e4/UC_Boulder_logo.svg?utm_source=commons.wikimedia.org&utm_campaign=imageinfo&utm_content=original,"wikipedia:University of Colorado Boulder",,,,,,90.65
"Colorado Christian",womens-soccer,"NCAA D2","Rocky Mountain Athletic Conference",,,Cougars,,,,"wikipedia:Colorado Christian University",,,,,6.8,48.47
"Colorado College",womens-soccer,"NCAA D1","Mountain West",Tigers,1,RoCCy,#000000,#D09B2C,https://upload.wikimedia.org/wikipedia/commons/3/34/Colorado_College_logo.svg?utm_source=commons.wikimedia.org&utm_campaign=imageinfo&utm_content=original,"wikipedia:Colorado College",,,,,,67.81
"Colorado Mesa",womens-soccer,"NCAA D2","Rocky Mountain Athletic Conference",Mavericks,1,,,,https://upload.wikimedia.org/wikipedia/commons/5/55/Colorado_Mesa_University_logo.svg?utm_source=commons.wikimedia.org&utm_campaign=imageinfo&utm_content=original,"wikipedia:Colorado Mesa University",,,,,5.4,68.66
"Colorado School of Mines",womens-soccer,"NCAA D2","Rocky Mountain Athletic Conference",Orediggers,1,"Marvin the Miner<br />Blaster the Burro",,,https://upload.wikimedia.org/wikipedia/commons/6/67/Colorado_School_of_Mines_wordmark_%282023%29.svg?utm_source=commons.wikimedia.org&utm_campaign=imageinfo&utm_content=original,"wikipedia:Colorado School of Mines",,1,RMAC,agent-research:2025-womens-soccer,9.0,71.89
"Colorado State",womens-soccer,"NCAA D1",Pac-12,Rams,1,"CAM the Ram",,,https://upload.wikimedia.org/wikipedia/commons/9/95/Colorado_State_University_logo.svg?utm_source=commons.wikimedia.org&utm_campaign=imageinfo&utm_content=original,"wikipedia:Colorado State University",,,,,,75.87
"Colorado State-Pueblo",womens-soccer,"NCAA D2","Rocky Mountain Athletic Conference",ThunderWolves,1,"Wolfie (costume)<br />Tundra (living mascot)",#00205b,#cc0033,https://upload.wikimedia.org/wikipedia/commons/f/f5/Csu_pueblo_univ_textlogo.png?utm_source=commons.wikimedia.org&utm_campaign=imageinfo&utm_content=original,"wikipedia:Colorado State University Pueblo",,,,,5.3,50.44
Columbia,womens-soccer,"NCAA D1","Ivy League",Lions,1,"Roar-ee the Lion",,,https://upload.wikimedia.org/wikipedia/commons/1/10/Columbia_University_1754.svg?utm_source=commons.wikimedia.org&utm_campaign=imageinfo&utm_content=original,"wikipedia:Columbia University",,,,,10.0,73.31
"Columbia College (MO)",womens-soccer,NAIA,"American Midwest Conference",Cougars,1,,#002855,#c7c8ca,,"wikipedia:Columbia College (Missouri)",,1,AMC,agent-research:2025-womens-soccer,10.0,62.04
"Columbia College (SC)",womens-soccer,NAIA,"Appalachian Athletic Conference",Koalas,1,CeCe,,,,"wikipedia:Columbia College (South Carolina)",,,,,,49.69
"Columbia International University",womens-soccer,NAIA,"Appalachian Athletic Conference",Rams,1,Ram,,,https://upload.wikimedia.org/wikipedia/commons/2/29/New_CIU_Logo.jpg?utm_source=commons.wikimedia.org&utm_campaign=imageinfo&utm_content=original,"wikipedia:Columbia International University",,,,,,53.29
"Columbus State",womens-soccer,"NCAA D2","Peach Belt Conference",Cougars,1,"Cody Cougar",#003359,#c60c30,https://upload.wikimedia.org/wikipedia/commons/b/b8/Columbus_st_univ_simplelogo.png?utm_source=commons.wikimedia.org&utm_campaign=imageinfo&utm_content=original,"wikipedia:Columbus State University",,1,PBC,agent-research:2025-womens-soccer,,71.31
"Commonwealth University-Bloomsburg",womens-soccer,"NCAA D2","Pennsylvania State Athletic Conference",Huskies,1,Roongo,,,https://upload.wikimedia.org/wikipedia/en/c/c1/Bloomsburg_University_logo.png?utm_source=en.wikipedia.org&utm_campaign=imageinfo&utm_content=original,"wikipedia:Commonwealth University-Bloomsburg",,,,,5.3,61.01
"Commonwealth University-Lock Haven",womens-soccer,"NCAA D2","Pennsylvania State Athletic Conference","Bald Eagles",1,"Talon the Bald Eagle",#ffffff,,https://upload.wikimedia.org/wikipedia/en/0/06/Lockhaven_University_logo.png?utm_source=en.wikipedia.org&utm_campaign=imageinfo&utm_content=original,"wikipedia:Commonwealth University-Lock Haven",,,,,5.3,46.45
"Commonwealth University-Mansfield",womens-soccer,"NCAA D2","Pennsylvania State Athletic Conference",Mountaineers,1,"The Mountie",#AF1E2D,#000000,https://upload.wikimedia.org/wikipedia/en/b/b2/Mansfield_University_logo.svg?utm_source=en.wikipedia.org&utm_campaign=imageinfo&utm_content=original,"wikipedia:Commonwealth University-Mansfield",,,,,,41.08
Concord,womens-soccer,"NCAA D2","Mountain East Conference","Mountain Lions",1,Roar,,,https://upload.wikimedia.org/wikipedia/commons/3/34/Concord_u_logo_wmark.png?utm_source=commons.wikimedia.org&utm_campaign=imageinfo&utm_content=original,"wikipedia:Concord University",,,,,5.4,62.78
"Concordia College-Moorhead",womens-soccer,"NCAA D3","Minnesota Intercollegiate Athletic Conference",Cobbers,1,"Kernel Cobb",#633,#FFD250,https://upload.wikimedia.org/wikipedia/commons/d/d9/Concordia_moorhead_logo.png?utm_source=commons.wikimedia.org&utm_campaign=imageinfo&utm_content=original,"wikipedia:Concordia College (Moorhead, Minnesota)",,,,,,40.45
"Concordia Irvine",womens-soccer,"NCAA D2","Pacific West Conference",,,"Golden Eagles",,,https://upload.wikimedia.org/wikipedia/en/1/16/CU_Irvine_logo.svg?utm_source=en.wikipedia.org&utm_campaign=imageinfo&utm_content=original,"wikipedia:Concordia University Irvine",,,,,7.0,67.81
"Concordia University Nebraska",womens-soccer,NAIA,"Great Plains Athletic Conference",Bulldogs,1,Bulldog,#172b54,,https://upload.wikimedia.org/wikipedia/commons/8/83/CUNEAcademic_Logo_Left_Color.svg?utm_source=commons.wikimedia.org&utm_campaign=imageinfo&utm_content=original,"wikipedia:Concordia University Nebraska",,,,,,57.23
"Concordia University-Chicago",womens-soccer,"NCAA D3","Northern Athletics Collegiate Conference",,,"Charlie T. Cougar",,,https://upload.wikimedia.org/wikipedia/commons/b/b9/Concordia_univ_chicago_textlogo.png?utm_source=commons.wikimedia.org&utm_campaign=imageinfo&utm_content=original,"wikipedia:Concordia University Chicago",,,,,,33.4
"Concordia University-Texas",womens-soccer,"NCAA D3","Southern Collegiate Athletic Conference",Tornados,1,,#4A1F78,#F2AE22,https://upload.wikimedia.org/wikipedia/commons/1/12/Concordia_univ_texas_textlogo.png?utm_source=commons.wikimedia.org&utm_campaign=imageinfo&utm_content=original,"wikipedia:Concordia University Texas",,,,,,39.57
"Concordia University-Wisconsin",womens-soccer,"NCAA D3","Northern Athletics Collegiate Conference",Falcons,1,"Freddy the Falcon",#005596,#faa634,https://upload.wikimedia.org/wikipedia/commons/0/01/Concordia_univ_wis_textlogo.png?utm_source=commons.wikimedia.org&utm_campaign=imageinfo&utm_content=original,"wikipedia:Concordia University Wisconsin",,,,,,44.27
"Concordia-St. Paul",womens-soccer,"NCAA D2","Northern Sun Intercollegiate Conference",Bears,1,"Golden Bears",,,https://upload.wikimedia.org/wikipedia/commons/5/52/Concordia_sp_univ_logo.png?utm_source=commons.wikimedia.org&utm_campaign=imageinfo&utm_content=original,athletics-domain:cspbears.com,"nickname recovered from the school's own athletics hostname; its Wikipedia article states none. Confirmed by that site's title (""Concordia University, St. Paul Athletics"").",,,,5.4,63.11
"Connecticut College",womens-soccer,"NCAA D3","New England Small College Athletic Conference",,,"Camel (Dromedary)",#002F5F,#FFFFFF,https://upload.wikimedia.org/wikipedia/commons/7/7b/Connecticut_college_textlogo.png?utm_source=commons.wikimedia.org&utm_campaign=imageinfo&utm_content=original,"wikipedia:Connecticut College",,,,,9.2,39.36
Converse,womens-soccer,"NCAA D2","Conference Carolinas",Valkyries,1,"Val the Valkyrie",,,https://upload.wikimedia.org/wikipedia/en/2/23/Convere_University_Logo_2023.png?utm_source=en.wikipedia.org&utm_campaign=imageinfo&utm_content=original,"wikipedia:Converse University",,,,,5.4,53.64
"Corban University",womens-soccer,NAIA,"Cascade Collegiate Conference",Warriors,1,"Cadmar the Warrior",#002550,#f9c623,,"wikipedia:Corban University",,,,,,47.38
Cornell,womens-soccer,"NCAA D1","Ivy League","Big Red",0,"Touchdown the Bear (unofficial)",,,https://upload.wikimedia.org/wikipedia/commons/4/4b/Cornell_University_logo.svg?utm_source=commons.wikimedia.org&utm_campaign=imageinfo&utm_content=original,"wikipedia:Cornell University",,,,,9.8,66.76
"Cornell College",womens-soccer,"NCAA D3","Midwest Conference",Rams,1,,,,https://upload.wikimedia.org/wikipedia/commons/5/5e/Cornell_college_textlogo.png?utm_source=commons.wikimedia.org&utm_campaign=imageinfo&utm_content=original,"wikipedia:Cornell College",,,,,6.6,28.17
"Cornerstone University",womens-soccer,NAIA,"Wolverine-Hoosier Athletic Conference","Golden Eagles",1,"Golden Eagle",#13294b,#d9c89d,,"wikipedia:Cornerstone University",,,,,5.6,45.67
"Covenant College",womens-soccer,"NCAA D3","Collegiate Conference of the South",Scots,1,,#003399,,https://upload.wikimedia.org/wikipedia/en/5/50/Covenant_College_logo.png?utm_source=en.wikipedia.org&utm_campaign=imageinfo&utm_content=original,"wikipedia:Covenant College",,,,,6.5,41.98
Creighton,womens-soccer,"NCAA D1","Big East",Bluejays,1,"Billy Bluejay",#0054A6,,https://upload.wikimedia.org/wikipedia/commons/b/b3/Creighton_University_logo.svg?utm_source=commons.wikimedia.org&utm_campaign=imageinfo&utm_content=original,"wikipedia:Creighton University",,,,,7.9,74.48
"Crown College",womens-soccer,"NCAA D3","Upper Midwest Athletic Conference",Polars,1,,,,https://upload.wikimedia.org/wikipedia/commons/3/3e/Crown_college_logo.png?utm_source=commons.wikimedia.org&utm_campaign=imageinfo&utm_content=original,"wikipedia:Crown College (Minnesota)",,,,,,36.47
"Culver-Stockton College",womens-soccer,NAIA,"Heart of America Athletic Conference",Wildcats,1,,#00549f,#8a9297,,"wikipedia:Culver–Stockton College",,,,,,48.82
"Cumberland University",womens-soccer,NAIA,"Mid-South Conference",Phoenix,0,,#84152c,,,"wikipedia:Cumberland University",,,,,,57.99
"Curry College",womens-soccer,"NCAA D3","Conference of New England",Colonels,1,,,,https://upload.wikimedia.org/wikipedia/commons/3/3e/Curry_college_logo.png?utm_source=commons.wikimedia.org&utm_campaign=imageinfo&utm_content=original,"wikipedia:Curry College",,,,,6.5,40.17
"D'Youville",womens-soccer,"NCAA D2","East Coast Conference",Saints,1,"Saint Bernard",,,https://upload.wikimedia.org/wikipedia/commons/f/ff/Dyouville_university_logo.png?utm_source=commons.wikimedia.org&utm_campaign=imageinfo&utm_content=original,"wikipedia:D'Youville University",,,,,5.4,43.71
Daemen,womens-soccer,"NCAA D2","East Coast Conference",Wildcats,1,"Willie the Wildcat",,,https://upload.wikimedia.org/wikipedia/commons/d/df/RosaryHall.jpg?utm_source=commons.wikimedia.org&utm_campaign=imageinfo&utm_content=original,"wikipedia:Daemen University",,,,,5.4,59.62
"Dakota State University",womens-soccer,NAIA,"Continental Athletic Conference",Trojans,1,,,,https://upload.wikimedia.org/wikipedia/commons/9/92/Dakota_State_University_logo.svg?utm_source=commons.wikimedia.org&utm_campaign=imageinfo&utm_content=original,"wikipedia:Dakota State University",,,,,7.0,37.02
"Dakota Wesleyan University",womens-soccer,NAIA,"Great Plains Athletic Conference",Tigers,1,,#005f9d,#c2c4c6,,"wikipedia:Dakota Wesleyan University",,,,,5.6,44.34
"Dallas Baptist",womens-soccer,"NCAA D2","Lone Star Conference",Patriots,1,,#C41230,#FFFFFF,https://upload.wikimedia.org/wikipedia/commons/4/49/Dallas_baptist_univ_simple_logo.png?utm_source=commons.wikimedia.org&utm_campaign=imageinfo&utm_content=original,"wikipedia:Dallas Baptist University",,1,LSC,agent-research:2025-womens-soccer,7.2,74.0
"Dalton State College",womens-soccer,NAIA,"Southern States Athletic Conference",Roadrunners,1,,#00263a,#6a737b,https://upload.wikimedia.org/wikipedia/en/d/d1/Dalton_State_College_logo.png?utm_source=en.wikipedia.org&utm_campaign=imageinfo&utm_content=original,"wikipedia:Dalton State College",,,,,,51.27
Dartmouth,womens-soccer,"NCAA D1","Ivy League","Big Green",0,,,,https://upload.wikimedia.org/wikipedia/commons/f/f1/Dartmouth_College_logo.svg?utm_source=commons.wikimedia.org&utm_campaign=imageinfo&utm_content=original,"wikipedia:Dartmouth College",,1,Ivy,"wikipedia:2025 NCAA Division I women's soccer tournament",9.9,75.56
Davenport,womens-soccer,"NCAA D2","Great Lakes Intercollegiate Athletic Conference",Panthers,1,Pounce,#ee3124,,https://upload.wikimedia.org/wikipedia/commons/3/35/Davenport_university_logo.png?utm_source=commons.wikimedia.org&utm_campaign=imageinfo&utm_content=original,"wikipedia:Davenport University",,,,,5.4,51.57
Davidson,womens-soccer,"NCAA D1","Atlantic 10",Wildcats,1,"Roary the Wildcat",#D42121,#000000,https://upload.wikimedia.org/wikipedia/commons/6/63/Davidson_College_Primary_Logo.png?utm_source=commons.wikimedia.org&utm_campaign=imageinfo&utm_content=original,"wikipedia:Davidson College",,,,,8.8,71.32
"Davis & Elkins",womens-soccer,"NCAA D2","Mountain East Conference",Senators,1,,,,https://upload.wikimedia.org/wikipedia/commons/7/73/Daviselkins_college_logo.png?utm_source=commons.wikimedia.org&utm_campaign=imageinfo&utm_content=original,"wikipedia:Davis & Elkins College",,,,,5.4,44.38
Dayton,womens-soccer,"NCAA D1","Atlantic 10",Flyers,1,"Rudy Flyer",,,,"wikipedia:University of Dayton",,1,"Atlantic 10","wikipedia:2025 NCAA Division I women's soccer tournament",7.3,82.25
DePaul,womens-soccer,"NCAA D1","Big East","Blue Demons",1,"D.I.B.S. (Demon In a Blue Suit)",,,https://upload.wikimedia.org/wikipedia/en/b/ba/Depaul_U_Logo.svg?utm_source=en.wikipedia.org&utm_campaign=imageinfo&utm_content=original,"wikipedia:DePaul University",,,,,7.0,68.45
"DePauw University",womens-soccer,"NCAA D3","North Coast Athletic Conference",Tigers,1,"Tyler the Tiger",,,https://upload.wikimedia.org/wikipedia/en/f/fa/DePauw_University_logo.png?utm_source=en.wikipedia.org&utm_campaign=imageinfo&utm_content=original,"wikipedia:DePauw University",,,,,8.5,46.71
"DeSales University",womens-soccer,"NCAA D3","Middle Atlantic Conference (Freedom)",Bulldogs,1,"Frankie the Bulldog",#000077,#DD0000,,"wikipedia:DeSales University",,,,,6.5,36.71
Dean,womens-soccer,"NCAA D3",,,,,,,,,"Added for coaching-contact coverage; soccer_score/academic_rating are placeholders",,,,6.0,38.0
"Defiance College",womens-soccer,NAIA,"Wolverine-Hoosier Athletic Conference","Yellow Jackets, Lady Jackets",1,,#7300e6,,,"wikipedia:Defiance College",,,,,,39.29
Delaware,womens-soccer,"NCAA D1",CUSA,"Fightin' Blue Hens",1,YoUDee,#00539F,#FFD200,https://upload.wikimedia.org/wikipedia/commons/b/b3/University_of_Delaware_wordmark.svg?utm_source=commons.wikimedia.org&utm_campaign=imageinfo&utm_content=original,"wikipedia:University of Delaware",,,,,6.8,71.65
"Delaware State",womens-soccer,"NCAA D1",NEC,Hornets,1,"Too Fly",#72CDF4,#EE3124,https://upload.wikimedia.org/wikipedia/en/4/48/Delaware_State_University_logo.svg?utm_source=en.wikipedia.org&utm_campaign=imageinfo&utm_content=original,"wikipedia:Delaware State University",,,,,6.8,57.79
"Delaware Valley University",womens-soccer,"NCAA D3","Middle Atlantic Conference (Freedom)",Aggies,1,Ram,,,https://upload.wikimedia.org/wikipedia/commons/2/20/Delaware_valley_univ_logo.svg?utm_source=commons.wikimedia.org&utm_campaign=imageinfo&utm_content=original,"wikipedia:Delaware Valley University",,,,,6.5,31.67
"Delta State",womens-soccer,"NCAA D2","Gulf South Conference","Lady Statesmen",1,,#00753E,#FFFFFF,,"wikipedia:Delta State University",,,,,5.3,54.6
"Denison University",womens-soccer,"NCAA D3","North Coast Athletic Conference","Big Red",0,,,,https://upload.wikimedia.org/wikipedia/commons/2/22/Denison-logo.svg?utm_source=commons.wikimedia.org&utm_campaign=imageinfo&utm_content=original,"wikipedia:Denison University",,,,,9.2,44.15
Denver,womens-soccer,"NCAA D1","West Coast",Pioneers,1,,,,https://upload.wikimedia.org/wikipedia/en/d/d4/University_of_Denver_logo.svg?utm_source=en.wikipedia.org&utm_campaign=imageinfo&utm_content=original,"wikipedia:University of Denver",,,,,7.4,82.44
"Detroit Mercy",womens-soccer,"NCAA D1",Horizon,Titans,1,"Tommy Titan",,,https://upload.wikimedia.org/wikipedia/commons/0/07/University_of_Detroit_Mercy_new_logo.svg?utm_source=commons.wikimedia.org&utm_campaign=imageinfo&utm_content=original,"wikipedia:University of Detroit Mercy",,,,,5.0,66.76
"Dickinson College",womens-soccer,"NCAA D3","Centennial Conference","Red Devils",1,,#C8102E,,https://upload.wikimedia.org/wikipedia/commons/3/39/Dickinson_college_wmark.png?utm_source=commons.wikimedia.org&utm_campaign=imageinfo&utm_content=original,"wikipedia:Dickinson College",,,,,9.0,46.98
"Doane University",womens-soccer,NAIA,"Great Plains Athletic Conference",Tigers,1,,#ef7a1d,,https://upload.wikimedia.org/wikipedia/commons/8/88/Doane_University_logo.svg?utm_source=commons.wikimedia.org&utm_campaign=imageinfo&utm_content=original,"wikipedia:Doane University",,,,,5.6,46.39
"Dominican (CA)",womens-soccer,"NCAA D2","Pacific West Conference",Penguins,1,"Chilly the Penguin",,,https://upload.wikimedia.org/wikipedia/commons/2/2d/Dominican_univ_california_logo.png?utm_source=commons.wikimedia.org&utm_campaign=imageinfo&utm_content=original,"wikipedia:Dominican University of California",,,,,6.5,55.8
"Dominican (NY)",womens-soccer,"NCAA D2","Central Atlantic Collegiate Conference",Chargers,1,,,,https://upload.wikimedia.org/wikipedia/commons/5/54/StJohns_logo.svg?utm_source=commons.wikimedia.org&utm_campaign=imageinfo&utm_content=original,athletics-domain:chargerathletics.com,"Dominican University New York. Had been matched to ST. JOHN'S University (New York City) — a different institution. Confirmed by chargerathletics.com, title ""Dominican University New York Athletics"".",,,,5.4,52.12
"Dominican University",womens-soccer,"NCAA D3","Northern Athletics Collegiate Conference",Stars,1,,,,https://upload.wikimedia.org/wikipedia/commons/2/2d/Dominican_univ_california_logo.png?utm_source=commons.wikimedia.org&utm_campaign=imageinfo&utm_content=original,athletics-domain:dustars.com,"Dominican University (IL), D3 NACC — same school as the Dominican (IL) row. Had been matched to Dominican University of CALIFORNIA, whose Penguins remain correct on the Dominican (CA) rows. Confirmed on dustars.com (99 mentions).",,,,,47.12
"Dordt University",womens-soccer,NAIA,"Great Plains Athletic Conference",Defenders,1,,,,https://upload.wikimedia.org/wikipedia/commons/3/38/Dordt_University_Logo.png?utm_source=commons.wikimedia.org&utm_campaign=imageinfo&utm_content=original,"wikipedia:Dordt University",,,,,7.8,55.13
Drake,womens-soccer,"NCAA D1","Missouri Valley",Bulldogs,1,,#003B73,,https://upload.wikimedia.org/wikipedia/commons/e/e4/Drake_University_logo.svg?utm_source=commons.wikimedia.org&utm_campaign=imageinfo&utm_content=original,"wikipedia:Drake University",,,,,6.8,73.9
"Drew University",womens-soccer,"NCAA D3","Landmark Conference",Rangers,1,,,,https://upload.wikimedia.org/wikipedia/commons/9/94/Drew_University_logo.svg?utm_source=commons.wikimedia.org&utm_campaign=imageinfo&utm_content=original,"wikipedia:Drew University",,,,,7.8,42.73
Drexel,womens-soccer,"NCAA D1",CAA,Dragons,1,"Mario the Magnificent",,,https://upload.wikimedia.org/wikipedia/en/e/ea/Drexel_University_logo.svg?utm_source=en.wikipedia.org&utm_campaign=imageinfo&utm_content=original,"wikipedia:Drexel University",,,,,7.0,68.36
Drury,womens-soccer,"NCAA D2","Great Lakes Valley Conference",Panthers,1,,#B80007,#9E9388,https://upload.wikimedia.org/wikipedia/commons/4/41/Drury_University_logo.svg?utm_source=commons.wikimedia.org&utm_campaign=imageinfo&utm_content=original,"wikipedia:Drury University",,1,GLVC,agent-research:2025-womens-soccer,6.8,64.93
Duke,womens-soccer,"NCAA D1",ACC,"Blue Devils",1,"Blue Devil",#012169,#FFFFFF,https://upload.wikimedia.org/wikipedia/commons/e/e6/Duke_University_logo.svg?utm_source=commons.wikimedia.org&utm_campaign=imageinfo&utm_content=original,"wikipedia:Duke University",,,,,10.0,93.56
Duquesne,womens-soccer,"NCAA D1","Atlantic 10",Dukes,1,"The Duke",,,https://upload.wikimedia.org/wikipedia/commons/d/d6/Duqlogo.png?utm_source=commons.wikimedia.org&utm_campaign=imageinfo&utm_content=original,"wikipedia:Duquesne University",,,,,6.2,74.9
"Earlham College",womens-soccer,"NCAA D3","Heartland Collegiate Athletic Conference",Quakers,1,"Big Earl",#861F41,#FFFFFF,https://upload.wikimedia.org/wikipedia/commons/9/93/Earlham_College_wordmark.svg?utm_source=commons.wikimedia.org&utm_campaign=imageinfo&utm_content=original,"wikipedia:Earlham College",,,,,7.8,34.12
"East Carolina",womens-soccer,"NCAA D1",American,Pirates,1,"PeeDee the Pirate",,,https://upload.wikimedia.org/wikipedia/commons/d/d7/East_Carolina_University_logo.svg?utm_source=commons.wikimedia.org&utm_campaign=imageinfo&utm_content=original,"wikipedia:East Carolina University",,,,,,77.36
"East Central",womens-soccer,"NCAA D2","Great American Conference",Tigers,1,"Roary the Tiger",,,https://upload.wikimedia.org/wikipedia/commons/b/b6/East_central_univ_logo.png?utm_source=commons.wikimedia.org&utm_campaign=imageinfo&utm_content=original,"wikipedia:East Central University",,,,,,43.95
"East Stroudsburg",womens-soccer,"NCAA D2","Pennsylvania State Athletic Conference",Warriors,1,,#000000,#db0437,https://upload.wikimedia.org/wikipedia/commons/4/44/East_stroudsburg_univ_logo.png?utm_source=commons.wikimedia.org&utm_campaign=imageinfo&utm_content=original,"wikipedia:East Stroudsburg University",,,,,5.4,57.42
"East Tennessee State",womens-soccer,"NCAA D1",Southern,Buccaneers,1,Bucky,,,https://upload.wikimedia.org/wikipedia/commons/2/2c/East_Tennessee_State_University_logo.svg?utm_source=commons.wikimedia.org&utm_campaign=imageinfo&utm_content=original,"wikipedia:East Tennessee State University",,,,,,73.15
"East Texas A&M",womens-soccer,"NCAA D1",Southland,Lions,1,"The Lions",,,https://upload.wikimedia.org/wikipedia/en/3/31/East_Texas_A%26M_University_logo.svg?utm_source=en.wikipedia.org&utm_campaign=imageinfo&utm_content=original,"wikipedia:East Texas A&M University",,,,,,67.79
"East Texas Baptist University",womens-soccer,"NCAA D3","American Southwest Conference",Tigers,1,Tiger,#000080,#ecbc00,https://upload.wikimedia.org/wikipedia/commons/c/cd/Etbu_logo.png?utm_source=commons.wikimedia.org&utm_campaign=imageinfo&utm_content=original,athletics-domain:goetbutigers.com,"copied from this school's other row (East Texas Baptist), same division; that row's nickname was recovered from the school's own athletics site",,,,6.5,38.49
"Eastern Connecticut",womens-soccer,"NCAA D3",,,,,,,,,"Added for coaching-contact coverage; soccer_score/academic_rating are placeholders",,,,6.0,38.0
"Eastern Illinois",womens-soccer,"NCAA D1","Ohio Valley",Panthers,1,"Billy the Panther",#004C97,#75787B,https://upload.wikimedia.org/wikipedia/en/1/1f/Eastern_Illinois_University_logo.svg?utm_source=en.wikipedia.org&utm_campaign=imageinfo&utm_content=original,"wikipedia:Eastern Illinois University",,,,,4.3,65.06
"Eastern Kentucky",womens-soccer,"NCAA D1",UAC,Colonels,1,Colonels,#5E213B,#FFFFFF,https://upload.wikimedia.org/wikipedia/commons/5/59/Eastern_Kentucky_University_wordmark.svg?utm_source=commons.wikimedia.org&utm_campaign=imageinfo&utm_content=original,"wikipedia:Eastern Kentucky University",,,,,8.0,70.17
"Eastern Mennonite University",womens-soccer,"NCAA D3","Old Dominion Athletic Conference",Royals,1,"HeRM (His Royal Majesty) the Lion",,,https://upload.wikimedia.org/wikipedia/commons/2/29/Emu_virginia_logo.png?utm_source=commons.wikimedia.org&utm_campaign=imageinfo&utm_content=original,"wikipedia:Eastern Mennonite University",,,,,6.5,31.89
"Eastern Michigan",womens-soccer,"NCAA D1",MAC,Eagles,1,Swoop,,,https://upload.wikimedia.org/wikipedia/commons/9/9f/Eastern_Michigan_University_primary_wordmark.svg?utm_source=commons.wikimedia.org&utm_campaign=imageinfo&utm_content=original,"wikipedia:Eastern Michigan University",,,,,9.2,66.3
"Eastern New Mexico",womens-soccer,"NCAA D2","Lone Star Conference",Greyhounds,1,,#166904,#A7A9AC,https://upload.wikimedia.org/wikipedia/commons/5/5b/Enmu_wordmark_2024.png?utm_source=commons.wikimedia.org&utm_campaign=imageinfo&utm_content=original,"wikipedia:Eastern New Mexico University",,,,,5.4,44.56
"Eastern Oregon University",womens-soccer,NAIA,"Cascade Collegiate Conference",Mountaineers,1,"Monty the Mountaineer",#b68400,#002856,https://upload.wikimedia.org/wikipedia/commons/8/80/Eastern_oreg_univ_logo.png?utm_source=commons.wikimedia.org&utm_campaign=imageinfo&utm_content=original,"wikipedia:Eastern Oregon University",,,,,5.6,55.67
"Eastern University",womens-soccer,"NCAA D3","Middle Atlantic Conference (Commonwealth)",Panthers,1,"Billy the Panther",#004C97,#75787B,https://upload.wikimedia.org/wikipedia/en/1/1f/Eastern_Illinois_University_logo.svg?utm_source=en.wikipedia.org&utm_campaign=imageinfo&utm_content=original,"wikipedia:Eastern Illinois University",,,,,,41.53
"Eastern Washington",womens-soccer,"NCAA D1","Big Sky",Eagles,1,Swoop,#B7142E,,https://upload.wikimedia.org/wikipedia/en/7/75/Eastern_Washington_University_%28logo%29.svg?utm_source=en.wikipedia.org&utm_campaign=imageinfo&utm_content=original,"wikipedia:Eastern Washington University",,,,,8.9,66.24
Eckerd,womens-soccer,"NCAA D2","Sunshine State Conference",Tritons,1,,#008080,#000080,https://upload.wikimedia.org/wikipedia/commons/2/25/Eckerd_college_gulfcoast_logo.png?utm_source=commons.wikimedia.org&utm_campaign=imageinfo&utm_content=original,"wikipedia:Eckerd College",,,,,7.5,56.68
"Edgewood College",womens-soccer,"NCAA D3","Northern Athletics Collegiate Conference",Eagles,1,"Eddy the Eagle",#BB0000,#000000,,"wikipedia:Edgewood University",,,,,6.5,47.36
"Edward Waters",womens-soccer,"NCAA D2",Independent,Tigers,1,Tiger,,,https://upload.wikimedia.org/wikipedia/commons/8/8f/Ewu_logo_purple.png?utm_source=commons.wikimedia.org&utm_campaign=imageinfo&utm_content=original,"wikipedia:Edward Waters University",,,,,,53.26
"Elizabethtown College",womens-soccer,"NCAA D3","Landmark Conference","Blue Jays",1,,#0A2240,#3DB5E6,https://upload.wikimedia.org/wikipedia/commons/4/48/Elizabethtown_college_full_logo.png?utm_source=commons.wikimedia.org&utm_campaign=imageinfo&utm_content=original,"wikipedia:Elizabethtown College",,,,,6.5,41.35
"Elmhurst University",womens-soccer,"NCAA D3","College Conference of Illinois & Wisconsin",Bluejays,1,"Victor E. Bluejay",#102B58,#FFFFFF,https://upload.wikimedia.org/wikipedia/commons/c/c5/Elmhurst_University_logo.svg?utm_source=commons.wikimedia.org&utm_campaign=imageinfo&utm_content=original,"wikipedia:Elmhurst University",,,,,6.5,43.34
"Elmira College",womens-soccer,"NCAA D3","Empire 8",,,"Soaring Eagle",#3f1e6b,#f1cd44,https://upload.wikimedia.org/wikipedia/commons/4/46/Elmira_College_logo.svg?utm_source=commons.wikimedia.org&utm_campaign=imageinfo&utm_content=original,"wikipedia:Elmira College",,,,,6.5,32.53
Elms,womens-soccer,"NCAA D3",,,,,,,,,"Added for coaching-contact coverage; soccer_score/academic_rating are placeholders",,,,6.0,38.0
Elon,womens-soccer,"NCAA D1",CAA,Phoenix,0,Phoenix,#73000A,#B59A57,https://upload.wikimedia.org/wikipedia/en/7/7f/Elon_University_logo.svg?utm_source=en.wikipedia.org&utm_campaign=imageinfo&utm_content=original,"wikipedia:Elon University",,1,CAA,"wikipedia:2025 NCAA Division I women's soccer tournament",7.0,75.76
"Embry-Riddle Aeronautical University Prescott",womens-soccer,NAIA,"Great Southwest Athletic Conference",Eagles,1,"Ernie the Eagle",,,https://upload.wikimedia.org/wikipedia/commons/9/95/Embry-Riddle_Aeronautical_University_Prescott_Logo.png?utm_source=commons.wikimedia.org&utm_campaign=imageinfo&utm_content=original,"wikipedia:Embry–Riddle Aeronautical University, Prescott",,,,,,62.73
"Embry–Riddle Aeronautical",womens-soccer,"NCAA D2","Sunshine State Conference",Eagles,1,"Ernie the Eagle",,,https://upload.wikimedia.org/wikipedia/commons/8/86/ERAU.svg?utm_source=commons.wikimedia.org&utm_campaign=imageinfo&utm_content=original,"wikipedia:Embry–Riddle Aeronautical University",,,,,,62.35
"Emerson College",womens-soccer,"NCAA D3","New England Women's and Men's Athletic Conference",Lions,1,"Griff the Lion",#62259D,#FFD700,https://upload.wikimedia.org/wikipedia/commons/4/44/Emerson_college_mass_logo.png?utm_source=commons.wikimedia.org&utm_campaign=imageinfo&utm_content=original,"wikipedia:Emerson College",,,,,6.5,43.71
"Emmanuel (GA)",womens-soccer,"NCAA D2","Conference Carolinas",Lions,1,"The Lion",#132e52,#C41E3A,https://upload.wikimedia.org/wikipedia/commons/b/bd/Emmanuel_logo.png?utm_source=commons.wikimedia.org&utm_campaign=imageinfo&utm_content=original,"wikipedia:Emmanuel University",,,,,5.4,52.82
"Emory & Henry",womens-soccer,"NCAA D2","South Atlantic Conference",Wasps,1,Wasp,#1b3d75,#d5ad28,https://upload.wikimedia.org/wikipedia/commons/3/30/Emory_and_henry_univ_logo.png?utm_source=commons.wikimedia.org&utm_campaign=imageinfo&utm_content=original,"wikipedia:Emory & Henry University",,,,,5.4,53.43
"Emory University",womens-soccer,"NCAA D3","University Athletic Association",Eagles,1,"Swoop the Eagle / Dooley the Skeleton",#012169,#b58500,https://upload.wikimedia.org/wikipedia/en/8/8f/Emory_U_Logo.svg?utm_source=en.wikipedia.org&utm_campaign=imageinfo&utm_content=original,"wikipedia:Emory University",,,,,10.0,52.48
"Emporia State",womens-soccer,"NCAA D2","Mid-America Intercollegiate Athletics Association",Hornets,1,"Corky the Hornet",,,https://upload.wikimedia.org/wikipedia/commons/5/52/Emporia_State_University_wordmark.svg?utm_source=commons.wikimedia.org&utm_campaign=imageinfo&utm_content=original,"wikipedia:Emporia State University",,,,,,59.83
"Endicott College",womens-soccer,"NCAA D3","Conference of New England",Gulls,1,,#00325D,#007C57,https://upload.wikimedia.org/wikipedia/commons/1/11/Endicott_college_textlogo.png?utm_source=commons.wikimedia.org&utm_campaign=imageinfo&utm_content=original,"wikipedia:Endicott College",,,,,6.5,44.06
Erskine,womens-soccer,"NCAA D2","Conference Carolinas","Flying Fleet",0,,,,https://upload.wikimedia.org/wikipedia/commons/3/3d/Erskine_College_wordmark.svg?utm_source=commons.wikimedia.org&utm_campaign=imageinfo&utm_content=original,"wikipedia:Erskine College",,,,,5.4,41.08
"Eureka College",womens-soccer,"NCAA D3","St. Louis Intercollegiate Athletic Conference","Red Devils",1,,#862633,#AC8400,https://upload.wikimedia.org/wikipedia/commons/1/1e/Eureka_College_logo.svg?utm_source=commons.wikimedia.org&utm_campaign=imageinfo&utm_content=original,"wikipedia:Eureka College",,,,,6.5,32.21
"Evangel University",womens-soccer,NAIA,"Kansas Collegiate Athletic Conference",Valor,0,,,,https://upload.wikimedia.org/wikipedia/commons/1/1a/Evangel_University_logo.svg?utm_source=commons.wikimedia.org&utm_campaign=imageinfo&utm_content=original,"wikipedia:Evangel University",,,,,5.6,46.63
Evansville,womens-soccer,"NCAA D1","Missouri Valley","Purple Aces",1,"Ace Purple",#4C2683,#FFFFFF,,"wikipedia:University of Evansville",,,,,5.5,65.77
FDU-Florham,womens-soccer,"NCAA D3",,,,,,,,,"Added for coaching-contact coverage; soccer_score/academic_rating are placeholders",,,,6.0,38.0
FIU,womens-soccer,"NCAA D1",CUSA,Panthers,1,"Roary the Panther",#081E3F,#D1a644,https://upload.wikimedia.org/wikipedia/commons/7/76/Florida_International_University_logo.svg?utm_source=commons.wikimedia.org&utm_campaign=imageinfo&utm_content=original,"wikipedia:Florida International University",,,,,6.0,73.74
Fairfield,womens-soccer,"NCAA D1",Metro,Stags,1,"Lucas the Stag",#E0143E,#FFFFFF,https://upload.wikimedia.org/wikipedia/en/c/c7/Fairfield_University.svg?utm_source=en.wikipedia.org&utm_campaign=imageinfo&utm_content=original,"wikipedia:Fairfield University",,,,,7.0,83.29
"Fairleigh Dickinson",womens-soccer,"NCAA D1",NEC,Knights,1,"Knightro / Ian the Devil",#074C81,#9D1536,https://upload.wikimedia.org/wikipedia/en/7/74/Fairleigh_Dickinson_University_logo.svg?utm_source=en.wikipedia.org&utm_campaign=imageinfo&utm_content=original,"wikipedia:Fairleigh Dickinson University",,,,,4.5,68.75
"Fairleigh Dickinson University-Florham",womens-soccer,"NCAA D3","Middle Atlantic Conference (Freedom)",Knights,1,"Knightro / Ian the Devil",#074C81,#9D1536,https://upload.wikimedia.org/wikipedia/en/7/74/Fairleigh_Dickinson_University_logo.svg?utm_source=en.wikipedia.org&utm_campaign=imageinfo&utm_content=original,"wikipedia:Fairleigh Dickinson University",,,,,9.0,42.74
"Fairmont State",womens-soccer,"NCAA D2","Mountain East Conference",Falcons,1,Freddie,#860038,,https://upload.wikimedia.org/wikipedia/commons/0/03/Fairmont_State_University_wordmark.svg?utm_source=commons.wikimedia.org&utm_campaign=imageinfo&utm_content=original,"wikipedia:Fairmont State University",,1,MEC,agent-research:2025-womens-soccer,,65.08
"Farmingdale State College",womens-soccer,"NCAA D3","Skyline Conference",Rams,1,Ram-bo,#00493f,,https://upload.wikimedia.org/wikipedia/commons/1/1e/SUNY_Farmingdale_wordmark.svg?utm_source=commons.wikimedia.org&utm_campaign=imageinfo&utm_content=original,"wikipedia:Farmingdale State College",,,,,,41.53
"Faulkner University",womens-soccer,NAIA,"Southern States Athletic Conference",Eagles,1,,#0032a0,,https://upload.wikimedia.org/wikipedia/commons/e/e2/Faulkner_univ_textlogo.png?utm_source=commons.wikimedia.org&utm_campaign=imageinfo&utm_content=original,"wikipedia:Faulkner University",,,,,,45.22
Felician,womens-soccer,"NCAA D2","Central Atlantic Collegiate Conference","Golden Falcons",1,,,,https://upload.wikimedia.org/wikipedia/commons/f/f9/Felician_univ_logo.png?utm_source=commons.wikimedia.org&utm_campaign=imageinfo&utm_content=original,"wikipedia:Felician University",,,,,5.4,44.95
"Ferris State",womens-soccer,"NCAA D2","Great Lakes Intercollegiate Athletic Conference",Bulldogs,1,"Brutus the Bulldog",#BA0C2F,#FFD043,https://upload.wikimedia.org/wikipedia/commons/2/29/Ferris_State_University_logo.svg?utm_source=commons.wikimedia.org&utm_campaign=imageinfo&utm_content=original,"wikipedia:Ferris State University",,,,,,58.19
Ferrum,womens-soccer,"NCAA D2","Conference Carolinas",Panthers,1,Panther,#000000,#998744,https://upload.wikimedia.org/wikipedia/commons/2/23/Ferrum_college_logo.png?utm_source=commons.wikimedia.org&utm_campaign=imageinfo&utm_content=original,"wikipedia:Ferrum College",,,,,,58.17
Findlay,womens-soccer,"NCAA D2","Great Midwest Athletic Conference",Oilers,1,"Derrick the Oiler",#F47920,#414042,https://upload.wikimedia.org/wikipedia/en/9/96/University_of_Findlay_Academic_Logo.png?utm_source=en.wikipedia.org&utm_campaign=imageinfo&utm_content=original,"wikipedia:University of Findlay",,,,,5.4,63.69
"Fisher College",womens-soccer,NAIA,"Continental Athletic Conference",Falcons,1,Falcon,#0b233f,#a2aaac,,"wikipedia:Fisher College",,,,,,41.36
"Fitchburg State University",womens-soccer,"NCAA D3","Massachusetts State Collegiate Athletic Conference",Falcons,1,Falcon,#00563F,#E9AF2F,https://upload.wikimedia.org/wikipedia/commons/a/ac/Fichburg_st_univ_logo.png?utm_source=commons.wikimedia.org&utm_campaign=imageinfo&utm_content=original,"wikipedia:Fitchburg State University",,,,,6.2,33.95
Flagler,womens-soccer,"NCAA D2","Peach Belt Conference",Saints,1,,#a33038,#ffb608,https://upload.wikimedia.org/wikipedia/commons/d/d4/Flagler_College_wordmark_%28stacked%29.svg?utm_source=commons.wikimedia.org&utm_campaign=imageinfo&utm_content=original,"wikipedia:Flagler College",,,,,6.5,62.21
Florida,womens-soccer,"NCAA D1",SEC,Gators,1,"Albert and Alberta Gator",#FA4616,#0021A5,https://upload.wikimedia.org/wikipedia/commons/8/8e/University_of_Florida_logo.svg?utm_source=commons.wikimedia.org&utm_campaign=imageinfo&utm_content=original,"wikipedia:University of Florida",,,,,6.4,73.99
"Florida Atlantic",womens-soccer,"NCAA D1",American,Owls,1,,,,https://upload.wikimedia.org/wikipedia/commons/b/b3/Florida_Atlantic_University_logo.svg?utm_source=commons.wikimedia.org&utm_campaign=imageinfo&utm_content=original,"wikipedia:Florida Atlantic University",,,,,6.4,69.99
"Florida College",womens-soccer,NAIA,"Continental Athletic Conference",Falcons,1,,#df1731,,,"wikipedia:Florida College",,,,,,39.65
"Florida Gulf Coast",womens-soccer,"NCAA D1",ASUN,Eagles,1,"Azul the Eagle",#004785,#00794C,https://upload.wikimedia.org/wikipedia/en/8/89/Florida_gcu_logo.png?utm_source=en.wikipedia.org&utm_campaign=imageinfo&utm_content=original,"wikipedia:Florida Gulf Coast University",,,,,,77.82
"Florida Memorial University",womens-soccer,NAIA,"Sun Conference",Lions,1,,#1c3b7e,#f4881b,,"wikipedia:Florida Memorial University",,,,,4.7,45.78
"Florida National University",womens-soccer,NAIA,"Continental Athletic Conference",Conquistadors,1,,#b20738,#fddd70,,"wikipedia:Florida National University",,,,,,40.73
"Florida Southern",womens-soccer,"NCAA D2","Sunshine State Conference",Moccasins,1,"Water Moccasin",#FFFFFF,,https://upload.wikimedia.org/wikipedia/en/e/ea/Florida_Southern_College_logo.png?utm_source=en.wikipedia.org&utm_campaign=imageinfo&utm_content=original,"wikipedia:Florida Southern College",,,,,7.0,60.3
"Florida State",womens-soccer,"NCAA D1",ACC,Seminoles,1,"Osceola and Renegade / Cimarron",,,https://upload.wikimedia.org/wikipedia/commons/a/a2/Florida_State_University_logo.svg?utm_source=commons.wikimedia.org&utm_campaign=imageinfo&utm_content=original,"wikipedia:Florida State University",,,,,,100.0
"Florida Tech",womens-soccer,"NCAA D2","Sunshine State Conference",Panthers,1,"Pete the Panther",,,https://upload.wikimedia.org/wikipedia/commons/0/03/Florida_tech_star_wordmark.png?utm_source=commons.wikimedia.org&utm_campaign=imageinfo&utm_content=original,"wikipedia:Florida Institute of Technology",,,,,7.8,68.19
Fordham,womens-soccer,"NCAA D1","Atlantic 10",Rams,1,"The Ram",#900028,#FFFFFF,https://upload.wikimedia.org/wikipedia/commons/a/a0/Fordham_University_logo_2025.png?utm_source=commons.wikimedia.org&utm_campaign=imageinfo&utm_content=original,"wikipedia:Fordham University",,,,,8.2,71.65
"Fort Hays State",womens-soccer,"NCAA D2","Mid-America Intercollegiate Athletics Association",Tigers,1,"Victor E. Tiger",,,https://upload.wikimedia.org/wikipedia/en/9/9a/Fort_Hays_State_University_logo.svg?utm_source=en.wikipedia.org&utm_campaign=imageinfo&utm_content=original,"wikipedia:Fort Hays State University",,,,,5.3,55.69
"Fort Lewis",womens-soccer,"NCAA D2","Rocky Mountain Athletic Conference",Skyhawks,1,"Skyler the Skyhawk",#000066,#0066CC,https://upload.wikimedia.org/wikipedia/commons/d/df/Fort_lewis_college_simpletext.png?utm_source=commons.wikimedia.org&utm_campaign=imageinfo&utm_content=original,"wikipedia:Fort Lewis College",,,,,5.4,61.29
"Framingham State University",womens-soccer,"NCAA D3","Massachusetts State Collegiate Athletic Conference",Rams,1,"Sam the Ram",#EBAB00,#000000,https://upload.wikimedia.org/wikipedia/commons/4/4b/Framingham_st_univ_logo.png?utm_source=commons.wikimedia.org&utm_campaign=imageinfo&utm_content=original,"wikipedia:Framingham State University",,,,,6.2,32.7
"Francis Marion",womens-soccer,"NCAA D2","Conference Carolinas",Patriots,1,Patriot,#003882,#cf142b,https://upload.wikimedia.org/wikipedia/commons/4/46/Francis_marion_univ_full_logo.png?utm_source=commons.wikimedia.org&utm_campaign=imageinfo&utm_content=original,"wikipedia:Francis Marion University",,,,,5.4,60.2
"Franciscan University of Steubenville",womens-soccer,"NCAA D3","Presidents' Athletic Conference",Barons,1,"Baron von Steuben",#014421,#C4B454,https://upload.wikimedia.org/wikipedia/commons/8/85/Franciscan_univ_motto_logo.png?utm_source=commons.wikimedia.org&utm_campaign=imageinfo&utm_content=original,"wikipedia:Franciscan University of Steubenville",,,,,,38.84
"Franklin & Marshall College",womens-soccer,"NCAA D3","Centennial Conference",Diplomats,1,"Ben and John",#0035AD,#73CFFF,https://upload.wikimedia.org/wikipedia/commons/8/82/Franklin_marshall_college_logo.svg?utm_source=commons.wikimedia.org&utm_campaign=imageinfo&utm_content=original,"wikipedia:Franklin & Marshall College",,,,,9.3,47.26
"Franklin College",womens-soccer,"NCAA D3","Heartland Collegiate Athletic Conference",Grizzlies,1,,#000080,#CFB53B,https://upload.wikimedia.org/wikipedia/commons/3/32/Franklin_pierce_university_logo.png?utm_source=commons.wikimedia.org&utm_campaign=imageinfo&utm_content=original,"wikipedia:Franklin College (Indiana)","corrected from this school's men's row: had been matched to a different institution of a similar name (wikipedia:Franklin College (Indiana))",,,,6.5,32.27
"Franklin Pierce",womens-soccer,"NCAA D2","Northeast-10 Conference",Ravens,1,"Rocky the Raven",#6F1931,#6D6E71,https://upload.wikimedia.org/wikipedia/commons/3/32/Franklin_pierce_university_logo.png?utm_source=commons.wikimedia.org&utm_campaign=imageinfo&utm_content=original,"wikipedia:Franklin Pierce University",,,,,5.4,68.37
"Freed-Hardeman University",womens-soccer,NAIA,"Mid-South Conference",Lions,1,,#6f2d3d,#ffd700,,"wikipedia:Freed–Hardeman University",,,,,6.8,34.91
"Fresno Pacific",womens-soccer,"NCAA D2","California Collegiate Athletic Association",Sunbirds,1,Sunbird,,,https://upload.wikimedia.org/wikipedia/en/7/71/Fresno_pacific_log.png?utm_source=en.wikipedia.org&utm_campaign=imageinfo&utm_content=original,"wikipedia:Fresno Pacific University",,,,,5.4,49.26
"Fresno State",womens-soccer,"NCAA D1",Pac-12,Bulldogs,1,"Victor E. Bulldog",,,https://upload.wikimedia.org/wikipedia/commons/7/75/California_State_University%2C_Fresno_logo.svg?utm_source=commons.wikimedia.org&utm_campaign=imageinfo&utm_content=original,"wikipedia:California State University, Fresno",,,,,,67.71
"Friends University",womens-soccer,NAIA,"Kansas Collegiate Athletic Conference",Falcons,1,"Freddy Falcon",,,https://upload.wikimedia.org/wikipedia/commons/2/27/Friends_univ_textlogo.png?utm_source=commons.wikimedia.org&utm_campaign=imageinfo&utm_content=original,"wikipedia:Friends University",,,,,5.6,56.42
"Frostburg State",womens-soccer,"NCAA D2","Mountain East Conference",Bobcats,1,"Bob Cat",#f00,#000,https://upload.wikimedia.org/wikipedia/commons/e/e2/Frostburg_state_univ_textlogo.svg?utm_source=commons.wikimedia.org&utm_campaign=imageinfo&utm_content=original,"wikipedia:Frostburg State University",,,,,5.3,68.35
Furman,womens-soccer,"NCAA D1",Southern,Paladins,1,Paladin,#582C83,#FFFFFF,https://upload.wikimedia.org/wikipedia/en/3/34/Furman_Logo.png?utm_source=en.wikipedia.org&utm_campaign=imageinfo&utm_content=original,"wikipedia:Furman University",,,,,8.2,74.41
Gannon,womens-soccer,"NCAA D2","Pennsylvania State Athletic Conference","Golden Knights",1,"Victor E. Knight",#993333,#F9CF62,https://upload.wikimedia.org/wikipedia/commons/4/49/Gannon_university_logo.png?utm_source=commons.wikimedia.org&utm_campaign=imageinfo&utm_content=original,"wikipedia:Gannon University",,,,,6.2,70.21
Gardner-Webb,womens-soccer,"NCAA D1","Big South","Runnin' Bulldogs",1,"Mac and Lulu (costumed bulldogs) and Bo is the Live mascot",#A6192E,#231F20,https://upload.wikimedia.org/wikipedia/en/a/a9/Gardner-Webb_University_logo.svg?utm_source=en.wikipedia.org&utm_campaign=imageinfo&utm_content=original,"wikipedia:Gardner–Webb University",,,,,4.7,64.89
"Geneva College",womens-soccer,"NCAA D3","Presidents' Athletic Conference","Golden Tornadoes",1,"Turbo the Tornado",#C99A2C,#353535,https://upload.wikimedia.org/wikipedia/en/a/ab/Geneva_College_logo.svg?utm_source=en.wikipedia.org&utm_campaign=imageinfo&utm_content=original,"wikipedia:Geneva College",,,,,6.5,35.25
"George Fox University",womens-soccer,"NCAA D3","Northwest Conference",Bruins,1,,,,https://upload.wikimedia.org/wikipedia/commons/4/4c/George_fox_univ_fulllogo.png?utm_source=commons.wikimedia.org&utm_campaign=imageinfo&utm_content=original,"wikipedia:George Fox University",,,,,6.5,34.62
"George Mason",womens-soccer,"NCAA D1","Atlantic 10",Patriots,1,"The Patriot",#006633,#FFCC33,https://upload.wikimedia.org/wikipedia/en/3/38/George_Mason_University_Logo_2024.png?utm_source=en.wikipedia.org&utm_campaign=imageinfo&utm_content=original,"wikipedia:George Mason University",,,,,7.0,63.88
"George Washington",womens-soccer,"NCAA D1","Atlantic 10",Revolutionaries,1,George,#AA9868,#033C5A,https://upload.wikimedia.org/wikipedia/commons/d/da/George_Washington_University_wordmark.svg?utm_source=commons.wikimedia.org&utm_campaign=imageinfo&utm_content=original,"wikipedia:George Washington University",,,,,8.4,65.92
Georgetown,womens-soccer,"NCAA D1","Big East",Hoyas,1,"Jack the Bulldog",#041E42,#63666A,,"wikipedia:Georgetown University",,,,,9.3,88.02
"Georgetown College",womens-soccer,NAIA,"Mid-South Conference",Tigers,1,,#ff6600,,https://upload.wikimedia.org/wikipedia/commons/d/d8/Georgetown_college_ky_logo.png?utm_source=commons.wikimedia.org&utm_campaign=imageinfo&utm_content=original,"wikipedia:Georgetown College",,,,,,45.48
Georgia,womens-soccer,"NCAA D1",SEC,Bulldogs,1,"Uga XI (live English Bulldog)",,,https://upload.wikimedia.org/wikipedia/en/d/d0/University_of_Georgia_logo.svg?utm_source=en.wikipedia.org&utm_campaign=imageinfo&utm_content=original,"wikipedia:University of Georgia",,,,,6.1,85.59
"Georgia College",womens-soccer,"NCAA D2","Peach Belt Conference",Bobcats,1,"Thunder the Bobcat",#003399,#006633,,"wikipedia:Georgia College & State University",,,,,,56.38
"Georgia Gwinnett College",womens-soccer,NAIA,"Continental Athletic Conference",Grizzlies,1,"""General""",#006952,#a5acb0,https://upload.wikimedia.org/wikipedia/en/e/e3/Georgia_Gwinnett_College_logo.png?utm_source=en.wikipedia.org&utm_campaign=imageinfo&utm_content=original,"wikipedia:Georgia Gwinnett College",,1,CAC,agent-research:2025-womens-soccer,,49.09
"Georgia Southern",womens-soccer,"NCAA D1","Sun Belt",Eagles,1,,,,https://upload.wikimedia.org/wikipedia/en/2/2d/Georgia_Southern_University_logo.svg?utm_source=en.wikipedia.org&utm_campaign=imageinfo&utm_content=original,"wikipedia:Georgia Southern University",,,,,5.5,68.53
"Georgia Southwestern",womens-soccer,"NCAA D2","Peach Belt Conference",Hurricanes,1,"""Surge""",#00205b,#c69214,,"wikipedia:Georgia Southwestern State University",,,,,5.4,52.08
"Georgia State",womens-soccer,"NCAA D1","Sun Belt",Panthers,1,"Pounce the Blue Panther",,,https://upload.wikimedia.org/wikipedia/commons/6/6c/Georgia_State_University_Logo.svg?utm_source=commons.wikimedia.org&utm_campaign=imageinfo&utm_content=original,"wikipedia:Georgia State University",,,,,6.1,71.91
"Georgian Court",womens-soccer,"NCAA D2","Central Atlantic Collegiate Conference",Lions,1,"Roary the Lion",,,https://upload.wikimedia.org/wikipedia/commons/d/d2/Georgian_court_univ_logo.png?utm_source=commons.wikimedia.org&utm_campaign=imageinfo&utm_content=original,"wikipedia:Georgian Court University",,,,,5.4,55.63
"Gettysburg College",womens-soccer,"NCAA D3","Centennial Conference",Bullets,1,,#23336E,,https://upload.wikimedia.org/wikipedia/commons/4/4a/Gettysburg_College_Logo.svg?utm_source=commons.wikimedia.org&utm_campaign=imageinfo&utm_content=original,"wikipedia:Gettysburg College",,,,,8.8,37.67
"Glenville State",womens-soccer,"NCAA D2",,,,,,,,,"Added for coaching-contact coverage; soccer_score/academic_rating are placeholders",,,,6.0,48.0
Goldey-Beacom,womens-soccer,"NCAA D2","Central Atlantic Collegiate Conference",Lightning,0,Strike,#00214C,#E7D565,https://upload.wikimedia.org/wikipedia/commons/7/78/Goldey_beacom_college_logo.png?utm_source=commons.wikimedia.org&utm_campaign=imageinfo&utm_content=original,"wikipedia:Goldey–Beacom College",,,,,5.4,52.04
Gonzaga,womens-soccer,"NCAA D1",Pac-12,Bulldogs,1,"Spike the Bulldog",#06274F,#FFFFFF,https://upload.wikimedia.org/wikipedia/en/6/65/Gonzaga_University_Logo.svg?utm_source=en.wikipedia.org&utm_campaign=imageinfo&utm_content=original,"wikipedia:Gonzaga University",,,,,8.4,75.53
"Gordon College",womens-soccer,"NCAA D3","Conference of New England","Fighting Scots",1,"Scottish Lion Rampant",#003882,#FFFFFF,https://upload.wikimedia.org/wikipedia/commons/4/4b/Gordon_college_textlogo.png?utm_source=commons.wikimedia.org&utm_campaign=imageinfo&utm_content=original,"wikipedia:Gordon College (Massachusetts)",,,,,6.5,41.45
"Goshen College",womens-soccer,NAIA,"Crossroads League","Maple Leafs",1,"Black squirrel (Dash)",#49176d,,,"wikipedia:Goshen College",,,,,6.5,38.31
"Goucher College",womens-soccer,"NCAA D3","Landmark Conference",Gophers,1,Rowdy,#00214C,#E7D565,https://upload.wikimedia.org/wikipedia/commons/6/64/Goucher_College_Wordmark.svg?utm_source=commons.wikimedia.org&utm_campaign=imageinfo&utm_content=original,"wikipedia:Goucher College",,,,,6.5,31.74
"Governors State University",womens-soccer,NAIA,"Chicagoland Collegiate Athletic Conference",Jaguars,1,"Jax the Jaguar",#e97726,#231f20,,"wikipedia:Governors State University",,,,,,39.01
"Grace College",womens-soccer,NAIA,"Crossroads League",Lancers,1,,#a6101b,,,"wikipedia:Grace College & Seminary",,1,"Crossroads League",agent-research:2025-womens-soccer,5.6,56.35
"Graceland University",womens-soccer,NAIA,"Heart of America Athletic Conference",Yellowjackets,1,Sting,,,https://upload.wikimedia.org/wikipedia/commons/2/23/Graceland_University_wordmark.svg?utm_source=commons.wikimedia.org&utm_campaign=imageinfo&utm_content=original,"wikipedia:Graceland University",,,,,5.6,42.01
"Grambling State",womens-soccer,"NCAA D1",SWAC,Tigers,1,,#191919,#E5AE26,https://upload.wikimedia.org/wikipedia/en/1/11/Grambling_State_University_logo.svg?utm_source=en.wikipedia.org&utm_campaign=imageinfo&utm_content=original,"wikipedia:Grambling State University",,1,SWAC,"wikipedia:2025 NCAA Division I women's soccer tournament",,71.27
"Grand Canyon",womens-soccer,"NCAA D1","Mountain West",Antelopes,1,"Thunder the Antelope",,,https://upload.wikimedia.org/wikipedia/commons/3/34/Grand_Canyon_University_%28Redesigned%29.svg?utm_source=commons.wikimedia.org&utm_campaign=imageinfo&utm_content=original,"wikipedia:Grand Canyon University",,,,,6.0,75.6
"Grand Valley State",womens-soccer,"NCAA D2","Great Lakes Intercollegiate Athletic Conference",Lakers,1,"Louie the Laker",#0032A0,,,"wikipedia:Grand Valley State University",,1,GLIAC,agent-research:2025-womens-soccer,,70.85
"Grand View University",womens-soccer,NAIA,"Heart of America Athletic Conference",Vikings,1,"Viktor the Viking",#d21b36,,,"wikipedia:Grand View University",,,,,5.6,39.95
"Green Bay",womens-soccer,"NCAA D1",Horizon,Phoenix,0,"Phlash the Phoenix",#0F5640,#FFFFFF,https://upload.wikimedia.org/wikipedia/en/0/00/UW-Green_Bay_Logo_2018.svg?utm_source=en.wikipedia.org&utm_campaign=imageinfo&utm_content=original,"wikipedia:University of Wisconsin–Green Bay",,,,,5.0,65.36
"Greensboro College",womens-soccer,"NCAA D3","USA South Athletic Conference",,,"The Pride",,,https://upload.wikimedia.org/wikipedia/commons/d/d3/Greensboro_college_nc_logo.png?utm_source=commons.wikimedia.org&utm_campaign=imageinfo&utm_content=original,"wikipedia:Greensboro College",,,,,6.5,44.0
"Greenville University",womens-soccer,"NCAA D3","St. Louis Intercollegiate Athletic Conference",Panthers,1,"Hoguey Panther",,,https://upload.wikimedia.org/wikipedia/commons/5/59/Greenville_univ_textlogo.png?utm_source=commons.wikimedia.org&utm_campaign=imageinfo&utm_content=original,"wikipedia:Greenville University",,,,,6.5,45.19
"Grinnell College",womens-soccer,"NCAA D3","Midwest Conference",Pioneers,1,"Squirrel (unofficial)",,,https://upload.wikimedia.org/wikipedia/commons/e/e4/Grinnell_College_logo.svg?utm_source=commons.wikimedia.org&utm_campaign=imageinfo&utm_content=original,"wikipedia:Grinnell College",,,,,10.0,43.37
"Grove City College",womens-soccer,"NCAA D3","Presidents' Athletic Conference",Wolverines,1,"Willie the Wolverine",,,https://upload.wikimedia.org/wikipedia/commons/7/7a/Grove_city_college_penn_logo.png?utm_source=commons.wikimedia.org&utm_campaign=imageinfo&utm_content=original,"wikipedia:Grove City College",,1,PAC,agent-research:2025-womens-soccer,8.8,49.93
"Guilford College",womens-soccer,"NCAA D3","Old Dominion Athletic Conference",Quakers,1,"Nathan the Quaker",,,https://upload.wikimedia.org/wikipedia/commons/f/fa/Guilford_college_logo.png?utm_source=commons.wikimedia.org&utm_campaign=imageinfo&utm_content=original,"wikipedia:Guilford College",,,,,6.5,48.21
"Gustavus Adolphus College",womens-soccer,"NCAA D3","Minnesota Intercollegiate Athletic Conference","Golden Gusties",1,"Gus the Lion",#000000,#FFD700,https://upload.wikimedia.org/wikipedia/commons/e/e6/Gustavus_adolphus_college_minn_logo.png?utm_source=commons.wikimedia.org&utm_campaign=imageinfo&utm_content=original,"wikipedia:Gustavus Adolphus College",,,,,8.0,42.79
"Gwynedd Mercy University",womens-soccer,"NCAA D3","Atlantic East Conference",Griffins,1,M.E.R.V,#C1131E,#B28A00,https://upload.wikimedia.org/wikipedia/commons/9/97/Gmercy_u_logo.png?utm_source=commons.wikimedia.org&utm_campaign=imageinfo&utm_content=original,"wikipedia:Gwynedd Mercy University",,,,,6.5,39.85
"Hamilton College",womens-soccer,"NCAA D3","New England Small College Athletic Conference",Continentals,1,Alex,#002F86,#D6BA8B,https://upload.wikimedia.org/wikipedia/commons/3/35/Hamilton_College_logo.svg?utm_source=commons.wikimedia.org&utm_campaign=imageinfo&utm_content=original,"wikipedia:Hamilton College",,,,,10.0,43.57
"Hamline University",womens-soccer,"NCAA D3","Minnesota Intercollegiate Athletic Conference",Pipers,1,"The Piper",,,,"wikipedia:Hamline University",,,,,6.5,32.74
Hampton,womens-soccer,"NCAA D1",CAA,Pirates,1,,#00216E,,https://upload.wikimedia.org/wikipedia/en/4/41/Hampton_University_logo.png?utm_source=en.wikipedia.org&utm_campaign=imageinfo&utm_content=original,"wikipedia:Hampton University",,,,,,61.68
"Hannibal-LaGrange University",womens-soccer,NAIA,"American Midwest Conference",Trojans,1,Trojan,,,,"wikipedia:Hannibal–LaGrange University",,,,,5.6,42.18
"Hanover College",womens-soccer,"NCAA D3","Heartland Collegiate Athletic Conference",Panthers,1,Panther,#990000,#02324f,https://upload.wikimedia.org/wikipedia/commons/c/c7/Hanover_college_indiana_logo.svg?utm_source=commons.wikimedia.org&utm_campaign=imageinfo&utm_content=original,"wikipedia:Hanover College",,,,,6.5,47.59
"Hardin-Simmons University",womens-soccer,"NCAA D3","American Southwest Conference",,,Cowboy/Cowgirl,#581483,#ad841f,https://upload.wikimedia.org/wikipedia/commons/2/2a/Hardin_simmons_univ_textlogo.png?utm_source=commons.wikimedia.org&utm_campaign=imageinfo&utm_content=original,"wikipedia:Hardin–Simmons University",,1,ASC,agent-research:2025-womens-soccer,6.5,53.63
Harding,womens-soccer,"NCAA D2","Great American Conference",Bisons,1,,#000000,#EEB111,,"wikipedia:Harding University",,1,GAC,agent-research:2025-womens-soccer,6.8,55.48
"Harris-Stowe State University",womens-soccer,NAIA,"American Midwest Conference",Hornets,1,,,,https://upload.wikimedia.org/wikipedia/commons/3/36/Harris%E2%80%93Stowe_State_University_logo.png?utm_source=commons.wikimedia.org&utm_campaign=imageinfo&utm_content=original,"wikipedia:Harris–Stowe State University",,,,,,52.36
"Hartwick College",womens-soccer,"NCAA D3","Empire 8",Hawks,1,Swoop,#1560BD,#FFFFFF,,"wikipedia:Hartwick College",,,,,6.5,39.92
Harvard,womens-soccer,"NCAA D1","Ivy League",Crimson,0,"John Harvard",,,https://upload.wikimedia.org/wikipedia/commons/7/70/Harvard_University_logo.svg?utm_source=commons.wikimedia.org&utm_campaign=imageinfo&utm_content=original,"wikipedia:Harvard University",,,,,10.0,75.91
"Harvey Mudd College",womens-soccer,"NCAA D3","Southern California Intercollegiate Athletic Conference",Athenas,1,,#eaaa00,,https://upload.wikimedia.org/wikipedia/commons/9/95/Harvey_Mudd_College_logo.svg?utm_source=commons.wikimedia.org&utm_campaign=imageinfo&utm_content=original,"wikipedia:Harvey Mudd College",,,,,,47.66
"Hastings College",womens-soccer,NAIA,"Great Plains Athletic Conference",Broncos,1,,,,,"wikipedia:Hastings College",,1,GPAC,agent-research:2025-womens-soccer,5.6,60.53
"Haverford College",womens-soccer,"NCAA D3","Centennial Conference",Fords,1,"Black Squirrel",#981E32,,https://upload.wikimedia.org/wikipedia/en/4/41/Haverford_College_logo.svg?utm_source=en.wikipedia.org&utm_campaign=imageinfo&utm_content=original,"wikipedia:Haverford College",,,,,10.0,41.57
Hawaii,womens-soccer,"NCAA D1","Mountain West","Rainbow Wāhine",1,,#024731,#FFFFFF,,"wikipedia:University of Hawaiʻi at Mānoa",,,,,,69.86
"Hawaii Hilo",womens-soccer,"NCAA D2","Pacific West Conference",Vulcans,1,Vulcan,#DA291C,#000000,,"wikipedia:University of Hawaiʻi at Hilo","Cleared on audit: previous match (University of Hawaiʻi at Hilo) failed re-verification",,,,5.4,66.89
"Hawaii Pacific",womens-soccer,"NCAA D2","Pacific West Conference",Sharks,1,"Sharky the Shark",#007298,#50748A,https://upload.wikimedia.org/wikipedia/commons/9/9b/Hawaii_pacific_univ_logo.png?utm_source=commons.wikimedia.org&utm_campaign=imageinfo&utm_content=original,"wikipedia:Hawaii Pacific University",,,,,5.4,46.6
"Heidelberg University",womens-soccer,"NCAA D3","Ohio Athletic Conference",,,"The Student Prince",,,https://upload.wikimedia.org/wikipedia/en/b/bb/Heidelberg_University_%28Ohio%29_logo.svg?utm_source=en.wikipedia.org&utm_campaign=imageinfo&utm_content=original,"wikipedia:Heidelberg University (Ohio)",,,,,6.5,39.78
"Hendrix College",womens-soccer,"NCAA D3","Southern Collegiate Athletic Conference","The Warriors",1,"Altus the Warrior",,,https://upload.wikimedia.org/wikipedia/commons/8/8b/Hendrix_college_arkansas_logo.svg?utm_source=commons.wikimedia.org&utm_campaign=imageinfo&utm_content=original,"wikipedia:Hendrix College",,,,,6.5,41.8
"Hesston College",womens-soccer,NAIA,"Continental Athletic Conference",Larks,1,,#862633,#F2A900,https://upload.wikimedia.org/wikipedia/commons/d/d2/Hesston_College_Nameplate.png?utm_source=commons.wikimedia.org&utm_campaign=imageinfo&utm_content=original,"wikipedia:Hesston College",,,,,,42.59
"High Point",womens-soccer,"NCAA D1","Big South",Panthers,1,"Prowler the Panther",,,https://upload.wikimedia.org/wikipedia/en/1/10/High_Point_University_logo.png?utm_source=en.wikipedia.org&utm_campaign=imageinfo&utm_content=original,"wikipedia:High Point University",,1,"Big South","wikipedia:2025 NCAA Division I women's soccer tournament",6.3,68.97
"Hilbert College",womens-soccer,"NCAA D3","Allegheny Mountain Collegiate Conference",Hawks,1,"Bert the Hawk",#0071CE,#FFC629,https://upload.wikimedia.org/wikipedia/commons/f/f9/Hilbert_college_textlogo.png?utm_source=commons.wikimedia.org&utm_campaign=imageinfo&utm_content=original,"wikipedia:Hilbert College",,,,,6.5,35.93
"Hiram College",womens-soccer,"NCAA D3","Presidents' Athletic Conference",Terriers,1,,#032138,#7badd3,https://upload.wikimedia.org/wikipedia/commons/4/42/Hiram_college_ohio_logo.png?utm_source=commons.wikimedia.org&utm_campaign=imageinfo&utm_content=original,"wikipedia:Hiram College",,,,,6.5,31.27
"Hobart and William Smith Colleges",womens-soccer,"NCAA D3","Liberty League",Herons,1,,#FF6418,#472663,https://upload.wikimedia.org/wikipedia/en/0/02/Hobart_and_William_Smith_Colleges_shields_logo.png?utm_source=en.wikipedia.org&utm_campaign=imageinfo&utm_content=original,"wikipedia:Hobart and William Smith Colleges",,,,,10.0,52.32
Hofstra,womens-soccer,"NCAA D1",CAA,Pride,0,"Kate & Willie Pride",,,https://upload.wikimedia.org/wikipedia/commons/f/f5/Hofstra_University_logo_wide.svg?utm_source=commons.wikimedia.org&utm_campaign=imageinfo&utm_content=original,"wikipedia:Hofstra University",,,,,7.0,73.95
"Hollins University",womens-soccer,"NCAA D3","Old Dominion Athletic Conference",,,None,,,https://upload.wikimedia.org/wikipedia/commons/7/75/Hollins_univ_logogreen.png?utm_source=commons.wikimedia.org&utm_campaign=imageinfo&utm_content=original,"wikipedia:Hollins University",,,,,,33.5
"Holy Cross",womens-soccer,"NCAA D1",Patriot,Crusaders,1,,,,https://upload.wikimedia.org/wikipedia/en/f/f9/College_of_the_Holy_Cross_logo.svg?utm_source=en.wikipedia.org&utm_campaign=imageinfo&utm_content=original,"wikipedia:College of the Holy Cross",,,,,8.5,66.67
"Holy Cross College",womens-soccer,NAIA,"Chicagoland Collegiate Athletic Conference",Crusaders,1,,,,https://upload.wikimedia.org/wikipedia/en/f/f9/College_of_the_Holy_Cross_logo.svg?utm_source=en.wikipedia.org&utm_campaign=imageinfo&utm_content=original,"wikipedia:College of the Holy Cross",,,,,,47.94
"Holy Family",womens-soccer,"NCAA D2","Central Atlantic Collegiate Conference",Tigers,1,"Blue the Tiger",#004c97,#00a3e0,,"wikipedia:Holy Family University",,,,,5.4,50.98
"Hood College",womens-soccer,"NCAA D3","Middle Atlantic Conference (Commonwealth)",Blazers,1,Blaze,#005994,#b8afa3,https://upload.wikimedia.org/wikipedia/commons/e/e4/Hood_college_md_logo.png?utm_source=commons.wikimedia.org&utm_campaign=imageinfo&utm_content=original,"wikipedia:Hood College",,,,,6.5,34.72
"Hope College",womens-soccer,"NCAA D3","Michigan Intercollegiate Athletic Association","Flying Dutch",0,Dutch,,,https://upload.wikimedia.org/wikipedia/en/5/58/Hope_College_wordmark.svg?utm_source=en.wikipedia.org&utm_campaign=imageinfo&utm_content=original,"wikipedia:Hope College",,,,,8.5,49.62
"Hope International University",womens-soccer,NAIA,"Great Southwest Athletic Conference",Royals,1,Royals,#283794,#d1d2d4,,athletics-domain:hiuroyals.com,"nickname recovered from the school's own athletics hostname; its Wikipedia article states none. Confirmed by that site's title (""Hope International University - Official Athletics Website"").",,,,,56.09
"Houghton University",womens-soccer,"NCAA D3","Empire 8",Highlanders,1,,#1f145d,#b4a76c,https://upload.wikimedia.org/wikipedia/commons/b/b5/Houghton_univ_logotype.png?utm_source=commons.wikimedia.org&utm_campaign=imageinfo&utm_content=original,"wikipedia:Houghton University",,,,,6.5,42.15
Houston,womens-soccer,"NCAA D1","Big 12",Cougars,1,"Shasta and Sasha",#C8102E,#FFFFFF,https://upload.wikimedia.org/wikipedia/commons/d/db/University_of_Houston_full_logo.svg?utm_source=commons.wikimedia.org&utm_campaign=imageinfo&utm_content=original,"wikipedia:University of Houston",,,,,3.8,77.35
"Houston Christian",womens-soccer,"NCAA D1",Southland,Huskies,1,"Wakiza III (Live), Mingo (Animated)",#273A80,#F05123,https://upload.wikimedia.org/wikipedia/en/2/23/Houston_Christian_University_primary_logo.svg?utm_source=en.wikipedia.org&utm_campaign=imageinfo&utm_content=original,"wikipedia:Houston Christian University",,1,Southland,"wikipedia:2025 NCAA Division I women's soccer tournament",3.8,67.08
Howard,womens-soccer,"NCAA D1",NEC,Bison,0,Bison,#003A63,#E51937,https://upload.wikimedia.org/wikipedia/en/2/21/Howard_University_logo.svg?utm_source=en.wikipedia.org&utm_campaign=imageinfo&utm_content=original,"wikipedia:Howard University",,,,,6.8,70.16
"Howard Payne University",womens-soccer,"NCAA D3","American Southwest Conference","Yellow Jackets",1,,#003976,#FFD046,,"wikipedia:Howard Payne University",,,,,6.5,40.69
"Huntingdon College",womens-soccer,"NCAA D3","Collegiate Conference of the South",Hawks,1,Hawks,,,https://upload.wikimedia.org/wikipedia/commons/c/c3/Huntingdon_college_logo.png?utm_source=commons.wikimedia.org&utm_campaign=imageinfo&utm_content=original,athletics-domain:huntingdonhawks.com,"copied from this school's other row (Huntingdon), same division; that row's nickname was recovered from the school's own athletics site",,,,6.5,39.07
"Huntington University",womens-soccer,NAIA,"Crossroads League",Foresters,1,,#005244,,,"wikipedia:Huntington University (United States)",,,,,6.5,42.16
"Husson University",womens-soccer,"NCAA D3","North Atlantic Conference",Eagles,1,Baldwin,#004C45,#A89968,https://upload.wikimedia.org/wikipedia/commons/1/18/Husson_univ_logo.png?utm_source=commons.wikimedia.org&utm_campaign=imageinfo&utm_content=original,"wikipedia:Husson University",,,,,6.5,47.16
"Huston-Tillotson University",womens-soccer,NAIA,"HBCU Athletic Conference",Rams,1,,#762b27,#ffcb05,https://upload.wikimedia.org/wikipedia/en/d/d3/Huston-Tillotson_University_logo.png?utm_source=en.wikipedia.org&utm_campaign=imageinfo&utm_content=original,"wikipedia:Huston–Tillotson University",,,,,,44.11
"IU Indy",womens-soccer,"NCAA D1",Horizon,Jaguars,1,"Jawz, Jinx, and Jazzy",#fff,#7D110C,,"wikipedia:Indiana University Indianapolis",,,,,5.0,69.24
IUP,womens-soccer,"NCAA D2","Pennsylvania State Athletic Conference","Crimson Hawks",1,,,,https://upload.wikimedia.org/wikipedia/commons/2/20/IUP_logo.svg?utm_source=commons.wikimedia.org&utm_campaign=imageinfo&utm_content=original,"wikipedia:Indiana University of Pennsylvania",,,,,,62.96
Idaho,womens-soccer,"NCAA D1","Big Sky",Vandals,1,"Joe Vandal",,,https://upload.wikimedia.org/wikipedia/commons/a/ac/University_of_Idaho_logo.svg?utm_source=commons.wikimedia.org&utm_campaign=imageinfo&utm_content=original,"wikipedia:University of Idaho",,,,,,71.91
"Idaho State",womens-soccer,"NCAA D1","Big Sky",Bengals,1,"Benny the Bengal",,,https://upload.wikimedia.org/wikipedia/commons/0/0e/Idaho_State_University_logo.svg?utm_source=commons.wikimedia.org&utm_campaign=imageinfo&utm_content=original,"wikipedia:Idaho State University",,,,,,61.47
Illinois,womens-soccer,"NCAA D1","Big Ten","Fighting Illini",0,,,,https://upload.wikimedia.org/wikipedia/commons/a/a6/University_of_Illinois_at_Urbana-Champaign_Wordmark.svg?utm_source=commons.wikimedia.org&utm_campaign=imageinfo&utm_content=original,"wikipedia:University of Illinois Urbana-Champaign",,,,,4.3,83.19
"Illinois College",womens-soccer,"NCAA D3","Midwest Conference","Lady Blues",1,Blueboy,,,https://upload.wikimedia.org/wikipedia/commons/2/2f/Illinois_college_bluelogo.png?utm_source=commons.wikimedia.org&utm_campaign=imageinfo&utm_content=original,"wikipedia:Illinois College",,,,,6.6,41.25
"Illinois Institute of Technology",womens-soccer,"NCAA D3","Northern Athletics Collegiate Conference","Scarlet Hawks",1,"Talon the Hawk",#cc0000,#8c8984,https://upload.wikimedia.org/wikipedia/commons/9/9b/Illinois_tech_logo.png?utm_source=commons.wikimedia.org&utm_campaign=imageinfo&utm_content=original,"wikipedia:Illinois Institute of Technology",,1,NACC,agent-research:2025-womens-soccer,,56.74
"Illinois State",womens-soccer,"NCAA D1","Missouri Valley",Redbirds,1,"Reggie Redbird",#CE1126,#FFFFFF,https://upload.wikimedia.org/wikipedia/commons/e/eb/Illinois_State_University_logo.svg?utm_source=commons.wikimedia.org&utm_campaign=imageinfo&utm_content=original,"wikipedia:Illinois State University",,,,,,67.38
"Illinois Wesleyan University",womens-soccer,"NCAA D3","College Conference of Illinois & Wisconsin",Titans,1,,#006633,#FFFFFF,https://upload.wikimedia.org/wikipedia/commons/1/1e/Illinois_wesleyan_univ_logo_horiz.png?utm_source=commons.wikimedia.org&utm_campaign=imageinfo&utm_content=original,"wikipedia:Illinois Wesleyan University",,,,,8.5,37.94
"Immaculata University",womens-soccer,"NCAA D3","Atlantic East Conference","The Mighty Macs",1,"Mac the Scottish Terrier",,,https://upload.wikimedia.org/wikipedia/en/6/6b/Immaculata_University_logo.png?utm_source=en.wikipedia.org&utm_campaign=imageinfo&utm_content=original,"wikipedia:Immaculata University",,,,,6.5,33.74
"Incarnate Word",womens-soccer,"NCAA D1",Southland,Cardinals,1,"Red the Cardinal",,,https://upload.wikimedia.org/wikipedia/en/6/64/University_of_Incarnate_Word_logo.svg?utm_source=en.wikipedia.org&utm_campaign=imageinfo&utm_content=original,"wikipedia:University of the Incarnate Word",,,,,,64.91
Indiana,womens-soccer,"NCAA D1","Big Ten",Hoosiers,1,"Hoosier the Bison",#EDEBEB,#990000,https://upload.wikimedia.org/wikipedia/commons/7/7e/Indiana_University_logotype.svg?utm_source=commons.wikimedia.org&utm_campaign=imageinfo&utm_content=original,"wikipedia:Indiana University Bloomington",,,,,8.4,78.83
"Indiana Institute of Technology",womens-soccer,NAIA,"Wolverine-Hoosier Athletic Conference",Warriors,1,"Maximus the Warrior",#fa4616,,,"wikipedia:Indiana Institute of Technology",,,,,5.7,41.01
"Indiana State",womens-soccer,"NCAA D1","Missouri Valley",Sycamores,1,"Sycamore Sam",#0066B3,#FFFFFF,https://upload.wikimedia.org/wikipedia/commons/7/71/Indiana_State_University_logo.svg?utm_source=commons.wikimedia.org&utm_campaign=imageinfo&utm_content=original,"wikipedia:Indiana State University",,,,,8.4,69.96
"Indiana University Columbus",womens-soccer,NAIA,"River States Conference","Crimson Pride",0,Lion,#eceaea,#980000,,"wikipedia:Indiana University Columbus",,,,,,38.93
"Indiana University East",womens-soccer,NAIA,"River States Conference","Red Wolves",1,,#eceaea,#980000,,"wikipedia:Indiana University East",,,,,,48.98
"Indiana University Kokomo",womens-soccer,NAIA,"River States Conference",Cougars,1,,#eceaea,#980000,https://upload.wikimedia.org/wikipedia/commons/7/7b/Indiana_University_Kokomo_logo.png?utm_source=commons.wikimedia.org&utm_campaign=imageinfo&utm_content=original,"wikipedia:Indiana University Kokomo",,,,,,52.87
"Indiana University Northwest",womens-soccer,NAIA,"Chicagoland Collegiate Athletic Conference",RedHawks,1,"Rufus the RedHawk",#eceaea,#980000,,"wikipedia:Indiana University Northwest",,,,,,45.04
"Indiana University South Bend",womens-soccer,NAIA,"Chicagoland Collegiate Athletic Conference",Titans,1,Titus,#eceaea,#980000,,"wikipedia:Indiana University South Bend",,,,,,36.98
"Indiana Wesleyan University",womens-soccer,NAIA,"Crossroads League",Wildcats,1,"Wesley the Wildcat",#d21437,#666666,https://upload.wikimedia.org/wikipedia/commons/5/53/Masterlogo.png?utm_source=commons.wikimedia.org&utm_campaign=imageinfo&utm_content=original,"wikipedia:Indiana Wesleyan University",,,,,7.2,59.56
Indianapolis,womens-soccer,"NCAA D2","Great Lakes Valley Conference",Greyhounds,1,,#990033,#666666,https://upload.wikimedia.org/wikipedia/commons/a/ae/Uindy_logo_black_horiz.png?utm_source=commons.wikimedia.org&utm_campaign=imageinfo&utm_content=original,"wikipedia:University of Indianapolis",,,,,5.4,49.0
Iona,womens-soccer,"NCAA D1",Metro,Gaels,1,Killian,#910026,#FDB913,,"wikipedia:Iona University",,,,,6.0,65.55
Iowa,womens-soccer,"NCAA D1","Big Ten",Hawkeyes,1,"Herky the Hawk",,,,"wikipedia:University of Iowa",,,,,,88.88
"Iowa State",womens-soccer,"NCAA D1","Big 12",Cyclones,1,"Cy the Cardinal",#C8102E,#F1BE48,https://upload.wikimedia.org/wikipedia/commons/1/15/Iowa_State_University_wordmark.svg?utm_source=commons.wikimedia.org&utm_campaign=imageinfo&utm_content=original,"wikipedia:Iowa State University",,,,,,70.36
"Ithaca College",womens-soccer,"NCAA D3","Liberty League",Bombers,1,,#003B71,#FFBB00,https://upload.wikimedia.org/wikipedia/commons/d/d5/Ithaca_College_logo.svg?utm_source=commons.wikimedia.org&utm_campaign=imageinfo&utm_content=original,"wikipedia:Ithaca College",,,,,8.2,48.01
"Jackson State",womens-soccer,"NCAA D1",SWAC,Tigers,1,"Bengal Tiger",#000080,#FFFFFF,https://upload.wikimedia.org/wikipedia/commons/3/36/Jackson_State_University_logo.png?utm_source=commons.wikimedia.org&utm_campaign=imageinfo&utm_content=original,"wikipedia:Jackson State University",,,,,,66.97
Jacksonville,womens-soccer,"NCAA D1",ASUN,Dolphins,1,Nellie,#004d40,,https://upload.wikimedia.org/wikipedia/commons/9/90/Jacksonville_University_wordmark.svg?utm_source=commons.wikimedia.org&utm_campaign=imageinfo&utm_content=original,"wikipedia:Jacksonville University",,,,,5.8,68.84
"Jacksonville State",womens-soccer,"NCAA D1",CUSA,Gamecocks,1,,#CC0000,#FFFFFF,https://upload.wikimedia.org/wikipedia/commons/5/5c/Jacksonville_State_University_2023.png?utm_source=commons.wikimedia.org&utm_campaign=imageinfo&utm_content=original,"wikipedia:Jacksonville State University",,,,,5.8,67.74
"James Madison",womens-soccer,"NCAA D1","Sun Belt",Dukes,1,"Duke Dog",,,,"wikipedia:James Madison University",,,,,7.2,76.55
Jamestown,womens-soccer,"NCAA D2","Northern Sun Intercollegiate Conference",Jimmies,1,Jimmie,#f74902,,https://upload.wikimedia.org/wikipedia/commons/b/b9/UofJ_Logo_69-98%2Bk.jpg?utm_source=commons.wikimedia.org&utm_campaign=imageinfo&utm_content=original,"wikipedia:University of Jamestown",,,,,5.4,52.76
"Jarvis Christian University",womens-soccer,NAIA,"Red River Athletic Conference",Bulldogs,1,,#0033ab,#face48,,"wikipedia:Jarvis Christian University",,,,,,38.66
Jefferson,womens-soccer,"NCAA D2","Central Atlantic Collegiate Conference",Rams,1,"Phil the Ram",#152456,#59B7df,https://upload.wikimedia.org/wikipedia/en/0/0d/Thomas_Jefferson_University_logo.svg?utm_source=en.wikipedia.org&utm_campaign=imageinfo&utm_content=original,"wikipedia:Thomas Jefferson University",,,,,7.0,71.06
Jessup,womens-soccer,"NCAA D2","Pacific West Conference",Warriors,1,,#0f2c47,#00addb,https://upload.wikimedia.org/wikipedia/commons/e/e6/Jessup_univ_full_logo.png?utm_source=commons.wikimedia.org&utm_campaign=imageinfo&utm_content=original,"wikipedia:Jessup University",,,,,5.4,46.02
"John Brown University",womens-soccer,NAIA,"Sooner Athletic Conference","Golden Eagles",1,,#174d83,#f8c925,,"wikipedia:John Brown University",,1,Sooner,agent-research:2025-womens-soccer,7.5,59.97
"John Carroll University",womens-soccer,"NCAA D3","North Coast Athletic Conference","Blue Streaks",1,Lobo,,,https://upload.wikimedia.org/wikipedia/commons/5/53/Jcu_university_logo.png?utm_source=commons.wikimedia.org&utm_campaign=imageinfo&utm_content=original,"wikipedia:John Carroll University",,1,NCAC,agent-research:2025-womens-soccer,8.0,48.8
"Johns Hopkins University",womens-soccer,"NCAA D3","Centennial Conference","Blue Jays",1,"Blue Jay",#002D72,#68ACE5,https://upload.wikimedia.org/wikipedia/en/f/fb/Johns_Hopkins_University_logo.svg?utm_source=en.wikipedia.org&utm_campaign=imageinfo&utm_content=original,"wikipedia:Johns Hopkins University",,1,Centennial,agent-research:2025-womens-soccer,10.0,55.14
"Johnson & Wales University-Charlotte",womens-soccer,"NCAA D3","Coast-to-Coast Athletic Conference",Wildcats,1,"Wildcat Willie",#153683,#ffffff,https://upload.wikimedia.org/wikipedia/en/2/27/Johnson_%26_Wales_University_Logo.svg?utm_source=en.wikipedia.org&utm_campaign=imageinfo&utm_content=original,"wikipedia:Johnson & Wales University",,,,,,40.38
"Johnson & Wales University-Providence",womens-soccer,"NCAA D3","Conference of New England",Wildcats,1,"Wildcat Willie",#153683,#ffffff,https://upload.wikimedia.org/wikipedia/en/2/27/Johnson_%26_Wales_University_Logo.svg?utm_source=en.wikipedia.org&utm_campaign=imageinfo&utm_content=original,"wikipedia:Johnson & Wales University",,,,,,50.75
"Johnson University",womens-soccer,NAIA,"Appalachian Athletic Conference",Royals,1,,,,,"wikipedia:Johnson University",,,,,,45.32
"Judson University",womens-soccer,NAIA,"Chicagoland Collegiate Athletic Conference",Eagles,1,Eagle,#192851,#b3934a,,"wikipedia:Judson University",,,,,,46.03
"Juniata College",womens-soccer,"NCAA D3","Landmark Conference",,,Eagles,,,https://upload.wikimedia.org/wikipedia/en/e/ee/Juniata_College_logo.svg?utm_source=en.wikipedia.org&utm_campaign=imageinfo&utm_content=original,"wikipedia:Juniata College",,,,,8.0,36.5
"Kalamazoo College",womens-soccer,"NCAA D3","Michigan Intercollegiate Athletic Association",Hornets,1,Buzz,#e17000,,https://upload.wikimedia.org/wikipedia/commons/8/82/Kalamazoo_college_logo_stackleft.png?utm_source=commons.wikimedia.org&utm_campaign=imageinfo&utm_content=original,"wikipedia:Kalamazoo College",,,,,8.2,41.36
Kansas,womens-soccer,"NCAA D1","Big 12",Jayhawks,1,"Big Jay / Baby Jay / Jay Doc (Medical Center)",,,https://upload.wikimedia.org/wikipedia/commons/4/4c/University_of_Kansas_wordmark.svg?utm_source=commons.wikimedia.org&utm_campaign=imageinfo&utm_content=original,"wikipedia:University of Kansas",,,,,4.8,85.71
"Kansas City",womens-soccer,"NCAA D1",Summit,Roos,1,"Kasey the Kangaroo",#0066CC,#FFDD00,,"wikipedia:University of Missouri–Kansas City","corrected: had been matched to a different institution of a similar name; the school's own athletics domain implies ""Roos""",,,,5.8,65.65
"Kansas State",womens-soccer,"NCAA D1","Big 12",Wildcats,1,"Willie the Wildcat",#512888,,https://upload.wikimedia.org/wikipedia/commons/5/59/Kansas_State_University_wordmark.svg?utm_source=commons.wikimedia.org&utm_campaign=imageinfo&utm_content=original,"wikipedia:Kansas State University",,,,,,72.22
"Kansas Wesleyan University",womens-soccer,NAIA,"Kansas Collegiate Athletic Conference",Coyotes,1,,,,https://upload.wikimedia.org/wikipedia/en/5/54/Kansas_Wesleyan_University_logo.svg?utm_source=en.wikipedia.org&utm_campaign=imageinfo&utm_content=original,"wikipedia:Kansas Wesleyan University",,,,,5.6,53.58
"Kean University",womens-soccer,"NCAA D3","New Jersey Athletic Conference",Cougars,1,"Keanu the Cougar",#15293F,#3CAFF1,https://upload.wikimedia.org/wikipedia/commons/c/c7/Kean_univ_textlogo.png?utm_source=commons.wikimedia.org&utm_campaign=imageinfo&utm_content=original,"wikipedia:Kean University",,,,,6.5,38.49
"Keiser University",womens-soccer,NAIA,"Sun Conference",Seahawks,1,"The Keiser Seahawk",#0b295e,#017bc4,https://upload.wikimedia.org/wikipedia/commons/3/31/Keiser_univ_textlogo.png?utm_source=commons.wikimedia.org&utm_campaign=imageinfo&utm_content=original,"wikipedia:Keiser University",,,,,,62.71
"Kennesaw State",womens-soccer,"NCAA D1",CUSA,Owls,1,"Scrappy the Owl",#2D2926,#FFC629,https://upload.wikimedia.org/wikipedia/en/d/da/Kennesaw_State_University.svg?utm_source=en.wikipedia.org&utm_campaign=imageinfo&utm_content=original,"wikipedia:Kennesaw State University",,,,,,63.57
"Kent State",womens-soccer,"NCAA D1",MAC,"Golden Flashes",1,"Flash the Golden Eagle",#003976,#EBAB21,https://upload.wikimedia.org/wikipedia/commons/a/a9/Kent_State_University_logo.svg?utm_source=commons.wikimedia.org&utm_campaign=imageinfo&utm_content=original,"wikipedia:Kent State University",,,,,,72.97
Kentucky,womens-soccer,"NCAA D1",SEC,Wildcats,1,,,,https://upload.wikimedia.org/wikipedia/commons/c/c4/University_of_Kentucky_logo.svg?utm_source=commons.wikimedia.org&utm_campaign=imageinfo&utm_content=original,"wikipedia:University of Kentucky",,,,,8.0,86.58
"Kentucky Christian University",womens-soccer,NAIA,"River States Conference",,,"Knights and Lady Knights",#de002c,,,"wikipedia:Kentucky Christian University",,,,,5.4,34.56
"Kentucky Wesleyan",womens-soccer,"NCAA D2","Great Midwest Athletic Conference",Panthers,1,Panthers,,,https://upload.wikimedia.org/wikipedia/en/a/ae/Kentucky_Wesleyan_College_logo.png?utm_source=en.wikipedia.org&utm_campaign=imageinfo&utm_content=original,athletics-domain:kwcpanthers.com,"nickname recovered from the school's own athletics hostname; its Wikipedia article states none. Confirmed by that site's title (""Kentucky Wesleyan College Athletics - Official Athletics Website"").",,,,5.4,41.89
"Kenyon College",womens-soccer,"NCAA D3","North Coast Athletic Conference",,,,,,https://upload.wikimedia.org/wikipedia/commons/9/90/Kenyon_logotype_purple.png?utm_source=commons.wikimedia.org&utm_campaign=imageinfo&utm_content=original,"wikipedia:Kenyon College",,,,,9.5,40.24
"Keuka College",womens-soccer,"NCAA D3","Empire 8",Wolves,1,,,,https://upload.wikimedia.org/wikipedia/en/e/e7/Keuka_College_Logo-New.png?utm_source=en.wikipedia.org&utm_campaign=imageinfo&utm_content=original,"wikipedia:Keuka College",,,,,6.5,28.09
"Keystone College",womens-soccer,"NCAA D3","United East Conference",Giants,1,,,,https://upload.wikimedia.org/wikipedia/commons/0/08/KCLogo.png?utm_source=commons.wikimedia.org&utm_campaign=imageinfo&utm_content=original,"wikipedia:Keystone College",,,,,6.5,29.34
"King (TN)",womens-soccer,"NCAA D2","Conference Carolinas","The Tornado",0,"Twister the Lion",#1a428a,#cf102d,,"wikipedia:King University",,,,,5.4,48.4
"King's College",womens-soccer,"NCAA D3","Middle Atlantic Conference (Freedom)",Monarchs,1,"Leo the Lion",#AD1F2D,,https://upload.wikimedia.org/wikipedia/commons/e/e3/Kings_college_penn_textlogo.png?utm_source=commons.wikimedia.org&utm_campaign=imageinfo&utm_content=original,"wikipedia:King's College (Pennsylvania)",,,,,,35.76
"Knox College",womens-soccer,"NCAA D3","Midwest Conference",,,"Prairie Fire (nickname), Blaze (mascot)",#6c2dc7,#fdd017,https://upload.wikimedia.org/wikipedia/en/f/f7/Knox_College_Logo_%28Illinois%29.svg?utm_source=en.wikipedia.org&utm_campaign=imageinfo&utm_content=original,"wikipedia:Knox College (Illinois)",,,,,7.8,28.72
Kutztown,womens-soccer,"NCAA D2","Pennsylvania State Athletic Conference","Golden Bears",1,,#701931,#B6A268,https://upload.wikimedia.org/wikipedia/en/1/19/Kutztown_University_logo.png?utm_source=en.wikipedia.org&utm_campaign=imageinfo&utm_content=original,"wikipedia:Kutztown University",,,,,,65.22
LIU,womens-soccer,"NCAA D1",NEC,Sharks,1,,#69B3E7,#FFC72C,,"wikipedia:Long Island University",,,,,4.5,65.89
LSU,womens-soccer,"NCAA D1",SEC,Tigers,1,"Mike the Tiger",,,https://upload.wikimedia.org/wikipedia/commons/6/6a/Louisiana_State_University_%28logo%29.svg?utm_source=commons.wikimedia.org&utm_campaign=imageinfo&utm_content=original,"wikipedia:Louisiana State University",,1,SEC,"wikipedia:2025 NCAA Division I women's soccer tournament",,85.77
"LSU Alexandria",womens-soccer,NAIA,"Red River Athletic Conference",Generals,1,,#3f1a6f,#fdd023,https://upload.wikimedia.org/wikipedia/commons/9/99/Lsu_alexandria_primary_logo.png?utm_source=commons.wikimedia.org&utm_campaign=imageinfo&utm_content=original,"wikipedia:Louisiana State University of Alexandria",,,,,,55.19
"LSU Shreveport",womens-soccer,NAIA,"Red River Athletic Conference",Pilots,1,"Rev, the River Monster",#461d7c,#fdd023,https://upload.wikimedia.org/wikipedia/commons/f/f0/LSUShreveport_logo.png?utm_source=commons.wikimedia.org&utm_campaign=imageinfo&utm_content=original,"wikipedia:Louisiana State University Shreveport",,,,,,56.62
"La Roche University",womens-soccer,"NCAA D3","Allegheny Mountain Collegiate Conference",Redhawks,1,"Red Hawk",,,https://upload.wikimedia.org/wikipedia/commons/c/c7/La_roche_univ_logo.png?utm_source=commons.wikimedia.org&utm_campaign=imageinfo&utm_content=original,"wikipedia:La Roche University",,,,,6.5,39.25
"La Salle",womens-soccer,"NCAA D1","Atlantic 10",Explorers,1,"The Explorer",,,,"wikipedia:La Salle University",,,,,6.0,73.19
"La Sierra University",womens-soccer,NAIA,"Great Southwest Athletic Conference","Golden Eagles",1,"Golden Eagle",#00355f,#ead666,https://upload.wikimedia.org/wikipedia/en/5/50/La_Sierra_University_logo.svg?utm_source=en.wikipedia.org&utm_campaign=imageinfo&utm_content=original,"wikipedia:La Sierra University",,,,,,44.52
"LaGrange College",womens-soccer,"NCAA D3","Collegiate Conference of the South",Panthers,1,Panthers,,,https://upload.wikimedia.org/wikipedia/commons/e/e9/LaGrange_College_Wordmark.png?utm_source=commons.wikimedia.org&utm_campaign=imageinfo&utm_content=original,athletics-domain:lagrangepanthers.com,"nickname from the school's own athletics domain; neither the university nor the athletics Wikipedia article states one",,,,6.5,36.94
Lafayette,womens-soccer,"NCAA D1",Patriot,Leopards,1,,#822433,,https://upload.wikimedia.org/wikipedia/en/6/6c/University_of_Louisiana_at_Lafayette_logo.svg?utm_source=en.wikipedia.org&utm_campaign=imageinfo&utm_content=original,"wikipedia:Lafayette College","corrected: had been matched to a different institution of a similar name; the school's own athletics domain implies ""Leopards""",,,,8.4,67.66
"Lake Erie",womens-soccer,"NCAA D2","Great Midwest Athletic Conference",Storm,0,"Stormy the Cyclone",#004833,,,"wikipedia:Lake Erie College",,,,,5.4,49.86
"Lake Forest College",womens-soccer,"NCAA D3","Midwest Conference",Foresters,1,"Boomer the Bear",,,,"wikipedia:Lake Forest College",,1,MWC-D3,agent-research:2025-womens-soccer,8.2,54.36
"Lakeland University",womens-soccer,"NCAA D3","Northern Athletics Collegiate Conference",Muskies,1,Musko,#0c233f,#ffc62f,https://upload.wikimedia.org/wikipedia/commons/5/5e/Lakeland_univ_logo.png?utm_source=commons.wikimedia.org&utm_campaign=imageinfo&utm_content=original,"wikipedia:Lakeland University",,,,,6.5,31.01
Lamar,womens-soccer,"NCAA D1",Southland,Cardinals,1,"Big Red and LU",#DC0031,#FFFFFF,https://upload.wikimedia.org/wikipedia/commons/e/ef/Lamar_University_logo.svg?utm_source=commons.wikimedia.org&utm_campaign=imageinfo&utm_content=original,"wikipedia:Lamar University",,,,,,70.5
"Lancaster Bible College",womens-soccer,"NCAA D3","United East Conference",Chargers,1,,#cc2647,#000000,https://upload.wikimedia.org/wikipedia/commons/d/d9/Lancaster_bible_college_logo25.png?utm_source=commons.wikimedia.org&utm_campaign=imageinfo&utm_content=original,"wikipedia:Lancaster Bible College",,,,,5.7,44.35
Lander,womens-soccer,"NCAA D2","Peach Belt Conference",Bearcats,1,,,,https://upload.wikimedia.org/wikipedia/commons/2/2f/Lander_univ_textlogoooo.png?utm_source=commons.wikimedia.org&utm_campaign=imageinfo&utm_content=original,"wikipedia:Lander Bearcats","corrected: had been matched to a different institution of a similar name; the school's own athletics domain implies ""Bearcats""",,,,5.4,64.28
Lasell,womens-soccer,"NCAA D3",,,,,,,,,"Added for coaching-contact coverage; soccer_score/academic_rating are placeholders",,,,6.0,38.0
"Lawrence Technological University",womens-soccer,NAIA,"Wolverine-Hoosier Athletic Conference","Blue Devils",1,"Blue, the Blue Devil",#005fb8,,https://upload.wikimedia.org/wikipedia/commons/4/41/Logo_of_Lawrence_Technological_University.svg?utm_source=commons.wikimedia.org&utm_campaign=imageinfo&utm_content=original,"wikipedia:Lawrence Technological University",,,,,,46.9
"Lawrence University",womens-soccer,"NCAA D3","Midwest Conference",Vikings,1,,,,https://upload.wikimedia.org/wikipedia/en/2/24/Lawrence_University_of_Wisconsin_logo.svg?utm_source=en.wikipedia.org&utm_campaign=imageinfo&utm_content=original,"wikipedia:Lawrence University",,,,,8.8,45.62
"Le Moyne",womens-soccer,"NCAA D1",NEC,Dolphins,1,"Iggy the Dolphin",#CFB53B,,https://upload.wikimedia.org/wikipedia/commons/9/9c/Le_Moyne_College.svg?utm_source=commons.wikimedia.org&utm_campaign=imageinfo&utm_content=original,"wikipedia:Le Moyne College",,,,,5.3,58.46
"LeTourneau University",womens-soccer,"NCAA D3","Southern Collegiate Athletic Conference","Yellow Jackets",1,"Buzz the YellowJacket",#001e69,#f8b435,https://upload.wikimedia.org/wikipedia/commons/f/fc/Letourneau_univ_textlogo.png?utm_source=commons.wikimedia.org&utm_campaign=imageinfo&utm_content=original,"wikipedia:LeTourneau University",,,,,6.5,35.47
"Lebanon Valley College",womens-soccer,"NCAA D3","Middle Atlantic Conference (Freedom)","Flying Dutchmen",1,"Flying Dutchman",#00305C,#FFFFFF,https://upload.wikimedia.org/wikipedia/commons/e/e4/Lebanon_valley_college_penn_logo.png?utm_source=commons.wikimedia.org&utm_campaign=imageinfo&utm_content=original,"wikipedia:Lebanon Valley College",,,,,6.5,44.29
"Lee (TN)",womens-soccer,"NCAA D2","Gulf South Conference",Flames,1,Flames,,,https://upload.wikimedia.org/wikipedia/commons/d/dd/Lee_university_tenn_logo.png?utm_source=commons.wikimedia.org&utm_campaign=imageinfo&utm_content=original,"wikipedia:Lee University",,,,,6.8,65.15
Lees-McRae,womens-soccer,"NCAA D2","Conference Carolinas",Bobcats,1,"Wily the Bobcat",,,,"wikipedia:Lees–McRae College",,,,,5.4,57.31
Lehigh,womens-soccer,"NCAA D1",Patriot,"Mountain Hawks",1,"Clutch the Mountain Hawk",#663700,,https://upload.wikimedia.org/wikipedia/en/e/ef/LUwithShield-CMYK.svg?utm_source=en.wikipedia.org&utm_campaign=imageinfo&utm_content=original,"wikipedia:Lehigh University",,,,,8.6,66.3
Lenoir-Rhyne,womens-soccer,"NCAA D2","South Atlantic Conference",Bears,1,"Joe Bear",,,https://upload.wikimedia.org/wikipedia/commons/8/8c/Lenoir-Rhyne_University_logo.png?utm_source=commons.wikimedia.org&utm_campaign=imageinfo&utm_content=original,"wikipedia:Lenoir–Rhyne University",,,,,5.4,68.15
"Lesley University",womens-soccer,"NCAA D3","North Atlantic Conference",Lynx,0,,,,https://upload.wikimedia.org/wikipedia/commons/e/e0/Lesley_University_logo.svg?utm_source=commons.wikimedia.org&utm_campaign=imageinfo&utm_content=original,"wikipedia:Lesley University",,1,NAC,agent-research:2025-womens-soccer,6.5,43.54
Lewis,womens-soccer,"NCAA D2","Great Lakes Valley Conference",Flyers,1,,,,https://upload.wikimedia.org/wikipedia/commons/b/bf/Lewis_univ_logo.png?utm_source=commons.wikimedia.org&utm_campaign=imageinfo&utm_content=original,"wikipedia:Lewis University",,,,,5.4,54.39
"Lewis & Clark College",womens-soccer,"NCAA D3","Northwest Conference","River Otters",1,"River Otter",,,https://upload.wikimedia.org/wikipedia/commons/6/61/Lewis_clark_college_stacklogo.png?utm_source=commons.wikimedia.org&utm_campaign=imageinfo&utm_content=original,"wikipedia:Lewis & Clark College",,,,,8.5,33.32
Liberty,womens-soccer,"NCAA D1",CUSA,Flames,1,"Sparky the Eagle",,,,"wikipedia:Liberty University",,1,C-USA,"wikipedia:2025 NCAA Division I women's soccer tournament",6.0,82.71
"Life Pacific University",womens-soccer,NAIA,"Great Southwest Athletic Conference",Warriors,1,,#001a49,#ffce31,https://upload.wikimedia.org/wikipedia/en/0/07/Life_Pacific_University_%28logo%29.svg?utm_source=en.wikipedia.org&utm_campaign=imageinfo&utm_content=original,"wikipedia:Life Pacific University",,,,,,42.81
"Life University",womens-soccer,NAIA,"Southern States Athletic Conference","Running Eagles",1,,#164732,#97c93c,https://upload.wikimedia.org/wikipedia/commons/f/fc/Life_university_logo.png?utm_source=commons.wikimedia.org&utm_campaign=imageinfo&utm_content=original,"wikipedia:Life University",,,,,,59.66
"Lincoln (MO)",womens-soccer,"NCAA D2","Great Lakes Valley Conference",,,,,,,,"No usable Wikipedia infobox found for this name",,,,4.6,45.67
"Lincoln (PA)",womens-soccer,"NCAA D2","Central Atlantic Collegiate Conference",Lions,1,"Luther the Lincoln Lion",#FF7F00,#003366,https://upload.wikimedia.org/wikipedia/commons/e/e8/Lincoln-university-wordmark-trans.png?utm_source=commons.wikimedia.org&utm_campaign=imageinfo&utm_content=original,"wikipedia:Lincoln University (Pennsylvania)",,,,,,39.18
"Lincoln Memorial",womens-soccer,"NCAA D2","South Atlantic Conference",Railsplitters,1,Abe,#002d72,#bfbab5,https://upload.wikimedia.org/wikipedia/commons/4/4c/Logo_of_LMU_2023.svg?utm_source=commons.wikimedia.org&utm_campaign=imageinfo&utm_content=original,"wikipedia:Lincoln Memorial University",,,,,4.6,58.01
Lindenwood,womens-soccer,"NCAA D1","Ohio Valley",Lions,1,"Leo the Lion",,,https://upload.wikimedia.org/wikipedia/commons/c/c1/Lindenwood_University_logo.svg?utm_source=commons.wikimedia.org&utm_campaign=imageinfo&utm_content=original,"wikipedia:Lindenwood University",,,,,4.2,68.57
"Lindsey Wilson University",womens-soccer,NAIA,"Mid-South Conference","Blue Raiders",1,"Blue Raider Bob",#0050a3,,,"wikipedia:Lindsey Wilson University",,,,,5.8,46.77
"Linfield University",womens-soccer,"NCAA D3","Northwest Conference",Wildcats,1,"Mack the Wildcat",#441166,#DD1144,,"wikipedia:Linfield University",,,,,7.8,40.93
Lipscomb,womens-soccer,"NCAA D1",ASUN,Bisons,1,"Lou the Bison",#331E54,#F4AA00,https://upload.wikimedia.org/wikipedia/en/9/99/Lipscomb_Logo.svg?utm_source=en.wikipedia.org&utm_campaign=imageinfo&utm_content=original,"wikipedia:Lipscomb University",,1,ASUN,"wikipedia:2025 NCAA Division I women's soccer tournament",6.2,80.17
"Little Rock",womens-soccer,"NCAA D1",UAC,Trojans,1,,#6E2639,#A7A9AC,https://upload.wikimedia.org/wikipedia/en/a/a0/University_of_Arkansas_at_Little_Rock.svg?utm_source=en.wikipedia.org&utm_campaign=imageinfo&utm_content=original,"wikipedia:University of Arkansas at Little Rock",,,,,,68.16
"Long Beach State",womens-soccer,"NCAA D1","Big West",Beach,0,Elbee,#000000,#ECAA00,https://upload.wikimedia.org/wikipedia/commons/9/94/California_State_University%2C_Long_Beach.svg?utm_source=commons.wikimedia.org&utm_campaign=imageinfo&utm_content=original,"wikipedia:California State University, Long Beach",,,,,,69.97
Longwood,womens-soccer,"NCAA D1","Big South",Lancers,1,Elwood,,,https://upload.wikimedia.org/wikipedia/en/1/15/Longwood_University_logo.svg?utm_source=en.wikipedia.org&utm_campaign=imageinfo&utm_content=original,"wikipedia:Longwood University",,,,,5.0,69.08
"Loras College",womens-soccer,"NCAA D3","American Rivers Conference",Duhawks,1,Dewey,#442d7d,#d1b888,https://upload.wikimedia.org/wikipedia/commons/c/c0/Loras_College_wordmark.svg?utm_source=commons.wikimedia.org&utm_campaign=imageinfo&utm_content=original,"wikipedia:Loras College",,1,"American Rivers",agent-research:2025-womens-soccer,6.5,58.0
Louisiana,womens-soccer,"NCAA D1","Sun Belt","Ragin' Cajuns",1,,,,https://upload.wikimedia.org/wikipedia/en/6/6c/University_of_Louisiana_at_Lafayette_logo.svg?utm_source=en.wikipedia.org&utm_campaign=imageinfo&utm_content=original,"wikipedia:University of Louisiana at Lafayette",,,,,,70.17
"Louisiana Christian University",womens-soccer,NAIA,"Red River Athletic Conference",Wildcats,1,,#fa8a5c,#0038a8,https://upload.wikimedia.org/wikipedia/commons/1/1e/Louisiana_christian_univ_wordmark.png?utm_source=commons.wikimedia.org&utm_campaign=imageinfo&utm_content=original,"wikipedia:Louisiana Christian University",,,,,,55.13
"Louisiana Tech",womens-soccer,"NCAA D1","Sun Belt","Lady Techsters",1,"Champ & Tech",,,https://upload.wikimedia.org/wikipedia/commons/d/df/Louisiana_Tech_University_wordmark.png?utm_source=commons.wikimedia.org&utm_campaign=imageinfo&utm_content=original,"wikipedia:Louisiana Tech University",,,,,,63.93
Louisiana-Monroe,womens-soccer,"NCAA D1","Sun Belt",Warhawks,1,"Ace the Warhawk",,,https://upload.wikimedia.org/wikipedia/en/9/95/University_of_Louisiana_at_Monroe_logo.svg?utm_source=en.wikipedia.org&utm_campaign=imageinfo&utm_content=original,"wikipedia:University of Louisiana at Monroe",,,,,,77.21
Louisville,womens-soccer,"NCAA D1",ACC,Cardinals,1,"Louie the Cardinal",#AD0000,#000000,https://upload.wikimedia.org/wikipedia/en/7/7c/University_of_Louisville_logo.svg?utm_source=en.wikipedia.org&utm_campaign=imageinfo&utm_content=original,"wikipedia:University of Louisville",,,,,7.8,82.07
"Lourdes University",womens-soccer,NAIA,"Wolverine-Hoosier Athletic Conference",,,"Gray Wolves",#B94700,#000000,https://upload.wikimedia.org/wikipedia/commons/c/c5/Lourdes_univ_ohio_logo.png?utm_source=commons.wikimedia.org&utm_campaign=imageinfo&utm_content=original,"wikipedia:Lourdes University",,,,,,55.64
"Loyola (MD)",womens-soccer,"NCAA D1",Patriot,Greyhounds,1,,#0D4B34,#C8C8C8,https://upload.wikimedia.org/wikipedia/commons/e/ef/Loyola_University_Maryland_wordmark.svg?utm_source=commons.wikimedia.org&utm_campaign=imageinfo&utm_content=original,"wikipedia:Loyola University Maryland",,,,,,70.6
"Loyola Chicago",womens-soccer,"NCAA D1","Atlantic 10",Ramblers,1,"Lu Wolf",#8D0034,#FEBC18,https://upload.wikimedia.org/wikipedia/en/6/62/Loyola_University_Chicago_logo.svg?utm_source=en.wikipedia.org&utm_campaign=imageinfo&utm_content=original,"wikipedia:Loyola University Chicago",,,,,7.4,73.9
"Loyola Marymount",womens-soccer,"NCAA D1","West Coast",Lions,1,"Iggy the Lion",,,https://upload.wikimedia.org/wikipedia/en/e/e8/Loyola_Marymount_University_logo.png?utm_source=en.wikipedia.org&utm_campaign=imageinfo&utm_content=original,"wikipedia:Loyola Marymount University",,,,,8.3,74.43
"Lubbock Christian",womens-soccer,"NCAA D2","Lone Star Conference","Lady Chaps",1,Chaparral,#1a468d,,https://upload.wikimedia.org/wikipedia/commons/1/15/Lubbock_Christian_University_logo.svg?utm_source=commons.wikimedia.org&utm_campaign=imageinfo&utm_content=original,"wikipedia:Lubbock Christian University",,,,,5.5,57.76
"Luther College",womens-soccer,"NCAA D3","American Rivers Conference",Norse,0,,#005a9c,#ffffff,https://upload.wikimedia.org/wikipedia/commons/f/f4/Luther_college_logo.png?utm_source=commons.wikimedia.org&utm_campaign=imageinfo&utm_content=original,"wikipedia:Luther College (Iowa)",,,,,8.0,38.1
"Lycoming College",womens-soccer,"NCAA D3","Landmark Conference",Warriors,1,,#003366,#FF9900,https://upload.wikimedia.org/wikipedia/commons/4/41/Lycoming_college_logo.png?utm_source=commons.wikimedia.org&utm_campaign=imageinfo&utm_content=original,"wikipedia:Lycoming College",,,,,6.5,51.72
Lynn,womens-soccer,"NCAA D2","Sunshine State Conference","Fighting Knights",1,"Lance the Fighting Knight",#002366,#FFFFFF,https://upload.wikimedia.org/wikipedia/commons/1/18/Lynn_university_logo.png?utm_source=commons.wikimedia.org&utm_campaign=imageinfo&utm_content=original,"wikipedia:Lynn University",,,,,6.5,49.92
"Lyon College",womens-soccer,"NCAA D3","St. Louis Intercollegiate Athletic Conference",Scots,1,,#851c1a,#001632,https://upload.wikimedia.org/wikipedia/commons/3/3a/Lyon_college_textlogo.png?utm_source=commons.wikimedia.org&utm_campaign=imageinfo&utm_content=original,"wikipedia:Lyon College",,1,SLIAC,agent-research:2025-womens-soccer,6.6,32.31
"Macalester College",womens-soccer,"NCAA D3","Minnesota Intercollegiate Athletic Conference",Scots,1,"Coo the Highland Cow",#01426A,#D44420,https://upload.wikimedia.org/wikipedia/commons/8/8a/Macalester_College_Logo.png?utm_source=commons.wikimedia.org&utm_campaign=imageinfo&utm_content=original,"wikipedia:Macalester College",,,,,9.8,42.32
"Madonna University",womens-soccer,NAIA,"Wolverine-Hoosier Athletic Conference",Crusaders,1,"Cruzer the Crusader",#0067b1,#ffe412,,"wikipedia:Madonna University",,,,,,48.48
Maine,womens-soccer,"NCAA D1","America East","Black Bears",1,"Bananas T. Bear",,,https://upload.wikimedia.org/wikipedia/en/3/3a/University_of_Maine_logo.svg?utm_source=en.wikipedia.org&utm_campaign=imageinfo&utm_content=original,"wikipedia:University of Maine",,1,"America East","wikipedia:2025 NCAA Division I women's soccer tournament",,76.59
"Maine Maritime Academy",womens-soccer,"NCAA D3","North Atlantic Conference",Mariners,1,,#002F6C,#FFCD00,https://upload.wikimedia.org/wikipedia/commons/7/72/Maine_Maritime_Academy_wordmark.svg?utm_source=commons.wikimedia.org&utm_campaign=imageinfo&utm_content=original,"wikipedia:Maine Maritime Academy",,,,,6.5,45.99
Malone,womens-soccer,"NCAA D2","Great Midwest Athletic Conference",Pioneers,1,,,,,"wikipedia:Malone University",,,,,5.4,52.07
"Manchester University",womens-soccer,"NCAA D3","Heartland Collegiate Athletic Conference",Spartans,1,,,,,athletics-domain:muspartans.com,"copied from this school's other row (Manchester), same division; that row's nickname was recovered from the school's own athletics site",,,,6.5,25.66
Manhattan,womens-soccer,"NCAA D1",Metro,Jaspers,1,,#00703C,#FFFFFF,https://upload.wikimedia.org/wikipedia/en/7/71/Manhattan_College_logo.svg?utm_source=en.wikipedia.org&utm_campaign=imageinfo&utm_content=original,"wikipedia:Manhattan University",,,,,5.8,70.8
"Manhattanville University",womens-soccer,"NCAA D3","Skyline Conference",,,Valiant,#A1243F,#FFFFFF,https://upload.wikimedia.org/wikipedia/en/2/25/Manhattanville_College_logo.svg?utm_source=en.wikipedia.org&utm_campaign=imageinfo&utm_content=original,"wikipedia:Manhattanville University",,,,,6.5,39.25
"Maranatha Baptist University",womens-soccer,"NCAA D3",Independent,,,Sabercats,#081f3f,#eec314,,"wikipedia:Maranatha Baptist University",,,,,,33.54
"Marian University (IN)",womens-soccer,NAIA,"Crossroads League",Knights,1,Knightro,#001c44,#fdb813,https://upload.wikimedia.org/wikipedia/commons/7/75/Marian_University_Logo.png?utm_source=commons.wikimedia.org&utm_campaign=imageinfo&utm_content=original,"wikipedia:Marian University (Indiana)",,,,,,63.38
"Marian University (WI)",womens-soccer,"NCAA D3","Northern Athletics Collegiate Conference","The Sabres",1,"Sammy the Sabre",,,https://upload.wikimedia.org/wikipedia/commons/3/36/Marian_univ_wisconsin_logo.png?utm_source=commons.wikimedia.org&utm_campaign=imageinfo&utm_content=original,"wikipedia:Marian University (Wisconsin)",,,,,6.5,42.18
"Marietta College",womens-soccer,"NCAA D3","Ohio Athletic Conference",Pioneers,1,,,,https://upload.wikimedia.org/wikipedia/en/a/a7/Marietta_College_logo.svg?utm_source=en.wikipedia.org&utm_campaign=imageinfo&utm_content=original,"wikipedia:Marietta College",,,,,6.5,37.99
Marist,womens-soccer,"NCAA D1",Metro,"Red Foxes",1,"Red Fox",#C8102E,#FFFFFF,https://upload.wikimedia.org/wikipedia/commons/6/65/Marist_College_wordmark.svg?utm_source=commons.wikimedia.org&utm_campaign=imageinfo&utm_content=original,"wikipedia:Marist University",,,,,6.8,65.37
Marquette,womens-soccer,"NCAA D1","Big East","Golden Eagles",1,"Iggy the Golden Eagle",#003366,#FFCC00,https://upload.wikimedia.org/wikipedia/en/a/a2/Marquette_University.svg?utm_source=en.wikipedia.org&utm_campaign=imageinfo&utm_content=original,"wikipedia:Marquette University",,,,,8.4,72.35
"Mars Hill",womens-soccer,"NCAA D2","South Atlantic Conference",Lions,1,,#002d72,#90754d,https://upload.wikimedia.org/wikipedia/en/3/36/Mars_Hill_University_Seal.png?utm_source=en.wikipedia.org&utm_campaign=imageinfo&utm_content=original,"wikipedia:Mars Hill University",,,,,5.4,43.44
Marshall,womens-soccer,"NCAA D1","Sun Belt","Thundering Herd",0,"Marco the Bison",#00B140,#FFFFFF,https://upload.wikimedia.org/wikipedia/commons/5/51/Marshall_University_logo.svg?utm_source=commons.wikimedia.org&utm_campaign=imageinfo&utm_content=original,"wikipedia:Marshall University",,,,,5.8,69.15
"Martin Luther College",womens-soccer,"NCAA D3","Upper Midwest Athletic Conference",Knights,1,,,,https://upload.wikimedia.org/wikipedia/commons/e/e1/MLC-Logo.svg?utm_source=commons.wikimedia.org&utm_campaign=imageinfo&utm_content=original,"wikipedia:Martin Luther College",,,,,6.5,36.76
Mary,womens-soccer,"NCAA D2","Northern Sun Intercollegiate Conference",Marauders,1,Maximus,,,https://upload.wikimedia.org/wikipedia/commons/6/66/Univ_of_mary_blue_logo.png?utm_source=commons.wikimedia.org&utm_campaign=imageinfo&utm_content=original,"wikipedia:University of Mary",,,,,5.4,60.26
"Mary Baldwin University",womens-soccer,"NCAA D3","USA South Athletic Conference","Fighting Squirrels",1,"Baldwin the Fighting Squirrel and Gladys the Squirrel",,,https://upload.wikimedia.org/wikipedia/commons/d/d1/Mary_baldwin_univ_logo.png?utm_source=commons.wikimedia.org&utm_campaign=imageinfo&utm_content=original,"wikipedia:Mary Baldwin University",,,,,6.5,40.66
Maryland,womens-soccer,"NCAA D1","Big Ten",Terrapins,1,"Testudo the Terrapin",,,https://upload.wikimedia.org/wikipedia/commons/d/df/University_of_Maryland_wordmark.svg?utm_source=commons.wikimedia.org&utm_campaign=imageinfo&utm_content=original,"wikipedia:University of Maryland, College Park",,,,,8.8,70.89
"Marymount University",womens-soccer,"NCAA D3","Atlantic East Conference",Saints,1,"Bernie The Dog",#10069F,,https://upload.wikimedia.org/wikipedia/en/4/4f/Marymount_University.svg?utm_source=en.wikipedia.org&utm_campaign=imageinfo&utm_content=original,"wikipedia:Marymount University",,1,AEC,agent-research:2025-womens-soccer,,40.53
"Maryville (MO)",womens-soccer,"NCAA D2","Great Lakes Valley Conference",Saints,1,"""Louie"" the Saint Bernard<br>and ""LJ"" Louie Jr.",#C8102E,#000000,https://upload.wikimedia.org/wikipedia/commons/6/6f/Maryville_University.svg?utm_source=commons.wikimedia.org&utm_campaign=imageinfo&utm_content=original,"wikipedia:Maryville University",,,,,5.4,68.76
"Maryville College",womens-soccer,"NCAA D3","Collegiate Conference of the South",Scots,1,Scots,,,https://upload.wikimedia.org/wikipedia/commons/a/ad/Maryville_college_textlogo.png?utm_source=commons.wikimedia.org&utm_campaign=imageinfo&utm_content=original,"wikipedia:Maryville College",,,,,,48.69
"Marywood University",womens-soccer,"NCAA D3","Atlantic East Conference",Pacers,1,Pacers,,,https://upload.wikimedia.org/wikipedia/commons/f/ff/Marywood_univ_textlogo.png?utm_source=commons.wikimedia.org&utm_campaign=imageinfo&utm_content=original,"wikipedia:Marywood University",,,,,6.5,48.0
"Massachusetts College of Liberal Arts",womens-soccer,"NCAA D3","Massachusetts State Collegiate Athletic Conference",Trailblazers,1,"Murdock the Mountain Lion",#25408F,#FCB426,https://upload.wikimedia.org/wikipedia/commons/6/60/Mcla_college_logo.png?utm_source=commons.wikimedia.org&utm_campaign=imageinfo&utm_content=original,"wikipedia:Massachusetts College of Liberal Arts",,,,,6.6,32.05
"Massachusetts Institute of Technology",womens-soccer,"NCAA D3","New England Women's and Men's Athletic Conference",Engineers,1,"Tim the Beaver",,,https://upload.wikimedia.org/wikipedia/commons/b/b8/MIT_2023_red_logo.svg?utm_source=commons.wikimedia.org&utm_campaign=imageinfo&utm_content=original,"wikipedia:Massachusetts Institute of Technology",,1,NEWMAC,agent-research:2025-womens-soccer,,56.65
"Massachusetts Maritime Academy",womens-soccer,"NCAA D3","Massachusetts State Collegiate Athletic Conference",Buccaneers,1,,#002066,#d4af37,https://upload.wikimedia.org/wikipedia/commons/e/e3/Massachusetts_Maritime_Academy_logo.svg?utm_source=commons.wikimedia.org&utm_campaign=imageinfo&utm_content=original,"wikipedia:Massachusetts Maritime Academy",,,,,6.5,29.77
"McDaniel College",womens-soccer,"NCAA D3","Centennial Conference",,,"Green Terror",,,https://upload.wikimedia.org/wikipedia/commons/e/e8/Mcdaniel_college_logo.png?utm_source=commons.wikimedia.org&utm_campaign=imageinfo&utm_content=original,"wikipedia:McDaniel College",,,,,6.5,44.31
McKendree,womens-soccer,"NCAA D2","Great Lakes Valley Conference",Bearcats,1,Bogey,,,https://upload.wikimedia.org/wikipedia/commons/a/af/Mckendree_University_Logo.png?utm_source=commons.wikimedia.org&utm_campaign=imageinfo&utm_content=original,"wikipedia:McKendree University",,,,,5.4,69.32
"McMurry University",womens-soccer,"NCAA D3","Southern Collegiate Athletic Conference",,,"War Hawks",#6F1830,#FFFFFF,https://upload.wikimedia.org/wikipedia/commons/9/93/Mcmurry_univ_logo_horiz.png?utm_source=commons.wikimedia.org&utm_campaign=imageinfo&utm_content=original,"wikipedia:McMurry University",,1,SCAC,agent-research:2025-womens-soccer,6.5,46.2
McNeese,womens-soccer,"NCAA D1",Southland,Cowboys,1,Rowdy,#00529B,#FFD204,https://upload.wikimedia.org/wikipedia/commons/9/9d/McNeese_State_University_logo.svg?utm_source=commons.wikimedia.org&utm_campaign=imageinfo&utm_content=original,"wikipedia:McNeese State University",,,,,,62.74
"McPherson College",womens-soccer,NAIA,"Kansas Collegiate Athletic Conference",Bulldogs,1,"Ben the Bulldog",,,https://upload.wikimedia.org/wikipedia/commons/0/0e/McPherson_College_logo.png?utm_source=commons.wikimedia.org&utm_campaign=imageinfo&utm_content=original,"wikipedia:McPherson College",,,,,,40.39
Memphis,womens-soccer,"NCAA D1",American,Tigers,1,,#003087,#898D8D,https://upload.wikimedia.org/wikipedia/commons/e/e8/University_of_Memphis_wordmark.svg?utm_source=commons.wikimedia.org&utm_campaign=imageinfo&utm_content=original,"wikipedia:University of Memphis",,,,,6.5,90.01
Menlo,womens-soccer,"NCAA D2","California Collegiate Athletic Association",Oaks,1,,#00396f,#aaaaaa,,"wikipedia:Menlo College",,,,,5.4,50.39
Mercer,womens-soccer,"NCAA D1",Southern,Bears,1,,#222222,#F76800,https://upload.wikimedia.org/wikipedia/commons/d/d0/Mercer_University_logo.png?utm_source=commons.wikimedia.org&utm_campaign=imageinfo&utm_content=original,"wikipedia:Mercer University",,,,,6.6,75.57
Mercy,womens-soccer,"NCAA D2","East Coast Conference",Mavericks,1,"Maverick or Mav",,,https://upload.wikimedia.org/wikipedia/commons/4/49/Mercy_university_ny_logo.png?utm_source=commons.wikimedia.org&utm_campaign=imageinfo&utm_content=original,"wikipedia:Mercy University",,,,,5.4,64.6
Mercyhurst,womens-soccer,"NCAA D1",NEC,Lakers,1,"Luke the Laker",#125D55,#FFFFFF,https://upload.wikimedia.org/wikipedia/commons/9/95/Mercyhurst_logo_from_NCAA.svg?utm_source=commons.wikimedia.org&utm_campaign=imageinfo&utm_content=original,"wikipedia:Mercyhurst University",,,,,5.4,65.96
"Meredith College",womens-soccer,"NCAA D3","USA South Athletic Conference",,,"Avenging Angels",,,https://upload.wikimedia.org/wikipedia/commons/6/69/Meredith_college_nc_logo.png?utm_source=commons.wikimedia.org&utm_campaign=imageinfo&utm_content=original,"wikipedia:Meredith College",,,,,,36.82
Merrimack,womens-soccer,"NCAA D1",Metro,Warriors,1,"Mack the Warrior",#00337F,,https://upload.wikimedia.org/wikipedia/en/6/61/Merrimack_College_logo.svg?utm_source=en.wikipedia.org&utm_campaign=imageinfo&utm_content=original,"wikipedia:Merrimack College",,,,,6.0,69.1
"Messiah University",womens-soccer,"NCAA D3","Middle Atlantic Conference (Commonwealth)",Falcons,1,"Flex the Falcon",,,,"wikipedia:Messiah University",,1,"MAC Commonwealth",agent-research:2025-womens-soccer,8.0,57.71
"Methodist University",womens-soccer,"NCAA D3","USA South Athletic Conference",Monarchs,1,Lion,#00573C,#CBB676,https://upload.wikimedia.org/wikipedia/commons/f/fe/Methodist_University_png_logo.png?utm_source=commons.wikimedia.org&utm_campaign=imageinfo&utm_content=original,"wikipedia:Methodist University",,,,,6.5,46.26
"Metro State Denver",womens-soccer,"NCAA D2","Rocky Mountain Athletic Conference",Roadrunners,1,"Rowdy the Roadrunner",,,https://upload.wikimedia.org/wikipedia/en/1/16/Metropolitan_State_University_of_Denver_PNG_logo.png?utm_source=en.wikipedia.org&utm_campaign=imageinfo&utm_content=original,"wikipedia:Metropolitan State University of Denver",,,,,5.3,55.62
"Miami (FL)",womens-soccer,"NCAA D1",ACC,Hurricanes,1,"Sebastian the Ibis",#F47321,#FFFFFF,https://upload.wikimedia.org/wikipedia/commons/0/0a/University_of_Miami_logo.svg?utm_source=commons.wikimedia.org&utm_campaign=imageinfo&utm_content=original,"wikipedia:University of Miami",,,,,,74.33
"Miami (OH)",womens-soccer,"NCAA D1",MAC,,,,,,,,"No usable Wikipedia infobox found for this name",,,,,74.49
Michigan,womens-soccer,"NCAA D1","Big Ten",Wolverines,1,,,,https://upload.wikimedia.org/wikipedia/commons/c/c1/University_of_Michigan_logo.svg?utm_source=commons.wikimedia.org&utm_campaign=imageinfo&utm_content=original,"wikipedia:University of Michigan",,,,,9.2,73.99
"Michigan State",womens-soccer,"NCAA D1","Big Ten",Spartans,1,Sparty,#18453B,#FFFFFF,https://upload.wikimedia.org/wikipedia/commons/7/7a/Michigan_State_University_wordmark.svg?utm_source=commons.wikimedia.org&utm_campaign=imageinfo&utm_content=original,"wikipedia:Michigan State University",,,,,8.3,93.03
"Michigan Tech",womens-soccer,"NCAA D2","Great Lakes Intercollegiate Athletic Conference",Huskies,1,"Blizzard T. Husky",#8A8B8C,#FFCD00,https://upload.wikimedia.org/wikipedia/commons/1/14/Michigan_tech_univ_husky_logo.png?utm_source=commons.wikimedia.org&utm_campaign=imageinfo&utm_content=original,"wikipedia:Michigan Technological University",,,,,,49.27
"Mid-America Christian University",womens-soccer,NAIA,"Sooner Athletic Conference",Evangels,1,Evangel,,,,"wikipedia:Mid-America Christian University",,,,,,56.6
"MidAmerica Nazarene University",womens-soccer,NAIA,"Heart of America Athletic Conference",Pioneers,1,Pioneer,#D11242,#002D6A,https://upload.wikimedia.org/wikipedia/commons/1/1d/MNU_Logo_Full_Title_Hz.png?utm_source=commons.wikimedia.org&utm_campaign=imageinfo&utm_content=original,"wikipedia:MidAmerica Nazarene University",,,,,5.6,58.0
"Middle Georgia State",womens-soccer,"NCAA D2","Peach Belt Conference",Knights,1,Duke,#633393,#B0B6BB,https://upload.wikimedia.org/wikipedia/en/4/42/Middle_Georgia_State_University_logo.png?utm_source=en.wikipedia.org&utm_campaign=imageinfo&utm_content=original,"wikipedia:Middle Georgia State University",,,,,5.3,51.69
"Middle Tennessee",womens-soccer,"NCAA D1",CUSA,"Blue Raiders",1,Lightning,#0066CC,#ffffff,,"wikipedia:Middle Tennessee State University",,,,,,70.73
"Middlebury College",womens-soccer,"NCAA D3","New England Small College Athletic Conference",Panthers,1,Panther,,,https://upload.wikimedia.org/wikipedia/en/8/85/Middlebury_College_logo.svg?utm_source=en.wikipedia.org&utm_campaign=imageinfo&utm_content=original,"wikipedia:Middlebury College",,,,,10.0,47.91
"Midland University",womens-soccer,NAIA,"Great Plains Athletic Conference",Warriors,1,,#0e2240,#ee7421,https://upload.wikimedia.org/wikipedia/commons/3/30/Midland_University_logo_alt.png?utm_source=commons.wikimedia.org&utm_campaign=imageinfo&utm_content=original,"wikipedia:Midland University",,,,,5.6,45.53
"Midway University",womens-soccer,NAIA,"River States Conference",Eagles,1,Eagle,#1d4f91,#ffd24f,,"wikipedia:Midway University",,,,,5.6,44.95
"Midwestern State",womens-soccer,"NCAA D2","Lone Star Conference",Mustangs,1,"Maverick T. Mustang",#660000,#ECAC00,https://upload.wikimedia.org/wikipedia/commons/f/ff/Msu_texas_map_logo.png?utm_source=commons.wikimedia.org&utm_campaign=imageinfo&utm_content=original,"wikipedia:Midwestern State University",,,,,5.3,62.3
Millersville,womens-soccer,"NCAA D2","Pennsylvania State Athletic Conference",Marauders,1,"Millersville Marauder and Skully (Marauders)",#000000,#EEB211,https://upload.wikimedia.org/wikipedia/commons/5/55/Millersville_logo.svg?utm_source=commons.wikimedia.org&utm_campaign=imageinfo&utm_content=original,"wikipedia:Millersville University",,,,,5.4,55.28
"Milligan University",womens-soccer,NAIA,"Appalachian Athletic Conference",Buffaloes,1,,,,https://upload.wikimedia.org/wikipedia/commons/1/10/Milligan_University.png?utm_source=commons.wikimedia.org&utm_campaign=imageinfo&utm_content=original,"wikipedia:Milligan University",,,,,,51.45
"Millikin University",womens-soccer,"NCAA D3","College Conference of Illinois & Wisconsin","Big Blue",0,,,,,"wikipedia:Millikin University",,,,,6.5,41.68
"Millsaps College",womens-soccer,"NCAA D3","Southern Athletic Association",Majors,1,"The Millsaps Major",,,https://upload.wikimedia.org/wikipedia/commons/e/ef/Millsaps_College.png?utm_source=commons.wikimedia.org&utm_campaign=imageinfo&utm_content=original,"wikipedia:Millsaps College",,,,,8.0,28.16
Milwaukee,womens-soccer,"NCAA D1",Horizon,Panthers,1,"Pounce Panther",#000000,#FFBD00,https://upload.wikimedia.org/wikipedia/commons/b/bf/UWM-logo-2024.svg?utm_source=commons.wikimedia.org&utm_campaign=imageinfo&utm_content=original,"wikipedia:University of Wisconsin–Milwaukee",,1,Horizon,"wikipedia:2025 NCAA Division I women's soccer tournament",5.8,78.84
"Milwaukee School of Engineering",womens-soccer,"NCAA D3","Northern Athletics Collegiate Conference",Raiders,1,"Roscoe Raider",#bb092c,#ffffff,https://upload.wikimedia.org/wikipedia/commons/7/76/Milwaukee_School_of_Engineering_logo.svg?utm_source=commons.wikimedia.org&utm_campaign=imageinfo&utm_content=original,"wikipedia:Milwaukee School of Engineering",,,,,,51.73
Minnesota,womens-soccer,"NCAA D1","Big Ten","Golden Gophers",1,"Goldy Gopher",#7A0019,#FFCC33,https://upload.wikimedia.org/wikipedia/commons/6/6a/University_of_Minnesota_Logo.svg?utm_source=commons.wikimedia.org&utm_campaign=imageinfo&utm_content=original,"wikipedia:University of Minnesota",,,,,,82.61
"Minnesota Crookston",womens-soccer,"NCAA D2","Northern Sun Intercollegiate Conference","Golden Eagles",1,"Regal the Eagle",#7A0019,#FFCC33,https://upload.wikimedia.org/wikipedia/commons/f/f9/Minnesota_crookston_univ_wordmark.png?utm_source=commons.wikimedia.org&utm_campaign=imageinfo&utm_content=original,"wikipedia:University of Minnesota Crookston",,,,,,41.08
"Minnesota Duluth",womens-soccer,"NCAA D2","Northern Sun Intercollegiate Conference",Bulldogs,1,"Champ the Bulldog",#7A0019,#FFCC33,https://upload.wikimedia.org/wikipedia/commons/a/a2/Minn_duluth_logo_motto.png?utm_source=commons.wikimedia.org&utm_campaign=imageinfo&utm_content=original,"wikipedia:University of Minnesota Duluth",,,,,,51.26
"Minnesota State Mankato",womens-soccer,"NCAA D2","Northern Sun Intercollegiate Conference",Mavericks,1,Stomper,#480059,#F7E400,https://upload.wikimedia.org/wikipedia/commons/b/bf/Minnesota_state_univ_mankato_simple.png?utm_source=commons.wikimedia.org&utm_campaign=imageinfo&utm_content=original,"wikipedia:Minnesota State University, Mankato",,1,NSIC,agent-research:2025-womens-soccer,,70.07
"Minnesota State Moorhead",womens-soccer,"NCAA D2","Northern Sun Intercollegiate Conference",Dragons,1,,#A6192E,#FFFFFF,https://upload.wikimedia.org/wikipedia/commons/7/74/Minnesota_state_moorhead_univ_logo.svg?utm_source=commons.wikimedia.org&utm_campaign=imageinfo&utm_content=original,"wikipedia:Minnesota State University Moorhead",,,,,,42.75
"Minot State",womens-soccer,"NCAA D2","Northern Sun Intercollegiate Conference",Beavers,1,"Buckshot the Beaver",,,https://upload.wikimedia.org/wikipedia/commons/6/6a/Minot_State_University_Logo_-_Red.svg?utm_source=commons.wikimedia.org&utm_campaign=imageinfo&utm_content=original,"wikipedia:Minot State University",,,,,,60.08
"Misericordia University",womens-soccer,"NCAA D3","Middle Atlantic Conference (Freedom)",Cougars,1,"Archie McGrowl",#0067B1,#C4932A,https://upload.wikimedia.org/wikipedia/commons/c/cc/Misericordia_univ_textlogo.png?utm_source=commons.wikimedia.org&utm_campaign=imageinfo&utm_content=original,"wikipedia:Misericordia University",,,,,,55.44
"Mississippi Christian",womens-soccer,"NCAA D2","Gulf South Conference",Choctaws,1,,#0C2340,#C99700,https://upload.wikimedia.org/wikipedia/en/7/78/Mississppi_Christian_University_Primary_Logo.svg?utm_source=en.wikipedia.org&utm_campaign=imageinfo&utm_content=original,"wikipedia:Mississippi Christian University",,,,,,60.67
"Mississippi College",womens-soccer,"NCAA D2",,,,,,,,,"Added for coaching-contact coverage; soccer_score/academic_rating are placeholders",,,,6.0,48.0
"Mississippi State",womens-soccer,"NCAA D1",SEC,Bulldogs,1,"Bully the Bulldog",,,https://upload.wikimedia.org/wikipedia/commons/6/69/Mississippi_State_University_logo.svg?utm_source=commons.wikimedia.org&utm_campaign=imageinfo&utm_content=original,"wikipedia:Mississippi State University",,,,,,87.18
"Mississippi University for Women",womens-soccer,"NCAA D3","St. Louis Intercollegiate Athletic Conference",Owls,1,"Ody the Owl",#174074,#75B2DD,https://upload.wikimedia.org/wikipedia/commons/c/c8/Mississippi_univ_for_women_w_logo.png?utm_source=commons.wikimedia.org&utm_campaign=imageinfo&utm_content=original,"wikipedia:Mississippi University for Women",,,,,,32.39
Missouri,womens-soccer,"NCAA D1",SEC,Tigers,1,"Truman the Tiger",,,https://upload.wikimedia.org/wikipedia/commons/4/4a/University_of_Missouri_logo.svg?utm_source=commons.wikimedia.org&utm_campaign=imageinfo&utm_content=original,"wikipedia:University of Missouri",,,,,5.8,71.79
"Missouri Baptist University",womens-soccer,NAIA,"Heart of America Athletic Conference",Spartans,1,,#002144,,,"wikipedia:Missouri Baptist University",,,,,5.4,46.69
"Missouri S&T",womens-soccer,"NCAA D2","Great Lakes Valley Conference",Miners,1,"Joe Miner",#B3B4B2,#D9AB28,https://upload.wikimedia.org/wikipedia/commons/7/70/Missouri_st_logo_horiz.png?utm_source=commons.wikimedia.org&utm_campaign=imageinfo&utm_content=original,"wikipedia:Missouri University of Science and Technology",,,,,8.5,53.52
"Missouri Southern",womens-soccer,"NCAA D2","Mid-America Intercollegiate Athletics Association",Lions,1,"Roary the Lion",,,https://upload.wikimedia.org/wikipedia/en/5/57/Missouri_Southern_State_University_logo.svg?utm_source=en.wikipedia.org&utm_campaign=imageinfo&utm_content=original,"wikipedia:Missouri Southern State University",,,,,,40.95
"Missouri State",womens-soccer,"NCAA D1",CUSA,Bears,1,"Boomer Bear",#5E0009,,https://upload.wikimedia.org/wikipedia/commons/d/db/Missouri_State_University.svg?utm_source=commons.wikimedia.org&utm_campaign=imageinfo&utm_content=original,"wikipedia:Missouri State University",,,,,5.8,75.7
"Missouri Valley College",womens-soccer,NAIA,"Heart of America Athletic Conference",Vikings,1,,#6e1b70,#f09330,https://upload.wikimedia.org/wikipedia/en/3/39/MO_Valley_College_wordmark.png?utm_source=en.wikipedia.org&utm_campaign=imageinfo&utm_content=original,"wikipedia:Missouri Valley University",,1,Heart,agent-research:2025-womens-soccer,,61.26
"Missouri Western",womens-soccer,"NCAA D2","Mid-America Intercollegiate Athletics Association",Griffons,1,"Max the Griffon",,,https://upload.wikimedia.org/wikipedia/en/c/c7/Missouri_Western_State_University_logo.svg?utm_source=en.wikipedia.org&utm_campaign=imageinfo&utm_content=original,"wikipedia:Missouri Western State University",,1,MIAA,agent-research:2025-womens-soccer,,61.82
Mitchell,womens-soccer,"NCAA D3",,,,,,,,,"Added for coaching-contact coverage; soccer_score/academic_rating are placeholders",,,,6.0,38.0
Molloy,womens-soccer,"NCAA D2","East Coast Conference",Lions,1,"Victor E. Lion",#960423,#D6C173,https://upload.wikimedia.org/wikipedia/en/f/f7/Molloy_University_logo.png?utm_source=en.wikipedia.org&utm_campaign=imageinfo&utm_content=original,"wikipedia:Molloy University",,,,,5.4,65.37
Monmouth,womens-soccer,"NCAA D1",CAA,Hawks,1,"Shadow The Hawk",,,https://upload.wikimedia.org/wikipedia/en/f/f4/MonmouthUniversityLogo.svg?utm_source=en.wikipedia.org&utm_campaign=imageinfo&utm_content=original,"wikipedia:Monmouth University",,,,,6.0,78.56
"Monmouth College",womens-soccer,"NCAA D3","Midwest Conference","Fighting Scots",1,"Big Red",#a40c34,,https://upload.wikimedia.org/wikipedia/en/9/91/Monmouth_College_website_logo.png?utm_source=en.wikipedia.org&utm_campaign=imageinfo&utm_content=original,"wikipedia:Monmouth College",,,,,,38.28
Montana,womens-soccer,"NCAA D1","Big Sky","Lady Griz",0,Monte,#70002e,#6B6B6B,https://upload.wikimedia.org/wikipedia/commons/3/3d/University_of_Montana_logo_%282013%29.svg?utm_source=commons.wikimedia.org&utm_campaign=imageinfo&utm_content=original,"wikipedia:University of Montana",,1,"Big Sky","wikipedia:2025 NCAA Division I women's soccer tournament",,74.05
"Montana State Billings",womens-soccer,"NCAA D2","Great Northwest Athletic Conference",Yellowjackets,1,"Buzz the Yellowjacket",#17336d,#f7c02f,,"wikipedia:Montana State University Billings",,,,,5.3,47.34
"Montclair State University",womens-soccer,"NCAA D3","New Jersey Athletic Conference","Red Hawks",1,"Rocky the Red Hawk / (formerly, the Indians)",#D1190D,,https://upload.wikimedia.org/wikipedia/en/6/68/Montclair_State_University_logo.svg?utm_source=en.wikipedia.org&utm_campaign=imageinfo&utm_content=original,"wikipedia:Montclair State University",,1,NJAC,agent-research:2025-womens-soccer,6.2,50.99
Montevallo,womens-soccer,"NCAA D2","Gulf South Conference",Falcons,1,"Freddie the Falcon",#59118e,#ffc61e,https://upload.wikimedia.org/wikipedia/commons/a/a3/University_of_Montevallo_logo.svg?utm_source=commons.wikimedia.org&utm_campaign=imageinfo&utm_content=original,"wikipedia:University of Montevallo",,,,,5.4,64.7
"Montreat College",womens-soccer,NAIA,"Appalachian Athletic Conference",Cavaliers,1,"Calvin the Cavalier",,,https://upload.wikimedia.org/wikipedia/commons/2/29/Montreat_Logo_Full_Color.svg?utm_source=commons.wikimedia.org&utm_campaign=imageinfo&utm_content=original,"wikipedia:Montreat College",,,,,,50.5
"Moravian University",womens-soccer,"NCAA D3","Landmark Conference",Greyhounds,1,,,,https://upload.wikimedia.org/wikipedia/commons/3/38/Moravian-TwoLineWordmark-MoravianBlue.svg?utm_source=commons.wikimedia.org&utm_campaign=imageinfo&utm_content=original,"wikipedia:Moravian University",,,,,6.5,43.54
"Morehead State",womens-soccer,"NCAA D1","Ohio Valley",Eagles,1,Beaker,#005EB8,#FFCF00,https://upload.wikimedia.org/wikipedia/commons/c/cb/Morehead_State_University_logo.svg?utm_source=commons.wikimedia.org&utm_campaign=imageinfo&utm_content=original,"wikipedia:Morehead State University",,,,,,65.38
"Morningside University",womens-soccer,NAIA,"Great Plains Athletic Conference",Mustangs,1,"Monte the Mustang",#7e262c,,,"wikipedia:Morningside University",,,,,7.0,54.37
"Mount Aloysius College",womens-soccer,"NCAA D3","Allegheny Mountain Collegiate Conference",Mounties,1,"Mac the Mountie",#00539b,#f5f5f5,https://upload.wikimedia.org/wikipedia/en/d/dc/Mount_Aloysius_College_Horizontal_Logo.jpg?utm_source=en.wikipedia.org&utm_campaign=imageinfo&utm_content=original,"wikipedia:Mount Aloysius College",,,,,,35.63
"Mount Holyoke College",womens-soccer,"NCAA D3","New England Women's and Men's Athletic Conference",Lyons,1,"Paws the Lion (Official) / / Jorge the Goose (Unofficial)",,,https://upload.wikimedia.org/wikipedia/commons/8/8b/Mount_Holyoke_College_logo.svg?utm_source=commons.wikimedia.org&utm_campaign=imageinfo&utm_content=original,"wikipedia:Mount Holyoke College",,,,,,31.17
"Mount Marty University",womens-soccer,NAIA,"Great Plains Athletic Conference",Lancers,1,"Benedict The Lancer",#091f40,#fdb71a,,"wikipedia:Mount Marty University",,,,,,42.88
"Mount Mary University",womens-soccer,NAIA,"Chicagoland Collegiate Athletic Conference","Blue Angels",1,,#003f72,#ffffff,https://upload.wikimedia.org/wikipedia/en/4/4e/Mount_Mary_University_logo.png?utm_source=en.wikipedia.org&utm_campaign=imageinfo&utm_content=original,"wikipedia:Mount Mary University",,,,,,32.81
"Mount Mercy University",womens-soccer,NAIA,"Heart of America Athletic Conference",Mustangs,1,"Mustang Sally",#0a3255,#fed105,,"wikipedia:Mount Mercy University",,,,,5.6,41.74
"Mount Olive",womens-soccer,"NCAA D2","Conference Carolinas",Trojans,1,"Trojan (Official)",#00693E,,https://upload.wikimedia.org/wikipedia/commons/e/e3/Mountolive_univ_logo.png?utm_source=commons.wikimedia.org&utm_campaign=imageinfo&utm_content=original,"wikipedia:University of Mount Olive",,,,,5.4,53.55
"Mount Saint Mary College",womens-soccer,"NCAA D3","Skyline Conference",Knights,1,Knights,#004F94,,https://upload.wikimedia.org/wikipedia/commons/e/ec/Mount_st_mary_college_textlogo.png?utm_source=commons.wikimedia.org&utm_campaign=imageinfo&utm_content=original,athletics-domain:msmcknights.com,"nickname recovered from the school's own athletics hostname; its Wikipedia article states none. Confirmed by that site's title (""2027 HOF - Mount Saint Mary College Athletics - Official Athletics Website"").",,,,,37.75
"Mount St. Joseph University",womens-soccer,"NCAA D3","Heartland Collegiate Athletic Conference",Lions,1,Lion,,,https://upload.wikimedia.org/wikipedia/en/2/2d/Mount_St._Joseph_University_logo.svg?utm_source=en.wikipedia.org&utm_campaign=imageinfo&utm_content=original,"wikipedia:Mount St. Joseph University",,,,,6.5,46.58
"Mount St. Mary's",womens-soccer,"NCAA D1",Metro,Mountaineers,1,"Emmit S. Burg",#002855,#ffffff,https://upload.wikimedia.org/wikipedia/en/4/4a/Mount_St_Mary%27s_University_Logo.svg?utm_source=en.wikipedia.org&utm_campaign=imageinfo&utm_content=original,"wikipedia:Mount St. Mary's University (Maryland)",,,,,5.5,65.59
"Mount Vernon Nazarene University",womens-soccer,NAIA,"Crossroads League",Cougars,1,"Casey the Cougar",#006940,#00457a,https://upload.wikimedia.org/wikipedia/en/b/b6/Mvnulogo.png?utm_source=en.wikipedia.org&utm_campaign=imageinfo&utm_content=original,"wikipedia:Mount Vernon Nazarene University",,,,,5.6,47.54
"Muhlenberg College",womens-soccer,"NCAA D3","Centennial Conference",Mules,1,"Marti The Mule",#A41D36,#a2aaad,https://upload.wikimedia.org/wikipedia/commons/3/3c/Muhlenberg_college_full_logo.png?utm_source=commons.wikimedia.org&utm_campaign=imageinfo&utm_content=original,"wikipedia:Muhlenberg College",,,,,8.8,31.51
"Murray State",womens-soccer,"NCAA D1","Missouri Valley",Racers,1,"Racer One (live mascot) / Dunker (costumed)",,,https://upload.wikimedia.org/wikipedia/commons/d/d8/Murray_State_University_logo.svg?utm_source=commons.wikimedia.org&utm_campaign=imageinfo&utm_content=original,"wikipedia:Murray State University",,,,,,70.99
"Muskingum University",womens-soccer,"NCAA D3","Ohio Athletic Conference","Fighting Muskies",1,,#FF0090,,https://upload.wikimedia.org/wikipedia/commons/0/0c/Muskingum_univ_logo.png?utm_source=commons.wikimedia.org&utm_campaign=imageinfo&utm_content=original,"wikipedia:Muskingum University",,,,,6.5,29.95
"NC State",womens-soccer,"NCAA D1",ACC,Wolfpack,0,"Mr. Wuf & Mrs. Wuf",#CC0000,#FFFFFF,https://upload.wikimedia.org/wikipedia/commons/5/59/North_Carolina_State_University_logo.svg?utm_source=commons.wikimedia.org&utm_campaign=imageinfo&utm_content=original,"wikipedia:North Carolina State University",,,,,8.2,72.14
NJIT,womens-soccer,"NCAA D1","America East",Highlanders,1,"The Highlander",#CC0000,#FFFFFF,https://upload.wikimedia.org/wikipedia/commons/4/40/New_Jersey_IT_logo.svg?utm_source=commons.wikimedia.org&utm_campaign=imageinfo&utm_content=original,"wikipedia:New Jersey Institute of Technology",,,,,6.7,69.15
Navy,womens-soccer,"NCAA D1",Patriot,Midshipmen,1,,,,,athletics-domain:navysports.com,"confirmed on navysports.com (43 mentions); the Wikipedia article states no sports nickname",,,,8.3,72.74
"Nazareth University",womens-soccer,"NCAA D3","Empire 8","Golden Flyers",1,"Golden Flyer",#8666ab,#d4a66d,https://upload.wikimedia.org/wikipedia/commons/3/3f/Nazareth-university-logo_primary_RGB-purple.png?utm_source=commons.wikimedia.org&utm_campaign=imageinfo&utm_content=original,"wikipedia:Nazareth University",,,,,6.5,44.21
Nebraska,womens-soccer,"NCAA D1","Big Ten",Cornhuskers,1,"Herbie Husker / Lil' Red",,,https://upload.wikimedia.org/wikipedia/commons/7/70/University_of_Nebraska%E2%80%93Lincoln_logo.svg?utm_source=commons.wikimedia.org&utm_campaign=imageinfo&utm_content=original,"wikipedia:University of Nebraska–Lincoln",,,,,,83.98
"Nebraska Wesleyan University",womens-soccer,"NCAA D3","American Rivers Conference","Prairie Wolves",1,,#222222,#cdb95d,https://upload.wikimedia.org/wikipedia/commons/e/ec/Nwu_textlogo.png?utm_source=commons.wikimedia.org&utm_campaign=imageinfo&utm_content=original,"wikipedia:Nebraska Wesleyan University",,,,,6.5,35.19
"Nebraska at Kearney",womens-soccer,"NCAA D2","Mid-America Intercollegiate Athletics Association",Lopers,1,"Louie the Loper",,,https://upload.wikimedia.org/wikipedia/commons/0/0d/University_of_Nebraska_at_Kearney_logo.svg?utm_source=commons.wikimedia.org&utm_campaign=imageinfo&utm_content=original,"wikipedia:University of Nebraska at Kearney",,,,,,48.01
"Nelson University",womens-soccer,NAIA,"Sooner Athletic Conference",Lions,1,"Judah the Lion",#502d7f,#fdbb30,,"wikipedia:Nelson University",,,,,,48.83
"Neumann University",womens-soccer,"NCAA D3","Atlantic East Conference",Knights,1,Knight,#FFFFFF,,https://upload.wikimedia.org/wikipedia/commons/f/f0/Neumann_univ_logo.png?utm_source=commons.wikimedia.org&utm_campaign=imageinfo&utm_content=original,"wikipedia:Neumann University",,,,,,38.71
Nevada,womens-soccer,"NCAA D1","Mountain West","Wolf Pack",0,"Alphie / Wolfie Jr. / Luna",#041E42,#74767B,https://upload.wikimedia.org/wikipedia/commons/c/c7/University_of_Nevada%2C_Reno_logo.svg?utm_source=commons.wikimedia.org&utm_campaign=imageinfo&utm_content=original,"wikipedia:University of Nevada, Reno",,,,,,62.7
"New College of Florida",womens-soccer,NAIA,"Sun Conference","Mighty Banyans",1,"The Mighty Banyan (since 2023)",,,,"wikipedia:New College of Florida",,,,,,39.69
"New Hampshire",womens-soccer,"NCAA D1","America East",Wildcats,1,"Wild E. Cat and Gnarlz",,,https://upload.wikimedia.org/wikipedia/commons/6/65/University_of_New_Hampshire_logo.svg?utm_source=commons.wikimedia.org&utm_campaign=imageinfo&utm_content=original,"wikipedia:University of New Hampshire",,,,,6.8,72.94
"New Haven",womens-soccer,"NCAA D1",NEC,Chargers,1,"Charlie the Charger",#003366,#FFCC33,https://upload.wikimedia.org/wikipedia/commons/0/0b/University_of_New_Haven_logo.png?utm_source=commons.wikimedia.org&utm_campaign=imageinfo&utm_content=original,"wikipedia:University of New Haven",,,,,6.3,58.06
"New Jersey City University",womens-soccer,"NCAA D3","New Jersey Athletic Conference","Gothic Knights",1,,#15293F,#115740,,"wikipedia:Kean Jersey City",,,,,6.5,39.44
"New Mexico",womens-soccer,"NCAA D1","Mountain West",Lobos,1,"Lobo Louie & Lobo Lucy",,,https://upload.wikimedia.org/wikipedia/commons/9/9d/University_of_New_Mexico_logo.svg?utm_source=commons.wikimedia.org&utm_campaign=imageinfo&utm_content=original,"wikipedia:University of New Mexico",,,,,,72.19
"New Mexico Highlands",womens-soccer,"NCAA D2","Rocky Mountain Athletic Conference",Cowboys,1,,,,https://upload.wikimedia.org/wikipedia/commons/f/fb/Newmexico_highlands_univ_logo.png?utm_source=commons.wikimedia.org&utm_campaign=imageinfo&utm_content=original,"wikipedia:New Mexico Highlands University",,,,,,38.32
"New Mexico State",womens-soccer,"NCAA D1",CUSA,Aggies,1,"Pistol Pete",#8C0B42,#FFFFFF,https://upload.wikimedia.org/wikipedia/commons/6/6b/New_Mexico_State_University_logo.svg?utm_source=commons.wikimedia.org&utm_campaign=imageinfo&utm_content=original,"wikipedia:New Mexico State University",,,,,,71.07
"New York University",womens-soccer,"NCAA D3","University Athletic Association",Violets,1,Bobcat,#57068C,#FFFFFF,https://upload.wikimedia.org/wikipedia/en/5/58/NYU_logo.svg?utm_source=en.wikipedia.org&utm_campaign=imageinfo&utm_content=original,"wikipedia:New York University",,,,,9.8,48.12
Newberry,womens-soccer,"NCAA D2","South Atlantic Conference",Wolves,1,,,,https://upload.wikimedia.org/wikipedia/en/0/0e/Logo_of_Newberry_College.png?utm_source=en.wikipedia.org&utm_campaign=imageinfo&utm_content=original,"wikipedia:Newberry College",,,,,5.4,52.47
Newman,womens-soccer,"NCAA D2","Mid-America Intercollegiate Athletics Association",Jets,1,"Johnny Jet",,,https://upload.wikimedia.org/wikipedia/commons/9/92/Newman_University%2C_Wichita_logo.svg?utm_source=commons.wikimedia.org&utm_campaign=imageinfo&utm_content=original,"wikipedia:Newman University (Kansas)",,,,,5.4,38.93
Niagara,womens-soccer,"NCAA D1",Metro,"Purple Eagles",1,Monte,#582C83,#FFFFFF,https://upload.wikimedia.org/wikipedia/en/2/26/Niagara_University_wordmark.svg?utm_source=en.wikipedia.org&utm_campaign=imageinfo&utm_content=original,"wikipedia:Niagara University",,,,,5.5,68.92
Nicholls,womens-soccer,"NCAA D1",Southland,Colonels,1,,#A6192E,#7C858C,https://upload.wikimedia.org/wikipedia/commons/5/5a/Nicholls_State_University_logo.png?utm_source=commons.wikimedia.org&utm_campaign=imageinfo&utm_content=original,"wikipedia:Nicholls State University",,,,,,58.25
"Nichols College",womens-soccer,"NCAA D3","Conference of New England",Bison,0,,#000000,#006E5C,https://upload.wikimedia.org/wikipedia/commons/4/48/Nichols-college-logo.png?utm_source=commons.wikimedia.org&utm_campaign=imageinfo&utm_content=original,"wikipedia:Nichols College",,,,,6.5,30.15
"North Alabama",womens-soccer,"NCAA D1",UAC,Lions,1,"Leo & Una",,,https://upload.wikimedia.org/wikipedia/en/f/fd/University_of_North_Alabama_logo.svg?utm_source=en.wikipedia.org&utm_campaign=imageinfo&utm_content=original,"wikipedia:University of North Alabama",,,,,,66.68
"North American University",womens-soccer,NAIA,"Red River Athletic Conference",Stallions,1,Stallion,#002d74,#d9d8d6,,"wikipedia:North American University",,,,,,34.65
"North Carolina",womens-soccer,"NCAA D1",ACC,"Tar Heels",1,Rameses,#4B9CD3,#FFFFFF,https://upload.wikimedia.org/wikipedia/commons/1/1d/University_of_North_Carolina_at_Chapel_Hill_logo%2C_2025.svg?utm_source=commons.wikimedia.org&utm_campaign=imageinfo&utm_content=original,"wikipedia:University of North Carolina at Chapel Hill",,,,,9.5,94.56
"North Carolina Wesleyan University",womens-soccer,"NCAA D3","USA South Athletic Conference","Battling Bishops",1,,#003C69,#D8A901,https://upload.wikimedia.org/wikipedia/commons/d/d9/Nc_wesleyan_univ_logo.png?utm_source=commons.wikimedia.org&utm_campaign=imageinfo&utm_content=original,"wikipedia:North Carolina Wesleyan University",,,,,6.5,35.75
"North Central College",womens-soccer,"NCAA D3","College Conference of Illinois & Wisconsin",Cardinals,1,"Chippy the Cardinal",#BA0C2F,#FFFFFF,https://upload.wikimedia.org/wikipedia/en/f/f3/North_Central_College_logo.svg?utm_source=en.wikipedia.org&utm_campaign=imageinfo&utm_content=original,"wikipedia:North Central College",,1,CCIW,agent-research:2025-womens-soccer,,53.28
"North Central University",womens-soccer,"NCAA D3","Upper Midwest Athletic Conference",Rams,1,"Bama the Rama",,,https://upload.wikimedia.org/wikipedia/en/6/6a/North_Central_University_logo.png?utm_source=en.wikipedia.org&utm_campaign=imageinfo&utm_content=original,"wikipedia:North Central University",,1,CCIW,agent-research:2025-womens-soccer,,27.8
"North Dakota",womens-soccer,"NCAA D1",Summit,"Fighting Hawks",1,"The Fighting Hawk",#009A44,#FFF,https://upload.wikimedia.org/wikipedia/commons/b/b7/University_of_North_Dakota_Logo.svg?utm_source=commons.wikimedia.org&utm_campaign=imageinfo&utm_content=original,"wikipedia:University of North Dakota",,,,,,66.09
"North Dakota State",womens-soccer,"NCAA D1",Summit,Bison,0,Thundar,,,https://upload.wikimedia.org/wikipedia/commons/9/9c/North_Dakota_State_University_wordmark.svg?utm_source=commons.wikimedia.org&utm_campaign=imageinfo&utm_content=original,"wikipedia:North Dakota State University",,,,,,66.46
"North Florida",womens-soccer,"NCAA D1",ASUN,Ospreys,1,"Ozzie Osprey",#003886,#929497,https://upload.wikimedia.org/wikipedia/en/5/59/University_of_North_Florida.svg?utm_source=en.wikipedia.org&utm_campaign=imageinfo&utm_content=original,"wikipedia:University of North Florida",,,,,5.8,70.56
"North Georgia",womens-soccer,"NCAA D2","Peach Belt Conference",Nighthawks,1,,#003893,#FFC82E,https://upload.wikimedia.org/wikipedia/commons/b/b1/University_of_North_Georgia_logo.png?utm_source=commons.wikimedia.org&utm_campaign=imageinfo&utm_content=original,"wikipedia:University of North Georgia",,,,,5.4,68.99
"North Greenville",womens-soccer,"NCAA D2","Conference Carolinas",Trailblazers,1,,#bf2226,,https://upload.wikimedia.org/wikipedia/en/e/e6/North_Greenville_Uni_logo.png?utm_source=en.wikipedia.org&utm_campaign=imageinfo&utm_content=original,"wikipedia:North Greenville University",,,,,,54.45
"North Park University",womens-soccer,"NCAA D3","College Conference of Illinois & Wisconsin",Vikings,1,Ragnar,#002D62,#FBD329,https://upload.wikimedia.org/wikipedia/commons/6/68/North_park_univ_textlogo.png?utm_source=commons.wikimedia.org&utm_campaign=imageinfo&utm_content=original,"wikipedia:North Park University",,,,,6.5,34.72
"North Texas",womens-soccer,"NCAA D1",American,"Mean Green",0,"Scrappy the Eagle",#059033,#FFFFFF,https://upload.wikimedia.org/wikipedia/commons/b/b6/University_of_North_Texas_wordmark.svg?utm_source=commons.wikimedia.org&utm_campaign=imageinfo&utm_content=original,"wikipedia:University of North Texas",,,,,,75.87
Northeastern,womens-soccer,"NCAA D1",CAA,Huskies,1,"Paws the Husky",#C8102E,,https://upload.wikimedia.org/wikipedia/commons/0/02/Northeastern_Wordmark.svg?utm_source=commons.wikimedia.org&utm_campaign=imageinfo&utm_content=original,"wikipedia:Northeastern University",,,,,8.8,68.02
"Northeastern State",womens-soccer,"NCAA D2","Mid-America Intercollegiate Athletics Association",RiverHawks,1,"Rowdy the RiverHawk",#008265,#343434,https://upload.wikimedia.org/wikipedia/en/2/2d/Northeastern_State_University_logo.svg?utm_source=en.wikipedia.org&utm_campaign=imageinfo&utm_content=original,"wikipedia:Northeastern State University",,,,,5.3,58.84
"Northern Arizona",womens-soccer,"NCAA D1","Big Sky",Lumberjacks,1,"Louie the Lumberjack",#003466,#FFD200,https://upload.wikimedia.org/wikipedia/commons/2/26/NAU_Primary_Logo.png?utm_source=commons.wikimedia.org&utm_campaign=imageinfo&utm_content=original,"wikipedia:Northern Arizona University",,,,,,67.67
"Northern Colorado",womens-soccer,"NCAA D1","Big Sky",Bears,1,"Klawz the Bear",,,https://upload.wikimedia.org/wikipedia/en/e/ed/University_of_Northern_Colorado_logo.svg?utm_source=en.wikipedia.org&utm_campaign=imageinfo&utm_content=original,"wikipedia:University of Northern Colorado",,,,,,59.6
"Northern Illinois",womens-soccer,"NCAA D1",Horizon,Huskies,1,,#C8102E,#000000,https://upload.wikimedia.org/wikipedia/en/6/6d/Northern_Illinois_University_logo.svg?utm_source=en.wikipedia.org&utm_campaign=imageinfo&utm_content=original,"wikipedia:Northern Illinois University",,,,,5.5,69.59
"Northern Iowa",womens-soccer,"NCAA D1","Missouri Valley",Panthers,1,"TC Panther (male) & TK Panther (female)",#4B116F,#FFCC00,https://upload.wikimedia.org/wikipedia/commons/9/96/University_of_Northern_Iowa_wordmark.svg?utm_source=commons.wikimedia.org&utm_campaign=imageinfo&utm_content=original,"wikipedia:University of Northern Iowa",,,,,,72.0
"Northern Kentucky",womens-soccer,"NCAA D1",Horizon,Norse,0,"Victor E. Viking",#FFC72C,#000000,https://upload.wikimedia.org/wikipedia/en/7/7d/Northern_Kentucky_University_wordmark.svg?utm_source=en.wikipedia.org&utm_campaign=imageinfo&utm_content=original,"wikipedia:Northern Kentucky University",,,,,5.5,74.61
"Northern Michigan",womens-soccer,"NCAA D2","Great Lakes Intercollegiate Athletic Conference",Wildcats,1,"Wildcat Willy",#095339,#FFC425,,"wikipedia:Northern Michigan University",,,,,5.4,63.5
"Northern State",womens-soccer,"NCAA D2","Northern Sun Intercollegiate Conference",Wolves,1,"Thunder the Wolf",#990033,#FFCC66,https://upload.wikimedia.org/wikipedia/commons/f/fc/Northern_st_univ_full_logo.png?utm_source=commons.wikimedia.org&utm_campaign=imageinfo&utm_content=original,"wikipedia:Northern State University",,,,,,56.5
"Northwest Missouri State",womens-soccer,"NCAA D2","Mid-America Intercollegiate Athletics Association",Bearcats,1,"Bobby Bearcat",#006747,,https://upload.wikimedia.org/wikipedia/en/b/b9/Northwest_Missouri_State_University_logo.svg?utm_source=en.wikipedia.org&utm_campaign=imageinfo&utm_content=original,"wikipedia:Northwest Missouri State University",,,,,,60.33
"Northwest Nazarene",womens-soccer,"NCAA D2","Great Northwest Athletic Conference",Nighthawks,1,Nighthawks,,,https://upload.wikimedia.org/wikipedia/commons/e/e2/Northwest_nazarene_univ_logo.png?utm_source=commons.wikimedia.org&utm_campaign=imageinfo&utm_content=original,"wikipedia:Northwest Nazarene University",,,,,5.5,54.6
"Northwest University",womens-soccer,NAIA,"Cascade Collegiate Conference",Eagles,1,,#003358,#fcbf49,https://upload.wikimedia.org/wikipedia/commons/2/29/Purdue_nw_univ_logo.png?utm_source=commons.wikimedia.org&utm_campaign=imageinfo&utm_content=original,"wikipedia:Northwest University (Kirkland, Washington)","corrected: had been matched to a different institution of a similar name; the school's own athletics domain implies ""Eagles""",,,,5.7,52.77
Northwestern,womens-soccer,"NCAA D1","Big Ten",Wildcats,1,"Willie the Wildcat",#4E2A84,#FFFFFF,https://upload.wikimedia.org/wikipedia/commons/0/05/Northwestern_University_wordmark.svg?utm_source=commons.wikimedia.org&utm_campaign=imageinfo&utm_content=original,"wikipedia:Northwestern University",,,,,9.8,83.53
"Northwestern College (Iowa)",womens-soccer,NAIA,"Great Plains Athletic Conference","Red Raiders",1,,,,https://upload.wikimedia.org/wikipedia/commons/7/73/Northwestern_college_iowa_logo.png?utm_source=commons.wikimedia.org&utm_campaign=imageinfo&utm_content=original,"wikipedia:Northwestern College (Iowa)",,,,,,43.58
"Northwestern Oklahoma State",womens-soccer,"NCAA D2","Great American Conference",Rangers,1,"Rowdy Ranger",,,https://upload.wikimedia.org/wikipedia/commons/f/f5/Nwosu_simple_logo.png?utm_source=commons.wikimedia.org&utm_campaign=imageinfo&utm_content=original,"wikipedia:Northwestern Oklahoma State University",,,,,,53.31
"Northwestern State",womens-soccer,"NCAA D1",Southland,Demons,1,"Vic the Demon",#663399,#FFFFFF,https://upload.wikimedia.org/wikipedia/commons/a/ad/Northwestern_State_University_logo.svg?utm_source=commons.wikimedia.org&utm_campaign=imageinfo&utm_content=original,"wikipedia:Northwestern State University of Louisiana",,,,,9.8,71.52
Northwood,womens-soccer,"NCAA D2","Great Midwest Athletic Conference",Timberwolves,1,"""Woody"" Timberwolf",#081e3f,#0076bb,https://upload.wikimedia.org/wikipedia/commons/e/ef/Northwood_univ_logo.png?utm_source=commons.wikimedia.org&utm_campaign=imageinfo&utm_content=original,"wikipedia:Northwood University",,,,,5.4,68.11
Norwich,womens-soccer,"NCAA D3",,,,,,,,,"Added for coaching-contact coverage; soccer_score/academic_rating are placeholders",,,,6.0,38.0
"Notre Dame",womens-soccer,"NCAA D1",ACC,"Fighting Irish",1,Leprechaun,#0C2340,#AE9142,,"wikipedia:University of Notre Dame",,,,,9.5,95.0
"Notre Dame of Maryland University",womens-soccer,"NCAA D3","United East Conference",Gators,1,,,,https://upload.wikimedia.org/wikipedia/en/d/da/Notre_Dame_of_Maryland_University_logo.png?utm_source=en.wikipedia.org&utm_campaign=imageinfo&utm_content=original,"wikipedia:Notre Dame of Maryland University",,,,,,33.66
"Nova Southeastern",womens-soccer,"NCAA D2","Sunshine State Conference",Sharks,1,"Razor the Shortfin Mako Shark",,,https://upload.wikimedia.org/wikipedia/commons/f/fd/Nova_Southeastern_University_wordmark.svg?utm_source=commons.wikimedia.org&utm_campaign=imageinfo&utm_content=original,"wikipedia:Nova Southeastern University",,1,SSC,agent-research:2025-womens-soccer,7.5,66.68
Oakland,womens-soccer,"NCAA D1",Horizon,"Golden Grizzlies",1,Grizz,,,https://upload.wikimedia.org/wikipedia/commons/7/74/Oakland_University_wordmark.svg?utm_source=commons.wikimedia.org&utm_campaign=imageinfo&utm_content=original,"wikipedia:Oakland University",,,,,5.5,66.05
"Oakland City University",womens-soccer,NAIA,"River States Conference","Mighty Oaks",1,Oakie,#6baddf,#063479,,"wikipedia:Oakland City University",,1,RSC,agent-research:2025-womens-soccer,,59.11
"Oakwood University",womens-soccer,NAIA,"HBCU Athletic Conference",Ambassadors,1,"The Ambassador",,,https://upload.wikimedia.org/wikipedia/commons/a/a1/2017acornlogo_copy.png?utm_source=commons.wikimedia.org&utm_campaign=imageinfo&utm_content=original,"wikipedia:Oakwood University",,,,,,40.66
"Oberlin College",womens-soccer,"NCAA D3","North Coast Athletic Conference",Yeowomen,1,"Yeobie the Squirrel",#CF102D,#FFC72C,https://upload.wikimedia.org/wikipedia/commons/3/32/Oberlin_College_logo.svg?utm_source=commons.wikimedia.org&utm_campaign=imageinfo&utm_content=original,"wikipedia:Oberlin College",,,,,9.5,37.94
"Occidental College",womens-soccer,"NCAA D3","Southern California Intercollegiate Athletic Conference",Tigers,1,"Oswald the Tiger",#FF6600,,https://upload.wikimedia.org/wikipedia/commons/5/55/Occidental_College_logo.svg?utm_source=commons.wikimedia.org&utm_campaign=imageinfo&utm_content=original,"wikipedia:Occidental College",,,,,,37.33
"Oglethorpe University",womens-soccer,"NCAA D3","Southern Athletic Association","Stormy Petrels",1,Petey,#000000,#FFDD00,https://upload.wikimedia.org/wikipedia/en/3/3e/Oglethorpe_University_logo.png?utm_source=en.wikipedia.org&utm_campaign=imageinfo&utm_content=original,"wikipedia:Oglethorpe University",,,,,6.5,41.31
Ohio,womens-soccer,"NCAA D1",MAC,Bobcats,1,"Rufus the Bobcat",#00694E,#FFFFFF,https://upload.wikimedia.org/wikipedia/en/5/5e/Ohio_University_logo_2026.png?utm_source=en.wikipedia.org&utm_campaign=imageinfo&utm_content=original,"wikipedia:Ohio University",,,,,8.9,71.9
"Ohio Dominican",womens-soccer,"NCAA D2","Great Midwest Athletic Conference",Panthers,1,,#000000,#FFC72C,https://upload.wikimedia.org/wikipedia/en/7/76/Ohio_Dominican_University_logo.jpg?utm_source=en.wikipedia.org&utm_campaign=imageinfo&utm_content=original,"wikipedia:Ohio Dominican University",,,,,5.4,50.83
"Ohio Northern University",womens-soccer,"NCAA D3","Ohio Athletic Conference","Polar Bears",1,Klondike,#FA653D,,https://upload.wikimedia.org/wikipedia/commons/5/5b/Ohio_Northern_University_logo.svg?utm_source=commons.wikimedia.org&utm_campaign=imageinfo&utm_content=original,"wikipedia:Ohio Northern University",,,,,8.0,48.32
"Ohio State",womens-soccer,"NCAA D1","Big Ten",Buckeyes,1,"Brutus Buckeye",,,https://upload.wikimedia.org/wikipedia/commons/f/fa/Ohio_State_University_horizontal_logo.svg?utm_source=commons.wikimedia.org&utm_campaign=imageinfo&utm_content=original,"wikipedia:Ohio State University",,,,,8.9,86.69
"Ohio Wesleyan University",womens-soccer,"NCAA D3","North Coast Athletic Conference","Battling Bishops",1,"The Battling Bishop",#c81434,,https://upload.wikimedia.org/wikipedia/commons/f/f0/Owu_university_logo.png?utm_source=commons.wikimedia.org&utm_campaign=imageinfo&utm_content=original,"wikipedia:Ohio Wesleyan University",,,,,8.5,42.77
Oklahoma,womens-soccer,"NCAA D1",SEC,Sooners,1,"Sooner Schooner",,,https://upload.wikimedia.org/wikipedia/commons/3/3c/University_of_Oklahoma_logo.svg?utm_source=commons.wikimedia.org&utm_campaign=imageinfo&utm_content=original,"wikipedia:University of Oklahoma",,,,,,83.49
"Oklahoma Baptist",womens-soccer,"NCAA D2","Great American Conference",Bison,0,,#255f2b,#fcaf17,https://upload.wikimedia.org/wikipedia/commons/c/c6/Obu_simple_logo.png?utm_source=commons.wikimedia.org&utm_campaign=imageinfo&utm_content=original,"wikipedia:Oklahoma Baptist University",,,,,,51.24
"Oklahoma Christian",womens-soccer,"NCAA D2","Lone Star Conference",Eagles,1,Eagle,#660000,#cccccc,https://upload.wikimedia.org/wikipedia/commons/0/0c/OC-Logo-MedMark1-Maroon.png?utm_source=commons.wikimedia.org&utm_campaign=imageinfo&utm_content=original,"wikipedia:Oklahoma Christian University",,,,,5.5,55.33
"Oklahoma City University",womens-soccer,NAIA,"Sooner Athletic Conference",Stars,1,"Starsky the Ram",#00669B,,https://upload.wikimedia.org/wikipedia/commons/a/a3/Oklahoma_City_University_logo.svg?utm_source=commons.wikimedia.org&utm_campaign=imageinfo&utm_content=original,"wikipedia:Oklahoma City University",,,,,,56.6
"Oklahoma Panhandle State University",womens-soccer,NAIA,"Sooner Athletic Conference",Aggies,1,,#cf0a2c,#001f5b,https://upload.wikimedia.org/wikipedia/commons/c/c6/Oklahoma_panhandle_univ_logofull.png?utm_source=commons.wikimedia.org&utm_campaign=imageinfo&utm_content=original,"wikipedia:Oklahoma Panhandle State University",,,,,,44.45
"Oklahoma State",womens-soccer,"NCAA D1","Big 12",Cowboys,1,"Pistol Pete",,,https://upload.wikimedia.org/wikipedia/commons/0/01/Oklahoma_State_University_system_logo.svg?utm_source=commons.wikimedia.org&utm_campaign=imageinfo&utm_content=original,"wikipedia:Oklahoma State University",,,,,,80.36
"Oklahoma Wesleyan University",womens-soccer,NAIA,"Kansas Collegiate Athletic Conference",Eagles,1,,,,https://upload.wikimedia.org/wikipedia/commons/d/d2/Oklahoma_Wesleyan_University_logo.svg?utm_source=commons.wikimedia.org&utm_campaign=imageinfo&utm_content=original,"wikipedia:Oklahoma Wesleyan University",,1,KCAC,agent-research:2025-womens-soccer,,64.37
"Old Dominion",womens-soccer,"NCAA D1","Sun Belt",Monarchs,1,"Big Blue",,,https://upload.wikimedia.org/wikipedia/en/e/e7/Old_Dominion_University.svg?utm_source=en.wikipedia.org&utm_campaign=imageinfo&utm_content=original,"wikipedia:Old Dominion University",,,,,6.0,77.53
"Ole Miss",womens-soccer,"NCAA D1",SEC,Rebels,1,,,,https://upload.wikimedia.org/wikipedia/commons/3/35/University_of_Mississippi_Full_Logo.svg?utm_source=commons.wikimedia.org&utm_campaign=imageinfo&utm_content=original,"wikipedia:University of Mississippi",,,,,,74.48
"Olivet College",womens-soccer,"NCAA D3","Michigan Intercollegiate Athletic Association",Comets,1,"Clyde & Haley",#E72523,#FFFFFF,https://upload.wikimedia.org/wikipedia/commons/c/ca/UOlivet-horizontal-full-color.jpg?utm_source=commons.wikimedia.org&utm_campaign=imageinfo&utm_content=original,"wikipedia:University of Olivet",,,,,6.5,32.39
"Olivet Nazarene University",womens-soccer,NAIA,"Chicagoland Collegiate Athletic Conference",Tigers,1,"Toby the Tiger",#48206e,#fdb913,,"wikipedia:Olivet Nazarene University",,,,,6.8,54.71
Omaha,womens-soccer,"NCAA D1",Summit,Mavericks,1,Durango,,,https://upload.wikimedia.org/wikipedia/commons/7/73/Nebraska%E2%80%93Omaha_wordmark.svg?utm_source=commons.wikimedia.org&utm_campaign=imageinfo&utm_content=original,"wikipedia:University of Nebraska Omaha",,,,,5.2,68.19
"Oral Roberts",womens-soccer,"NCAA D1",Summit,"Golden Eagles",1,,#002f60,#CFB67C,https://upload.wikimedia.org/wikipedia/commons/d/da/Oral_Roberts_University_logo.png?utm_source=commons.wikimedia.org&utm_campaign=imageinfo&utm_content=original,"wikipedia:Oral Roberts University",,,,,4.8,70.91
Oregon,womens-soccer,"NCAA D1","Big Ten",Ducks,1,"The Oregon Duck",,,https://upload.wikimedia.org/wikipedia/commons/3/3c/University_of_Oregon_logo.svg?utm_source=commons.wikimedia.org&utm_campaign=imageinfo&utm_content=original,"wikipedia:University of Oregon",,,,,7.8,66.64
"Oregon Institute of Technology",womens-soccer,NAIA,"Cascade Collegiate Conference",Owls,1,"Hootie the Owl",#003768,#fdc030,https://upload.wikimedia.org/wikipedia/commons/f/fc/Oregon_Institute_of_Technology_logo.svg?utm_source=commons.wikimedia.org&utm_campaign=imageinfo&utm_content=original,"wikipedia:Oregon Institute of Technology",,,,,,53.34
"Oregon State",womens-soccer,"NCAA D1",Pac-12,Beavers,1,"Benny Beaver",,,https://upload.wikimedia.org/wikipedia/en/1/17/Oregon_State_University_primary_logo.svg?utm_source=en.wikipedia.org&utm_campaign=imageinfo&utm_content=original,"wikipedia:Oregon State University",,,,,7.8,64.63
"Ottawa University",womens-soccer,NAIA,"Kansas Collegiate Athletic Conference",Braves,1,,#ab2328,#Ff8200,https://upload.wikimedia.org/wikipedia/commons/8/8e/Ottawa_University_wordmark.svg?utm_source=commons.wikimedia.org&utm_campaign=imageinfo&utm_content=original,"wikipedia:Ottawa University",,,,,5.6,44.04
"Ottawa University Arizona",womens-soccer,NAIA,"Great Southwest Athletic Conference",Braves,1,,#ab2328,#Ff8200,https://upload.wikimedia.org/wikipedia/commons/8/8e/Ottawa_University_wordmark.svg?utm_source=commons.wikimedia.org&utm_campaign=imageinfo&utm_content=original,"wikipedia:Ottawa University",,,,,5.6,53.78
"Otterbein University",womens-soccer,"NCAA D3","Ohio Athletic Conference",Cardinals,1,"Cardy the Cardinal",,,https://upload.wikimedia.org/wikipedia/en/6/67/Otterbein_University_logo.png?utm_source=en.wikipedia.org&utm_campaign=imageinfo&utm_content=original,"wikipedia:Otterbein University",,,,,6.5,45.6
"Ouachita Baptist",womens-soccer,"NCAA D2","Great American Conference",Tigers,1,Tiger,#552988,#FFC627,https://upload.wikimedia.org/wikipedia/en/1/16/Ouachita_Baptist_University_horizontal_wordmark_2025.png?utm_source=en.wikipedia.org&utm_campaign=imageinfo&utm_content=original,"wikipedia:Ouachita Baptist University",,,,,5.5,58.77
"Our Lady of the Lake University",womens-soccer,NAIA,"Red River Athletic Conference",Saints,1,,,,https://upload.wikimedia.org/wikipedia/commons/8/87/Primary-academic-logo-W-DUO.png?utm_source=commons.wikimedia.org&utm_campaign=imageinfo&utm_content=original,"wikipedia:Our Lady of the Lake University",,,,,,53.36
Pace,womens-soccer,"NCAA D2","Northeast-10 Conference",Setters,1,Setter,#00337F,#FFC61E,https://upload.wikimedia.org/wikipedia/commons/7/7d/Pace_University_wordmark.svg?utm_source=commons.wikimedia.org&utm_campaign=imageinfo&utm_content=original,"wikipedia:Pace University",,,,,,54.06
Pacific,womens-soccer,"NCAA D1","West Coast",Tigers,1,Powercat,#FF671D,,https://upload.wikimedia.org/wikipedia/en/4/40/Pacific_University_Oregon_hz_logo.svg?utm_source=en.wikipedia.org&utm_campaign=imageinfo&utm_content=original,"wikipedia:University of the Pacific (United States)","corrected: had been matched to a different institution of a similar name; the school's own athletics domain implies ""Tigers""",,,,6.8,68.71
"Pacific Lutheran University",womens-soccer,"NCAA D3","Northwest Conference",Lutes,1,"Sir Lance-a-Lute",,,https://upload.wikimedia.org/wikipedia/commons/f/f4/Pacific_lutheran_univ_logo.png?utm_source=commons.wikimedia.org&utm_campaign=imageinfo&utm_content=original,"wikipedia:Pacific Lutheran University",,1,NWC,agent-research:2025-womens-soccer,6.5,52.78
"Pacific Union College",womens-soccer,NAIA,"California Pacific Conference",Pioneers,1,"Pioneer Pete",#1e5732,#aa9e7d,,"wikipedia:Pacific Union College",,,,,,44.8
"Pacific University",womens-soccer,"NCAA D3","Northwest Conference",Boxers,1,Boxer,#B51217,#000000,https://upload.wikimedia.org/wikipedia/en/4/40/Pacific_University_Oregon_hz_logo.svg?utm_source=en.wikipedia.org&utm_campaign=imageinfo&utm_content=original,"wikipedia:Pacific University",,,,,,33.24
"Palm Beach Atlantic",womens-soccer,"NCAA D2","Sunshine State Conference",Sailfish,0,,#002a5c,,https://upload.wikimedia.org/wikipedia/en/c/cc/Palm_Beach_Atlantic_Univ._logo.png?utm_source=en.wikipedia.org&utm_campaign=imageinfo&utm_content=original,"wikipedia:Palm Beach Atlantic University",,,,,5.4,48.52
"Park University",womens-soccer,NAIA,"Heart of America Athletic Conference",Pirates,1,,#9D2235,#F5A81C,https://upload.wikimedia.org/wikipedia/en/f/f9/Park_University_logo.svg?utm_source=en.wikipedia.org&utm_campaign=imageinfo&utm_content=original,"wikipedia:Park University",,,,,5.6,49.35
"Park University Gilbert",womens-soccer,NAIA,"Great Southwest Athletic Conference",Buccaneers,1,,#9D2235,#F5A81C,https://upload.wikimedia.org/wikipedia/en/f/f9/Park_University_logo.svg?utm_source=en.wikipedia.org&utm_campaign=imageinfo&utm_content=original,"wikipedia:Park University",,,,,5.6,43.63
"Paul Quinn College",womens-soccer,NAIA,"HBCU Athletic Conference",Tigers,1,,#45115e,#fece1c,,"wikipedia:Paul Quinn College",,,,,,40.83
Penn,womens-soccer,"NCAA D1","Ivy League",Quakers,1,"The Quaker",,,,"wikipedia:University of Pennsylvania",,,,,10.0,67.71
"Penn State",womens-soccer,"NCAA D1","Big Ten","Nittany Lions",1,"Nittany Lion",,,https://upload.wikimedia.org/wikipedia/en/6/6b/Pennsylvania_State_University_logo.svg?utm_source=en.wikipedia.org&utm_campaign=imageinfo&utm_content=original,"wikipedia:Pennsylvania State University",,,,,8.7,89.05
"Penn State Behrend",womens-soccer,"NCAA D3",,,,,,,,,"Added for coaching-contact coverage; soccer_score/academic_rating are placeholders",,,,6.0,38.0
"Penn State Brandywine",womens-soccer,"NCAA D3",,,,,,,,,"Added for coaching-contact coverage; soccer_score/academic_rating are placeholders",,,,6.0,38.0
"PennWest California",womens-soccer,"NCAA D2","Pennsylvania State Athletic Conference",Vulcans,1,Blaze,,,https://upload.wikimedia.org/wikipedia/commons/8/8b/PennWest_california_wordmark.png?utm_source=commons.wikimedia.org&utm_campaign=imageinfo&utm_content=original,"wikipedia:PennWest California",,,,,5.3,45.05
"PennWest Clarion",womens-soccer,"NCAA D2","Pennsylvania State Athletic Conference","Golden Eagles",1,,#003366,#97824A,,"wikipedia:PennWest Clarion",,,,,,45.45
"PennWest Edinboro",womens-soccer,"NCAA D2","Pennsylvania State Athletic Conference","Fighting Scots",1,"MacCato, the Fighting Scot",#990000,#ffffff,https://upload.wikimedia.org/wikipedia/commons/5/51/PennWest_Lockup_Edinboro_FINAL_SM.svg?utm_source=commons.wikimedia.org&utm_campaign=imageinfo&utm_content=original,"wikipedia:PennWest Edinboro",,,,,,52.37
"Pennsylvania College of Technology",womens-soccer,"NCAA D3","United East Conference",Wildcats,1,,,,https://upload.wikimedia.org/wikipedia/en/9/9b/Pennsylvania_College_of_Technology_Logo.png?utm_source=en.wikipedia.org&utm_campaign=imageinfo&utm_content=original,"wikipedia:Pennsylvania College of Technology",,,,,,51.72
"Pennsylvania State University-Penn State Abington",womens-soccer,"NCAA D3","United East Conference",Lions,1,"Nittany Lion",,,https://upload.wikimedia.org/wikipedia/en/a/ac/Penn_State_Abington_logo.svg?utm_source=en.wikipedia.org&utm_campaign=imageinfo&utm_content=original,"wikipedia:Penn State Abington",,,,,,40.67
"Pennsylvania State University-Penn State Altoona",womens-soccer,"NCAA D3","Allegheny Mountain Collegiate Conference",,,"Nittany Lion",,,https://upload.wikimedia.org/wikipedia/en/b/b6/Penn_State_Altoona_logo.svg?utm_source=en.wikipedia.org&utm_campaign=imageinfo&utm_content=original,"wikipedia:Penn State Altoona",,,,,,39.72
"Pennsylvania State University-Penn State Berks",womens-soccer,"NCAA D3","United East Conference",,,"Nittany Lion",,,https://upload.wikimedia.org/wikipedia/en/a/ab/Penn_State_Berks_logo.svg?utm_source=en.wikipedia.org&utm_campaign=imageinfo&utm_content=original,"wikipedia:Penn State Berks",,,,,,41.96
"Pennsylvania State University-Penn State Erie (Behrend College)",womens-soccer,"NCAA D3","Allegheny Mountain Collegiate Conference","Behrend Lions",1,"Nittany Lion",#000099,,https://upload.wikimedia.org/wikipedia/en/f/f5/Penn_State_Behrend_logo.svg?utm_source=en.wikipedia.org&utm_campaign=imageinfo&utm_content=original,"wikipedia:Penn State Erie, The Behrend College",,1,AMCC,agent-research:2025-womens-soccer,,49.15
"Pennsylvania State University-Penn State Harrisburg",womens-soccer,"NCAA D3","United East Conference",,,"Nittany Lion",,,https://upload.wikimedia.org/wikipedia/en/b/be/Penn_State_Harrisburg_logo.svg?utm_source=en.wikipedia.org&utm_campaign=imageinfo&utm_content=original,"wikipedia:Penn State Harrisburg",,1,"United East",agent-research:2025-womens-soccer,6.2,47.9
Pepperdine,womens-soccer,"NCAA D1","West Coast",Waves,1,"Willie the Wave",#00205C,#C25700,,"wikipedia:Pepperdine University",,1,"West Coast","wikipedia:2025 NCAA Division I women's soccer tournament",,82.05
"Pfeiffer University",womens-soccer,"NCAA D3","USA South Athletic Conference",Falcons,1,"Pfeiffer Falcons (Freddie Falcon)",,,https://upload.wikimedia.org/wikipedia/commons/6/66/Pfeiffer_univ_logo.png?utm_source=commons.wikimedia.org&utm_campaign=imageinfo&utm_content=original,"wikipedia:Pfeiffer University",,,,,,28.77
"Piedmont University",womens-soccer,"NCAA D3","Collegiate Conference of the South",Lions,1,Lion,#144734,#B5A290,https://upload.wikimedia.org/wikipedia/en/5/54/Piedmont_University_2021_Logo.png?utm_source=en.wikipedia.org&utm_campaign=imageinfo&utm_content=original,"wikipedia:Piedmont University",,,,,,46.92
Pitt-Johnstown,womens-soccer,"NCAA D2","Pennsylvania State Athletic Conference","Mountain Cats",1,,#003594,#FFB81C,https://upload.wikimedia.org/wikipedia/en/3/3e/University-of-Pittsburgh-at-Johnstown-new.svg?utm_source=en.wikipedia.org&utm_campaign=imageinfo&utm_content=original,"wikipedia:University of Pittsburgh at Johnstown",,,,,,49.36
Pittsburgh,womens-soccer,"NCAA D1",ACC,Panthers,1,"Roc the Panther",,,https://upload.wikimedia.org/wikipedia/en/d/dc/University_of_Pittsburgh_logo.svg?utm_source=en.wikipedia.org&utm_campaign=imageinfo&utm_content=original,"wikipedia:University of Pittsburgh",,,,,8.3,84.66
"Pitzer College",womens-soccer,"NCAA D3","Southern California Intercollegiate Athletic Conference",Sagehens,1,"Cecil the Sagehen",#F7941D,#FFFFFF,https://upload.wikimedia.org/wikipedia/en/c/c9/Pitzer_College_logo.svg?utm_source=en.wikipedia.org&utm_campaign=imageinfo&utm_content=original,athletics-domain:sagehens.com,"nickname recovered from the school's own athletics hostname; its Wikipedia article states none. Confirmed by that site's title (""Pomona Pitzer Athletics"").",,,,,54.58
"Plymouth State",womens-soccer,"NCAA D3",,,,,,,,,"Added for coaching-contact coverage; soccer_score/academic_rating are placeholders",,,,6.0,38.0
"Point Loma Nazarene",womens-soccer,"NCAA D2","Pacific West Conference","Sea Lions",1,"Splash the Sea Lion",,,https://upload.wikimedia.org/wikipedia/en/d/dc/Point_Loma_Nazarene_University_logo.svg?utm_source=en.wikipedia.org&utm_campaign=imageinfo&utm_content=original,"wikipedia:Point Loma Nazarene University",,1,PacWest,agent-research:2025-womens-soccer,8.0,68.87
"Point Park",womens-soccer,"NCAA D2","Mountain East Conference",Pioneers,1,"Black Diamond II the Bison",#007c57,#e3d479,https://upload.wikimedia.org/wikipedia/commons/3/30/Point_park_univ_logo.png?utm_source=commons.wikimedia.org&utm_campaign=imageinfo&utm_content=original,"wikipedia:Point Park University",,,,,5.4,56.39
"Point University",womens-soccer,NAIA,"Southern States Athletic Conference",Skyhawks,1,,#00407a,#fcc917,https://upload.wikimedia.org/wikipedia/commons/c/cb/PointUnivlogo.png?utm_source=commons.wikimedia.org&utm_campaign=imageinfo&utm_content=original,"wikipedia:Point University",,,,,,45.38
"Pomona College",womens-soccer,"NCAA D3","Southern California Intercollegiate Athletic Conference",Sagehens,1,"Cecil the Sagehen",,,https://upload.wikimedia.org/wikipedia/commons/b/bb/Pomona_College_logo.svg?utm_source=commons.wikimedia.org&utm_campaign=imageinfo&utm_content=original,"wikipedia:Pomona College",,,,,,54.58
Pomona-Pitzer,womens-soccer,"NCAA D3",,,,,,,,,"Added for coaching-contact coverage; soccer_score/academic_rating are placeholders",,,,6.0,38.0
Portland,womens-soccer,"NCAA D1","West Coast",Pilots,1,"Wally Pilot",#1E1656,#FFFFFF,https://upload.wikimedia.org/wikipedia/en/c/ca/University_of_Portland_logo.svg?utm_source=en.wikipedia.org&utm_campaign=imageinfo&utm_content=original,"wikipedia:University of Portland",,,,,7.6,82.64
"Portland State",womens-soccer,"NCAA D1","Big Sky",Vikings,1,"Victor E. Viking",#6d8d24,#FFFFFF,https://upload.wikimedia.org/wikipedia/en/b/b3/Portland_State_University_Logo.svg?utm_source=en.wikipedia.org&utm_campaign=imageinfo&utm_content=original,"wikipedia:Portland State University",,,,,7.6,64.13
Post,womens-soccer,"NCAA D2","Central Atlantic Collegiate Conference",Eagles,1,"""Swoop"" the Eagle",#632D50,#FF8300,,"wikipedia:Post University",,,,,5.4,44.76
"Prairie View A&M",womens-soccer,"NCAA D1",SWAC,Panthers,1,Panther,#330066,#FFCC00,https://upload.wikimedia.org/wikipedia/en/b/b0/Prairie_View_A%26M_University_logo.svg?utm_source=en.wikipedia.org&utm_campaign=imageinfo&utm_content=original,"wikipedia:Prairie View A&M University",,,,,,59.65
"Pratt Institute",womens-soccer,"NCAA D3","Atlantic East Conference",Cannoneers,1,"Charlie the Cannoneer",#FFCE2E,#000000,https://upload.wikimedia.org/wikipedia/commons/3/39/Pratt_Institute_Logo.svg?utm_source=commons.wikimedia.org&utm_campaign=imageinfo&utm_content=original,"wikipedia:Pratt Institute",,,,,,40.74
Presbyterian,womens-soccer,"NCAA D1","Big South","Blue Hose",0,,,,,athletics-domain:gobluehose.com,"confirmed on gobluehose.com (20 mentions); unique nickname, so the table-derived vocabulary could not recover it",,,,5.3,64.78
Princeton,womens-soccer,"NCAA D1","Ivy League",Tigers,1,"The Tiger",,,https://upload.wikimedia.org/wikipedia/en/0/0e/Princeton_logo.svg?utm_source=en.wikipedia.org&utm_campaign=imageinfo&utm_content=original,"wikipedia:Princeton University",,,,,10.0,74.56
"Principia College",womens-soccer,"NCAA D3","St. Louis Intercollegiate Athletic Conference",,,,,,https://upload.wikimedia.org/wikipedia/commons/2/2a/Principia_college_logo.png?utm_source=commons.wikimedia.org&utm_campaign=imageinfo&utm_content=original,"wikipedia:Principia College",,,,,,34.12
Providence,womens-soccer,"NCAA D1","Big East",Friars,1,"Friar Dom",#041e42,#3dae2b,https://upload.wikimedia.org/wikipedia/commons/d/d8/Providence_univ_montana_logo.png?utm_source=commons.wikimedia.org&utm_campaign=imageinfo&utm_content=original,athletics-domain:friars.com,"Providence College (RI, Big East). Had been matched to the University of Providence (MT), a different institution, whose Argonauts remain correct on the Providence (MT) row.",,,,7.2,74.66
Purdue,womens-soccer,"NCAA D1","Big Ten",Boilermakers,1,"Boilermaker Special / Purdue Pete",,,https://upload.wikimedia.org/wikipedia/commons/f/f7/Purdue_University_system_logo.svg?utm_source=commons.wikimedia.org&utm_campaign=imageinfo&utm_content=original,"wikipedia:Purdue University",,,,,4.8,71.81
"Purdue Fort Wayne",womens-soccer,"NCAA D1",Horizon,Mastodons,1,"Don the Mastodon",,,https://upload.wikimedia.org/wikipedia/commons/a/aa/Purdue-FW-Logo-LinkPreview.png?utm_source=commons.wikimedia.org&utm_campaign=imageinfo&utm_content=original,"wikipedia:Purdue University Fort Wayne",,,,,4.8,66.38
"Purdue Northwest",womens-soccer,"NCAA D2","Great Lakes Intercollegiate Athletic Conference",Pride,0,"Lion (named Leo)",#E6B10E,#000000,https://upload.wikimedia.org/wikipedia/commons/2/29/Purdue_nw_univ_logo.png?utm_source=commons.wikimedia.org&utm_campaign=imageinfo&utm_content=original,"wikipedia:Purdue University Northwest",,,,,5.4,47.68
Queens,womens-soccer,"NCAA D1",ASUN,Royals,1,"Rex the Royal",#0F2B5B,#857040,https://upload.wikimedia.org/wikipedia/commons/8/84/Queens_University_of_Charlotte_wordmark_blue.svg?utm_source=commons.wikimedia.org&utm_campaign=imageinfo&utm_content=original,"wikipedia:Queens University of Charlotte",,,,,5.6,64.4
"Queens (CUNY)",womens-soccer,"NCAA D2","East Coast Conference",Knights,1,Knight,,,https://upload.wikimedia.org/wikipedia/commons/e/e7/Queens_college_logo.png?utm_source=commons.wikimedia.org&utm_campaign=imageinfo&utm_content=original,"wikipedia:Queens College, City University of New York",,,,,6.8,51.63
Quincy,womens-soccer,"NCAA D2","Great Lakes Valley Conference",Hawks,1,"Victor E. Hawk",#3D141A,,https://upload.wikimedia.org/wikipedia/commons/6/6e/Quince_univ_logo_text.png?utm_source=commons.wikimedia.org&utm_campaign=imageinfo&utm_content=original,"wikipedia:Quincy University",,,,,5.4,53.81
Quinnipiac,womens-soccer,"NCAA D1",Metro,Bobcats,1,"Boomer the Bobcat",#0b233f,#fdb427,https://upload.wikimedia.org/wikipedia/commons/0/0d/Quinnipiac_University_logo_%282017%29.svg?utm_source=commons.wikimedia.org&utm_campaign=imageinfo&utm_content=original,"wikipedia:Quinnipiac University",,,,,6.6,80.27
Radford,womens-soccer,"NCAA D1","Big South",Highlanders,1,"The Highlander",#C2011B,#003C71,https://upload.wikimedia.org/wikipedia/commons/9/91/Radford_University_Logo.svg?utm_source=commons.wikimedia.org&utm_campaign=imageinfo&utm_content=original,"wikipedia:Radford University",,,,,4.8,77.83
"Ramapo College of New Jersey",womens-soccer,"NCAA D3","New Jersey Athletic Conference",Roadrunners,1,"Rocky / Ricky / Fledge",#8c0000,,https://upload.wikimedia.org/wikipedia/en/4/47/Ramapo_College_logo.png?utm_source=en.wikipedia.org&utm_campaign=imageinfo&utm_content=original,"wikipedia:Ramapo College",,,,,,34.75
"Randolph College",womens-soccer,"NCAA D3","Old Dominion Athletic Conference",WildCats,1,"Wanda WildCat",#000000,#ffd200,https://upload.wikimedia.org/wikipedia/en/8/86/Randolph_college_logo_horizontal_400.png?utm_source=en.wikipedia.org&utm_campaign=imageinfo&utm_content=original,"wikipedia:Randolph College",,,,,,39.5
"Randolph-Macon College",womens-soccer,"NCAA D3","Old Dominion Athletic Conference","Yellow Jackets",1,,#F5F556,,https://upload.wikimedia.org/wikipedia/commons/c/cd/Randolphmacon_wordmark.png?utm_source=commons.wikimedia.org&utm_campaign=imageinfo&utm_content=original,"wikipedia:Randolph–Macon College",,,,,8.2,43.72
"Regent University",womens-soccer,"NCAA D3","Coast-to-Coast Athletic Conference",Royals,1,"Rex the Royal",#002f6c,#069948,https://upload.wikimedia.org/wikipedia/en/3/3b/Regent_University.svg?utm_source=en.wikipedia.org&utm_campaign=imageinfo&utm_content=original,"wikipedia:Regent University",,,,,,31.12
"Regis (CO)",womens-soccer,"NCAA D2","Rocky Mountain Athletic Conference",Rangers,1,"Regi the Ranger",#33556D,#F1C400,https://upload.wikimedia.org/wikipedia/commons/4/46/Regis_univ_denver_logo.svg?utm_source=commons.wikimedia.org&utm_campaign=imageinfo&utm_content=original,"wikipedia:Regis University",,,,,6.8,60.64
"Reinhardt University",womens-soccer,NAIA,"Appalachian Athletic Conference",Eagles,1,"SOAR, the Eagle",#002e5c,#f1b310,https://upload.wikimedia.org/wikipedia/commons/9/91/Reinhardt_univ_horizlogo.png?utm_source=commons.wikimedia.org&utm_campaign=imageinfo&utm_content=original,"wikipedia:Reinhardt University",,,,,,54.28
"Rensselaer Polytechnic Institute",womens-soccer,"NCAA D3","Liberty League",Engineers,1,"Red Hawks / Puckman",#E2231B,#FFFFFF,https://upload.wikimedia.org/wikipedia/commons/c/c9/Rensselear_poly_ny_logo.png?utm_source=commons.wikimedia.org&utm_campaign=imageinfo&utm_content=original,"wikipedia:Rensselaer Polytechnic Institute",,,,,9.5,40.96
"Rhode Island",womens-soccer,"NCAA D1","Atlantic 10",Rams,1,"Rhody the Ram",#002147,#75b2dd,https://upload.wikimedia.org/wikipedia/commons/c/cd/University_of_Rhode_Island_logo.svg?utm_source=commons.wikimedia.org&utm_campaign=imageinfo&utm_content=original,"wikipedia:University of Rhode Island",,,,,6.5,71.78
"Rhodes College",womens-soccer,"NCAA D3","Southern Athletic Association",Lynx,0,Leroy,#EF3A41,#000000,https://upload.wikimedia.org/wikipedia/en/6/64/Rhodes_College_logo.svg?utm_source=en.wikipedia.org&utm_campaign=imageinfo&utm_content=original,"wikipedia:Rhodes College",,,,,8.8,49.97
Rice,womens-soccer,"NCAA D1",American,Owls,1,"Sammy the Owl",,,https://upload.wikimedia.org/wikipedia/en/7/7d/Rice_Logo_280_Blue.svg?utm_source=en.wikipedia.org&utm_campaign=imageinfo&utm_content=original,"wikipedia:Rice University",,,,,,78.38
Richmond,womens-soccer,"NCAA D1","Atlantic 10",Spiders,1,"WebstUR the Spider",,,https://upload.wikimedia.org/wikipedia/commons/d/d0/UR_Shield.svg?utm_source=commons.wikimedia.org&utm_campaign=imageinfo&utm_content=original,"wikipedia:University of Richmond",,,,,,64.38
Rider,womens-soccer,"NCAA D1",Metro,Broncs,1,,#981E32,#6C6F70,https://upload.wikimedia.org/wikipedia/commons/d/d8/Rider_University_wordmark.svg?utm_source=commons.wikimedia.org&utm_campaign=imageinfo&utm_content=original,"wikipedia:Rider University",,,,,5.5,66.84
"Rio Grande (University of)",womens-soccer,NAIA,"River States Conference",Vaqueros,1,Vaqueros,#F05023,#646469,https://upload.wikimedia.org/wikipedia/commons/5/56/University_of_Texas_Rio_Grande_Valley_logo.svg?utm_source=commons.wikimedia.org&utm_campaign=imageinfo&utm_content=original,"wikipedia:University of Texas Rio Grande Valley",,,,,,48.52
"Ripon College",womens-soccer,"NCAA D3","Midwest Conference","Red Hawks",1,"Rally the Red Hawk",#9d2235,#000000,https://upload.wikimedia.org/wikipedia/en/b/bd/Ripon_College_Logo.svg?utm_source=en.wikipedia.org&utm_campaign=imageinfo&utm_content=original,"wikipedia:Ripon College (Wisconsin)",,,,,6.5,36.3
Rivier,womens-soccer,"NCAA D3",,,,,,,,,"Added for coaching-contact coverage; soccer_score/academic_rating are placeholders",,,,6.0,38.0
"Roanoke College",womens-soccer,"NCAA D3","Old Dominion Athletic Conference",Maroons,1,"Rooney (a ""Maroon-tailed Hawk"")",#8F2140,#636B70,https://upload.wikimedia.org/wikipedia/commons/2/2d/RoanokeCollegeWorkmark1.png?utm_source=commons.wikimedia.org&utm_campaign=imageinfo&utm_content=original,"wikipedia:Roanoke College",,,,,6.5,39.95
"Robert Morris",womens-soccer,"NCAA D1",Horizon,Colonials,1,RoMo,#14234B,#FFFFFF,https://upload.wikimedia.org/wikipedia/commons/9/95/Robert_Morris_University_wordmark.svg?utm_source=commons.wikimedia.org&utm_campaign=imageinfo&utm_content=original,"wikipedia:Robert Morris University",,,,,5.0,70.29
"Roberts Wesleyan",womens-soccer,"NCAA D2","East Coast Conference",Redhawks,1,"Reggie the Redhawk",,,,"wikipedia:Roberts Wesleyan University",,1,ECC,agent-research:2025-womens-soccer,5.4,62.25
"Rochester Christian University",womens-soccer,NAIA,"Wolverine-Hoosier Athletic Conference",Warriors,1,,#ce202f,,,"wikipedia:Rochester Christian University",,,,,,46.64
"Rochester Institute of Technology",womens-soccer,"NCAA D3","Liberty League",Tigers,1,"RITchie the Tiger",,,https://upload.wikimedia.org/wikipedia/commons/0/06/RIT_2018_logo_short_orange.svg?utm_source=commons.wikimedia.org&utm_campaign=imageinfo&utm_content=original,"wikipedia:Rochester Institute of Technology",,,,,9.0,45.62
"Rockford University",womens-soccer,"NCAA D3",Independent,Regents,1,"Reggie the Regent",#502d7f,#ffffff,https://upload.wikimedia.org/wikipedia/commons/f/fa/Rockford_University_logo.svg?utm_source=commons.wikimedia.org&utm_campaign=imageinfo&utm_content=original,"wikipedia:Rockford University",,,,,,28.03
Rockhurst,womens-soccer,"NCAA D2","Great Lakes Valley Conference",Hawks,1,Hawk,#0055AF,#FFFFFF,https://upload.wikimedia.org/wikipedia/commons/e/ed/Rockhurst_University_logo.png?utm_source=commons.wikimedia.org&utm_campaign=imageinfo&utm_content=original,"wikipedia:Rockhurst University",,,,,6.8,61.41
"Rocky Mountain College",womens-soccer,NAIA,"Cascade Collegiate Conference","Battlin' Bears",1,,#00582c,#af9c68,,"wikipedia:Rocky Mountain College",,,,,5.6,50.25
"Roger Williams University",womens-soccer,"NCAA D3","Conference of New England",Hawks,1,,,,https://upload.wikimedia.org/wikipedia/commons/4/4c/Roger_Williams_University_logo.png?utm_source=commons.wikimedia.org&utm_campaign=imageinfo&utm_content=original,"wikipedia:Roger Williams University",,,,,6.5,44.95
"Rogers State",womens-soccer,"NCAA D2","Mid-America Intercollegiate Athletics Association",Hillcats,1,"Hunter the Hillcat",,,https://upload.wikimedia.org/wikipedia/en/5/5f/Rogers_State_University_logo.svg?utm_source=en.wikipedia.org&utm_campaign=imageinfo&utm_content=original,"wikipedia:Rogers State University",,,,,5.3,48.44
Rollins,womens-soccer,"NCAA D2","Sunshine State Conference",Tars,1,"Tommy Tar",#0071BA,#FACF00,,"wikipedia:Rollins College",,,,,8.2,57.68
Roosevelt,womens-soccer,"NCAA D2","Great Lakes Intercollegiate Athletic Conference",Lakers,1,"Fala the Laker",#00843d,,https://upload.wikimedia.org/wikipedia/commons/a/ad/Roosevelt_University_Logo.svg?utm_source=commons.wikimedia.org&utm_campaign=imageinfo&utm_content=original,"wikipedia:Roosevelt University",,,,,5.4,46.78
"Rose-Hulman Institute of Technology",womens-soccer,"NCAA D3","Heartland Collegiate Athletic Conference","Fightin' Engineers",1,"Rosie the Elephant",#800000,#FFFFFF,https://upload.wikimedia.org/wikipedia/commons/3/35/Rose%E2%80%93Hulman_Institute_of_Technology_wordmark.svg?utm_source=commons.wikimedia.org&utm_campaign=imageinfo&utm_content=original,"wikipedia:Rose–Hulman Institute of Technology",,1,HCAC,agent-research:2025-womens-soccer,9.5,45.22
"Rowan University",womens-soccer,"NCAA D3","New Jersey Athletic Conference",Profs,1,"Whoo RU the Prof",#57150B,#FFCC00,https://upload.wikimedia.org/wikipedia/en/c/c4/Rowan_University_logo.svg?utm_source=en.wikipedia.org&utm_campaign=imageinfo&utm_content=original,"wikipedia:Rowan University",,,,,6.5,53.37
Rutgers,womens-soccer,"NCAA D1","Big Ten","Scarlet Knights",1,"Sir Henry, the Scarlet Knight",#CC0033,,,"wikipedia:Rutgers University",,,,,8.3,82.35
"Rutgers University-Camden",womens-soccer,"NCAA D3","New Jersey Athletic Conference",,,"Scarlet Raptors",#CC0033,,https://upload.wikimedia.org/wikipedia/commons/b/bf/Rutgers_camden_univ_logo.png?utm_source=commons.wikimedia.org&utm_campaign=imageinfo&utm_content=original,"wikipedia:Rutgers University–Camden",,,,,,37.77
"Rutgers University-Newark",womens-soccer,"NCAA D3","New Jersey Athletic Conference","Scarlet Raiders",1,"Scarlett Raider the Fox",#CC0033,,https://upload.wikimedia.org/wikipedia/commons/8/8c/Rutgers_newark_univ_logo.png?utm_source=commons.wikimedia.org&utm_campaign=imageinfo&utm_content=original,"wikipedia:Rutgers University–Newark",,,,,,38.71
"SIU Edwardsville",womens-soccer,"NCAA D1","Ohio Valley",Cougars,1,"Eddie the Cougar #57",#CC0000,#FFFFFF,,"wikipedia:Southern Illinois University Edwardsville",,,,,,62.81
SMU,womens-soccer,"NCAA D1",ACC,Mustangs,1,Peruna,#CC0035,#354CA1,https://upload.wikimedia.org/wikipedia/en/6/6d/Southern_Methodist_University_logo.svg?utm_source=en.wikipedia.org&utm_campaign=imageinfo&utm_content=original,"wikipedia:Southern Methodist University",,,,,8.5,81.93
"SUNY Alfred State",womens-soccer,"NCAA D3","Allegheny Mountain Collegiate Conference",Pioneers,1,"Big Blue",,,https://upload.wikimedia.org/wikipedia/commons/9/94/Alfred_state_college_logo.png?utm_source=commons.wikimedia.org&utm_campaign=imageinfo&utm_content=original,"wikipedia:Alfred State College",,,,,6.2,40.24
"SUNY Buffalo State",womens-soccer,"NCAA D3","State University of New York Athletic Conference",Bengals,1,"Benji the Bengal",,,https://upload.wikimedia.org/wikipedia/en/4/45/Buffalo_State_College_logo.svg?utm_source=en.wikipedia.org&utm_campaign=imageinfo&utm_content=original,"wikipedia:Buffalo State University",,,,,,41.01
"SUNY Canton",womens-soccer,"NCAA D3","State University of New York Athletic Conference",Kangaroos,1,Roody,#002D72,#009A44,https://upload.wikimedia.org/wikipedia/commons/9/9d/SUNY_Canton_logo.svg?utm_source=commons.wikimedia.org&utm_campaign=imageinfo&utm_content=original,"wikipedia:State University of New York at Canton",,,,,,25.0
"SUNY Cobleskill",womens-soccer,"NCAA D3","North Atlantic Conference","Fighting Tigers",1,"Coby T. Tiger",#FE5000,#000000,https://upload.wikimedia.org/wikipedia/commons/2/22/SUNY_Cobleskill_wordmark.svg?utm_source=commons.wikimedia.org&utm_campaign=imageinfo&utm_content=original,"wikipedia:State University of New York at Cobleskill",,,,,,27.87
"SUNY College at Brockport",womens-soccer,"NCAA D3","Empire 8","Golden Eagles",1,"Ellsworth the Golden Eagle",#00533e,#FFC726,https://upload.wikimedia.org/wikipedia/en/8/8d/SUNY_Brockport_logo.png?utm_source=en.wikipedia.org&utm_campaign=imageinfo&utm_content=original,"wikipedia:SUNY Brockport",,,,,,51.02
"SUNY College at Cortland",womens-soccer,"NCAA D3","State University of New York Athletic Conference","Red Dragons",1,Blaze,,,https://upload.wikimedia.org/wikipedia/commons/6/6a/SUNY_Cortland_Logo.svg?utm_source=commons.wikimedia.org&utm_campaign=imageinfo&utm_content=original,"wikipedia:State University of New York at Cortland",,1,SUNYAC,agent-research:2025-womens-soccer,6.2,50.67
"SUNY College at Geneseo",womens-soccer,"NCAA D3","Empire 8",Knights,1,"Victor E. Knight",#003087,#9ea2a2,https://upload.wikimedia.org/wikipedia/en/a/a6/SUNY_Geneseo_logo.svg?utm_source=en.wikipedia.org&utm_campaign=imageinfo&utm_content=original,"wikipedia:State University of New York at Geneseo",,,,,8.5,44.29
"SUNY Delhi",womens-soccer,"NCAA D3","North Atlantic Conference",Broncos,1,"Blaze the Bronco",#2C5324,#FFC72C,https://upload.wikimedia.org/wikipedia/commons/2/29/SUNY_Delhi_logo.svg?utm_source=commons.wikimedia.org&utm_campaign=imageinfo&utm_content=original,"wikipedia:State University of New York at Delhi",,,,,,43.17
"SUNY Fredonia",womens-soccer,"NCAA D3","State University of New York Athletic Conference","Blue Devils",1,Freddy,#0033AB,#FFFFFF,https://upload.wikimedia.org/wikipedia/en/1/1a/SUNY_Fredonia_logo.svg?utm_source=en.wikipedia.org&utm_campaign=imageinfo&utm_content=original,"wikipedia:State University of New York at Fredonia",,,,,,42.55
"SUNY Maritime College",womens-soccer,"NCAA D3","Skyline Conference",Privateers,1,"Privateer Pete",,,https://upload.wikimedia.org/wikipedia/en/c/cd/SUNY_Maritime_logo.svg?utm_source=en.wikipedia.org&utm_campaign=imageinfo&utm_content=original,"wikipedia:State University of New York Maritime College",,,,,,37.1
"SUNY Morrisville",womens-soccer,"NCAA D3","State University of New York Athletic Conference",Mustangs,1,Mustangs,#00502F,,https://upload.wikimedia.org/wikipedia/en/2/28/SUNY_Morrisville_Logo.png?utm_source=en.wikipedia.org&utm_campaign=imageinfo&utm_content=original,athletics-domain:morrisvillemustangs.com,"nickname recovered from the school's own athletics hostname; its Wikipedia article states none. Confirmed by that site's title (""SUNY Morrisville - Official Athletics Website"").",,,,,32.12
"SUNY New Paltz",womens-soccer,"NCAA D3","State University of New York Athletic Conference",Hawks,1,"Hugo the Hawk",,,https://upload.wikimedia.org/wikipedia/commons/a/af/SUNY_New_Paltz_logo.svg?utm_source=commons.wikimedia.org&utm_campaign=imageinfo&utm_content=original,"wikipedia:State University of New York at New Paltz",,,,,6.2,47.62
"SUNY Old Westbury",womens-soccer,"NCAA D3","Skyline Conference",Panthers,1,"OWWIN the Panther",#00693E,#FFFFF0,https://upload.wikimedia.org/wikipedia/en/2/2f/SUNY_Old_Westbury_logo.svg?utm_source=en.wikipedia.org&utm_campaign=imageinfo&utm_content=original,"wikipedia:State University of New York at Old Westbury",,,,,6.2,38.56
"SUNY Oneonta",womens-soccer,"NCAA D3","State University of New York Athletic Conference","Red Dragons",1,,,,https://upload.wikimedia.org/wikipedia/commons/9/9a/Suny_oneota_textlogo.png?utm_source=commons.wikimedia.org&utm_campaign=imageinfo&utm_content=original,"wikipedia:State University of New York at Oneonta",,,,,6.2,36.66
"SUNY Oswego",womens-soccer,"NCAA D3","State University of New York Athletic Conference",Lakers,1,,#355E3B,#FFCC33,https://upload.wikimedia.org/wikipedia/en/1/10/SUNY_Oswego_logo.svg?utm_source=en.wikipedia.org&utm_campaign=imageinfo&utm_content=original,"wikipedia:State University of New York at Oswego",,,,,6.2,42.33
"SUNY Plattsburgh",womens-soccer,"NCAA D3","State University of New York Athletic Conference",Cardinals,1,Burghy,#C8102E,#27251F,https://upload.wikimedia.org/wikipedia/commons/a/ae/State_University_of_New_York_at_Plattsburgh_wordmark.svg?utm_source=commons.wikimedia.org&utm_campaign=imageinfo&utm_content=original,"wikipedia:State University of New York at Plattsburgh",,,,,,42.11
"SUNY Polytechnic Institute",womens-soccer,"NCAA D3","Empire 8",Wildcats,1,"Walter T. Wildcat",#002D72,#EAAA00,https://upload.wikimedia.org/wikipedia/commons/d/d6/SUNY_Polytechnic_Institute_wordmark.svg?utm_source=commons.wikimedia.org&utm_campaign=imageinfo&utm_content=original,"wikipedia:SUNY Polytechnic Institute",,,,,,34.25
"SUNY Potsdam",womens-soccer,"NCAA D3","State University of New York Athletic Conference",Bears,1,"Max C. Bear",#8A1538,#A2AAAD,https://upload.wikimedia.org/wikipedia/en/d/d3/SUNY_Potsdam_logo.svg?utm_source=en.wikipedia.org&utm_campaign=imageinfo&utm_content=original,"wikipedia:State University of New York at Potsdam",,,,,6.2,36.96
"SUNY Purchase College",womens-soccer,"NCAA D3","Skyline Conference",Panthers,1,Perseus,,,,"wikipedia:Purchase College",,,,,,32.9
"Sacramento State",womens-soccer,"NCAA D1","Big West",Hornets,1,"Herky the Hornet",,,https://upload.wikimedia.org/wikipedia/commons/c/cc/California_State_University%2C_Sacramento_logo.svg?utm_source=commons.wikimedia.org&utm_campaign=imageinfo&utm_content=original,"wikipedia:California State University, Sacramento",,,,,5.8,66.34
"Sacred Heart",womens-soccer,"NCAA D1",Metro,Pioneers,1,"""Big Red"" the Pioneer",#DC143C,#FFFFFF,https://upload.wikimedia.org/wikipedia/commons/7/7c/Sacred_Heart_University_logo.png?utm_source=commons.wikimedia.org&utm_campaign=imageinfo&utm_content=original,"wikipedia:Sacred Heart University",,1,MAAC,"wikipedia:2025 NCAA Division I women's soccer tournament",5.8,70.04
"Saginaw Valley State",womens-soccer,"NCAA D2","Great Lakes Intercollegiate Athletic Conference",Cardinals,1,,#003663,#990000,https://upload.wikimedia.org/wikipedia/commons/e/e2/Saginaw_Valley_State_University_logo.svg?utm_source=commons.wikimedia.org&utm_campaign=imageinfo&utm_content=original,"wikipedia:Saginaw Valley State University",,,,,5.3,61.89
"Saint Ambrose University",womens-soccer,NAIA,"Chicagoland Collegiate Athletic Conference","Fighting Bees",1,,#00529b,,,"wikipedia:St. Ambrose University",,1,CCAC,agent-research:2025-womens-soccer,6.8,56.15
"Saint Anselm",womens-soccer,"NCAA D2","Northeast-10 Conference",Hawks,1,,#143E5F,,https://upload.wikimedia.org/wikipedia/commons/6/6b/Saint_Anselm_College_wordmark.svg?utm_source=commons.wikimedia.org&utm_campaign=imageinfo&utm_content=original,"wikipedia:Saint Anselm College",,1,Northeast-10,agent-research:2025-womens-soccer,7.0,59.52
"Saint Elizabeth University",womens-soccer,"NCAA D3","United East Conference",Eagles,1,Eagle,,,https://upload.wikimedia.org/wikipedia/commons/3/37/St_elizabeth_univ_nj_logo.svg?utm_source=commons.wikimedia.org&utm_campaign=imageinfo&utm_content=original,"wikipedia:Saint Elizabeth University",,,,,,36.92
"Saint John Fisher University",womens-soccer,"NCAA D3","Empire 8",Cardinals,1,"Beaks The Cardinal",,,https://upload.wikimedia.org/wikipedia/commons/3/3d/Fisger_univ_textlogo.png?utm_source=commons.wikimedia.org&utm_campaign=imageinfo&utm_content=original,"wikipedia:St. John Fisher University",,1,"Empire 8",agent-research:2025-womens-soccer,6.5,47.6
"Saint Joseph's",womens-soccer,"NCAA D1","Atlantic 10",Hawks,1,"The Hawk",#9E1b32,#6C6F70,https://upload.wikimedia.org/wikipedia/en/5/54/Saint_Joseph%27s_University_logo.svg?utm_source=en.wikipedia.org&utm_campaign=imageinfo&utm_content=original,"wikipedia:Saint Joseph's University",,,,,7.2,68.5
"Saint Leo",womens-soccer,"NCAA D2","Sunshine State Conference",Lions,1,"""Fritz""",#008000,#FFCC00,https://upload.wikimedia.org/wikipedia/en/e/e9/Saint_Leo_University_logo.svg?utm_source=en.wikipedia.org&utm_campaign=imageinfo&utm_content=original,"wikipedia:Saint Leo University",,,,,5.4,53.74
"Saint Louis",womens-soccer,"NCAA D1","Atlantic 10",Billikens,1,,#003DA5,#FFFFFF,https://upload.wikimedia.org/wikipedia/en/4/4b/Saint_Louis_University_logo.svg?utm_source=en.wikipedia.org&utm_campaign=imageinfo&utm_content=original,"wikipedia:Saint Louis University",,,,,7.8,84.13
"Saint Martin's",womens-soccer,"NCAA D2","Great Northwest Athletic Conference",Saints,1,,,,https://upload.wikimedia.org/wikipedia/en/a/ab/Saint_martin_univ_logo.png?utm_source=en.wikipedia.org&utm_campaign=imageinfo&utm_content=original,"wikipedia:Saint Martin's University",,,,,5.4,45.29
"Saint Mary's",womens-soccer,"NCAA D1","West Coast",Belles,1,Belle,,,https://upload.wikimedia.org/wikipedia/commons/2/26/SMC_Logo_CMYK.svg?utm_source=commons.wikimedia.org&utm_campaign=imageinfo&utm_content=original,"wikipedia:Saint Mary's College (Indiana)",,,,,8.2,81.44
"Saint Mary's College (IN)",womens-soccer,"NCAA D3","Michigan Intercollegiate Athletic Association",Gaels,1,Gael,#D80024,#06315B,https://upload.wikimedia.org/wikipedia/commons/9/97/Saint_Mary%27s_College_CA_logo.png?utm_source=commons.wikimedia.org&utm_campaign=imageinfo&utm_content=original,"wikipedia:Saint Mary's College of California",,,,,,39.81
"Saint Mary's University of Minnesota",womens-soccer,"NCAA D3","Minnesota Intercollegiate Athletic Conference",Cardinals,1,Cardinal,#213F64,#DA1A32,https://upload.wikimedia.org/wikipedia/commons/d/d8/St_mary_univ_minnesota_logo.png?utm_source=commons.wikimedia.org&utm_campaign=imageinfo&utm_content=original,"wikipedia:Saint Mary's University of Minnesota",,,,,,46.68
"Saint Mary-of-the-Woods College",womens-soccer,NAIA,"River States Conference",Pomeroys,1,Onyx,#579ed2,,https://upload.wikimedia.org/wikipedia/commons/5/55/Logo_of_SMWC.png?utm_source=commons.wikimedia.org&utm_campaign=imageinfo&utm_content=original,"wikipedia:Saint Mary-of-the-Woods College",,,,,,37.88
"Saint Michael's",womens-soccer,"NCAA D2","Northeast-10 Conference","Purple Knights",1,,#652d8a,#cfab7a,https://upload.wikimedia.org/wikipedia/commons/3/3c/St_michaels_college_logo.png?utm_source=commons.wikimedia.org&utm_campaign=imageinfo&utm_content=original,"wikipedia:Saint Michael's College",,,,,7.0,65.03
"Saint Norbert College",womens-soccer,"NCAA D3","Northern Athletics Collegiate Conference","Green Knights",1,,#1a472b,#edbd3d,https://upload.wikimedia.org/wikipedia/en/1/14/St._Norbert_College_logo.svg?utm_source=en.wikipedia.org&utm_campaign=imageinfo&utm_content=original,"wikipedia:St. Norbert College",,,,,,36.0
"Saint Peter's",womens-soccer,"NCAA D1",Metro,Peacocks,1,"Peter the Peacock",#003C71,#0072CE,https://upload.wikimedia.org/wikipedia/en/3/3b/Saint_Peter%27s_University_logo.svg?utm_source=en.wikipedia.org&utm_campaign=imageinfo&utm_content=original,"wikipedia:Saint Peter's University",,,,,4.8,65.57
"Saint Vincent College",womens-soccer,"NCAA D3","Presidents' Athletic Conference",Bearcats,1,Bearcat,#1e5632,#daad28,https://upload.wikimedia.org/wikipedia/commons/e/e2/St_vincent_college_textlogo.png?utm_source=commons.wikimedia.org&utm_campaign=imageinfo&utm_content=original,"wikipedia:Saint Vincent College",,,,,6.5,49.29
"Saint Xavier University",womens-soccer,NAIA,"Chicagoland Collegiate Athletic Conference",Cougars,1,Cougar,,,https://upload.wikimedia.org/wikipedia/en/f/fc/Saint_Xavier_University_logo.svg?utm_source=en.wikipedia.org&utm_campaign=imageinfo&utm_content=original,"wikipedia:Saint Xavier University",,,,,,50.93
Salem,womens-soccer,"NCAA D2",Independent,Tigers,1,Tiger,,,https://upload.wikimedia.org/wikipedia/commons/2/29/Salem_University_logo_green.svg?utm_source=commons.wikimedia.org&utm_campaign=imageinfo&utm_content=original,athletics-domain:salemtigers.com,"nickname recovered from the school's own athletics hostname; its Wikipedia article states none. Confirmed by that site's title (""Salem University Athletics - Official Athletics Website"").",,,,4.6,39.0
"Salem College",womens-soccer,"NCAA D3","USA South Athletic Conference",Spirits,1,,,,https://upload.wikimedia.org/wikipedia/commons/5/5d/Salem_college_textlogo.png?utm_source=commons.wikimedia.org&utm_campaign=imageinfo&utm_content=original,"wikipedia:Salem College",,,,,,35.14
"Salem State University",womens-soccer,"NCAA D3","Massachusetts State Collegiate Athletic Conference",Vikings,1,,#273683,#E26A32,https://upload.wikimedia.org/wikipedia/en/4/4c/Salem_State_University_logo.svg?utm_source=en.wikipedia.org&utm_campaign=imageinfo&utm_content=original,"wikipedia:Salem State University",,,,,,35.79
"Salisbury University",womens-soccer,"NCAA D3","Coast-to-Coast Athletic Conference","Sea Gulls",1,"Sammy the Sea Gull",,,https://upload.wikimedia.org/wikipedia/commons/0/04/Salisbury_University_logo.svg?utm_source=commons.wikimedia.org&utm_campaign=imageinfo&utm_content=original,"wikipedia:Salisbury University",,,,,6.5,39.28
"Salve Regina University",womens-soccer,"NCAA D3","New England Women's and Men's Athletic Conference",Seahawks,1,Seahawk,#002855,#FFFFFF,https://upload.wikimedia.org/wikipedia/commons/1/1e/Salve_regina_univ_centerlogo.png?utm_source=commons.wikimedia.org&utm_campaign=imageinfo&utm_content=original,"wikipedia:Salve Regina University",,,,,6.5,33.71
"Sam Houston",womens-soccer,"NCAA D1",CUSA,Bearkats,1,"Sammy Bearkat",,,https://upload.wikimedia.org/wikipedia/commons/c/cf/Sam_Houston_State_University_logo.svg?utm_source=commons.wikimedia.org&utm_campaign=imageinfo&utm_content=original,"wikipedia:Sam Houston State University",,,,,,70.84
Samford,womens-soccer,"NCAA D1",Southern,Bulldogs,1,Sam,,,https://upload.wikimedia.org/wikipedia/en/1/17/Official_Samford_University_logo_-_2016.png?utm_source=en.wikipedia.org&utm_campaign=imageinfo&utm_content=original,"wikipedia:Samford University",,1,SoCon,"wikipedia:2025 NCAA Division I women's soccer tournament",,78.46
"San Diego",womens-soccer,"NCAA D1","West Coast",Tritons,1,"King Triton",#182B49,#00629B,https://upload.wikimedia.org/wikipedia/commons/c/cc/University_of_California%2C_San_Diego_logo.svg?utm_source=commons.wikimedia.org&utm_campaign=imageinfo&utm_content=original,"wikipedia:University of California, San Diego",,,,,8.0,64.63
"San Diego State",womens-soccer,"NCAA D1",Pac-12,Aztecs,1,"Aztec warrior",#D41736,#000000,https://upload.wikimedia.org/wikipedia/commons/5/59/San_Diego_State_University_primary_logo.svg?utm_source=commons.wikimedia.org&utm_campaign=imageinfo&utm_content=original,"wikipedia:San Diego State University",,,,,7.8,75.34
"San Francisco",womens-soccer,"NCAA D1","West Coast",Dons,1,"The Don, a Spanish nobleman",#00543C,#FDBB30,https://upload.wikimedia.org/wikipedia/en/0/0a/University_of_San_Francisco_%28logo%29.png?utm_source=en.wikipedia.org&utm_campaign=imageinfo&utm_content=original,"wikipedia:University of San Francisco",,,,,8.0,69.19
"San Francisco State",womens-soccer,"NCAA D2","California Collegiate Athletic Association",Gators,1,Gator,#231161,#CD9700,,"wikipedia:San Francisco State University",,,,,5.3,42.93
"San Jose State",womens-soccer,"NCAA D1","Mountain West",Spartans,1,"Sammy Spartan",#0055A2,#E5A823,https://upload.wikimedia.org/wikipedia/commons/0/00/San_Jose_State_University_logo.svg?utm_source=commons.wikimedia.org&utm_campaign=imageinfo&utm_content=original,"wikipedia:San Jose State University",,,,,6.2,60.8
"Santa Clara",womens-soccer,"NCAA D1","West Coast",Broncos,1,"Bucky Bronco",,,https://upload.wikimedia.org/wikipedia/commons/3/35/Santa_Clara_University_Text_Logo_Stacked.png?utm_source=commons.wikimedia.org&utm_campaign=imageinfo&utm_content=original,"wikipedia:Santa Clara University",,,,,8.8,82.61
"Sarah Lawrence College",womens-soccer,"NCAA D3","Skyline Conference",,,Gryphons,,,https://upload.wikimedia.org/wikipedia/commons/3/32/Sarahlawrence_college_logo.png?utm_source=commons.wikimedia.org&utm_campaign=imageinfo&utm_content=original,"wikipedia:Sarah Lawrence College",,,,,8.8,45.64
"Savannah College of Art and Design",womens-soccer,NAIA,"Sun Conference",Bees,1,"Art the Bee",,,https://upload.wikimedia.org/wikipedia/commons/a/ad/Scad_college_art_design_logo.png?utm_source=commons.wikimedia.org&utm_campaign=imageinfo&utm_content=original,"wikipedia:Savannah College of Art and Design",,,,,,59.74
"Schreiner University",womens-soccer,"NCAA D3","Southern Collegiate Athletic Conference",Mountaineers,1,"Monty the Mountain Lion",#892034,#FFFFFF,https://upload.wikimedia.org/wikipedia/commons/1/13/Schreiner_univ_textlogo.png?utm_source=commons.wikimedia.org&utm_campaign=imageinfo&utm_content=original,"wikipedia:Schreiner University",,,,,,35.28
"Scripps College",womens-soccer,"NCAA D3","Southern California Intercollegiate Athletic Conference",Athenas,1,"(""she who sows"")",#34745c,,https://upload.wikimedia.org/wikipedia/commons/d/d2/Scripps_College_logo.svg?utm_source=commons.wikimedia.org&utm_campaign=imageinfo&utm_content=original,"wikipedia:Scripps College",,,,,,47.66
Seattle,womens-soccer,"NCAA D1","West Coast",Redhawks,1,"Rudy the Redhawk",,,https://upload.wikimedia.org/wikipedia/commons/e/eb/Seattle_University_Logo_red_background.svg?utm_source=commons.wikimedia.org&utm_campaign=imageinfo&utm_content=original,"wikipedia:Seattle University",,,,,6.8,81.98
"Seattle Pacific",womens-soccer,"NCAA D2","Great Northwest Athletic Conference",Falcons,1,"Talon the Falcon",,,https://upload.wikimedia.org/wikipedia/commons/0/05/Seattle_pacific_univ_logo.png?utm_source=commons.wikimedia.org&utm_campaign=imageinfo&utm_content=original,"wikipedia:Seattle Pacific University",,,,,5.4,61.73
"Seton Hall",womens-soccer,"NCAA D1","Big East",Pirates,1,Pirate,#004488,#A2AAAD,https://upload.wikimedia.org/wikipedia/en/e/e6/Seton_Hall_University_Logotype.svg?utm_source=en.wikipedia.org&utm_campaign=imageinfo&utm_content=original,"wikipedia:Seton Hall University",,,,,7.4,67.76
"Seton Hill",womens-soccer,"NCAA D2","Pennsylvania State Athletic Conference",Griffins,1,Griffin,,,https://upload.wikimedia.org/wikipedia/commons/8/84/Seton_hill_univ_logo.png?utm_source=commons.wikimedia.org&utm_campaign=imageinfo&utm_content=original,"wikipedia:Seton Hill University",,,,,5.4,50.96
"Sewanee: The University of the South",womens-soccer,"NCAA D3","Southern Athletic Association",Tigers,1,,#582C83,#FFB81C,https://upload.wikimedia.org/wikipedia/commons/2/2b/Sewanee.png?utm_source=commons.wikimedia.org&utm_campaign=imageinfo&utm_content=original,"wikipedia:Sewanee: The University of the South",,,,,,51.51
Shaw,womens-soccer,"NCAA D2",Independent,Bears,1,"The Bear",,,https://upload.wikimedia.org/wikipedia/commons/8/87/Shaw_university_logo.png?utm_source=commons.wikimedia.org&utm_campaign=imageinfo&utm_content=original,"wikipedia:Shaw University",,,,,4.6,63.01
"Shawnee State University",womens-soccer,NAIA,"River States Conference",Bears,1,,#013e7d,#c5c6c8,https://upload.wikimedia.org/wikipedia/en/1/13/ShawneeStateU.PNG?utm_source=en.wikipedia.org&utm_campaign=imageinfo&utm_content=original,"wikipedia:Shawnee State University",,,,,,42.86
"Shenandoah University",womens-soccer,"NCAA D3","Old Dominion Athletic Conference",Hornets,1,,#98002E,#002D62,https://upload.wikimedia.org/wikipedia/commons/7/77/Shenandoah_univ_virginia_logo.svg?utm_source=commons.wikimedia.org&utm_campaign=imageinfo&utm_content=original,"wikipedia:Shenandoah University",,,,,6.5,44.13
Shepherd,womens-soccer,"NCAA D2","Pennsylvania State Athletic Conference",Rams,1,"JC the Ram",#FABD00,#011e41,https://upload.wikimedia.org/wikipedia/commons/e/ed/Sheph_university_brand_logo.png?utm_source=commons.wikimedia.org&utm_campaign=imageinfo&utm_content=original,"wikipedia:Shepherd University",,1,PSAC,agent-research:2025-womens-soccer,5.4,65.43
Shippensburg,womens-soccer,"NCAA D2","Pennsylvania State Athletic Conference",Raiders,1,"Big Red and Shippo the Hippo",,,https://upload.wikimedia.org/wikipedia/commons/8/80/Shippensburg_university_textlogo.png?utm_source=commons.wikimedia.org&utm_campaign=imageinfo&utm_content=original,"wikipedia:Shippensburg University",,,,,5.4,51.26
Shorter,womens-soccer,"NCAA D2","Conference Carolinas",Hawks,1,"Alfred the Hawk",,,https://upload.wikimedia.org/wikipedia/commons/0/02/Shorter_univ_simplelogo.png?utm_source=commons.wikimedia.org&utm_campaign=imageinfo&utm_content=original,"wikipedia:Shorter University",,,,,4.6,38.0
Siena,womens-soccer,"NCAA D1",Metro,Saints,1,"Bernie ""Saint"" Bernard (St. Bernard Dog)",#008933,#FFC91F,,"wikipedia:Siena University (New York)",,,,,5.8,70.54
"Siena Heights University",womens-soccer,NAIA,"Wolverine-Hoosier Athletic Conference",Saints,1,"Halo the Husky Dog",,,https://upload.wikimedia.org/wikipedia/en/e/e7/Siena_Heights_University_logo.png?utm_source=en.wikipedia.org&utm_campaign=imageinfo&utm_content=original,"wikipedia:Siena Heights University",,,,,5.6,54.92
Simmons,womens-soccer,"NCAA D3",,,,,,,,,"Added for coaching-contact coverage; soccer_score/academic_rating are placeholders",,,,6.0,38.0
"Simon Fraser",womens-soccer,"NCAA D2","Great Northwest Athletic Conference","Red Leafs",1,"Red Leafs",#CC0633,#A6192E,https://upload.wikimedia.org/wikipedia/en/9/97/Simon_Fraser_University_Logo.svg?utm_source=en.wikipedia.org&utm_campaign=imageinfo&utm_content=original,"wikipedia:Simon Fraser University",,1,GNAC,agent-research:2025-womens-soccer,7.2,63.87
"Simpson College",womens-soccer,"NCAA D3","American Rivers Conference","The Storm",0,"Thunder the Elephant",#9F0129,#F7AF00,https://upload.wikimedia.org/wikipedia/commons/9/98/Simpson_college_logo.png?utm_source=commons.wikimedia.org&utm_campaign=imageinfo&utm_content=original,"wikipedia:Simpson College",,,,,,50.3
"Simpson University",womens-soccer,NAIA,"California Pacific Conference","Red Hawks",1,,#d90000,,,"wikipedia:Simpson University",,,,,,47.57
"Sioux Falls",womens-soccer,"NCAA D2","Northern Sun Intercollegiate Conference",Cougars,1,,#4c3391,,https://upload.wikimedia.org/wikipedia/commons/6/6c/Usf_sioux_falls_full_logo.png?utm_source=commons.wikimedia.org&utm_campaign=imageinfo&utm_content=original,"wikipedia:University of Sioux Falls",,,,,,45.35
"Skidmore College",womens-soccer,"NCAA D3","Liberty League",Thoroughbreds,1,Thoroughbreds,#1f6855,#ffcc00,https://upload.wikimedia.org/wikipedia/commons/d/df/Skidmore_college_logo.png?utm_source=commons.wikimedia.org&utm_campaign=imageinfo&utm_content=original,"wikipedia:Skidmore College",,,,,9.2,45.29
"Slippery Rock",womens-soccer,"NCAA D2","Pennsylvania State Athletic Conference",,,"Rocky – The Pride of the Rock",,,https://upload.wikimedia.org/wikipedia/commons/3/3b/Slippery_rock_univ_logo.png?utm_source=commons.wikimedia.org&utm_campaign=imageinfo&utm_content=original,"wikipedia:Slippery Rock University",,,,,5.4,63.8
"Smith College",womens-soccer,"NCAA D3","New England Women's and Men's Athletic Conference",Bears,1,,,,https://upload.wikimedia.org/wikipedia/commons/3/37/Smith_college_textlogo.svg?utm_source=commons.wikimedia.org&utm_campaign=imageinfo&utm_content=original,"wikipedia:Smith College",,,,,10.0,35.54
"Soka University of America",womens-soccer,NAIA,"Great Southwest Athletic Conference",Lions,1,Lion,#10147f,#ffc72a,,"wikipedia:Soka University of America",,,,,,49.05
"South Alabama",womens-soccer,"NCAA D1","Sun Belt",Jaguars,1,"South Paw / Miss Pawla",,,https://upload.wikimedia.org/wikipedia/commons/a/a1/University_of_South_Alabama_wordmark.svg?utm_source=commons.wikimedia.org&utm_campaign=imageinfo&utm_content=original,"wikipedia:University of South Alabama",,,,,,79.5
"South Carolina",womens-soccer,"NCAA D1",SEC,Gamecocks,1,Cocky,,,https://upload.wikimedia.org/wikipedia/en/5/56/University_of_South_Carolina_horizontal_logo.svg?utm_source=en.wikipedia.org&utm_campaign=imageinfo&utm_content=original,"wikipedia:University of South Carolina",,,,,7.9,88.52
"South Carolina Aiken",womens-soccer,"NCAA D2","Peach Belt Conference",Pacers,1,"Ace the Pacer",#002341,#FF0039,,"wikipedia:University of South Carolina Aiken",,,,,5.4,51.63
"South Carolina Beaufort",womens-soccer,"NCAA D2","Peach Belt Conference","Sand Sharks",1,Finnegan,,,https://upload.wikimedia.org/wikipedia/en/3/3c/USC_Beaufort_logo.png?utm_source=en.wikipedia.org&utm_campaign=imageinfo&utm_content=original,"wikipedia:University of South Carolina Beaufort",,,,,,61.26
"South Carolina State",womens-soccer,"NCAA D1",Independent,Bulldogs,1,,#993333,#003366,,"wikipedia:South Carolina State University",,,,,7.9,55.0
"South Dakota",womens-soccer,"NCAA D1",Summit,Coyotes,1,"Charlie Coyote",#AD0000,#FFFFFF,https://upload.wikimedia.org/wikipedia/commons/9/98/University_of_South_Dakota_logo.svg?utm_source=commons.wikimedia.org&utm_campaign=imageinfo&utm_content=original,"wikipedia:University of South Dakota",,,,,,65.36
"South Dakota State",womens-soccer,"NCAA D1",Summit,Jackrabbits,1,"Jack the Jackrabbit",#FFD100,#0033A0,https://upload.wikimedia.org/wikipedia/en/e/e7/SDSU_South_Dakota_State_University_Logo.png?utm_source=en.wikipedia.org&utm_campaign=imageinfo&utm_content=original,"wikipedia:South Dakota State University",,1,"Summit League","wikipedia:2025 NCAA Division I women's soccer tournament",,75.99
"South Florida",womens-soccer,"NCAA D1",American,Bulls,1,"Rocky D. Bull",,,https://upload.wikimedia.org/wikipedia/en/3/3b/University_of_South_Florida_logo.svg?utm_source=en.wikipedia.org&utm_campaign=imageinfo&utm_content=original,"wikipedia:University of South Florida",,,,,6.8,81.41
"Southeast Missouri State",womens-soccer,"NCAA D1","Ohio Valley",Redhawks,1,"Rowdy the Redhawk",#C8102E,#000000,,"wikipedia:Southeast Missouri State University",,,,,5.8,61.88
"Southeastern Louisiana",womens-soccer,"NCAA D1",Southland,Lions,1,"Roomie the Lion",#1B5633,#FFC629,https://upload.wikimedia.org/wikipedia/commons/a/af/Southeastern_Louisiana_University_logo.png?utm_source=commons.wikimedia.org&utm_campaign=imageinfo&utm_content=original,"wikipedia:Southeastern Louisiana University",,,,,,65.63
"Southeastern University (Florida)",womens-soccer,NAIA,"Sun Conference",Fire,0,Scorch,,,https://upload.wikimedia.org/wikipedia/commons/f/f3/Southeastern_univ_flamelogo.png?utm_source=commons.wikimedia.org&utm_campaign=imageinfo&utm_content=original,"wikipedia:Southeastern University",,1,"Sun Conference",agent-research:2025-womens-soccer,6.5,55.77
Southern,womens-soccer,"NCAA D1",SWAC,Jaguars,1,,,,https://upload.wikimedia.org/wikipedia/commons/e/e9/Southern_University_wordmark.svg?utm_source=commons.wikimedia.org&utm_campaign=imageinfo&utm_content=original,"wikipedia:Southern University",,,,,5.5,65.36
"Southern Connecticut State",womens-soccer,"NCAA D2","Northeast-10 Conference",Owls,1,"Otus the Owl",#003399,#FFFFFF,https://upload.wikimedia.org/wikipedia/commons/5/5f/Scsu_univ_textlogo.png?utm_source=commons.wikimedia.org&utm_campaign=imageinfo&utm_content=original,"wikipedia:Southern Connecticut State University",,,,,5.3,51.94
"Southern Illinois",womens-soccer,"NCAA D1","Missouri Valley",Salukis,1,Saluki,#6c0633,#171717,https://upload.wikimedia.org/wikipedia/commons/2/2b/Southern_Illinois_University_Carbondale.svg?utm_source=commons.wikimedia.org&utm_campaign=imageinfo&utm_content=original,"wikipedia:Southern Illinois University Carbondale",,,,,,70.05
"Southern Indiana",womens-soccer,"NCAA D1","Ohio Valley","Screaming Eagles",1,"Archibald Eagle (Archie)",#C41E3A,#1D2951,https://upload.wikimedia.org/wikipedia/commons/1/18/University_of_Southern_Indiana_Logo.svg?utm_source=commons.wikimedia.org&utm_campaign=imageinfo&utm_content=original,"wikipedia:University of Southern Indiana",,,,,4.8,65.86
"Southern Miss",womens-soccer,"NCAA D1","Sun Belt","Golden Eagles",1,"Seymour d'Campus",,,https://upload.wikimedia.org/wikipedia/en/2/2b/University_of_Southern_Mississippi_logo.svg?utm_source=en.wikipedia.org&utm_campaign=imageinfo&utm_content=original,"wikipedia:University of Southern Mississippi",,,,,,62.51
"Southern Nazarene",womens-soccer,"NCAA D2","Great American Conference","Crimson Storm",0,,#a20b35,#FFFFFF,https://upload.wikimedia.org/wikipedia/commons/f/f5/Southern_nazarene_univ_logo.png?utm_source=commons.wikimedia.org&utm_campaign=imageinfo&utm_content=original,"wikipedia:Southern Nazarene University",,,,,5.5,55.24
"Southern New Hampshire",womens-soccer,"NCAA D2","Northeast-10 Conference",Penmen,1,"Petey Penmen",#001E60,#F2A900,https://upload.wikimedia.org/wikipedia/en/9/97/Logo_of_SNHU.svg?utm_source=en.wikipedia.org&utm_campaign=imageinfo&utm_content=original,"wikipedia:Southern New Hampshire University",,,,,5.4,58.49
"Southern Oregon University",womens-soccer,NAIA,"Cascade Collegiate Conference",Raiders,1,"Red-tailed hawk",#cf142b,,https://upload.wikimedia.org/wikipedia/commons/f/f1/South_oregon_univ_logo.png?utm_source=commons.wikimedia.org&utm_campaign=imageinfo&utm_content=original,"wikipedia:Southern Oregon University",,,,,6.5,54.52
"Southern Utah",womens-soccer,"NCAA D1","Big Sky",Thunderbirds,1,,#E91D2D,#FFFFFF,https://upload.wikimedia.org/wikipedia/commons/0/0e/SUU_Academic_Logo_2016.png?utm_source=commons.wikimedia.org&utm_campaign=imageinfo&utm_content=original,"wikipedia:Southern Utah University",,,,,,61.23
"Southern Virginia University",womens-soccer,"NCAA D3","USA South Athletic Conference",Knights,1,,#892333,#ffffff,https://upload.wikimedia.org/wikipedia/commons/3/37/South_virginia_univ_textlogo.svg?utm_source=commons.wikimedia.org&utm_campaign=imageinfo&utm_content=original,"wikipedia:Southern Virginia University",,,,,6.5,45.73
"Southern Wesleyan",womens-soccer,"NCAA D2","Conference Carolinas",Warriors,1,"Ty the Warrior",,,https://upload.wikimedia.org/wikipedia/commons/9/98/South_wesleyan_univ_logo.png?utm_source=commons.wikimedia.org&utm_campaign=imageinfo&utm_content=original,"wikipedia:Southern Wesleyan University",,,,,5.4,50.06
"Southwest Baptist",womens-soccer,"NCAA D2","Great Lakes Valley Conference",Bearcats,1,,,,https://upload.wikimedia.org/wikipedia/commons/f/f5/South_baptist_univ_logo.png?utm_source=commons.wikimedia.org&utm_campaign=imageinfo&utm_content=original,"wikipedia:Southwest Baptist University",,,,,5.5,44.34
"Southwest Minnesota State",womens-soccer,"NCAA D2","Northern Sun Intercollegiate Conference",Mustangs,1,,#3A1807,#BCAA71,https://upload.wikimedia.org/wikipedia/commons/9/9d/Southwest_msu_logo.svg?utm_source=commons.wikimedia.org&utm_campaign=imageinfo&utm_content=original,"wikipedia:Southwest Minnesota State University",,,,,,46.63
"Southwestern Christian University",womens-soccer,NAIA,"Sooner Athletic Conference",Eagles,1,,#0039a6,,,"wikipedia:Southwestern Christian University",,,,,,47.05
"Southwestern College (Kansas)",womens-soccer,NAIA,"Kansas Collegiate Athletic Conference",Moundbuilders,1,,,,https://upload.wikimedia.org/wikipedia/en/f/f8/SouthwesternCollege-logo.png?utm_source=en.wikipedia.org&utm_campaign=imageinfo&utm_content=original,"wikipedia:Southwestern College (Kansas)",,,,,,45.71
"Southwestern Oklahoma State",womens-soccer,"NCAA D2","Great American Conference",Bulldogs,1,,#1B365D,#ffffff,https://upload.wikimedia.org/wikipedia/commons/a/a7/Swosu_oklahoma_logo.png?utm_source=commons.wikimedia.org&utm_campaign=imageinfo&utm_content=original,"wikipedia:Southwestern Oklahoma State University",,,,,,56.7
"Southwestern University",womens-soccer,"NCAA D3","Southern Athletic Association",Pirates,1,"The Captain",#FFCC33,,https://upload.wikimedia.org/wikipedia/commons/7/77/SU-signature.png?utm_source=commons.wikimedia.org&utm_campaign=imageinfo&utm_content=original,"wikipedia:Southwestern University",,,,,,41.8
"Spalding University",womens-soccer,"NCAA D3","St. Louis Intercollegiate Athletic Conference","Golden Eagles",1,"Ollie the Eagle",,,https://upload.wikimedia.org/wikipedia/commons/1/17/Spalding_univ_logo.png?utm_source=commons.wikimedia.org&utm_campaign=imageinfo&utm_content=original,"wikipedia:Spalding University",,,,,,46.68
"Spartanburg Methodist College",womens-soccer,NAIA,"Appalachian Athletic Conference",Pioneers,1,"Big Blue",,,https://upload.wikimedia.org/wikipedia/commons/e/ef/Smcsc.png?utm_source=commons.wikimedia.org&utm_campaign=imageinfo&utm_content=original,"wikipedia:Spartanburg Methodist College",,,,,,48.72
"Spring Arbor University",womens-soccer,NAIA,"Crossroads League",Cougars,1,Cougar,#001641,#ffdd00,https://upload.wikimedia.org/wikipedia/en/1/1f/Spring_Arbor_University_wordmark.svg?utm_source=en.wikipedia.org&utm_campaign=imageinfo&utm_content=original,"wikipedia:Spring Arbor University",,,,,6.5,59.21
"Spring Hill",womens-soccer,"NCAA D2","Gulf South Conference",Badgers,1,Beaumont,,,,"wikipedia:Spring Hill College",,,,,5.4,52.73
"Springfield College",womens-soccer,"NCAA D3","New England Women's and Men's Athletic Conference",Pride,0,"Spirit the Majestic Lion",#862633,#FFFFFF,https://upload.wikimedia.org/wikipedia/commons/8/81/Springfield_College_%28MA%29_logo.png?utm_source=commons.wikimedia.org&utm_campaign=imageinfo&utm_content=original,"wikipedia:Springfield College",,,,,6.5,44.05
"St Lawrence University",womens-soccer,"NCAA D3","Liberty League",Saints,1,,,,https://upload.wikimedia.org/wikipedia/commons/1/1e/St_lawrence_univ_logo.png?utm_source=commons.wikimedia.org&utm_campaign=imageinfo&utm_content=original,"wikipedia:St. Lawrence University",,,,,8.8,41.89
"St Mary's College of Maryland",womens-soccer,"NCAA D3","United East Conference",Seahawks,1,,,,https://upload.wikimedia.org/wikipedia/commons/c/ca/St_mary_college_md_logo_motto.png?utm_source=commons.wikimedia.org&utm_campaign=imageinfo&utm_content=original,"wikipedia:St. Mary's College of Maryland",,,,,8.2,47.27
"St Olaf College",womens-soccer,"NCAA D3","Minnesota Intercollegiate Athletic Conference","""Oles""",1,"St. Olaf Lion, ""Ole""",,,https://upload.wikimedia.org/wikipedia/commons/7/70/St_olaf_college_minn_logo.svg?utm_source=commons.wikimedia.org&utm_campaign=imageinfo&utm_content=original,"wikipedia:St. Olaf College",,,,,,50.07
"St. Bonaventure",womens-soccer,"NCAA D1","Atlantic 10",Bonnies,1,"The Bona Wolf",,,,"wikipedia:St. Bonaventure University",,,,,6.2,61.44
"St. Catherine University",womens-soccer,"NCAA D3","Minnesota Intercollegiate Athletic Conference",Wildcats,1,"A Wildcat",#5C307F,#EBB91A,https://upload.wikimedia.org/wikipedia/commons/a/a3/St_catherine_univ_textlogo.png?utm_source=commons.wikimedia.org&utm_campaign=imageinfo&utm_content=original,"wikipedia:St. Catherine University",,,,,,53.11
"St. Cloud State",womens-soccer,"NCAA D2","Northern Sun Intercollegiate Conference",Huskies,1,"Blizzard T. Husky",#CD1041,#000000,https://upload.wikimedia.org/wikipedia/commons/4/46/St._Cloud_State_University_logo.svg?utm_source=commons.wikimedia.org&utm_campaign=imageinfo&utm_content=original,"wikipedia:St. Cloud State University",,,,,5.3,65.64
"St. Edward's",womens-soccer,"NCAA D2","Lone Star Conference",Hilltoppers,1,"Mountain goat",,,https://upload.wikimedia.org/wikipedia/en/5/5f/St_Edwards_University_Written_Logo.png?utm_source=en.wikipedia.org&utm_campaign=imageinfo&utm_content=original,"wikipedia:St. Edward's University",,,,,,55.89
"St. John's",womens-soccer,"NCAA D1","Big East","Red Storm",0,,,,https://upload.wikimedia.org/wikipedia/commons/5/54/StJohns_logo.svg?utm_source=commons.wikimedia.org&utm_campaign=imageinfo&utm_content=original,"wikipedia:St. John's University (New York City)",,,,,7.8,73.22
"St. Joseph's University (Brooklyn)",womens-soccer,"NCAA D3","Skyline Conference",Bears,1,"Brooklyn - Vandy / Long Island - Hot Wyngz",#04245c,#f7ba2a,https://upload.wikimedia.org/wikipedia/commons/b/b1/St_joseph_univ_ny_logo.png?utm_source=commons.wikimedia.org&utm_campaign=imageinfo&utm_content=original,"wikipedia:St. Joseph's University, New York",,,,,,28.14
"St. Joseph's University (Long Island)",womens-soccer,"NCAA D3","Skyline Conference","Golden Eagles",1,"Brooklyn - Vandy / Long Island - Hot Wyngz",#04245c,#f7ba2a,https://upload.wikimedia.org/wikipedia/commons/b/b1/St_joseph_univ_ny_logo.png?utm_source=commons.wikimedia.org&utm_campaign=imageinfo&utm_content=original,"wikipedia:St. Joseph's University, New York",,1,Skyline,agent-research:2025-womens-soccer,,47.65
"St. Mary's (TX)",womens-soccer,"NCAA D2","Lone Star Conference",Rattlers,1,"Rattler Man",#F2BF49,#003366,,"wikipedia:St. Mary's University, Texas",,,,,6.8,60.71
"St. Thomas",womens-soccer,"NCAA D1",Summit,Tommies,1,"Tommie the Tomcat",#663399,#999999,https://upload.wikimedia.org/wikipedia/en/5/52/University_of_St._Thomas-Minnesota_Academic_Wordmark.png?utm_source=en.wikipedia.org&utm_campaign=imageinfo&utm_content=original,"wikipedia:University of St. Thomas (Minnesota)",,,,,7.5,64.12
"St. Thomas Aquinas",womens-soccer,"NCAA D2","East Coast Conference",,,Spartans,,,https://upload.wikimedia.org/wikipedia/commons/3/3b/St_thomas_aquinas_college_logotext.png?utm_source=commons.wikimedia.org&utm_campaign=imageinfo&utm_content=original,"wikipedia:St. Thomas Aquinas College",,,,,5.4,43.93
"St. Thomas University (Florida)",womens-soccer,NAIA,"Sun Conference",Bobcats,1,,#862633,#002855,https://upload.wikimedia.org/wikipedia/commons/b/b3/STU_Logo_Main.png?utm_source=commons.wikimedia.org&utm_campaign=imageinfo&utm_content=original,"wikipedia:St. Thomas University (Florida)",,,,,,53.34
Stanford,womens-soccer,"NCAA D1",ACC,Cardinal,0,"Stanford Tree (unofficial)",#8C1515,,https://upload.wikimedia.org/wikipedia/commons/a/a9/Stanford_wordmark_%282012%29.svg?utm_source=commons.wikimedia.org&utm_campaign=imageinfo&utm_content=original,"wikipedia:Stanford University",,1,ACC,"wikipedia:2025 NCAA Division I women's soccer tournament",10.0,99.79
"Stanton University",womens-soccer,NAIA,"California Pacific Conference",,,,,,,,"No usable Wikipedia infobox found for this name",,,,,46.63
"Staten Island",womens-soccer,"NCAA D2","East Coast Conference",Dolphins,1,"Danny the Dolphin",#79BDE8,#6A737B,https://upload.wikimedia.org/wikipedia/commons/e/e1/Staten_island_college_logo.svg?utm_source=commons.wikimedia.org&utm_campaign=imageinfo&utm_content=original,"wikipedia:College of Staten Island",,,,,5.3,44.35
"Stephen F. Austin",womens-soccer,"NCAA D1",Southland,Lumberjacks,1,Lumberjack,,,https://upload.wikimedia.org/wikipedia/en/6/6d/Stephen_F_Austin_State_University_2024_logo.svg?utm_source=en.wikipedia.org&utm_campaign=imageinfo&utm_content=original,"wikipedia:Stephen F. Austin State University",,,,,,68.24
"Stephens College",womens-soccer,NAIA,"American Midwest Conference",Stars,1,,#932c2f,#ffc425,https://upload.wikimedia.org/wikipedia/en/9/9b/Stephens_College_Logo.png?utm_source=en.wikipedia.org&utm_campaign=imageinfo&utm_content=original,"wikipedia:Stephens College",,,,,,39.89
"Sterling College (Kansas)",womens-soccer,NAIA,"Kansas Collegiate Athletic Conference",Warriors,1,,,,https://upload.wikimedia.org/wikipedia/en/4/40/Sterling_College_%28Kansas%29_logo.svg?utm_source=en.wikipedia.org&utm_campaign=imageinfo&utm_content=original,"wikipedia:Sterling College (Kansas)",,,,,5.6,35.4
Stetson,womens-soccer,"NCAA D1",ASUN,Hatters,1,"John B.",#3D8E33,#FFFFFF,https://upload.wikimedia.org/wikipedia/commons/9/96/Stetson_University_wordmark.svg?utm_source=commons.wikimedia.org&utm_campaign=imageinfo&utm_content=original,"wikipedia:Stetson University",,,,,6.0,64.85
"Stevens Institute of Technology",womens-soccer,"NCAA D3","Middle Atlantic Conference (Freedom)",Ducks,1,"Attila the Duck",#A32638,#7F7F7F,https://upload.wikimedia.org/wikipedia/en/5/52/Stevens_Institute_of_Technology_Logo_2022.png?utm_source=en.wikipedia.org&utm_campaign=imageinfo&utm_content=original,"wikipedia:Stevens Institute of Technology",,1,"MAC Freedom",agent-research:2025-womens-soccer,,45.98
"Stevenson University",womens-soccer,"NCAA D3","Middle Atlantic Conference (Commonwealth)",Mustangs,1,,#15472A,#FFFFFF,https://upload.wikimedia.org/wikipedia/commons/2/2d/Stevenson_University_logo.svg?utm_source=commons.wikimedia.org&utm_campaign=imageinfo&utm_content=original,"wikipedia:Stevenson University",,,,,6.5,37.75
"Stockton University",womens-soccer,"NCAA D3","New Jersey Athletic Conference",Ospreys,1,"Talon the Osprey",#000000,#ffffff,https://upload.wikimedia.org/wikipedia/commons/2/2b/Stockton_univ_wmark.png?utm_source=commons.wikimedia.org&utm_campaign=imageinfo&utm_content=original,"wikipedia:Stockton University",,,,,6.5,42.8
Stonehill,womens-soccer,"NCAA D1",NEC,Skyhawks,1,"""Ace"" the Skyhawk",#4F2684,#FFFFFF,https://upload.wikimedia.org/wikipedia/en/4/42/Stonehill_College_logo.png?utm_source=en.wikipedia.org&utm_campaign=imageinfo&utm_content=original,"wikipedia:Stonehill College",,,,,5.3,63.46
"Stony Brook",womens-soccer,"NCAA D1",CAA,Seawolves,1,"Wolfie the Seawolf",#990000,,https://upload.wikimedia.org/wikipedia/commons/6/63/Stony_Brook_U_logo_horizontal.svg?utm_source=commons.wikimedia.org&utm_campaign=imageinfo&utm_content=original,"wikipedia:Stony Brook University",,,,,7.5,76.25
"Suffolk University",womens-soccer,"NCAA D3","Conference of New England",Rams,1,"Hiram (Rammy) the Ram",#142f53,#c6a141,https://upload.wikimedia.org/wikipedia/commons/5/5f/Suffolk_University_wordmark.svg?utm_source=commons.wikimedia.org&utm_campaign=imageinfo&utm_content=original,"wikipedia:Suffolk University",,,,,6.5,42.27
"Sul Ross State",womens-soccer,"NCAA D2","Lone Star Conference",Lobos,1,Sully,#BC0107,#5C5C5C,https://upload.wikimedia.org/wikipedia/commons/6/6a/Sul_Ross_State_University_wordmark.png?utm_source=commons.wikimedia.org&utm_campaign=imageinfo&utm_content=original,"wikipedia:Sul Ross State University",,,,,5.3,42.36
"Susquehanna University",womens-soccer,"NCAA D3","Landmark Conference","River Hawks",1,"Benny the Hawk",#FF6A14,#651C32,,"wikipedia:Susquehanna University",,,,,8.0,39.95
"Swarthmore College",womens-soccer,"NCAA D3","Centennial Conference","The Garnet",0,"Phineas the Phoenix",,,https://upload.wikimedia.org/wikipedia/en/c/cb/Formal_Logo_of_Swarthmore_College%2C_Swarthmore%2C_PA%2C_USA.svg?utm_source=en.wikipedia.org&utm_campaign=imageinfo&utm_content=original,"wikipedia:Swarthmore College",,,,,10.0,49.61
"Sweet Briar College",womens-soccer,"NCAA D3","Old Dominion Athletic Conference",Vixens,1,,,,https://upload.wikimedia.org/wikipedia/commons/c/cb/Sweet_briar_college_pinktext.png?utm_source=commons.wikimedia.org&utm_campaign=imageinfo&utm_content=original,"wikipedia:Sweet Briar College",,,,,,31.48
Syracuse,womens-soccer,"NCAA D1",ACC,Orange,0,"Otto the Orange",#F76900,,https://upload.wikimedia.org/wikipedia/commons/4/44/Syracuse_University_wordmark.svg?utm_source=commons.wikimedia.org&utm_campaign=imageinfo&utm_content=original,"wikipedia:Syracuse University",,,,,8.5,72.01
TCU,womens-soccer,"NCAA D1","Big 12","Horned Frogs",1,"Horned Frog",,,https://upload.wikimedia.org/wikipedia/commons/a/aa/Texas_Christian_University_wordmark.svg?utm_source=commons.wikimedia.org&utm_campaign=imageinfo&utm_content=original,"wikipedia:Texas Christian University",,,,,,94.22
"Tabor College",womens-soccer,NAIA,"Kansas Collegiate Athletic Conference",Bluejays,1,,,,https://upload.wikimedia.org/wikipedia/commons/f/fe/Tabor_college_ks_logo.svg?utm_source=commons.wikimedia.org&utm_campaign=imageinfo&utm_content=original,"wikipedia:Tabor College (Kansas)",,,,,5.6,50.03
"Talladega College",womens-soccer,NAIA,"HBCU Athletic Conference",Tornadoes,1,"Dear Ole' Dega, Dega, TC",#aa0534,#72cdf4,,"wikipedia:Talladega College",,1,HBCUAC,agent-research:2025-womens-soccer,,48.7
Tampa,womens-soccer,"NCAA D2","Sunshine State Conference",Spartans,1,Spartacus,,,https://upload.wikimedia.org/wikipedia/en/e/ef/UT_logo_notag_small_web.png?utm_source=en.wikipedia.org&utm_campaign=imageinfo&utm_content=original,"wikipedia:University of Tampa",,,,,7.8,54.7
"Tarleton State",womens-soccer,"NCAA D1",UAC,Texans,1,,#4F2D7F,#FFFFFF,https://upload.wikimedia.org/wikipedia/en/e/e2/Tarleton_State_University_logo.svg?utm_source=en.wikipedia.org&utm_campaign=imageinfo&utm_content=original,"wikipedia:Tarleton State University",,,,,,66.01
"Taylor University",womens-soccer,NAIA,"Crossroads League",Trojans,1,,#522d72,,https://upload.wikimedia.org/wikipedia/commons/2/27/Taylor_univ_full_logo.png?utm_source=commons.wikimedia.org&utm_campaign=imageinfo&utm_content=original,"wikipedia:Taylor University",,,,,7.8,55.91
Temple,womens-soccer,"NCAA D1",American,Owls,1,,#A41E35,#FFFFFF,https://upload.wikimedia.org/wikipedia/commons/3/39/Temple_University_logo.svg?utm_source=commons.wikimedia.org&utm_campaign=imageinfo&utm_content=original,"wikipedia:Temple University",,,,,7.0,62.37
Tennessee,womens-soccer,"NCAA D1",SEC,Volunteers,1,"Smokey XI",#FF8200,#FFFFFF,https://upload.wikimedia.org/wikipedia/commons/5/5f/UT_Knoxville_logo_left.svg?utm_source=commons.wikimedia.org&utm_campaign=imageinfo&utm_content=original,"wikipedia:University of Tennessee",,,,,,86.38
"Tennessee Tech",womens-soccer,"NCAA D1",Southern,"Golden Eagles",1,"Awesome Eagle",#4F2984,#FFDD00,https://upload.wikimedia.org/wikipedia/en/c/c8/Tennessee_Technological_University_logo.svg?utm_source=en.wikipedia.org&utm_campaign=imageinfo&utm_content=original,"wikipedia:Tennessee Technological University",,1,"Ohio Valley","wikipedia:2025 NCAA Division I women's soccer tournament",,71.6
"Tennessee Wesleyan University",womens-soccer,NAIA,"Appalachian Athletic Conference",Bulldogs,1,,,,https://upload.wikimedia.org/wikipedia/commons/0/06/Tennessee_wesleyan_univ_logo.png?utm_source=commons.wikimedia.org&utm_campaign=imageinfo&utm_content=original,"wikipedia:Tennessee Wesleyan University",,1,Appalachian,agent-research:2025-womens-soccer,,62.27
Texas,womens-soccer,"NCAA D1",SEC,Longhorns,1,"Bevo / Hook 'em",,,https://upload.wikimedia.org/wikipedia/commons/7/77/University_of_Texas_at_Austin_logo.svg?utm_source=commons.wikimedia.org&utm_campaign=imageinfo&utm_content=original,"wikipedia:University of Texas at Austin",,,,,,87.28
"Texas A&M",womens-soccer,"NCAA D1",SEC,Aggies,1,"Reveille X",,,https://upload.wikimedia.org/wikipedia/commons/7/7c/Texas_A%26M_University_wordmark.svg?utm_source=commons.wikimedia.org&utm_campaign=imageinfo&utm_content=original,"wikipedia:Texas A&M University",,,,,,78.97
"Texas A&M International",womens-soccer,"NCAA D2","Lone Star Conference",Dustdevils,1,"Dusty the Dustdevil",#61162d,#cccccc,https://upload.wikimedia.org/wikipedia/commons/6/6c/Texas_A%26M_International_University_logo.svg?utm_source=commons.wikimedia.org&utm_campaign=imageinfo&utm_content=original,"wikipedia:Texas A&M International University",,,,,5.4,52.16
"Texas A&M University-San Antonio",womens-soccer,NAIA,"Red River Athletic Conference",Jaguars,1,"General the Jaguar",#8e9191,#702e3d,https://upload.wikimedia.org/wikipedia/en/f/f6/Texas_A%26M_University_San_Antonio_logo.svg?utm_source=en.wikipedia.org&utm_campaign=imageinfo&utm_content=original,"wikipedia:Texas A&M University–San Antonio",,,,,,46.0
"Texas A&M University-Texarkana",womens-soccer,NAIA,"Red River Athletic Conference",Eagles,1,,#7A303F,#011E41,https://upload.wikimedia.org/wikipedia/commons/e/ed/Texas_A%26M_University%E2%80%93Texarkana_wordmark.svg?utm_source=commons.wikimedia.org&utm_campaign=imageinfo&utm_content=original,"wikipedia:Texas A&M University–Texarkana",,,,,,60.0
"Texas A&M University-Victoria",womens-soccer,NAIA,"Red River Athletic Conference",Jaguars,1,,#e81c18,#ad8b3a,https://upload.wikimedia.org/wikipedia/en/5/59/Texas_A%26M_University-Victoria_Logo.svg?utm_source=en.wikipedia.org&utm_campaign=imageinfo&utm_content=original,"wikipedia:Texas A&M University–Victoria",,,,,,50.39
"Texas A&M-Corpus Christi",womens-soccer,"NCAA D1",Southland,Islanders,1,"Izzy the Islander",#0067C5,#007F3E,https://upload.wikimedia.org/wikipedia/en/e/e1/Texas_A%26M%E2%80%93Corpus_Christi_logo.svg?utm_source=en.wikipedia.org&utm_campaign=imageinfo&utm_content=original,"wikipedia:Texas A&M University–Corpus Christi",,,,,,67.44
"Texas College",womens-soccer,NAIA,"Red River Athletic Conference",Steers,1,Steers,#4a1e59,#ffa32a,,"wikipedia:Texas College",,,,,,35.58
"Texas Lutheran University",womens-soccer,"NCAA D3","Southern Collegiate Athletic Conference",Bulldogs,1,"Lucky the Bulldog",#000000,#FFBA00,https://upload.wikimedia.org/wikipedia/en/2/28/Texas_Lutheran_University.png?utm_source=en.wikipedia.org&utm_campaign=imageinfo&utm_content=original,"wikipedia:Texas Lutheran University",,,,,8.0,48.22
"Texas Southern",womens-soccer,"NCAA D1",SWAC,Tigers,1,Tiger,,,https://upload.wikimedia.org/wikipedia/commons/7/7e/Texas_Southern_University_wordmark.svg?utm_source=commons.wikimedia.org&utm_campaign=imageinfo&utm_content=original,"wikipedia:Texas Southern University",,,,,,66.65
"Texas State",womens-soccer,"NCAA D1",Pac-12,Bobcats,1,"Boko the Bobcat",,,,"wikipedia:Texas State University",,1,"Sun Belt","wikipedia:2025 NCAA Division I women's soccer tournament",,76.32
"Texas Tech",womens-soccer,"NCAA D1","Big 12","Red Raiders",1,"Masked Rider / Raider Red",,,https://upload.wikimedia.org/wikipedia/commons/8/8c/Texas_Tech_New_Logo.svg?utm_source=commons.wikimedia.org&utm_campaign=imageinfo&utm_content=original,"wikipedia:Texas Tech University",,,,,,93.87
"Texas Wesleyan University",womens-soccer,NAIA,"Sooner Athletic Conference",Rams,1,"Willie and Wilma the Rams",#002867,#ffd204,,"wikipedia:Texas Wesleyan University",,,,,,41.33
"Texas Woman's",womens-soccer,"NCAA D2","Lone Star Conference",Pioneers,1,"Oakley, the Barn Owl",,,https://upload.wikimedia.org/wikipedia/commons/c/c5/Texas_woman_univ_logo.png?utm_source=commons.wikimedia.org&utm_campaign=imageinfo&utm_content=original,"wikipedia:Texas Woman's University",,,,,,63.69
"The Citadel",womens-soccer,"NCAA D1",Southern,Bulldogs,1,"Spike / Live Mascots: General 3 (affectionately known as G3)",,,https://upload.wikimedia.org/wikipedia/en/4/4f/TheCitadellogo.png?utm_source=en.wikipedia.org&utm_campaign=imageinfo&utm_content=original,"wikipedia:The Citadel",,,,,,66.15
"The College of New Jersey",womens-soccer,"NCAA D3","New Jersey Athletic Conference","TCNJ Lions",1,"Roscoe the Lion",#293F6F,#A67A00,https://upload.wikimedia.org/wikipedia/en/3/38/College_njersey_logo.png?utm_source=en.wikipedia.org&utm_campaign=imageinfo&utm_content=original,"wikipedia:The College of New Jersey",,,,,,52.84
"The College of St. Scholastica",womens-soccer,"NCAA D3","Minnesota Intercollegiate Athletic Conference",Saints,1,"Storm the Saint Bernard",#2650A4,#F4BD49,https://upload.wikimedia.org/wikipedia/commons/9/98/College_st_scholastica_textlogo.png?utm_source=commons.wikimedia.org&utm_campaign=imageinfo&utm_content=original,"wikipedia:College of St. Scholastica",,,,,6.5,28.62
"The College of Wooster",womens-soccer,"NCAA D3","North Coast Athletic Conference","Fighting Scots",1,"Scottie Dog",,,https://upload.wikimedia.org/wikipedia/commons/3/38/WOOSTER_primary_3c.png?utm_source=commons.wikimedia.org&utm_campaign=imageinfo&utm_content=original,"wikipedia:College of Wooster",,,,,8.5,49.0
"The Evergreen State College",womens-soccer,NAIA,"Cascade Collegiate Conference",Geoduck,0,"Speedy the Geoduck",#006837,,https://upload.wikimedia.org/wikipedia/en/7/7d/Evergreen_PRI_RGB.svg?utm_source=en.wikipedia.org&utm_campaign=imageinfo&utm_content=original,"wikipedia:Evergreen State College",,,,,,35.59
"The Master's University",womens-soccer,NAIA,"Great Southwest Athletic Conference",Mustangs,1,"Monty the Mustang",#0d223f,#daaa00,,"wikipedia:The Master's University",,1,GSAC,agent-research:2025-womens-soccer,,55.85
"The Sage Colleges",womens-soccer,"NCAA D3","Empire 8",Gators,1,,,,,"wikipedia:The Sage Colleges",,,,,,39.74
"Thiel College",womens-soccer,"NCAA D3","Presidents' Athletic Conference",Tomcats,1,"Tommy Tomcat",#00183D,#B7954B,https://upload.wikimedia.org/wikipedia/commons/4/4e/Thiel_College_Wordmark_%28Oct._%2718%29.png?utm_source=commons.wikimedia.org&utm_campaign=imageinfo&utm_content=original,"wikipedia:Thiel College",,,,,,28.84
"Thomas College",womens-soccer,"NCAA D3","North Atlantic Conference",,,"Tommy the Terrier",#b52c1f,,https://upload.wikimedia.org/wikipedia/commons/b/b7/Official_Thomas_College_logo_2023.png?utm_source=commons.wikimedia.org&utm_campaign=imageinfo&utm_content=original,"wikipedia:Thomas College",,,,,,33.64
"Thomas More",womens-soccer,"NCAA D2","Great Midwest Athletic Conference",Saints,1,"Tommy Mo",#00549f,#848689,https://upload.wikimedia.org/wikipedia/commons/6/65/Thomas_more_univ_logo.png?utm_source=commons.wikimedia.org&utm_campaign=imageinfo&utm_content=original,"wikipedia:Thomas More University",,,,,5.4,55.42
"Thomas University",womens-soccer,NAIA,"Southern States Athletic Conference","Night Hawks",1,,#006938,,https://upload.wikimedia.org/wikipedia/commons/c/cc/Thomas_univ_ge_textlogo.png?utm_source=commons.wikimedia.org&utm_campaign=imageinfo&utm_content=original,"wikipedia:Thomas University",,,,,,50.31
Tiffin,womens-soccer,"NCAA D2","Great Midwest Athletic Conference",Dragons,1,"Blaze the Dragon",#006235,#fff200,https://upload.wikimedia.org/wikipedia/commons/3/38/Tiffin_University_logo.svg?utm_source=commons.wikimedia.org&utm_campaign=imageinfo&utm_content=original,"wikipedia:Tiffin University",,,,,5.4,45.25
Toledo,womens-soccer,"NCAA D1",MAC,Rockets,1,"Rocky the Rocket & Rocksy the Rockette",#003E7E,#FFD200,,"wikipedia:University of Toledo",,,,,,66.96
"Tougaloo College",womens-soccer,NAIA,"HBCU Athletic Conference",Bulldogs,1,,#1a75bc,#ed1c24,https://upload.wikimedia.org/wikipedia/en/b/b4/Tougaloo_College_logo.svg?utm_source=en.wikipedia.org&utm_campaign=imageinfo&utm_content=original,"wikipedia:Tougaloo College",,,,,,37.53
Towson,womens-soccer,"NCAA D1",CAA,Tigers,1,"Doc the Tiger",#000000,#FFCC00,https://upload.wikimedia.org/wikipedia/commons/6/69/Towson_University_logo_horiz_2019.png?utm_source=commons.wikimedia.org&utm_campaign=imageinfo&utm_content=original,"wikipedia:Towson University",,,,,,75.32
"Transylvania University",womens-soccer,"NCAA D3","Heartland Collegiate Athletic Conference",Pioneers,1,"Raf, Rafinesque's big-eared bat",#B20D35,,https://upload.wikimedia.org/wikipedia/en/4/4a/Transylvania_University_logo_hz.svg?utm_source=en.wikipedia.org&utm_campaign=imageinfo&utm_content=original,"wikipedia:Transylvania University",,,,,,43.2
"Trevecca Nazarene",womens-soccer,"NCAA D2","Gulf South Conference",Trojans,1,"Troy Trevecca",,,https://upload.wikimedia.org/wikipedia/commons/6/6f/Trevecca_nazarene_univ_logo.png?utm_source=commons.wikimedia.org&utm_campaign=imageinfo&utm_content=original,"wikipedia:Trevecca Nazarene University",,,,,5.5,52.84
"Trine University",womens-soccer,"NCAA D3","Michigan Intercollegiate Athletic Association",Thunder,0,"Storm, a white tiger",#00335B,#FFFFFF,https://upload.wikimedia.org/wikipedia/commons/4/48/Trine_univ_textlogo.png?utm_source=commons.wikimedia.org&utm_campaign=imageinfo&utm_content=original,"wikipedia:Trine University",,,,,6.5,45.59
"Trinity Christian College",womens-soccer,NAIA,"Chicagoland Collegiate Athletic Conference",Trolls,1,Troll,#081c33,#8cb6e1,,"wikipedia:Trinity Christian College",,,,,5.4,50.72
"Trinity College",womens-soccer,"NCAA D3","New England Small College Athletic Conference",Bantams,1,Bantam,#1E388C,#FFC424,https://upload.wikimedia.org/wikipedia/commons/b/b0/Trinity_College_Connecticut.svg?utm_source=commons.wikimedia.org&utm_campaign=imageinfo&utm_content=original,"wikipedia:Trinity College (Connecticut)",,,,,,39.19
"Trinity University",womens-soccer,"NCAA D3","Southern Athletic Association",Tigers,1,,#851619,#ffffff,https://upload.wikimedia.org/wikipedia/en/8/89/Trinity_University%2C_Texas_logo.svg?utm_source=en.wikipedia.org&utm_campaign=imageinfo&utm_content=original,"wikipedia:Trinity University",,1,SAA,agent-research:2025-womens-soccer,,54.37
"Trinity Washington University",womens-soccer,"NCAA D3",Independent,Tigers,1,Tiger,,,,"wikipedia:Trinity Washington University",,,,,,38.09
Troy,womens-soccer,"NCAA D1","Sun Belt",Trojans,1,T-Roy,,,https://upload.wikimedia.org/wikipedia/commons/5/55/Troy_University_logo.png?utm_source=commons.wikimedia.org&utm_campaign=imageinfo&utm_content=original,"wikipedia:Troy University",,,,,,66.31
"Truett McConnell University",womens-soccer,NAIA,"Appalachian Athletic Conference",Bears,1,Bears,#002a46,#fec541,https://upload.wikimedia.org/wikipedia/en/a/a1/Truett_McConnell_University_logo.svg?utm_source=en.wikipedia.org&utm_campaign=imageinfo&utm_content=original,athletics-domain:tmbears.com,"nickname recovered from the school's own athletics hostname; its Wikipedia article states none. Confirmed by that site's title (""Truett McConnell University Athletics - Official Athletics Website"").",,,,,63.56
"Truman State",womens-soccer,"NCAA D2","Great Lakes Valley Conference",Bulldogs,1,Spike,#510B76,#FFFFFF,https://upload.wikimedia.org/wikipedia/commons/6/61/Truman_state_univ_logo_horiz.png?utm_source=commons.wikimedia.org&utm_campaign=imageinfo&utm_content=original,"wikipedia:Truman State University",,,,,8.0,51.46
"Tufts University",womens-soccer,"NCAA D3","New England Small College Athletic Conference",Jumbos,1,"Jumbo the Elephant",#3E8EDE,#512C1D,https://upload.wikimedia.org/wikipedia/commons/1/12/Tufts_University_wordmark.svg?utm_source=commons.wikimedia.org&utm_campaign=imageinfo&utm_content=original,"wikipedia:Tufts University",,1,NESCAC,agent-research:2025-womens-soccer,10.0,51.98
Tulsa,womens-soccer,"NCAA D1",American,"Golden Hurricane",0,"Gus T.",#0A2240,#C2A01E,https://upload.wikimedia.org/wikipedia/en/9/99/University_of_Tulsa_logo.svg?utm_source=en.wikipedia.org&utm_campaign=imageinfo&utm_content=original,"wikipedia:University of Tulsa",,,,,7.2,74.88
Tusculum,womens-soccer,"NCAA D2","South Atlantic Conference",Pioneers,1,Pioneers,#FF671b,,https://upload.wikimedia.org/wikipedia/commons/e/e1/TusculumUniv_Logo.png?utm_source=commons.wikimedia.org&utm_campaign=imageinfo&utm_content=original,athletics-domain:tusculumpioneers.com,"nickname recovered from the school's own athletics hostname; its Wikipedia article states none. Confirmed by that site's title (""Tusculum Pioneers"").",,,,5.4,52.16
Tuskegee,womens-soccer,"NCAA D2",Independent,"Golden Tigers",1,,#7B0707,#F2BD2C,https://upload.wikimedia.org/wikipedia/commons/c/c5/Tuskegee_univ_wordmark.png?utm_source=commons.wikimedia.org&utm_campaign=imageinfo&utm_content=original,"wikipedia:Tuskegee University",,,,,,
UAB,womens-soccer,"NCAA D1",American,Blazers,1,"Blaze the Dragon",#1a5632,#fdB913,https://upload.wikimedia.org/wikipedia/commons/f/f5/UAB_Core_Logo_Centered_Full_Color.svg?utm_source=commons.wikimedia.org&utm_campaign=imageinfo&utm_content=original,"wikipedia:University of Alabama at Birmingham",,,,,6.8,76.66
"UC Davis",womens-soccer,"NCAA D1","Mountain West",Aggies,1,"Gunrock the Mustang",#002851,#FFBF00,https://upload.wikimedia.org/wikipedia/commons/0/09/UC_Davis_wordmark.svg?utm_source=commons.wikimedia.org&utm_campaign=imageinfo&utm_content=original,"wikipedia:University of California, Davis",,,,,8.4,71.45
"UC Irvine",womens-soccer,"NCAA D1","Big West",Anteaters,1,"Peter the Anteater",,,https://upload.wikimedia.org/wikipedia/commons/8/8f/University_of_California%2C_Irvine_logo.svg?utm_source=commons.wikimedia.org&utm_campaign=imageinfo&utm_content=original,"wikipedia:University of California, Irvine",,,,,8.7,72.34
"UC Merced",womens-soccer,"NCAA D2","California Collegiate Athletic Association","Golden Bobcats",1,"Rufus the Bobcat",#002856,#daa900,https://upload.wikimedia.org/wikipedia/commons/e/ee/Uc_merced_logo.png?utm_source=commons.wikimedia.org&utm_campaign=imageinfo&utm_content=original,"wikipedia:University of California, Merced",,,,,7.5,62.8
"UC Riverside",womens-soccer,"NCAA D1","Big West",Highlanders,1,"Scotty Highlander",,,https://upload.wikimedia.org/wikipedia/commons/a/aa/UC_Riverside_logo.svg?utm_source=commons.wikimedia.org&utm_campaign=imageinfo&utm_content=original,"wikipedia:University of California, Riverside",,,,,7.0,58.24
"UC San Diego",womens-soccer,"NCAA D1","Big West",Tritons,1,"King Triton",#182B49,#00629B,https://upload.wikimedia.org/wikipedia/commons/c/cc/University_of_California%2C_San_Diego_logo.svg?utm_source=commons.wikimedia.org&utm_campaign=imageinfo&utm_content=original,"wikipedia:University of California, San Diego",,,,,9.2,65.51
"UC Santa Barbara",womens-soccer,"NCAA D1","Big West",Gauchos,1,"Olé the Gaucho",#003660,#FEBC11,https://upload.wikimedia.org/wikipedia/commons/6/6e/University_of_California%2C_Santa_Barbara_logo.svg?utm_source=commons.wikimedia.org&utm_campaign=imageinfo&utm_content=original,"wikipedia:University of California, Santa Barbara",,,,,8.8,72.31
"UC Santa Cruz",womens-soccer,"NCAA D3",,,,,,,,,"Added for coaching-contact coverage; soccer_score/academic_rating are placeholders",,,,6.0,38.0
UCCS,womens-soccer,"NCAA D2","Rocky Mountain Athletic Conference","Mountain Lions",1,Clyde,#000000,#CFB87C,https://upload.wikimedia.org/wikipedia/en/7/73/UC_Colorado_Springs_logo.svg?utm_source=en.wikipedia.org&utm_campaign=imageinfo&utm_content=original,"wikipedia:University of Colorado Colorado Springs",,,,,5.4,65.09
UCF,womens-soccer,"NCAA D1","Big 12",Knights,1,,#FFC904,,https://upload.wikimedia.org/wikipedia/en/9/99/University_of_Central_Florida_logo.svg?utm_source=en.wikipedia.org&utm_campaign=imageinfo&utm_content=original,"wikipedia:University of Central Florida",,,,,7.6,84.66
UCLA,womens-soccer,"NCAA D1","Big Ten",Bruins,1,,#2774AE,#FFD100,https://upload.wikimedia.org/wikipedia/commons/6/6c/University_of_California%2C_Los_Angeles_logo.svg?utm_source=commons.wikimedia.org&utm_campaign=imageinfo&utm_content=original,"wikipedia:University of California, Los Angeles",,,,,9.8,95.9
UConn,womens-soccer,"NCAA D1","Big East",Huskies,1,"Jonathan the Husky",,,https://upload.wikimedia.org/wikipedia/commons/8/8f/University_of_Connecticut_logo.svg?utm_source=commons.wikimedia.org&utm_campaign=imageinfo&utm_content=original,"wikipedia:University of Connecticut",,,,,8.1,83.82
UIC,womens-soccer,"NCAA D1","Missouri Valley",Flames,1,Sparky,,,,"wikipedia:University of Illinois Chicago",,1,"Missouri Valley","wikipedia:2025 NCAA Division I women's soccer tournament",6.2,69.78
UIS,womens-soccer,"NCAA D2","Great Lakes Valley Conference","Prairie Stars",1,Orion,#003366,#FFFFFF,https://upload.wikimedia.org/wikipedia/commons/1/1d/UIS_Wordmark.png?utm_source=commons.wikimedia.org&utm_campaign=imageinfo&utm_content=original,"wikipedia:University of Illinois Springfield",,,,,,55.61
UMBC,womens-soccer,"NCAA D1","America East",Retrievers,1,"True Grit the Retriever",#000000,#FDB515,https://upload.wikimedia.org/wikipedia/commons/b/b0/University_of_Maryland%2C_Baltimore_County_logo.svg?utm_source=commons.wikimedia.org&utm_campaign=imageinfo&utm_content=original,"wikipedia:University of Maryland, Baltimore County",,,,,7.4,65.87
UMSL,womens-soccer,"NCAA D2","Great Lakes Valley Conference",Tritons,1,Louie,#981E32,#EAAB00,https://upload.wikimedia.org/wikipedia/commons/8/86/Umsl_missouri_st_louis_univ_horiz_logo.png?utm_source=commons.wikimedia.org&utm_campaign=imageinfo&utm_content=original,"wikipedia:University of Missouri–St. Louis",,,,,5.4,64.31
UMass,womens-soccer,"NCAA D1",MAC,Minutewomen,1,,,,https://upload.wikimedia.org/wikipedia/commons/3/3b/University_of_Massachusetts_wordmark.svg?utm_source=commons.wikimedia.org&utm_campaign=imageinfo&utm_content=original,"wikipedia:University of Massachusetts","women's form confirmed on umassathletics.com (women's soccer pages say Minutewomen); the Wikipedia infobox gave only 'UMass'",,,,7.2,72.6
"UMass Boston",womens-soccer,"NCAA D3",,,,,,,,,"Added for coaching-contact coverage; soccer_score/academic_rating are placeholders",,,,6.0,38.0
"UMass Dartmouth",womens-soccer,"NCAA D3",,,,,,,,,"Added for coaching-contact coverage; soccer_score/academic_rating are placeholders",,,,6.0,38.0
"UMass Lowell",womens-soccer,"NCAA D1","America East","River Hawks",1,"Rowdy the River Hawk",,,,"wikipedia:University of Massachusetts Lowell",,,,,6.6,69.51
"UNC Asheville",womens-soccer,"NCAA D1","Big South",Bulldogs,1,Rocky,#003da5,,https://upload.wikimedia.org/wikipedia/commons/3/3d/Unc_asheville_logo.png?utm_source=commons.wikimedia.org&utm_campaign=imageinfo&utm_content=original,"wikipedia:University of North Carolina at Asheville",,,,,5.8,66.38
"UNC Greensboro",womens-soccer,"NCAA D1",Southern,Spartans,1,"""Spiro"" the Spartan",#FFCC00,#FFFFFF,https://upload.wikimedia.org/wikipedia/en/f/f1/University_of_North_Carolina_at_Greensboro_logo.svg?utm_source=en.wikipedia.org&utm_campaign=imageinfo&utm_content=original,"wikipedia:University of North Carolina at Greensboro",,,,,6.4,66.99
"UNC Pembroke",womens-soccer,"NCAA D2","Conference Carolinas",Braves,1,"BraveHawk the Red-Tailed Hawk",#000000,#8D734A,https://upload.wikimedia.org/wikipedia/commons/7/77/University_of_North_Carolina_at_Pembroke_logo.svg?utm_source=commons.wikimedia.org&utm_campaign=imageinfo&utm_content=original,"wikipedia:University of North Carolina at Pembroke",,,,,,64.38
"UNC Wilmington",womens-soccer,"NCAA D1",CAA,Seahawks,1,"Sammy C. Hawk",#007680,#003366,https://upload.wikimedia.org/wikipedia/commons/5/59/Uncwlogo.svg?utm_source=commons.wikimedia.org&utm_campaign=imageinfo&utm_content=original,"wikipedia:University of North Carolina Wilmington",,,,,,71.77
UNLV,womens-soccer,"NCAA D1","Mountain West",Rebels,1,,#B10202,,https://upload.wikimedia.org/wikipedia/commons/9/9f/University_of_Nevada%2C_Las_Vegas_logo.svg?utm_source=commons.wikimedia.org&utm_campaign=imageinfo&utm_content=original,"wikipedia:University of Nevada, Las Vegas",,,,,6.2,66.95
USC,womens-soccer,"NCAA D1","Big Ten",Trojans,1,"Traveler / Tommy Trojan (unofficial)",#990000,#FFCC00,https://upload.wikimedia.org/wikipedia/en/7/70/University_of_Southern_California_Logo.svg?utm_source=en.wikipedia.org&utm_campaign=imageinfo&utm_content=original,"wikipedia:University of Southern California",,,,,4.8,90.34
"USC Upstate",womens-soccer,"NCAA D1","Big South",Spartans,1,,#00833e,#373a36,https://upload.wikimedia.org/wikipedia/commons/f/ff/COLOR_HOR_BLK_Upstate_Logo.png?utm_source=commons.wikimedia.org&utm_campaign=imageinfo&utm_content=original,"wikipedia:University of South Carolina Upstate",,,,,4.8,76.49
"UT Dallas",womens-soccer,"NCAA D2","Lone Star Conference",Comets,1,Temoc,,,https://upload.wikimedia.org/wikipedia/commons/9/98/Ut_dallas_univ_wordmark.svg?utm_source=commons.wikimedia.org&utm_campaign=imageinfo&utm_content=original,"wikipedia:University of Texas at Dallas",,,,,9.2,63.02
"UT Martin",womens-soccer,"NCAA D1","Ohio Valley",Skyhawks,1,"Captain Skyhawk",#0A223E,#FF8200,https://upload.wikimedia.org/wikipedia/en/f/fe/University_of_Tennessee_at_Martin_logo.png?utm_source=en.wikipedia.org&utm_campaign=imageinfo&utm_content=original,"wikipedia:University of Tennessee at Martin",,,,,,62.66
"UT Permian Basin",womens-soccer,"NCAA D2","Lone Star Conference",Falcons,1,,#F37D35,,https://upload.wikimedia.org/wikipedia/commons/1/10/UT_Permian_Basin_logo_2021.svg?utm_source=commons.wikimedia.org&utm_campaign=imageinfo&utm_content=original,"wikipedia:University of Texas Permian Basin",,,,,,48.48
"UT Rio Grande Valley",womens-soccer,"NCAA D1",Southland,Vaqueros,1,Vaqueros,#F05023,#646469,https://upload.wikimedia.org/wikipedia/commons/5/56/University_of_Texas_Rio_Grande_Valley_logo.svg?utm_source=commons.wikimedia.org&utm_campaign=imageinfo&utm_content=original,"wikipedia:University of Texas Rio Grande Valley",,,,,,63.78
"UT Tyler",womens-soccer,"NCAA D2","Lone Star Conference",Patriots,1,Eagle,#E65300,#FFFFFF,https://upload.wikimedia.org/wikipedia/en/e/ed/UTTyler_Primary_Academic_Mark.png?utm_source=en.wikipedia.org&utm_campaign=imageinfo&utm_content=original,"wikipedia:University of Texas at Tyler",,,,,5.4,61.05
UTEP,womens-soccer,"NCAA D1","Mountain West",Miners,1,"Paydirt Pete",,,,"wikipedia:University of Texas at El Paso",,,,,,63.85
UTSA,womens-soccer,"NCAA D1",American,Roadrunners,1,"Rowdy the Roadrunner",#0C2340,#F15A22,https://upload.wikimedia.org/wikipedia/commons/7/72/UT_San_Antonio_Logo.svg?utm_source=commons.wikimedia.org&utm_campaign=imageinfo&utm_content=original,"wikipedia:University of Texas at San Antonio",,1,American,"wikipedia:2025 NCAA Division I women's soccer tournament",,78.54
"Union (TN)",womens-soccer,"NCAA D2","Gulf South Conference",Bulldogs,1,,,,https://upload.wikimedia.org/wikipedia/en/d/d8/Union_University_crest.svg?utm_source=en.wikipedia.org&utm_campaign=imageinfo&utm_content=original,"wikipedia:Union University",,,,,6.8,54.77
"Union College (NY)",womens-soccer,"NCAA D3","Liberty League","Garnet Chargers",1,,,,https://upload.wikimedia.org/wikipedia/commons/4/4a/Union_college_f1795_logo.png?utm_source=commons.wikimedia.org&utm_campaign=imageinfo&utm_content=original,"wikipedia:Union College",,,,,6.5,42.75
"Union Commonwealth University",womens-soccer,NAIA,"Appalachian Athletic Conference",Bulldogs,1,,#dd5900,,https://upload.wikimedia.org/wikipedia/commons/1/10/Union_comm_univ_orangelogo.png?utm_source=commons.wikimedia.org&utm_campaign=imageinfo&utm_content=original,"wikipedia:Union Commonwealth University",,,,,,41.92
"United States Coast Guard Academy",womens-soccer,"NCAA D3","New England Women's and Men's Athletic Conference",Bears,1,"Objee the Bear",#2554C7,#F47F24,https://upload.wikimedia.org/wikipedia/commons/9/90/Us_cga_logo.svg?utm_source=commons.wikimedia.org&utm_campaign=imageinfo&utm_content=original,"wikipedia:United States Coast Guard Academy",,,,,,33.38
"United States Merchant Marine Academy",womens-soccer,"NCAA D3","Skyline Conference",Mariners,1,"Salty the Sea Eagle",#0247FE,#666666,https://upload.wikimedia.org/wikipedia/commons/e/e3/USMMA_logo.svg?utm_source=commons.wikimedia.org&utm_campaign=imageinfo&utm_content=original,"wikipedia:United States Merchant Marine Academy",,,,,,46.51
"University of California-Santa Cruz",womens-soccer,"NCAA D3","Coast-to-Coast Athletic Conference","Banana Slugs",1,"Sammy the Slug",#003C6C,#FDC700,https://upload.wikimedia.org/wikipedia/commons/7/74/UC_Santa_Cruz_logo.svg?utm_source=commons.wikimedia.org&utm_campaign=imageinfo&utm_content=original,"wikipedia:University of California, Santa Cruz",,,,,,45.0
"University of Chicago",womens-soccer,"NCAA D3","University Athletic Association",Maroons,1,"Phil the Phoenix",#800000,,https://upload.wikimedia.org/wikipedia/commons/0/05/University_of_Chicago_wordmark.svg?utm_source=commons.wikimedia.org&utm_campaign=imageinfo&utm_content=original,"wikipedia:University of Chicago",,,,,10.0,48.79
"University of Dallas",womens-soccer,"NCAA D3","Southern Collegiate Athletic Conference",Crusaders,1,,#193a71,#f2f2f2,https://upload.wikimedia.org/wikipedia/commons/9/97/UD_2023_Wordmark.png?utm_source=commons.wikimedia.org&utm_campaign=imageinfo&utm_content=original,"wikipedia:University of Dallas",,,,,,34.07
"University of Dubuque",womens-soccer,"NCAA D3","American Rivers Conference",Spartans,1,"Sparty the Spartan",#002366,#fff,https://upload.wikimedia.org/wikipedia/commons/d/da/UD_Logo.png?utm_source=commons.wikimedia.org&utm_campaign=imageinfo&utm_content=original,"wikipedia:University of Dubuque",,,,,,46.9
"University of Hartford",womens-soccer,"NCAA D3","Conference of New England",Hawks,1,"Howie the Hawk",,,https://upload.wikimedia.org/wikipedia/commons/3/39/University_of_Hartford_wordmark.svg?utm_source=commons.wikimedia.org&utm_campaign=imageinfo&utm_content=original,"wikipedia:University of Hartford",,1,CNE,agent-research:2025-womens-soccer,,52.43
"University of Health Sciences and Pharmacy in St. Louis",womens-soccer,NAIA,"American Midwest Conference",Eutectics,1,"Mortarmer McPestle (aka The Eutectic)",#4e2a84,#fcb714,,"wikipedia:University of Health Sciences and Pharmacy in St. Louis",,,,,,50.13
"University of La Verne",womens-soccer,"NCAA D3","Southern California Intercollegiate Athletic Conference",Leopards,1,"Leo and Lea",#003C29,#BE5D11,https://upload.wikimedia.org/wikipedia/commons/d/df/University_of_La_Verne_wordmark.svg?utm_source=commons.wikimedia.org&utm_campaign=imageinfo&utm_content=original,"wikipedia:University of La Verne",,,,,,34.98
"University of Lynchburg",womens-soccer,"NCAA D3","Old Dominion Athletic Conference",Hornets,1,"Dell the Hornet",,,https://upload.wikimedia.org/wikipedia/commons/8/81/Lynchburg_univ_textlogo.png?utm_source=commons.wikimedia.org&utm_campaign=imageinfo&utm_content=original,"wikipedia:University of Lynchburg",,,,,,47.53
"University of Maine at Farmington",womens-soccer,"NCAA D3","North Atlantic Conference",Beavers,1,Beaver,#68092b,#D3C89D,https://upload.wikimedia.org/wikipedia/en/1/17/University_of_Maine_at_Farmington_logo.svg?utm_source=en.wikipedia.org&utm_campaign=imageinfo&utm_content=original,"wikipedia:University of Maine at Farmington",,,,,,40.55
"University of Maine at Presque Isle",womens-soccer,"NCAA D3","North Atlantic Conference",Owls,1,"Hootie the Owl",#004a9f,#ffcc33,https://upload.wikimedia.org/wikipedia/en/b/b2/University_of_Maine_at_Presque_Isle_logo.svg?utm_source=en.wikipedia.org&utm_campaign=imageinfo&utm_content=original,"wikipedia:University of Maine at Presque Isle",,,,,,30.74
"University of Mary Hardin-Baylor",womens-soccer,"NCAA D3","American Southwest Conference",Crusaders,1,"CRUnk the Crusader",,,https://upload.wikimedia.org/wikipedia/commons/6/63/Umhb_mary_hardin_logo.png?utm_source=commons.wikimedia.org&utm_campaign=imageinfo&utm_content=original,"wikipedia:University of Mary Hardin–Baylor",,,,,,50.53
"University of Mary Washington",womens-soccer,"NCAA D3","Coast-to-Coast Athletic Conference",Eagles,1,"Sammy D. Eagle",,,https://upload.wikimedia.org/wikipedia/commons/e/e8/Univ_mary_wash_logonew.png?utm_source=commons.wikimedia.org&utm_campaign=imageinfo&utm_content=original,"wikipedia:University of Mary Washington",,,,,,46.4
"University of Michigan-Dearborn",womens-soccer,NAIA,"Wolverine-Hoosier Athletic Conference",Wolverines,1,,#fad224,#001449,https://upload.wikimedia.org/wikipedia/commons/a/a7/UMDearborn_Vertical_Logo.svg?utm_source=commons.wikimedia.org&utm_campaign=imageinfo&utm_content=original,"wikipedia:University of Michigan–Dearborn",,,,,,38.56
"University of Minnesota-Morris",womens-soccer,"NCAA D3","Upper Midwest Athletic Conference",Cougars,1,"Pounce the Cougar",#8c1919,#e19b14,https://upload.wikimedia.org/wikipedia/commons/e/e2/UM_Morris_wordmark.png?utm_source=commons.wikimedia.org&utm_campaign=imageinfo&utm_content=original,athletics-domain:morriscougars.com,"nickname recovered from the school's own athletics hostname; its Wikipedia article states none. Confirmed by that site's title (""University of Minnesota Morris Athletics - Official Athletics Website"").",,,,,32.39
"University of Mobile",womens-soccer,NAIA,"Southern States Athletic Conference",Rams,1,"Mac the Ram",#a32136,#dad9d7,,"wikipedia:University of Mobile",,,,,,51.76
"University of Mount Union",womens-soccer,"NCAA D3","Ohio Athletic Conference","Purple Raiders",1,MUcaw,#661C78,#FFFFFF,https://upload.wikimedia.org/wikipedia/en/0/0c/Mount_Union_logo.png?utm_source=en.wikipedia.org&utm_campaign=imageinfo&utm_content=original,"wikipedia:University of Mount Union",,,,,6.5,38.53
"University of New England",womens-soccer,"NCAA D3","Conference of New England","Nor'easters",1,"Stormin' Norman",,,,"wikipedia:University of New England (United States)",,,,,6.6,47.6
"University of Northwestern Ohio",womens-soccer,NAIA,"Wolverine-Hoosier Athletic Conference",Racers,1,,#8b0f04,#555657,,"wikipedia:University of Northwestern Ohio",,1,WHAC,agent-research:2025-womens-soccer,,54.85
"University of Northwestern-St Paul",womens-soccer,"NCAA D3","Upper Midwest Athletic Conference",Eagles,1,Screech,#331e54,#ecac00,https://upload.wikimedia.org/wikipedia/commons/6/62/Northwestern_univ_stpaul_logo.svg?utm_source=commons.wikimedia.org&utm_campaign=imageinfo&utm_content=original,"wikipedia:University of Northwestern – St. Paul",,,,,,43.62
"University of Pikeville",womens-soccer,NAIA,"Appalachian Athletic Conference",Bears,1,"Pikey the Bear",#ff4713,,https://upload.wikimedia.org/wikipedia/commons/0/06/Upike_univ_logo.png?utm_source=commons.wikimedia.org&utm_campaign=imageinfo&utm_content=original,"wikipedia:University of Pikeville",,,,,5.6,47.59
"University of Pittsburgh-Bradford",womens-soccer,"NCAA D3","Allegheny Mountain Collegiate Conference",Panthers,1,,#003594,#FFB81C,https://upload.wikimedia.org/wikipedia/en/c/c0/University-of-Pittsburgh-at-Bradford-new.svg?utm_source=en.wikipedia.org&utm_campaign=imageinfo&utm_content=original,"wikipedia:University of Pittsburgh at Bradford",,,,,,31.87
"University of Pittsburgh-Greensburg",womens-soccer,"NCAA D3","Allegheny Mountain Collegiate Conference",Bobcats,1,"Bruiser the Bobcat",,,https://upload.wikimedia.org/wikipedia/en/7/7a/University-of-Pittsburgh-at-Greensburg-new.svg?utm_source=en.wikipedia.org&utm_campaign=imageinfo&utm_content=original,"wikipedia:University of Pittsburgh at Greensburg",,,,,,46.97
"University of Providence",womens-soccer,NAIA,"Cascade Collegiate Conference",Argonauts,1,,#041e42,#3dae2b,https://upload.wikimedia.org/wikipedia/commons/d/d8/Providence_univ_montana_logo.png?utm_source=commons.wikimedia.org&utm_campaign=imageinfo&utm_content=original,"wikipedia:University of Providence",,,,,,39.82
"University of Puget Sound",womens-soccer,"NCAA D3","Northwest Conference",Loggers,1,"""Grizz"" the Logger",,,https://upload.wikimedia.org/wikipedia/en/3/33/University_of_Puget_Sound_logo.svg?utm_source=en.wikipedia.org&utm_campaign=imageinfo&utm_content=original,"wikipedia:University of Puget Sound",,,,,8.0,49.75
"University of Redlands",womens-soccer,"NCAA D3","Southern California Intercollegiate Athletic Conference",Bulldogs,1,"George Willis (live bulldog)",,,https://upload.wikimedia.org/wikipedia/commons/a/a7/University_of_Redlands_logo.svg?utm_source=commons.wikimedia.org&utm_campaign=imageinfo&utm_content=original,"wikipedia:University of Redlands",,,,,,32.06
"University of Rochester",womens-soccer,"NCAA D3","University Athletic Association",Yellowjackets,1,"Rocky the Yellowjacket",,,https://upload.wikimedia.org/wikipedia/en/3/34/University_of_Rochester_logo_%282025%29.svg?utm_source=en.wikipedia.org&utm_campaign=imageinfo&utm_content=original,"wikipedia:University of Rochester",,,,,9.8,48.71
"University of Saint Francis (IN)",womens-soccer,NAIA,"Crossroads League",Cougars,1,,#990000,#FFFFFF,,athletics-domain:saintfranciscougars.com,"University of Saint Francis (Fort Wayne, IN). Had been matched to Saint Francis University (PA), whose Red Wolves remain correct on the Saint Francis (PA) row. Confirmed on saintfranciscougars.com, title ""University of Saint Francis (IN)"".",,,,,45.83
"University of Saint Mary",womens-soccer,NAIA,"Kansas Collegiate Athletic Conference",Spires,1,"Spiro the Dragon",,,https://upload.wikimedia.org/wikipedia/en/a/a6/University_of_Saint_Mary_logo.svg?utm_source=en.wikipedia.org&utm_campaign=imageinfo&utm_content=original,"wikipedia:University of Saint Mary",,,,,,49.5
"University of Science and Arts of Oklahoma",womens-soccer,NAIA,"Sooner Athletic Conference",Drovers,1,"Dusty the Drover",#00543d,#f1cd44,https://upload.wikimedia.org/wikipedia/commons/b/b5/USAO_logo.png?utm_source=commons.wikimedia.org&utm_campaign=imageinfo&utm_content=original,"wikipedia:University of Science and Arts of Oklahoma",,,,,,59.77
"University of Scranton",womens-soccer,"NCAA D3","Landmark Conference",Royals,1,"Iggy the Royal Wolf",,,https://upload.wikimedia.org/wikipedia/commons/1/15/University_of_Scranton_logo.png?utm_source=commons.wikimedia.org&utm_campaign=imageinfo&utm_content=original,"wikipedia:University of Scranton",,1,Landmark,agent-research:2025-womens-soccer,8.2,54.19
"University of St Thomas (TX)",womens-soccer,"NCAA D3","Southern Collegiate Athletic Conference",Celts,1,,#A30818,#FEBE10,,"wikipedia:University of St. Thomas (Texas)",,,,,,42.3
"University of St. Francis (IL)",womens-soccer,NAIA,"Chicagoland Collegiate Athletic Conference","Fighting Saints",1,"Bernie the St. Bernard",#503412,#ffd400,,"wikipedia:University of St. Francis",,,,,,53.25
"University of Tennessee Southern",womens-soccer,NAIA,"Southern States Athletic Conference",Firehawks,1,"Flame the Firehawk",,,https://upload.wikimedia.org/wikipedia/commons/a/a8/University_of_Tennessee_Southern_logo.png?utm_source=commons.wikimedia.org&utm_campaign=imageinfo&utm_content=original,"wikipedia:University of Tennessee Southern",,,,,,58.75
"University of Valley Forge",womens-soccer,"NCAA D3","United East Conference",,,,,,https://upload.wikimedia.org/wikipedia/en/0/08/University_of_Valley_Forge_logo.svg?utm_source=en.wikipedia.org&utm_campaign=imageinfo&utm_content=original,"wikipedia:University of Valley Forge",,,,,,30.33
"University of Wisconsin-Eau Claire",womens-soccer,"NCAA D3","Wisconsin Intercollegiate Athletic Conference",Blugolds,1,Blu,#2B3E85,#EDAC1A,https://upload.wikimedia.org/wikipedia/commons/5/51/Eauclairewordmark.png?utm_source=commons.wikimedia.org&utm_campaign=imageinfo&utm_content=original,"wikipedia:University of Wisconsin–Eau Claire",,,,,6.5,39.97
"University of Wisconsin-La Crosse",womens-soccer,"NCAA D3","Wisconsin Intercollegiate Athletic Conference",Eagles,1,"Stryker the Eagle",#830019,#969799,https://upload.wikimedia.org/wikipedia/commons/9/9f/Univ_wisconsin_lacrosse_textlogo.png?utm_source=commons.wikimedia.org&utm_campaign=imageinfo&utm_content=original,"wikipedia:University of Wisconsin–La Crosse",,1,WIAC,agent-research:2025-womens-soccer,6.5,56.65
"University of Wisconsin-Oshkosh",womens-soccer,"NCAA D3","Wisconsin Intercollegiate Athletic Conference",Titans,1,Clash,#000000,#FFCC00,https://upload.wikimedia.org/wikipedia/commons/0/0c/UWO_Lettermark.png?utm_source=commons.wikimedia.org&utm_campaign=imageinfo&utm_content=original,"wikipedia:University of Wisconsin–Oshkosh",,,,,6.5,35.48
"University of Wisconsin-Platteville",womens-soccer,"NCAA D3","Wisconsin Intercollegiate Athletic Conference",Pioneers,1,"Pioneer Pete",#F37321,#0068B3,https://upload.wikimedia.org/wikipedia/commons/e/eb/Uw_platteville_logo_horiz.png?utm_source=commons.wikimedia.org&utm_campaign=imageinfo&utm_content=original,"wikipedia:University of Wisconsin–Platteville",,,,,6.5,47.11
"University of Wisconsin-River Falls",womens-soccer,"NCAA D3","Wisconsin Intercollegiate Athletic Conference",Falcons,1,"Freddy Falcon",#C41E3A,#FFFFFF,https://upload.wikimedia.org/wikipedia/commons/3/3c/Uw_river_falls_wmark.png?utm_source=commons.wikimedia.org&utm_campaign=imageinfo&utm_content=original,"wikipedia:University of Wisconsin–River Falls",,,,,6.5,44.13
"University of Wisconsin-Stevens Point",womens-soccer,"NCAA D3","Wisconsin Intercollegiate Athletic Conference",Pointers,1,"Stevie Pointer",#512698,#FFC82E,https://upload.wikimedia.org/wikipedia/en/e/ec/UW%E2%80%93Stevens_Point_logo.png?utm_source=en.wikipedia.org&utm_campaign=imageinfo&utm_content=original,"wikipedia:University of Wisconsin–Stevens Point",,,,,6.5,40.57
"University of Wisconsin-Stout",womens-soccer,"NCAA D3","Wisconsin Intercollegiate Athletic Conference","Blue Devils",1,,#13294B,#1D4F91,https://upload.wikimedia.org/wikipedia/en/2/23/University_of_Wisconsin-Stout_Polytechnic_Logo.svg?utm_source=en.wikipedia.org&utm_campaign=imageinfo&utm_content=original,"wikipedia:University of Wisconsin–Stout Polytechnic",,,,,6.5,32.8
"University of Wisconsin-Superior",womens-soccer,"NCAA D3","Upper Midwest Athletic Conference",Yellowjackets,1,"Buzz the Yellowjacket",#000000,#FFD046,https://upload.wikimedia.org/wikipedia/en/8/8d/UW-Superior_university_logo%2C_adopted_2025.svg?utm_source=en.wikipedia.org&utm_campaign=imageinfo&utm_content=original,"wikipedia:University of Wisconsin–Superior",,1,UMAC,agent-research:2025-womens-soccer,6.5,48.05
"University of Wisconsin-Whitewater",womens-soccer,"NCAA D3","Wisconsin Intercollegiate Athletic Conference",Warhawks,1,"Willie Warhawk",#502D7F,#FFFFFF,https://upload.wikimedia.org/wikipedia/commons/c/c7/UW-Whitewater_logo_2c_lead_hortizontal.svg?utm_source=commons.wikimedia.org&utm_campaign=imageinfo&utm_content=original,"wikipedia:University of Wisconsin–Whitewater",,,,,6.5,40.08
"University of the Cumberlands",womens-soccer,NAIA,"Mid-South Conference",Patriots,1,"Pete the Patriot",#b21e27,#003b70,,"wikipedia:University of the Cumberlands",,,,,5.6,61.12
"University of the Ozarks",womens-soccer,"NCAA D3","Southern Collegiate Athletic Conference",Ozarks,1,Eagles,,,https://upload.wikimedia.org/wikipedia/commons/e/e0/UofO_Color-GreyBack.png?utm_source=commons.wikimedia.org&utm_campaign=imageinfo&utm_content=original,"wikipedia:University of the Ozarks",,,,,,33.28
"University of the Southwest",womens-soccer,NAIA,"Red River Athletic Conference",Mustangs,1,,#d42027,#032740,,"wikipedia:University of the Southwest",,,,,,43.34
"Upper Iowa",womens-soccer,"NCAA D2","Great Lakes Valley Conference",Peacocks,1,,#007FFF,,https://upload.wikimedia.org/wikipedia/commons/b/b4/Upper_iowa_univ_logo.png?utm_source=commons.wikimedia.org&utm_campaign=imageinfo&utm_content=original,"wikipedia:Upper Iowa University",,,,,5.4,45.72
"Ursinus College",womens-soccer,"NCAA D3","Centennial Conference",Bears,1,"Grizzly Bear",#990000,#FFC600,https://upload.wikimedia.org/wikipedia/commons/1/15/Ursinus_college_penn_logo.png?utm_source=commons.wikimedia.org&utm_campaign=imageinfo&utm_content=original,"wikipedia:Ursinus College",,,,,8.0,40.64
Ursuline,womens-soccer,"NCAA D2","Great Midwest Athletic Conference",Arrows,1,Arrows,#0d77b5,#f1b51c,https://upload.wikimedia.org/wikipedia/commons/d/d2/Ursuline_College_logo_blue.svg?utm_source=commons.wikimedia.org&utm_campaign=imageinfo&utm_content=original,"wikipedia:Ursuline College",,,,,,47.87
Utah,womens-soccer,"NCAA D1","Big 12",Utes,1,Swoop,#CC0000,#FFFFFF,https://upload.wikimedia.org/wikipedia/commons/3/30/University_of_Utah_horizontal_logo.svg?utm_source=commons.wikimedia.org&utm_campaign=imageinfo&utm_content=original,"wikipedia:University of Utah",,,,,4.5,77.46
"Utah State",womens-soccer,"NCAA D1",Pac-12,Aggies,1,"Big Blue",#0F2439,#FFFFFF,https://upload.wikimedia.org/wikipedia/en/2/27/Utah_State_University_logo.svg?utm_source=en.wikipedia.org&utm_campaign=imageinfo&utm_content=original,"wikipedia:Utah State University",,1,"Mountain West","wikipedia:2025 NCAA Division I women's soccer tournament",,78.0
"Utah Tech",womens-soccer,"NCAA D1","Big Sky",Trailblazers,1,"""Brooks the Bison""",,,https://upload.wikimedia.org/wikipedia/commons/8/89/Utah_Tech_University_monogram.svg?utm_source=commons.wikimedia.org&utm_campaign=imageinfo&utm_content=original,"wikipedia:Utah Tech University",,,,,4.5,68.07
"Utah Valley",womens-soccer,"NCAA D1","Big West",Wolverines,1,"Willy the Wolverine",#275D38,#FFFFFF,https://upload.wikimedia.org/wikipedia/commons/0/00/UVU-Institutional-Square-Mark-2016.svg?utm_source=commons.wikimedia.org&utm_campaign=imageinfo&utm_content=original,"wikipedia:Utah Valley University",,,,,5.8,79.24
"Utica University",womens-soccer,"NCAA D3","Empire 8",Pioneers,1,"Trax the Moose",#0c223f,#e75200,https://upload.wikimedia.org/wikipedia/commons/9/96/Utica_University_logo.svg?utm_source=commons.wikimedia.org&utm_campaign=imageinfo&utm_content=original,"wikipedia:Utica University",,,,,6.5,40.28
VCU,womens-soccer,"NCAA D1","Atlantic 10",Rams,1,"Rodney the Ram",,,https://upload.wikimedia.org/wikipedia/commons/8/8c/VCU_typeface.svg?utm_source=commons.wikimedia.org&utm_campaign=imageinfo&utm_content=original,"wikipedia:Virginia Commonwealth University",,,,,7.2,68.1
VMI,womens-soccer,"NCAA D1",Southern,Keydets,1,"Moe the Kangaroo",,,https://upload.wikimedia.org/wikipedia/commons/7/7c/Virginia_Military_Institute_full_logo.png?utm_source=commons.wikimedia.org&utm_campaign=imageinfo&utm_content=original,"wikipedia:Virginia Military Institute",,,,,6.5,59.14
"Valdosta State",womens-soccer,"NCAA D2","Gulf South Conference",Blazers,1,Blaze,#CC0000,#000000,https://upload.wikimedia.org/wikipedia/commons/b/b7/Valdosta_university_logo.png?utm_source=commons.wikimedia.org&utm_campaign=imageinfo&utm_content=original,"wikipedia:Valdosta State University",,,,,,54.79
Valparaiso,womens-soccer,"NCAA D1","Missouri Valley",Beacons,1,,#381E0E,#FFCC00,https://upload.wikimedia.org/wikipedia/en/4/44/Valparaiso_University_logo.svg?utm_source=en.wikipedia.org&utm_campaign=imageinfo&utm_content=original,"wikipedia:Valparaiso University",,,,,,68.72
Vanderbilt,womens-soccer,"NCAA D1",SEC,Commodores,1,"Mr. Commodore (Mr. C)",,,https://upload.wikimedia.org/wikipedia/commons/d/d0/Vanderbilt_University_logo.svg?utm_source=commons.wikimedia.org&utm_campaign=imageinfo&utm_content=original,"wikipedia:Vanderbilt University",,,,,,92.01
Vanguard,womens-soccer,"NCAA D2","Pacific West Conference",Lions,1,,#003767,#ffc522,https://upload.wikimedia.org/wikipedia/commons/b/bf/Vanguard_univ_full_logo.png?utm_source=commons.wikimedia.org&utm_campaign=imageinfo&utm_content=original,"wikipedia:Vanguard University",,,,,7.0,53.99
"Vassar College",womens-soccer,"NCAA D3","Liberty League",Brewers,1,"The Brewer",#951829,#63666A,https://upload.wikimedia.org/wikipedia/commons/9/9d/Vassar_college_garnet_logo.svg?utm_source=commons.wikimedia.org&utm_campaign=imageinfo&utm_content=original,"wikipedia:Vassar College",,1,"Liberty League",agent-research:2025-womens-soccer,,49.59
Vermont,womens-soccer,"NCAA D1","America East",Catamounts,1,"Rally Catamount",,,https://upload.wikimedia.org/wikipedia/commons/f/f4/University_of_Vermont_Primary_Horizontal_Wordmark.svg?utm_source=commons.wikimedia.org&utm_campaign=imageinfo&utm_content=original,"wikipedia:University of Vermont",,,,,8.0,73.4
"Vermont State University-Castleton",womens-soccer,"NCAA D3","New Jersey Athletic Conference",,,,,,https://upload.wikimedia.org/wikipedia/en/8/84/Vsu_horizontal_logo-2048x578.png?utm_source=en.wikipedia.org&utm_campaign=imageinfo&utm_content=original,"wikipedia:Vermont State University",,,,,,38.53
"Vermont State University-Johnson",womens-soccer,"NCAA D3","North Atlantic Conference",Badgers,1,,#046A38,#002855,https://upload.wikimedia.org/wikipedia/commons/5/59/Johnson_state_college_textlogo.png?utm_source=commons.wikimedia.org&utm_campaign=imageinfo&utm_content=original,"wikipedia:Johnson State College",,,,,,47.3
"Vermont State University-Lyndon",womens-soccer,"NCAA D3","North Atlantic Conference",,,Hornet,#2C5234,#F3D03E,https://upload.wikimedia.org/wikipedia/en/6/6c/Lyndon_State_College_logo.png?utm_source=en.wikipedia.org&utm_campaign=imageinfo&utm_content=original,"wikipedia:Lyndon State College",,,,,,33.45
Villanova,womens-soccer,"NCAA D1","Big East",Wildcats,1,"Will D. Cat (current)<br />Count Villan (former)",#002664,#FFFFFF,https://upload.wikimedia.org/wikipedia/en/c/c8/Villanova_University_logo.svg?utm_source=en.wikipedia.org&utm_campaign=imageinfo&utm_content=original,"wikipedia:Villanova University",,,,,8.9,73.34
Virginia,womens-soccer,"NCAA D1",ACC,Cavaliers,1,Cavalier,#E57200,#232D4B,,"wikipedia:University of Virginia",,,,,9.6,92.15
"Virginia State",womens-soccer,"NCAA D2",Independent,Trojans,1,,#EA6D26,#00358E,https://upload.wikimedia.org/wikipedia/commons/9/95/Virginia_state_univ_logo.png?utm_source=commons.wikimedia.org&utm_campaign=imageinfo&utm_content=original,"wikipedia:Virginia State University",,,,,5.3,47.78
"Virginia Tech",womens-soccer,"NCAA D1",ACC,Hokies,1,HokieBird,,,https://upload.wikimedia.org/wikipedia/commons/8/8f/Virginia_Tech_logo.svg?utm_source=commons.wikimedia.org&utm_campaign=imageinfo&utm_content=original,"wikipedia:Virginia Tech",,,,,8.2,80.07
"Viterbo University",womens-soccer,NAIA,"Chicagoland Collegiate Athletic Conference",V-Hawks,1,,#00344B,#EE323A,https://upload.wikimedia.org/wikipedia/en/e/e9/Vu_lfl_horiz_bw_lg.gif?utm_source=en.wikipedia.org&utm_campaign=imageinfo&utm_content=original,"wikipedia:Viterbo University",,,,,,49.38
Wagner,womens-soccer,"NCAA D1",NEC,,,,,,,,"No usable Wikipedia infobox found for this name",1,Northeast,"wikipedia:2025 NCAA Division I women's soccer tournament",,69.72
"Wake Forest",womens-soccer,"NCAA D1",ACC,"Demon Deacons",1,"The Demon Deacon",#9E7E38,#000000,https://upload.wikimedia.org/wikipedia/en/b/b9/Wake_Forest_University_logo.svg?utm_source=en.wikipedia.org&utm_campaign=imageinfo&utm_content=original,"wikipedia:Wake Forest University",,,,,9.2,89.49
"Waldorf University",womens-soccer,NAIA,"Great Plains Athletic Conference",Warriors,1,,#471F6E,#B79257,https://upload.wikimedia.org/wikipedia/commons/6/66/Waldorf_univ_logo_horiz.png?utm_source=commons.wikimedia.org&utm_campaign=imageinfo&utm_content=original,"wikipedia:Waldorf University",,,,,5.6,34.35
"Walla Walla University",womens-soccer,NAIA,"Cascade Collegiate Conference",Wolves,1,,#3f4727,#af6112,,"wikipedia:Walla Walla University",,,,,,34.21
Walsh,womens-soccer,"NCAA D2","Great Midwest Athletic Conference",Cavaliers,1,"Sir Walter the Cavalier",,,https://upload.wikimedia.org/wikipedia/commons/5/53/Walsh_univ_ohio_textlogo.png?utm_source=commons.wikimedia.org&utm_campaign=imageinfo&utm_content=original,"wikipedia:Walsh University",,,,,5.4,57.7
"Warner Pacific University",womens-soccer,NAIA,"Cascade Collegiate Conference",Knights,1,,#3db7e4,#b6bf00,https://upload.wikimedia.org/wikipedia/commons/8/8f/Warner_pacific_univ_logo.png?utm_source=commons.wikimedia.org&utm_campaign=imageinfo&utm_content=original,athletics-domain:wpuknights.com,"nickname recovered from the school's own athletics hostname; its Wikipedia article states none. Confirmed by that site's title (""2026 Annual Fundraiser Golf Tournament - Warner Pacific University Athletics - O"").",,,,5.6,40.85
"Warner University",womens-soccer,NAIA,"Sun Conference",Royals,1,Duke,#002b5c,#e9aa1c,https://upload.wikimedia.org/wikipedia/commons/5/59/Warner_univ_florida_textlogo.png?utm_source=commons.wikimedia.org&utm_campaign=imageinfo&utm_content=original,"wikipedia:Warner University",,,,,5.6,41.36
"Warren Wilson College",womens-soccer,"NCAA D3","Coast-to-Coast Athletic Conference",Owls,1,,,,https://upload.wikimedia.org/wikipedia/en/f/ff/WarrenWilsonCollegeLogo.svg?utm_source=en.wikipedia.org&utm_campaign=imageinfo&utm_content=original,"wikipedia:Warren Wilson College",,,,,,29.47
"Wartburg College",womens-soccer,"NCAA D3","American Rivers Conference",Knights,1,,#F58025,#000000,https://upload.wikimedia.org/wikipedia/commons/4/4a/Wartburg_college_logo.png?utm_source=commons.wikimedia.org&utm_campaign=imageinfo&utm_content=original,"wikipedia:Wartburg College",,,,,6.5,42.67
Washburn,womens-soccer,"NCAA D2","Mid-America Intercollegiate Athletics Association",Ichabods,1,"The Ichabod",,,https://upload.wikimedia.org/wikipedia/commons/8/89/Washburn_University_wordmark.svg?utm_source=commons.wikimedia.org&utm_campaign=imageinfo&utm_content=original,"wikipedia:Washburn University",,,,,,67.73
Washington,womens-soccer,"NCAA D1","Big Ten",Huskies,1,,#4B2E83,#B7A57A,https://upload.wikimedia.org/wikipedia/commons/f/f7/University_of_Washington_signature.svg?utm_source=commons.wikimedia.org&utm_campaign=imageinfo&utm_content=original,"wikipedia:University of Washington",,,,,8.9,87.76
"Washington & Jefferson College",womens-soccer,"NCAA D3","Presidents' Athletic Conference",Presidents,1,DubJay,#B80007,#000000,https://upload.wikimedia.org/wikipedia/en/d/d2/Washington_and_Jefferson_College_logo_2021.png?utm_source=en.wikipedia.org&utm_campaign=imageinfo&utm_content=original,"wikipedia:Washington & Jefferson College",,,,,8.0,39.22
"Washington Adventist University",womens-soccer,NAIA,"Continental Athletic Conference",Shock,0,,#103459,#f26722,,"wikipedia:Washington Adventist University",,,,,,43.91
"Washington College",womens-soccer,"NCAA D3","Centennial Conference","Shorewomen or Goose Nation",0,"Gus the Goose",#800000,#000000,https://upload.wikimedia.org/wikipedia/commons/8/84/Washington_college_logo_horiz.png?utm_source=commons.wikimedia.org&utm_campaign=imageinfo&utm_content=original,"wikipedia:Washington College",,,,,8.0,43.16
"Washington State",womens-soccer,"NCAA D1",Pac-12,Cougars,1,"Butch T. Cougar",#A60F2D,#4D4D4D,https://upload.wikimedia.org/wikipedia/commons/2/2b/Washington_State_University_signature.svg?utm_source=commons.wikimedia.org&utm_campaign=imageinfo&utm_content=original,"wikipedia:Washington State University",,,,,8.9,72.49
"Washington University in St Louis",womens-soccer,"NCAA D3","University Athletic Association",Bears,1,Bear,#BA0C2F,#215732,,"wikipedia:Washington University in St. Louis",,1,UAA,agent-research:2025-womens-soccer,,57.3
"Washington and Lee University",womens-soccer,"NCAA D3","Old Dominion Athletic Conference",Generals,1,"Trident (no mascot - athletics symbol)",,,https://upload.wikimedia.org/wikipedia/commons/1/12/Web_wordmark1.png?utm_source=commons.wikimedia.org&utm_campaign=imageinfo&utm_content=original,"wikipedia:Washington and Lee University",,1,ODAC,agent-research:2025-womens-soccer,,55.03
"Wayland Baptist University",womens-soccer,NAIA,"Sooner Athletic Conference",Pioneers,1,"Pioneer Pete",#084a8e,#eec301,https://upload.wikimedia.org/wikipedia/en/9/9a/Wayland-baptist-university-logo.png?utm_source=en.wikipedia.org&utm_campaign=imageinfo&utm_content=original,"wikipedia:Wayland Baptist University",,,,,5.4,41.89
"Wayne State (MI)",womens-soccer,"NCAA D2","Great Lakes Intercollegiate Athletic Conference",,,,,,,,"No usable Wikipedia infobox found for this name",,,,,
"Wayne State (NE)",womens-soccer,"NCAA D2","Northern Sun Intercollegiate Conference",,,,,,,,"No usable Wikipedia infobox found for this name",,,,,53.17
"Waynesburg University",womens-soccer,"NCAA D3","Presidents' Athletic Conference","Yellow Jackets",1,,,,https://upload.wikimedia.org/wikipedia/commons/6/63/Waynesburg_univ_textlogo.png?utm_source=commons.wikimedia.org&utm_campaign=imageinfo&utm_content=original,"wikipedia:Waynesburg University",,1,ECAC,agent-research:2025-womens-soccer,6.5,47.79
"Webber International University",womens-soccer,NAIA,"Sun Conference",Warriors,1,,#234f33,#ae831f,https://upload.wikimedia.org/wikipedia/commons/2/2c/Webber_internat_univ_logo.png?utm_source=commons.wikimedia.org&utm_campaign=imageinfo&utm_content=original,"wikipedia:Webber International University",,,,,4.7,43.8
"Weber State",womens-soccer,"NCAA D1","Big Sky",Wildcats,1,,#492365,#FFFFFF,https://upload.wikimedia.org/wikipedia/en/8/8e/Weber_State_University_logo.svg?utm_source=en.wikipedia.org&utm_campaign=imageinfo&utm_content=original,"wikipedia:Weber State University",,,,,,65.13
"Webster University",womens-soccer,"NCAA D3","St. Louis Intercollegiate Athletic Conference",Gorloks,1,"Webster Gorlok",#0047BB,#FFBF3F,https://upload.wikimedia.org/wikipedia/commons/8/86/Webster_University_Logo.svg?utm_source=commons.wikimedia.org&utm_campaign=imageinfo&utm_content=original,"wikipedia:Webster University",,,,,6.5,51.2
"Wellesley College",womens-soccer,"NCAA D3","New England Women's and Men's Athletic Conference",Blue,0,"The Blue",#002776,,https://upload.wikimedia.org/wikipedia/commons/3/3e/Formal_Logo_of_Wellesley_College%2C_Wellesley%2C_MA%2C_USA.svg?utm_source=commons.wikimedia.org&utm_campaign=imageinfo&utm_content=original,"wikipedia:Wellesley College",,,,,6.5,37.39
"Wentworth Institute of Technology",womens-soccer,"NCAA D3","Conference of New England",,,Leopard,,,https://upload.wikimedia.org/wikipedia/commons/f/f0/Wentworth_institute_logo.png?utm_source=commons.wikimedia.org&utm_campaign=imageinfo&utm_content=original,"wikipedia:Wentworth Institute of Technology",,,,,6.5,37.93
"Wesleyan (GA)",womens-soccer,"NCAA D3","Collegiate Conference of the South",Wolves,1,,#E6E6FA,,https://upload.wikimedia.org/wikipedia/commons/4/48/Wesleyan_college_georgia_logo.png?utm_source=commons.wikimedia.org&utm_campaign=imageinfo&utm_content=original,"wikipedia:Wesleyan College",,,,,6.5,25.04
"Wesleyan University",womens-soccer,"NCAA D3","New England Small College Athletic Conference",Cardinals,1,,,,https://upload.wikimedia.org/wikipedia/commons/e/e8/Wesleyan_University_logo.svg?utm_source=commons.wikimedia.org&utm_campaign=imageinfo&utm_content=original,"wikipedia:Wesleyan University",,,,,6.5,46.73
"West Alabama",womens-soccer,"NCAA D2","Gulf South Conference",Tigers,1,"LUie the Tiger",,,https://upload.wikimedia.org/wikipedia/commons/0/00/Uwa_logo_horizontal.png?utm_source=commons.wikimedia.org&utm_campaign=imageinfo&utm_content=original,"wikipedia:University of West Alabama",,,,,5.4,57.67
"West Chester",womens-soccer,"NCAA D2","Pennsylvania State Athletic Conference","Golden Rams",1,Rammy,#45156B,#FDC423,https://upload.wikimedia.org/wikipedia/commons/2/26/West_Chester_University_logo.png?utm_source=commons.wikimedia.org&utm_campaign=imageinfo&utm_content=original,"wikipedia:West Chester University",,,,,6.5,69.29
"West Florida",womens-soccer,"NCAA D1",ASUN,Argonauts,1,"Argie the Argonaut",#00205B,#00A346,https://upload.wikimedia.org/wikipedia/en/6/64/University_of_West_Florida_Logo.svg?utm_source=en.wikipedia.org&utm_campaign=imageinfo&utm_content=original,"wikipedia:University of West Florida",,,,,,86.6
"West Georgia",womens-soccer,"NCAA D1",UAC,Wolves,1,Wolfie,#DB1A21,#0033A1,https://upload.wikimedia.org/wikipedia/commons/5/5c/UWG_Shield_Logo.png?utm_source=commons.wikimedia.org&utm_campaign=imageinfo&utm_content=original,"wikipedia:University of West Georgia",,,,,,61.51
"West Liberty",womens-soccer,"NCAA D2","Mountain East Conference",Hilltoppers,1,"Topper the Bear",,,https://upload.wikimedia.org/wikipedia/commons/7/7c/West_Liberty_University_Logo.png?utm_source=commons.wikimedia.org&utm_campaign=imageinfo&utm_content=original,"wikipedia:West Liberty University",,,,,5.4,49.04
"West Texas A&M",womens-soccer,"NCAA D2","Lone Star Conference","Buffaloes or Buffs",1,Buffalo,#581818,,https://upload.wikimedia.org/wikipedia/commons/0/0c/West_Texas_A%26M_University_wordmark.svg?utm_source=commons.wikimedia.org&utm_campaign=imageinfo&utm_content=original,"wikipedia:West Texas A&M University",,,,,5.4,53.29
"West Virginia",womens-soccer,"NCAA D1","Big 12",Mountaineers,1,"The Mountaineer",,,https://upload.wikimedia.org/wikipedia/commons/8/87/West_Virginia_University_logo.svg?utm_source=commons.wikimedia.org&utm_campaign=imageinfo&utm_content=original,"wikipedia:West Virginia University",,,,,6.8,88.47
"West Virginia State",womens-soccer,"NCAA D2","Mountain East Conference","Yellow Jackets",1,Stinger,#000000,#CFAB2B,https://upload.wikimedia.org/wikipedia/en/f/f9/West_Virginia_State_logo.png?utm_source=en.wikipedia.org&utm_campaign=imageinfo&utm_content=original,"wikipedia:West Virginia State University",,,,,5.3,68.0
"West Virginia University Institute of Technology",womens-soccer,NAIA,"River States Conference","Golden Bears",1,Monty,#00457c,#f0b310,https://upload.wikimedia.org/wikipedia/en/4/44/WVU_Tech_logo.svg?utm_source=en.wikipedia.org&utm_campaign=imageinfo&utm_content=original,"wikipedia:West Virginia University Institute of Technology",,,,,,46.74
"West Virginia Wesleyan",womens-soccer,"NCAA D2","Mountain East Conference",Bobcats,1,Bobcat,#FF6600,,https://upload.wikimedia.org/wikipedia/commons/e/e0/Wv_wesleyan_college_logo.png?utm_source=commons.wikimedia.org&utm_campaign=imageinfo&utm_content=original,"wikipedia:West Virginia Wesleyan College",,,,,5.4,51.36
"Westcliff University",womens-soccer,NAIA,"California Pacific Conference",Warriors,1,,#00275a,#0273ae,,"wikipedia:Westcliff University",,1,"Cal Pac",agent-research:2025-womens-soccer,,58.92
"Western Carolina",womens-soccer,"NCAA D1",Southern,Catamounts,1,,,,https://upload.wikimedia.org/wikipedia/commons/7/71/Western_Carolina_University_Logo.svg?utm_source=commons.wikimedia.org&utm_campaign=imageinfo&utm_content=original,"wikipedia:Western Carolina University",,,,,,77.38
"Western Colorado",womens-soccer,"NCAA D2","Rocky Mountain Athletic Conference",Mountaineers,1,,#A71930,#6F737A,https://upload.wikimedia.org/wikipedia/en/e/e1/Western_State_Colorado_University_logo.svg?utm_source=en.wikipedia.org&utm_campaign=imageinfo&utm_content=original,"wikipedia:Western Colorado University",,,,,,46.55
"Western Illinois",womens-soccer,"NCAA D1","Ohio Valley",Leathernecks,1,"Colonel Rock (Live Bulldog), Rocky (Costumed Bulldog)",,,https://upload.wikimedia.org/wikipedia/commons/7/7f/Western_Illinois_University_logo.png?utm_source=commons.wikimedia.org&utm_campaign=imageinfo&utm_content=original,"wikipedia:Western Illinois University",,,,,4.5,57.1
"Western Kentucky",womens-soccer,"NCAA D1",CUSA,"Lady Toppers",1,"Big Red",#B01E24,,https://upload.wikimedia.org/wikipedia/en/0/04/WKU_logo.svg?utm_source=en.wikipedia.org&utm_campaign=imageinfo&utm_content=original,"wikipedia:Western Kentucky University",,,,,8.0,70.8
"Western Michigan",womens-soccer,"NCAA D1",MAC,Broncos,1,"Buster Bronco",#532E1F,#F1C500,https://upload.wikimedia.org/wikipedia/en/3/31/Western_Michigan_University_Primary_Logo.svg?utm_source=en.wikipedia.org&utm_campaign=imageinfo&utm_content=original,"wikipedia:Western Michigan University",,1,MAC,"wikipedia:2025 NCAA Division I women's soccer tournament",5.8,79.96
"Western New England University",womens-soccer,"NCAA D3","Conference of New England","Golden Bears",1,Spirit,#003082,#E6B012,https://upload.wikimedia.org/wikipedia/commons/e/ea/Logo_of_Western_New_England_University.svg?utm_source=commons.wikimedia.org&utm_campaign=imageinfo&utm_content=original,"wikipedia:Western New England University",,,,,6.5,45.34
"Western Oregon",womens-soccer,"NCAA D2","Great Northwest Athletic Conference",Wolves,1,Wolfie,#E31837,,https://upload.wikimedia.org/wikipedia/en/d/d5/WesternOregonSignature.png?utm_source=en.wikipedia.org&utm_campaign=imageinfo&utm_content=original,"wikipedia:Western Oregon University",,,,,5.4,58.77
"Western Washington",womens-soccer,"NCAA D2","Great Northwest Athletic Conference",Vikings,1,"Victor E. Viking",#00285e,#5387bd,https://upload.wikimedia.org/wikipedia/commons/8/8f/West_washington_univ_logo.svg?utm_source=commons.wikimedia.org&utm_campaign=imageinfo&utm_content=original,"wikipedia:Western Washington University",,,,,7.2,67.97
"Westfield State University",womens-soccer,"NCAA D3","Massachusetts State Collegiate Athletic Conference",Owls,1,Nestor,#00247d,#FFFFFF,https://upload.wikimedia.org/wikipedia/commons/3/3e/Logo_of_Westfield_State_University.svg?utm_source=commons.wikimedia.org&utm_campaign=imageinfo&utm_content=original,"wikipedia:Westfield State University",,1,MASCAC,agent-research:2025-womens-soccer,6.2,46.94
"Westminster (UT)",womens-soccer,"NCAA D2","Rocky Mountain Athletic Conference",Griffins,1,,#4a245e,#947750,https://upload.wikimedia.org/wikipedia/commons/6/61/Westminster_univ_logo.png?utm_source=commons.wikimedia.org&utm_campaign=imageinfo&utm_content=original,"wikipedia:Westminster University (Utah)",,,,,5.4,57.74
"Westminster College (PA)",womens-soccer,"NCAA D3","Presidents' Athletic Conference",Titans,1,,#0b1143,,https://upload.wikimedia.org/wikipedia/commons/f/fa/Westminster_college_full_logo.png?utm_source=commons.wikimedia.org&utm_campaign=imageinfo&utm_content=original,"wikipedia:Westminster College (Pennsylvania)",,,,,6.5,44.63
"Westminster University (MO)",womens-soccer,"NCAA D3","St. Louis Intercollegiate Athletic Conference","Blue Jays",1,"Winston the Blue Jay",#003767,#79BDE8,https://upload.wikimedia.org/wikipedia/en/8/89/Westminster_College_logo.svg?utm_source=en.wikipedia.org&utm_campaign=imageinfo&utm_content=original,"wikipedia:Westminster College (Missouri)",,,,,6.5,41.92
Westmont,womens-soccer,"NCAA D2","Pacific West Conference",Warriors,1,Warrior,,,https://upload.wikimedia.org/wikipedia/commons/4/46/Westmont_college_textlogo.png?utm_source=commons.wikimedia.org&utm_campaign=imageinfo&utm_content=original,"wikipedia:Westmont College",,,,,8.0,57.92
"Wheaton College (IL)",womens-soccer,"NCAA D3","College Conference of Illinois & Wisconsin",Thunder,0,"Tor the Mastodon",,,,"wikipedia:Wheaton College (Illinois)",,,,,8.8,38.78
"Wheaton College (MA)",womens-soccer,"NCAA D3","New England Women's and Men's Athletic Conference",Lyons,1,,,,https://upload.wikimedia.org/wikipedia/commons/4/4f/Wheaton_College%2C_Massachusetts_wordmark.svg?utm_source=commons.wikimedia.org&utm_campaign=imageinfo&utm_content=original,"wikipedia:Wheaton College (Massachusetts)",,,,,8.2,41.69
Wheeling,womens-soccer,"NCAA D2","Mountain East Conference",Cardinals,1,"Iggy the Cardinal",,,https://upload.wikimedia.org/wikipedia/commons/d/df/Wheeling_university_logo.png?utm_source=commons.wikimedia.org&utm_campaign=imageinfo&utm_content=original,"wikipedia:Wheeling University",,,,,5.4,47.49
"Whitman College",womens-soccer,"NCAA D3","Northwest Conference",Blues,1,,#002868,#FFC627,https://upload.wikimedia.org/wikipedia/en/1/18/Whitman_College_Wordmark_Clock_Tower.svg?utm_source=en.wikipedia.org&utm_campaign=imageinfo&utm_content=original,"wikipedia:Whitman College",,,,,9.2,41.74
"Whittier College",womens-soccer,"NCAA D3","Southern California Intercollegiate Athletic Conference",Poets,1,"Johnny Poet",#481073,#F7AD00,https://upload.wikimedia.org/wikipedia/en/0/0c/Whittier_College_logo.svg?utm_source=en.wikipedia.org&utm_campaign=imageinfo&utm_content=original,"wikipedia:Whittier College",,,,,,42.23
"Whitworth University",womens-soccer,"NCAA D3","Northwest Conference","Pirates, Bucs",1,,,,https://upload.wikimedia.org/wikipedia/commons/9/93/Whitworth_univ_logo.svg?utm_source=commons.wikimedia.org&utm_campaign=imageinfo&utm_content=original,"wikipedia:Whitworth University",,,,,6.5,40.33
"Widener University",womens-soccer,"NCAA D3","Middle Atlantic Conference (Commonwealth)",Pride,0,"Chester & Melrose (Lions)",#008aff,#ffd461,https://upload.wikimedia.org/wikipedia/commons/2/25/Widener_univ_logo_blue.png?utm_source=commons.wikimedia.org&utm_campaign=imageinfo&utm_content=original,"wikipedia:Widener University",,,,,6.5,40.39
"Wiley University",womens-soccer,NAIA,"HBCU Athletic Conference",Wildcats,1,"Wiley the Wildcat",#5c3a8c,#b1b6c1,https://upload.wikimedia.org/wikipedia/commons/0/08/Standard_Nameplate_Purple.png?utm_source=commons.wikimedia.org&utm_campaign=imageinfo&utm_content=original,"wikipedia:Wiley University",,,,,,42.3
"Wilkes University",womens-soccer,"NCAA D3","Landmark Conference",Colonels,1,Colonel,#022C5A,#FFCD00,https://upload.wikimedia.org/wikipedia/commons/e/e5/Wilkes_univ_textlogo.png?utm_source=commons.wikimedia.org&utm_campaign=imageinfo&utm_content=original,"wikipedia:Wilkes University",,,,,6.5,36.55
"Willamette University",womens-soccer,"NCAA D3","Northwest Conference",Bearcats,1,Blitz,#BA0C2F,#C6AA76,https://upload.wikimedia.org/wikipedia/commons/5/5d/Willamette_univ_textlogo.png?utm_source=commons.wikimedia.org&utm_campaign=imageinfo&utm_content=original,"wikipedia:Willamette University",,,,,,37.39
"William & Mary",womens-soccer,"NCAA D1",CAA,Tribe,0,"The Griffin",#115740,#B9975B,,"wikipedia:College of William & Mary",,,,,9.0,71.64
"William Carey University",womens-soccer,NAIA,"Southern States Athletic Conference",Crusaders,1,,#b01e24,,,"wikipedia:William Carey University",,1,SSAC,agent-research:2025-womens-soccer,,66.0
"William Jewell",womens-soccer,"NCAA D2","Great Lakes Valley Conference",Cardinals,1,,,,https://upload.wikimedia.org/wikipedia/commons/b/b6/Jewell_college_textlogo.png?utm_source=commons.wikimedia.org&utm_campaign=imageinfo&utm_content=original,"wikipedia:William Jewell College",,,,,5.4,42.85
"William Paterson University",womens-soccer,"NCAA D3","New Jersey Athletic Conference",Pioneers,1,"Pio (since 2021)",#FF6600,#000000,https://upload.wikimedia.org/wikipedia/commons/c/ca/WP-Logo.png?utm_source=commons.wikimedia.org&utm_campaign=imageinfo&utm_content=original,"wikipedia:William Paterson University",,,,,,35.57
"William Peace University",womens-soccer,"NCAA D3","USA South Athletic Conference",Pacers,1,Pacer,,,,athletics-domain:gopeacepacers.com,"nickname recovered from the school's own athletics hostname; its Wikipedia article states none. Confirmed by that site's title (""William Peace University Athletics - Official Athletics Website"").",,,,,35.05
"William Penn University",womens-soccer,NAIA,"Heart of America Athletic Conference",Statesmen,1,Statesmen,#00214d,#ffd204,,"wikipedia:William Penn University",,,,,5.6,38.66
"William Woods University",womens-soccer,NAIA,"Heart of America Athletic Conference",Owls,1,"Screech the Owl",#02493b,#7f2346,,"wikipedia:William Woods University",,,,,5.6,45.01
"Williams Baptist University",womens-soccer,NAIA,"American Midwest Conference",Eagles,1,Eagle,#014fa3,,,"wikipedia:Williams Baptist University",,,,,,35.81
"Williams College",womens-soccer,"NCAA D3","New England Small College Athletic Conference",Ephs,1,"Ephelia, the Purple Cow",#512698,#FDCC09,https://upload.wikimedia.org/wikipedia/commons/1/14/Williams_College_wordmark.svg?utm_source=commons.wikimedia.org&utm_campaign=imageinfo&utm_content=original,"wikipedia:Williams College",,,,,10.0,48.55
"Wilmington (DE)",womens-soccer,"NCAA D2","Central Atlantic Collegiate Conference",Wildcats,1,"Wiley D. Wildcat",#008751,#FFFFFF,https://upload.wikimedia.org/wikipedia/en/0/0b/Logo-of-Wilmington-University.svg?utm_source=en.wikipedia.org&utm_campaign=imageinfo&utm_content=original,"wikipedia:Wilmington University",,1,CACC,agent-research:2025-womens-soccer,5.4,64.25
"Wilmington College",womens-soccer,"NCAA D3","Ohio Athletic Conference",Quakers,1,Quakerman,,,https://upload.wikimedia.org/wikipedia/commons/2/24/Wilmington_college_of_ohio_logo.svg?utm_source=commons.wikimedia.org&utm_campaign=imageinfo&utm_content=original,"wikipedia:Wilmington College (Ohio)",,1,OAC,agent-research:2025-womens-soccer,,44.45
"Wilson College",womens-soccer,"NCAA D3","United East Conference",Phoenix,0,,,,https://upload.wikimedia.org/wikipedia/en/f/ff/WarrenWilsonCollegeLogo.svg?utm_source=en.wikipedia.org&utm_campaign=imageinfo&utm_content=original,athletics-domain:wilsonphoenix.com,"Wilson College (PA). Had been matched to WARREN Wilson College, whose Owls remain correct on that row. Confirmed on wilsonphoenix.com (135 mentions).",,,,,46.32
Wingate,womens-soccer,"NCAA D2","South Atlantic Conference",Bulldogs,1,"Victor E. Bulldog",,,https://upload.wikimedia.org/wikipedia/commons/2/28/Wingate_univ_flag.png?utm_source=commons.wikimedia.org&utm_campaign=imageinfo&utm_content=original,"wikipedia:Wingate University",,,,,6.5,63.66
"Winona State",womens-soccer,"NCAA D2","Northern Sun Intercollegiate Conference",Warriors,1,Wazoo,#4B08A1,,https://upload.wikimedia.org/wikipedia/commons/4/4c/Winona_State_University_wordmark.svg?utm_source=commons.wikimedia.org&utm_campaign=imageinfo&utm_content=original,"wikipedia:Winona State University",,,,,,54.88
Winthrop,womens-soccer,"NCAA D1","Big South",Eagles,1,"Big Stuff",#660000,#F0B323,https://upload.wikimedia.org/wikipedia/en/f/f9/Winthrop_University_logo_2018.svg?utm_source=en.wikipedia.org&utm_campaign=imageinfo&utm_content=original,"wikipedia:Winthrop University",,,,,5.0,66.31
Wisconsin,womens-soccer,"NCAA D1","Big Ten",Badgers,1,"Bucky Badger",,,https://upload.wikimedia.org/wikipedia/en/e/e0/University_of_Wisconsin-Madison_logo.svg?utm_source=en.wikipedia.org&utm_campaign=imageinfo&utm_content=original,"wikipedia:University of Wisconsin–Madison",,,,,9.0,88.88
"Wisconsin Lutheran College",womens-soccer,"NCAA D3","Northern Athletics Collegiate Conference",,,Warriors,#006643,,https://upload.wikimedia.org/wikipedia/commons/5/59/Wisconsin_lutheran_college_textlogo.png?utm_source=commons.wikimedia.org&utm_campaign=imageinfo&utm_content=original,"wikipedia:Wisconsin Lutheran College",,,,,8.0,39.6
Wisconsin-Parkside,womens-soccer,"NCAA D2","Great Lakes Intercollegiate Athletic Conference",Rangers,1,"Ranger Bear",#00693E,#231F20,https://upload.wikimedia.org/wikipedia/commons/7/75/UWParkside_logo.png?utm_source=commons.wikimedia.org&utm_campaign=imageinfo&utm_content=original,"wikipedia:University of Wisconsin–Parkside",,,,,5.4,55.23
"Wittenberg University",womens-soccer,"NCAA D3","North Coast Athletic Conference",Tigers,1,"Ezry the Tiger",,,https://upload.wikimedia.org/wikipedia/commons/e/e9/Wittenberg_University_logo.svg?utm_source=commons.wikimedia.org&utm_campaign=imageinfo&utm_content=original,athletics-domain:wittenbergtigers.com,"copied from this school's other row (Wittenberg), same division; that row's nickname was recovered from the school's own athletics site",,,,7.8,39.89
Wofford,womens-soccer,"NCAA D1",Southern,Terriers,1,Terrier,#886E4C,#000000,https://upload.wikimedia.org/wikipedia/commons/d/d8/Wofford-Stacked-Black.png?utm_source=commons.wikimedia.org&utm_campaign=imageinfo&utm_content=original,"wikipedia:Wofford College",,,,,7.6,67.26
"Worcester Polytechnic Institute",womens-soccer,"NCAA D3","New England Women's and Men's Athletic Conference",Engineers,1,"Gompei the Goat",#AC2B37,#A9B0B7,https://upload.wikimedia.org/wikipedia/commons/7/7e/WPI_wordmark.svg?utm_source=commons.wikimedia.org&utm_campaign=imageinfo&utm_content=original,"wikipedia:Worcester Polytechnic Institute",,,,,9.5,43.04
"Worcester State University",womens-soccer,"NCAA D3","Massachusetts State Collegiate Athletic Conference",Lancers,1,"Chandler H. Lancer",#003896,#f0e07d,https://upload.wikimedia.org/wikipedia/commons/f/fa/Worcester_state_univ_wordmark.png?utm_source=commons.wikimedia.org&utm_campaign=imageinfo&utm_content=original,"wikipedia:Worcester State University",,,,,6.2,41.94
"Wright State",womens-soccer,"NCAA D1",Horizon,Raiders,1,"Gray Wolf, Raider personified as Rowdy Raider",#026937,#CEA052,https://upload.wikimedia.org/wikipedia/en/b/bd/Wright_State_University_logo.svg?utm_source=en.wikipedia.org&utm_campaign=imageinfo&utm_content=original,"wikipedia:Wright State University",,,,,5.2,69.45
Wyoming,womens-soccer,"NCAA D1","Mountain West",Cowboys,1,"Cowboy Joe (live horse) / Pistol Pete",#492F24,#FFC425,https://upload.wikimedia.org/wikipedia/commons/1/18/University_of_Wyoming_logo.svg?utm_source=commons.wikimedia.org&utm_campaign=imageinfo&utm_content=original,"wikipedia:University of Wyoming",,,,,,69.41
Xavier,womens-soccer,"NCAA D1","Big East",Musketeers,1,"D'Artagnan the Musketeer<br />The Blue Blob",,,https://upload.wikimedia.org/wikipedia/en/a/a6/Xavier_University_Shield_banner.svg?utm_source=en.wikipedia.org&utm_campaign=imageinfo&utm_content=original,"wikipedia:Xavier University",,1,"Big East","wikipedia:2025 NCAA Division I women's soccer tournament",8.0,88.59
"Xavier University of Louisiana",womens-soccer,NAIA,"Red River Athletic Conference","Gold Nuggets",1,,#ffc530,,https://upload.wikimedia.org/wikipedia/commons/f/fa/Xavier_univ_louisiana_simplelogo.png?utm_source=commons.wikimedia.org&utm_campaign=imageinfo&utm_content=original,"wikipedia:Xavier University of Louisiana",,1,RRAC,agent-research:2025-womens-soccer,,56.94
Yale,womens-soccer,"NCAA D1","Ivy League",Bulldogs,1,"Handsome Dan",#00356B,,,"wikipedia:Yale University",,,,,10.0,68.28
"Yeshiva University",womens-soccer,"NCAA D3","Skyline Conference",Maccabees,1,"The Maccabee",,,https://upload.wikimedia.org/wikipedia/commons/3/3b/Yeshiva_univ_logo.png?utm_source=commons.wikimedia.org&utm_campaign=imageinfo&utm_content=original,"wikipedia:Yeshiva University",,,,,8.8,26.72
"York College of Pennsylvania",womens-soccer,"NCAA D3","Middle Atlantic Conference (Commonwealth)",Spartans,1,,#006027,#FFFFFF,https://upload.wikimedia.org/wikipedia/commons/3/3b/York_college_penn_logo.png?utm_source=commons.wikimedia.org&utm_campaign=imageinfo&utm_content=original,"wikipedia:York College of Pennsylvania",,,,,,49.0
"York University (Nebraska)",womens-soccer,NAIA,"Kansas Collegiate Athletic Conference",Panthers,1,,,,https://upload.wikimedia.org/wikipedia/commons/7/73/York_univ_nebraska_logo.png?utm_source=commons.wikimedia.org&utm_campaign=imageinfo&utm_content=original,"wikipedia:York University (Nebraska)",,,,,,42.11
"Young Harris",womens-soccer,"NCAA D2","Conference Carolinas","Mountain Lions",1,,,,https://upload.wikimedia.org/wikipedia/commons/5/5e/Young_harris_college_logo.png?utm_source=commons.wikimedia.org&utm_campaign=imageinfo&utm_content=original,"wikipedia:Young Harris College",,,,,5.4,59.31
"Youngstown State",womens-soccer,"NCAA D1",Horizon,Penguins,1,"Pete the Penguin",#a71930,,https://upload.wikimedia.org/wikipedia/commons/3/3b/YSUWordmarkNew.svg?utm_source=commons.wikimedia.org&utm_campaign=imageinfo&utm_content=original,"wikipedia:Youngstown State University",,,,,,69.26
